{
"type": "FeatureCollection",
"name": "2_water_utm",
"crs": { "type": "name", "properties": { "name": "urn:ogc:def:crs:EPSG::32645" } },
"features": [
{ "type": "Feature", "properties": { "t": "river" }, "geometry": { "type": "MultiPolygon", "coordinates": [ [ [ [ 366862.781416882411577, 2998953.371538038365543 ], [ 366414.587105862796307, 2999689.392935620155185 ], [ 366501.163075114483945, 2999796.491756652481854 ], [ 366862.781416882411577, 2998953.371538038365543 ] ] ], [ [ [ 367178.146805627271533, 3000634.036117217037827 ], [ 367063.455158157739788, 3001034.109667214099318 ], [ 367197.499114461359568, 3000589.513131111860275 ], [ 366661.777529810206033, 2999995.186159679666162 ], [ 367178.146805627271533, 3000634.036117217037827 ] ] ] ] } },
{ "type": "Feature", "properties": { "t": "river" }, "geometry": { "type": "Polygon", "coordinates": [ [ [ 375369.417202297830954, 2999928.960991567000747 ], [ 375130.068744984338991, 2999787.333551863674074 ], [ 375310.051842883229256, 2999940.633834425825626 ], [ 375369.417202297830954, 2999928.960991567000747 ] ] ] } },
{ "type": "Feature", "properties": { "t": "river" }, "geometry": { "type": "Polygon", "coordinates": [ [ [ 367024.829492458957247, 2999272.936468144878745 ], [ 366884.975556357880123, 2999174.717359280679375 ], [ 366997.217452027020045, 2999472.655758921056986 ], [ 367024.829492458957247, 2999272.936468144878745 ] ] ] } },
{ "type": "Feature", "properties": { "t": "river" }, "geometry": { "type": "MultiPolygon", "coordinates": [ [ [ [ 375143.678155463072471, 2999166.785191620700061 ], [ 375183.442388666735496, 2999177.465612704865634 ], [ 375127.678697659401223, 2999186.941358976997435 ], [ 375154.035416858503595, 2999210.996541715227067 ], [ 375274.307841265108436, 2999162.164326708763838 ], [ 374913.892662237398326, 2998991.829041706398129 ], [ 375122.906276724825148, 2999182.585693650878966 ], [ 375143.678155463072471, 2999166.785191620700061 ] ] ], [ [ [ 375206.153604855411686, 2999465.286428509280086 ], [ 375441.852741160662845, 2999241.352550982031971 ], [ 375309.063963137799874, 2999178.591154344379902 ], [ 375206.153604855411686, 2999465.286428509280086 ] ] ] ] } },
{ "type": "Feature", "properties": { "t": "river" }, "geometry": { "type": "Polygon", "coordinates": [ [ [ 373396.579655876033939, 2997976.818538239225745 ], [ 373247.977464993542526, 2997989.407333741895854 ], [ 373567.145324258541223, 2998174.506585380993783 ], [ 373396.579655876033939, 2997976.818538239225745 ] ] ] } },
{ "type": "Feature", "properties": { "t": "river" }, "geometry": { "type": "Polygon", "coordinates": [ [ [ 374099.71269536181353, 2997892.146359742619097 ], [ 374537.505276538198814, 2998042.836111586075276 ], [ 374089.462706773541868, 2997859.0134510807693 ], [ 373963.599422900180798, 2998159.413172238972038 ], [ 374099.71269536181353, 2997892.146359742619097 ] ] ] } },
{ "type": "Feature", "properties": { "t": "river" }, "geometry": { "type": "Polygon", "coordinates": [ [ [ 363775.469291658315342, 2993159.053088250104338 ], [ 363865.339098942931741, 2993213.469270221423358 ], [ 363815.02234073728323, 2993147.542579660192132 ], [ 363775.469291658315342, 2993159.053088250104338 ] ] ] } },
{ "type": "Feature", "properties": { "t": "lake" }, "geometry": { "type": "Polygon", "coordinates": [ [ [ 364035.189687350939494, 2992413.91788574308157 ], [ 364133.898236107721459, 2992368.527413344010711 ], [ 364000.127531707228627, 2991926.815699766855687 ], [ 364035.189687350939494, 2992413.91788574308157 ] ] ] } },
{ "type": "Feature", "properties": { "t": "river" }, "geometry": { "type": "Polygon", "coordinates": [ [ [ 365159.86236442963127, 2991836.694364195689559 ], [ 365110.14547922462225, 2991826.151777611114085 ], [ 365130.582195554976352, 2991881.326804904732853 ], [ 365159.86236442963127, 2991836.694364195689559 ] ] ] } },
{ "type": "Feature", "properties": { "t": "river" }, "geometry": { "type": "MultiPolygon", "coordinates": [ [ [ [ 363353.044148227199912, 2988997.891345966141671 ], [ 363652.749779131263494, 2989182.966985810082406 ], [ 363789.210289195878431, 2989868.387605009134859 ], [ 364384.164787909016013, 2990748.252582682762295 ], [ 364742.256087986170314, 2990833.006381647661328 ], [ 364877.6093267792603, 2991198.384676599409431 ], [ 364922.193270535790361, 2991220.412775536067784 ], [ 364823.551414526242297, 2990902.528607247862965 ], [ 364697.937665699340869, 2990786.479712640866637 ], [ 364582.211812655848917, 2990712.868499102070928 ], [ 364576.903182394336909, 2990674.664548597764224 ], [ 364536.19392136821989, 2990637.056848631240427 ], [ 364542.170252877753228, 2990680.064873982686549 ], [ 364612.692702336295042, 2990779.013154578395188 ], [ 364523.169730547582731, 2990757.824665362946689 ], [ 364303.479411497944966, 2990627.257506404072046 ], [ 364319.354676755960099, 2990436.744070383254439 ], [ 364060.691644225560594, 2990197.808102556038648 ], [ 363724.252667419670615, 2989370.533377159386873 ], [ 364059.633618618885521, 2989070.527680231723934 ], [ 363951.617946004378609, 2989059.421201741322875 ], [ 363850.458723627845757, 2989114.338860995136201 ], [ 363888.789571548404638, 2989052.961446304339916 ], [ 363353.044148227199912, 2988997.891345966141671 ] ], [ [ 363928.707881305308547, 2989922.264834983740002 ], [ 363939.834124750224873, 2990032.935259980615228 ], [ 363798.648797861882485, 2989823.9682039283216 ], [ 363787.038658622885123, 2989668.986527405679226 ], [ 363928.707881305308547, 2989922.264834983740002 ] ] ], [ [ [ 364854.939262495492585, 2989325.029296461492777 ], [ 365073.330930246855132, 2989333.750865611247718 ], [ 364644.550787434447557, 2989138.959261402022094 ], [ 365399.427543952187989, 2989208.368006414733827 ], [ 364195.361104144598357, 2989084.484911789186299 ], [ 364854.939262495492585, 2989325.029296461492777 ] ] ], [ [ [ 365255.95168588089291, 2991547.601048436481506 ], [ 365163.089423860423267, 2991216.229191540274769 ], [ 364827.211225431412458, 2990905.909791962243617 ], [ 365255.95168588089291, 2991547.601048436481506 ] ] ], [ [ [ 365110.14547922462225, 2991826.151777611114085 ], [ 364935.409199304762296, 2991263.003716215025634 ], [ 364878.517713093489874, 2991200.836884333752096 ], [ 365110.14547922462225, 2991826.151777611114085 ] ] ] ] } },
{ "type": "Feature", "properties": { "t": "river" }, "geometry": { "type": "Polygon", "coordinates": [ [ [ 351983.062656374531798, 2998378.86716505466029 ], [ 352390.693070931709372, 2997631.685117707587779 ], [ 351071.847894352627918, 2999298.272700753994286 ], [ 351983.062656374531798, 2998378.86716505466029 ] ] ] } },
{ "type": "Feature", "properties": { "t": "river" }, "geometry": { "type": "Polygon", "coordinates": [ [ [ 353162.001705041155219, 2996603.238912279717624 ], [ 352710.178319054655731, 2996974.19886947190389 ], [ 352370.075517790857702, 2997565.450259089004248 ], [ 353162.001705041155219, 2996603.238912279717624 ] ] ] } },
{ "type": "Feature", "properties": { "t": "river" }, "geometry": { "type": "Polygon", "coordinates": [ [ [ 353936.55273949005641, 2995840.724240071605891 ], [ 353925.987639177707024, 2995785.44932293985039 ], [ 353161.740895452792756, 2996581.08244467061013 ], [ 353936.55273949005641, 2995840.724240071605891 ] ] ] } },
{ "type": "Feature", "properties": { "t": "river" }, "geometry": { "type": "Polygon", "coordinates": [ [ [ 354968.403543711756356, 2995019.873064097482711 ], [ 355152.975450515630655, 2994685.34051659796387 ], [ 353925.85795398754999, 2995774.371122728101909 ], [ 354968.403543711756356, 2995019.873064097482711 ] ] ] } },
{ "type": "Feature", "properties": { "t": "river" }, "geometry": { "type": "Polygon", "coordinates": [ [ [ 356647.849999728496186, 2992707.004143305122852 ], [ 357171.406897623324767, 2992512.655847513116896 ], [ 358165.589123484853189, 2992700.760414212942123 ], [ 357329.608016611717176, 2992466.530319426208735 ], [ 356617.584247841616161, 2992663.033311639912426 ], [ 355152.975450515630655, 2994685.34051659796387 ], [ 356647.849999728496186, 2992707.004143305122852 ] ] ] } },
{ "type": "Feature", "properties": { "t": "lake" }, "geometry": { "type": "Polygon", "coordinates": [ [ [ 359176.025969211303163, 2993453.80964883742854 ], [ 359154.065489432890899, 2993265.70706096617505 ], [ 359006.7881746350904, 2993400.321879095863551 ], [ 359176.025969211303163, 2993453.80964883742854 ] ] ] } },
{ "type": "Feature", "properties": { "t": "river" }, "geometry": { "type": "Polygon", "coordinates": [ [ [ 358920.809524866752326, 2992814.082854060921818 ], [ 359255.805425755446777, 2992610.874794933944941 ], [ 358483.373880474711768, 2992730.394958292134106 ], [ 358920.809524866752326, 2992814.082854060921818 ] ] ] } },
{ "type": "Feature", "properties": { "t": "river" }, "geometry": { "type": "Polygon", "coordinates": [ [ [ 358483.373880474711768, 2992730.394958292134106 ], [ 358274.446906930301338, 2992677.366099796723574 ], [ 358434.155587487330195, 2992764.190942776855081 ], [ 358483.373880474711768, 2992730.394958292134106 ] ] ] } },
{ "type": "Feature", "properties": { "t": "river" }, "geometry": { "type": "Polygon", "coordinates": [ [ [ 359560.182735996204428, 2992330.464746500831097 ], [ 359604.800513572408818, 2991886.787940023466945 ], [ 359255.805425755446777, 2992610.874794933944941 ], [ 359560.182735996204428, 2992330.464746500831097 ] ] ] } },
{ "type": "Feature", "properties": { "t": "river" }, "geometry": { "type": "Polygon", "coordinates": [ [ [ 358692.723491327778902, 2992519.162651492282748 ], [ 358881.919320397078991, 2992005.724150728434324 ], [ 358502.333542954060249, 2992652.624074831604958 ], [ 358660.536835566279478, 2992606.515523064881563 ], [ 358687.451412113499828, 2992533.470696062315255 ], [ 358610.941478337801527, 2992607.076697878073901 ], [ 358630.403565075190272, 2992573.618142777122557 ], [ 358692.723491327778902, 2992519.162651492282748 ] ] ] } },
{ "type": "Feature", "properties": { "t": "river" }, "geometry": { "type": "Polygon", "coordinates": [ [ [ 357826.703664794447832, 2992560.579189920797944 ], [ 357942.332570906728506, 2992260.11823129048571 ], [ 357796.820165052602533, 2992549.839808895718306 ], [ 357826.703664794447832, 2992560.579189920797944 ] ] ] } },
{ "type": "Feature", "properties": { "t": "river" }, "geometry": { "type": "Polygon", "coordinates": [ [ [ 357990.418623986828607, 2992126.618062077090144 ], [ 357970.579673251544591, 2992126.843539221677929 ], [ 357912.574457389942836, 2992260.456587299704552 ], [ 357990.418623986828607, 2992126.618062077090144 ] ] ] } },
{ "type": "Feature", "properties": { "t": "river" }, "geometry": { "type": "Polygon", "coordinates": [ [ [ 357990.418623986828607, 2992126.618062077090144 ], [ 358087.223065196652897, 2991915.008613279089332 ], [ 357970.579673251544591, 2992126.843539221677929 ], [ 357990.418623986828607, 2992126.618062077090144 ] ] ] } },
{ "type": "Feature", "properties": { "t": "river" }, "geometry": { "type": "Polygon", "coordinates": [ [ [ 360646.358140543452464, 2991875.130099602043629 ], [ 360647.22286384209292, 2991952.675779305398464 ], [ 360747.282195980427787, 2992029.115686900448054 ], [ 360646.358140543452464, 2991875.130099602043629 ] ] ] } },
{ "type": "Feature", "properties": { "t": "river" }, "geometry": { "type": "Polygon", "coordinates": [ [ [ 358087.097264402429573, 2991903.930586553644389 ], [ 358270.671166396990884, 2991469.74901515385136 ], [ 358067.257966794131789, 2991904.155894697643816 ], [ 358087.097264402429573, 2991903.930586553644389 ] ] ] } },
{ "type": "Feature", "properties": { "t": "river" }, "geometry": { "type": "MultiPolygon", "coordinates": [ [ [ [ 355280.466866580070928, 2987703.724673784337938 ], [ 355460.489407265093178, 2987823.519397207070142 ], [ 355259.669124721607659, 2987795.31740206014365 ], [ 355302.490126895951107, 2987891.822108343243599 ], [ 355998.310715444793459, 2988014.823833219707012 ], [ 355967.580785140919033, 2987906.309960085432976 ], [ 355180.21074025874259, 2987616.247899552807212 ], [ 355250.085292044503149, 2987773.718747348058969 ], [ 355280.466866580070928, 2987703.724673784337938 ] ] ], [ [ [ 356076.492828551214188, 2988747.099206572864205 ], [ 357017.410633801249787, 2989456.476914763916284 ], [ 357532.246964638354257, 2990226.164276476018131 ], [ 357006.982462050626054, 2989412.278232511132956 ], [ 356386.751966046518646, 2988976.203641619067639 ], [ 357383.626593128836248, 2989374.740056680515409 ], [ 357824.063997838529758, 2990482.564836845733225 ], [ 357948.356436308124103, 2990411.304817530326545 ], [ 357600.485239744069986, 2989524.876148071140051 ], [ 357614.725523726490792, 2989626.934634955599904 ], [ 357473.67903513123747, 2989440.190389846451581 ], [ 357554.02486111066537, 2989406.497485777828842 ], [ 357532.199433051631786, 2989350.888182137627155 ], [ 356236.521253947343212, 2988856.054492929950356 ], [ 356013.303221819165628, 2988067.766169757116586 ], [ 356076.492828551214188, 2988747.099206572864205 ] ] ], [ [ [ 357830.746490413730498, 2990499.374703165143728 ], [ 358282.475318267359398, 2991635.806778219994158 ], [ 358476.106016098172404, 2991212.594379965681583 ], [ 358831.070188469486311, 2991895.504282173234969 ], [ 358716.068564898567274, 2991376.071133265271783 ], [ 358919.721541312290356, 2991839.106091978959739 ], [ 358885.709861233597621, 2991462.79006386641413 ], [ 358155.517551904311404, 2990939.242107594851404 ], [ 358029.125801446556579, 2990617.135283233597875 ], [ 357830.746490413730498, 2990499.374703165143728 ] ] ] ] } },
{ "type": "Feature", "properties": { "t": "river" }, "geometry": { "type": "Polygon", "coordinates": [ [ [ 360012.24279228184605, 2991062.344900600612164 ], [ 359227.611809253226966, 2990107.249885854311287 ], [ 359942.056354056345299, 2990996.654944328125566 ], [ 359604.800513572408818, 2991886.787940023466945 ], [ 360012.24279228184605, 2991062.344900600612164 ] ] ] } },
{ "type": "Feature", "properties": { "t": "river" }, "geometry": { "type": "MultiPolygon", "coordinates": [ [ [ [ 360163.450828174129128, 2989205.680802929680794 ], [ 360188.356722334516235, 2989066.095221041236073 ], [ 359925.800316509383265, 2988659.097269085235894 ], [ 359868.970394032658078, 2988634.112659547477961 ], [ 360163.450828174129128, 2989205.680802929680794 ] ] ], [ [ [ 360522.845939583843574, 2989570.42104267468676 ], [ 360521.335316946147941, 2989560.946944686584175 ], [ 360441.667277451953851, 2989535.245238965377212 ], [ 360522.845939583843574, 2989570.42104267468676 ] ] ], [ [ [ 360618.478019430185668, 2991154.277540334034711 ], [ 360734.69266760465689, 2990899.165251008700579 ], [ 360606.682631877309177, 2990096.233792087063193 ], [ 360618.478019430185668, 2991154.277540334034711 ] ] ] ] } },
{ "type": "Feature", "properties": { "t": "river" }, "geometry": { "type": "MultiPolygon", "coordinates": [ [ [ [ 361047.331292926624883, 2987782.410268208943307 ], [ 361059.916738659900147, 2987794.037489157635719 ], [ 361584.546208523679525, 2988134.508882484864444 ], [ 361716.810562574595679, 2988196.006585146766156 ], [ 361656.998368062311783, 2988181.531648691277951 ], [ 361747.067480128956959, 2988239.989195450209081 ], [ 361966.745262592216022, 2988526.087150776293129 ], [ 361856.458765601739287, 2988260.939631483051926 ], [ 361006.901949984836392, 2987716.38363090576604 ], [ 360963.519269389042165, 2987384.487866007257253 ], [ 360857.443156244349666, 2987662.64784680120647 ], [ 361035.374717136612162, 2987778.111306038685143 ], [ 361047.331292926624883, 2987782.410268208943307 ] ] ], [ [ [ 362156.815910812816583, 2988773.639347878284752 ], [ 363343.243377309059724, 2989009.077557604759932 ], [ 362115.545889141678344, 2988719.887324110139161 ], [ 362156.815910812816583, 2988773.639347878284752 ] ] ], [ [ [ 362741.361315760412253, 2990495.713545664213598 ], [ 362820.225233707169537, 2990178.116889793425798 ], [ 362523.742044594371691, 2989647.311068362090737 ], [ 362741.361315760412253, 2990495.713545664213598 ] ] ], [ [ [ 362765.19867459917441, 2990588.651364986319095 ], [ 363373.619328203669284, 2990881.126129666808993 ], [ 362750.509241011692211, 2990531.379605980589986 ], [ 362765.19867459917441, 2990588.651364986319095 ] ] ] ] } },
{ "type": "Feature", "properties": { "t": "river" }, "geometry": { "type": "Polygon", "coordinates": [ [ [ 358211.27147704618983, 2988855.67876300541684 ], [ 357725.467995022889227, 2988894.431846946012229 ], [ 357003.788627088302746, 2987395.853652180172503 ], [ 357725.719942324096337, 2988916.587839130312204 ], [ 358191.552909264224581, 2988866.981644342187792 ], [ 359227.861214342759922, 2990129.405825402121991 ], [ 358211.27147704618983, 2988855.67876300541684 ] ] ] } },
{ "type": "Feature", "properties": { "t": "river" }, "geometry": { "type": "Polygon", "coordinates": [ [ [ 359197.197244493640028, 2987404.229694018606097 ], [ 358865.679582010547165, 2987928.692466844338924 ], [ 358881.574743261560798, 2987946.54940522974357 ], [ 359197.197244493640028, 2987404.229694018606097 ] ] ] } },
{ "type": "Feature", "properties": { "t": "river" }, "geometry": { "type": "Polygon", "coordinates": [ [ [ 354710.736589786363766, 2987355.778740798588842 ], [ 354392.930743170785718, 2987337.311901734210551 ], [ 355071.953876219457015, 2987695.057587943505496 ], [ 354710.736589786363766, 2987355.778740798588842 ] ] ] } },
{ "type": "Feature", "properties": { "t": "river" }, "geometry": { "type": "Polygon", "coordinates": [ [ [ 359197.820237804553472, 2987459.619363811332732 ], [ 359334.877014516212512, 2987291.888641386758536 ], [ 359197.197244493640028, 2987404.229694018606097 ], [ 359197.820237804553472, 2987459.619363811332732 ] ] ] } },
{ "type": "Feature", "properties": { "t": "river" }, "geometry": { "type": "Polygon", "coordinates": [ [ [ 371720.18934343860019, 3005605.20620092516765 ], [ 371740.806085119664203, 3005682.546619690489024 ], [ 371790.690051348647103, 3005715.269052783492953 ], [ 371720.18934343860019, 3005605.20620092516765 ] ] ] } },
{ "type": "Feature", "properties": { "t": "river" }, "geometry": { "type": "Polygon", "coordinates": [ [ [ 371840.002644594758749, 3005692.602463450282812 ], [ 371858.905484594462905, 3005603.775428127963096 ], [ 371790.461521885008551, 3005693.113365211524069 ], [ 371840.002644594758749, 3005692.602463450282812 ] ] ] } },
{ "type": "Feature", "properties": { "t": "river" }, "geometry": { "type": "MultiPolygon", "coordinates": [ [ [ [ 369194.849467392195947, 3004811.668540659360588 ], [ 369358.515425592311658, 3005297.429207649081945 ], [ 369436.782546941540204, 3005249.184867339208722 ], [ 369204.758477277413476, 3004811.564303370192647 ], [ 369273.917723096907139, 3004791.448544264771044 ], [ 369194.849467392195947, 3004811.668540659360588 ] ] ], [ [ [ 369520.916712617967278, 3004719.609763918444514 ], [ 369495.132811868563294, 3004712.428986192215234 ], [ 369505.333102432545274, 3004724.142030546441674 ], [ 369520.916712617967278, 3004719.609763918444514 ] ] ], [ [ [ 369437.922284559579566, 3004365.94940094044432 ], [ 368899.196715031168424, 3004028.163869332056493 ], [ 369332.08476411527954, 3004525.204112173523754 ], [ 369437.922284559579566, 3004365.94940094044432 ] ] ], [ [ [ 369614.512863074545749, 3005139.634084695018828 ], [ 369921.071387398522347, 3005345.393171581439674 ], [ 369584.20563554338878, 3005084.556407424621284 ], [ 369527.240295848285314, 3005193.427251859102398 ], [ 369614.512863074545749, 3005139.634084695018828 ] ] ], [ [ [ 370658.496033318224363, 3005400.479677109047771 ], [ 370576.696992524084635, 3005229.292099566664547 ], [ 370333.374170508934185, 3005483.253435187507421 ], [ 370658.496033318224363, 3005400.479677109047771 ] ] ], [ [ [ 371232.139366399962455, 3005430.695521418005228 ], [ 371251.630776240897831, 3005333.074476595968008 ], [ 371206.360143789206631, 3005347.39221098087728 ], [ 371232.139366399962455, 3005430.695521418005228 ] ] ], [ [ [ 371263.60432305757422, 3005532.373228052165359 ], [ 371710.28104592114687, 3005605.308458249550313 ], [ 371262.882312369416468, 3005530.040062581654638 ], [ 371263.60432305757422, 3005532.373228052165359 ] ] ] ] } },
{ "type": "Feature", "properties": { "t": "river" }, "geometry": { "type": "Polygon", "coordinates": [ [ [ 371838.175171871087514, 3005515.357004969846457 ], [ 371798.313210968801286, 3005493.61001250334084 ], [ 371839.088895753608085, 3005603.979729413986206 ], [ 371838.175171871087514, 3005515.357004969846457 ] ] ] } },
{ "type": "Feature", "properties": { "t": "river" }, "geometry": { "type": "Polygon", "coordinates": [ [ [ 371786.691011036455166, 3005327.544606837444007 ], [ 371529.75639417336788, 3005396.671335330698639 ], [ 371788.747600649599917, 3005526.945727533660829 ], [ 371786.691011036455166, 3005327.544606837444007 ] ] ] } },
{ "type": "Feature", "properties": { "t": "river" }, "geometry": { "type": "Polygon", "coordinates": [ [ [ 372015.157079939963296, 3005380.58545486908406 ], [ 371836.119384391407948, 3005315.955910049378872 ], [ 371965.614740970544517, 3005381.095609563868493 ], [ 372015.157079939963296, 3005380.58545486908406 ] ] ] } },
{ "type": "Feature", "properties": { "t": "river" }, "geometry": { "type": "Polygon", "coordinates": [ [ [ 372292.71768380200956, 3004424.937960551120341 ], [ 371811.480274734320119, 3003887.018273586872965 ], [ 372134.056229028967209, 3004415.489315459039062 ], [ 372292.71768380200956, 3004424.937960551120341 ] ], [ [ 372163.670051342109218, 3004404.105876059271395 ], [ 372173.351561254588887, 3004381.848386052064598 ], [ 372203.42085251561366, 3004414.776305574458092 ], [ 372163.670051342109218, 3004404.105876059271395 ] ] ] } },
{ "type": "Feature", "properties": { "t": "river" }, "geometry": { "type": "MultiPolygon", "coordinates": [ [ [ [ 367671.706624830025248, 3003232.382819137070328 ], [ 367730.144617697224021, 3003206.355389749631286 ], [ 367724.841076297918335, 3003122.558356978464872 ], [ 367671.706624830025248, 3003232.382819137070328 ] ] ], [ [ [ 368053.392561248503625, 3002774.083997925277799 ], [ 367956.797943188925274, 3002643.150082022882998 ], [ 367797.888039363198914, 3002971.580184819642454 ], [ 368053.392561248503625, 3002774.083997925277799 ] ] ], [ [ [ 367984.216453678731341, 3003727.625155915971845 ], [ 367994.359738125349395, 3003724.724092855583876 ], [ 368046.888703863020055, 3003095.44828771147877 ], [ 367977.798638245731127, 3003122.840402045287192 ], [ 367984.216453678731341, 3003727.625155915971845 ] ] ], [ [ [ 368829.595548048033379, 3004006.739429835230112 ], [ 368616.812405846780166, 3003565.81980778509751 ], [ 368556.938108586939052, 3003581.366518284659833 ], [ 368829.595548048033379, 3004006.739429835230112 ] ] ] ] } },
{ "type": "Feature", "properties": { "t": "river" }, "geometry": { "type": "MultiPolygon", "coordinates": [ [ [ [ 369672.375840293942019, 3002732.22513975482434 ], [ 369656.24942700448446, 3002502.373116650152951 ], [ 369306.11292890959885, 3002195.830808145925403 ], [ 369291.468866173643619, 3002195.572885224130005 ], [ 369672.375840293942019, 3002732.22513975482434 ] ] ], [ [ [ 369675.10388888604939, 3002835.029514344874769 ], [ 369679.551419417548459, 3002834.501236373092979 ], [ 369679.456697294488549, 3002833.151121791452169 ], [ 369675.10388888604939, 3002835.029514344874769 ] ] ], [ [ [ 369413.128517151868436, 3002948.085163552779704 ], [ 369860.490607341111172, 3003076.347093875519931 ], [ 369941.143405068607535, 3003266.656706037931144 ], [ 369979.530809217132628, 3003086.181651872582734 ], [ 369492.984380844456609, 3002913.622497692704201 ], [ 369413.128517151868436, 3002948.085163552779704 ] ], [ [ 369581.722887420502957, 3002957.396036931779236 ], [ 369581.838996960024815, 3002968.473900290206075 ], [ 369542.197129867621697, 3002968.889459349680692 ], [ 369581.722887420502957, 3002957.396036931779236 ] ] ], [ [ [ 370094.212757015542593, 3003627.857876834459603 ], [ 370127.846105495991651, 3003579.633241774979979 ], [ 370043.264602961658966, 3003507.632005823310465 ], [ 370094.212757015542593, 3003627.857876834459603 ] ] ], [ [ [ 370631.310566964093596, 3002857.807112498674542 ], [ 370915.397957412933465, 3003012.732889366801828 ], [ 370940.03030080802273, 3002998.62859566975385 ], [ 370927.857764058047906, 3003019.528022314887494 ], [ 371209.445660247874912, 3003173.101225891150534 ], [ 371173.642599874699954, 3003431.547748899552971 ], [ 371308.433584154583514, 3003160.997960573993623 ], [ 370640.645284903235734, 3002802.314912526402622 ], [ 370626.44887718919199, 3002827.915307000745088 ], [ 370650.901303952152375, 3002835.445391632150859 ], [ 370622.10717145743547, 3002835.744734493084252 ], [ 370526.743254180648364, 3003007.7181770442985 ], [ 370631.310566964093596, 3002857.807112498674542 ] ] ], [ [ [ 371163.335993069049437, 3003505.949066448491067 ], [ 371772.298423187923618, 3003931.738121604546905 ], [ 371522.612476927810349, 3003745.971548948902637 ], [ 371430.200818517652806, 3003351.920516525395215 ], [ 371168.880309931351803, 3003465.92562346579507 ], [ 371163.335993069049437, 3003505.949066448491067 ] ] ], [ [ [ 371751.42632243828848, 3002868.370249148458242 ], [ 371621.447232362057548, 3002758.920687278732657 ], [ 371547.232312063453719, 3002770.76553897280246 ], [ 371601.740397012676112, 3002770.202996533829719 ], [ 371552.301939707132988, 3002781.792198427021503 ], [ 371542.505743127025198, 3002792.972310799174011 ], [ 371542.284654971212149, 3002771.555211689788848 ], [ 371324.588270297099371, 3002806.302783443592489 ], [ 371345.317755209689494, 3002904.261847975198179 ], [ 371751.42632243828848, 3002868.370249148458242 ] ] ] ] } },
{ "type": "Feature", "properties": { "t": "river" }, "geometry": { "type": "Polygon", "coordinates": [ [ [ 372629.558021165546961, 3003446.53499916382134 ], [ 372405.971696887223516, 3002905.957195827271789 ], [ 372257.328079750295728, 3002921.578207336831838 ], [ 372629.558021165546961, 3003446.53499916382134 ] ] ] } },
{ "type": "Feature", "properties": { "t": "river" }, "geometry": { "type": "Polygon", "coordinates": [ [ [ 367410.140322867548093, 3001938.904290898237377 ], [ 367605.304229670902714, 3001648.769075717311352 ], [ 367369.904744758852758, 3001883.93709939904511 ], [ 367571.668487026065122, 3002214.163780213333666 ], [ 367410.140322867548093, 3001938.904290898237377 ] ] ] } },
{ "type": "Feature", "properties": { "t": "river" }, "geometry": { "type": "Polygon", "coordinates": [ [ [ 375437.154032950522378, 3001745.205452409107238 ], [ 375487.375124971615151, 3001811.175863329786807 ], [ 375554.206619299948215, 3001555.695182030554861 ], [ 375437.154032950522378, 3001745.205452409107238 ] ] ] } },
{ "type": "Feature", "properties": { "t": "river" }, "geometry": { "type": "Polygon", "coordinates": [ [ [ 367683.890446312027052, 3001581.458713560830802 ], [ 367622.88942822383251, 3001438.078265429008752 ], [ 367614.626814667193685, 3001593.274189876392484 ], [ 367683.890446312027052, 3001581.458713560830802 ] ] ] } },
{ "type": "Feature", "properties": { "t": "river" }, "geometry": { "type": "Polygon", "coordinates": [ [ [ 367036.084761280391831, 3001255.985269069671631 ], [ 367593.154182829079218, 3001438.394455523230135 ], [ 367041.027854787069373, 3001229.657987698912621 ], [ 367036.084761280391831, 3001255.985269069671631 ] ] ] } },
{ "type": "Feature", "properties": { "t": "river" }, "geometry": { "type": "Polygon", "coordinates": [ [ [ 351537.430393400543835, 3006738.441210933495313 ], [ 351249.035058585810475, 3006653.25028052739799 ], [ 351540.385213348490652, 3006739.551377601921558 ], [ 351646.352702788077295, 3006621.94996774662286 ], [ 351626.849493051762693, 3006564.741274593863636 ], [ 351537.430393400543835, 3006738.441210933495313 ] ] ] } },
{ "type": "Feature", "properties": { "t": "river" }, "geometry": { "type": "MultiPolygon", "coordinates": [ [ [ [ 351598.141378279775381, 3005777.558453923556954 ], [ 351741.276075055357069, 3005657.610372305847704 ], [ 351750.275400033104233, 3005627.146914344746619 ], [ 351733.607096063962672, 3005578.107793864328414 ], [ 351368.036796938686166, 3005831.906023765914142 ], [ 351598.141378279775381, 3005777.558453923556954 ] ] ], [ [ [ 351275.432278593245428, 3005369.953885395545512 ], [ 351215.790785298566334, 3005377.104406619444489 ], [ 351730.319748059264384, 3005568.436268409714103 ], [ 351677.661060870799702, 3005413.514009088277817 ], [ 351275.432278593245428, 3005369.953885395545512 ] ] ] ] } },
{ "type": "Feature", "properties": { "t": "river" }, "geometry": { "type": "MultiPolygon", "coordinates": [ [ [ [ 377308.789804543659557, 2958897.474019456654787 ], [ 377281.14801327791065, 2958838.555074060801417 ], [ 376736.828479036106728, 2959401.546500730793923 ], [ 377308.789804543659557, 2958897.474019456654787 ] ] ], [ [ [ 376760.325979512184858, 2957728.521640098188072 ], [ 376913.003732249722816, 2957062.351034344639629 ], [ 376343.132983128307387, 2955749.606605448294431 ], [ 375450.503943528048694, 2955016.112596624530852 ], [ 376283.014894246880431, 2955705.880912754684687 ], [ 376852.032239306368865, 2956930.006516384426504 ], [ 376719.894887038040906, 2957662.446504950989038 ], [ 376988.001876167836599, 2958213.744533561635762 ], [ 376760.325979512184858, 2957728.521640098188072 ] ] ] ] } },
{ "type": "Feature", "properties": { "t": "river" }, "geometry": { "type": "Polygon", "coordinates": [ [ [ 378840.543734144652262, 2958904.876208998728544 ], [ 379578.203435873379931, 2958033.753081100527197 ], [ 379581.829737466061488, 2957369.039228558074683 ], [ 379528.580294195213355, 2958045.303094939794391 ], [ 378820.547606523323338, 2958893.989581239409745 ], [ 378984.328469455125742, 2959379.856280985288322 ], [ 378840.543734144652262, 2958904.876208998728544 ] ] ] } },
{ "type": "Feature", "properties": { "t": "river" }, "geometry": { "type": "MultiPolygon", "coordinates": [ [ [ [ 384104.787806336884387, 2959221.152166395448148 ], [ 384264.914962428912986, 2959330.465138474479318 ], [ 384127.966942783503328, 2959190.052696741186082 ], [ 384104.787806336884387, 2959221.152166395448148 ] ] ], [ [ [ 384342.143276031303685, 2959074.969303127378225 ], [ 384305.020439553074539, 2958277.706029889173806 ], [ 384279.052566924423445, 2958238.514029229525477 ], [ 384320.937760690867435, 2958931.151466165203601 ], [ 384162.684125511033926, 2959143.473000081721693 ], [ 384342.143276031303685, 2959074.969303127378225 ] ] ], [ [ [ 383962.106765208009165, 2957760.186724217608571 ], [ 384137.280317763041239, 2957337.626296882051975 ], [ 384121.597693878866266, 2957322.927663126494735 ], [ 383931.86329610546818, 2957716.152622959110886 ], [ 383994.988430784491356, 2958092.219908997882158 ], [ 384215.594143630820327, 2958142.740632629953325 ], [ 383962.106765208009165, 2957760.186724217608571 ] ] ] ] } },
{ "type": "Feature", "properties": { "t": "river" }, "geometry": { "type": "MultiPolygon", "coordinates": [ [ [ [ 385874.399590643355623, 2954729.67004390899092 ], [ 384934.857213461131323, 2955347.43742857966572 ], [ 384992.644281177374069, 2955424.605857096612453 ], [ 385874.399590643355623, 2954729.67004390899092 ] ] ], [ [ [ 385045.185932620894164, 2956542.832792588043958 ], [ 385079.061770949803758, 2956571.640610551461577 ], [ 385126.974826792080421, 2955689.10470881825313 ], [ 385110.152446262247395, 2955669.744565308559686 ], [ 385045.185932620894164, 2956542.832792588043958 ] ] ], [ [ [ 385354.722651356074493, 2956931.919994205236435 ], [ 385346.093502291769255, 2956817.049775001592934 ], [ 385322.687061927397735, 2956800.951630344614387 ], [ 385354.722651356074493, 2956931.919994205236435 ] ] ], [ [ [ 385718.661549521842971, 2958419.956009332090616 ], [ 385867.04106083244551, 2958329.995534057728946 ], [ 385774.984666098083835, 2959150.579686170443892 ], [ 385995.263551131123677, 2959314.759962859097868 ], [ 385906.922042765188962, 2958340.713831671513617 ], [ 385575.299730252707377, 2957833.754348707851022 ], [ 385718.661549521842971, 2958419.956009332090616 ] ] ] ] } },
{ "type": "Feature", "properties": { "t": "river" }, "geometry": { "type": "Polygon", "coordinates": [ [ [ 379783.657593722688034, 2956624.897943033371121 ], [ 379592.19672197138425, 2955319.516339894849807 ], [ 379763.02848509181058, 2956700.953044968191534 ], [ 379783.657593722688034, 2956624.897943033371121 ] ] ] } },
{ "type": "Feature", "properties": { "t": "river" }, "geometry": { "type": "MultiPolygon", "coordinates": [ [ [ [ 381113.485852531041019, 2955227.611881476361305 ], [ 380205.193910389381927, 2954914.903035306371748 ], [ 381117.285326020442881, 2955232.854196548461914 ], [ 381113.485852531041019, 2955227.611881476361305 ] ] ], [ [ [ 381869.177228656364605, 2956250.788832988124341 ], [ 382513.704339461692143, 2956094.484282996505499 ], [ 382494.196758591453545, 2956067.731812581885606 ], [ 381851.133724955958314, 2956225.959225432481617 ], [ 381869.177228656364605, 2956250.788832988124341 ] ] ], [ [ [ 383048.447718670475297, 2956838.052689688745886 ], [ 383726.845575618441217, 2957053.364269617013633 ], [ 382927.45141408231575, 2956661.924836466088891 ], [ 382927.451414073409978, 2956661.924836455378681 ], [ 383048.447718670475297, 2956838.052689688745886 ] ] ] ] } },
{ "type": "Feature", "properties": { "t": "river" }, "geometry": { "type": "Polygon", "coordinates": [ [ [ 379568.668549734051339, 2955984.417470490094274 ], [ 379566.142256789375097, 2955718.570359683129936 ], [ 379547.931659529451281, 2955895.990831669885665 ], [ 379568.668549734051339, 2955984.417470490094274 ] ] ] } },
{ "type": "Feature", "properties": { "t": "river" }, "geometry": { "type": "Polygon", "coordinates": [ [ [ 379547.037933835526928, 2954754.969811204820871 ], [ 379499.507450323319063, 2954988.058444045484066 ], [ 379562.5637030605576, 2955341.953766445629299 ], [ 379547.037933835526928, 2954754.969811204820871 ] ] ] } },
{ "type": "Feature", "properties": { "t": "river" }, "geometry": { "type": "Polygon", "coordinates": [ [ [ 379547.037933835526928, 2954754.969811204820871 ], [ 379554.566114593762904, 2954500.105534394271672 ], [ 379467.030470099416561, 2954711.418356022797525 ], [ 379507.244810645119287, 2954755.347921325825155 ], [ 379547.037933835526928, 2954754.969811204820871 ] ] ] } },
{ "type": "Feature", "properties": { "t": "river" }, "geometry": { "type": "Polygon", "coordinates": [ [ [ 380227.086720323655754, 2954072.77453251555562 ], [ 380335.083032767171971, 2952864.264253970235586 ], [ 380322.014184502477292, 2952858.469671706203371 ], [ 380130.624299249029718, 2954154.388458969537169 ], [ 380227.086720323655754, 2954072.77453251555562 ] ] ] } },
{ "type": "Feature", "properties": { "t": "river" }, "geometry": { "type": "MultiPolygon", "coordinates": [ [ [ [ 385311.867796231876127, 2951932.088879744987935 ], [ 384619.644203253206797, 2950221.320416177622974 ], [ 385313.708368323801551, 2951955.045501600019634 ], [ 385311.867796231876127, 2951932.088879744987935 ] ] ], [ [ [ 385445.672817501181271, 2953526.066812273580581 ], [ 385674.588027301477268, 2953696.14746423298493 ], [ 385441.758524537144694, 2953476.92559505160898 ], [ 385445.672817501181271, 2953526.066812273580581 ] ] ], [ [ [ 385331.391354154562578, 2954092.062207296025008 ], [ 385483.738609304302372, 2954152.657444931566715 ], [ 385471.172371503489558, 2954146.18760507972911 ], [ 385796.48334616451757, 2953810.923286615405232 ], [ 385693.942987978691235, 2953714.371754081919789 ], [ 385331.391354154562578, 2954092.062207296025008 ] ] ], [ [ [ 385884.048619459033944, 2954696.350112214684486 ], [ 386020.93293368909508, 2954429.254362600389868 ], [ 385924.267354168754537, 2954379.479514066129923 ], [ 385884.048619459033944, 2954696.350112214684486 ] ] ] ] } },
{ "type": "Feature", "properties": { "t": "river" }, "geometry": { "type": "Polygon", "coordinates": [ [ [ 379347.792764686280861, 2951588.575294721405953 ], [ 379522.491821650706697, 2951121.644318243488669 ], [ 379219.592055352812167, 2951711.651475109625608 ], [ 379530.901452513295226, 2952007.796738403849304 ], [ 379347.792764686280861, 2951588.575294721405953 ] ] ] } },
{ "type": "Feature", "properties": { "t": "river" }, "geometry": { "type": "Polygon", "coordinates": [ [ [ 379745.283838267845567, 2950477.015058166813105 ], [ 379563.843660868238658, 2950235.020929416175932 ], [ 379715.638771693687886, 2950499.45155482320115 ], [ 379522.491821650706697, 2951121.644318243488669 ], [ 379745.283838267845567, 2950477.015058166813105 ] ] ] } },
{ "type": "Feature", "properties": { "t": "river" }, "geometry": { "type": "MultiPolygon", "coordinates": [ [ [ [ 379073.82073337136535, 2948943.563392444979399 ], [ 379132.261248810391407, 2949070.403055355884135 ], [ 379254.550808062194847, 2949108.013024059124291 ], [ 379180.932572500838432, 2949596.490475613158196 ], [ 379336.486726139555685, 2949350.947998654097319 ], [ 379127.225115406443365, 2948700.952798217069358 ], [ 378975.030679564923048, 2949022.049072634894401 ], [ 379021.416842465056106, 2949036.314225993584841 ], [ 379073.82073337136535, 2948943.563392444979399 ] ] ], [ [ [ 379376.261629567830823, 2948298.172734955325723 ], [ 379288.221155732986517, 2947412.779798514675349 ], [ 378926.817022935661953, 2947094.95777893345803 ], [ 378881.092793528689072, 2946475.033004126511514 ], [ 378298.628261143690906, 2945948.854426552075893 ], [ 378810.987134914845228, 2946431.389299314469099 ], [ 378886.999810651293956, 2947095.336924041621387 ], [ 379268.523417454678565, 2947435.122518417891115 ], [ 379365.362171603948809, 2948198.575418834574521 ], [ 379287.239375041914172, 2948363.379206334240735 ], [ 379376.261629567830823, 2948298.172734955325723 ] ] ], [ [ [ 379160.923406511312351, 2949729.264710753690451 ], [ 379503.292042132175993, 2950146.972163362428546 ], [ 379172.991030079254415, 2949649.187533372547477 ], [ 379160.923406511312351, 2949729.264710753690451 ] ] ] ] } },
{ "type": "Feature", "properties": { "t": "river" }, "geometry": { "type": "MultiPolygon", "coordinates": [ [ [ [ 384393.105973721772898, 2947199.177620277740061 ], [ 384405.219026171253063, 2947194.162898405455053 ], [ 384363.344513728457969, 2947210.525867663789541 ], [ 384198.463499853212852, 2947688.365467329509556 ], [ 384212.705962812120561, 2947710.21262300433591 ], [ 384393.105973721772898, 2947199.177620277740061 ] ] ], [ [ [ 385186.530206024181098, 2946870.738499996718019 ], [ 385101.298425424203742, 2946647.2218670793809 ], [ 385144.159084593702573, 2946888.276385980192572 ], [ 385186.530206024181098, 2946870.738499996718019 ] ] ], [ [ [ 384747.522310934669804, 2945719.543707939330488 ], [ 384699.186069972405676, 2945822.7735585141927 ], [ 384754.38039433513768, 2946420.464655025862157 ], [ 385060.896936855860986, 2946541.273478309623897 ], [ 384747.522310934669804, 2945719.543707939330488 ] ] ], [ [ [ 385187.98678255971754, 2945929.12925703311339 ], [ 385211.233402665588073, 2945897.499413571786135 ], [ 384777.322492588311434, 2945655.901592597831041 ], [ 384762.616380609630141, 2945687.30828950041905 ], [ 385187.98678255971754, 2945929.12925703311339 ] ] ], [ [ [ 385433.870465946441982, 2945594.585260756313801 ], [ 385174.133301433408633, 2945497.228203186299652 ], [ 385394.04931059788214, 2945594.943860753439367 ], [ 385288.926909481990151, 2945791.78949468722567 ], [ 385433.870465946441982, 2945594.585260756313801 ] ] ], [ [ [ 384490.999347231001593, 2948137.117005586624146 ], [ 384520.402312453545164, 2948062.077294668648392 ], [ 384248.164432305842638, 2947764.604348458815366 ], [ 384490.999347231001593, 2948137.117005586624146 ] ] ], [ [ [ 384227.854431583895348, 2948729.398304923437536 ], [ 384254.721039765514433, 2948740.163411304820329 ], [ 384342.050398313323967, 2948517.267443433403969 ], [ 384227.854431583895348, 2948729.398304923437536 ] ] ], [ [ [ 384687.394814417581074, 2948913.540501266252249 ], [ 384453.263940309698228, 2949436.317691886797547 ], [ 384614.714889035909437, 2949590.71553835272789 ], [ 384717.152460938203149, 2948902.192854420281947 ], [ 384604.04246102279285, 2948880.138806494418532 ], [ 384687.394814417581074, 2948913.540501266252249 ] ] ] ] } },
{ "type": "Feature", "properties": { "t": "lake" }, "geometry": { "type": "Polygon", "coordinates": [ [ [ 381172.222919588442892, 2947683.056132 ], [ 381281.507581395562738, 2947659.879654762335122 ], [ 381170.048949550953694, 2947450.443113000597805 ], [ 381172.222919588442892, 2947683.056132 ] ] ] } },
{ "type": "Feature", "properties": { "t": "river" }, "geometry": { "type": "MultiPolygon", "coordinates": [ [ [ [ 386958.995304191834293, 2945802.495355959050357 ], [ 386836.973005008592736, 2945515.564374148845673 ], [ 386929.326929791481234, 2945824.914031938184053 ], [ 387213.58735634596087, 2945851.652344399597496 ], [ 386958.995304191834293, 2945802.495355959050357 ] ] ], [ [ [ 387781.760396918747574, 2946526.32685282221064 ], [ 387507.503922162402887, 2945908.408940547145903 ], [ 387480.779546203790233, 2945903.24804456345737 ], [ 387781.760396918747574, 2946526.32685282221064 ] ] ] ] } },
{ "type": "Feature", "properties": { "t": "river" }, "geometry": { "type": "Polygon", "coordinates": [ [ [ 385084.935074051958509, 2945542.343789230100811 ], [ 385104.345678945013788, 2945486.780550165567547 ], [ 384984.780961404962, 2945476.783090827986598 ], [ 385084.935074051958509, 2945542.343789230100811 ] ] ] } },
{ "type": "Feature", "properties": { "t": "river" }, "geometry": { "type": "Polygon", "coordinates": [ [ [ 388263.65167336614104, 2972886.949329254217446 ], [ 388011.267896930570714, 2972434.999221085105091 ], [ 388067.241758065880276, 2973143.485247761011124 ], [ 388263.65167336614104, 2972886.949329254217446 ] ] ] } },
{ "type": "Feature", "properties": { "t": "river" }, "geometry": { "type": "Polygon", "coordinates": [ [ [ 389014.711279313953128, 2972437.19223209284246 ], [ 388006.933311423694249, 2971947.61172973876819 ], [ 389256.73463392292615, 2972844.940710036084056 ], [ 389014.711279313953128, 2972437.19223209284246 ] ] ] } },
{ "type": "Feature", "properties": { "t": "river" }, "geometry": { "type": "MultiPolygon", "coordinates": [ [ [ [ 399400.124093667662237, 2970411.3818753589876 ], [ 399384.676698013267014, 2970400.457078877836466 ], [ 398967.761678945971653, 2971013.023029958363622 ], [ 399011.963656821171753, 2971098.335664517711848 ], [ 399400.124093667662237, 2970411.3818753589876 ] ] ], [ [ [ 399098.180493174353614, 2970041.082464470528066 ], [ 399049.899565687519498, 2970104.014608112629503 ], [ 399093.168083000287879, 2970137.907418036833405 ], [ 399098.180493174353614, 2970041.082464470528066 ] ] ], [ [ [ 399129.31315845384961, 2969439.740293760318309 ], [ 399075.005808820133097, 2969516.709893692750484 ], [ 399120.758818244969007, 2969604.963028631638736 ], [ 399129.31315845384961, 2969439.740293760318309 ] ] ], [ [ [ 399515.422506018192507, 2968671.308872679714113 ], [ 399479.245565287419595, 2968672.437571269460022 ], [ 399485.78871375793824, 2968693.699851027689874 ], [ 399119.900266959390137, 2968918.17001394322142 ], [ 399165.395485400571488, 2969014.200251798611134 ], [ 399515.422506018192507, 2968671.308872679714113 ] ] ], [ [ [ 399156.366698021651246, 2968682.515804500319064 ], [ 399168.166040403593797, 2968740.545373712200671 ], [ 399244.383512324129697, 2968679.767655265051872 ], [ 399156.366698021651246, 2968682.515804500319064 ] ] ], [ [ [ 399613.575668204866815, 2972259.610464984085411 ], [ 399566.733248572563753, 2972614.462328982073814 ], [ 399683.466389928653371, 2972303.363233071286231 ], [ 399399.741970824426971, 2971607.747697500046343 ], [ 399121.465627080644481, 2971309.686871530022472 ], [ 399613.575668204866815, 2972259.610464984085411 ] ] ] ] } },
{ "type": "Feature", "properties": { "t": "river" }, "geometry": { "type": "Polygon", "coordinates": [ [ [ 399440.219382663315628, 2970455.371530932374299 ], [ 398938.312228622206021, 2971057.5690380143933 ], [ 399068.353747462271713, 2971167.300951149314642 ], [ 399440.219382663315628, 2970455.371530932374299 ] ] ] } },
{ "type": "Feature", "properties": { "t": "river" }, "geometry": { "type": "MultiPolygon", "coordinates": [ [ [ [ 393323.07657755370019, 2968522.779078148771077 ], [ 393588.732491933216807, 2969384.58808801881969 ], [ 393658.637862963660154, 2969383.99819373851642 ], [ 393323.07657755370019, 2968522.779078148771077 ] ] ], [ [ [ 394173.638210648321547, 2969730.046875388361514 ], [ 394136.349541348230559, 2969512.908573824446648 ], [ 393994.610223645926453, 2969496.560193055309355 ], [ 394173.638210648321547, 2969730.046875388361514 ] ] ], [ [ [ 394328.667488364269957, 2969932.243462311569601 ], [ 394722.378826693398878, 2969983.753481858875602 ], [ 394303.176704452256672, 2969898.996603270992637 ], [ 394328.667488364269957, 2969932.243462311569601 ] ] ], [ [ [ 394554.117120820097625, 2970750.097205156926066 ], [ 394579.034065632033162, 2970767.897694163490087 ], [ 394935.590038737107534, 2970026.867604609113187 ], [ 394880.965830992267001, 2970015.821498314850032 ], [ 394554.117120820097625, 2970750.097205156926066 ] ] ] ] } },
{ "type": "Feature", "properties": { "t": "lake" }, "geometry": { "type": "Polygon", "coordinates": [ [ [ 397822.09572798886802, 2970634.551062878221273 ], [ 397941.050019524525851, 2970600.35453778039664 ], [ 397900.141971632663626, 2970456.678739095572382 ], [ 397822.09572798886802, 2970634.551062878221273 ] ] ] } },
{ "type": "Feature", "properties": { "t": "lake" }, "geometry": { "type": "Polygon", "coordinates": [ [ [ 395519.876072039653081, 2969789.381624954286963 ], [ 395737.552068283141125, 2969676.80367382010445 ], [ 395786.316758432716597, 2969565.625001798383892 ], [ 395519.876072039653081, 2969789.381624954286963 ] ] ] } },
{ "type": "Feature", "properties": { "t": "river" }, "geometry": { "type": "Polygon", "coordinates": [ [ [ 393074.368025044212118, 2968491.652607166673988 ], [ 392478.047222726163454, 2968485.64531639451161 ], [ 392647.732625398552045, 2968572.820763147901744 ], [ 393074.368025044212118, 2968491.652607166673988 ] ] ] } },
{ "type": "Feature", "properties": { "t": "river" }, "geometry": { "type": "Polygon", "coordinates": [ [ [ 392309.596451039076783, 2967379.318578036967665 ], [ 392094.362536180415191, 2966616.800784125458449 ], [ 392252.507579989149235, 2967734.99587519094348 ], [ 392309.596451039076783, 2967379.318578036967665 ] ] ] } },
{ "type": "Feature", "properties": { "t": "river" }, "geometry": { "type": "Polygon", "coordinates": [ [ [ 393261.766598257643636, 2968323.900834074709564 ], [ 393161.737457919167355, 2968247.204538033343852 ], [ 393064.336994998913724, 2968480.660043447744101 ], [ 393261.766598257643636, 2968323.900834074709564 ] ] ] } },
{ "type": "Feature", "properties": { "t": "river" }, "geometry": { "type": "MultiPolygon", "coordinates": [ [ [ [ 398185.104361898149364, 2965137.207177995704114 ], [ 398328.669722389662638, 2964449.252792204264551 ], [ 397866.676120499440003, 2963865.878642566967756 ], [ 398289.087522984133102, 2964471.726235635578632 ], [ 398175.432721328979824, 2965170.517340149730444 ], [ 398300.024963828152977, 2965157.160740945488214 ], [ 398185.104361898149364, 2965137.207177995704114 ] ] ], [ [ [ 398268.905346910236403, 2965668.246530784294009 ], [ 398563.632117377244867, 2966164.357450005598366 ], [ 398298.99062098748982, 2965701.236312776338309 ], [ 398672.856201981543563, 2965221.902706889435649 ], [ 398569.647139844368212, 2965203.979338707402349 ], [ 398268.905346910236403, 2965668.246530784294009 ] ] ], [ [ [ 398397.895340518676676, 2966874.644282205961645 ], [ 398578.861958287365269, 2966822.647808793466538 ], [ 398526.379826623073313, 2966784.991166742052883 ], [ 398702.246342311089393, 2966406.946790831163526 ], [ 398660.151462129433639, 2966333.275256394408643 ], [ 398397.895340518676676, 2966874.644282205961645 ] ] ], [ [ [ 399166.414433186349925, 2967278.342863145284355 ], [ 399159.020055468659848, 2967238.948255048133433 ], [ 399076.521617304708343, 2967179.747103249188513 ], [ 399166.414433186349925, 2967278.342863145284355 ] ] ], [ [ [ 399283.388254964025691, 2967406.644667347893119 ], [ 399366.055961007717997, 2967387.522664609365165 ], [ 399165.43274592893431, 2967243.550068180542439 ], [ 399186.378744993766304, 2967289.260705330874771 ], [ 399166.414433186349925, 2967278.342863145284355 ], [ 399283.388254964025691, 2967406.644667347893119 ] ] ], [ [ [ 399220.263033842085861, 2967798.549898185301572 ], [ 399357.84054519503843, 2968081.373253901489079 ], [ 399371.446271293447353, 2968063.200257222633809 ], [ 399280.89820481458446, 2967686.61931469431147 ], [ 399220.263033842085861, 2967798.549898185301572 ] ] ] ] } },
{ "type": "Feature", "properties": { "t": "river" }, "geometry": { "type": "MultiPolygon", "coordinates": [ [ [ [ 390570.113815906166565, 2963915.897425699513406 ], [ 390078.76233705499908, 2964573.745718026533723 ], [ 390099.128163901157677, 2964595.304383491165936 ], [ 390570.113815906166565, 2963915.897425699513406 ] ] ], [ [ [ 390680.739574244595133, 2965211.02506594825536 ], [ 390687.690119651495479, 2965167.820314061827958 ], [ 390107.23559199803276, 2964603.886697454378009 ], [ 390680.739574244595133, 2965211.02506594825536 ] ] ], [ [ [ 390746.77197627100395, 2964800.580238299444318 ], [ 391014.102281521598343, 2964676.416285380255431 ], [ 391210.884117220179178, 2964966.987200643401593 ], [ 391225.135398568119854, 2964940.460200671572238 ], [ 390993.839543254813179, 2964632.280589007306844 ], [ 390736.16106510773534, 2964723.12846200959757 ], [ 390730.190686149639077, 2964903.643410703632981 ], [ 390746.77197627100395, 2964800.580238299444318 ] ] ], [ [ [ 390940.034023103362415, 2965308.481704777572304 ], [ 391020.554055700544268, 2965321.275991413742304 ], [ 391191.735644225380383, 2965002.629929680377245 ], [ 390940.034023103362415, 2965308.481704777572304 ] ] ], [ [ [ 391771.672939478768967, 2966076.759795075282454 ], [ 392095.12024631263921, 2966705.415352108888328 ], [ 391781.137146153254434, 2966021.290481982752681 ], [ 391905.982340158545412, 2965510.650015530176461 ], [ 391858.76628032582812, 2965501.71506676543504 ], [ 391771.672939478768967, 2966076.759795075282454 ] ] ] ] } },
{ "type": "Feature", "properties": { "t": "river" }, "geometry": { "type": "Polygon", "coordinates": [ [ [ 388780.479398895404302, 2963898.293081826064736 ], [ 388589.381402002647519, 2964775.117463382426649 ], [ 388709.867537139391061, 2964836.430935456417501 ], [ 388780.479398895404302, 2963898.293081826064736 ] ] ] } },
{ "type": "Feature", "properties": { "t": "river" }, "geometry": { "type": "MultiPolygon", "coordinates": [ [ [ [ 388336.450327477417886, 2960900.150468145497143 ], [ 387991.086824790982064, 2961202.302223712671548 ], [ 388461.254066532361321, 2960940.127725689671934 ], [ 388336.450327477417886, 2960900.150468145497143 ] ] ], [ [ [ 388765.532833623758052, 2961400.659039864782244 ], [ 388605.697191204468254, 2960986.397730448283255 ], [ 388516.502673398237675, 2960957.825484834145755 ], [ 388765.532833623758052, 2961400.659039864782244 ] ] ], [ [ [ 388572.561834224499762, 2961739.972286265343428 ], [ 388993.06584439217113, 2962068.603851196821779 ], [ 388912.834942429675721, 2962196.198420531116426 ], [ 389012.95037619327195, 2962068.429269213695079 ], [ 388622.46965895750327, 2961761.687942412681878 ], [ 388788.862057562218979, 2961461.125909529626369 ], [ 388767.929584232158959, 2961406.871135883964598 ], [ 388572.561834224499762, 2961739.972286265343428 ] ] ], [ [ [ 388600.841701348661445, 2962692.405091288033873 ], [ 388702.021644423250109, 2962891.627050164155662 ], [ 388698.894007434486412, 2962536.453468768391758 ], [ 388600.841701348661445, 2962692.405091288033873 ] ] ], [ [ [ 388914.489567097858526, 2963309.995604584924877 ], [ 388875.683322525350377, 2963480.346455536782742 ], [ 389055.568397253926378, 2963362.054200663696975 ], [ 388831.906431122915819, 2963147.378392146434635 ], [ 388914.489567097858526, 2963309.995604584924877 ] ] ], [ [ [ 389375.377119503798895, 2963715.826738743577152 ], [ 389432.779998517828062, 2963724.135403802618384 ], [ 389273.163203226518817, 2963570.917195515707135 ], [ 389375.377119503798895, 2963715.826738743577152 ] ] ] ] } },
{ "type": "Feature", "properties": { "t": "river" }, "geometry": { "type": "MultiPolygon", "coordinates": [ [ [ [ 397089.622399069659878, 2963137.483201750088483 ], [ 397006.364742855716031, 2963208.218590471893549 ], [ 397023.350315060873982, 2963221.580746857915074 ], [ 397089.622399069659878, 2963137.483201750088483 ] ] ], [ [ [ 397262.493531671003439, 2962918.121401019860059 ], [ 397226.70811818150105, 2962817.925798233132809 ], [ 397238.230360640620347, 2962948.909103603567928 ], [ 397262.493531671003439, 2962918.121401019860059 ] ] ], [ [ [ 397648.31136576377321, 2961452.778465354815125 ], [ 397245.480544391321018, 2960824.635595382191241 ], [ 397631.375973526388407, 2960588.882212654221803 ], [ 397633.266980286454782, 2960561.399925528094172 ], [ 397225.504485081182793, 2960813.720534312538803 ], [ 397608.27219965076074, 2961419.87053867476061 ], [ 397155.689899883873295, 2962010.644273928832263 ], [ 397173.295267546607647, 2962210.76174648758024 ], [ 397648.31136576377321, 2961452.778465354815125 ] ] ], [ [ [ 397927.795104674180038, 2960353.862870965152979 ], [ 398472.102985545468982, 2960028.240837429184467 ], [ 398655.443117461982183, 2959328.901330921333283 ], [ 398442.183205598499626, 2960017.403656458016485 ], [ 397697.485046164772939, 2960156.331166636198759 ], [ 397691.482237516960595, 2960219.900098316371441 ], [ 397927.795104674180038, 2960353.862870965152979 ] ] ] ] } },
{ "type": "Feature", "properties": { "t": "river" }, "geometry": { "type": "Polygon", "coordinates": [ [ [ 400312.979217027954292, 2960179.76132011692971 ], [ 400213.894085877400357, 2960224.851448005065322 ], [ 400325.453605626302306, 2960500.903218797408044 ], [ 400312.979217027954292, 2960179.76132011692971 ] ] ] } },
{ "type": "Feature", "properties": { "t": "river" }, "geometry": { "type": "Polygon", "coordinates": [ [ [ 395294.945150773215573, 2959433.799720467068255 ], [ 395385.633063787128776, 2959577.056030455511063 ], [ 395323.128584512800444, 2959234.173230045940727 ], [ 395294.945150773215573, 2959433.799720467068255 ] ] ] } },
{ "type": "Feature", "properties": { "t": "river" }, "geometry": { "type": "Polygon", "coordinates": [ [ [ 367106.5866433364572, 2973314.090584810357541 ], [ 367293.815568007179536, 2973168.091567827388644 ], [ 366957.926957993186079, 2973348.897248201537877 ], [ 367106.5866433364572, 2973314.090584810357541 ] ] ] } },
{ "type": "Feature", "properties": { "t": "river" }, "geometry": { "type": "MultiPolygon", "coordinates": [ [ [ [ 368475.718710194923915, 2971227.997169097419828 ], [ 368627.641786472988315, 2971503.378445557784289 ], [ 368484.046751935384236, 2972025.57446880498901 ], [ 368540.142071177833714, 2972091.12252843240276 ], [ 368725.957194418180734, 2971402.645544592756778 ], [ 368496.700957321154419, 2971163.209794305730611 ], [ 368475.718710194923915, 2971227.997169097419828 ] ] ], [ [ [ 368583.289734013611451, 2972966.226123873610049 ], [ 369201.465029617014807, 2972977.611825388390571 ], [ 369117.169496045040432, 2972874.092498747631907 ], [ 368583.289734013611451, 2972966.226123873610049 ] ] ], [ [ [ 369736.009340576361865, 2972987.481660611927509 ], [ 369769.250138196046464, 2973319.49679029174149 ], [ 369785.451346827438101, 2972964.812895091250539 ], [ 369631.21703231689753, 2972985.544985251966864 ], [ 369736.009340576361865, 2972987.481660611927509 ] ] ] ] } },
{ "type": "Feature", "properties": { "t": "river" }, "geometry": { "type": "MultiPolygon", "coordinates": [ [ [ [ 372240.820832978351973, 2972119.845180056989193 ], [ 372836.798899995628744, 2972102.734533892478794 ], [ 373245.666346271289513, 2972764.07594153797254 ], [ 373257.964069730078336, 2972486.235170190222561 ], [ 373417.473148263059556, 2972540.022918166127056 ], [ 373523.49515975266695, 2973203.665430341847241 ], [ 373511.780323054466862, 2973026.527624687179923 ], [ 373772.176926914951764, 2973234.404627451207489 ], [ 373477.747847672784701, 2972605.887879512272775 ], [ 373712.848834304953925, 2972466.792062098626047 ], [ 373158.28410873451503, 2972454.003497202880681 ], [ 372826.416609264910221, 2972058.52543804468587 ], [ 372104.079123616684228, 2971985.382886095438153 ], [ 372240.820832978351973, 2972119.845180056989193 ] ] ], [ [ [ 374368.653453919279855, 2973272.751089514233172 ], [ 374003.163131709676236, 2972489.834634888917208 ], [ 374162.004270721692592, 2972477.16773605812341 ], [ 373893.683786830108147, 2972470.967496262397617 ], [ 373894.32747960393317, 2972535.23796402476728 ], [ 373864.41969214862911, 2972470.291619418654591 ], [ 373759.376068689976819, 2972467.866116209886968 ], [ 374368.653453919279855, 2973272.751089514233172 ] ] ] ] } },
{ "type": "Feature", "properties": { "t": "river" }, "geometry": { "type": "Polygon", "coordinates": [ [ [ 367372.47195278381696, 2973089.711410055402666 ], [ 367321.750054277013987, 2972990.537207411136478 ], [ 367323.384568031644449, 2973145.622391808312386 ], [ 367372.47195278381696, 2973089.711410055402666 ] ] ] } },
{ "type": "Feature", "properties": { "t": "river" }, "geometry": { "type": "MultiPolygon", "coordinates": [ [ [ [ 366399.629957063356414, 2971294.158471900504082 ], [ 366133.250103697006125, 2971474.246727933641523 ], [ 366245.772988007927779, 2970841.561822863761336 ], [ 366034.878362661693245, 2970633.305791686289012 ], [ 366133.603277725283988, 2971507.479299146682024 ], [ 366340.956171243451536, 2971383.410972721409053 ], [ 366462.362092280760407, 2971450.629056942649186 ], [ 366399.629957063356414, 2971294.158471900504082 ] ] ], [ [ [ 366846.288914783101063, 2971663.207748916465789 ], [ 366840.195520424167626, 2971610.777318373788148 ], [ 366758.472049245378003, 2971614.58227297803387 ], [ 366846.288914783101063, 2971663.207748916465789 ] ] ], [ [ [ 366941.085108820931055, 2972695.428410233929753 ], [ 366969.044238870847039, 2972719.521347580477595 ], [ 366922.077554699790198, 2972315.355940533336252 ], [ 366941.085108820931055, 2972695.428410233929753 ] ] ] ] } },
{ "type": "Feature", "properties": { "t": "lake" }, "geometry": { "type": "Polygon", "coordinates": [ [ [ 367892.941590982663911, 2972508.145601362455636 ], [ 368149.271084212465212, 2972317.120993174146861 ], [ 368078.566896983888, 2972207.074540170840919 ], [ 367892.941590982663911, 2972508.145601362455636 ] ] ] } },
{ "type": "Feature", "properties": { "t": "river" }, "geometry": { "type": "MultiPolygon", "coordinates": [ [ [ [ 373708.726840019517113, 2969878.274184758309275 ], [ 373752.099576822074596, 2969871.591072692070156 ], [ 373673.22471513657365, 2969836.451896237675101 ], [ 373708.726840019517113, 2969878.274184758309275 ] ] ], [ [ [ 374178.509630782238673, 2970150.53570139920339 ], [ 375016.456610821478534, 2970474.548753423150629 ], [ 375530.745999463950284, 2971233.864481633529067 ], [ 375585.346808782313019, 2971731.851177601143718 ], [ 375560.661730091378558, 2971244.64728865493089 ], [ 375006.081052941852249, 2970430.338199942838401 ], [ 374120.183864696940873, 2970035.5836256374605 ], [ 374178.509630782238673, 2970150.53570139920339 ] ] ] ] } },
{ "type": "Feature", "properties": { "t": "river" }, "geometry": { "type": "Polygon", "coordinates": [ [ [ 370150.738350025785621, 2969847.955438903532922 ], [ 369767.536109037813731, 2969309.0584238441661 ], [ 370135.316546627262142, 2970280.17868427047506 ], [ 370164.162055082793813, 2970304.647403415292501 ], [ 370150.738350025785621, 2969847.955438903532922 ] ] ] } },
{ "type": "Feature", "properties": { "t": "river" }, "geometry": { "type": "Polygon", "coordinates": [ [ [ 372400.829474782221951, 2968296.148782170843333 ], [ 371969.678740889648907, 2967923.850456621497869 ], [ 372434.661896062723827, 2968447.049584107473493 ], [ 372400.829474782221951, 2968296.148782170843333 ] ] ] } },
{ "type": "Feature", "properties": { "t": "river" }, "geometry": { "type": "Polygon", "coordinates": [ [ [ 384474.642301651649177, 2945215.541505762841552 ], [ 384605.571857233124319, 2945380.517759056761861 ], [ 384964.870174450275954, 2945476.963071376085281 ], [ 384474.642301651649177, 2945215.541505762841552 ] ] ] } },
{ "type": "Feature", "properties": { "t": "river" }, "geometry": { "type": "Polygon", "coordinates": [ [ [ 385093.290071661933325, 2945365.026879884302616 ], [ 385023.70180241682101, 2945376.733020218554884 ], [ 385064.424100778647698, 2945476.063480318058282 ], [ 385093.290071661933325, 2945365.026879884302616 ] ] ] } },
{ "type": "Feature", "properties": { "t": "river" }, "geometry": { "type": "Polygon", "coordinates": [ [ [ 385032.256314321304671, 2945221.569453120231628 ], [ 384811.829688033089042, 2945068.47631243057549 ], [ 384553.282391683547758, 2945104.051795136649162 ], [ 385032.256314321304671, 2945221.569453120231628 ] ] ] } },
{ "type": "Feature", "properties": { "t": "river" }, "geometry": { "type": "Polygon", "coordinates": [ [ [ 385295.866421181475744, 2944643.156811541412026 ], [ 385357.997020979877561, 2944908.458798592910171 ], [ 385402.410143040353432, 2944971.475393910892308 ], [ 385295.866421181475744, 2944643.156811541412026 ] ] ] } },
{ "type": "Feature", "properties": { "t": "river" }, "geometry": { "type": "MultiPolygon", "coordinates": [ [ [ [ 385596.939032684254926, 2943798.553274129517376 ], [ 385681.36650534986984, 2944329.517323836684227 ], [ 385640.049660957767628, 2943800.985756818205118 ], [ 385596.939032684254926, 2943798.553274129517376 ] ] ], [ [ [ 385955.082073600380681, 2943762.107960065826774 ], [ 385770.198260199336801, 2943132.345633413176984 ], [ 385922.04465960978996, 2943761.255614711437374 ], [ 385955.082073600380681, 2943762.107960065826774 ] ] ] ] } },
{ "type": "Feature", "properties": { "t": "river" }, "geometry": { "type": "Polygon", "coordinates": [ [ [ 386054.696536226838361, 2942653.464042061008513 ], [ 385944.171547374397051, 2942543.677952043712139 ], [ 386117.115727080788929, 2942951.998734584543854 ], [ 386054.696536226838361, 2942653.464042061008513 ] ] ] } },
{ "type": "Feature", "properties": { "t": "river" }, "geometry": { "type": "Polygon", "coordinates": [ [ [ 386002.232590351253748, 2942354.840560564771295 ], [ 385997.024837699602358, 2942354.441858274396509 ], [ 385996.883780063944869, 2942354.888420920353383 ], [ 386002.232590351253748, 2942354.840560564771295 ] ] ] } },
{ "type": "Feature", "properties": { "t": "river" }, "geometry": { "type": "Polygon", "coordinates": [ [ [ 386151.89659976575058, 2942386.734816474840045 ], [ 386089.278130010119639, 2942066.04685986135155 ], [ 386037.306711192941293, 2942226.918291305191815 ], [ 385993.332588723220397, 2942366.130854342132807 ], [ 386151.89659976575058, 2942386.734816474840045 ] ] ] } },
{ "type": "Feature", "properties": { "t": "river" }, "geometry": { "type": "Polygon", "coordinates": [ [ [ 386200.201459137664642, 2942220.140715699177235 ], [ 386327.381456631526817, 2941964.223048034124076 ], [ 386217.347787387145218, 2941909.817623005248606 ], [ 386200.201459137664642, 2942220.140715699177235 ] ] ] } },
{ "type": "Feature", "properties": { "t": "river" }, "geometry": { "type": "Polygon", "coordinates": [ [ [ 386128.120382876077201, 2941954.924665014725178 ], [ 386120.500495824846439, 2941963.554303500801325 ], [ 386091.377103810256813, 2942055.747903170529753 ], [ 386128.120382876077201, 2941954.924665014725178 ] ] ] } },
{ "type": "Feature", "properties": { "t": "river" }, "geometry": { "type": "Polygon", "coordinates": [ [ [ 386197.431491052790079, 2941909.995475112460554 ], [ 386186.385119830316398, 2941788.241669251117855 ], [ 386128.120382876077201, 2941954.924665014725178 ], [ 386197.431491052790079, 2941909.995475112460554 ] ] ] } },
{ "type": "Feature", "properties": { "t": "river" }, "geometry": { "type": "Polygon", "coordinates": [ [ [ 387519.419217778951861, 2941621.321606823708862 ], [ 387573.795686221797951, 2941011.582840894348919 ], [ 387403.517480013193563, 2940902.311404591891915 ], [ 387519.419217778951861, 2941621.321606823708862 ] ] ] } },
{ "type": "Feature", "properties": { "t": "river" }, "geometry": { "type": "Polygon", "coordinates": [ [ [ 386200.960965532227419, 2941189.926989152096212 ], [ 385971.720107572851703, 2941090.382350859697908 ], [ 386141.428309212031309, 2941345.337455866392702 ], [ 386200.960965532227419, 2941189.926989152096212 ] ] ] } },
{ "type": "Feature", "properties": { "t": "river" }, "geometry": { "type": "Polygon", "coordinates": [ [ [ 385876.233475613291375, 2940517.103121558204293 ], [ 385594.194220600649714, 2940165.150855695363134 ], [ 385919.043993345694616, 2940849.044701289851218 ], [ 385876.233475613291375, 2940517.103121558204293 ] ] ] } },
{ "type": "Feature", "properties": { "t": "river" }, "geometry": { "type": "Polygon", "coordinates": [ [ [ 385428.373866190144327, 2939446.602374983020127 ], [ 385500.580476087634452, 2939722.891259323805571 ], [ 385499.287753144802991, 2939578.895472595933825 ], [ 385428.373866190144327, 2939446.602374983020127 ] ] ] } },
{ "type": "Feature", "properties": { "t": "river" }, "geometry": { "type": "Polygon", "coordinates": [ [ [ 376295.81861710397061, 2973253.664221079088748 ], [ 376164.737552909762599, 2972047.413031544536352 ], [ 376119.192140943661798, 2972014.973596887663007 ], [ 376295.81861710397061, 2973253.664221079088748 ] ] ] } },
{ "type": "Feature", "properties": { "t": "river" }, "geometry": { "type": "MultiPolygon", "coordinates": [ [ [ [ 377798.933036443428136, 2969899.581403997261077 ], [ 377614.315678462502547, 2969895.13740806048736 ], [ 377653.051004570967052, 2969946.312248129863292 ], [ 377798.933036443428136, 2969899.581403997261077 ] ] ], [ [ [ 377961.661534182552714, 2969847.456504485569894 ], [ 378109.782628920860589, 2969038.13551476271823 ], [ 378102.889412591815926, 2969037.37973550427705 ], [ 377952.062813237309456, 2969850.531078518833965 ], [ 377961.661534182552714, 2969847.456504485569894 ] ] ], [ [ [ 377986.45259279262973, 2970386.804262828081846 ], [ 377986.682193343294784, 2970378.969585951883346 ], [ 377950.972609051852487, 2970339.926089577376842 ], [ 377986.45259279262973, 2970386.804262828081846 ] ] ], [ [ [ 377961.380165909940843, 2970844.500845292583108 ], [ 377972.958544247201644, 2970847.296740573830903 ], [ 377974.766770823393017, 2970785.586041908245534 ], [ 377961.380165909940843, 2970844.500845292583108 ] ] ], [ [ [ 378449.532786707160994, 2972418.95007456978783 ], [ 378539.462921420810744, 2972057.520249902736396 ], [ 378292.804386606847402, 2971108.577970119658858 ], [ 378449.532786707160994, 2972418.95007456978783 ] ] ], [ [ [ 378755.121290065464564, 2972603.488956839311868 ], [ 378722.981709485233296, 2972543.194000584539026 ], [ 378502.680585111898836, 2972553.245445523411036 ], [ 378755.121290065464564, 2972603.488956839311868 ] ] ] ] } },
{ "type": "Feature", "properties": { "t": "river" }, "geometry": { "type": "MultiPolygon", "coordinates": [ [ [ [ 384505.99486318975687, 2970461.547509438358247 ], [ 384794.84134237235412, 2970536.449167920276523 ], [ 384908.994314465206116, 2970388.234557325951755 ], [ 384547.230194149888121, 2970405.701510419137776 ], [ 384505.99486318975687, 2970461.547509438358247 ] ] ], [ [ [ 385142.852876733464655, 2970652.821747790556401 ], [ 385111.370173502655234, 2970378.467857966199517 ], [ 385042.806479429360479, 2970381.776389400474727 ], [ 385142.852876733464655, 2970652.821747790556401 ] ] ], [ [ [ 384791.489821357652545, 2971256.54791953926906 ], [ 384833.642769428144675, 2971302.689968700055033 ], [ 385154.546184615523089, 2970754.724653104320168 ], [ 385143.212672984111123, 2970655.957221548538655 ], [ 384791.489821357652545, 2971256.54791953926906 ] ] ], [ [ [ 385582.741335620637983, 2972122.756707900203764 ], [ 385623.650788338622078, 2972079.810970566235483 ], [ 385040.570987214508932, 2971529.207407695706934 ], [ 385582.741335620637983, 2972122.756707900203764 ] ] ], [ [ [ 385082.107090212753974, 2972616.484259493183345 ], [ 385111.086860695737414, 2972617.919757499359548 ], [ 385536.197988468571566, 2972171.617304078303277 ], [ 385082.107090212753974, 2972616.484259493183345 ] ] ], [ [ [ 385456.063394834520295, 2972635.013133213855326 ], [ 385439.733289475028869, 2972613.225136423483491 ], [ 385210.381338341278024, 2972622.838765865657479 ], [ 385456.063394834520295, 2972635.013133213855326 ] ] ], [ [ [ 385272.414622591051739, 2969512.921446888707578 ], [ 385138.86261815862963, 2969271.959083701949567 ], [ 385222.53036692290334, 2969491.219688076060265 ], [ 384565.901547944813501, 2970380.414663576520979 ], [ 385272.414622591051739, 2969512.921446888707578 ] ] ], [ [ [ 385009.720879523432814, 2969038.963660821318626 ], [ 384652.094104706891812, 2969053.308387228287756 ], [ 384607.987682869599666, 2968577.360223566647619 ], [ 384190.62242915853858, 2968581.186281967442483 ], [ 384548.668341324431822, 2968611.137013103347272 ], [ 384632.423049045493826, 2969075.644270810764283 ], [ 385080.725037710159086, 2969167.067029586993158 ], [ 385009.720879523432814, 2969038.963660821318626 ] ] ] ] } },
{ "type": "Feature", "properties": { "t": "river" }, "geometry": { "type": "Polygon", "coordinates": [ [ [ 386438.134209571115207, 2973158.07703465083614 ], [ 386288.129569735843688, 2973048.651774043217301 ], [ 386169.926949923916254, 2973160.499562665820122 ], [ 386438.134209571115207, 2973158.07703465083614 ] ] ] } },
{ "type": "Feature", "properties": { "t": "lake" }, "geometry": { "type": "Polygon", "coordinates": [ [ [ 379431.923742859624326, 2972913.044629950076342 ], [ 379463.104563776170835, 2973056.762854822445661 ], [ 379581.675338548782747, 2972989.158797153271735 ], [ 379431.923742859624326, 2972913.044629950076342 ] ] ] } },
{ "type": "Feature", "properties": { "t": "river" }, "geometry": { "type": "MultiPolygon", "coordinates": [ [ [ [ 385617.981135239009745, 2969266.066926932428032 ], [ 386042.227871198381763, 2969146.324356145691127 ], [ 385544.693947480991483, 2969187.22733491146937 ], [ 385617.981135239009745, 2969266.066926932428032 ] ] ], [ [ [ 387476.937095267465338, 2970167.505439343396574 ], [ 386123.651573466020636, 2969139.632295302581042 ], [ 386069.420776547980495, 2969144.089363038539886 ], [ 387476.937095267465338, 2970167.505439343396574 ] ] ], [ [ [ 387654.990267923218198, 2970578.709307464305311 ], [ 387656.910865543759428, 2970577.074069935362786 ], [ 387658.787379568326287, 2970787.536606311798096 ], [ 387634.178223903174512, 2970682.198888344690204 ], [ 387523.647111192694865, 2971231.856944841798395 ], [ 387690.411880640720483, 2972105.520723361056298 ], [ 388011.464939218189102, 2972457.153204895555973 ], [ 387699.753592465363909, 2972038.970164329279214 ], [ 387997.097314865211956, 2971958.777065062895417 ], [ 387698.370712411298882, 2971883.892271967604756 ], [ 387562.695396890456323, 2971153.96328391879797 ], [ 387824.534139009367209, 2970431.568667405750602 ], [ 387703.130057604808826, 2970339.337858341634274 ], [ 387654.990267923218198, 2970578.709307464305311 ] ] ] ] } },
{ "type": "Feature", "properties": { "t": "river" }, "geometry": { "type": "Polygon", "coordinates": [ [ [ 382684.202571918664034, 2971165.21610000077635 ], [ 382716.174210066441447, 2971397.557643250562251 ], [ 382783.349205777805764, 2971142.137073196936399 ], [ 382684.202571918664034, 2971165.21610000077635 ] ] ] } },
{ "type": "Feature", "properties": { "t": "river" }, "geometry": { "type": "Polygon", "coordinates": [ [ [ 382025.861050267296378, 2969830.917006583884358 ], [ 381885.610327099682763, 2969710.371745984535664 ], [ 382659.586411298019812, 2970655.854789720382541 ], [ 382636.51680967817083, 2970312.650078758597374 ], [ 382068.298294626059942, 2969681.267771344166249 ], [ 382025.861050267296378, 2969830.917006583884358 ] ] ] } },
{ "type": "Feature", "properties": { "t": "river" }, "geometry": { "type": "MultiPolygon", "coordinates": [ [ [ [ 378460.558994369755965, 2965932.037055375985801 ], [ 377915.362756883434486, 2965062.122440171428025 ], [ 377968.261301299324259, 2964363.687177167274058 ], [ 377766.658886824327055, 2964077.60434554098174 ], [ 377958.427551507484168, 2964374.860339257400483 ], [ 377844.92393916787114, 2964974.178293150383979 ], [ 378410.327891740598716, 2965877.129997667390853 ], [ 378323.647923093754798, 2966165.997397948987782 ], [ 378368.845748720807023, 2966190.615473446901888 ], [ 378460.558994369755965, 2965932.037055375985801 ] ] ], [ [ [ 378950.166040312557016, 2966919.982160925399512 ], [ 378773.790890768868849, 2966460.776144002564251 ], [ 378750.602629630593583, 2966448.144856000319123 ], [ 378950.166040312557016, 2966919.982160925399512 ] ] ], [ [ [ 379003.834137125057168, 2967816.810822078492492 ], [ 379201.943988218670711, 2967575.563070517499 ], [ 379114.080425173859112, 2967346.775652527343482 ], [ 379003.834137125057168, 2967816.810822078492492 ] ] ], [ [ [ 378631.17645969131263, 2968168.184699757490307 ], [ 378714.939818844664842, 2968610.506143243052065 ], [ 378651.79802826361265, 2968245.533538995310664 ], [ 378750.496319619240239, 2968125.330985500942916 ], [ 378631.17645969131263, 2968168.184699757490307 ] ] ] ] } },
{ "type": "Feature", "properties": { "t": "river" }, "geometry": { "type": "MultiPolygon", "coordinates": [ [ [ [ 381563.79591307148803, 2964008.200145056471229 ], [ 381556.970869885873981, 2964340.60421326989308 ], [ 381626.259101355972234, 2964380.022732983343303 ], [ 381563.79591307148803, 2964008.200145056471229 ] ] ], [ [ [ 382016.725617861025967, 2964602.173198040574789 ], [ 381780.850256253848784, 2964892.406888760626316 ], [ 381823.679562272212934, 2965024.864644567947835 ], [ 382036.71001401101239, 2964613.064518539700657 ], [ 381991.184199194249231, 2964587.641164917033166 ], [ 382016.725617861025967, 2964602.173198040574789 ] ] ], [ [ [ 381934.407531936303712, 2965367.324386043939739 ], [ 381938.003463439643383, 2965368.787789199966937 ], [ 381920.056835308379959, 2965322.939499969128519 ], [ 381934.407531936303712, 2965367.324386043939739 ] ] ], [ [ [ 382945.169110217888374, 2966093.968975429888815 ], [ 382882.496122710988857, 2965768.379427344538271 ], [ 382744.977692380256485, 2965715.46904810378328 ], [ 382945.169110217888374, 2966093.968975429888815 ] ] ], [ [ [ 383247.187384988472331, 2967581.78860623575747 ], [ 383199.902938420942519, 2967623.739104602020234 ], [ 383827.472719710320234, 2967997.394100235309452 ], [ 383239.042155574308708, 2967522.588077751919627 ], [ 383247.187384988472331, 2967581.78860623575747 ] ] ], [ [ [ 382931.738516664714552, 2967861.661969832144678 ], [ 383022.093597434461117, 2968066.966693847440183 ], [ 383162.259140524314716, 2968070.006501326337457 ], [ 382953.874823452439159, 2967842.021456671413034 ], [ 382931.738516664714552, 2967861.661969832144678 ] ] ], [ [ [ 382704.815469082561322, 2968041.018245289102197 ], [ 382381.828720037185121, 2968575.771425045095384 ], [ 382803.945536492508836, 2968062.799261938780546 ], [ 382704.815469082561322, 2968041.018245289102197 ] ] ] ] } },
{ "type": "Feature", "properties": { "t": "river" }, "geometry": { "type": "Polygon", "coordinates": [ [ [ 384156.537231446709484, 2968116.225076526403427 ], [ 383847.042186804232188, 2967963.979974552523345 ], [ 384136.96722470887471, 2968149.638707560487092 ], [ 384100.983356218319386, 2968559.853892012033612 ], [ 384156.537231446709484, 2968116.225076526403427 ] ] ] } },
{ "type": "Feature", "properties": { "t": "river" }, "geometry": { "type": "MultiPolygon", "coordinates": [ [ [ [ 384173.006626756861806, 2965579.226328132208437 ], [ 384663.691924324491993, 2965973.538609066512436 ], [ 384546.03390202409355, 2967237.496883348561823 ], [ 385089.113349575840402, 2967790.86566614266485 ], [ 384575.950200902065262, 2967248.301089057698846 ], [ 384673.63123745896155, 2965973.44779848633334 ], [ 384203.517582540109288, 2965579.532637516502291 ], [ 384173.006626756861806, 2965579.226328132208437 ] ] ], [ [ [ 384779.930689899891149, 2965640.140155266970396 ], [ 384877.820836093393154, 2964593.660052345134318 ], [ 384749.606374954979401, 2965585.02746678609401 ], [ 384208.795626701787114, 2965579.585632992442697 ], [ 384779.930689899891149, 2965640.140155266970396 ] ] ], [ [ [ 384915.801085943938233, 2964187.698677825275809 ], [ 384705.327430826262571, 2964001.294078207574785 ], [ 384913.83661378652323, 2964208.695594500284642 ], [ 384915.801085943938233, 2964187.698677825275809 ] ] ], [ [ [ 384945.65239337075036, 2968552.119042288511992 ], [ 385168.057638919330202, 2967874.338885174598545 ], [ 385127.606444892589934, 2967831.566864436492324 ], [ 384945.65239337075036, 2968552.119042288511992 ] ] ] ] } },
{ "type": "Feature", "properties": { "t": "lake" }, "geometry": { "type": "Polygon", "coordinates": [ [ [ 379413.694384851725772, 2965812.115075420122594 ], [ 379595.037117776228115, 2966065.180666484404355 ], [ 379552.637282425188459, 2965788.632427242118865 ], [ 379413.694384851725772, 2965812.115075420122594 ] ] ] } },
{ "type": "Feature", "properties": { "t": "lake" }, "geometry": { "type": "Polygon", "coordinates": [ [ [ 381530.473633204877842, 2964695.348984106909484 ], [ 381428.989722056430764, 2964474.741071674507111 ], [ 381129.729576499841642, 2964366.773712817113847 ], [ 381530.473633204877842, 2964695.348984106909484 ] ] ] } },
{ "type": "Feature", "properties": { "t": "river" }, "geometry": { "type": "MultiPolygon", "coordinates": [ [ [ [ 376836.383422483864706, 2959411.655392122454941 ], [ 376859.937655579065904, 2959788.082615613006055 ], [ 377159.371256838785484, 2960017.805496744811535 ], [ 376836.383422483864706, 2959411.655392122454941 ] ] ], [ [ [ 377197.753533734357916, 2960192.151475709397346 ], [ 377241.586477882694453, 2960172.108590367715806 ], [ 377216.318392451037653, 2960124.684530408121645 ], [ 377197.753533734357916, 2960192.151475709397346 ] ] ], [ [ [ 377163.431858065945562, 2960316.882790162693709 ], [ 377863.467246512998827, 2960719.994982656557113 ], [ 377271.52621441683732, 2962232.351458282675594 ], [ 377599.734974803228397, 2962240.247558405157179 ], [ 377589.720323531830218, 2963259.533895829226822 ], [ 378009.40848227601964, 2963477.038134608417749 ], [ 377625.231465745717287, 2963846.332194868475199 ], [ 377726.144348819623701, 2964000.449319715611637 ], [ 378039.125980617245659, 2963465.673125160392374 ], [ 377599.447392389003653, 2963237.283370370045304 ], [ 377609.570190267229918, 2962229.074198499321938 ], [ 377321.238580008153804, 2962231.86894111847505 ], [ 377883.568414241424762, 2960741.957116920500994 ], [ 377571.34936936252052, 2960335.084950150921941 ], [ 377179.83676390099572, 2960257.263975302223116 ], [ 377163.431858065945562, 2960316.882790162693709 ] ] ] ] } },
{ "type": "Feature", "properties": { "t": "river" }, "geometry": { "type": "MultiPolygon", "coordinates": [ [ [ [ 379647.560166182171088, 2962187.351805441081524 ], [ 380062.452505300869234, 2962947.793585542589426 ], [ 380119.583250452880748, 2962948.842619059607387 ], [ 379647.560166182171088, 2962187.351805441081524 ] ] ], [ [ [ 380858.006875232735183, 2962962.424777824897319 ], [ 381543.498549328302033, 2963964.078451401088387 ], [ 380877.681645247736014, 2962940.083290005568415 ], [ 380483.326951053808443, 2962955.527729391586035 ], [ 380858.006875232735183, 2962962.424777824897319 ] ] ] ] } },
{ "type": "Feature", "properties": { "t": "river" }, "geometry": { "type": "MultiPolygon", "coordinates": [ [ [ [ 383862.903554293327034, 2961040.137071649543941 ], [ 384040.014652529498562, 2961095.62952471151948 ], [ 383915.275349667761475, 2960793.667755835689604 ], [ 383862.903554293327034, 2961040.137071649543941 ] ] ], [ [ [ 384116.251703646499664, 2960472.842835795134306 ], [ 384101.944773630762938, 2959996.626624293159693 ], [ 384252.519729540683329, 2959944.770962466020137 ], [ 384091.696325836121105, 2959963.486982436385006 ], [ 383947.943126167869195, 2960639.934081577230245 ], [ 384116.251703646499664, 2960472.842835795134306 ] ] ], [ [ [ 384597.630697094486095, 2959825.928589427378029 ], [ 384273.451243895222433, 2959828.889313718304038 ], [ 384465.175682419794612, 2959871.539391521830112 ], [ 384597.630697094486095, 2959825.928589427378029 ] ] ], [ [ [ 384216.306949721241836, 2959452.765833225101233 ], [ 384129.951044561108574, 2959796.969041077420115 ], [ 384210.061891065037344, 2959814.788727757986635 ], [ 384216.306949721241836, 2959452.765833225101233 ] ] ], [ [ [ 384035.594859770673793, 2961437.355488592293113 ], [ 384470.12335915438598, 2962197.749962403438985 ], [ 384358.315509572450537, 2963018.534462822601199 ], [ 384910.957459994941019, 2963656.005280908197165 ], [ 384704.720870429358911, 2963934.83237053733319 ], [ 385001.133389354043175, 2963732.729193267412484 ], [ 384438.45643109298544, 2963084.268614084459841 ], [ 384540.731083832855802, 2962307.883450678084046 ], [ 384111.846541646285914, 2961269.522733970079571 ], [ 384035.594859770673793, 2961437.355488592293113 ] ] ] ] } },
{ "type": "Feature", "properties": { "t": "river" }, "geometry": { "type": "Polygon", "coordinates": [ [ [ 379543.386778756743297, 2961689.831612005829811 ], [ 379385.780767618329264, 2961846.426812106277794 ], [ 379444.646871146163903, 2961934.750502565409988 ], [ 379543.386778756743297, 2961689.831612005829811 ] ] ] } },
{ "type": "Feature", "properties": { "t": "river" }, "geometry": { "type": "Polygon", "coordinates": [ [ [ 379691.475317921314854, 2961577.641301017720252 ], [ 379620.293165089329705, 2961412.148108924739063 ], [ 379622.402160350466147, 2961633.688896420877427 ], [ 379691.475317921314854, 2961577.641301017720252 ] ] ] } },
{ "type": "Feature", "properties": { "t": "river" }, "geometry": { "type": "Polygon", "coordinates": [ [ [ 379616.602775896259118, 2961024.451874567661434 ], [ 379489.661273294477724, 2961269.377715191803873 ], [ 379620.50405802304158, 2961434.30218498641625 ], [ 379616.602775896259118, 2961024.451874567661434 ] ] ] } },
{ "type": "Feature", "properties": { "t": "river" }, "geometry": { "type": "MultiPolygon", "coordinates": [ [ [ [ 385988.113245501182973, 2959625.001613648608327 ], [ 386174.563638269202784, 2959346.379357712343335 ], [ 385995.263551131123677, 2959314.759962859097868 ], [ 386154.674669726984575, 2959346.558252354152501 ], [ 385948.336162574298214, 2959625.360051498282701 ], [ 386029.734651059319731, 2959628.654966261703521 ], [ 385988.113245501182973, 2959625.001613648608327 ] ] ], [ [ [ 386657.57298443664331, 2959971.876892151776701 ], [ 386647.31225395319052, 2959940.334057008381933 ], [ 386445.947052708361298, 2959665.195974142756313 ], [ 386410.862800144299399, 2959662.11524732876569 ], [ 386657.57298443664331, 2959971.876892151776701 ] ] ], [ [ [ 386883.452733219484799, 2960769.051012384705245 ], [ 386911.340589720464777, 2960752.040648441761732 ], [ 386700.124871674284805, 2960102.6886256034486 ], [ 386883.452733219484799, 2960769.051012384705245 ] ] ], [ [ [ 387288.958395987632684, 2960521.72118053259328 ], [ 387394.409340428479481, 2961196.523232918232679 ], [ 387399.816217705025338, 2960686.899733604397625 ], [ 387911.641195176052861, 2961214.083817627280951 ], [ 387298.704555111529771, 2960499.478900885209441 ], [ 387026.570605043845717, 2960681.756574023049325 ], [ 387288.958395987632684, 2960521.72118053259328 ] ] ] ] } },
{ "type": "Feature", "properties": { "t": "river" }, "geometry": { "type": "Polygon", "coordinates": [ [ [ 379892.59733284660615, 2960767.03339027473703 ], [ 379622.540260180074256, 2960603.43011204758659 ], [ 379850.685964749311097, 2960811.219557627104223 ], [ 379892.59733284660615, 2960767.03339027473703 ] ] ] } },
{ "type": "Feature", "properties": { "t": "river" }, "geometry": { "type": "Polygon", "coordinates": [ [ [ 379612.701995175913908, 2960614.601768607273698 ], [ 379530.726420775812585, 2960360.587458673398942 ], [ 379282.129400433797855, 2960362.95716719282791 ], [ 379612.701995175913908, 2960614.601768607273698 ] ] ] } },
{ "type": "Feature", "properties": { "t": "river" }, "geometry": { "type": "Polygon", "coordinates": [ [ [ 358710.341776804358233, 2972353.017286036163568 ], [ 359027.272790376562625, 2972260.832266330253333 ], [ 358690.222949186514597, 2972331.084764392115176 ], [ 358702.65625106630614, 2973438.859770707786083 ], [ 358710.341776804358233, 2972353.017286036163568 ] ] ] } },
{ "type": "Feature", "properties": { "t": "river" }, "geometry": { "type": "Polygon", "coordinates": [ [ [ 360413.275202896329574, 2970904.828422205056995 ], [ 360227.805904891341925, 2971206.018776462413371 ], [ 360073.579610882443376, 2973423.545007317792624 ], [ 360413.275202896329574, 2970904.828422205056995 ] ] ] } },
{ "type": "Feature", "properties": { "t": "river" }, "geometry": { "type": "Polygon", "coordinates": [ [ [ 362147.64024584996514, 2973201.237552863080055 ], [ 362036.177505600266159, 2973003.036869428586215 ], [ 362129.955601087887771, 2973400.853005606215447 ], [ 362147.64024584996514, 2973201.237552863080055 ] ] ] } },
{ "type": "Feature", "properties": { "t": "river" }, "geometry": { "type": "Polygon", "coordinates": [ [ [ 362095.905696807429194, 2973013.461435658391565 ], [ 361532.579623680794612, 2971479.663823282346129 ], [ 362096.148393282317556, 2973035.616747295018286 ], [ 362686.268030077335425, 2973394.771879637148231 ], [ 362095.905696807429194, 2973013.461435658391565 ] ] ] } },
{ "type": "Feature", "properties": { "t": "river" }, "geometry": { "type": "Polygon", "coordinates": [ [ [ 354407.578843322233297, 2973188.664836988318712 ], [ 354447.189128317753784, 2973177.127424529287964 ], [ 354307.207231782376766, 2973101.191173951607198 ], [ 354407.578843322233297, 2973188.664836988318712 ] ] ] } },
{ "type": "Feature", "properties": { "t": "river" }, "geometry": { "type": "Polygon", "coordinates": [ [ [ 359333.159205654170364, 2972069.066912500653416 ], [ 359150.731042555999011, 2971749.811706257984042 ], [ 359255.92378809757065, 2972117.485816885251552 ], [ 359333.159205654170364, 2972069.066912500653416 ] ] ] } },
{ "type": "Feature", "properties": { "t": "river" }, "geometry": { "type": "MultiPolygon", "coordinates": [ [ [ [ 359154.464120094664395, 2971570.992479319218546 ], [ 359150.474497960880399, 2971568.602449961006641 ], [ 359139.061105080880225, 2971594.834723494481295 ], [ 359154.464120094664395, 2971570.992479319218546 ] ] ], [ [ [ 359441.875979010190349, 2971126.130357995163649 ], [ 359422.793418724555522, 2971140.647113182581961 ], [ 359367.919674638775177, 2971240.597645682748407 ], [ 359441.875979010190349, 2971126.130357995163649 ] ] ] ] } },
{ "type": "Feature", "properties": { "t": "river" }, "geometry": { "type": "Polygon", "coordinates": [ [ [ 353166.371037994860671, 2970699.135921267792583 ], [ 353800.603788804728538, 2971400.840288956649601 ], [ 353175.42983546317555, 2970473.078648811671883 ], [ 353166.371037994860671, 2970699.135921267792583 ] ] ] } },
{ "type": "Feature", "properties": { "t": "lake" }, "geometry": { "type": "Polygon", "coordinates": [ [ [ 354164.774177225830499, 2971097.476815610658377 ], [ 354166.569451830931939, 2971252.566836752928793 ], [ 354365.420059009920806, 2971261.345851592253894 ], [ 354164.774177225830499, 2971097.476815610658377 ] ] ] } },
{ "type": "Feature", "properties": { "t": "river" }, "geometry": { "type": "Polygon", "coordinates": [ [ [ 359648.188171290676109, 2970913.327887857798487 ], [ 359693.181954301602673, 2970491.822272099088877 ], [ 359537.179589608567767, 2970872.291354981716722 ], [ 359555.242942791548558, 2970899.403132047038525 ], [ 359458.545852573064622, 2971075.526400168891996 ], [ 359648.188171290676109, 2970913.327887857798487 ] ] ] } },
{ "type": "Feature", "properties": { "t": "river" }, "geometry": { "type": "Polygon", "coordinates": [ [ [ 350811.202521878818516, 2969031.637972702272236 ], [ 350958.832192769332323, 2968908.017894269898534 ], [ 350770.008342938264832, 2968910.251145347487181 ], [ 350811.202521878818516, 2969031.637972702272236 ] ] ] } },
{ "type": "Feature", "properties": { "t": "river" }, "geometry": { "type": "Polygon", "coordinates": [ [ [ 350770.008342938264832, 2968910.251145347487181 ], [ 350709.330505691817962, 2968822.333524117711931 ], [ 350720.317839870695025, 2968910.83931330172345 ], [ 350770.008342938264832, 2968910.251145347487181 ] ] ] } },
{ "type": "Feature", "properties": { "t": "river" }, "geometry": { "type": "MultiPolygon", "coordinates": [ [ [ [ 351312.554336065484677, 2968560.378999660722911 ], [ 351321.337458984344266, 2968492.632507585920393 ], [ 350899.203619183506817, 2968908.722825756762177 ], [ 351312.554336065484677, 2968560.378999660722911 ] ] ], [ [ [ 351367.22364638117142, 2968138.715753131080419 ], [ 351274.37745981675107, 2967992.084265661425889 ], [ 351337.277021209592931, 2968127.989231709390879 ], [ 351332.788541443471331, 2968404.30876351473853 ], [ 351367.22364638117142, 2968138.715753131080419 ] ] ], [ [ [ 351204.048375311482232, 2967050.699753893073648 ], [ 351041.468026394664776, 2967488.870968895033002 ], [ 351058.790081942570396, 2967526.294772847089916 ], [ 351204.048375311482232, 2967050.699753893073648 ] ] ], [ [ [ 351243.530926379025914, 2966921.435892452020198 ], [ 350963.389046331867576, 2966769.629129833076149 ], [ 351213.419639196712524, 2967020.018431802280247 ], [ 351243.530926379025914, 2966921.435892452020198 ] ] ] ] } },
{ "type": "Feature", "properties": { "t": "river" }, "geometry": { "type": "MultiPolygon", "coordinates": [ [ [ [ 394429.003889834042639, 2956959.650949975010008 ], [ 394464.897825645748526, 2955297.742981124669313 ], [ 395109.464688276930247, 2955048.691059521399438 ], [ 395128.244258905993775, 2954997.75803409004584 ], [ 394425.200318896619137, 2955309.150936095975339 ], [ 394419.427040748880245, 2957004.040392763912678 ], [ 394508.194921339978464, 2957270.552575914189219 ], [ 394429.003889834042639, 2956959.650949975010008 ] ] ], [ [ [ 394597.807424677303061, 2957724.83098853006959 ], [ 394851.420347269508056, 2958717.444693646393716 ], [ 394886.466604149492923, 2958755.833788944408298 ], [ 394618.522362240822986, 2957703.718717440031469 ], [ 394597.807424677303061, 2957724.83098853006959 ] ] ] ] } },
{ "type": "Feature", "properties": { "t": "river" }, "geometry": { "type": "MultiPolygon", "coordinates": [ [ [ [ 398690.407789063639939, 2958732.355832774657756 ], [ 398611.31883947935421, 2958786.467627061996609 ], [ 398684.300233746296726, 2959206.820105688180774 ], [ 398690.407789063639939, 2958732.355832774657756 ] ] ], [ [ [ 398927.953916014696006, 2958584.544570192694664 ], [ 399216.96876073081512, 2958659.781210366170853 ], [ 399389.726103418855928, 2959123.651877054944634 ], [ 399187.508640105719678, 2958007.156325159128755 ], [ 399203.143868025275879, 2958172.491908789612353 ], [ 399092.865423064504284, 2958062.597730339039117 ], [ 399135.558042931021191, 2958427.807097650133073 ], [ 398717.491500092670321, 2958713.825678191147745 ], [ 398927.953916014696006, 2958584.544570192694664 ] ] ], [ [ [ 399325.752796107670292, 2956702.434858600609004 ], [ 399116.259704219526611, 2957253.772021590732038 ], [ 399142.148282226931769, 2957527.509265078697354 ], [ 399325.752796107670292, 2956702.434858600609004 ] ] ], [ [ [ 399519.311081910331268, 2955832.763452792540193 ], [ 399326.705247918027453, 2956199.760736486874521 ], [ 399015.270904802076984, 2955814.535863270051777 ], [ 399357.347642383014318, 2956560.467615065164864 ], [ 399519.311081910331268, 2955832.763452792540193 ] ] ], [ [ [ 399637.891902967880014, 2955300.038539842702448 ], [ 399334.547236384241842, 2954682.120495822746307 ], [ 399575.363443292677402, 2955580.941576423123479 ], [ 399637.891902967880014, 2955300.038539842702448 ] ] ] ] } },
{ "type": "Feature", "properties": { "t": "river" }, "geometry": { "type": "Polygon", "coordinates": [ [ [ 390884.137313081533648, 2957676.497450347524136 ], [ 391417.784364296065178, 2957273.119851952884346 ], [ 391138.154750484623946, 2957142.589763216674328 ], [ 391154.430322974338196, 2956721.503935291897506 ], [ 390884.137313081533648, 2957676.497450347524136 ] ] ] } },
{ "type": "Feature", "properties": { "t": "lake" }, "geometry": { "type": "Polygon", "coordinates": [ [ [ 392710.195788067998365, 2957195.641503990162164 ], [ 392819.508005501469597, 2957183.638586604036391 ], [ 392788.263718842354137, 2957017.740995311178267 ], [ 392710.195788067998365, 2957195.641503990162164 ] ] ] } },
{ "type": "Feature", "properties": { "t": "lake" }, "geometry": { "type": "Polygon", "coordinates": [ [ [ 393793.10084968036972, 2957042.508527109399438 ], [ 393892.561720035271719, 2957041.674993027932942 ], [ 393841.160433468059637, 2956842.711982813663781 ], [ 393793.10084968036972, 2957042.508527109399438 ] ] ] } },
{ "type": "Feature", "properties": { "t": "lake" }, "geometry": { "type": "Polygon", "coordinates": [ [ [ 392796.335103785037063, 2956796.123397304676473 ], [ 392927.415945346059743, 2957005.486558953300118 ], [ 392986.157045994419605, 2956894.215596707072109 ], [ 392796.335103785037063, 2956796.123397304676473 ] ] ] } },
{ "type": "Feature", "properties": { "t": "lake" }, "geometry": { "type": "Polygon", "coordinates": [ [ [ 393543.145372732833494, 2956889.522601086646318 ], [ 393662.592915085610002, 2956899.596798636484891 ], [ 393631.173237487557344, 2956711.544231578242034 ], [ 393543.145372732833494, 2956889.522601086646318 ] ] ] } },
{ "type": "Feature", "properties": { "t": "lake" }, "geometry": { "type": "Polygon", "coordinates": [ [ [ 393373.779999253747519, 2956857.714696536306292 ], [ 393483.281808285217267, 2956867.87093871133402 ], [ 393462.085223456437234, 2956712.965047028381377 ], [ 393373.779999253747519, 2956857.714696536306292 ] ] ] } },
{ "type": "Feature", "properties": { "t": "lake" }, "geometry": { "type": "Polygon", "coordinates": [ [ [ 393676.16457751323469, 2956146.217863245867193 ], [ 393806.958183467038907, 2956322.359769615344703 ], [ 393785.022241513419431, 2956078.840434209443629 ], [ 393676.16457751323469, 2956146.217863245867193 ] ] ] } },
{ "type": "Feature", "properties": { "t": "lake" }, "geometry": { "type": "Polygon", "coordinates": [ [ [ 393481.031125591311138, 2955416.746749423909932 ], [ 393590.452211166906636, 2955415.827677065506577 ], [ 393558.842864470439963, 2955205.622222401201725 ], [ 393481.031125591311138, 2955416.746749423909932 ] ] ] } },
{ "type": "Feature", "properties": { "t": "river" }, "geometry": { "type": "Polygon", "coordinates": [ [ [ 399873.477725402161013, 2954899.396668197121471 ], [ 399841.097303284332156, 2954578.414116667583585 ], [ 399863.705088758899365, 2954921.62822603341192 ], [ 400283.159516043961048, 2955128.788295486941934 ], [ 399873.477725402161013, 2954899.396668197121471 ] ] ] } },
{ "type": "Feature", "properties": { "t": "river" }, "geometry": { "type": "MultiPolygon", "coordinates": [ [ [ [ 393476.370683584536891, 2951307.074783954303712 ], [ 393859.679785769782029, 2951924.195961760822684 ], [ 394404.54262198327342, 2951847.739428095053881 ], [ 393859.309281313733663, 2951879.889645708259195 ], [ 393491.472006166819483, 2951228.810830159578472 ], [ 393476.370683584536891, 2951307.074783954303712 ] ] ], [ [ [ 393581.092648067628033, 2950741.251636650878936 ], [ 392480.382287739310414, 2950030.493963193148375 ], [ 393577.201147186278831, 2950760.690121103078127 ], [ 393581.092648067628033, 2950741.251636650878936 ] ] ], [ [ [ 395235.900794543151278, 2952289.3905119006522 ], [ 395398.716448281891644, 2952817.276197509840131 ], [ 395417.644134655012749, 2952609.133348167408258 ], [ 395184.871169735735748, 2952134.7295280569233 ], [ 394734.553146957943682, 2951828.29150666249916 ], [ 394636.001151341886725, 2951834.098389587365091 ], [ 395235.900794543151278, 2952289.3905119006522 ] ] ], [ [ [ 395149.311282905517146, 2953852.008297670632601 ], [ 395235.214073307754006, 2954615.634720333851874 ], [ 395397.897640790557489, 2952826.280608695466071 ], [ 395149.311282905517146, 2953852.008297670632601 ] ] ] ] } },
{ "type": "Feature", "properties": { "t": "river" }, "geometry": { "type": "MultiPolygon", "coordinates": [ [ [ [ 397184.34188345388975, 2950833.415487448684871 ], [ 397196.925007806916256, 2950833.996596095152199 ], [ 397182.293158371117897, 2950804.363837176468223 ], [ 397184.34188345388975, 2950833.415487448684871 ] ] ], [ [ [ 397592.506136973039247, 2950852.271537297870964 ], [ 397297.116555130865891, 2951242.359938448760659 ], [ 397551.33332097157836, 2951916.016278642695397 ], [ 397378.864087125402875, 2952245.295580226927996 ], [ 397384.780206293566152, 2952238.601402933709323 ], [ 397405.217006855236832, 2952304.899569006636739 ], [ 397351.859067510755267, 2952296.855579089839011 ], [ 397335.748226518277079, 2952327.615837998688221 ], [ 397409.336452013405506, 2952814.419151097070426 ], [ 397529.980612463259604, 2952968.525563892442733 ], [ 397424.847847771598026, 2952271.509185798000544 ], [ 397611.92694400518667, 2952026.299548312090337 ], [ 397347.854468268109486, 2951363.799025493208319 ], [ 397741.233617413206957, 2950784.609727127943188 ], [ 398158.28276014898438, 2950670.486223326064646 ], [ 398387.01970953628188, 2951109.875362634658813 ], [ 398499.449126822699327, 2951022.224276544060558 ], [ 398168.144912506686524, 2950659.329951338469982 ], [ 397471.929354948981199, 2950846.699856771621853 ], [ 397592.506136973039247, 2950852.271537297870964 ] ] ], [ [ [ 398004.850868470326532, 2951391.735252014826983 ], [ 397791.917592656449415, 2952135.62097742408514 ], [ 398092.765070843859576, 2952660.869709475897253 ], [ 398183.071468634647317, 2952520.179141271393746 ], [ 397821.767099343123846, 2952135.380625114310533 ], [ 398054.425040754198562, 2951369.182666019070894 ], [ 398085.821653805556707, 2951344.703464929014444 ], [ 398004.850868470326532, 2951391.735252014826983 ] ] ], [ [ [ 398770.750276291160844, 2953844.741170068737119 ], [ 398803.717751219228376, 2953858.957378616556525 ], [ 398889.24889675329905, 2953733.023893006145954 ], [ 398379.574552554171532, 2953161.655014793854207 ], [ 398770.750276291160844, 2953844.741170068737119 ] ] ], [ [ [ 399244.224839189264458, 2954583.143126584589481 ], [ 399401.193975184520241, 2954304.966874292120337 ], [ 399821.026534792094026, 2954556.418316407129169 ], [ 399248.571787560591474, 2954179.284273111261427 ], [ 399244.224839189264458, 2954583.143126584589481 ] ] ] ] } },
{ "type": "Feature", "properties": { "t": "river" }, "geometry": { "type": "MultiPolygon", "coordinates": [ [ [ [ 390244.133722433354706, 2950381.944018221460283 ], [ 390656.2848848819267, 2950474.393477690406144 ], [ 390278.561487563129049, 2950263.261045633815229 ], [ 390244.133722433354706, 2950381.944018221460283 ] ] ], [ [ [ 391157.971428846183699, 2951337.816617730539292 ], [ 390684.7029072024161, 2951979.84140766505152 ], [ 391001.614467211125884, 2951671.481649917550385 ], [ 391171.941461589303799, 2951670.020249530207366 ], [ 391187.633455434581265, 2951315.407466087955981 ], [ 391462.937536708370317, 2950925.340813706163317 ], [ 390893.631269126024563, 2950607.069946369156241 ], [ 391157.971428846183699, 2951337.816617730539292 ] ], [ [ 391313.10442438244354, 2950860.157853258308023 ], [ 391206.395756512181833, 2951182.317373834550381 ], [ 391133.416539198893588, 2950795.232520295772702 ], [ 391313.10442438244354, 2950860.157853258308023 ] ] ], [ [ [ 390160.912300956435502, 2952265.835351044777781 ], [ 390034.250746199744754, 2952577.102287131827325 ], [ 389823.479957548493985, 2952368.457862184382975 ], [ 390105.337558234576136, 2952742.648994593415409 ], [ 390200.807862611662131, 2952276.567614838946611 ], [ 390392.439524801680818, 2952574.003297525923699 ], [ 390080.767190672922879, 2953352.1248360699974 ], [ 390224.368227850645781, 2953849.369396049529314 ], [ 390563.3881561953458, 2953935.059640696737915 ], [ 390722.088735750934575, 2953878.303741118405014 ], [ 390234.125190909195226, 2953827.129920431878418 ], [ 390140.269831913057715, 2953329.454367411788553 ], [ 390422.00162635196466, 2952540.515514291357249 ], [ 390711.687936954025645, 2952670.947053414769471 ], [ 390300.977315469586756, 2952353.243797473609447 ], [ 390428.153817074256949, 2952229.48483841586858 ], [ 390160.912300956435502, 2952265.835351044777781 ] ] ] ] } },
{ "type": "Feature", "properties": { "t": "lake" }, "geometry": { "type": "Polygon", "coordinates": [ [ [ 393840.115930813131854, 2953153.946920732501894 ], [ 394000.96806705230847, 2953351.994556165765971 ], [ 393968.714119165320881, 2953064.252530444413424 ], [ 393840.115930813131854, 2953153.946920732501894 ] ] ] } },
{ "type": "Feature", "properties": { "t": "lake" }, "geometry": { "type": "Polygon", "coordinates": [ [ [ 393222.243489638669416, 2953037.280976441688836 ], [ 393381.896830985730048, 2953091.325231611263007 ], [ 393340.982599921000656, 2952958.7404730101116 ], [ 393222.243489638669416, 2953037.280976441688836 ] ] ] } },
{ "type": "Feature", "properties": { "t": "lake" }, "geometry": { "type": "Polygon", "coordinates": [ [ [ 399534.626660739770159, 2952310.017749758902937 ], [ 399593.448252774309367, 2952198.780655446927994 ], [ 399483.91335769277066, 2952188.570563241373748 ], [ 399534.626660739770159, 2952310.017749758902937 ] ] ] } },
{ "type": "Feature", "properties": { "t": "river" }, "geometry": { "type": "Polygon", "coordinates": [ [ [ 396558.429168542439584, 2950960.348625900223851 ], [ 396321.057366353808902, 2951139.5207007098943 ], [ 396654.027625561400782, 2951701.745619325898588 ], [ 396558.429168542439584, 2950960.348625900223851 ] ] ] } },
{ "type": "Feature", "properties": { "t": "lake" }, "geometry": { "type": "Polygon", "coordinates": [ [ [ 392226.339754342741799, 2950586.516425443347543 ], [ 392398.325818665849511, 2950917.379722007550299 ], [ 392335.33334178745281, 2950530.204958751332015 ], [ 392226.339754342741799, 2950586.516425443347543 ] ] ] } },
{ "type": "Feature", "properties": { "t": "river" }, "geometry": { "type": "MultiPolygon", "coordinates": [ [ [ [ 388072.682566491013858, 2946778.545879481825978 ], [ 388519.266120871994644, 2946619.538908869493753 ], [ 388843.131722079007886, 2947225.965146392583847 ], [ 389191.590100036119111, 2947447.385720229707658 ], [ 388498.968915225472301, 2946575.406921091489494 ], [ 388049.907732824271079, 2946739.337892833165824 ], [ 388072.682566491013858, 2946778.545879481825978 ] ] ], [ [ [ 390184.417515870707575, 2948078.350516563747078 ], [ 390337.863539737183601, 2948688.162167467642576 ], [ 390495.925214447430335, 2948419.063430985435843 ], [ 391062.264838753500953, 2948677.128297986462712 ], [ 390914.328699043544475, 2948459.77520900638774 ], [ 390396.109274341491982, 2948386.691495656035841 ], [ 390033.011351326713338, 2947835.955760826356709 ], [ 389519.045082084601745, 2947655.475651372224092 ], [ 390184.417515870707575, 2948078.350516563747078 ] ] ], [ [ [ 391665.044332957884762, 2948951.836646907962859 ], [ 391947.104955799877644, 2949348.220938710030168 ], [ 391442.304886755067855, 2948510.641664815600961 ], [ 391277.617570395115763, 2948775.267700090073049 ], [ 391665.044332957884762, 2948951.836646907962859 ] ] ], [ [ [ 389886.137250505271368, 2949266.218360678292811 ], [ 389941.527954616409261, 2949361.555670578032732 ], [ 389985.276523108419497, 2949221.049738848116249 ], [ 390007.312416699831374, 2949474.784586781170219 ], [ 390340.778819561644923, 2950048.785417101811618 ], [ 390222.53975675086258, 2949508.073582149110734 ], [ 390128.440674905781634, 2949662.909199186600745 ], [ 390046.81174327142071, 2949430.988775265868753 ], [ 390124.704818030644674, 2949230.92073082877323 ], [ 390166.969754383608233, 2949253.964270500931889 ], [ 390123.172305878251791, 2949053.694758575875312 ], [ 390173.617821780208033, 2948967.804060361813754 ], [ 389886.137250505271368, 2949266.218360678292811 ] ] ] ] } },
{ "type": "Feature", "properties": { "t": "river" }, "geometry": { "type": "Polygon", "coordinates": [ [ [ 392396.359650456346571, 2949510.568787253461778 ], [ 391946.916555851756129, 2949326.067767817527056 ], [ 392376.455585474730469, 2949510.737383117899299 ], [ 392450.527418687648606, 2950030.746712438296527 ], [ 392396.359650456346571, 2949510.568787253461778 ] ] ] } },
{ "type": "Feature", "properties": { "t": "river" }, "geometry": { "type": "Polygon", "coordinates": [ [ [ 395452.900490254163742, 2949640.130402583628893 ], [ 395639.620008464960847, 2949350.586531967390329 ], [ 395442.675151364353951, 2949606.982764518819749 ], [ 395525.20529132935917, 2949960.77621691999957 ], [ 395764.407169202808291, 2950003.120097548700869 ], [ 395452.900490254163742, 2949640.130402583628893 ] ] ] } },
{ "type": "Feature", "properties": { "t": "river" }, "geometry": { "type": "MultiPolygon", "coordinates": [ [ [ [ 396726.065795088070445, 2948322.605995245743543 ], [ 396786.806792343675625, 2949673.531905129086226 ], [ 396832.525917646707967, 2949690.654078641906381 ], [ 396726.065795088070445, 2948322.605995245743543 ] ] ], [ [ [ 397038.205125920416322, 2949992.730974533129483 ], [ 397156.457706567132846, 2949847.769286482129246 ], [ 397069.206408057711087, 2949821.2301747337915 ], [ 397038.205125920416322, 2949992.730974533129483 ] ] ] ] } },
{ "type": "Feature", "properties": { "t": "lake" }, "geometry": { "type": "Polygon", "coordinates": [ [ [ 397933.04144444456324, 2949885.814444402698427 ], [ 398072.363765054265969, 2949884.69573989789933 ], [ 398051.304952606325969, 2949740.86146398447454 ], [ 397933.04144444456324, 2949885.814444402698427 ] ] ] } },
{ "type": "Feature", "properties": { "t": "lake" }, "geometry": { "type": "Polygon", "coordinates": [ [ [ 396396.970571945188567, 2949466.237810735125095 ], [ 396266.961977275786921, 2949389.758029076270759 ], [ 396298.535895233857445, 2949599.967680321075022 ], [ 396396.970571945188567, 2949466.237810735125095 ] ] ] } },
{ "type": "Feature", "properties": { "t": "river" }, "geometry": { "type": "Polygon", "coordinates": [ [ [ 400007.849676189071033, 2948727.71813034452498 ], [ 400202.73034193663625, 2948693.608201869763434 ], [ 399993.728363521222491, 2948695.251166079659015 ], [ 400007.849676189071033, 2948727.71813034452498 ] ] ] } },
{ "type": "Feature", "properties": { "t": "river" }, "geometry": { "type": "Polygon", "coordinates": [ [ [ 397985.191521191736683, 2948943.835955368820578 ], [ 398015.670796696387697, 2949021.131452147383243 ], [ 398065.343294485472143, 2949009.655721357092261 ], [ 397985.191521191736683, 2948943.835955368820578 ] ] ] } },
{ "type": "Feature", "properties": { "t": "river" }, "geometry": { "type": "MultiPolygon", "coordinates": [ [ [ [ 398096.566735881031491, 2948992.170496146194637 ], [ 398095.02242539729923, 2948990.26733148470521 ], [ 398045.349865056981798, 2948998.738959536887705 ], [ 398096.566735881031491, 2948992.170496146194637 ] ] ], [ [ [ 399427.401120093127247, 2948821.568575136363506 ], [ 399663.027618158783298, 2948755.240442885551602 ], [ 399171.078597783925943, 2948844.595491465646774 ], [ 398394.461738963844255, 2948953.970285263378173 ], [ 399427.401120093127247, 2948821.568575136363506 ] ] ] ] } },
{ "type": "Feature", "properties": { "t": "river" }, "geometry": { "type": "Polygon", "coordinates": [ [ [ 399079.419143069419079, 2948868.635830222629011 ], [ 398975.912139189604204, 2948872.077091057784855 ], [ 398520.391556150920223, 2948936.231602572370321 ], [ 398383.727540498017333, 2948996.028504058718681 ], [ 399079.419143069419079, 2948868.635830222629011 ] ] ] } },
{ "type": "Feature", "properties": { "t": "river" }, "geometry": { "type": "Polygon", "coordinates": [ [ [ 397863.60792319139, 2948705.086989296134561 ], [ 397816.221466577495448, 2948646.693017788697034 ], [ 397505.156659515341744, 2948659.692093381658196 ], [ 397985.191521191736683, 2948943.835955368820578 ], [ 397863.60792319139, 2948705.086989296134561 ] ] ] } },
{ "type": "Feature", "properties": { "t": "river" }, "geometry": { "type": "Polygon", "coordinates": [ [ [ 399516.972641651926097, 2948820.860006575472653 ], [ 399755.21834687597584, 2948741.438694230746478 ], [ 399427.401120093127247, 2948821.568575136363506 ], [ 399516.972641651926097, 2948820.860006575472653 ] ] ] } },
{ "type": "Feature", "properties": { "t": "river" }, "geometry": { "type": "Polygon", "coordinates": [ [ [ 397517.108873541292269, 2948641.029686353169382 ], [ 397497.673397166130599, 2948642.659172763582319 ], [ 397464.65981746907346, 2948596.766456593759358 ], [ 397435.578078165824991, 2948671.330607661046088 ], [ 397535.103663880843669, 2948670.527785491198301 ], [ 397517.108873541292269, 2948641.029686353169382 ] ] ] } },
{ "type": "Feature", "properties": { "t": "river" }, "geometry": { "type": "Polygon", "coordinates": [ [ [ 392068.675038215646055, 2948427.765457516070455 ], [ 391939.569983527064323, 2948462.094571947585791 ], [ 392209.424584367487114, 2948592.731492494698614 ], [ 392068.675038215646055, 2948427.765457516070455 ] ] ] } },
{ "type": "Feature", "properties": { "t": "river" }, "geometry": { "type": "Polygon", "coordinates": [ [ [ 397412.251153025077656, 2948523.913149736821651 ], [ 397256.206795336678624, 2948307.001875303220004 ], [ 396983.107078893110156, 2948377.962085126899183 ], [ 397412.251153025077656, 2948523.913149736821651 ] ] ] } },
{ "type": "Feature", "properties": { "t": "river" }, "geometry": { "type": "Polygon", "coordinates": [ [ [ 391690.937062668148428, 2948486.365670474711806 ], [ 391691.692205960163847, 2948574.978310418780893 ], [ 391939.569983527064323, 2948462.094571947585791 ], [ 391690.937062668148428, 2948486.365670474711806 ] ] ] } },
{ "type": "Feature", "properties": { "t": "river" }, "geometry": { "type": "Polygon", "coordinates": [ [ [ 396845.859564552432857, 2948365.942005288321525 ], [ 396880.02287857432384, 2948371.992396549321711 ], [ 396843.982891461346298, 2948359.856496200431138 ], [ 396845.859564552432857, 2948365.942005288321525 ] ] ] } },
{ "type": "Feature", "properties": { "t": "river" }, "geometry": { "type": "Polygon", "coordinates": [ [ [ 396506.652098481659777, 2948269.004614874254912 ], [ 396436.35008150205249, 2948192.036761896684766 ], [ 396377.445006846741308, 2948292.211724760010839 ], [ 396506.652098481659777, 2948269.004614874254912 ] ] ] } },
{ "type": "Feature", "properties": { "t": "river" }, "geometry": { "type": "Polygon", "coordinates": [ [ [ 396553.100168814184144, 2948240.742579470854253 ], [ 396538.342384443851188, 2948219.854958078823984 ], [ 396496.518809808243532, 2948246.932712343987077 ], [ 396553.100168814184144, 2948240.742579470854253 ] ] ] } },
{ "type": "Feature", "properties": { "t": "river" }, "geometry": { "type": "Polygon", "coordinates": [ [ [ 396464.455163489212282, 2948115.278975489549339 ], [ 396401.081833762815222, 2948025.585451156366616 ], [ 396287.219988736906089, 2948024.292399221099913 ], [ 396465.667650646937545, 2948125.334691744763404 ], [ 396464.455163489212282, 2948115.278975489549339 ] ] ] } },
{ "type": "Feature", "properties": { "t": "river" }, "geometry": { "type": "Polygon", "coordinates": [ [ [ 396116.497448457812425, 2948028.488507451023906 ], [ 396095.476047348929569, 2947902.583801644388586 ], [ 396085.45155300013721, 2947883.569302209187299 ], [ 396086.547614225535654, 2948017.656078299507499 ], [ 396116.497448457812425, 2948028.488507451023906 ] ] ] } },
{ "type": "Feature", "properties": { "t": "river" }, "geometry": { "type": "Polygon", "coordinates": [ [ [ 396085.45155300013721, 2947883.569302209187299 ], [ 396077.142298110818956, 2947867.808322737924755 ], [ 396056.054313950240612, 2947940.364851033315063 ], [ 396086.547614225535654, 2948017.656078299507499 ], [ 396085.45155300013721, 2947883.569302209187299 ] ] ] } },
{ "type": "Feature", "properties": { "t": "river" }, "geometry": { "type": "Polygon", "coordinates": [ [ [ 395840.50458716286812, 2947144.569308395963162 ], [ 395821.958199396729469, 2947310.87947534956038 ], [ 395831.613127815944608, 2947362.182081 ], [ 395846.046378299011849, 2947235.301535701844841 ], [ 395840.50458716286812, 2947144.569308395963162 ] ] ] } },
{ "type": "Feature", "properties": { "t": "river" }, "geometry": { "type": "Polygon", "coordinates": [ [ [ 395838.145787432731595, 2946856.581112781539559 ], [ 395788.647968354227487, 2946890.218244592659175 ], [ 395840.232407030882314, 2947111.339896013494581 ], [ 395838.145787432731595, 2946856.581112781539559 ] ] ] } },
{ "type": "Feature", "properties": { "t": "river" }, "geometry": { "type": "Polygon", "coordinates": [ [ [ 395811.074706563143991, 2946816.626911045052111 ], [ 395744.440635403327178, 2946728.681902438867837 ], [ 395737.515922559134196, 2946724.479140948038548 ], [ 395808.011490077362396, 2946823.596322830300778 ], [ 395811.074706563143991, 2946816.626911045052111 ] ] ] } },
{ "type": "Feature", "properties": { "t": "river" }, "geometry": { "type": "MultiPolygon", "coordinates": [ [ [ [ 395741.141670815879479, 2946724.327901163138449 ], [ 395735.439154955791309, 2946716.801681464072317 ], [ 395727.834228516032454, 2946757.790149658452719 ], [ 395741.141670815879479, 2946724.327901163138449 ] ] ], [ [ [ 396010.707890063349623, 2946046.53349208785221 ], [ 395908.98643106239615, 2945781.512719813734293 ], [ 395739.26477924810024, 2946696.182731403503567 ], [ 396002.888216259423643, 2946066.19402267690748 ], [ 396010.707890063349623, 2946046.53349208785221 ] ] ] ] } },
{ "type": "Feature", "properties": { "t": "river" }, "geometry": { "type": "Polygon", "coordinates": [ [ [ 395804.472714610339608, 2946391.614213041961193 ], [ 395779.429331008868758, 2946600.195645492058247 ], [ 395798.059222711191978, 2946555.673646934330463 ], [ 395804.472714610339608, 2946391.614213041961193 ] ] ] } },
{ "type": "Feature", "properties": { "t": "river" }, "geometry": { "type": "MultiPolygon", "coordinates": [ [ [ [ 392752.819103086018004, 2945752.339011944830418 ], [ 393446.833932581590489, 2945818.283738320227712 ], [ 393905.284874472301453, 2945465.745385029818863 ], [ 392712.727474018465728, 2945713.489499985706061 ], [ 392752.819103086018004, 2945752.339011944830418 ] ] ], [ [ [ 393609.686371021205559, 2945833.76341440435499 ], [ 394061.068554993486032, 2946239.855624276679009 ], [ 393639.365815311321057, 2945811.360718990676105 ], [ 393559.993806543527171, 2945829.039743333589286 ], [ 393609.686371021205559, 2945833.76341440435499 ] ] ] ] } },
{ "type": "Feature", "properties": { "t": "river" }, "geometry": { "type": "Polygon", "coordinates": [ [ [ 395927.956169759156182, 2945789.770281742792577 ], [ 395874.293259902566206, 2945696.397652766201645 ], [ 395828.168620471842587, 2945638.170642438810319 ], [ 395908.98643106239615, 2945781.512719813734293 ], [ 395927.956169759156182, 2945789.770281742792577 ] ] ] } },
{ "type": "Feature", "properties": { "t": "river" }, "geometry": { "type": "Polygon", "coordinates": [ [ [ 395666.800158864236437, 2945384.717277940828353 ], [ 395748.43806267157197, 2945627.74645916512236 ], [ 395828.531359359389171, 2945682.476445800159127 ], [ 395666.800158864236437, 2945384.717277940828353 ] ] ] } },
{ "type": "Feature", "properties": { "t": "river" }, "geometry": { "type": "Polygon", "coordinates": [ [ [ 374632.560197504470125, 2954802.611622584983706 ], [ 374884.221499700797722, 2955099.235641553532332 ], [ 374902.730565430829301, 2955097.52496259380132 ], [ 374632.560197504470125, 2954802.611622584983706 ] ] ] } },
{ "type": "Feature", "properties": { "t": "river" }, "geometry": { "type": "Polygon", "coordinates": [ [ [ 374500.709392115822993, 2954549.118397842627019 ], [ 374612.663414286682382, 2954802.808378128800541 ], [ 374597.187701206712518, 2954497.769788108766079 ], [ 374500.709392115822993, 2954549.118397842627019 ] ] ] } },
{ "type": "Feature", "properties": { "t": "lake" }, "geometry": { "type": "Polygon", "coordinates": [ [ [ 364936.244082640158013, 2984903.606594563927501 ], [ 365186.871126371435821, 2985133.567049461882561 ], [ 365095.401321014389396, 2984935.129175615962595 ], [ 364936.244082640158013, 2984903.606594563927501 ] ] ] } },
{ "type": "Feature", "properties": { "t": "lake" }, "geometry": { "type": "Polygon", "coordinates": [ [ [ 366446.616184216807596, 2984122.970350972376764 ], [ 366263.938302724040113, 2983748.233744435943663 ], [ 366339.797902966383845, 2984345.6879803230986 ], [ 366446.616184216807596, 2984122.970350972376764 ] ] ] } },
{ "type": "Feature", "properties": { "t": "lake" }, "geometry": { "type": "Polygon", "coordinates": [ [ [ 365937.451683559454978, 2983851.431586170569062 ], [ 366285.326063258573413, 2983892.031932114623487 ], [ 366174.960506193805486, 2983782.42012069793418 ], [ 365937.451683559454978, 2983851.431586170569062 ] ] ] } },
{ "type": "Feature", "properties": { "t": "river" }, "geometry": { "type": "Polygon", "coordinates": [ [ [ 366639.382373923319392, 2982647.420793002936989 ], [ 366648.837939595279749, 2982603.004594766534865 ], [ 366569.188362744520418, 2982581.693880131002516 ], [ 366639.382373923319392, 2982647.420793002936989 ] ] ] } },
{ "type": "Feature", "properties": { "t": "river" }, "geometry": { "type": "Polygon", "coordinates": [ [ [ 366477.253203959960956, 2982338.93605005601421 ], [ 366418.517343317042105, 2982417.113879666663706 ], [ 366569.188362744520418, 2982581.693880131002516 ], [ 366477.253203959960956, 2982338.93605005601421 ] ] ] } },
{ "type": "Feature", "properties": { "t": "lake" }, "geometry": { "type": "Polygon", "coordinates": [ [ [ 364221.551537002786063, 2982152.649471917189658 ], [ 364136.046703821746632, 2982508.104099410120398 ], [ 364292.719572053698357, 2982306.9855926935561 ], [ 364221.551537002786063, 2982152.649471917189658 ] ] ] } },
{ "type": "Feature", "properties": { "t": "lake" }, "geometry": { "type": "Polygon", "coordinates": [ [ [ 365122.942345889518037, 2981035.02828676532954 ], [ 365669.457611470366828, 2981073.482274417765439 ], [ 365111.585560339619406, 2980902.202819820027798 ], [ 365067.704929523635656, 2980514.910954455379397 ], [ 365122.942345889518037, 2981035.02828676532954 ] ] ] } },
{ "type": "Feature", "properties": { "t": "lake" }, "geometry": { "type": "Polygon", "coordinates": [ [ [ 367557.522340779774822, 2981219.597070998046547 ], [ 367400.412966483505443, 2980445.736465710680932 ], [ 367393.410389851545915, 2980722.78170259995386 ], [ 367557.522340779774822, 2981219.597070998046547 ] ] ] } },
{ "type": "Feature", "properties": { "t": "river" }, "geometry": { "type": "MultiPolygon", "coordinates": [ [ [ [ 371633.107052751409356, 2978773.17667192267254 ], [ 371794.979226053401362, 2978787.350015698932111 ], [ 371663.142625996202696, 2978739.85107828816399 ], [ 371633.107052751409356, 2978773.17667192267254 ] ] ], [ [ [ 371959.428803196409717, 2978636.902522683609277 ], [ 372055.566744196228683, 2978325.721800194121897 ], [ 371559.069276538852137, 2978330.788168784230947 ], [ 372016.072674730210565, 2978348.281310169491917 ], [ 371686.769448055885732, 2978713.636415617540479 ], [ 371959.428803196409717, 2978636.902522683609277 ] ] ], [ [ [ 372037.401925773883704, 2979467.004510777071118 ], [ 372073.403756558080204, 2979490.979456641711295 ], [ 372230.68582144449465, 2978944.341472411062568 ], [ 372174.171197881398257, 2978923.977362566627562 ], [ 372037.401925773883704, 2979467.004510777071118 ] ] ], [ [ [ 372626.01934134651674, 2979859.01058315159753 ], [ 372627.035694617195986, 2979837.682259145192802 ], [ 372480.763147884863429, 2979762.268436868209392 ], [ 372626.01934134651674, 2979859.01058315159753 ] ] ], [ [ [ 372600.959134282486048, 2980203.540968544781208 ], [ 372851.414185050642118, 2980422.5738011947833 ], [ 372695.146101500897203, 2980678.965793910901994 ], [ 372871.158515235641971, 2980411.295214399695396 ], [ 372610.662755118566565, 2980181.285270748659968 ], [ 372623.866624765680172, 2979904.186051713302732 ], [ 372600.959134282486048, 2980203.540968544781208 ] ] ] ] } },
{ "type": "Feature", "properties": { "t": "lake" }, "geometry": { "type": "Polygon", "coordinates": [ [ [ 366984.42806841537822, 2979608.144235452637076 ], [ 366827.442439656588249, 2979787.070025302004069 ], [ 367391.186729038250633, 2980512.307025945279747 ], [ 366984.42806841537822, 2979608.144235452637076 ] ] ] } },
{ "type": "Feature", "properties": { "t": "lake" }, "geometry": { "type": "Polygon", "coordinates": [ [ [ 364002.960400240379386, 2980304.821726209018379 ], [ 364063.971767173556145, 2980437.108908126596361 ], [ 364131.672996796900406, 2980270.190975375939161 ], [ 364002.960400240379386, 2980304.821726209018379 ] ] ] } },
{ "type": "Feature", "properties": { "t": "lake" }, "geometry": { "type": "Polygon", "coordinates": [ [ [ 363485.466181408963166, 2980199.648467998951674 ], [ 363606.717948047094978, 2979478.19459890993312 ], [ 363328.33557814033702, 2979447.984317180234939 ], [ 363254.450579052674584, 2979958.423993572127074 ], [ 363485.466181408963166, 2980199.648467998951674 ] ] ] } },
{ "type": "Feature", "properties": { "t": "river" }, "geometry": { "type": "Polygon", "coordinates": [ [ [ 371508.39981626055669, 2978231.598620552103966 ], [ 371458.862977711018175, 2978243.183996460866183 ], [ 371509.306198322563432, 2978320.218410986009985 ], [ 371508.39981626055669, 2978231.598620552103966 ] ] ] } },
{ "type": "Feature", "properties": { "t": "river" }, "geometry": { "type": "Polygon", "coordinates": [ [ [ 371647.307112458453048, 2978219.100071786437184 ], [ 371604.64366679044906, 2977931.491754579823464 ], [ 371508.626409430347849, 2978253.75356726674363 ], [ 371647.307112458453048, 2978219.100071786437184 ] ] ] } },
{ "type": "Feature", "properties": { "t": "river" }, "geometry": { "type": "MultiPolygon", "coordinates": [ [ [ [ 372055.570993053144775, 2977350.804765693377703 ], [ 371989.939709828759078, 2977333.664514631498605 ], [ 371604.417271488928236, 2977909.336821692530066 ], [ 372055.570993053144775, 2977350.804765693377703 ] ] ], [ [ [ 371647.280198197346181, 2977244.181915150955319 ], [ 371514.556028312363196, 2976891.022409877739847 ], [ 371617.487763422424905, 2977244.486209773924202 ], [ 371678.6874498531688, 2977252.383211326319724 ], [ 371647.280198197346181, 2977244.181915150955319 ] ] ] ] } },
{ "type": "Feature", "properties": { "t": "river" }, "geometry": { "type": "Polygon", "coordinates": [ [ [ 371491.862738868396264, 2976614.289119461085647 ], [ 371402.820860053645447, 2976648.43550407839939 ], [ 371495.033587264071684, 2976924.45781886158511 ], [ 371491.862738868396264, 2976614.289119461085647 ] ] ] } },
{ "type": "Feature", "properties": { "t": "river" }, "geometry": { "type": "Polygon", "coordinates": [ [ [ 371829.075513747753575, 2976566.532114463392645 ], [ 371702.766973602410872, 2976473.23446931084618 ], [ 371492.089217873639427, 2976636.444022689480335 ], [ 371829.075513747753575, 2976566.532114463392645 ] ] ] } },
{ "type": "Feature", "properties": { "t": "river" }, "geometry": { "type": "Polygon", "coordinates": [ [ [ 366183.08381767134415, 2976160.052424578927457 ], [ 366207.811311151832342, 2975683.39931907504797 ], [ 365849.065207365725655, 2976507.0563725088723 ], [ 366183.08381767134415, 2976160.052424578927457 ] ] ] } },
{ "type": "Feature", "properties": { "t": "river" }, "geometry": { "type": "MultiPolygon", "coordinates": [ [ [ [ 369707.510845134966075, 2974073.483600551728159 ], [ 370308.727584666456096, 2974282.774930345825851 ], [ 370285.01663746178383, 2974200.460805085953325 ], [ 369713.056299000279978, 2974036.782305133529007 ], [ 369707.510845134966075, 2974073.483600551728159 ] ] ], [ [ [ 370636.987517247442156, 2975581.665048552677035 ], [ 370688.914901918382384, 2975602.758525426965207 ], [ 370403.312718884495553, 2974611.143555657938123 ], [ 370636.987517247442156, 2975581.665048552677035 ] ] ], [ [ [ 371489.145112798141781, 2976348.430327171459794 ], [ 371285.184991215181071, 2975829.822096318472177 ], [ 371196.291048637707718, 2975809.907241444569081 ], [ 371489.145112798141781, 2976348.430327171459794 ] ] ] ] } },
{ "type": "Feature", "properties": { "t": "river" }, "geometry": { "type": "Polygon", "coordinates": [ [ [ 375133.078730244422331, 2974217.888004797045141 ], [ 375200.632851565722376, 2974017.806392699945718 ], [ 375022.274396349792369, 2974063.890198128297925 ], [ 375133.078730244422331, 2974217.888004797045141 ] ] ] } },
{ "type": "Feature", "properties": { "t": "river" }, "geometry": { "type": "Polygon", "coordinates": [ [ [ 367007.597145386971533, 2973348.372353519778699 ], [ 366651.849407945177518, 2973529.396554331295192 ], [ 366683.528554179822095, 2973706.321458244230598 ], [ 367007.597145386971533, 2973348.372353519778699 ] ] ] } },
{ "type": "Feature", "properties": { "t": "river" }, "geometry": { "type": "Polygon", "coordinates": [ [ [ 374428.809167241910473, 2973327.543002556543797 ], [ 374368.653453919279855, 2973272.751089514233172 ], [ 374440.069013092608657, 2973460.371883458923548 ], [ 374428.809167241910473, 2973327.543002556543797 ] ] ] } },
{ "type": "Feature", "properties": { "t": "river" }, "geometry": { "type": "MultiPolygon", "coordinates": [ [ [ [ 378681.035015699104406, 2978492.637407104950398 ], [ 378679.918774868478067, 2978490.586290444713086 ], [ 378669.377346183173358, 2978506.597911914810538 ], [ 378681.035015699104406, 2978492.637407104950398 ] ] ], [ [ [ 378436.332571555976756, 2978860.588358496781439 ], [ 378578.34180200076662, 2979169.408237805590034 ], [ 378502.627908124297392, 2978759.884448518976569 ], [ 378436.332571555976756, 2978860.588358496781439 ] ] ] ] } },
{ "type": "Feature", "properties": { "t": "lake" }, "geometry": { "type": "Polygon", "coordinates": [ [ [ 375819.655873135954607, 2978354.421329142525792 ], [ 375965.322029545437545, 2978020.62910686340183 ], [ 375747.658301057992503, 2978121.875991262495518 ], [ 375819.655873135954607, 2978354.421329142525792 ] ] ] } },
{ "type": "Feature", "properties": { "t": "river" }, "geometry": { "type": "MultiPolygon", "coordinates": [ [ [ [ 377451.043929336068686, 2974560.683493168093264 ], [ 377147.220967766246758, 2973965.416737178806216 ], [ 376395.918232220166828, 2973330.229327479377389 ], [ 377402.135787178820465, 2974638.708269469439983 ], [ 377249.266163661959581, 2975260.5857790899463 ], [ 377311.309049561677966, 2975386.120501365978271 ], [ 377451.043929336068686, 2974560.683493168093264 ] ], [ [ 377127.570826671784744, 2973987.765245692338794 ], [ 377157.911150858039036, 2974042.860667050350457 ], [ 377037.414213483221829, 2973911.097563820891082 ], [ 377127.570826671784744, 2973987.765245692338794 ] ] ], [ [ [ 377826.810230128932744, 2976429.265058852732182 ], [ 377531.354235237697139, 2976686.941786668729037 ], [ 377504.696360382891726, 2976922.494559836108238 ], [ 377846.457498272997327, 2976406.917475625872612 ], [ 377378.990851734182797, 2975523.067789295688272 ], [ 377826.810230128932744, 2976429.265058852732182 ] ] ], [ [ [ 377488.750986634579021, 2977063.395510280039161 ], [ 377996.355639815272298, 2977524.37375146150589 ], [ 377819.854729128477629, 2977494.385258242953569 ], [ 378327.169147187261842, 2977842.437975164502859 ], [ 377499.407731026469264, 2976969.226974055636674 ], [ 377488.750986634579021, 2977063.395510280039161 ] ] ], [ [ [ 377467.344272586517036, 2977252.561786842066795 ], [ 377633.281765914405696, 2977366.393165349960327 ], [ 377486.523562129121274, 2977083.078418228775263 ], [ 377467.344272586517036, 2977252.561786842066795 ] ] ] ] } },
{ "type": "Feature", "properties": { "t": "lake" }, "geometry": { "type": "Polygon", "coordinates": [ [ [ 380366.761223700304981, 2977191.393143643625081 ], [ 380495.648190713312943, 2977168.010482504498214 ], [ 380464.276113350118976, 2977002.135301736649126 ], [ 380366.761223700304981, 2977191.393143643625081 ] ] ] } },
{ "type": "Feature", "properties": { "t": "river" }, "geometry": { "type": "MultiPolygon", "coordinates": [ [ [ [ 380352.978481818106957, 2974698.924239824060351 ], [ 380463.645367748278659, 2973800.538537491112947 ], [ 380423.559385979198851, 2973791.690001174807549 ], [ 380312.510554250213318, 2974621.761742396280169 ], [ 380388.453355364035815, 2974773.364774659276009 ], [ 380352.978481818106957, 2974698.924239824060351 ] ] ], [ [ [ 380677.020055788103491, 2975349.46012624213472 ], [ 381113.23920945590362, 2975571.79628914501518 ], [ 380654.693708855600562, 2975304.88573056133464 ], [ 380677.020055788103491, 2975349.46012624213472 ] ] ], [ [ [ 381295.837855204765219, 2975664.87158262077719 ], [ 381742.317854130582418, 2975458.482198098208755 ], [ 381730.856105774117168, 2975450.287784931715578 ], [ 381245.918436486390419, 2975639.425957014318556 ], [ 381295.837855204765219, 2975664.87158262077719 ] ] ], [ [ [ 382280.948262993595563, 2975855.017973425798118 ], [ 382896.087362264981493, 2975782.80558475246653 ], [ 382250.842318480077665, 2975822.065419535152614 ], [ 382100.84948844788596, 2975714.819762158207595 ], [ 382280.948262993595563, 2975855.017973425798118 ] ] ] ] } },
{ "type": "Feature", "properties": { "t": "lake" }, "geometry": { "type": "Polygon", "coordinates": [ [ [ 382575.487949068716262, 2974423.186465478967875 ], [ 382726.027401320752688, 2974587.953957682475448 ], [ 382694.577177765779197, 2974410.997459155973047 ], [ 382575.487949068716262, 2974423.186465478967875 ] ] ] } },
{ "type": "Feature", "properties": { "t": "river" }, "geometry": { "type": "Polygon", "coordinates": [ [ [ 379628.08504786802223, 2973686.642463674303144 ], [ 379190.590891907573678, 2973646.521532328799367 ], [ 379147.56002152711153, 2973303.509335379116237 ], [ 379171.681201399769634, 2973746.407210178207606 ], [ 379628.08504786802223, 2973686.642463674303144 ] ] ] } },
{ "type": "Feature", "properties": { "t": "river" }, "geometry": { "type": "Polygon", "coordinates": [ [ [ 386181.062505187583156, 2973293.334272122010589 ], [ 385852.051484260708094, 2973163.378110280726105 ], [ 385892.990922826691531, 2973295.942467545159161 ], [ 386181.062505187583156, 2973293.334272122010589 ] ] ] } },
{ "type": "Feature", "properties": { "t": "river" }, "geometry": { "type": "Polygon", "coordinates": [ [ [ 386717.271812163759023, 2973266.341142071411014 ], [ 386706.540713634807616, 2973177.814287038519979 ], [ 386478.168301471509039, 2973190.949738784693182 ], [ 386717.271812163759023, 2973266.341142071411014 ] ] ] } },
{ "type": "Feature", "properties": { "t": "river" }, "geometry": { "type": "Polygon", "coordinates": [ [ [ 354179.378396103624254, 2986896.614386766217649 ], [ 354252.579740162240341, 2986363.942917539738119 ], [ 352687.575236903328914, 2985795.032692423090339 ], [ 351452.159799882909283, 2982895.667538358364254 ], [ 352598.25305907841539, 2985796.083423041272908 ], [ 354153.337945301667787, 2986365.098237186670303 ], [ 354111.848239858285524, 2987063.594691426958889 ], [ 354392.930743170785718, 2987337.311901734210551 ], [ 354179.378396103624254, 2986896.614386766217649 ] ], [ [ 354271.013086478982586, 2987094.979846907313913 ], [ 354131.437371257459745, 2987041.207298209890723 ], [ 354139.941455896943808, 2986919.232874619308859 ], [ 354271.013086478982586, 2987094.979846907313913 ] ] ] } },
{ "type": "Feature", "properties": { "t": "river" }, "geometry": { "type": "Polygon", "coordinates": [ [ [ 359632.811946771107614, 2986424.358765637502074 ], [ 359207.663388072513044, 2985686.817099278792739 ], [ 359603.412695428472944, 2986457.926219606306404 ], [ 359295.059450217813719, 2987281.256761657074094 ], [ 359632.811946771107614, 2986424.358765637502074 ] ] ] } },
{ "type": "Feature", "properties": { "t": "river" }, "geometry": { "type": "MultiPolygon", "coordinates": [ [ [ [ 360133.767383248137776, 2985067.083544564899057 ], [ 359228.198293232184369, 2983980.374800265301019 ], [ 359993.703366954112425, 2984968.934427896048874 ], [ 360120.504082604194991, 2985515.987139281351119 ], [ 360133.767383248137776, 2985067.083544564899057 ] ] ], [ [ [ 360394.548247554455884, 2986698.433140381705016 ], [ 360418.160752150695771, 2986537.452854776289314 ], [ 360387.40810040209908, 2986356.056866886559874 ], [ 360251.323304115678184, 2986080.421276358421892 ], [ 360394.548247554455884, 2986698.433140381705016 ] ] ], [ [ [ 360575.363908370200079, 2986861.717042061965913 ], [ 360769.189702989417128, 2986865.922641914337873 ], [ 360952.24269411037676, 2987262.741366487927735 ], [ 360970.555924479733221, 2987046.733534884173423 ], [ 360909.965328266727738, 2987030.54676808975637 ], [ 360828.854142998112366, 2986876.338593692518771 ], [ 360971.774376046552788, 2987032.362050101626664 ], [ 360978.568237504572608, 2986952.230144133791327 ], [ 360569.115001998376101, 2986724.11859202478081 ], [ 360470.560696535103489, 2986524.486205655615777 ], [ 360575.363908370200079, 2986861.717042061965913 ] ] ], [ [ [ 360441.094978522974998, 2986814.178858960978687 ], [ 360408.040195966837928, 2986756.653337450232357 ], [ 360431.665285476483405, 2986858.601029906887561 ], [ 360541.804929814126808, 2986860.989189622458071 ], [ 360441.094978522974998, 2986814.178858960978687 ] ] ] ] } },
{ "type": "Feature", "properties": { "t": "river" }, "geometry": { "type": "Polygon", "coordinates": [ [ [ 359176.146370035596192, 2985532.061025510542095 ], [ 359127.270466638030484, 2985599.086395530495793 ], [ 359177.765233606100082, 2985676.073850341141224 ], [ 359176.146370035596192, 2985532.061025510542095 ] ] ] } },
{ "type": "Feature", "properties": { "t": "river" }, "geometry": { "type": "Polygon", "coordinates": [ [ [ 359176.644474190659821, 2985576.372661262750626 ], [ 359184.82589182711672, 2985421.170391498599201 ], [ 359176.146370035596192, 2985532.061025510542095 ], [ 359176.644474190659821, 2985576.372661262750626 ] ] ] } },
{ "type": "Feature", "properties": { "t": "river" }, "geometry": { "type": "Polygon", "coordinates": [ [ [ 358612.292719765391666, 2983942.989253799431026 ], [ 359159.214908122550696, 2984025.466814708895981 ], [ 357700.858357901510317, 2983233.144502280745655 ], [ 357417.625187897705473, 2982771.028972229920328 ], [ 357601.844589469023049, 2983256.427245228551328 ], [ 358540.686045758542605, 2983755.448756183031946 ], [ 359175.897320528980345, 2985509.905208518728614 ], [ 358612.292719765391666, 2983942.989253799431026 ] ] ] } },
{ "type": "Feature", "properties": { "t": "lake" }, "geometry": { "type": "Polygon", "coordinates": [ [ [ 358509.860272081801668, 2984542.428365704603493 ], [ 358391.004938672878779, 2984565.929431490600109 ], [ 358492.385994484589901, 2984753.132898161653429 ], [ 358509.860272081801668, 2984542.428365704603493 ] ] ] } },
{ "type": "Feature", "properties": { "t": "river" }, "geometry": { "type": "MultiPolygon", "coordinates": [ [ [ [ 355070.558530970884021, 2983652.887678917031735 ], [ 355382.347236884990707, 2982772.174239043612033 ], [ 355024.654944467591122, 2983607.264760830905288 ], [ 355070.558530970884021, 2983652.887678917031735 ] ] ], [ [ [ 355818.008973260526545, 2984395.836348297540098 ], [ 356396.363692856859416, 2984621.864465482998639 ], [ 355245.657153316657059, 2983826.920155840925872 ], [ 355818.008973260526545, 2984395.836348297540098 ] ] ] ] } },
{ "type": "Feature", "properties": { "t": "lake" }, "geometry": { "type": "Polygon", "coordinates": [ [ [ 354440.697025285568088, 2982904.942459987476468 ], [ 354569.618385422567371, 2982892.367257042787969 ], [ 354418.657095064059831, 2982716.846760437358171 ], [ 354440.697025285568088, 2982904.942459987476468 ] ] ] } },
{ "type": "Feature", "properties": { "t": "river" }, "geometry": { "type": "Polygon", "coordinates": [ [ [ 351038.309933753451332, 2982324.433605143334717 ], [ 350908.648493708809838, 2981439.600809749215841 ], [ 351009.974889968696516, 2982446.646471944171935 ], [ 351410.745409454102628, 2982752.122661295346916 ], [ 351038.309933753451332, 2982324.433605143334717 ] ] ] } },
{ "type": "Feature", "properties": { "t": "river" }, "geometry": { "type": "MultiPolygon", "coordinates": [ [ [ [ 355172.040954782627523, 2981755.291097599081695 ], [ 355495.574410746572539, 2982089.004908761009574 ], [ 355248.445684802718461, 2981585.777503728866577 ], [ 355172.040954782627523, 2981755.291097599081695 ] ] ], [ [ [ 355401.434862148482352, 2982705.477438725531101 ], [ 355585.074158907635137, 2982271.263411243911833 ], [ 355535.772528399247676, 2982170.864213079214096 ], [ 355401.434862148482352, 2982705.477438725531101 ] ] ] ] } },
{ "type": "Feature", "properties": { "t": "river" }, "geometry": { "type": "MultiPolygon", "coordinates": [ [ [ [ 357135.40393933118321, 2979782.817555846646428 ], [ 357588.379044937202707, 2980320.557623793836683 ], [ 357193.61954641493503, 2980535.549447538331151 ], [ 357129.325420385575853, 2981865.802379451692104 ], [ 357430.48609850613866, 2982477.923539491835982 ], [ 357463.357039881346282, 2982427.049331516958773 ], [ 357238.655491329962388, 2981875.63716300111264 ], [ 357274.686594347818755, 2980678.658685908652842 ], [ 357698.977700235554948, 2980441.175770614761859 ], [ 357196.894776616012678, 2979765.467050938401371 ], [ 357135.40393933118321, 2979782.817555846646428 ] ] ], [ [ [ 357799.787371586076915, 2979697.72062671976164 ], [ 357634.764348818047438, 2979156.705210275482386 ], [ 358048.058216975419782, 2978819.649049145169556 ], [ 357484.059607571572997, 2978128.040563226211816 ], [ 357937.575136952335015, 2978710.105447833891958 ], [ 357584.487434396171011, 2979101.878776385448873 ], [ 357749.136729355435818, 2979609.660014708526433 ], [ 357284.786161306663416, 2979740.667872237507254 ], [ 357799.787371586076915, 2979697.72062671976164 ] ] ] ] } },
{ "type": "Feature", "properties": { "t": "lake" }, "geometry": { "type": "Polygon", "coordinates": [ [ [ 354465.721548471832648, 2982494.710605207365006 ], [ 354471.536074392031878, 2982140.099396194331348 ], [ 354332.808104008086957, 2982163.86852994421497 ], [ 354465.721548471832648, 2982494.710605207365006 ] ] ] } },
{ "type": "Feature", "properties": { "t": "river" }, "geometry": { "type": "MultiPolygon", "coordinates": [ [ [ [ 354035.924145603668876, 2978832.393913029693067 ], [ 354206.73358850798104, 2978792.195431898813695 ], [ 353932.123339303885587, 2978688.986081147566438 ], [ 354035.924145603668876, 2978832.393913029693067 ] ] ], [ [ [ 354254.742552336771041, 2979716.209640155080706 ], [ 354285.904624158050865, 2979730.779350578784943 ], [ 354333.956941953743808, 2978840.013561030384153 ], [ 354326.907075772294775, 2978837.363757804501802 ], [ 354254.742552336771041, 2979716.209640155080706 ] ] ], [ [ [ 354694.07357805891661, 2979921.627344907261431 ], [ 354996.739625057205558, 2981192.263767243362963 ], [ 354803.67979245132301, 2979953.597651168238372 ], [ 354540.88749036367517, 2979849.999757023062557 ], [ 354694.07357805891661, 2979921.627344907261431 ] ] ] ] } },
{ "type": "Feature", "properties": { "t": "river" }, "geometry": { "type": "MultiPolygon", "coordinates": [ [ [ [ 351297.244335437309928, 2980714.813492583110929 ], [ 350983.981691562163178, 2980037.422463444527239 ], [ 351217.81426122027915, 2980715.754775961395353 ], [ 350851.371434221684467, 2980797.661367835476995 ], [ 351297.244335437309928, 2980714.813492583110929 ] ] ], [ [ [ 351204.028637271956541, 2979552.557609014213085 ], [ 351119.942592232313473, 2979291.51590288663283 ], [ 351152.804520913749002, 2979420.209274462424219 ], [ 350940.135531150037423, 2979910.235575121361762 ], [ 350981.691624502302147, 2980030.779483010992408 ], [ 351204.028637271956541, 2979552.557609014213085 ] ] ], [ [ [ 350932.315177289419807, 2978414.579164511989802 ], [ 351173.011649724794552, 2978611.15827360143885 ], [ 351287.980444252141751, 2978255.249663514550775 ], [ 351142.826551189296879, 2978578.277112177107483 ], [ 350882.004761107848026, 2978359.778158477507532 ], [ 350915.856905177352019, 2978492.331766 ], [ 350932.315177289419807, 2978414.579164511989802 ] ] ] ] } },
{ "type": "Feature", "properties": { "t": "lake" }, "geometry": { "type": "Polygon", "coordinates": [ [ [ 362836.100383199751377, 2980749.600638204719871 ], [ 362502.641082184622064, 2980221.453633313067257 ], [ 362593.697448700142559, 2980375.563604875467718 ], [ 362836.100383199751377, 2980749.600638204719871 ] ] ] } },
{ "type": "Feature", "properties": { "t": "lake" }, "geometry": { "type": "Polygon", "coordinates": [ [ [ 362685.108516381471418, 2979654.424444001633674 ], [ 362812.493689645198174, 2979497.92536823824048 ], [ 362670.939237977436278, 2979266.812568077351898 ], [ 362685.108516381471418, 2979654.424444001633674 ] ] ] } },
{ "type": "Feature", "properties": { "t": "river" }, "geometry": { "type": "MultiPolygon", "coordinates": [ [ [ [ 351029.600440174748655, 2977405.181522993370891 ], [ 351296.468871484976262, 2978133.273687885608524 ], [ 351064.58767360605998, 2977368.72384605044499 ], [ 351029.600440174748655, 2977405.181522993370891 ] ] ], [ [ [ 351669.6491385884583, 2976932.269731268752366 ], [ 351319.26307658047881, 2975861.691585426684469 ], [ 351553.806839857483283, 2975593.803120705764741 ], [ 351524.185465275775641, 2975549.043225404806435 ], [ 350902.356572333665099, 2975888.78680328046903 ], [ 351248.555584159912542, 2975762.811743291094899 ], [ 351588.887336651212536, 2976822.427429355680943 ], [ 351129.415524637210183, 2977301.172259985469282 ], [ 351669.6491385884583, 2976932.269731268752366 ] ] ], [ [ [ 351879.141733295400627, 2976165.311342803761363 ], [ 352454.019791910948697, 2976531.819913350511342 ], [ 351938.866179194068536, 2976175.687456737738103 ], [ 351811.276364502613433, 2975982.872540014795959 ], [ 351879.141733295400627, 2976165.311342803761363 ] ] ], [ [ [ 352976.01717494323384, 2977371.181310768704861 ], [ 352739.612018980667926, 2977540.141691045369953 ], [ 353401.016896447283216, 2978042.064837086945772 ], [ 353069.67347920674365, 2977735.709271457511932 ], [ 353010.430998031748459, 2976916.519727626815438 ], [ 352922.796111758274492, 2976855.926291333977133 ], [ 352976.01717494323384, 2977371.181310768704861 ] ], [ [ 353038.325686590920668, 2977603.121903078164905 ], [ 352819.061741324840114, 2977539.210956996772438 ], [ 352947.908250720356591, 2977515.543624383863062 ], [ 353038.325686590920668, 2977603.121903078164905 ] ] ] ] } },
{ "type": "Feature", "properties": { "t": "river" }, "geometry": { "type": "MultiPolygon", "coordinates": [ [ [ [ 357425.23703234072309, 2976444.6585802892223 ], [ 357867.752097379416227, 2976927.134725366719067 ], [ 358156.823813997558318, 2976137.244437034241855 ], [ 358838.65838704718044, 2975819.354119025636464 ], [ 358747.941951373359188, 2975688.334201744291931 ], [ 358048.070592634496279, 2976182.788634067866951 ], [ 357857.194238888914697, 2976871.857884125784039 ], [ 357615.950798350968398, 2976619.765292616095394 ], [ 357731.747410607466009, 2976319.314701788593084 ], [ 357623.33833101572236, 2976339.47475665807724 ], [ 357642.735654633084778, 2976353.559965097811073 ], [ 357541.429446113412268, 2976354.707428340334445 ], [ 357414.551312871277332, 2976378.304206443484873 ], [ 357354.207385946821887, 2978063.038438525982201 ], [ 357425.23703234072309, 2976444.6585802892223 ] ] ], [ [ [ 358735.831261777726468, 2974623.957575504202396 ], [ 358511.443846692680381, 2974105.757750924210995 ], [ 358742.641868414240889, 2973460.569274733308703 ], [ 358450.097024593618698, 2973951.339226922020316 ], [ 358342.615160769259091, 2974993.99211813788861 ], [ 358384.550019630580209, 2975054.858045987784863 ], [ 358735.831261777726468, 2974623.957575504202396 ] ], [ [ 358705.78251875465503, 2974602.136662551667541 ], [ 358587.080641401000321, 2974647.787004110403359 ], [ 358555.661755098379217, 2974504.110890666488558 ], [ 358684.920472046243958, 2974513.737604653928429 ], [ 358705.78251875465503, 2974602.136662551667541 ] ] ] ] } },
{ "type": "Feature", "properties": { "t": "lake" }, "geometry": { "type": "Polygon", "coordinates": [ [ [ 362317.653659832547419, 2976933.001438049133867 ], [ 362777.035770264395978, 2977160.63728347979486 ], [ 362205.372923507238738, 2976657.25591530604288 ], [ 362317.653659832547419, 2976933.001438049133867 ] ] ] } },
{ "type": "Feature", "properties": { "t": "lake" }, "geometry": { "type": "Polygon", "coordinates": [ [ [ 356605.05705003242474, 2976819.603456115350127 ], [ 356744.478834394423757, 2976851.251709097996354 ], [ 356702.858186606201343, 2976685.536601808387786 ], [ 356605.05705003242474, 2976819.603456115350127 ] ] ] } },
{ "type": "Feature", "properties": { "t": "river" }, "geometry": { "type": "MultiPolygon", "coordinates": [ [ [ [ 360113.316447539953515, 2973423.103329280856997 ], [ 360220.532973985595163, 2974130.973694080021232 ], [ 360325.21040273248218, 2974270.191239307634532 ], [ 360113.316447539953515, 2973423.103329280856997 ] ] ], [ [ [ 360906.185707222728524, 2975042.938458280172199 ], [ 360484.845947576512117, 2975568.321959478314966 ], [ 360498.710813987010624, 2975922.699389387387782 ], [ 360955.237980857025832, 2974987.000815662555397 ], [ 361260.435784372326452, 2975637.295488222036511 ], [ 361100.395411043369677, 2976436.755568613763899 ], [ 361290.966147207014728, 2975703.433089093305171 ], [ 361435.367389777849894, 2975750.826892926357687 ], [ 360711.450763534638099, 2974502.218503207433969 ], [ 360353.473229311057366, 2974307.780523089226335 ], [ 360906.185707222728524, 2975042.938458280172199 ] ] ] ] } },
{ "type": "Feature", "properties": { "t": "lake" }, "geometry": { "type": "Polygon", "coordinates": [ [ [ 359866.068112732784357, 2975309.302416029851884 ], [ 360015.305581322405487, 2975329.798832850065082 ], [ 359992.480899659334682, 2975064.154072260018438 ], [ 359866.068112732784357, 2975309.302416029851884 ] ] ] } },
{ "type": "Feature", "properties": { "t": "lake" }, "geometry": { "type": "Polygon", "coordinates": [ [ [ 354570.222562624956481, 2975225.388439775910228 ], [ 354677.693577631143853, 2975069.035070265643299 ], [ 354508.318346521176863, 2975026.675405201036483 ], [ 354570.222562624956481, 2975225.388439775910228 ] ] ] } },
{ "type": "Feature", "properties": { "t": "river" }, "geometry": { "type": "Polygon", "coordinates": [ [ [ 362122.205721530714072, 2973600.359729639720172 ], [ 362149.823915611079428, 2973400.635398893151432 ], [ 362129.955601087887771, 2973400.853005606215447 ], [ 362122.205721530714072, 2973600.359729639720172 ] ] ] } },
{ "type": "Feature", "properties": { "t": "river" }, "geometry": { "type": "Polygon", "coordinates": [ [ [ 312057.356695676280651, 2987258.560027887113392 ], [ 311913.305655624135397, 2987582.101183439139277 ], [ 312076.761706486809999, 2987889.942490852903575 ], [ 312057.356695676280651, 2987258.560027887113392 ] ] ] } },
{ "type": "Feature", "properties": { "t": "river" }, "geometry": { "type": "Polygon", "coordinates": [ [ [ 309294.965025349345524, 2987743.615868575405329 ], [ 309206.991475175600499, 2987833.613804358057678 ], [ 309317.683971384773031, 2987931.666830875910819 ], [ 309294.965025349345524, 2987743.615868575405329 ] ] ] } },
{ "type": "Feature", "properties": { "t": "river" }, "geometry": { "type": "MultiPolygon", "coordinates": [ [ [ [ 301580.096949819824658, 2983907.007642243523151 ], [ 301334.443623287952505, 2983445.426478830166161 ], [ 301519.474475194176193, 2983841.471354391891509 ], [ 301365.886383827310055, 2984176.383156104944646 ], [ 301394.345756115275435, 2984213.833812321536243 ], [ 301580.096949819824658, 2983907.007642243523151 ] ] ], [ [ [ 301690.422934717847966, 2984603.467995618470013 ], [ 301662.109662871691398, 2985324.287933901418 ], [ 301896.080300376343075, 2985468.355324587784708 ], [ 301702.169213101034984, 2985345.819234039168805 ], [ 301729.783566497499123, 2984580.68005248112604 ], [ 301521.631793568376452, 2984381.337171379942447 ], [ 301690.422934717847966, 2984603.467995618470013 ] ] ], [ [ [ 301811.781996238685679, 2985997.961221246514469 ], [ 301905.194548471015878, 2986005.119608918670565 ], [ 301993.034378510084935, 2985529.624414714053273 ], [ 301942.703835137886927, 2985497.818403468001634 ], [ 301811.781996238685679, 2985997.961221246514469 ] ] ], [ [ [ 303849.692895623622462, 2986154.289729123935103 ], [ 304346.048308566911146, 2987217.498924586456269 ], [ 304295.112701248377562, 2986701.447514684405178 ], [ 303839.419435917108785, 2986132.285568543244153 ], [ 303387.194964826689102, 2986118.782123053446412 ], [ 303849.692895623622462, 2986154.289729123935103 ] ] ], [ [ [ 304712.545200878055766, 2988002.663684830535203 ], [ 304672.744235008140095, 2987360.50063150189817 ], [ 304387.054911815212108, 2987305.344510716386139 ], [ 304712.545200878055766, 2988002.663684830535203 ] ] ] ] } },
{ "type": "Feature", "properties": { "t": "river" }, "geometry": { "type": "Polygon", "coordinates": [ [ [ 309490.091715853544883, 2987519.001643715426326 ], [ 309318.833762019872665, 2987355.376200791448355 ], [ 309304.889962996530812, 2987743.46468066284433 ], [ 309490.091715853544883, 2987519.001643715426326 ] ] ] } },
{ "type": "Feature", "properties": { "t": "river" }, "geometry": { "type": "MultiPolygon", "coordinates": [ [ [ [ 310116.04492975003086, 2987553.820891323965043 ], [ 310122.445110796834342, 2987449.828940957318991 ], [ 310066.419675259967335, 2987554.57364912237972 ], [ 309639.810597642906941, 2987572.135087501257658 ], [ 310116.04492975003086, 2987553.820891323965043 ] ] ], [ [ [ 310482.296769882319495, 2986827.935348208062351 ], [ 310315.125549335614778, 2985622.518648760858923 ], [ 310285.305684146122076, 2985583.722265934571624 ], [ 310442.929745754576288, 2986850.695344625972211 ], [ 310424.739819533540867, 2986884.698796146549284 ], [ 310482.296769882319495, 2986827.935348208062351 ] ] ] ] } },
{ "type": "Feature", "properties": { "t": "river" }, "geometry": { "type": "MultiPolygon", "coordinates": [ [ [ [ 310425.232964015332982, 2984368.579041216056794 ], [ 310498.200767624308355, 2985254.040162236429751 ], [ 310708.310546337510459, 2985594.025915087666363 ], [ 310446.260896789492108, 2984445.835413092281669 ], [ 310647.97906771779526, 2984324.998251507524401 ], [ 310425.232964015332982, 2984368.579041216056794 ] ] ], [ [ [ 311118.916199977509677, 2984934.372037270572037 ], [ 311193.158780329395086, 2984589.711018864996731 ], [ 310961.654894707491621, 2984382.642027146182954 ], [ 311001.83865334209986, 2984255.773641122039407 ], [ 310726.402624270878732, 2984309.655524239409715 ], [ 311118.916199977509677, 2984934.372037270572037 ] ] ], [ [ [ 311430.8502132940921, 2983968.547161085996777 ], [ 311383.131619364256039, 2983356.750437353271991 ], [ 311167.763527524191886, 2983914.925861330702901 ], [ 311430.8502132940921, 2983968.547161085996777 ] ] ], [ [ [ 310688.100899220095016, 2985993.667486644349992 ], [ 311117.268621212802827, 2986142.337730112485588 ], [ 311203.316316965851001, 2986656.657826508861035 ], [ 311187.419486464816146, 2986185.608270813245326 ], [ 310786.526761960820295, 2985936.770189128350466 ], [ 310745.202433474012651, 2985755.684603448025882 ], [ 310688.100899220095016, 2985993.667486644349992 ] ] ], [ [ [ 311226.382431081496179, 2986794.532879405654967 ], [ 311905.815824994817376, 2987083.523598638828844 ], [ 311214.233499335707165, 2986721.913748045451939 ], [ 311226.382431081496179, 2986794.532879405654967 ] ] ] ] } },
{ "type": "Feature", "properties": { "t": "river" }, "geometry": { "type": "Polygon", "coordinates": [ [ [ 312221.519212326500565, 2985627.047614030539989 ], [ 312471.007800813647918, 2985711.966404404025525 ], [ 312396.07633567857556, 2986012.300824935548007 ], [ 312788.977983715478331, 2985064.459885875228792 ], [ 312644.215817122720182, 2985343.671392189804465 ], [ 312221.519212326500565, 2985627.047614030539989 ] ] ] } },
{ "type": "Feature", "properties": { "t": "river" }, "geometry": { "type": "MultiPolygon", "coordinates": [ [ [ [ 308657.614418832934462, 2984362.189669860061258 ], [ 309005.15515300934203, 2984602.898148755077273 ], [ 309035.539947843994014, 2984400.755173581186682 ], [ 308695.06766449555289, 2984299.260391171555966 ], [ 308657.614418832934462, 2984362.189669860061258 ] ] ], [ [ [ 309095.247816381393932, 2983757.081825016066432 ], [ 309064.818398823728785, 2983678.045031805057079 ], [ 308837.061083111038897, 2984060.689078604336828 ], [ 309095.247816381393932, 2983757.081825016066432 ] ] ], [ [ [ 308759.088377266016323, 2984504.709272304549813 ], [ 308759.827158954169136, 2984553.131164591759443 ], [ 308990.460693925735541, 2984700.660056240390986 ], [ 309003.615205996786244, 2984613.143287335988134 ], [ 308759.088377266016323, 2984504.709272304549813 ] ] ], [ [ [ 308764.328958755591884, 2984848.176481077447534 ], [ 308803.32628995354753, 2984875.732744901441038 ], [ 308762.131227465928532, 2984704.141828829422593 ], [ 308764.328958755591884, 2984848.176481077447534 ] ] ], [ [ [ 309025.307767099817283, 2985032.593613192904741 ], [ 309508.367127191158943, 2984803.599169763736427 ], [ 309094.122340011701453, 2984987.216538705397397 ], [ 308816.973383364034817, 2984885.376099102664739 ], [ 309025.307767099817283, 2985032.593613192904741 ] ] ] ] } },
{ "type": "Feature", "properties": { "t": "river" }, "geometry": { "type": "Polygon", "coordinates": [ [ [ 307799.835801511653699, 2983466.570517326239496 ], [ 307765.557906954898499, 2983821.726883974391967 ], [ 307804.981453980319202, 2983802.269989747088403 ], [ 307799.835801511653699, 2983466.570517326239496 ] ] ] } },
{ "type": "Feature", "properties": { "t": "river" }, "geometry": { "type": "Polygon", "coordinates": [ [ [ 311499.273735267692246, 2983155.528663023840636 ], [ 311297.870294266787823, 2982970.163903431035578 ], [ 311411.91685239598155, 2983289.825666587334126 ], [ 311499.273735267692246, 2983155.528663023840636 ] ] ] } },
{ "type": "Feature", "properties": { "t": "river" }, "geometry": { "type": "MultiPolygon", "coordinates": [ [ [ [ 308669.138395824818872, 2983165.140602548141032 ], [ 308641.88856427394785, 2983331.788657151628286 ], [ 308796.956780628592242, 2983153.340428667142987 ], [ 308669.138395824818872, 2983165.140602548141032 ] ] ], [ [ [ 308900.028532407886814, 2983327.852243281900883 ], [ 308956.729964547324926, 2983138.592062363401055 ], [ 308875.964948000269942, 2983146.047071601264179 ], [ 308900.028532407886814, 2983327.852243281900883 ] ] ] ] } },
{ "type": "Feature", "properties": { "t": "river" }, "geometry": { "type": "MultiPolygon", "coordinates": [ [ [ [ 307100.562203028879594, 2981260.859818095806986 ], [ 307757.904922016372439, 2982026.526829079259187 ], [ 307583.761218507774174, 2982328.415855866391212 ], [ 307718.539839629956987, 2983345.912456362508237 ], [ 307785.996206537995022, 2981915.274544966872782 ], [ 307247.728026930883061, 2981097.948330619372427 ], [ 307100.562203028879594, 2981260.859818095806986 ] ] ], [ [ [ 307641.627390896668658, 2980920.08980565238744 ], [ 307873.174615469179116, 2980473.256949817761779 ], [ 307861.566036682459526, 2980418.501854495611042 ], [ 307277.136744717077818, 2981065.393848472740501 ], [ 307641.627390896668658, 2980920.08980565238744 ] ] ], [ [ [ 307798.23174224246759, 2980119.774838485289365 ], [ 307724.395900066476315, 2980152.234208607114851 ], [ 307851.556822682614438, 2980371.290919829159975 ], [ 307798.23174224246759, 2980119.774838485289365 ] ] ], [ [ [ 307420.58626090514008, 2980285.800059157423675 ], [ 307454.04315372754354, 2980346.691937053110451 ], [ 307684.382446360308677, 2980169.82499413471669 ], [ 307420.58626090514008, 2980285.800059157423675 ] ] ], [ [ [ 307500.640856733603869, 2979982.294541110750288 ], [ 307321.201041647931561, 2980104.921674153767526 ], [ 307332.711017224297393, 2980125.869231707416475 ], [ 307500.640856733603869, 2979982.294541110750288 ] ] ], [ [ [ 307674.646998081938364, 2979833.530882922001183 ], [ 307712.403165534022264, 2979114.932483854703605 ], [ 307643.754642207291909, 2979113.663573811296374 ], [ 307587.731000870815478, 2979907.837496821768582 ], [ 307674.646998081938364, 2979833.530882922001183 ] ] ], [ [ [ 308001.639734080177732, 2979130.352358050178736 ], [ 307917.272061426716391, 2978810.260304043069482 ], [ 307748.42669749900233, 2978812.84312411909923 ], [ 307971.674890515743755, 2979119.72828485025093 ], [ 307877.983488666708581, 2979117.994639153126627 ], [ 308001.639734080177732, 2979130.352358050178736 ] ] ] ] } },
{ "type": "Feature", "properties": { "t": "river" }, "geometry": { "type": "Polygon", "coordinates": [ [ [ 301384.087239567132201, 2983444.640098497271538 ], [ 301241.924178335233591, 2983247.404869846533984 ], [ 301334.443623287952505, 2983445.426478830166161 ], [ 301384.087239567132201, 2983444.640098497271538 ] ] ] } },
{ "type": "Feature", "properties": { "t": "river" }, "geometry": { "type": "MultiPolygon", "coordinates": [ [ [ [ 311185.406343222188298, 2978793.960862834937871 ], [ 310812.497857327747624, 2979098.783812976442277 ], [ 310976.074000170454383, 2979406.615485159214586 ], [ 310802.148179848329164, 2979730.611071565188468 ], [ 310341.357687792740762, 2978817.757375162094831 ], [ 310763.258123587700538, 2979786.606862477492541 ], [ 311027.898534143983852, 2979549.900835746899247 ], [ 310881.853032768762205, 2979086.657461188733578 ], [ 311278.660589078033809, 2978840.953690008725971 ], [ 311185.406343222188298, 2978793.960862834937871 ] ] ], [ [ [ 311484.410374869941734, 2979017.744260676205158 ], [ 311505.721901502110995, 2978955.379063897300512 ], [ 311304.042742562480271, 2978853.744482078589499 ], [ 311484.410374869941734, 2979017.744260676205158 ] ] ], [ [ [ 311140.475781651795842, 2979769.846092715859413 ], [ 311546.203112870745827, 2980328.928422302007675 ], [ 312139.558257615542971, 2980153.807747388724238 ], [ 312066.248245241004042, 2980564.934637920930982 ], [ 312105.970226069679484, 2980564.340047253761441 ], [ 312178.452850268455222, 2980097.816482042893767 ], [ 311674.637504224199802, 2980282.673582871444523 ], [ 311201.228825872763991, 2979846.50608641654253 ], [ 311361.418932787026279, 2979377.676033548545092 ], [ 311140.475781651795842, 2979769.846092715859413 ] ] ], [ [ [ 312342.240362073178403, 2980836.51608615508303 ], [ 312443.93790401017759, 2980581.449891725089401 ], [ 312353.526323662605137, 2980576.871850130148232 ], [ 312342.240362073178403, 2980836.51608615508303 ] ] ], [ [ [ 312332.060833045048639, 2981070.724444746505469 ], [ 312675.306136805913411, 2981442.380146135110408 ], [ 312631.862831289530732, 2981526.142703277524561 ], [ 312705.591525782831013, 2981475.173698606900871 ], [ 312338.513141468167305, 2980922.269102595746517 ], [ 312332.060833045048639, 2981070.724444746505469 ] ] ], [ [ [ 312385.695767587865703, 2982000.800833640620112 ], [ 312425.335210592544172, 2982005.854784699622542 ], [ 312421.97177286085207, 2981930.850825646426529 ], [ 312385.695767587865703, 2982000.800833640620112 ] ] ], [ [ [ 313241.43230892054271, 2982109.934130692854524 ], [ 313318.356284447538201, 2982607.47192774200812 ], [ 313527.68499752425123, 2982659.767466949298978 ], [ 313310.936834308260586, 2982108.899693688377738 ], [ 312738.060179109685123, 2982045.731111357454211 ], [ 313241.43230892054271, 2982109.934130692854524 ] ] ] ] } },
{ "type": "Feature", "properties": { "t": "river" }, "geometry": { "type": "Polygon", "coordinates": [ [ [ 301331.385235137422569, 2982625.359679278451949 ], [ 301230.862525904201902, 2982549.373658597934991 ], [ 301234.373901523067616, 2982770.970809207763523 ], [ 301331.385235137422569, 2982625.359679278451949 ] ] ] } },
{ "type": "Feature", "properties": { "t": "lake" }, "geometry": { "type": "Polygon", "coordinates": [ [ [ 303329.816334184957668, 2982128.403752202168107 ], [ 303229.477016099845059, 2982063.48204241739586 ], [ 303202.294762215053197, 2982230.145844291429967 ], [ 303329.816334184957668, 2982128.403752202168107 ] ] ] } },
{ "type": "Feature", "properties": { "t": "lake" }, "geometry": { "type": "Polygon", "coordinates": [ [ [ 305995.397952215047553, 2980446.722878281958401 ], [ 305885.473085198551416, 2980404.092857456766069 ], [ 305888.04276531439973, 2980570.287520925048739 ], [ 305995.397952215047553, 2980446.722878281958401 ] ] ] } },
{ "type": "Feature", "properties": { "t": "lake" }, "geometry": { "type": "Polygon", "coordinates": [ [ [ 301511.107923449657392, 2980173.259682104922831 ], [ 301434.63633787620347, 2980362.872815662063658 ], [ 301544.054208093089983, 2980372.225377074908465 ], [ 301511.107923449657392, 2980173.259682104922831 ] ] ] } },
{ "type": "Feature", "properties": { "t": "river" }, "geometry": { "type": "Polygon", "coordinates": [ [ [ 310010.499655355815776, 2979930.957314614206553 ], [ 310064.891400906722993, 2979586.592251669149846 ], [ 309445.46340205532033, 2978698.330648678354919 ], [ 309875.021338540827855, 2979511.89116021245718 ], [ 310010.499655355815776, 2979930.957314614206553 ] ] ] } },
{ "type": "Feature", "properties": { "t": "lake" }, "geometry": { "type": "Polygon", "coordinates": [ [ [ 304635.594272000249475, 2979237.666850046254694 ], [ 304623.421995680313557, 2979093.785537706688046 ], [ 304424.954243312182371, 2979107.956441012676805 ], [ 304635.594272000249475, 2979237.666850046254694 ] ] ] } },
{ "type": "Feature", "properties": { "t": "lake" }, "geometry": { "type": "Polygon", "coordinates": [ [ [ 306104.142636782373302, 2979126.253037822898477 ], [ 306041.813918845378794, 2978949.899150568060577 ], [ 305984.446252995403484, 2979094.85448975674808 ], [ 306104.142636782373302, 2979126.253037822898477 ] ] ] } },
{ "type": "Feature", "properties": { "t": "river" }, "geometry": { "type": "Polygon", "coordinates": [ [ [ 309376.779316796804778, 2978754.78281755046919 ], [ 309008.450927797239274, 2978704.966856595128775 ], [ 309109.455549487262033, 2978814.252251755911857 ], [ 309376.779316796804778, 2978754.78281755046919 ] ] ] } },
{ "type": "Feature", "properties": { "t": "river" }, "geometry": { "type": "Polygon", "coordinates": [ [ [ 309981.795980456168763, 2978690.20701352879405 ], [ 310002.833081860444508, 2978767.462807118427008 ], [ 310160.740705910371616, 2978698.583684120327234 ], [ 309981.795980456168763, 2978690.20701352879405 ] ] ] } },
{ "type": "Feature", "properties": { "t": "river" }, "geometry": { "type": "Polygon", "coordinates": [ [ [ 310307.379555794177577, 2978541.221031537279487 ], [ 310130.77707407460548, 2978687.954516563098878 ], [ 310379.078724917839281, 2978684.204285700339824 ], [ 310307.379555794177577, 2978541.221031537279487 ] ] ] } },
{ "type": "Feature", "properties": { "t": "river" }, "geometry": { "type": "Polygon", "coordinates": [ [ [ 309904.728168537258171, 2978192.683035776950419 ], [ 309439.917951320472639, 2978332.707809379789978 ], [ 309905.566252370481379, 2978248.080327204428613 ], [ 309981.795980456168763, 2978690.20701352879405 ], [ 309904.728168537258171, 2978192.683035776950419 ] ] ] } },
{ "type": "Feature", "properties": { "t": "river" }, "geometry": { "type": "Polygon", "coordinates": [ [ [ 309465.327589547669049, 2978698.029364499729127 ], [ 309442.270489665679634, 2978487.820510547608137 ], [ 309445.46340205532033, 2978698.330648678354919 ], [ 309465.327589547669049, 2978698.029364499729127 ] ] ] } },
{ "type": "Feature", "properties": { "t": "river" }, "geometry": { "type": "Polygon", "coordinates": [ [ [ 309445.46340205532033, 2978698.330648678354919 ], [ 309440.422057112795301, 2978365.946243045385927 ], [ 309385.870831293752417, 2978699.234689893200994 ], [ 309445.46340205532033, 2978698.330648678354919 ] ] ] } },
{ "type": "Feature", "properties": { "t": "river" }, "geometry": { "type": "MultiPolygon", "coordinates": [ [ [ [ 307106.522473326185718, 2976473.263193639926612 ], [ 306544.595154960989021, 2976116.184010551776737 ], [ 306704.793658777780365, 2975548.530085231177509 ], [ 306474.884741967369337, 2976106.174390090163797 ], [ 307047.088709614006802, 2976485.257247629575431 ], [ 307143.84187603299506, 2976783.624822332523763 ], [ 307106.522473326185718, 2976473.263193639926612 ] ] ], [ [ [ 307229.141263708705083, 2977989.637908725533634 ], [ 307938.430545738432556, 2978244.748300564009696 ], [ 307896.15969868877437, 2978079.162617778871208 ], [ 308223.395974356331863, 2978031.124448961112648 ], [ 307288.737809420796111, 2977988.723835101351142 ], [ 307255.209543578734156, 2977709.856323762796819 ], [ 307229.141263708705083, 2977989.637908725533634 ] ] ], [ [ [ 307586.289161718799733, 2978604.764555783476681 ], [ 307980.700466459151357, 2978410.334093859884888 ], [ 307938.430545738432556, 2978244.748300564009696 ], [ 307586.289161718799733, 2978604.764555783476681 ] ] ], [ [ [ 308801.141927100019529, 2978183.252137863542885 ], [ 308750.198239857505541, 2978055.053428296465427 ], [ 308487.183177443919703, 2978043.103710220195353 ], [ 308801.141927100019529, 2978183.252137863542885 ] ] ] ] } },
{ "type": "Feature", "properties": { "t": "lake" }, "geometry": { "type": "Polygon", "coordinates": [ [ [ 303306.888157336041331, 2978127.994989408645779 ], [ 303523.331686610530596, 2977991.619927942752838 ], [ 303284.767729333369061, 2977984.269662167876959 ], [ 303306.888157336041331, 2978127.994989408645779 ] ] ] } },
{ "type": "Feature", "properties": { "t": "river" }, "geometry": { "type": "Polygon", "coordinates": [ [ [ 301646.350560555583797, 2978043.271474419161677 ], [ 301547.020702318754047, 2978044.839727121405303 ], [ 301915.938222971977666, 2978127.679281108547002 ], [ 301646.350560555583797, 2978043.271474419161677 ] ] ] } },
{ "type": "Feature", "properties": { "t": "lake" }, "geometry": { "type": "Polygon", "coordinates": [ [ [ 312878.845351874246262, 2977771.260200383607298 ], [ 313008.299713147920556, 2977791.496933957561851 ], [ 312926.199840192799456, 2977615.410133427008986 ], [ 312878.845351874246262, 2977771.260200383607298 ] ] ] } },
{ "type": "Feature", "properties": { "t": "river" }, "geometry": { "type": "Polygon", "coordinates": [ [ [ 301587.41512620577123, 2977456.827222103718668 ], [ 301456.377568649710156, 2977596.907671784516424 ], [ 301494.626576330629177, 2977750.33490710100159 ], [ 301587.41512620577123, 2977456.827222103718668 ] ] ] } },
{ "type": "Feature", "properties": { "t": "river" }, "geometry": { "type": "Polygon", "coordinates": [ [ [ 301386.167520774062723, 2977452.756012023892254 ], [ 301415.963308407925069, 2977434.798454063478857 ], [ 301417.908795422583353, 2977442.602088356856257 ], [ 301516.656253757537343, 2977380.366600026376545 ], [ 301150.868811581691261, 2977496.9735874729231 ], [ 301386.167520774062723, 2977452.756012023892254 ] ] ] } },
{ "type": "Feature", "properties": { "t": "lake" }, "geometry": { "type": "Polygon", "coordinates": [ [ [ 308437.359193296753801, 2977084.595513293519616 ], [ 308566.999756572477054, 2977115.866835113614798 ], [ 308494.596778676379472, 2976928.574472346808761 ], [ 308437.359193296753801, 2977084.595513293519616 ] ] ] } },
{ "type": "Feature", "properties": { "t": "lake" }, "geometry": { "type": "Polygon", "coordinates": [ [ [ 308876.108660523430444, 2975881.057475057896227 ], [ 308853.882595260045491, 2975726.246889039408416 ], [ 308716.485015818034299, 2975839.156078634783626 ], [ 308876.108660523430444, 2975881.057475057896227 ] ] ] } },
{ "type": "Feature", "properties": { "t": "river" }, "geometry": { "type": "Polygon", "coordinates": [ [ [ 306794.952272181224544, 2974948.708654929418117 ], [ 306771.341861185966991, 2975044.645955585874617 ], [ 306809.275098585814703, 2974970.585788898169994 ], [ 306794.952272181224544, 2974948.708654929418117 ] ] ] } },
{ "type": "Feature", "properties": { "t": "river" }, "geometry": { "type": "Polygon", "coordinates": [ [ [ 306764.806388923316263, 2974927.007321455981582 ], [ 306493.999853405344766, 2974764.936950655188411 ], [ 306766.337912094197236, 2975026.723158542532474 ], [ 306764.806388923316263, 2974927.007321455981582 ] ] ] } },
{ "type": "Feature", "properties": { "t": "river" }, "geometry": { "type": "Polygon", "coordinates": [ [ [ 306489.16951522056479, 2974823.830448853783309 ], [ 306490.732680038549006, 2974840.802947128657252 ], [ 306545.039381103473715, 2974852.809413212817162 ], [ 306489.16951522056479, 2974823.830448853783309 ] ] ] } },
{ "type": "Feature", "properties": { "t": "lake" }, "geometry": { "type": "Polygon", "coordinates": [ [ [ 308061.075410737888888, 2974563.621287539135665 ], [ 307910.521802318631671, 2974466.180042480118573 ], [ 307862.705158668803051, 2974588.812839379068464 ], [ 308061.075410737888888, 2974563.621287539135665 ] ] ] } },
{ "type": "Feature", "properties": { "t": "lake" }, "geometry": { "type": "Polygon", "coordinates": [ [ [ 312620.245073747937568, 2974417.332004015799612 ], [ 312769.934375246521086, 2974459.430946136824787 ], [ 312766.637532798806205, 2974237.844987732823938 ], [ 312620.245073747937568, 2974417.332004015799612 ] ] ] } },
{ "type": "Feature", "properties": { "t": "river" }, "geometry": { "type": "Polygon", "coordinates": [ [ [ 305889.333453955710866, 2974220.140664052218199 ], [ 305574.982357296044938, 2974457.719749205745757 ], [ 305880.423058013780974, 2974286.771293258294463 ], [ 305941.371370316133834, 2974530.308993172366172 ], [ 305942.251138532417826, 2974530.613043499644846 ], [ 305889.333453955710866, 2974220.140664052218199 ] ] ] } },
{ "type": "Feature", "properties": { "t": "lake" }, "geometry": { "type": "Polygon", "coordinates": [ [ [ 311355.798038407461718, 2974258.914410138037056 ], [ 311495.724989675567485, 2974312.226834247820079 ], [ 311472.036722662625834, 2974057.699565988965333 ], [ 311355.798038407461718, 2974258.914410138037056 ] ] ] } },
{ "type": "Feature", "properties": { "t": "river" }, "geometry": { "type": "Polygon", "coordinates": [ [ [ 305122.903240004437976, 2974143.327390720136464 ], [ 305033.480142406420782, 2974144.712364707607776 ], [ 305034.297648626263253, 2974154.979220694862306 ], [ 305121.809581445413642, 2974148.585687035694718 ], [ 305122.903240004437976, 2974143.327390720136464 ] ] ] } },
{ "type": "Feature", "properties": { "t": "river" }, "geometry": { "type": "MultiPolygon", "coordinates": [ [ [ [ 336933.580422982224263, 2985746.43616491695866 ], [ 336978.738234063319396, 2985402.354000675026327 ], [ 336822.958846743218601, 2985637.071815337520093 ], [ 337118.339777369401418, 2985973.274167574476451 ], [ 336933.580422982224263, 2985746.43616491695866 ] ] ], [ [ [ 337118.160150714858901, 2986962.886575205251575 ], [ 337145.502413440612145, 2987538.715973729267716 ], [ 337138.585233089048415, 2987006.942812098190188 ], [ 337478.316008955705911, 2986415.264539698138833 ], [ 337457.100602807709947, 2986389.214478587266058 ], [ 337118.160150714858901, 2986962.886575205251575 ] ] ] ] } },
{ "type": "Feature", "properties": { "t": "river" }, "geometry": { "type": "MultiPolygon", "coordinates": [ [ [ [ 331149.537804467137903, 2986742.768063254188746 ], [ 331448.243456291907933, 2987547.642741276882589 ], [ 331189.838181288330816, 2986712.388058529701084 ], [ 331149.537804467137903, 2986742.768063254188746 ] ] ], [ [ [ 332025.411751650506631, 2986176.950938267633319 ], [ 332011.706260444712825, 2986092.894093165639788 ], [ 331224.286347136134282, 2986686.419906874652952 ], [ 332025.411751650506631, 2986176.950938267633319 ] ] ], [ [ [ 332147.261315066425595, 2985657.114208711311221 ], [ 331936.94405717193149, 2985502.211525923572481 ], [ 331990.602250287076458, 2985648.935445963870734 ], [ 332147.261315066425595, 2985657.114208711311221 ] ] ], [ [ [ 332276.643081772024743, 2985663.870376096107066 ], [ 332388.240866147330962, 2985033.739603500347584 ], [ 332229.696464424428996, 2985661.41872268775478 ], [ 332276.643081772024743, 2985663.870376096107066 ] ] ], [ [ [ 332577.956571896735113, 2985583.665448611136526 ], [ 332489.381680065824185, 2984497.549218190833926 ], [ 332291.11311370076146, 2984469.736100372392684 ], [ 332481.676345995743759, 2984663.862789723556489 ], [ 332398.588957082130946, 2984992.77401485061273 ], [ 332577.956571896735113, 2985583.665448611136526 ] ] ], [ [ [ 332430.715541120385751, 2983822.410557399038225 ], [ 332921.751993310172111, 2983416.953029667958617 ], [ 332777.649359862611163, 2983231.547933124471456 ], [ 332803.80582393653458, 2983507.170545918401331 ], [ 332409.232466962188482, 2983700.810040752869099 ], [ 332159.582003387913574, 2984335.75042564002797 ], [ 332221.875137341208756, 2984399.205530759878457 ], [ 332430.715541120385751, 2983822.410557399038225 ] ] ], [ [ [ 332648.982787436107174, 2983066.008918147068471 ], [ 332613.165135773364455, 2983295.85741809476167 ], [ 332734.552912968094461, 2983176.100577023345977 ], [ 332648.982787436107174, 2983066.008918147068471 ] ] ], [ [ [ 332023.558632485684939, 2983816.778483963105828 ], [ 332002.89151071337983, 2983897.986282218247652 ], [ 332183.104580361279659, 2983720.168850445188582 ], [ 332023.558632485684939, 2983816.778483963105828 ] ] ], [ [ [ 331918.624987196933944, 2984229.109740889631212 ], [ 332018.827494480472524, 2984204.667216050904244 ], [ 331996.382779122330248, 2983923.561452685389668 ], [ 331918.624987196933944, 2984229.109740889631212 ] ] ], [ [ [ 331622.799214134633075, 2984287.5458113104105 ], [ 331626.434789215098135, 2984558.183938283473253 ], [ 331682.359375836560503, 2984286.745894242543727 ], [ 331712.267496985965408, 2984279.449636584147811 ], [ 331622.799214134633075, 2984287.5458113104105 ] ] ], [ [ [ 330305.04900526010897, 2985956.361324496567249 ], [ 331551.873137192684226, 2984920.102058869320899 ], [ 331565.666002413723618, 2984853.150327141862363 ], [ 330305.04900526010897, 2985956.361324496567249 ] ] ], [ [ [ 332613.661945113795809, 2986368.529032158665359 ], [ 332864.300379865569994, 2986553.553966571111232 ], [ 332223.066130877006799, 2987592.638520550448447 ], [ 332650.987483613367658, 2986933.147333143744618 ], [ 332699.716319403145462, 2987608.420941780786961 ], [ 332913.924615634256043, 2986552.891802333761007 ], [ 332643.733032361837104, 2986390.288627606350929 ], [ 332635.31185224064393, 2986287.015818352811038 ], [ 332613.661945113795809, 2986368.529032158665359 ] ] ] ] } },
{ "type": "Feature", "properties": { "t": "river" }, "geometry": { "type": "Polygon", "coordinates": [ [ [ 329208.357258314383216, 2987068.277424140367657 ], [ 330240.075515995151363, 2986289.6674276124686 ], [ 329932.244810842094012, 2986282.762546746991575 ], [ 329236.62015518033877, 2986957.082641944289207 ], [ 329046.446656676474959, 2987569.129530137404799 ], [ 329191.682005840004422, 2987301.204539746511728 ], [ 329523.864030395401642, 2987640.185651919804513 ], [ 329208.357258314383216, 2987068.277424140367657 ] ] ] } },
{ "type": "Feature", "properties": { "t": "river" }, "geometry": { "type": "Polygon", "coordinates": [ [ [ 328868.871136057307012, 2987649.122427289374173 ], [ 328610.388226315088104, 2987619.415693334769458 ], [ 328799.402113959018607, 2987650.072279174812138 ], [ 328868.871136057307012, 2987649.122427289374173 ] ] ] } },
{ "type": "Feature", "properties": { "t": "river" }, "geometry": { "type": "Polygon", "coordinates": [ [ [ 330327.300938657252118, 2986133.353544046636671 ], [ 330237.823204686050303, 2986123.48505358863622 ], [ 330240.075515995151363, 2986289.6674276124686 ], [ 330327.300938657252118, 2986133.353544046636671 ] ] ] } },
{ "type": "Feature", "properties": { "t": "river" }, "geometry": { "type": "Polygon", "coordinates": [ [ [ 330236.471873688569758, 2986023.77564464090392 ], [ 330187.295559163903818, 2986057.684784041251987 ], [ 330237.973355157417245, 2986134.563877520151436 ], [ 330236.471873688569758, 2986023.77564464090392 ] ] ] } },
{ "type": "Feature", "properties": { "t": "lake" }, "geometry": { "type": "Polygon", "coordinates": [ [ [ 336069.786270637414418, 2985735.548645407427102 ], [ 335979.007499629398808, 2985625.931628545746207 ], [ 335900.474530261708423, 2985693.443211886100471 ], [ 336069.786270637414418, 2985735.548645407427102 ] ] ] } },
{ "type": "Feature", "properties": { "t": "river" }, "geometry": { "type": "Polygon", "coordinates": [ [ [ 336147.959448566311039, 2984881.326800575479865 ], [ 336319.30681870225817, 2985078.536503635346889 ], [ 336897.602900947444141, 2985270.444339863955975 ], [ 336147.959448566311039, 2984881.326800575479865 ] ] ] } },
{ "type": "Feature", "properties": { "t": "river" }, "geometry": { "type": "Polygon", "coordinates": [ [ [ 328217.83267253160011, 2983602.404283831827343 ], [ 327824.084435591823421, 2983851.586290325503796 ], [ 327782.211020223330706, 2984417.291048653889447 ], [ 327844.243098071718123, 2983873.471391006372869 ], [ 328258.604465719196014, 2983679.41231341753155 ], [ 328230.099589217512403, 2983048.189500221051276 ], [ 328217.83267253160011, 2983602.404283831827343 ] ] ] } },
{ "type": "Feature", "properties": { "t": "river" }, "geometry": { "type": "Polygon", "coordinates": [ [ [ 334858.009850924601778, 2984178.022217829246074 ], [ 335022.826333456905559, 2983876.677045654971153 ], [ 335710.974586055497639, 2984111.411512089893222 ], [ 335951.881135622505099, 2984138.648768658284098 ], [ 335929.651200805616099, 2984130.708476366940886 ], [ 335959.431129297299776, 2984130.318735877983272 ], [ 335959.551487285061739, 2984139.516067792195827 ], [ 336237.955926412483677, 2984170.998953916598111 ], [ 334749.964456370042171, 2983798.50566375721246 ], [ 334858.009850924601778, 2984178.022217829246074 ] ] ] } },
{ "type": "Feature", "properties": { "t": "river" }, "geometry": { "type": "Polygon", "coordinates": [ [ [ 334611.577540493104607, 2982807.280751582700759 ], [ 334382.215290837339126, 2982732.743422120809555 ], [ 334544.129522000439465, 2982963.298239807132632 ], [ 334611.577540493104607, 2982807.280751582700759 ] ] ] } },
{ "type": "Feature", "properties": { "t": "river" }, "geometry": { "type": "MultiPolygon", "coordinates": [ [ [ [ 332302.795277334051207, 2979766.29432293958962 ], [ 332003.057960161590017, 2980060.69791647978127 ], [ 332085.359920738439541, 2980129.034227254800498 ], [ 332302.795277334051207, 2979766.29432293958962 ] ] ], [ [ [ 332569.24990767671261, 2979321.813372605945915 ], [ 333201.334390230942518, 2979147.525966831482947 ], [ 332517.528679636248853, 2979167.374262403231114 ], [ 332418.841216007596813, 2978470.611350413877517 ], [ 332476.89448332390748, 2979475.869719267357141 ], [ 332569.24990767671261, 2979321.813372605945915 ] ] ], [ [ [ 333482.040576930856332, 2979996.673343944363296 ], [ 333816.55504742928315, 2980254.707945288158953 ], [ 333791.630808245390654, 2980125.53803358739242 ], [ 333511.830620026914403, 2979996.278293688315898 ], [ 333222.461236026894767, 2979146.913328615948558 ], [ 333202.701572238700464, 2979147.486320083960891 ], [ 333482.040576930856332, 2979996.673343944363296 ] ] ], [ [ [ 333799.404644594818819, 2980712.705247464589775 ], [ 334070.775626206304878, 2981572.330985264386982 ], [ 333845.822333656833507, 2980406.388486292213202 ], [ 333799.404644594818819, 2980712.705247464589775 ] ] ], [ [ [ 334224.367246902780607, 2982058.913761515170336 ], [ 334319.993323820992373, 2981780.636508080177009 ], [ 334104.655152484076098, 2981679.659313339274377 ], [ 334224.367246902780607, 2982058.913761515170336 ] ] ], [ [ [ 332330.261379149509594, 2980557.096770453732461 ], [ 332405.582955375895835, 2980454.22166545316577 ], [ 332341.135041401139461, 2980394.822691996116191 ], [ 332330.261379149509594, 2980557.096770453732461 ] ] ], [ [ [ 332228.614121523103677, 2982074.363476847298443 ], [ 332638.020232520124409, 2982988.590497684665024 ], [ 332258.251258113479707, 2982062.886494920123369 ], [ 332246.923093793098815, 2981801.026054742746055 ], [ 332228.614121523103677, 2982074.363476847298443 ] ] ] ] } },
{ "type": "Feature", "properties": { "t": "river" }, "geometry": { "type": "Polygon", "coordinates": [ [ [ 328521.960140343289822, 2981880.70040861191228 ], [ 328460.806982867186889, 2981039.388484947383404 ], [ 328200.316135285655037, 2983048.597470747772604 ], [ 328521.960140343289822, 2981880.70040861191228 ] ] ] } },
{ "type": "Feature", "properties": { "t": "river" }, "geometry": { "type": "Polygon", "coordinates": [ [ [ 334330.673917507636361, 2982589.376687439158559 ], [ 334281.327016094815917, 2982612.189711079932749 ], [ 334332.283554931811523, 2982711.241712397430092 ], [ 334330.673917507636361, 2982589.376687439158559 ] ] ] } },
{ "type": "Feature", "properties": { "t": "lake" }, "geometry": { "type": "Polygon", "coordinates": [ [ [ 328545.063344372902066, 2982844.423107207287103 ], [ 328571.81880205066409, 2982622.439264375716448 ], [ 328503.836620057933033, 2982734.177661953959614 ], [ 328545.063344372902066, 2982844.423107207287103 ] ] ] } },
{ "type": "Feature", "properties": { "t": "river" }, "geometry": { "type": "Polygon", "coordinates": [ [ [ 334693.189234947785735, 2982218.935727706179023 ], [ 334343.946318456786685, 2982090.575917532667518 ], [ 334494.749143210123293, 2982415.566491554025561 ], [ 334693.189234947785735, 2982218.935727706179023 ] ] ] } },
{ "type": "Feature", "properties": { "t": "river" }, "geometry": { "type": "Polygon", "coordinates": [ [ [ 332003.810275166062638, 2981600.902005524374545 ], [ 331955.501589875551872, 2981701.275105564389378 ], [ 332182.232400406210218, 2981576.353133894037455 ], [ 332003.810275166062638, 2981600.902005524374545 ] ] ] } },
{ "type": "Feature", "properties": { "t": "river" }, "geometry": { "type": "MultiPolygon", "coordinates": [ [ [ [ 328693.235667475266382, 2978421.132490021642298 ], [ 328568.359778867685236, 2978733.099435102660209 ], [ 328606.117997231194749, 2978814.353202078025788 ], [ 328693.235667475266382, 2978421.132490021642298 ] ] ], [ [ [ 328607.224174662260339, 2979397.420032103080302 ], [ 328800.004212037660182, 2979501.532665299251676 ], [ 328741.465463581611402, 2979309.244482957292348 ], [ 328607.224174662260339, 2979397.420032103080302 ] ] ], [ [ [ 328623.051513527985662, 2979829.357418679166585 ], [ 328860.473822102649137, 2979759.634195630904287 ], [ 329036.380692445207387, 2980278.037362166680396 ], [ 328826.080164258601144, 2979587.188733192160726 ], [ 328623.051513527985662, 2979829.357418679166585 ] ] ] ] } },
{ "type": "Feature", "properties": { "t": "lake" }, "geometry": { "type": "Polygon", "coordinates": [ [ [ 327631.535972369427327, 2979953.738228688482195 ], [ 327613.652811388659757, 2980098.035717406310141 ], [ 327742.897104261792265, 2980107.342767769936472 ], [ 327631.535972369427327, 2979953.738228688482195 ] ] ] } },
{ "type": "Feature", "properties": { "t": "lake" }, "geometry": { "type": "Polygon", "coordinates": [ [ [ 329303.727019999874756, 2979487.661344618536532 ], [ 329144.837537253159098, 2979489.82201849296689 ], [ 329156.878222585713957, 2979644.789744796231389 ], [ 329303.727019999874756, 2979487.661344618536532 ] ] ] } },
{ "type": "Feature", "properties": { "t": "river" }, "geometry": { "type": "MultiPolygon", "coordinates": [ [ [ [ 331818.069021939300001, 2977370.574979544617236 ], [ 332407.579885587561876, 2978371.036007360555232 ], [ 331838.081567948684096, 2977381.387840948998928 ], [ 332191.05375289573567, 2977033.171199777163565 ], [ 332192.530864467320498, 2976875.111105196643621 ], [ 331818.069021939300001, 2977370.574979544617236 ] ] ], [ [ [ 332198.826643197564408, 2976201.656868742313236 ], [ 332082.111756603349932, 2976314.386311100330204 ], [ 332192.869089514773805, 2976838.921854816377163 ], [ 332198.826643197564408, 2976201.656868742313236 ] ] ], [ [ [ 332699.488210348237772, 2975674.564446615520865 ], [ 332441.48988203186309, 2975298.183545293286443 ], [ 332387.859820312238298, 2975401.699244626332074 ], [ 332568.627807447337545, 2975800.940540038049221 ], [ 332699.488210348237772, 2975674.564446615520865 ] ] ], [ [ [ 333012.671862687333487, 2973819.954032910987735 ], [ 332486.214428156905342, 2974580.427378842141479 ], [ 332677.125989960855804, 2974675.498417896684259 ], [ 333012.671862687333487, 2973819.954032910987735 ] ] ] ] } },
{ "type": "Feature", "properties": { "t": "river" }, "geometry": { "type": "MultiPolygon", "coordinates": [ [ [ [ 328553.804196566692553, 2977583.107087756507099 ], [ 328331.559441651334055, 2977395.550409041810781 ], [ 328329.225544125249144, 2977378.056468843948096 ], [ 328286.561672850803006, 2977461.079948621336371 ], [ 328553.804196566692553, 2977583.107087756507099 ] ] ], [ [ [ 328265.154514795111027, 2976897.819779746234417 ], [ 329115.595435413066298, 2975877.879727849271148 ], [ 329226.619777044514194, 2974737.5745580624789 ], [ 329141.334633100195788, 2974847.019158656243235 ], [ 329076.313350366428494, 2975911.655878945719451 ], [ 328224.212735238019377, 2976809.732453748583794 ], [ 328282.347082394931931, 2977026.682041724212468 ], [ 328265.154514795111027, 2976897.819779746234417 ] ] ], [ [ [ 329655.066079398035072, 2974629.519148124847561 ], [ 329405.526616325892974, 2973812.926075047813356 ], [ 329551.519936041790061, 2974320.661158689297736 ], [ 329314.275537240901031, 2974625.090529276058078 ], [ 329655.066079398035072, 2974629.519148124847561 ] ] ], [ [ [ 328686.438443411723711, 2977922.587800971232355 ], [ 328451.855230058543384, 2978202.809149204287678 ], [ 328679.51894206966972, 2978199.702868103981018 ], [ 328693.349822578951716, 2977700.87708550458774 ], [ 328576.191658762050793, 2977602.000815846491605 ], [ 328686.438443411723711, 2977922.587800971232355 ] ] ] ] } },
{ "type": "Feature", "properties": { "t": "river" }, "geometry": { "type": "MultiPolygon", "coordinates": [ [ [ [ 336977.540203370095696, 2973834.455832870211452 ], [ 336638.033243069017772, 2973705.894302405882627 ], [ 336928.87128475389909, 2973912.648390881251544 ], [ 337115.053091488429345, 2974604.75182883720845 ], [ 336977.540203370095696, 2973834.455832870211452 ] ] ], [ [ [ 337294.207134931173641, 2975270.794990922790021 ], [ 338088.323528690438252, 2975216.227177767083049 ], [ 338141.396282027824782, 2975484.345005589537323 ], [ 338170.500486220349558, 2975425.694385433103889 ], [ 338171.925874570384622, 2975536.478537351824343 ], [ 338147.829218041151762, 2975516.844149921089411 ], [ 338385.828845742624253, 2976719.314571467693895 ], [ 338188.08712563815061, 2975248.184188583865762 ], [ 337946.541402237606235, 2975007.528075331356376 ], [ 337726.979307849658653, 2975033.246638973709196 ], [ 337571.489406969631091, 2975200.729731638915837 ], [ 337511.744452635757625, 2975190.421055032871664 ], [ 337589.926373957830947, 2975089.688911628909409 ], [ 337707.156806352664717, 2975035.568756503518671 ], [ 337245.486772859585471, 2975089.660454540979117 ], [ 337294.207134931173641, 2975270.794990922790021 ] ], [ [ 337877.147716916340869, 2975019.502443044446409 ], [ 337917.311015381943434, 2975052.22567630559206 ], [ 337807.896974363538902, 2975042.55562133807689 ], [ 337877.147716916340869, 2975019.502443044446409 ] ] ] ] } },
{ "type": "Feature", "properties": { "t": "lake" }, "geometry": { "type": "Polygon", "coordinates": [ [ [ 329857.115787505637854, 2976344.297183048911393 ], [ 329758.385257360292599, 2976389.956518855411559 ], [ 329870.047026414715219, 2976565.736920826602727 ], [ 329857.115787505637854, 2976344.297183048911393 ] ] ] } },
{ "type": "Feature", "properties": { "t": "river" }, "geometry": { "type": "MultiPolygon", "coordinates": [ [ [ [ 326141.36664031870896, 2976339.721822167281061 ], [ 326187.058601921482477, 2976344.524730006232858 ], [ 326130.897884051781148, 2976268.469978790730238 ], [ 326141.36664031870896, 2976339.721822167281061 ] ] ], [ [ [ 326220.832330073113553, 2976338.623303145635873 ], [ 326201.649302663106937, 2976346.058466237038374 ], [ 326387.250039403792471, 2976365.569832742679864 ], [ 326097.496990984596778, 2976041.14272738667205 ], [ 326129.264819072501268, 2976257.35516000399366 ], [ 326220.832330073113553, 2976338.623303145635873 ] ] ], [ [ [ 327166.16101829323452, 2976447.483621345832944 ], [ 327201.204904975602403, 2976424.052054940257221 ], [ 326776.784667039581109, 2976406.528912278357893 ], [ 327166.16101829323452, 2976447.483621345832944 ] ] ], [ [ [ 327707.622552238404751, 2976085.464799910318106 ], [ 327300.400307310395874, 2975370.793878418393433 ], [ 327307.798524502315558, 2974462.061538900248706 ], [ 326742.916571057518013, 2973849.297208055388182 ], [ 327237.799670429551043, 2974429.779831513296813 ], [ 327230.101959355117287, 2975316.354876869358122 ], [ 327648.478000086150132, 2976119.517867215909064 ], [ 327496.659894871991128, 2976226.508105384651572 ], [ 327707.622552238404751, 2976085.464799910318106 ] ] ] ] } },
{ "type": "Feature", "properties": { "t": "river" }, "geometry": { "type": "Polygon", "coordinates": [ [ [ 329758.569771501352079, 2975669.706197677645832 ], [ 329950.903110134822782, 2975933.041570429224521 ], [ 329879.271396399475634, 2975778.88021325878799 ], [ 329758.569771501352079, 2975669.706197677645832 ] ] ] } },
{ "type": "Feature", "properties": { "t": "river" }, "geometry": { "type": "Polygon", "coordinates": [ [ [ 333950.945087112660985, 2974893.426275259815156 ], [ 333893.242524518980645, 2975038.23426972841844 ], [ 334227.492073050350882, 2974767.89418308576569 ], [ 333950.945087112660985, 2974893.426275259815156 ] ] ] } },
{ "type": "Feature", "properties": { "t": "river" }, "geometry": { "type": "Polygon", "coordinates": [ [ [ 334256.85658915003296, 2974734.265934037510306 ], [ 334225.302551224012859, 2974601.716152898035944 ], [ 334227.054159605875611, 2974734.658574464730918 ], [ 334256.85658915003296, 2974734.265934037510306 ] ] ] } },
{ "type": "Feature", "properties": { "t": "river" }, "geometry": { "type": "Polygon", "coordinates": [ [ [ 333826.456309940316714, 2973742.700493652839214 ], [ 333810.536271275195759, 2974042.083392133004963 ], [ 334223.696974014223088, 2974479.852284616325051 ], [ 333826.456309940316714, 2973742.700493652839214 ] ] ] } },
{ "type": "Feature", "properties": { "t": "river" }, "geometry": { "type": "Polygon", "coordinates": [ [ [ 338346.824561959132552, 2973683.831588103901595 ], [ 338287.215709040290676, 2973684.597309046890587 ], [ 338348.247426764341071, 2973794.61544827837497 ], [ 338346.824561959132552, 2973683.831588103901595 ] ] ] } },
{ "type": "Feature", "properties": { "t": "river" }, "geometry": { "type": "Polygon", "coordinates": [ [ [ 330687.893302813288756, 2973851.013305584900081 ], [ 330767.671119813981932, 2973872.101637286599725 ], [ 330597.583732637460344, 2973785.744595187716186 ], [ 330687.893302813288756, 2973851.013305584900081 ] ] ] } },
{ "type": "Feature", "properties": { "t": "river" }, "geometry": { "type": "MultiPolygon", "coordinates": [ [ [ [ 323315.698820576362778, 2983814.581425078213215 ], [ 323871.913138469215482, 2983119.72108847508207 ], [ 323418.347405537031591, 2983347.723781353794038 ], [ 323060.869469776051119, 2984050.88152633048594 ], [ 323162.563464988372289, 2984924.865744677372277 ], [ 323274.88322141545359, 2985112.715658394619823 ], [ 323315.698820576362778, 2983814.581425078213215 ] ], [ [ 323449.378672090941109, 2983435.93661064747721 ], [ 323558.115832316107117, 2983401.16243527084589 ], [ 323508.944953781901859, 2983435.098068058490753 ], [ 323449.378672090941109, 2983435.93661064747721 ] ], [ [ 323208.684431786066853, 2983971.227394885383546 ], [ 323211.184281789639499, 2984148.492070193402469 ], [ 323251.517764827876817, 2984192.248301079962403 ], [ 323204.851098759681918, 2984403.45011697569862 ], [ 323142.319380229164381, 2984193.788449011743069 ], [ 323171.006799379829317, 2984115.815000358968973 ], [ 323208.684431786066853, 2983971.227394885383546 ] ] ], [ [ [ 323589.61712766304845, 2985639.127577372826636 ], [ 324719.775197024107911, 2986232.730148882605135 ], [ 324928.1962665860774, 2986939.010787488427013 ], [ 324702.40569425735157, 2987119.468808692879975 ], [ 323954.933959066285752, 2986908.330854251049459 ], [ 322950.891595760826021, 2987509.795858079567552 ], [ 322933.706523776985705, 2987698.421267139725387 ], [ 323494.083777363353875, 2987313.744092791806906 ], [ 323480.014462838298641, 2987723.949849124997854 ], [ 323719.074830012512393, 2987077.86779424129054 ], [ 324683.797221582615748, 2987208.3789674914442 ], [ 324949.285060719819739, 2987027.365438777953386 ], [ 324887.151768947485834, 2986613.138973304536194 ], [ 324883.849068137351424, 2986607.195325253065675 ], [ 324810.963721193140373, 2986364.428596747573465 ], [ 324879.390586572582833, 2986561.39861926343292 ], [ 324839.810104589676484, 2986297.538060414139181 ], [ 323286.020562168036122, 2985131.342715906444937 ], [ 323589.61712766304845, 2985639.127577372826636 ] ], [ [ 323808.923096395446919, 2985702.528908268548548 ], [ 323858.708376874506939, 2985712.91007843753323 ], [ 323819.160605404293165, 2985724.547403412871063 ], [ 323808.923096395446919, 2985702.528908268548548 ] ], [ [ 323728.892337613215204, 2985659.329729818738997 ], [ 323679.262628193886485, 2985660.028105283621699 ], [ 323637.843345375556964, 2985538.717425607144833 ], [ 323728.892337613215204, 2985659.329729818738997 ] ] ] ] } },
{ "type": "Feature", "properties": { "t": "river" }, "geometry": { "type": "Polygon", "coordinates": [ [ [ 317897.215004010125995, 2986075.185828527901322 ], [ 318601.518351932929363, 2987405.836800461169332 ], [ 318729.597884151735343, 2987450.120861508883536 ], [ 317897.215004010125995, 2986075.185828527901322 ] ] ] } },
{ "type": "Feature", "properties": { "t": "river" }, "geometry": { "type": "MultiPolygon", "coordinates": [ [ [ [ 314357.588073824706953, 2985052.206441781483591 ], [ 313967.093927446869202, 2985501.270808171015233 ], [ 314085.429513707291335, 2985534.588421598542482 ], [ 314542.426974723464809, 2984794.588301244657487 ], [ 314504.983034952078015, 2984719.825102587696165 ], [ 313922.616580307250842, 2985180.557825245894492 ], [ 313925.839298343227711, 2985274.413991091307253 ], [ 314357.588073824706953, 2985052.206441781483591 ] ] ], [ [ [ 314255.932570356759243, 2984222.576940584927797 ], [ 314812.199377926939633, 2984236.510534945409745 ], [ 314841.058012105175294, 2984054.149949034210294 ], [ 314829.599520817748271, 2984070.02698970772326 ], [ 314215.401576057192869, 2984167.768526036757976 ], [ 314272.406657506711781, 2984255.467445841059089 ], [ 314255.932570356759243, 2984222.576940584927797 ] ] ], [ [ [ 315439.401463252259418, 2983673.174377510789782 ], [ 315326.604917696677148, 2983431.037227260880172 ], [ 316112.546817846305203, 2983530.303859709762037 ], [ 316197.005484694498591, 2983872.597429957706481 ], [ 316174.713501591351815, 2983706.699111263267696 ], [ 316644.723356639209669, 2983932.531595775391906 ], [ 316842.687791308795568, 2985248.353860497009009 ], [ 317738.401080044859555, 2986077.49556501628831 ], [ 316831.627570338430814, 2985170.943933495786041 ], [ 316619.682715548784472, 2983578.285105609800667 ], [ 315355.084035225911066, 2983341.964062639977783 ], [ 314992.753414481529035, 2983843.963834532536566 ], [ 315439.401463252259418, 2983673.174377510789782 ] ] ], [ [ [ 314536.794429995119572, 2985661.682840107474476 ], [ 314473.180925931606907, 2985482.685060159768909 ], [ 314193.838082839327399, 2985565.112187545746565 ], [ 314536.794429995119572, 2985661.682840107474476 ] ] ], [ [ [ 314960.02140110702021, 2986849.627694115508348 ], [ 315586.002361320483033, 2987448.263666473794729 ], [ 315621.621793009340763, 2987283.139727469068021 ], [ 314942.293987594661303, 2986796.630906812846661 ], [ 314960.02140110702021, 2986849.627694115508348 ] ] ], [ [ [ 315271.187333464913536, 2987753.740245123859495 ], [ 315788.573237834265456, 2987834.77023949380964 ], [ 315547.281862734118477, 2987627.769582380540669 ], [ 315561.971402253722772, 2987559.669006840791553 ], [ 315271.187333464913536, 2987753.740245123859495 ] ] ], [ [ [ 313940.111494145356119, 2985690.062835856340826 ], [ 313724.367459460161626, 2985870.578464490827173 ], [ 313980.310408690478653, 2985722.711447708308697 ], [ 313929.584846800193191, 2985383.496229272801429 ], [ 313940.111494145356119, 2985690.062835856340826 ] ] ] ] } },
{ "type": "Feature", "properties": { "t": "river" }, "geometry": { "type": "Polygon", "coordinates": [ [ [ 317817.906370418728329, 2985400.361243416089565 ], [ 317711.133754637849052, 2985568.138239320367575 ], [ 317826.444945805473253, 2985987.561982037965208 ], [ 317817.906370418728329, 2985400.361243416089565 ] ] ] } },
{ "type": "Feature", "properties": { "t": "river" }, "geometry": { "type": "MultiPolygon", "coordinates": [ [ [ [ 318275.163447175524198, 2985438.04742777813226 ], [ 318364.796661793487146, 2985314.870854905806482 ], [ 317817.906370418728329, 2985400.361243416089565 ], [ 318275.163447175524198, 2985438.04742777813226 ] ] ], [ [ [ 318625.616546220437158, 2984956.463107655756176 ], [ 318421.261516667436808, 2983186.375978564377874 ], [ 318512.738265930383932, 2985111.572321525309235 ], [ 318625.616546220437158, 2984956.463107655756176 ] ] ] ] } },
{ "type": "Feature", "properties": { "t": "river" }, "geometry": { "type": "Polygon", "coordinates": [ [ [ 315496.704357857466675, 2984193.171940841246396 ], [ 315773.370751741575077, 2984100.449343710206449 ], [ 315468.05938498058822, 2984135.968592631630599 ], [ 315496.704357857466675, 2984193.171940841246396 ] ] ] } },
{ "type": "Feature", "properties": { "t": "lake" }, "geometry": { "type": "Polygon", "coordinates": [ [ [ 320955.337062768056057, 2984014.288021792657673 ], [ 321153.56819380261004, 2983989.29574062442407 ], [ 320910.563379325671121, 2983660.323311875108629 ], [ 320955.337062768056057, 2984014.288021792657673 ] ] ] } },
{ "type": "Feature", "properties": { "t": "river" }, "geometry": { "type": "Polygon", "coordinates": [ [ [ 316231.682361605751794, 2983528.557281780522317 ], [ 316428.457341836299747, 2983403.776744604576379 ], [ 316309.483016874291934, 2983416.600669856183231 ], [ 316231.682361605751794, 2983528.557281780522317 ] ] ] } },
{ "type": "Feature", "properties": { "t": "lake" }, "geometry": { "type": "Polygon", "coordinates": [ [ [ 317471.384576031356119, 2983421.797202182002366 ], [ 317601.254201112606097, 2983475.315368527546525 ], [ 317569.213810666231439, 2983320.639313043095171 ], [ 317471.384576031356119, 2983421.797202182002366 ] ] ] } },
{ "type": "Feature", "properties": { "t": "river" }, "geometry": { "type": "MultiPolygon", "coordinates": [ [ [ [ 324029.251962137292139, 2982592.157701679039747 ], [ 324013.215077294502407, 2982574.759620471857488 ], [ 324037.711246779188514, 2982574.41595829743892 ], [ 324079.583125337492675, 2982486.598542551044375 ], [ 324051.996140673814807, 2982507.728543588425964 ], [ 324061.147603857214563, 2982452.194330011028796 ], [ 324092.837046655185986, 2982458.801555558573455 ], [ 324351.555975785013288, 2981916.229388326406479 ], [ 325097.656748968991451, 2981296.346220816951245 ], [ 324516.530426385987084, 2980838.088059211615473 ], [ 324503.744569863949437, 2980847.879073959309608 ], [ 325037.46289068722399, 2981252.860903564374894 ], [ 324164.925755394506268, 2982062.89857171382755 ], [ 324086.999353597522713, 2982276.17474925937131 ], [ 324107.993779498909134, 2982252.07638604613021 ], [ 324118.543720691581257, 2982296.253126142546535 ], [ 324060.68143418058753, 2982418.957359267398715 ], [ 324075.839522147609387, 2982306.718716194853187 ], [ 323782.405927964136936, 2983109.897289756219834 ], [ 324029.251962137292139, 2982592.157701679039747 ] ] ], [ [ [ 324324.413126140483655, 2980686.603225781582296 ], [ 324250.78589445038233, 2980267.616619856562465 ], [ 324234.423918644839432, 2980643.538426105864346 ], [ 324462.568020638776943, 2980816.636562138795853 ], [ 324444.242771419463679, 2980781.088362424634397 ], [ 324324.413126140483655, 2980686.603225781582296 ] ] ], [ [ [ 324366.325881441240199, 2979422.769552265293896 ], [ 325127.606839093321469, 2979168.362932887393981 ], [ 325153.32579623820493, 2979092.068685878068209 ], [ 324551.607164467626717, 2979176.395737132523209 ], [ 324286.805345821834635, 2979440.213140219915658 ], [ 324265.003661984053906, 2979940.994508843868971 ], [ 324366.325881441240199, 2979422.769552265293896 ] ] ] ] } },
{ "type": "Feature", "properties": { "t": "river" }, "geometry": { "type": "Polygon", "coordinates": [ [ [ 318732.87963749706978, 2982073.717979162931442 ], [ 318185.205241936026141, 2982657.88231557328254 ], [ 318207.610953113529831, 2982710.259928262792528 ], [ 318732.87963749706978, 2982073.717979162931442 ] ] ] } },
{ "type": "Feature", "properties": { "t": "river" }, "geometry": { "type": "MultiPolygon", "coordinates": [ [ [ [ 314215.395079313660972, 2982826.871272071264684 ], [ 313734.7084187931614, 2982556.955209949985147 ], [ 314136.458759336848743, 2982861.286126256920397 ], [ 314447.90249835094437, 2982785.492584377061576 ], [ 314215.395079313660972, 2982826.871272071264684 ] ] ], [ [ [ 314787.051851214375347, 2983206.278074042405933 ], [ 315241.304069392383099, 2983033.351589133962989 ], [ 315303.811511743813753, 2983231.901888801250607 ], [ 315411.065190899535082, 2983097.342139260843396 ], [ 315069.580753917514812, 2982836.411351086106151 ], [ 314816.345881775254384, 2983172.60020551038906 ], [ 314690.822014402947389, 2982742.265817001927644 ], [ 314625.137723012594506, 2982753.953633899800479 ], [ 314787.051851214375347, 2983206.278074042405933 ] ] ] ] } },
{ "type": "Feature", "properties": { "t": "river" }, "geometry": { "type": "MultiPolygon", "coordinates": [ [ [ [ 320849.735543169837911, 2980791.11952898465097 ], [ 320991.950985050294548, 2980594.090686107985675 ], [ 320780.700644284719601, 2980825.349043861031532 ], [ 320825.797732266946696, 2981201.470964820124209 ], [ 320867.382072402862832, 2981345.086658238898963 ], [ 320849.735543169837911, 2980791.11952898465097 ] ] ], [ [ [ 321229.5870691924938, 2980264.882189035415649 ], [ 321198.554893374443054, 2980178.151124675758183 ], [ 321200.36655399936717, 2980305.361501711420715 ], [ 321229.5870691924938, 2980264.882189035415649 ] ] ], [ [ [ 321140.574867650517263, 2980016.107215737458318 ], [ 320655.685386849450879, 2980417.124696586746722 ], [ 321145.061334409983829, 2980028.645954930689186 ], [ 321140.574867650517263, 2980016.107215737458318 ] ] ], [ [ [ 320764.064194265112747, 2978963.922782172914594 ], [ 320918.543786152091343, 2978651.442884752992541 ], [ 320733.795742219197564, 2978931.110759969800711 ], [ 321025.3682940620929, 2979694.136977241840214 ], [ 320764.064194265112747, 2978963.922782172914594 ] ] ], [ [ [ 321097.394281768763904, 2982139.510212616063654 ], [ 321117.037776451790705, 2982159.254293282516301 ], [ 320909.650073928874917, 2981491.066468146629632 ], [ 321097.394281768763904, 2982139.510212616063654 ] ] ] ] } },
{ "type": "Feature", "properties": { "t": "river" }, "geometry": { "type": "Polygon", "coordinates": [ [ [ 324704.245780403958634, 2977301.564004709478468 ], [ 325171.073581522214226, 2977295.062089736107737 ], [ 325733.13053655216936, 2977708.334669617470354 ], [ 325743.221156407962553, 2977632.547184048686177 ], [ 325409.4534653397277, 2977291.748656977899373 ], [ 324624.167338167317212, 2977258.356835863552988 ], [ 325276.79521755001042, 2978468.181017951574177 ], [ 324704.245780403958634, 2977301.564004709478468 ] ] ] } },
{ "type": "Feature", "properties": { "t": "river" }, "geometry": { "type": "MultiPolygon", "coordinates": [ [ [ [ 319906.896323538850993, 2976682.342720584478229 ], [ 320014.477098275208846, 2977257.031528715975583 ], [ 320293.057520061323885, 2977391.906412014272064 ], [ 319932.731448324921075, 2976609.387694841716439 ], [ 319906.896323538850993, 2976682.342720584478229 ] ] ], [ [ [ 320355.592962685739622, 2976099.695556530263275 ], [ 320366.208414768800139, 2975662.261961814016104 ], [ 320269.790558311331552, 2975657.669495530426502 ], [ 319965.091937378048897, 2976518.007319990545511 ], [ 320355.592962685739622, 2976099.695556530263275 ] ] ], [ [ [ 321035.349662490305491, 2974294.841577742714435 ], [ 321185.162507179891691, 2974348.11801949236542 ], [ 321030.451871947851032, 2975347.628992001526058 ], [ 321215.597130370559171, 2974392.010469280648977 ], [ 320910.768760959326755, 2973919.851891187485307 ], [ 321074.144715836038813, 2974227.802542868535966 ], [ 320781.140944004408084, 2974586.571854180656374 ], [ 320154.929329994833097, 2974573.344191301148385 ], [ 320464.490904240694363, 2974679.736157561186701 ], [ 320459.778572984505445, 2974975.193680847063661 ], [ 321035.349662490305491, 2974294.841577742714435 ] ] ], [ [ [ 320492.077087472192943, 2978003.731202654074878 ], [ 320817.489478717325255, 2978530.989415848162025 ], [ 320522.558608331426512, 2977890.364412604831159 ], [ 320492.077087472192943, 2978003.731202654074878 ] ] ] ] } },
{ "type": "Feature", "properties": { "t": "lake" }, "geometry": { "type": "Polygon", "coordinates": [ [ [ 313698.907714774715714, 2978135.856013427022845 ], [ 313898.37495360057801, 2978188.308902293909341 ], [ 313935.151159206987359, 2977988.29308805288747 ], [ 313698.907714774715714, 2978135.856013427022845 ] ] ] } },
{ "type": "Feature", "properties": { "t": "lake" }, "geometry": { "type": "Polygon", "coordinates": [ [ [ 314471.993597719585523, 2978013.600773982238024 ], [ 314242.401790473493747, 2977939.420627373736352 ], [ 314313.23881209269166, 2978027.027367623988539 ], [ 314471.993597719585523, 2978013.600773982238024 ] ] ] } },
{ "type": "Feature", "properties": { "t": "lake" }, "geometry": { "type": "Polygon", "coordinates": [ [ [ 320251.645415840728674, 2977863.110797333996743 ], [ 320268.499426324735396, 2977652.324455035384744 ], [ 320060.87010307906894, 2977721.783557089511305 ], [ 320251.645415840728674, 2977863.110797333996743 ] ] ] } },
{ "type": "Feature", "properties": { "t": "river" }, "geometry": { "type": "Polygon", "coordinates": [ [ [ 318705.245318296947517, 2978095.872322014532983 ], [ 318842.3786868249299, 2977960.917445822618902 ], [ 318954.543148978846148, 2977471.718864952679724 ], [ 318705.245318296947517, 2978095.872322014532983 ] ] ] } },
{ "type": "Feature", "properties": { "t": "lake" }, "geometry": { "type": "Polygon", "coordinates": [ [ [ 313819.164756189100444, 2977535.65987257566303 ], [ 314007.396248778677545, 2977499.627789442427456 ], [ 313876.300650171237066, 2977368.587731549981982 ], [ 313819.164756189100444, 2977535.65987257566303 ] ] ] } },
{ "type": "Feature", "properties": { "t": "lake" }, "geometry": { "type": "Polygon", "coordinates": [ [ [ 314215.658093351288699, 2977474.384213275276124 ], [ 314203.923742269398645, 2977352.658913643099368 ], [ 314056.076955129858106, 2977432.417207314167172 ], [ 314215.658093351288699, 2977474.384213275276124 ] ] ] } },
{ "type": "Feature", "properties": { "t": "lake" }, "geometry": { "type": "Polygon", "coordinates": [ [ [ 313626.827082765579689, 2977294.712185075506568 ], [ 313746.351527216727845, 2977315.104001756757498 ], [ 313713.761279724305496, 2977127.197493336629122 ], [ 313626.827082765579689, 2977294.712185075506568 ] ] ] } },
{ "type": "Feature", "properties": { "t": "lake" }, "geometry": { "type": "Polygon", "coordinates": [ [ [ 314977.210750366793945, 2976565.536798182409257 ], [ 314973.624037709261756, 2976321.793465532362461 ], [ 314846.769689697830472, 2976478.803797484841198 ], [ 314977.210750366793945, 2976565.536798182409257 ] ] ] } },
{ "type": "Feature", "properties": { "t": "river" }, "geometry": { "type": "Polygon", "coordinates": [ [ [ 317672.185948210710194, 2975362.613634014036506 ], [ 317544.324945634696633, 2975453.119297788012773 ], [ 317679.894814482424408, 2975894.411931176669896 ], [ 317672.185948210710194, 2975362.613634014036506 ] ] ] } },
{ "type": "Feature", "properties": { "t": "river" }, "geometry": { "type": "Polygon", "coordinates": [ [ [ 317699.762681753432844, 2975894.123921542894095 ], [ 317768.658067840966396, 2975848.799611382652074 ], [ 317679.573586201760918, 2975872.253662319853902 ], [ 317699.762681753432844, 2975894.123921542894095 ] ] ] } },
{ "type": "Feature", "properties": { "t": "lake" }, "geometry": { "type": "Polygon", "coordinates": [ [ [ 321247.730674356804229, 2975954.007613597437739 ], [ 321681.793570910813287, 2976435.419105663895607 ], [ 321010.425789999659173, 2975336.832685040310025 ], [ 321247.730674356804229, 2975954.007613597437739 ] ] ] } },
{ "type": "Feature", "properties": { "t": "river" }, "geometry": { "type": "MultiPolygon", "coordinates": [ [ [ [ 317676.361425443436019, 2975650.671004719100893 ], [ 317754.21904002019437, 2975604.687381701543927 ], [ 317672.185948210710194, 2975362.613634014036506 ], [ 317676.361425443436019, 2975650.671004719100893 ] ] ], [ [ [ 318080.295354798261542, 2975412.112006817944348 ], [ 317976.502183989156038, 2975279.345268045086414 ], [ 318018.448053705331404, 2975448.636885238811374 ], [ 318080.295354798261542, 2975412.112006817944348 ] ] ], [ [ [ 318543.079985407239292, 2974430.264781570062041 ], [ 318331.085064676590264, 2974200.614206295460463 ], [ 317787.212945850042161, 2974385.780082095880061 ], [ 318019.56797220982844, 2973961.323926350101829 ], [ 317767.824034695280716, 2974419.305153442546725 ], [ 318301.439296203083359, 2974212.123598973732442 ], [ 318503.339774680091068, 2974430.83790634572506 ], [ 317968.613208051072434, 2975247.50615854607895 ], [ 317972.728699101018719, 2975264.115847158245742 ], [ 318543.079985407239292, 2974430.264781570062041 ] ] ] ] } },
{ "type": "Feature", "properties": { "t": "lake" }, "geometry": { "type": "Polygon", "coordinates": [ [ [ 314484.22144754556939, 2975475.716178388334811 ], [ 314674.117828699294478, 2975550.488433161284775 ], [ 314650.00461878394708, 2975262.720931587275118 ], [ 314484.22144754556939, 2975475.716178388334811 ] ] ] } },
{ "type": "Feature", "properties": { "t": "lake" }, "geometry": { "type": "Polygon", "coordinates": [ [ [ 316561.716307936119847, 2974846.845520600210875 ], [ 316372.146332797710784, 2974794.203225483186543 ], [ 316573.91252176015405, 2975001.808953653555363 ], [ 316561.716307936119847, 2974846.845520600210875 ] ] ] } },
{ "type": "Feature", "properties": { "t": "lake" }, "geometry": { "type": "MultiPolygon", "coordinates": [ [ [ [ 322235.222782376571558, 2974820.811745731160045 ], [ 322279.232959127286449, 2974795.959188578184694 ], [ 321800.818117534276098, 2974317.222314481157809 ], [ 322235.222782376571558, 2974820.811745731160045 ] ] ], [ [ [ 322718.27045769803226, 2974548.048765996936709 ], [ 322429.536453443113714, 2974507.795519836712629 ], [ 322352.177751956973225, 2974754.767816420644522 ], [ 322718.27045769803226, 2974548.048765996936709 ] ] ] ] } },
{ "type": "Feature", "properties": { "t": "lake" }, "geometry": { "type": "Polygon", "coordinates": [ [ [ 321392.696720420964994, 2974267.602224415633827 ], [ 321299.033710192888975, 2973969.739189435727894 ], [ 321393.011208617594093, 2974289.760179348755628 ], [ 321800.818117534276098, 2974317.222314481157809 ], [ 321392.696720420964994, 2974267.602224415633827 ] ] ] } },
{ "type": "Feature", "properties": { "t": "river" }, "geometry": { "type": "Polygon", "coordinates": [ [ [ 319285.503241902100854, 2974231.198024902492762 ], [ 319503.282527346047573, 2974172.665952030103654 ], [ 319619.170460510766134, 2973938.29675091477111 ], [ 319285.503241902100854, 2974231.198024902492762 ] ] ] } },
{ "type": "Feature", "properties": { "t": "river" }, "geometry": { "type": "MultiPolygon", "coordinates": [ [ [ [ 347573.90035906760022, 2985656.77453303290531 ], [ 347989.888524246227462, 2985857.966881372500211 ], [ 347992.765779249661136, 2985817.883204348385334 ], [ 347604.807290978962556, 2985558.277033916208893 ], [ 347573.90035906760022, 2985656.77453303290531 ] ] ], [ [ [ 347995.951915034675039, 2984443.941407841164619 ], [ 348496.148527580779046, 2983939.293017352931201 ], [ 348486.787795672775246, 2983835.383904611226171 ], [ 347975.293833574978635, 2984377.712836024351418 ], [ 347627.674041515565477, 2985485.404012647457421 ], [ 347995.951915034675039, 2984443.941407841164619 ] ] ], [ [ [ 348450.283397292310838, 2983430.175736624747515 ], [ 348369.764151170616969, 2983268.324062948580831 ], [ 348468.916378926951438, 2983637.004593043588102 ], [ 348450.283397292310838, 2983430.175736624747515 ] ] ], [ [ [ 348236.593407107691746, 2983000.647288776934147 ], [ 347383.808838547207415, 2983088.555600872728974 ], [ 347459.721568878623657, 2982799.555607098620385 ], [ 347363.954790028161369, 2983088.797244722023606 ], [ 348368.018560201511718, 2983264.815300524234772 ], [ 348236.593407107691746, 2983000.647288776934147 ] ], [ [ 348187.76276495232014, 2983067.717261438723654 ], [ 348178.774618595081847, 2983145.384846773929894 ], [ 348138.530182046175469, 2983101.552848215214908 ], [ 348187.76276495232014, 2983067.717261438723654 ] ] ], [ [ [ 347897.316617310803849, 2986949.190348421689123 ], [ 348379.300499117816798, 2987408.699438021983951 ], [ 347916.357182118343189, 2986882.47969954367727 ], [ 347927.271506806253456, 2986730.394332141149789 ], [ 347897.316617310803849, 2986949.190348421689123 ] ] ] ] } },
{ "type": "Feature", "properties": { "t": "river" }, "geometry": { "type": "Polygon", "coordinates": [ [ [ 340186.212693971581757, 2986258.534842572640628 ], [ 340180.785967636387795, 2987388.795415685046464 ], [ 340447.601475500152446, 2987296.749762613326311 ], [ 340449.860483431373723, 2987474.005786315072328 ], [ 340482.963141936575994, 2987427.504619115963578 ], [ 340488.285348491044715, 2987373.793439931701869 ], [ 340498.326540545094758, 2987405.922944172751158 ], [ 340839.912241832353175, 2986926.107227970845997 ], [ 341264.033726569148712, 2987496.89667360810563 ], [ 340879.890738136600703, 2986947.759673574473709 ], [ 341037.454376823967323, 2986565.000387937296182 ], [ 341004.545028264867142, 2986602.6881187511608 ], [ 340983.711377144732978, 2986525.390826203394681 ], [ 341118.438876989413984, 2986191.27339960122481 ], [ 341120.617147346318234, 2986362.989606706891209 ], [ 341409.109236081363633, 2985662.273245279211551 ], [ 341399.665716525167227, 2985666.938528432976454 ], [ 341317.457672158023342, 2985446.375022434163839 ], [ 341373.503638200520072, 2985168.659817726816982 ], [ 341392.793930383690167, 2985124.094762051012367 ], [ 341473.740815625758842, 2985244.952747444156557 ], [ 341416.010416818317026, 2985389.726106458809227 ], [ 341452.340774611220695, 2985557.276508244685829 ], [ 341486.567668084171601, 2985474.15090024471283 ], [ 341484.927771131740883, 2985344.533134312368929 ], [ 341494.853186142863706, 2985454.028362006414682 ], [ 341553.985707154497504, 2985310.419005905278027 ], [ 340937.281479611061513, 2984431.814003646373749 ], [ 341622.45033691736171, 2982871.91208405001089 ], [ 340905.11239246907644, 2984243.858374886214733 ], [ 340955.362105409090873, 2983630.420650998596102 ], [ 340937.649047520360909, 2983678.354070241097361 ], [ 340907.44690451817587, 2983645.496619218029082 ], [ 340960.17894701770274, 2983571.622311630286276 ], [ 340966.743180008081254, 2983491.495176482480019 ], [ 340965.040593625279143, 2983489.642911904491484 ], [ 340967.327770901028998, 2983484.359367196913809 ], [ 341016.877480812428985, 2982879.574128019623458 ], [ 340519.759481434826739, 2985168.416675413027406 ], [ 340601.473958422488067, 2983006.729449397418648 ], [ 340456.933186510228552, 2983352.054831712506711 ], [ 340475.914615798508748, 2985623.26585357170552 ], [ 340365.972757828014437, 2985864.341271531768143 ], [ 340458.321467469446361, 2985800.774293061811477 ], [ 340713.343545831332449, 2984778.145532987546176 ], [ 340831.469891668763012, 2984699.082986098248512 ], [ 340873.846636381989811, 2984909.06939684599638 ], [ 341056.165167670231313, 2985194.841673000715673 ], [ 340970.06892137543764, 2985450.779657983686775 ], [ 340993.997402358567342, 2985771.803047241643071 ], [ 340979.994319131132215, 2985450.653677471447736 ], [ 341076.297388057922944, 2985216.746780049521476 ], [ 340873.424611355585512, 2984875.834034277591854 ], [ 340851.181204958469607, 2984687.752419725991786 ], [ 341111.22371307911817, 2984839.576035787817091 ], [ 341254.255995476618409, 2985159.089784334413707 ], [ 341161.695610365597531, 2984905.417558250017464 ], [ 341331.697017240338027, 2985002.98586485395208 ], [ 341266.427184474363457, 2985336.219182920642197 ], [ 341301.11531031888444, 2985723.587703018914908 ], [ 340970.551408311526757, 2986270.712004953529686 ], [ 340925.993499294505455, 2986670.167243084404618 ], [ 340463.355759913392831, 2986975.220407337881625 ], [ 340445.483768440084532, 2987130.572274081408978 ], [ 340239.339722228120081, 2987310.485888750292361 ], [ 340360.724022678448819, 2986710.601329675875604 ], [ 340245.337505146453623, 2986224.539683302398771 ], [ 340349.953404643689282, 2985899.468698494601995 ], [ 340186.212693971581757, 2986258.534842572640628 ] ], [ [ 340856.183889316860586, 2984299.880649472586811 ], [ 340969.730960008979309, 2984641.926607546396554 ], [ 340849.35235888697207, 2984543.732554013840854 ], [ 340856.183889316860586, 2984299.880649472586811 ] ], [ [ 340818.092143199290149, 2986771.260781325865537 ], [ 340897.486992379301228, 2986770.251782150007784 ], [ 340848.428421706543304, 2986815.196270177140832 ], [ 340818.092143199290149, 2986771.260781325865537 ] ], [ [ 340789.445915391203016, 2986860.267148773185909 ], [ 340809.717012813314795, 2986893.250248430296779 ], [ 340652.338646480580792, 2987006.054831474553794 ], [ 340789.445915391203016, 2986860.267148773185909 ] ], [ [ 340494.257411287049763, 2987063.469066838733852 ], [ 340483.627585094538517, 2987008.203017123509198 ], [ 340788.882488829665817, 2986815.953216178808361 ], [ 340592.652536056237295, 2986995.734263189602643 ], [ 340494.257411287049763, 2987063.469066838733852 ] ], [ [ 340682.720710061665159, 2984712.05330324312672 ], [ 340760.721044020086993, 2984600.259542697574943 ], [ 340722.002291266806424, 2984678.313263858202845 ], [ 340682.720710061665159, 2984712.05330324312672 ] ], [ [ 340579.454262080660556, 2985178.737303155008703 ], [ 340513.782363931939472, 2985478.740215582307428 ], [ 340502.587681951932609, 2985379.160306540783495 ], [ 340579.454262080660556, 2985178.737303155008703 ] ], [ [ 340308.666074816370383, 2987298.521122833248228 ], [ 340574.073689657321665, 2987095.693402640055865 ], [ 340417.405979423841927, 2987263.893706693779677 ], [ 340308.666074816370383, 2987298.521122833248228 ] ], [ [ 340229.162402425601613, 2986512.833744576666504 ], [ 340310.67808718024753, 2986677.99852109560743 ], [ 340264.023552465543617, 2986911.279884145595133 ], [ 340243.468307680916041, 2986856.140595449134707 ], [ 340229.162402425601613, 2986512.833744576666504 ] ] ] } },
{ "type": "Feature", "properties": { "t": "river" }, "geometry": { "type": "MultiPolygon", "coordinates": [ [ [ [ 346576.60180062497966, 2982843.567631401587278 ], [ 346253.077094417589251, 2983179.927331538405269 ], [ 346294.718528648489155, 2983344.702996259555221 ], [ 346576.60180062497966, 2982843.567631401587278 ] ] ], [ [ [ 346691.283509442640934, 2984914.109076105058193 ], [ 346386.984921928495169, 2985194.834276567678899 ], [ 346722.279897949425504, 2985013.449254789855331 ], [ 346644.601083441986702, 2984729.345150152686983 ], [ 346691.283509442640934, 2984914.109076105058193 ] ] ] ] } },
{ "type": "Feature", "properties": { "t": "river" }, "geometry": { "type": "Polygon", "coordinates": [ [ [ 342432.932363121712115, 2984158.079012911766768 ], [ 342592.500495698943269, 2983424.785608778707683 ], [ 342496.061762379657011, 2982860.910205108113587 ], [ 342432.932363121712115, 2984158.079012911766768 ] ], [ [ 342521.759695662651211, 2983325.952717340551317 ], [ 342510.997834037232678, 2983259.607112736906856 ], [ 342510.85869560163701, 2983248.528733003418893 ], [ 342521.759695662651211, 2983325.952717340551317 ] ] ] } },
{ "type": "Feature", "properties": { "t": "river" }, "geometry": { "type": "Polygon", "coordinates": [ [ [ 347238.893244543345645, 2982602.805826291907579 ], [ 347062.631349899049383, 2982804.39162416709587 ], [ 347449.794318783679046, 2982799.676354177296162 ], [ 347238.893244543345645, 2982602.805826291907579 ] ] ] } },
{ "type": "Feature", "properties": { "t": "river" }, "geometry": { "type": "Polygon", "coordinates": [ [ [ 346880.288996174000204, 2982507.459605108480901 ], [ 346903.389439893653616, 2982773.094847147352993 ], [ 346929.041869267472066, 2982780.56122744595632 ], [ 346880.288996174000204, 2982507.459605108480901 ] ] ] } },
{ "type": "Feature", "properties": { "t": "river" }, "geometry": { "type": "Polygon", "coordinates": [ [ [ 346730.158108590811025, 2982409.574224904645234 ], [ 346603.267207437078469, 2982588.403725373093039 ], [ 346576.195228948199656, 2982810.332892573904246 ], [ 346730.158108590811025, 2982409.574224904645234 ] ] ] } },
{ "type": "Feature", "properties": { "t": "river" }, "geometry": { "type": "MultiPolygon", "coordinates": [ [ [ [ 342084.827263068349566, 2979986.158683408983052 ], [ 342119.648451091954485, 2979774.289741022046655 ], [ 341922.747665007656906, 2979431.98024389706552 ], [ 342084.827263068349566, 2979986.158683408983052 ] ] ], [ [ [ 341600.916499679791741, 2982739.222002228256315 ], [ 341991.759535696532112, 2981448.995941952802241 ], [ 342466.279591049416922, 2982861.284266411792487 ], [ 341967.508476904360577, 2980840.984316262416542 ], [ 341600.916499679791741, 2982739.222002228256315 ] ] ] ] } },
{ "type": "Feature", "properties": { "t": "river" }, "geometry": { "type": "Polygon", "coordinates": [ [ [ 342115.867559899867047, 2983419.698069456964731 ], [ 341905.292929098359309, 2984829.533310879953206 ], [ 342416.642633140203543, 2982861.907859210856259 ], [ 342115.867559899867047, 2983419.698069456964731 ] ] ] } },
{ "type": "Feature", "properties": { "t": "river" }, "geometry": { "type": "Polygon", "coordinates": [ [ [ 341045.115279187215492, 2982757.333994386252016 ], [ 341083.842803815612569, 2982679.281850452069193 ], [ 341094.467776124947704, 2982702.21212966972962 ], [ 341270.08358744950965, 2982488.560354933608323 ], [ 341453.684238323476166, 2982874.044466330204159 ], [ 341086.688921768043656, 2980551.851202879101038 ], [ 340404.670964450691827, 2979241.961017738562077 ], [ 339864.477593179908581, 2978938.59127034759149 ], [ 339668.443826644564979, 2978364.920916753821075 ], [ 339936.815393124707043, 2979159.27334325760603 ], [ 339943.408166056964546, 2980455.574567995965481 ], [ 339997.385850053397007, 2979236.062987039797008 ], [ 340348.25881680927705, 2980273.135934735648334 ], [ 340385.864206469501369, 2980106.454802392981946 ], [ 340726.00208437233232, 2980301.578368982300162 ], [ 340963.50401630345732, 2981018.778616232331842 ], [ 340569.720225276250858, 2982852.009903254918754 ], [ 340868.476909631863236, 2982139.082479346077889 ], [ 341210.236698362219613, 2982467.157463643234223 ], [ 340957.172389577375725, 2982869.250928229186684 ], [ 341049.828541991533712, 2982756.521236830856651 ], [ 341045.115279187215492, 2982757.333994386252016 ] ], [ [ 341069.106852898257785, 2981516.048801482189447 ], [ 341156.78060880623525, 2981381.976562228053808 ], [ 341208.947137413080782, 2981580.759424538351595 ], [ 341173.160012326086871, 2981891.457323725800961 ], [ 341254.407995590474457, 2982034.471328082960099 ], [ 341247.844615739071742, 2982300.478689862415195 ], [ 341086.332044349401258, 2982092.000155977439135 ], [ 340976.421296191983856, 2982037.991944224573672 ], [ 340955.30110914632678, 2981938.537941197864711 ], [ 341012.624037358444184, 2981760.528388947248459 ], [ 341069.106852898257785, 2981516.048801482189447 ] ], [ [ 340713.120905336691067, 2980069.058036661241204 ], [ 340752.839577889302745, 2980068.554187963251024 ], [ 340833.400497211725451, 2980156.173996331635863 ], [ 340713.964224847790319, 2980135.528405302204192 ], [ 340713.120905336691067, 2980069.058036661241204 ] ], [ [ 340207.191853148164228, 2979333.113581335637718 ], [ 340315.438795617839787, 2979254.175437866244465 ], [ 340365.090436022728682, 2979253.544233220629394 ], [ 340386.922288368223235, 2979408.389335621614009 ], [ 340457.418914772861172, 2979485.054817084223032 ], [ 340630.589980830030981, 2979826.34141428116709 ], [ 340329.453951717005111, 2979575.322722206357867 ], [ 340238.110130277345888, 2979421.361771759111434 ], [ 340207.191853148164228, 2979333.113581335637718 ] ], [ [ 340313.961337755084969, 2979919.005753469653428 ], [ 340513.542395017459057, 2979994.030364643782377 ], [ 340593.96486001095036, 2980070.570337300654501 ], [ 340335.229749750462361, 2980029.537246330175549 ], [ 340313.961337755084969, 2979919.005753469653428 ] ], [ [ 340076.687618513591588, 2979223.972743744496256 ], [ 339986.044056888204068, 2979125.40544408140704 ], [ 340046.049981301475782, 2979157.881699523422867 ], [ 340076.687618513591588, 2979223.972743744496256 ] ] ] } },
{ "type": "Feature", "properties": { "t": "river" }, "geometry": { "type": "Polygon", "coordinates": [ [ [ 346837.062024621176533, 2982219.91040274919942 ], [ 346734.265765361720696, 2981933.088928545359522 ], [ 346729.887377543607727, 2982387.417753466404974 ], [ 346837.062024621176533, 2982219.91040274919942 ] ] ] } },
{ "type": "Feature", "properties": { "t": "river" }, "geometry": { "type": "MultiPolygon", "coordinates": [ [ [ [ 344226.729481090791523, 2979105.334280216135085 ], [ 343597.809615527279675, 2978847.230156688950956 ], [ 343332.155519729829393, 2978252.220024481415749 ], [ 343558.225495310383849, 2978858.803103059995919 ], [ 344147.012171874404885, 2979084.16328123351559 ], [ 344171.68388283427339, 2979471.656423423439264 ], [ 344291.213415591977537, 2979513.352528687100857 ], [ 344226.729481090791523, 2979105.334280216135085 ] ] ], [ [ [ 345398.528646962135099, 2979899.689527579583228 ], [ 346724.879189653554931, 2981977.523136979434639 ], [ 345408.321869952080306, 2979888.489023439120501 ], [ 344367.98507747950498, 2979540.133922265376896 ], [ 345398.528646962135099, 2979899.689527579583228 ] ] ] ] } },
{ "type": "Feature", "properties": { "t": "river" }, "geometry": { "type": "Polygon", "coordinates": [ [ [ 350831.645676657324657, 2980808.975441872607917 ], [ 350693.170979391550645, 2980854.940596716012806 ], [ 350859.13916554057505, 2981451.268819289747626 ], [ 350831.645676657324657, 2980808.975441872607917 ] ] ] } },
{ "type": "Feature", "properties": { "t": "river" }, "geometry": { "type": "MultiPolygon", "coordinates": [ [ [ [ 348623.019122525874991, 2978818.903940635267645 ], [ 349554.927734055789188, 2980336.706464014016092 ], [ 349526.587814997590613, 2980648.982748189941049 ], [ 349575.051468788413331, 2980358.624733944889158 ], [ 348663.2744350573048, 2978862.737818021792918 ], [ 348843.553043346502818, 2978162.544565579388291 ], [ 348623.019122525874991, 2978818.903940635267645 ] ] ], [ [ [ 349493.527047527837567, 2981013.30539954546839 ], [ 349715.670576860080473, 2981320.875396244227886 ], [ 349505.085888542584144, 2980885.926047072280198 ], [ 349493.527047527837567, 2981013.30539954546839 ] ] ] ] } },
{ "type": "Feature", "properties": { "t": "river" }, "geometry": { "type": "MultiPolygon", "coordinates": [ [ [ [ 350177.276924988545943, 2975897.404563990421593 ], [ 350159.918019731936511, 2975817.664679931942374 ], [ 349013.124403458321467, 2977396.006180591415614 ], [ 349009.881604727357626, 2977408.479425962548703 ], [ 350177.276924988545943, 2975897.404563990421593 ] ] ], [ [ [ 349977.590344108873978, 2974980.176938010845333 ], [ 348957.035849009407684, 2973552.034238173626363 ], [ 349957.591533581842668, 2974969.335841629188508 ], [ 350099.623952041612938, 2975540.704589021857828 ], [ 349977.590344108873978, 2974980.176938010845333 ] ] ] ] } },
{ "type": "Feature", "properties": { "t": "river" }, "geometry": { "type": "Polygon", "coordinates": [ [ [ 343281.39502035593614, 2978164.213006845675409 ], [ 343172.844572315865662, 2978220.967537889257073 ], [ 343302.086169581394643, 2978230.434994801413268 ], [ 343281.39502035593614, 2978164.213006845675409 ] ] ] } },
{ "type": "Feature", "properties": { "t": "river" }, "geometry": { "type": "Polygon", "coordinates": [ [ [ 342676.431192043586634, 2978238.253717538900673 ], [ 342866.922142855357379, 2978379.910328415688127 ], [ 343202.775930986274034, 2978231.673980002291501 ], [ 342676.431192043586634, 2978238.253717538900673 ] ] ] } },
{ "type": "Feature", "properties": { "t": "river" }, "geometry": { "type": "Polygon", "coordinates": [ [ [ 342753.522526985267177, 2978048.927983949892223 ], [ 342663.864391707582399, 2978027.890266480389982 ], [ 342676.431192043586634, 2978238.253717538900673 ], [ 342753.522526985267177, 2978048.927983949892223 ] ] ] } },
{ "type": "Feature", "properties": { "t": "river" }, "geometry": { "type": "MultiPolygon", "coordinates": [ [ [ [ 338457.244949282612652, 2973771.055558435618877 ], [ 339147.460217912914231, 2974525.783067961689085 ], [ 339141.727785192197189, 2974460.339837004430592 ], [ 339070.205041362845805, 2974306.131832591257989 ], [ 339099.866248657868709, 2974294.672348713036627 ], [ 339169.831095921050292, 2974327.018458161968738 ], [ 339418.894581418135203, 2974379.238401922862977 ], [ 339587.776219606981613, 2974377.084316786844283 ], [ 339815.698897191439755, 2974329.860191576648504 ], [ 339924.270871971268207, 2974273.077869933098555 ], [ 339973.096973803942092, 2974205.97605760814622 ], [ 340185.963805325096473, 2974379.462948206812143 ], [ 340155.41334167891182, 2974296.54685010900721 ], [ 340143.247179898316972, 2974303.534538180101663 ], [ 340092.872040038811974, 2974248.773967591114342 ], [ 340151.103257558541372, 2974284.849064913578331 ], [ 340060.393962122965604, 2974038.664346811827272 ], [ 340480.168810502567794, 2974232.778242745436728 ], [ 339827.107699554180726, 2973664.906815112568438 ], [ 340000.364654658013023, 2974006.187026239000261 ], [ 339427.83921913272934, 2974301.563116447068751 ], [ 339150.535221333615482, 2974149.982272943481803 ], [ 339228.021293231286108, 2974215.473122199531645 ], [ 339039.410231770947576, 2974228.964424652047455 ], [ 338988.604506078525446, 2974140.972911138553172 ], [ 338818.016612610721495, 2974010.19437943957746 ], [ 338873.035138949984685, 2973998.303842528257519 ], [ 338457.244949282612652, 2973771.055558435618877 ] ], [ [ 339853.180049081798643, 2974152.100906592328101 ], [ 339903.133820537477732, 2974173.62555800518021 ], [ 339775.538752336287871, 2974297.131062143016607 ], [ 339666.402951406256761, 2974309.601307964883745 ], [ 339745.312691700295545, 2974264.275532566010952 ], [ 339853.180049081798643, 2974152.100906592328101 ] ], [ [ 339517.388992698164657, 2974311.500882417429239 ], [ 339617.014041757211089, 2974332.391008098144084 ], [ 339517.812860009726137, 2974344.735949698835611 ], [ 339517.388992698164657, 2974311.500882417429239 ] ], [ [ 339488.01013919361867, 2974345.116079448722303 ], [ 339438.338932012207806, 2974345.749786024447531 ], [ 339468.000323833664879, 2974334.291181002277881 ], [ 339488.01013919361867, 2974345.116079448722303 ] ] ], [ [ [ 340099.694843629084062, 2975567.223260611761361 ], [ 340054.33892014157027, 2975785.976091775577515 ], [ 340159.012763357139193, 2975544.308979375753552 ], [ 340209.945843831810635, 2975643.38303641602397 ], [ 340201.842587214545347, 2975787.52782225375995 ], [ 340284.261908989574295, 2976019.16375195607543 ], [ 340227.057566537405364, 2976208.252910303417593 ], [ 340210.571078424633015, 2976474.385998497251421 ], [ 340132.378651187987998, 2976575.101414976175874 ], [ 340133.928268671850674, 2976696.963450224604458 ], [ 340064.683636649278924, 2976720.004509780555964 ], [ 339977.266848288476467, 2976876.239300760440528 ], [ 339800.604600054619368, 2977044.692128125578165 ], [ 339868.294632602948695, 2976899.787315278314054 ], [ 339897.103594160405919, 2976821.859142964705825 ], [ 339942.110586157534271, 2976455.640453131869435 ], [ 340019.879505988967139, 2976321.688730935100466 ], [ 339978.973201262764633, 2976149.487401154823601 ], [ 339780.81163109082263, 2977105.401464759837836 ], [ 339860.0560324130347, 2977032.85440282849595 ], [ 339851.394260056433268, 2977132.686378211714327 ], [ 339893.380256948876195, 2977309.434384210035205 ], [ 339778.858428268809803, 2977676.540033587254584 ], [ 339719.692731625691522, 2977710.535096087958664 ], [ 339689.191396650217939, 2977655.523168077692389 ], [ 339700.918529341463, 2977490.848734511993825 ], [ 339659.820590007002465, 2977689.13847081316635 ], [ 339356.208590176771395, 2977249.807404603809118 ], [ 338475.932218524976633, 2976773.557825283613056 ], [ 338501.917366257752292, 2977249.67488338984549 ], [ 338567.315205366467126, 2976927.507478713989258 ], [ 338988.016618235502392, 2977199.117509859148413 ], [ 339100.244954667345155, 2978205.981367479078472 ], [ 339031.008000890724361, 2977453.41213076421991 ], [ 339286.826579494634643, 2977261.77458126982674 ], [ 339726.899566615582444, 2978275.533413305878639 ], [ 340013.491427919885609, 2978161.078858161810786 ], [ 340050.948091399681289, 2977974.810305435210466 ], [ 339863.817350012657698, 2978107.584610684774816 ], [ 339801.828722881269641, 2977920.011455098167062 ], [ 339994.673611568519846, 2977463.266937118954957 ], [ 340075.53740421414841, 2977573.039442559704185 ], [ 339977.631383890693542, 2977685.087531718891114 ], [ 339990.243203514371999, 2977895.450423276051879 ], [ 340056.10927357384935, 2977949.144747152458876 ], [ 340116.250675342045724, 2977650.082631622441113 ], [ 340270.43515485082753, 2978058.088205277919769 ], [ 340289.046234312350862, 2976395.827859688550234 ], [ 340688.28216171299573, 2975759.196061201859266 ], [ 340705.585640688892454, 2975789.914775240700692 ], [ 340328.992876768345013, 2974767.667910161893815 ], [ 340287.670316895702854, 2974722.745137856341898 ], [ 340302.82627099880483, 2974696.645610014442354 ], [ 340276.20981586643029, 2974624.403108168859035 ], [ 340257.727923494298011, 2974712.045151279307902 ], [ 340308.663076518336311, 2974811.119631757494062 ], [ 340340.57354526699055, 2974976.916442228015512 ], [ 340311.475557641650084, 2975032.686392871197313 ], [ 340173.107977657346055, 2975089.844261384569108 ], [ 340185.293588071013801, 2975266.971584658604115 ], [ 340126.819130722782575, 2975356.355763297528028 ], [ 339975.703787822742015, 2975192.075196312740445 ], [ 339916.102466749493033, 2975192.83355660783127 ], [ 339531.206852804985829, 2974945.45082449214533 ], [ 340099.694843629084062, 2975567.223260611761361 ] ], [ [ 340648.830597360618412, 2975781.85611771652475 ], [ 340550.904608624812681, 2975893.898548691067845 ], [ 340530.055288235540502, 2975816.60204585082829 ], [ 340657.50039943162119, 2975682.025221018120646 ], [ 340648.830597360618412, 2975781.85611771652475 ] ], [ [ 340292.365757474850398, 2975875.019016289152205 ], [ 340311.106377126649022, 2975786.139937242958695 ], [ 340289.552012383530382, 2975653.452016165014356 ], [ 340177.753121891058981, 2975455.42971664853394 ], [ 340264.480096066254191, 2975243.805490138940513 ], [ 340373.045661585172638, 2975187.026684000622481 ], [ 340475.05056210141629, 2975396.254935613367707 ], [ 340514.643577379465569, 2975384.67272706143558 ], [ 340535.072146758961026, 2975428.734188673552126 ], [ 340506.395969887729734, 2975517.738748998846859 ], [ 340585.86215746041853, 2975516.731293071061373 ], [ 340606.851887770346366, 2975605.10620427178219 ], [ 340519.560301348101348, 2975772.414634097833186 ], [ 340431.11145926133031, 2975848.327455070801079 ], [ 340460.805100660421886, 2975839.640623794402927 ], [ 340471.440793768444564, 2975894.906343568116426 ], [ 340431.849450122856069, 2975906.488776757847518 ], [ 340422.138447697972879, 2975856.028793842531741 ], [ 340362.318650151719339, 2975907.371231643483043 ], [ 340292.365757474850398, 2975875.019016289152205 ] ], [ [ 340412.827048329520039, 2975973.210958138108253 ], [ 340482.638531489588786, 2975994.485458071809262 ], [ 340374.501660763518885, 2976084.49875044869259 ], [ 340354.635996145312674, 2976084.750945708714426 ], [ 340363.865634477348067, 2976029.233086268417537 ], [ 340412.827048329520039, 2975973.210958138108253 ] ], [ [ 340442.299399043899029, 2975163.987811476457864 ], [ 340472.521553498110734, 2975196.844855115748942 ], [ 340452.935522329062223, 2975219.253500605467707 ], [ 340442.299399043899029, 2975163.987811476457864 ] ], [ [ 340341.838966919865925, 2975076.621488365810364 ], [ 340361.143880857736804, 2975032.055999142117798 ], [ 340411.514909710851498, 2975086.817484851926565 ], [ 340422.432285390037578, 2975164.239827547688037 ], [ 340382.276336430339143, 2975131.50893762614578 ], [ 340341.838966919865925, 2975076.621488365810364 ] ], [ [ 340234.116764505626634, 2975199.870578595437109 ], [ 340203.471767798648216, 2975133.779043275397271 ], [ 340282.518500074220356, 2975099.534768734127283 ], [ 340263.354656205687206, 2975155.178743877913803 ], [ 340312.319339877576567, 2975099.156432475429028 ], [ 340332.186564965173602, 2975098.904247557278723 ], [ 340322.815448752313387, 2975143.343697425443679 ], [ 340234.116764505626634, 2975199.870578595437109 ] ], [ [ 340270.951978901575785, 2975753.409460599534214 ], [ 340241.85634350933833, 2975809.179730973672122 ], [ 340239.463952987280209, 2975620.847764476202428 ], [ 340270.951978901575785, 2975753.409460599534214 ] ], [ [ 340211.27507044444792, 2976529.777811109554023 ], [ 340252.412684577517211, 2976640.056552323978394 ], [ 340203.454764100373723, 2976696.079515587538481 ], [ 340183.167555180436466, 2976663.096931661013514 ], [ 340211.27507044444792, 2976529.777811109554023 ] ], [ [ 339871.540573973383289, 2977154.59006971726194 ], [ 339899.361137967556715, 2976999.113193206023425 ], [ 339987.763138743815944, 2976920.426370325963944 ], [ 340065.106456694891676, 2976753.239620991051197 ], [ 340163.866190833970904, 2976707.662940709851682 ], [ 340146.255456259241328, 2976885.16941548185423 ], [ 340029.606684063852299, 2977086.096348070073873 ], [ 340031.4396002406138, 2977230.11525150667876 ], [ 339942.757510856725276, 2977286.645128569100052 ], [ 339902.042133212205954, 2977209.602425909601152 ], [ 339871.540573973383289, 2977154.59006971726194 ] ], [ [ 339961.12961459136568, 2976388.917359785642475 ], [ 339950.209871422848664, 2976311.495209716726094 ], [ 339980.007878023548983, 2976311.115943317301571 ], [ 339961.12961459136568, 2976388.917359785642475 ] ], [ [ 339107.626097136468161, 2977230.826548363547772 ], [ 339147.353998656908516, 2977230.318067408166826 ], [ 339117.841678506927565, 2977252.85623223753646 ], [ 339107.626097136468161, 2977230.826548363547772 ] ], [ [ 338636.8408574933419, 2976926.614814271684736 ], [ 338716.440867353929207, 2976936.67351445555687 ], [ 338797.035220188321546, 2977024.28161702491343 ], [ 338746.948109954595566, 2976991.683330864179879 ], [ 338636.8408574933419, 2976926.614814271684736 ] ] ], [ [ [ 339754.051377956056967, 2977289.049629950895905 ], [ 339765.11318360734731, 2977377.550111840944737 ], [ 339784.835629387991503, 2977366.218495410401374 ], [ 339753.768889980972745, 2977266.892854425590485 ], [ 339772.926609631977044, 2977211.247683731373399 ], [ 339767.639586194651201, 2977168.94851357396692 ], [ 339742.015356710297056, 2977292.571961677167565 ], [ 339754.051377956056967, 2977289.049629950895905 ] ] ], [ [ [ 341434.665476101450622, 2977084.392362600658089 ], [ 341427.22843059868319, 2976846.785215265117586 ], [ 341071.660253393521998, 2976439.842124124523252 ], [ 341434.665476101450622, 2977084.392362600658089 ] ] ], [ [ [ 341237.64305317029357, 2977630.175939654931426 ], [ 341443.868535717134364, 2977378.41982578067109 ], [ 341436.597196035087109, 2977146.108865337911993 ], [ 341237.64305317029357, 2977630.175939654931426 ] ], [ [ 341433.796999421785586, 2977367.466790069825947 ], [ 341403.582286569057032, 2977334.607727088965476 ], [ 341423.026569825597107, 2977301.122088748496026 ], [ 341433.796999421785586, 2977367.466790069825947 ] ] ], [ [ [ 341084.238394442247227, 2978003.448754591867328 ], [ 341183.195518638123758, 2978157.751011440530419 ], [ 341144.526414256368298, 2978058.087038109544665 ], [ 341228.252855446713511, 2978158.21327892318368 ], [ 341163.875840924913064, 2977809.667161704041064 ], [ 341084.238394442247227, 2978003.448754591867328 ] ] ], [ [ [ 341203.044522546348162, 2978188.701766461599618 ], [ 341246.358419403375592, 2978256.242174399085343 ], [ 341232.593759276962373, 2978181.716106149833649 ], [ 341203.044522546348162, 2978188.701766461599618 ] ] ] ] } },
{ "type": "Feature", "properties": { "t": "river" }, "geometry": { "type": "Polygon", "coordinates": [ [ [ 340067.237235908396542, 2978481.720033744815737 ], [ 339985.249833171954378, 2978283.320585990324616 ], [ 340021.109587840735912, 2978759.31219571037218 ], [ 340148.517395473783836, 2978624.727970808278769 ], [ 340084.419905425747856, 2978270.977752223145217 ], [ 340067.237235908396542, 2978481.720033744815737 ] ] ] } },
{ "type": "Feature", "properties": { "t": "river" }, "geometry": { "type": "MultiPolygon", "coordinates": [ [ [ [ 339279.280703971104231, 2979001.466761961113662 ], [ 338774.101152525632642, 2979107.663547295611352 ], [ 339472.657750395126641, 2978963.279251899570227 ], [ 339237.818908370973077, 2978726.831927823834121 ], [ 339279.280703971104231, 2979001.466761961113662 ] ] ], [ [ [ 339462.546984597051051, 2980129.307384420186281 ], [ 339581.159701990196481, 2979307.853918431326747 ], [ 339779.341949914582074, 2979272.083380230236799 ], [ 339514.660932676983066, 2979005.571481801103801 ], [ 339462.546984597051051, 2980129.307384420186281 ] ] ] ] } },
{ "type": "Feature", "properties": { "t": "river" }, "geometry": { "type": "Polygon", "coordinates": [ [ [ 342411.138329962501302, 2977676.49570141825825 ], [ 342336.968462453980464, 2978098.468183851800859 ], [ 342546.772311581182294, 2978195.557743171229959 ], [ 342411.138329962501302, 2977676.49570141825825 ] ] ] } },
{ "type": "Feature", "properties": { "t": "river" }, "geometry": { "type": "Polygon", "coordinates": [ [ [ 342620.532100310665555, 2977740.351855678018183 ], [ 342539.831310428678989, 2977641.642406448256224 ], [ 342541.219414839870296, 2977752.425444807857275 ], [ 342620.532100310665555, 2977740.351855678018183 ] ] ] } },
{ "type": "Feature", "properties": { "t": "river" }, "geometry": { "type": "Polygon", "coordinates": [ [ [ 342379.120711129740812, 2977499.616443738341331 ], [ 342540.108927478082478, 2977663.799012960400432 ], [ 342511.847225148347206, 2977478.172469024546444 ], [ 342379.120711129740812, 2977499.616443738341331 ] ] ] } },
{ "type": "Feature", "properties": { "t": "river" }, "geometry": { "type": "Polygon", "coordinates": [ [ [ 342602.970082288200501, 2977131.169837531633675 ], [ 342573.965094047132879, 2977090.664104647468776 ], [ 342533.030291366565507, 2977098.805727952625602 ], [ 342602.970082288200501, 2977131.169837531633675 ] ] ] } },
{ "type": "Feature", "properties": { "t": "river" }, "geometry": { "type": "Polygon", "coordinates": [ [ [ 342526.230422682012431, 2976555.969397357199341 ], [ 342431.211189841560554, 2976900.64099415531382 ], [ 342532.47515692358138, 2977054.492545068264008 ], [ 342526.230422682012431, 2976555.969397357199341 ] ] ] } },
{ "type": "Feature", "properties": { "t": "river" }, "geometry": { "type": "Polygon", "coordinates": [ [ [ 342640.843525295844302, 2976188.893738077953458 ], [ 342519.847919417370576, 2976046.368260706309229 ], [ 342526.230422682012431, 2976555.969397357199341 ], [ 342640.843525295844302, 2976188.893738077953458 ] ] ] } },
{ "type": "Feature", "properties": { "t": "river" }, "geometry": { "type": "MultiPolygon", "coordinates": [ [ [ [ 350134.016332950093783, 2974767.799989458639175 ], [ 350350.791094427753706, 2975452.154402453452349 ], [ 350430.590360135654919, 2975423.273433354217559 ], [ 350370.261627565603703, 2975418.683958967681974 ], [ 350147.645807397202589, 2974725.846997325308621 ], [ 350134.016332950093783, 2974767.799989458639175 ] ] ], [ [ [ 350619.050059544155374, 2974009.758650088682771 ], [ 350354.450082415540237, 2974089.321441895794123 ], [ 350316.905062974023167, 2974204.876125787384808 ], [ 350619.050059544155374, 2974009.758650088682771 ] ] ], [ [ [ 350690.761130799073726, 2973963.45148619543761 ], [ 350508.394214399042539, 2973666.468163617886603 ], [ 350656.152679868624546, 2973985.799671777989715 ], [ 350690.761130799073726, 2973963.45148619543761 ] ] ], [ [ [ 350793.623859274142887, 2975934.394787232857198 ], [ 350748.109003819175996, 2975447.43329623201862 ], [ 350689.632780030602589, 2975442.983257034793496 ], [ 350793.623859274142887, 2975934.394787232857198 ] ] ] ] } },
{ "type": "Feature", "properties": { "t": "river" }, "geometry": { "type": "Polygon", "coordinates": [ [ [ 350699.496324459789321, 2975536.646913899108768 ], [ 350642.398777086404152, 2975747.836995918769389 ], [ 350793.36097255453933, 2975912.238739696796983 ], [ 350699.496324459789321, 2975536.646913899108768 ] ] ] } },
{ "type": "Feature", "properties": { "t": "river" }, "geometry": { "type": "Polygon", "coordinates": [ [ [ 341742.100023257022258, 2974239.004511272534728 ], [ 341572.799542282475159, 2974207.894721134100109 ], [ 341688.108616167563014, 2973896.202551739756018 ], [ 341389.65436388325179, 2973866.720224086660892 ], [ 341507.194778613629751, 2973732.278959775809199 ], [ 341369.50600996625144, 2973844.814063543919474 ], [ 341725.575925373821519, 2974505.13324558082968 ], [ 341591.381522271083668, 2974894.623755126260221 ], [ 341710.70614661264699, 2975045.430632192641497 ], [ 341742.100023257022258, 2974239.004511272534728 ] ] ] } },
{ "type": "Feature", "properties": { "t": "river" }, "geometry": { "type": "Polygon", "coordinates": [ [ [ 341317.319107223534957, 2973646.031029208563268 ], [ 341170.115680554299615, 2973791.928485746961087 ], [ 341446.470456679351628, 2973644.403442916460335 ], [ 341317.319107223534957, 2973646.031029208563268 ] ] ] } },
{ "type": "Feature", "properties": { "t": "river" }, "geometry": { "type": "Polygon", "coordinates": [ [ [ 305033.480142406420782, 2974144.712364707607776 ], [ 305049.06159789476078, 2973867.414734851568937 ], [ 304924.125179579947144, 2973931.396561682224274 ], [ 305033.480142406420782, 2974144.712364707607776 ] ] ] } },
{ "type": "Feature", "properties": { "t": "river" }, "geometry": { "type": "MultiPolygon", "coordinates": [ [ [ [ 304181.515322079008911, 2973681.400165439583361 ], [ 304437.103427243302576, 2973247.806286040693521 ], [ 304187.247357125743292, 2973494.148590022232383 ], [ 304135.89824932574993, 2973603.850275747478008 ], [ 304311.24981948453933, 2974082.566452928353101 ], [ 304313.742546189110726, 2974082.097084173932672 ], [ 304181.515322079008911, 2973681.400165439583361 ] ] ], [ [ [ 304491.39001689851284, 2973155.716385978274047 ], [ 304051.243208639090881, 2972974.159745997283608 ], [ 304454.734245757630561, 2973217.897785185836256 ], [ 304491.39001689851284, 2973155.716385978274047 ] ] ] ] } },
{ "type": "Feature", "properties": { "t": "river" }, "geometry": { "type": "Polygon", "coordinates": [ [ [ 304154.517663458012976, 2972584.672772905323654 ], [ 304097.843414762523025, 2972619.126625075470656 ], [ 304039.138940227101557, 2972853.068236119579524 ], [ 304154.517663458012976, 2972584.672772905323654 ] ] ] } },
{ "type": "Feature", "properties": { "t": "river" }, "geometry": { "type": "MultiPolygon", "coordinates": [ [ [ [ 304501.114584622206166, 2972501.711500914767385 ], [ 304469.937699148256797, 2972433.508561853785068 ], [ 304163.593352795927785, 2972529.120195011608303 ], [ 304501.114584622206166, 2972501.711500914767385 ] ] ], [ [ [ 304274.747649997938424, 2972006.525196221657097 ], [ 303790.565102781169116, 2972191.374970675911754 ], [ 304320.390282495587599, 2972106.367061302531511 ], [ 304274.747649997938424, 2972006.525196221657097 ] ] ] ] } },
{ "type": "Feature", "properties": { "t": "river" }, "geometry": { "type": "Polygon", "coordinates": [ [ [ 303756.958311057183892, 2972181.914202053565532 ], [ 303869.443412860506214, 2972237.859399904496968 ], [ 303890.630174853664357, 2972234.145732935052365 ], [ 303756.958311057183892, 2972181.914202053565532 ] ] ] } },
{ "type": "Feature", "properties": { "t": "river" }, "geometry": { "type": "Polygon", "coordinates": [ [ [ 303690.499304403027054, 2972148.604963915422559 ], [ 303666.997574918786995, 2971916.242708559613675 ], [ 303581.53434226475656, 2972094.668883563484997 ], [ 303689.411028086673468, 2972148.319827638566494 ], [ 303690.499304403027054, 2972148.604963915422559 ] ] ] } },
{ "type": "Feature", "properties": { "t": "river" }, "geometry": { "type": "Polygon", "coordinates": [ [ [ 307135.581709844816942, 2971884.822032449766994 ], [ 307147.737232431885786, 2971849.236712344922125 ], [ 307125.693528762203641, 2971828.54464524006471 ], [ 307095.492020908626728, 2971863.271744874771684 ], [ 307135.581709844816942, 2971884.822032449766994 ] ] ] } },
{ "type": "Feature", "properties": { "t": "river" }, "geometry": { "type": "Polygon", "coordinates": [ [ [ 307025.589317569276318, 2971842.178259191568941 ], [ 306943.711144397151656, 2971688.283586953300983 ], [ 307016.160917520988733, 2971875.56896246643737 ], [ 307025.589317569276318, 2971842.178259191568941 ] ] ] } },
{ "type": "Feature", "properties": { "t": "river" }, "geometry": { "type": "Polygon", "coordinates": [ [ [ 307591.370326867909171, 2971308.591754196211696 ], [ 307571.799010340066161, 2971297.765410467982292 ], [ 307512.520854528818745, 2971353.518668291158974 ], [ 307476.84948344330769, 2971526.111371739767492 ], [ 307445.337454176333267, 2971790.886674085166305 ], [ 307448.453699077246711, 2971793.858824037946761 ], [ 307591.370326867909171, 2971308.591754196211696 ] ] ] } },
{ "type": "Feature", "properties": { "t": "river" }, "geometry": { "type": "Polygon", "coordinates": [ [ [ 306953.07593164825812, 2971666.514850263018161 ], [ 306945.01455416996032, 2971658.94808506546542 ], [ 306943.711144397151656, 2971688.283586953300983 ], [ 306953.07593164825812, 2971666.514850263018161 ] ] ] } },
{ "type": "Feature", "properties": { "t": "river" }, "geometry": { "type": "Polygon", "coordinates": [ [ [ 306942.082579866982996, 2971543.285661451052874 ], [ 306956.388233140809461, 2971440.642378285061568 ], [ 306949.91376904968638, 2971444.382615263573825 ], [ 306941.503877115319483, 2971544.250263330992311 ], [ 306942.082579866982996, 2971543.285661451052874 ] ] ] } },
{ "type": "Feature", "properties": { "t": "river" }, "geometry": { "type": "MultiPolygon", "coordinates": [ [ [ [ 334903.001640316331759, 2969451.508836520370096 ], [ 336007.014091736054979, 2969503.581587504129857 ], [ 336311.768253326881677, 2970773.852472885046154 ], [ 335699.530831995711196, 2971333.154037929605693 ], [ 336275.47436134860618, 2971040.250874490477145 ], [ 336464.653692413354293, 2971309.499326099641621 ], [ 336381.629479646042455, 2970030.566839526873082 ], [ 336086.375641623628326, 2969491.469229269307107 ], [ 335395.011754432518501, 2969323.192008885089308 ], [ 335348.632707541692071, 2969323.797598676756024 ], [ 335360.443016681296285, 2969314.779118873178959 ], [ 334530.77778243762441, 2969112.897499271202832 ], [ 335117.297140320471954, 2969865.873901173938066 ], [ 334903.001640316331759, 2969451.508836520370096 ] ], [ [ 335598.103024778538384, 2969398.104287501424551 ], [ 335489.070830107200891, 2969421.687139056157321 ], [ 335468.760535343550146, 2969388.711247146595269 ], [ 335598.103024778538384, 2969398.104287501424551 ] ], [ [ 335369.666725538438186, 2969412.165446253027767 ], [ 335319.830529158934951, 2969401.735988842789084 ], [ 335389.254030925221741, 2969389.749061620794237 ], [ 335369.666725538438186, 2969412.165446253027767 ] ], [ [ 335169.307539818866644, 2969292.899749314412475 ], [ 335269.994238392100669, 2969391.306724267546088 ], [ 335090.524848385946825, 2969349.33159447601065 ], [ 335169.307539818866644, 2969292.899749314412475 ] ] ], [ [ [ 336599.492397462832741, 2971501.416108948178589 ], [ 337863.411870347103104, 2971892.220198684372008 ], [ 336521.064362860983238, 2971389.788146894425154 ], [ 336599.492397462832741, 2971501.416108948178589 ] ] ], [ [ [ 338289.726067728945054, 2972332.779944088775665 ], [ 337956.568051532492973, 2971927.094667913392186 ], [ 337910.39825450500939, 2971909.810175511054695 ], [ 338289.726067728945054, 2972332.779944088775665 ] ] ], [ [ [ 335192.11587707180297, 2971796.758950186427683 ], [ 335588.070706213475205, 2973198.788716821931303 ], [ 335995.997705091489479, 2973395.792224074248224 ], [ 336216.732718002574984, 2973401.120277341920882 ], [ 336038.044879685563501, 2973414.52681179298088 ], [ 336032.980898114619777, 2973413.65376139851287 ], [ 336638.033243069017772, 2973705.894302405882627 ], [ 337182.587058604694903, 2973554.794615616556257 ], [ 335697.937359793810174, 2973241.675751792732626 ], [ 335609.921140754537191, 2972589.083914675749838 ], [ 335778.829384225420654, 2972586.879923364147544 ], [ 338287.215709040290676, 2973684.597309046890587 ], [ 338271.697194826672785, 2973471.106836131773889 ], [ 338165.149238850048278, 2973464.561803674791008 ], [ 338153.789870463195257, 2973353.905659826472402 ], [ 338269.45335197262466, 2973440.2382517834194 ], [ 338263.075689384713769, 2973352.501039602328092 ], [ 338004.952303249563556, 2973304.462036184966564 ], [ 337934.790244033560157, 2973323.482566546183079 ], [ 337899.168833723641001, 2973284.776437732391059 ], [ 337037.904480688623153, 2973124.536011850927025 ], [ 335794.234867779945489, 2972305.342824363615364 ], [ 335866.374155610683374, 2972441.694154054392129 ], [ 335807.19217608764302, 2972475.706682832911611 ], [ 335786.350689607555978, 2972300.150307917967439 ], [ 335687.574656410142779, 2972235.097217749804258 ], [ 335645.182025334448554, 2972245.132943816483021 ], [ 335535.8854398423573, 2972246.559805535711348 ], [ 335505.353764695406426, 2972191.55681684659794 ], [ 335594.634026551968418, 2972179.310660955496132 ], [ 335474.532389266707469, 2972114.396973793394864 ], [ 335493.288410010572989, 2972107.146008352283388 ], [ 335454.225845166714862, 2972081.421212567482144 ], [ 335507.637555414112285, 2971508.472643278539181 ], [ 335192.11587707180297, 2971796.758950186427683 ] ], [ [ 336196.996432661660947, 2972647.915141659788787 ], [ 335857.593530982849188, 2972530.451274035032839 ], [ 336026.935177175619174, 2972561.48598549189046 ], [ 336196.996432661660947, 2972647.915141659788787 ] ], [ [ 335616.530740106129088, 2972334.149648054968566 ], [ 335675.279288483201526, 2972266.90087320189923 ], [ 335706.821772178693209, 2972399.453414896503091 ], [ 335616.530740106129088, 2972334.149648054968566 ] ] ], [ [ [ 334513.132779702544212, 2970797.34559653699398 ], [ 334560.009831630275585, 2971339.668950654100627 ], [ 334197.305397060117684, 2971721.171295884530991 ], [ 334350.869950618944131, 2972062.643594563007355 ], [ 334306.315683960041497, 2971697.576063815038651 ], [ 334601.502489494741894, 2971472.088795211166143 ], [ 334542.799029849818908, 2970785.875640895217657 ], [ 335147.750053702213336, 2969924.760455719660968 ], [ 335133.522180133848451, 2969897.248058317229152 ], [ 334513.132779702544212, 2970797.34559653699398 ] ] ] ] } },
{ "type": "Feature", "properties": { "t": "river" }, "geometry": { "type": "Polygon", "coordinates": [ [ [ 334134.023273971339222, 2972198.462626718450338 ], [ 334178.599100648018066, 2971810.060880250297487 ], [ 334133.147838870529085, 2972131.991598406806588 ], [ 333612.53021635778714, 2972593.157734655309469 ], [ 333632.435648038517684, 2972717.470038385596126 ], [ 334134.023273971339222, 2972198.462626718450338 ] ] ] } },
{ "type": "Feature", "properties": { "t": "river" }, "geometry": { "type": "MultiPolygon", "coordinates": [ [ [ [ 330707.939396825211588, 2970781.201434522401541 ], [ 330399.686045345151797, 2970896.36180372396484 ], [ 330452.055564419133589, 2970986.48588446713984 ], [ 330707.939396825211588, 2970781.201434522401541 ] ] ], [ [ [ 331030.772485471214168, 2970522.224068799056113 ], [ 330677.321558845753316, 2970266.829684258904308 ], [ 330908.374516415467951, 2970620.409665580838919 ], [ 331030.772485471214168, 2970522.224068799056113 ] ] ], [ [ [ 330730.017908140434884, 2970238.164655743632466 ], [ 330659.210818102874327, 2970239.115807484835386 ], [ 330672.777403219544794, 2970259.875998113770038 ], [ 330730.017908140434884, 2970238.164655743632466 ] ] ], [ [ [ 331154.024620249983855, 2970077.349361136555672 ], [ 331117.777714256721083, 2969968.540281611960381 ], [ 331063.482783048297279, 2970111.688081214670092 ], [ 331154.024620249983855, 2970077.349361136555672 ] ] ], [ [ [ 331040.103895865147933, 2969735.378259114455432 ], [ 330712.440026864176616, 2969761.93536053551361 ], [ 330967.862587424053345, 2969536.896452880464494 ], [ 330784.511090070533101, 2969206.938797998707741 ], [ 330947.985828325385228, 2969537.162969298660755 ], [ 330692.712394531816244, 2969773.280888018663973 ], [ 331112.075395331485197, 2969951.422730466816574 ], [ 331040.103895865147933, 2969735.378259114455432 ] ] ], [ [ [ 330674.39619242970366, 2971369.13344463147223 ], [ 331088.026508767856285, 2971496.909225980751216 ], [ 330470.84778168820776, 2971018.826249152421951 ], [ 330674.39619242970366, 2971369.13344463147223 ] ] ], [ [ [ 331270.994420973816887, 2971553.435493708588183 ], [ 331235.614171678200364, 2971716.181533765979111 ], [ 331309.350521819433197, 2971757.501518263015896 ], [ 331410.915435386530589, 2971447.900335097685456 ], [ 331299.972063255845569, 2971486.204060198739171 ], [ 331310.50846885133069, 2971371.680395969189703 ], [ 331284.445095047703944, 2971491.564917483367026 ], [ 331183.520502332248725, 2971526.410833953414112 ], [ 331270.994420973816887, 2971553.435493708588183 ] ] ], [ [ [ 331505.978339429711923, 2971867.690139824990183 ], [ 331535.195202057773713, 2971822.97705402225256 ], [ 331428.732121700886637, 2971824.401406488381326 ], [ 331505.978339429711923, 2971867.690139824990183 ] ] ], [ [ [ 331796.034219732391648, 2971423.810798649676144 ], [ 331698.788051018607803, 2971421.890057037584484 ], [ 331610.325266439991537, 2971708.000920007005334 ], [ 331796.034219732391648, 2971423.810798649676144 ] ] ], [ [ [ 332725.979579524719156, 2971527.800855396315455 ], [ 332702.850946681515779, 2971441.757760989945382 ], [ 331832.50151265563909, 2971424.531269799917936 ], [ 332725.979579524719156, 2971527.800855396315455 ] ] ], [ [ [ 332650.442309209494852, 2971985.398560517001897 ], [ 332798.752612676704302, 2971928.026345415972173 ], [ 333142.068693007808179, 2973086.924769027158618 ], [ 332741.04302856232971, 2973568.708700040820986 ], [ 332805.302389809628949, 2973638.476637037470937 ], [ 333162.82056080782786, 2973153.13272340875119 ], [ 332736.316888529632706, 2971566.258030873257667 ], [ 332650.442309209494852, 2971985.398560517001897 ] ] ] ] } },
{ "type": "Feature", "properties": { "t": "river" }, "geometry": { "type": "Polygon", "coordinates": [ [ [ 330396.494315406715032, 2973611.162108821794391 ], [ 330086.708774467348121, 2973482.371934285387397 ], [ 330597.583732637460344, 2973785.744595187716186 ], [ 330396.494315406715032, 2973611.162108821794391 ] ] ] } },
{ "type": "Feature", "properties": { "t": "river" }, "geometry": { "type": "Polygon", "coordinates": [ [ [ 329861.041960987029597, 2973695.953248515725136 ], [ 330055.257633341301698, 2973360.909035976044834 ], [ 329375.571215649950318, 2973802.251405322924256 ], [ 329861.041960987029597, 2973695.953248515725136 ] ] ] } },
{ "type": "Feature", "properties": { "t": "river" }, "geometry": { "type": "Polygon", "coordinates": [ [ [ 326363.701956446340773, 2973012.374950696248561 ], [ 326797.100345957791433, 2972009.128099850844592 ], [ 327845.439599283388816, 2972360.421493451111019 ], [ 328244.064557349483948, 2971712.294140787795186 ], [ 328141.03317043709103, 2970716.4311477933079 ], [ 328353.020506229193415, 2970225.989500110037625 ], [ 327345.113875823444687, 2969209.243293337989599 ], [ 328252.886226506438106, 2970171.949906108435243 ], [ 328061.381461030396167, 2970706.43693837011233 ], [ 328163.96581324050203, 2971669.063499593641609 ], [ 327815.024852581205778, 2972316.514130083378404 ], [ 326836.23750254441984, 2971964.266574077308178 ], [ 326432.193995218724012, 2972213.607145292684436 ], [ 326283.603856408211868, 2972969.156289658974856 ], [ 326663.282751109683886, 2973839.312796336133033 ], [ 326363.701956446340773, 2973012.374950696248561 ] ], [ [ 326426.227719907241408, 2972501.792173346504569 ], [ 326501.291331237764098, 2972179.412449276074767 ], [ 326524.826929376577027, 2972445.029135865159333 ], [ 326426.227719907241408, 2972501.792173346504569 ] ] ] } },
{ "type": "Feature", "properties": { "t": "river" }, "geometry": { "type": "Polygon", "coordinates": [ [ [ 330273.019008180184755, 2972560.163593978155404 ], [ 330192.382729055243544, 2972500.55997828906402 ], [ 330064.295713552506641, 2973294.302958397660404 ], [ 330273.019008180184755, 2972560.163593978155404 ] ] ] } },
{ "type": "Feature", "properties": { "t": "river" }, "geometry": { "type": "Polygon", "coordinates": [ [ [ 332257.856361875659786, 2972356.278560030274093 ], [ 332223.278333967202343, 2972744.558128737844527 ], [ 332250.281536924769171, 2972533.668067799415439 ], [ 332257.856361875659786, 2972356.278560030274093 ] ] ] } },
{ "type": "Feature", "properties": { "t": "river" }, "geometry": { "type": "MultiPolygon", "coordinates": [ [ [ [ 329302.826003224472515, 2970634.156038519460708 ], [ 328697.234856041613966, 2969955.369457281194627 ], [ 328488.0725956390379, 2969193.644445938058197 ], [ 328585.956793811987154, 2969812.832943551708013 ], [ 329274.364098494581413, 2970734.267757860478014 ], [ 329340.043009542336222, 2970925.445101372897625 ], [ 329302.826003224472515, 2970634.156038519460708 ] ] ], [ [ [ 329429.83939161314629, 2971939.956941483542323 ], [ 330052.632250295486301, 2972430.168049174360931 ], [ 329469.585580306127667, 2971939.418749488890171 ], [ 329456.823352289036848, 2971839.519399268552661 ], [ 329429.83939161314629, 2971939.956941483542323 ] ] ] ] } },
{ "type": "Feature", "properties": { "t": "river" }, "geometry": { "type": "Polygon", "coordinates": [ [ [ 331002.56730462051928, 2969159.692023997195065 ], [ 331354.569972705852706, 2969465.234272757545114 ], [ 331359.42971849697642, 2969442.121733699925244 ], [ 331002.56730462051928, 2969159.692023997195065 ] ] ] } },
{ "type": "Feature", "properties": { "t": "river" }, "geometry": { "type": "Polygon", "coordinates": [ [ [ 334134.027724348939955, 2967666.581805560737848 ], [ 334425.181025135680102, 2968727.925204616971314 ], [ 334506.538874873658642, 2968780.804891399573535 ], [ 334498.635604366776533, 2968936.033599914517254 ], [ 334451.244705522665754, 2968822.943158455193043 ], [ 334530.77778243762441, 2969112.897499271202832 ], [ 334650.040568338474259, 2969111.332978206221014 ], [ 334340.058753789053299, 2968243.396931775379926 ], [ 334300.921466652594972, 2968262.727887015324086 ], [ 334320.105111599143129, 2968187.531480259727687 ], [ 334134.027724348939955, 2967666.581805560737848 ] ] ] } },
{ "type": "Feature", "properties": { "t": "river" }, "geometry": { "type": "MultiPolygon", "coordinates": [ [ [ [ 331613.719004501122981, 2968689.748311223462224 ], [ 331337.814781408873387, 2968955.753463983535767 ], [ 331400.11406753200572, 2969154.370002702344209 ], [ 331613.719004501122981, 2968689.748311223462224 ] ] ], [ [ [ 332328.30758419400081, 2968687.693227311596274 ], [ 332365.945453529304359, 2968577.178741884417832 ], [ 331710.758965934859589, 2968596.194286973681301 ], [ 331693.314330300665461, 2968613.012101159896702 ], [ 332328.30758419400081, 2968687.693227311596274 ] ] ], [ [ [ 332594.814446809701622, 2968028.052382947877049 ], [ 332548.52090694726212, 2968053.181099462788552 ], [ 332540.186426862259395, 2968086.114100601058453 ], [ 332594.814446809701622, 2968028.052382947877049 ] ] ], [ [ [ 333063.614374902215786, 2967913.388842210173607 ], [ 333086.217835619696416, 2967721.609078071080148 ], [ 333071.648269111523405, 2967769.237040072213858 ], [ 332917.367683303367812, 2967852.974078556988388 ], [ 333063.614374902215786, 2967913.388842210173607 ] ] ], [ [ [ 333331.249106499366462, 2967845.857574809342623 ], [ 333166.94331295666052, 2967457.724902998190373 ], [ 333149.098572715360206, 2967516.05659172590822 ], [ 333331.249106499366462, 2967845.857574809342623 ] ] ], [ [ [ 333463.537154206249397, 2968085.389404225628823 ], [ 333534.87649009982124, 2967955.890650653280318 ], [ 333441.797715810360387, 2968046.025482522323728 ], [ 333463.537154206249397, 2968085.389404225628823 ] ] ], [ [ [ 333648.003462163032964, 2967750.543653770815581 ], [ 334142.039155085803941, 2968275.896469803061336 ], [ 333788.91044169862289, 2967881.651021614205092 ], [ 334137.523433664639015, 2967932.464514833875 ], [ 334055.047877245699055, 2967684.720805546268821 ], [ 333955.112653725896962, 2967668.93527418654412 ], [ 333614.97021297167521, 2967507.210729804355651 ], [ 333362.37678232381586, 2967200.293128764722496 ], [ 333569.512039913737681, 2967075.675235011614859 ], [ 333669.35221679485403, 2967107.599999965168536 ], [ 333713.492861795471981, 2967439.429582924582064 ], [ 334048.504702768870629, 2967665.066516002174467 ], [ 334023.670548566267826, 2967590.470600726082921 ], [ 333496.568737044464797, 2966821.788620077539235 ], [ 333594.371957313618623, 2966534.099484820850194 ], [ 333444.527466136030853, 2966645.189161775168031 ], [ 333436.487606622977182, 2966789.340264762286097 ], [ 333265.890109453350306, 2966669.708579423371702 ], [ 333237.297051745117642, 2966578.516288488171995 ], [ 333196.89195499336347, 2966714.941871162038296 ], [ 333468.940338543616235, 2966988.358943722210824 ], [ 333294.259549129579682, 2967311.996861653868109 ], [ 333547.8690850030398, 2967932.306207052432001 ], [ 333648.003462163032964, 2967750.543653770815581 ] ], [ [ 333762.462656612042338, 2967383.382413758896291 ], [ 333843.149466613889672, 2967470.962601725477725 ], [ 333743.166640810901299, 2967427.958164131268859 ], [ 333762.462656612042338, 2967383.382413758896291 ] ], [ [ 333504.754484106728341, 2967442.18230775790289 ], [ 333765.673867897887249, 2967627.108419514261186 ], [ 333566.439985398552381, 2967596.49392597284168 ], [ 333504.754484106728341, 2967442.18230775790289 ] ], [ [ 333424.357527384650894, 2967376.761084090918303 ], [ 333487.067774303257465, 2967608.621619292069227 ], [ 333407.25683527207002, 2967587.514415288344026 ], [ 333424.357527384650894, 2967376.761084090918303 ] ] ], [ [ [ 333659.277727445121855, 2966343.187105491757393 ], [ 333236.203294351696968, 2965927.714661728125066 ], [ 333711.501308417180553, 2965023.936913564335555 ], [ 333495.859107496449724, 2964506.001524287741631 ], [ 333590.739713956601918, 2964914.72404378419742 ], [ 333378.150375803525094, 2964949.900809573940933 ], [ 333453.452114446088672, 2965060.578331402037293 ], [ 333386.198070022161119, 2965238.751253806520253 ], [ 333348.185849209781736, 2965372.217261223122478 ], [ 333265.9076982147526, 2965126.694070504046977 ], [ 333145.708214567159303, 2965851.347626786679029 ], [ 333368.216298830229789, 2966136.498763033188879 ], [ 333240.811602574540302, 2966566.649754365440458 ], [ 333619.368558905669488, 2966332.632715282030404 ], [ 333613.638462793081999, 2966477.428693074267358 ], [ 333659.277727445121855, 2966343.187105491757393 ] ], [ [ 333466.607977842330001, 2965304.172772637102753 ], [ 333524.79719939653296, 2965192.60194425471127 ], [ 333565.002008179726545, 2965225.313072601798922 ], [ 333505.936231418862008, 2965270.413105367682874 ], [ 333466.607977842330001, 2965304.172772637102753 ] ], [ [ 333399.793698992580175, 2966269.046539139468223 ], [ 333438.680054308497347, 2966202.051112357992679 ], [ 333450.521166176651604, 2966345.939787031151354 ], [ 333399.793698992580175, 2966269.046539139468223 ] ] ], [ [ [ 333348.333266593166627, 2964629.830902796238661 ], [ 333311.488759873667732, 2964851.92432005237788 ], [ 333371.669433426053729, 2964940.375307097099721 ], [ 333348.333266593166627, 2964629.830902796238661 ] ] ] ] } },
{ "type": "Feature", "properties": { "t": "river" }, "geometry": { "type": "Polygon", "coordinates": [ [ [ 330811.65135140134953, 2969007.12431063875556 ], [ 330793.855057406937703, 2969162.491107511334121 ], [ 330992.62862925499212, 2969159.825235276017338 ], [ 330811.65135140134953, 2969007.12431063875556 ] ] ] } },
{ "type": "Feature", "properties": { "t": "river" }, "geometry": { "type": "MultiPolygon", "coordinates": [ [ [ [ 327312.388566190609708, 2965364.671654328238219 ], [ 326497.207598151755519, 2964655.596104486379772 ], [ 327294.020147795497905, 2965475.730077480431646 ], [ 327531.081544100481551, 2966354.783709972631186 ], [ 327333.588249421096407, 2965460.64551337249577 ], [ 327334.241551856743172, 2965508.422187176998705 ], [ 327292.807965404121205, 2965387.10087978374213 ], [ 327327.806543910701293, 2965434.470821574795991 ], [ 327312.388566190609708, 2965364.671654328238219 ] ] ], [ [ [ 327274.48001256340649, 2969132.645235864445567 ], [ 328135.082243228913285, 2968821.706236013676971 ], [ 328468.195087994565256, 2969193.914844123646617 ], [ 328158.236980943649542, 2968701.872453923337162 ], [ 327274.48001256340649, 2969132.645235864445567 ] ] ] ] } },
{ "type": "Feature", "properties": { "t": "lake" }, "geometry": { "type": "Polygon", "coordinates": [ [ [ 329255.644336546421982, 2968618.113384655211121 ], [ 329158.653850906004664, 2968796.717450315598398 ], [ 329287.411412878311239, 2968761.731841692235321 ], [ 329255.644336546421982, 2968618.113384655211121 ] ] ] } },
{ "type": "Feature", "properties": { "t": "lake" }, "geometry": { "type": "Polygon", "coordinates": [ [ [ 329155.202052981883753, 2968541.90900911251083 ], [ 328895.729643632774241, 2968467.861802400555462 ], [ 329015.90247838862706, 2968532.716077635996044 ], [ 329155.202052981883753, 2968541.90900911251083 ] ] ] } },
{ "type": "Feature", "properties": { "t": "river" }, "geometry": { "type": "MultiPolygon", "coordinates": [ [ [ [ 336228.729309410555288, 2965590.726197851356119 ], [ 336133.105516152689233, 2965435.492600729223341 ], [ 335588.337111828674097, 2964833.160806237719953 ], [ 335525.722093823598698, 2964809.825105303898454 ], [ 336228.729309410555288, 2965590.726197851356119 ] ] ], [ [ [ 336828.684735180111602, 2967709.004443504847586 ], [ 336853.931680319830775, 2967662.584272054955363 ], [ 336498.742907092440873, 2966029.083564692176878 ], [ 336381.148618507955689, 2965838.169265075586736 ], [ 336828.684735180111602, 2967709.004443504847586 ] ] ], [ [ [ 337089.325405479641631, 2967435.76589442556724 ], [ 337033.409238341555465, 2967396.112804238684475 ], [ 337012.09318324457854, 2967439.413526201155037 ], [ 337089.325405479641631, 2967435.76589442556724 ] ] ] ] } },
{ "type": "Feature", "properties": { "t": "river" }, "geometry": { "type": "Polygon", "coordinates": [ [ [ 333349.227648761821911, 2967710.165218040812761 ], [ 333349.95935599214863, 2967765.557577612344176 ], [ 333369.253413336235099, 2967720.981108778622001 ], [ 333349.227648761821911, 2967710.165218040812761 ] ] ] } },
{ "type": "Feature", "properties": { "t": "river" }, "geometry": { "type": "Polygon", "coordinates": [ [ [ 328743.494889646186493, 2967505.909258416853845 ], [ 328758.864610337652266, 2967173.280719603411853 ], [ 328529.333599568984937, 2967109.913552069570869 ], [ 328743.494889646186493, 2967505.909258416853845 ] ] ] } },
{ "type": "Feature", "properties": { "t": "lake" }, "geometry": { "type": "Polygon", "coordinates": [ [ [ 331562.730835707625374, 2964952.68819441832602 ], [ 331394.161052796873264, 2964988.178891115356237 ], [ 331505.443920570425689, 2965130.73986482899636 ], [ 331562.730835707625374, 2964952.68819441832602 ] ] ] } },
{ "type": "Feature", "properties": { "t": "river" }, "geometry": { "type": "Polygon", "coordinates": [ [ [ 332610.998643597587943, 2964517.696121954359114 ], [ 332791.865841202088632, 2964659.345751129090786 ], [ 332770.07485972577706, 2964515.589148156810552 ], [ 332610.998643597587943, 2964517.696121954359114 ] ] ] } },
{ "type": "Feature", "properties": { "t": "river" }, "geometry": { "type": "Polygon", "coordinates": [ [ [ 335017.086732219439, 2962968.047070174477994 ], [ 336158.20580363686895, 2962631.917275415267795 ], [ 335055.559157484676689, 2962867.82281648973003 ], [ 334881.931870602769777, 2963280.058962611481547 ], [ 335022.095243149786256, 2963738.232136110309511 ], [ 335017.086732219439, 2962968.047070174477994 ] ] ] } },
{ "type": "Feature", "properties": { "t": "river" }, "geometry": { "type": "Polygon", "coordinates": [ [ [ 334544.299804382259026, 2963317.715563410427421 ], [ 334455.444945445051417, 2963274.924303272739053 ], [ 334146.083115333574824, 2964043.154847402591258 ], [ 334216.186353606521152, 2964106.814698818605393 ], [ 334544.299804382259026, 2963317.715563410427421 ] ] ] } },
{ "type": "Feature", "properties": { "t": "river" }, "geometry": { "type": "Polygon", "coordinates": [ [ [ 332935.577003291109577, 2964247.47010120889172 ], [ 333232.388426952413283, 2964132.744884144049138 ], [ 333295.406073986785486, 2964386.761392061132938 ], [ 333391.761280710401479, 2964152.802834470290691 ], [ 333495.859107496449724, 2964506.001524287741631 ], [ 333509.795253962511197, 2962544.598853432107717 ], [ 333328.178127208142541, 2962347.546172374859452 ], [ 333881.399630390456878, 2962063.257624201010913 ], [ 333887.893342553754337, 2962031.339250398799777 ], [ 333772.305304768844508, 2962086.851992704439908 ], [ 333723.313103459426202, 2962142.897686623968184 ], [ 333663.794308025040664, 2962154.760869437362999 ], [ 333722.147574599832296, 2962054.270615052897483 ], [ 333810.916947101475671, 2961997.702073580119759 ], [ 333870.145476237987168, 2961963.682876098901033 ], [ 333889.257868862070609, 2962024.63225495768711 ], [ 334021.546755989373196, 2961374.439926282968372 ], [ 333962.971401700866409, 2961438.388368049170822 ], [ 333972.841377433622256, 2961452.64113845769316 ], [ 333963.187643808778375, 2961474.928428519982845 ], [ 333933.790242831222713, 2961508.555249738506973 ], [ 333913.755593238689471, 2961497.738064720761031 ], [ 333912.693280880514067, 2961493.279242194723338 ], [ 333158.692432038602419, 2962316.540701855439693 ], [ 333039.309359446400777, 2963349.629581849090755 ], [ 333043.02986269549001, 2963348.54009763430804 ], [ 333092.01413337897975, 2963292.491285164840519 ], [ 333171.413566036033444, 2963280.362560261040926 ], [ 333283.127334902179427, 2963456.173863762523979 ], [ 333356.089120171091054, 2963710.059397283941507 ], [ 333358.134636359638534, 2963865.157261477317661 ], [ 333339.710456150700338, 2963976.203757044393569 ], [ 333390.884696728840936, 2964086.33230158360675 ], [ 333371.437891103094444, 2964119.829818878788501 ], [ 333321.286674483621027, 2964087.250311772804707 ], [ 333202.122006453340873, 2964099.903364561498165 ], [ 333121.557120946585201, 2964023.404730031266809 ], [ 333059.559284105198458, 2963846.937934760004282 ], [ 333057.217387389275245, 2963669.683077165856957 ], [ 333017.785318081616424, 2963535.913599214982241 ], [ 332935.577003291109577, 2964247.47010120889172 ] ], [ [ 333849.383606181363575, 2961897.473933407105505 ], [ 333819.987559889792465, 2961931.101103334221989 ], [ 333790.009180469089188, 2961920.414832754526287 ], [ 333779.336771613219753, 2961865.153654631692916 ], [ 333838.71144836966414, 2961842.212719201110303 ], [ 333849.383606181363575, 2961897.473933407105505 ] ], [ [ 333731.363338004681282, 2961998.747932393569499 ], [ 333701.530729591846466, 2961999.140258608851582 ], [ 333681.35088060668204, 2961977.245080823544413 ], [ 333700.36511381843593, 2961910.513196510262787 ], [ 333778.899889405118302, 2961831.918518526945263 ], [ 333760.176394380629063, 2961920.807010977063328 ], [ 333731.363338004681282, 2961998.747932393569499 ] ], [ [ 333584.53327176196035, 2962177.964484516065568 ], [ 333613.928103020763956, 2962144.336694925557822 ], [ 333604.567205440020189, 2962188.781116265803576 ], [ 333584.53327176196035, 2962177.964484516065568 ] ], [ [ 333210.312355105648749, 2962459.903931216336787 ], [ 333259.301075828378089, 2962403.85604661423713 ], [ 333270.706063696823549, 2962514.508939722087234 ], [ 333321.1554805538035, 2962569.245319111738354 ], [ 333480.109836323652416, 2962556.070167673751712 ], [ 333434.770395254367031, 2962889.077248909976333 ], [ 333404.939851885195822, 2962889.470384316984564 ], [ 333285.033176871365868, 2962846.729994484689087 ], [ 333164.833189448108897, 2962781.833877697121352 ], [ 333164.248316830140539, 2962737.520231036935002 ], [ 333211.481658054573927, 2962548.531184678897262 ], [ 333201.0993482345948, 2962515.427161598578095 ], [ 333210.312355105648749, 2962459.903931216336787 ] ], [ [ 333246.282040090998635, 2962924.803529242053628 ], [ 333315.740393195766956, 2962912.807030225172639 ], [ 333406.984110012534074, 2963044.568071917165071 ], [ 333409.320526665193029, 2963221.822606356348842 ], [ 333441.194389503449202, 2963376.527173973619938 ], [ 333433.587639955920167, 2963553.912818434182554 ], [ 333413.99374924384756, 2963576.331785083282739 ], [ 333342.63967150717508, 2963444.308534295298159 ], [ 333351.56011655239854, 2963366.628512049559504 ], [ 333291.024422287824564, 2963300.944873220752925 ], [ 333290.293736951774918, 2963245.552801967598498 ], [ 333259.879373559379019, 2963201.632663714699447 ], [ 333129.739139196928591, 2963136.868204945232719 ], [ 333089.234291081666015, 2963082.001307437662035 ], [ 333088.063886013813317, 2962993.373963836114854 ], [ 333126.667574669932947, 2962904.221460958942771 ], [ 333166.295406525838189, 2962892.618004355579615 ], [ 333246.282040090998635, 2962924.803529242053628 ] ], [ [ 333440.013356001290958, 2964041.363136005587876 ], [ 333359.741897366708145, 2963987.019888726528734 ], [ 333398.343862956040539, 2963897.868045803159475 ], [ 333419.251745034358464, 2963975.15478623425588 ], [ 333440.013356001290958, 2964041.363136005587876 ] ], [ [ 333170.098324316029903, 2962427.193541821092367 ], [ 333179.311291345686186, 2962371.670291300397366 ], [ 333218.210135914385319, 2962304.675075898878276 ], [ 333317.357832796697039, 2962281.206868227571249 ], [ 333189.986100201494992, 2962426.931112016551197 ], [ 333170.098324316029903, 2962427.193541821092367 ] ], [ [ 333091.428888186521363, 2963248.177601354662329 ], [ 333080.168792064709123, 2963148.603140280582011 ], [ 333230.04954657232156, 2963202.026250360999256 ], [ 333260.317855669301935, 2963234.867907368112355 ], [ 333271.138030124246143, 2963301.207215600647032 ], [ 333301.844404709525406, 2963367.284201968461275 ], [ 333261.925662469177041, 2963356.730478442274034 ], [ 333231.072861804743297, 2963279.575161330867559 ], [ 333190.715104981907643, 2963235.786392942536622 ], [ 333091.428888186521363, 2963248.177601354662329 ] ], [ [ 333081.201133031980135, 2963979.616373719181865 ], [ 333111.468149842345156, 2964012.457630007062107 ], [ 333112.19983916869387, 2964067.849782766774297 ], [ 333081.201133031980135, 2963979.616373719181865 ] ] ] } },
{ "type": "Feature", "properties": { "t": "river" }, "geometry": { "type": "Polygon", "coordinates": [ [ [ 332770.07485972577706, 2964515.589148156810552 ], [ 332732.034171719569713, 2963895.591104343067855 ], [ 332567.411923402629327, 2964230.183389525394887 ], [ 332098.427481568534859, 2963361.054677658714354 ], [ 332055.337399660493247, 2963860.246036090422422 ], [ 332610.998643597587943, 2964517.696121954359114 ], [ 332770.07485972577706, 2964515.589148156810552 ] ], [ [ 332658.215107481228188, 2964328.70380997704342 ], [ 332458.044470104156062, 2964231.633344571106136 ], [ 332577.794872104306705, 2964263.286976762581617 ], [ 332658.215107481228188, 2964328.70380997704342 ] ] ] } },
{ "type": "Feature", "properties": { "t": "river" }, "geometry": { "type": "MultiPolygon", "coordinates": [ [ [ [ 325848.260824033874087, 2962304.320761418901384 ], [ 325775.882707881100941, 2962826.114100859034806 ], [ 325903.402510668151081, 2962276.065654051024467 ], [ 325848.260824033874087, 2962304.320761418901384 ] ] ], [ [ [ 326382.361679775291122, 2962086.441229613497853 ], [ 326366.834990970091894, 2962038.613414125517011 ], [ 326007.324913536082022, 2962222.815878832247108 ], [ 326382.361679775291122, 2962086.441229613497853 ] ] ], [ [ [ 326599.435379481175914, 2961772.952954074367881 ], [ 326285.428762111347169, 2961508.336387322284281 ], [ 326333.134439440094866, 2961767.619944518432021 ], [ 326599.435379481175914, 2961772.952954074367881 ] ] ], [ [ [ 326557.480114184203558, 2961075.693425050470978 ], [ 326721.005241509061307, 2961394.792352145537734 ], [ 326718.128031866857782, 2961184.780349732842296 ], [ 326566.969644303084351, 2961042.321209922432899 ], [ 326231.113824986037798, 2961213.14138362230733 ], [ 326267.026939179108012, 2961408.323511586524546 ], [ 326557.480114184203558, 2961075.693425050470978 ] ] ], [ [ [ 326526.29607092984952, 2962427.96798820188269 ], [ 326546.437412647646852, 2962439.880028089508414 ], [ 326677.35393122700043, 2961838.618543421383947 ], [ 326606.152172807196621, 2961778.613463975023478 ], [ 326526.29607092984952, 2962427.96798820188269 ] ] ], [ [ [ 327365.735449802712537, 2962924.476461526937783 ], [ 327357.864136560936458, 2962870.892649215646088 ], [ 326947.438827057834715, 2962677.052342843730003 ], [ 327365.735449802712537, 2962924.476461526937783 ] ] ], [ [ [ 327415.811256209970452, 2963478.456694625783712 ], [ 327445.58233904116787, 2963468.051563586574048 ], [ 327372.166428605793044, 2962968.25547389825806 ], [ 327415.811256209970452, 2963478.456694625783712 ] ] ], [ [ [ 326445.719339273986407, 2963803.085361854638904 ], [ 325806.45942005654797, 2963601.347097413614392 ], [ 326436.791982513270341, 2964601.022305630147457 ], [ 326158.893947399803437, 2963917.835926782339811 ], [ 327346.6033282756689, 2963502.645527585409582 ], [ 326445.719339273986407, 2963803.085361854638904 ] ], [ [ 326118.359604759607464, 2963862.989846673794091 ], [ 326017.708694737637416, 2963775.729173666797578 ], [ 326047.843106937012635, 2963797.475829567760229 ], [ 326118.359604759607464, 2963862.989846673794091 ] ] ] ] } },
{ "type": "Feature", "properties": { "t": "river" }, "geometry": { "type": "Polygon", "coordinates": [ [ [ 337180.839422272867523, 2964180.963017381727695 ], [ 336488.938706048647873, 2963735.612181474454701 ], [ 337000.44782814825885, 2964072.487745238468051 ], [ 337180.839422272867523, 2964180.963017381727695 ] ] ] } },
{ "type": "Feature", "properties": { "t": "river" }, "geometry": { "type": "MultiPolygon", "coordinates": [ [ [ [ 328390.361258514691144, 2962734.945961562450975 ], [ 329021.822150256019086, 2962360.730062060058117 ], [ 328959.730065069510601, 2962656.080112748313695 ], [ 329104.520029478415381, 2962592.303935488685966 ], [ 329251.504717434814665, 2961692.792554701678455 ], [ 328646.498393039568327, 2962554.181662431918085 ], [ 327930.531298497691751, 2962563.906624435912818 ], [ 328390.361258514691144, 2962734.945961562450975 ] ] ], [ [ [ 328900.346195456571877, 2962938.56396082835272 ], [ 329255.708213942940347, 2963476.706672000233084 ], [ 328935.826745966041926, 2962769.784240588080138 ], [ 328900.346195456571877, 2962938.56396082835272 ] ] ] ] } },
{ "type": "Feature", "properties": { "t": "river" }, "geometry": { "type": "Polygon", "coordinates": [ [ [ 333783.230251964996569, 2962917.73105367552489 ], [ 334074.499704034125898, 2963135.509985154960304 ], [ 333830.673873407416977, 2962861.507851448375732 ], [ 333783.230251964996569, 2962917.73105367552489 ] ] ] } },
{ "type": "Feature", "properties": { "t": "river" }, "geometry": { "type": "Polygon", "coordinates": [ [ [ 325829.876657305634581, 2963135.63163740420714 ], [ 325789.338587768492289, 2963080.786453217733651 ], [ 325780.616603965114336, 2963169.552893653512001 ], [ 325829.876657305634581, 2963135.63163740420714 ] ] ] } },
{ "type": "Feature", "properties": { "t": "river" }, "geometry": { "type": "Polygon", "coordinates": [ [ [ 327865.901803420856595, 2962930.447875236161053 ], [ 327836.674261364387348, 2962975.168552745133638 ], [ 327838.032388447085395, 2963074.875940565019846 ], [ 327865.901803420856595, 2962930.447875236161053 ] ] ] } },
{ "type": "Feature", "properties": { "t": "river" }, "geometry": { "type": "Polygon", "coordinates": [ [ [ 327915.017053729039617, 2962885.456510047893971 ], [ 327923.603459608508274, 2962785.613799619954079 ], [ 327863.487912306794897, 2962753.190351188182831 ], [ 327915.017053729039617, 2962885.456510047893971 ] ] ] } },
{ "type": "Feature", "properties": { "t": "river" }, "geometry": { "type": "Polygon", "coordinates": [ [ [ 334402.780872728675604, 2961624.28831894043833 ], [ 334242.785233843955211, 2960592.898762820288539 ], [ 334220.512239448609762, 2960618.372990634292364 ], [ 334198.734301754855551, 2960474.615139052271843 ], [ 334233.078608905780129, 2960530.330495769158006 ], [ 334142.037169655552134, 2959943.50637328857556 ], [ 334053.125177026027814, 2961506.988800058607012 ], [ 334340.356851116055623, 2961414.581030037719756 ], [ 334345.178958792123012, 2961782.698985518421978 ], [ 334402.780872728675604, 2961624.28831894043833 ] ] ] } },
{ "type": "Feature", "properties": { "t": "river" }, "geometry": { "type": "Polygon", "coordinates": [ [ [ 327930.531298497691751, 2962563.906624435912818 ], [ 327841.940542196971364, 2962631.596655544359237 ], [ 327951.022405833180528, 2962607.95029388461262 ], [ 327930.531298497691751, 2962563.906624435912818 ] ] ] } },
{ "type": "Feature", "properties": { "t": "river" }, "geometry": { "type": "Polygon", "coordinates": [ [ [ 336292.941718956572004, 2961655.07920252578333 ], [ 335858.265251548960805, 2961882.31726922467351 ], [ 335644.82093432743568, 2962295.056868588551879 ], [ 335793.259844606276602, 2962237.727109744213521 ], [ 336292.941718956572004, 2961655.07920252578333 ] ], [ [ 335900.917635036399588, 2962103.367177631705999 ], [ 336085.976710980758071, 2961801.802256294060498 ], [ 336008.290402734593954, 2961946.8516905894503 ], [ 335900.917635036399588, 2962103.367177631705999 ] ] ] } },
{ "type": "Feature", "properties": { "t": "river" }, "geometry": { "type": "Polygon", "coordinates": [ [ [ 335225.40652620641049, 2959873.952430176082999 ], [ 334981.239813143503852, 2960220.620177516713738 ], [ 335335.098751623125281, 2959894.684977309778333 ], [ 335225.40652620641049, 2959873.952430176082999 ] ] ] } },
{ "type": "Feature", "properties": { "t": "river" }, "geometry": { "type": "Polygon", "coordinates": [ [ [ 333923.229456286644563, 2959946.376118405722082 ], [ 333862.827382256335113, 2959891.767682881560177 ], [ 334035.248752629151568, 2960144.351000636816025 ], [ 333923.229456286644563, 2959946.376118405722082 ] ] ] } },
{ "type": "Feature", "properties": { "t": "river" }, "geometry": { "type": "Polygon", "coordinates": [ [ [ 321741.414442680543289, 2973631.030290878843516 ], [ 321490.669108244008385, 2973468.365897660143673 ], [ 321453.816059618140571, 2973497.056307721883059 ], [ 321741.414442680543289, 2973631.030290878843516 ] ] ] } },
{ "type": "Feature", "properties": { "t": "river" }, "geometry": { "type": "Polygon", "coordinates": [ [ [ 318788.789683926268481, 2973551.296138451900333 ], [ 318825.662495955941267, 2973351.300992060918361 ], [ 317989.761633681715466, 2973961.754935670644045 ], [ 318788.789683926268481, 2973551.296138451900333 ] ] ] } },
{ "type": "Feature", "properties": { "t": "river" }, "geometry": { "type": "Polygon", "coordinates": [ [ [ 322276.056182521686424, 2973490.496452764607966 ], [ 322380.502368757792283, 2973145.507088592741638 ], [ 322279.532346371794119, 2970919.626601184718311 ], [ 321952.448840604978614, 2970281.539107353426516 ], [ 322635.338865292840637, 2969363.263302782550454 ], [ 321922.947377282078378, 2970304.118128678295761 ], [ 322240.250591005315073, 2970953.42401783214882 ], [ 322349.287714064877946, 2973046.217315665911883 ], [ 322137.270418905827682, 2973514.61897272663191 ], [ 321790.621590152732097, 2973597.090002852492034 ], [ 322276.056182521686424, 2973490.496452764607966 ] ] ] } },
{ "type": "Feature", "properties": { "t": "lake" }, "geometry": { "type": "Polygon", "coordinates": [ [ [ 317556.113686999771744, 2973524.776077834423631 ], [ 317583.673494277289137, 2973369.236620359122753 ], [ 317196.815401793224737, 2973419.17412055330351 ], [ 317556.113686999771744, 2973524.776077834423631 ] ] ] } },
{ "type": "Feature", "properties": { "t": "river" }, "geometry": { "type": "Polygon", "coordinates": [ [ [ 321521.498826367082074, 2970032.76808754960075 ], [ 321464.693162815412506, 2970233.033111627679318 ], [ 321483.785067416494712, 2970177.356978149618953 ], [ 321521.498826367082074, 2970032.76808754960075 ] ] ] } },
{ "type": "Feature", "properties": { "t": "river" }, "geometry": { "type": "MultiPolygon", "coordinates": [ [ [ [ 323049.506118090474047, 2969124.742200094275177 ], [ 322933.056380038964562, 2968778.115778512321413 ], [ 322974.221730662160553, 2969151.295092154759914 ], [ 323049.506118090474047, 2969124.742200094275177 ] ] ], [ [ [ 323691.543759772903286, 2968118.460106790997088 ], [ 324415.755061723466497, 2966579.191518725827336 ], [ 324002.114977958728559, 2964723.357620014343411 ], [ 324385.46967066108482, 2966546.370119328144938 ], [ 323854.17826228949707, 2967661.868524793535471 ], [ 323684.731049235560931, 2967630.992472081910819 ], [ 323729.754895515274256, 2968007.116355025675148 ], [ 322912.831106647383422, 2968594.771223633084446 ], [ 322918.356747492216527, 2968644.861492817755789 ], [ 323691.543759772903286, 2968118.460106790997088 ] ] ] ] } },
{ "type": "Feature", "properties": { "t": "lake" }, "geometry": { "type": "Polygon", "coordinates": [ [ [ 319954.607462296262383, 2967506.372174712829292 ], [ 320133.535538805415854, 2967503.82023776602 ], [ 320062.214506068557967, 2967382.944068828132004 ], [ 319954.607462296262383, 2967506.372174712829292 ] ] ] } },
{ "type": "Feature", "properties": { "t": "river" }, "geometry": { "type": "Polygon", "coordinates": [ [ [ 320186.074128149542958, 2967004.41839443705976 ], [ 320226.153116765839513, 2967026.009743178728968 ], [ 320044.05885583453346, 2966806.981409576721489 ], [ 320186.074128149542958, 2967004.41839443705976 ] ] ] } },
{ "type": "Feature", "properties": { "t": "river" }, "geometry": { "type": "Polygon", "coordinates": [ [ [ 319628.057446530554444, 2965527.501086621079594 ], [ 319876.449934274423867, 2965512.874255213886499 ], [ 319627.582685974077322, 2965494.264310074970126 ], [ 319628.057446530554444, 2965527.501086621079594 ] ] ] } },
{ "type": "Feature", "properties": { "t": "river" }, "geometry": { "type": "Polygon", "coordinates": [ [ [ 319731.093809459998738, 2965082.78264523902908 ], [ 319682.113594541035127, 2965075.194688958581537 ], [ 319680.746460752096027, 2965088.307223341427743 ], [ 319562.762964716763236, 2965056.705860244110227 ], [ 319302.857022112293635, 2965016.44740835018456 ], [ 319151.859616173082031, 2965216.714801934082061 ], [ 319731.093809459998738, 2965082.78264523902908 ] ] ] } },
{ "type": "Feature", "properties": { "t": "river" }, "geometry": { "type": "MultiPolygon", "coordinates": [ [ [ [ 324051.507493873592466, 2963382.337966511491686 ], [ 323994.618300423491746, 2963471.32051221607253 ], [ 323901.454669943661429, 2964636.113283230923116 ], [ 324051.507493873592466, 2963382.337966511491686 ] ] ], [ [ [ 324488.933732709265314, 2962748.150397486519068 ], [ 324452.112470491789281, 2962755.782255648169667 ], [ 324121.899565415107645, 2963272.237292897421867 ], [ 324488.933732709265314, 2962748.150397486519068 ] ] ], [ [ [ 324849.104542781598866, 2962694.871183813083917 ], [ 325463.185783525696024, 2963229.336510463152081 ], [ 325761.187574620242231, 2963203.063067387323827 ], [ 325462.726796724076848, 2963196.100456185638905 ], [ 324967.819256930495612, 2962648.903596206568182 ], [ 324541.026909692795016, 2962737.353365387767553 ], [ 324849.104542781598866, 2962694.871183813083917 ] ] ] ] } },
{ "type": "Feature", "properties": { "t": "river" }, "geometry": { "type": "Polygon", "coordinates": [ [ [ 319733.162178811675403, 2964585.602204755879939 ], [ 319733.013700371142477, 2964587.026141077745706 ], [ 319963.709788764244877, 2964658.380596976727247 ], [ 320062.821081922156736, 2964634.80607453128323 ], [ 319733.162178811675403, 2964585.602204755879939 ] ] ] } },
{ "type": "Feature", "properties": { "t": "river" }, "geometry": { "type": "Polygon", "coordinates": [ [ [ 325707.943517840350978, 2963669.190243190154433 ], [ 325569.808884451631457, 2963748.661879502702504 ], [ 325792.835463531548157, 2964055.847181979566813 ], [ 325707.943517840350978, 2963669.190243190154433 ] ] ] } },
{ "type": "Feature", "properties": { "t": "river" }, "geometry": { "type": "Polygon", "coordinates": [ [ [ 325775.882707881100941, 2962826.114100859034806 ], [ 325738.703707063337788, 2963014.999802350997925 ], [ 325779.394904594460968, 2963080.923514728900045 ], [ 325775.882707881100941, 2962826.114100859034806 ] ] ] } },
{ "type": "Feature", "properties": { "t": "lake" }, "geometry": { "type": "Polygon", "coordinates": [ [ [ 322463.618008779361844, 2962805.715620565693825 ], [ 322352.209512285189703, 2962663.228118808474392 ], [ 322374.588646019459702, 2962840.20927273016423 ], [ 322463.618008779361844, 2962805.715620565693825 ] ] ] } },
{ "type": "Feature", "properties": { "t": "river" }, "geometry": { "type": "MultiPolygon", "coordinates": [ [ [ [ 321028.525038955267519, 2962122.114244552329183 ], [ 320849.705234693712555, 2962169.038762270938605 ], [ 320744.415091076982208, 2962288.390842649620026 ], [ 320741.977438575704582, 2962294.465919332578778 ], [ 321028.525038955267519, 2962122.114244552329183 ] ] ], [ [ [ 321169.707608301425353, 2962037.20046343235299 ], [ 321616.849992023548111, 2961299.538049020338804 ], [ 321548.342644777905662, 2961377.178851724602282 ], [ 321100.554861958953552, 2962078.791801081970334 ], [ 321169.707608301425353, 2962037.20046343235299 ] ] ] ] } },
{ "type": "Feature", "properties": { "t": "lake" }, "geometry": { "type": "Polygon", "coordinates": [ [ [ 322347.366483622172382, 2961610.604117757640779 ], [ 322066.412780490587465, 2961437.258301577530801 ], [ 322167.889284598291852, 2961579.883679803926498 ], [ 322347.366483622172382, 2961610.604117757640779 ] ] ] } },
{ "type": "Feature", "properties": { "t": "river" }, "geometry": { "type": "Polygon", "coordinates": [ [ [ 321833.61703515262343, 2961152.429906341712922 ], [ 321895.332203085883521, 2961081.70292779430747 ], [ 321625.635039729124401, 2961272.143797661177814 ], [ 321833.61703515262343, 2961152.429906341712922 ] ] ] } },
{ "type": "Feature", "properties": { "t": "river" }, "geometry": { "type": "MultiPolygon", "coordinates": [ [ [ [ 350145.000507235759869, 2972352.320338439662009 ], [ 350477.011919482494704, 2973533.88616066146642 ], [ 350520.633170391083695, 2973023.708364432211965 ], [ 350165.530392365879379, 2972407.47386172786355 ], [ 350208.882710127043538, 2971875.139336249325424 ], [ 350506.167141394456849, 2971805.130043933168054 ], [ 350609.417843828909099, 2971294.246687522158027 ], [ 350607.978170986520126, 2971259.235710552893579 ], [ 350356.340027211059351, 2971740.431964126881212 ], [ 350289.220543834613636, 2971109.695621552411467 ], [ 350262.897627975791693, 2971336.474265050143003 ], [ 350312.647264460218139, 2971408.564821066334844 ], [ 350273.561027167015709, 2971464.427042920608073 ], [ 350259.171652650111355, 2971368.575364822056144 ], [ 350145.000507235759869, 2972352.320338439662009 ] ] ], [ [ [ 350567.522890470921993, 2970275.42780743772164 ], [ 350271.584968172363006, 2969625.24843166442588 ], [ 350472.127954853931442, 2968935.938970033079386 ], [ 350233.150902740482707, 2969736.500189815182239 ], [ 350558.242666928970721, 2970330.935409128200263 ], [ 350588.470489722618368, 2970784.837105179205537 ], [ 350567.522890470921993, 2970275.42780743772164 ] ] ] ] } },
{ "type": "Feature", "properties": { "t": "river" }, "geometry": { "type": "Polygon", "coordinates": [ [ [ 348547.394898897851817, 2972537.628243484999985 ], [ 347718.207553542393725, 2972170.919480005279183 ], [ 347756.504909054026939, 2971228.683840679004788 ], [ 347708.673807763378136, 2972204.273827749304473 ], [ 348537.726087158254813, 2972559.90384185500443 ], [ 348937.166838437202387, 2973552.272684223484248 ], [ 348547.394898897851817, 2972537.628243484999985 ] ] ] } },
{ "type": "Feature", "properties": { "t": "river" }, "geometry": { "type": "MultiPolygon", "coordinates": [ [ [ [ 340136.53956713154912, 2969860.503491641022265 ], [ 341120.680617254925892, 2969083.540884488262236 ], [ 340106.726303691510111, 2969860.881627938710153 ], [ 340140.530499447020702, 2969865.826289275661111 ], [ 340136.53956713154912, 2969860.503491641022265 ] ] ], [ [ [ 340179.802311762119643, 2970136.956323035061359 ], [ 340289.797460553818382, 2970064.910998830571771 ], [ 340252.506177001283504, 2970015.173052860889584 ], [ 340229.269961033656728, 2970047.688711475580931 ], [ 340179.802311762119643, 2970136.956323035061359 ] ] ], [ [ [ 340432.86931697151158, 2970499.391497362870723 ], [ 340614.826817552326247, 2970357.792920288164169 ], [ 340490.389493021415547, 2970332.462614524643868 ], [ 340459.911837217281573, 2970291.810322985053062 ], [ 340450.219276903895661, 2970299.730954963713884 ], [ 340379.955969491973519, 2970245.220405342057347 ], [ 340424.558899946277961, 2970244.655592212919146 ], [ 340339.215598758077249, 2970130.824104113504291 ], [ 340432.86931697151158, 2970499.391497362870723 ] ] ], [ [ [ 341456.960849627736025, 2970530.786087920889258 ], [ 341903.287242338061333, 2971098.963252800516784 ], [ 341566.548301558359526, 2970551.567835818976164 ], [ 341438.43640254274942, 2970525.479157426394522 ], [ 341456.960849627736025, 2970530.786087920889258 ] ] ], [ [ [ 341889.295117724570446, 2971934.526662599295378 ], [ 342179.569773973780684, 2971884.551603381056339 ], [ 342172.51221999770496, 2971845.293191377539188 ], [ 341889.295117724570446, 2971934.526662599295378 ] ] ], [ [ [ 341822.705558633781038, 2971955.50821779621765 ], [ 341757.562712678860407, 2972121.223000001162291 ], [ 341828.535017134447116, 2971953.671409697737545 ], [ 341822.705558633781038, 2971955.50821779621765 ] ] ], [ [ [ 341581.969497456680983, 2972567.934682027902454 ], [ 341779.794736083364114, 2973285.648276248946786 ], [ 341472.647062511299737, 2973355.992717980407178 ], [ 341416.666303427133244, 2973644.778922031633556 ], [ 341830.861662188021, 2973395.80669850576669 ], [ 341623.744646397710312, 2972461.654689416754991 ], [ 341581.969497456680983, 2972567.934682027902454 ] ] ] ] } },
{ "type": "Feature", "properties": { "t": "river" }, "geometry": { "type": "Polygon", "coordinates": [ [ [ 339154.400122285762336, 2973119.47730558924377 ], [ 338463.625264192000031, 2973493.968531338497996 ], [ 338772.460077608935535, 2973556.49011472472921 ], [ 339115.083966809150297, 2973153.220173986628652 ], [ 339827.107699554180726, 2973664.906815112568438 ], [ 339154.400122285762336, 2973119.47730558924377 ] ] ] } },
{ "type": "Feature", "properties": { "t": "river" }, "geometry": { "type": "Polygon", "coordinates": [ [ [ 344911.659724880359136, 2969401.976059849373996 ], [ 344961.758077861741185, 2969434.599250599741936 ], [ 344807.09890392574016, 2968982.230500389821827 ], [ 344911.659724880359136, 2969401.976059849373996 ] ] ] } },
{ "type": "Feature", "properties": { "t": "river" }, "geometry": { "type": "Polygon", "coordinates": [ [ [ 350709.986272754555102, 2968877.723176955245435 ], [ 350639.23844869772438, 2968778.845598273910582 ], [ 350461.927114509104285, 2968913.900945538189262 ], [ 350709.986272754555102, 2968877.723176955245435 ] ] ] } },
{ "type": "Feature", "properties": { "t": "river" }, "geometry": { "type": "MultiPolygon", "coordinates": [ [ [ [ 343504.464072853908874, 2964932.031793093774468 ], [ 344005.781197353731841, 2965269.302871283143759 ], [ 344623.420136573142372, 2966372.895619004964828 ], [ 344635.633384754823055, 2966358.433575592935085 ], [ 344065.838920929003507, 2965301.800436142832041 ], [ 343525.48101867036894, 2964899.701268520671874 ], [ 343504.464072853908874, 2964932.031793093774468 ] ] ], [ [ [ 344057.502883717534132, 2967041.430572360754013 ], [ 344817.037169729941525, 2968982.108187037520111 ], [ 344097.497790020192042, 2966998.7849699286744 ], [ 344057.502883717534132, 2967041.430572360754013 ] ] ] ] } },
{ "type": "Feature", "properties": { "t": "river" }, "geometry": { "type": "Polygon", "coordinates": [ [ [ 340873.493965445028152, 2968399.697927067987621 ], [ 340274.074469093931839, 2968163.514267329126596 ], [ 339890.106281218468212, 2968456.463552433997393 ], [ 339127.545537870377302, 2967901.082749856635928 ], [ 339043.790653165197, 2967569.748538936953992 ], [ 338265.518578941293526, 2967347.018767291214317 ], [ 339004.173606376512907, 2967581.334102909546345 ], [ 339068.050831287400797, 2967912.921686823945493 ], [ 339901.02956360578537, 2968533.885238109622151 ], [ 340245.379704880237114, 2968252.517878023441881 ], [ 340843.81713038898306, 2968411.152382022701204 ], [ 341090.167553252482321, 2969028.525431851390749 ], [ 340873.493965445028152, 2968399.697927067987621 ] ] ] } },
{ "type": "Feature", "properties": { "t": "river" }, "geometry": { "type": "Polygon", "coordinates": [ [ [ 347188.24738570820773, 2968620.758995173498988 ], [ 347208.929621029237751, 2968686.98636865708977 ], [ 347205.440047443029471, 2968398.957491975277662 ], [ 347188.24738570820773, 2968620.758995173498988 ] ] ] } },
{ "type": "Feature", "properties": { "t": "river" }, "geometry": { "type": "MultiPolygon", "coordinates": [ [ [ [ 340564.413737060211133, 2965966.002502777613699 ], [ 340955.280420860508457, 2967114.583551302086562 ], [ 341013.11198228597641, 2966857.820444266311824 ], [ 340615.936046884744428, 2966109.391595428343862 ], [ 340662.398953857482411, 2965482.665380098391324 ], [ 340564.413737060211133, 2965966.002502777613699 ] ] ], [ [ [ 341012.106345750275068, 2964409.164809502661228 ], [ 340859.849195270740893, 2964508.828342749737203 ], [ 340782.781737625249662, 2964888.908162259496748 ], [ 341012.106345750275068, 2964409.164809502661228 ] ] ], [ [ [ 340740.092241563485004, 2968068.98170528607443 ], [ 341101.948487480869517, 2968385.737679328303784 ], [ 340840.424701567157172, 2967792.379256720654666 ], [ 340740.092241563485004, 2968068.98170528607443 ] ] ] ] } },
{ "type": "Feature", "properties": { "t": "river" }, "geometry": { "type": "Polygon", "coordinates": [ [ [ 346986.786303312866949, 2965941.925803385674953 ], [ 347103.79247391957324, 2965752.154541102237999 ], [ 347030.717850576445926, 2965464.969443045090884 ], [ 346986.786303312866949, 2965941.925803385674953 ] ] ] } },
{ "type": "Feature", "properties": { "t": "river" }, "geometry": { "type": "MultiPolygon", "coordinates": [ [ [ [ 343906.174065074475948, 2963995.395998187828809 ], [ 343648.994729733443819, 2963755.784394379705191 ], [ 343609.01673219789518, 2963774.608066640794277 ], [ 343906.174065074475948, 2963995.395998187828809 ] ] ], [ [ [ 343855.510804405319504, 2964373.697767291218042 ], [ 344001.083027649438009, 2964083.825310735497624 ], [ 343976.775738535448909, 2964061.177354996558279 ], [ 343855.510804405319504, 2964373.697767291218042 ] ] ] ] } },
{ "type": "Feature", "properties": { "t": "river" }, "geometry": { "type": "Polygon", "coordinates": [ [ [ 341249.87930130539462, 2964339.694937484804541 ], [ 341515.813218191498891, 2964136.917596680112183 ], [ 340942.512235100381076, 2964410.040914876386523 ], [ 341249.87930130539462, 2964339.694937484804541 ] ] ] } },
{ "type": "Feature", "properties": { "t": "river" }, "geometry": { "type": "Polygon", "coordinates": [ [ [ 346619.616229520877823, 2963542.100751727819443 ], [ 346630.768850755121093, 2963641.681936010718346 ], [ 346720.492052530869842, 2963499.511227130889893 ], [ 346698.888089850195684, 2963483.852101795375347 ], [ 346619.616229520877823, 2963542.100751727819443 ] ] ] } },
{ "type": "Feature", "properties": { "t": "river" }, "geometry": { "type": "Polygon", "coordinates": [ [ [ 339013.385102875297889, 2962063.354447846766561 ], [ 339093.218575797975063, 2962084.498218920547515 ], [ 339051.468672313785646, 2961929.909601014573127 ], [ 339013.385102875297889, 2962063.354447846766561 ] ] ] } },
{ "type": "Feature", "properties": { "t": "river" }, "geometry": { "type": "Polygon", "coordinates": [ [ [ 335314.918826645647641, 2959872.787225390318781 ], [ 335214.162420330219902, 2959774.377206273376942 ], [ 335225.40652620641049, 2959873.952430176082999 ], [ 335314.918826645647641, 2959872.787225390318781 ] ] ] } },
{ "type": "Feature", "properties": { "t": "river" }, "geometry": { "type": "Polygon", "coordinates": [ [ [ 334121.41948068869533, 2959888.37539608636871 ], [ 334030.01807357207872, 2959745.530590682756156 ], [ 334031.906854405649938, 2959889.549050671979785 ], [ 334121.41948068869533, 2959888.37539608636871 ] ] ] } },
{ "type": "Feature", "properties": { "t": "river" }, "geometry": { "type": "Polygon", "coordinates": [ [ [ 334021.670400875504129, 2959867.522807457018644 ], [ 333736.20040380343562, 2959339.417626401875168 ], [ 333427.573585521546192, 2959321.314860738813877 ], [ 333842.935673891566694, 2959892.028847091365606 ], [ 334021.670400875504129, 2959867.522807457018644 ] ], [ [ 333598.263081264973152, 2959440.952679078094661 ], [ 333616.990489591029473, 2959352.06435567419976 ], [ 333668.177782431594096, 2959462.194224780425429 ], [ 333598.263081264973152, 2959440.952679078094661 ] ] ] } },
{ "type": "Feature", "properties": { "t": "river" }, "geometry": { "type": "MultiPolygon", "coordinates": [ [ [ [ 298192.920857564546168, 2997393.630965900141746 ], [ 298128.697400442673825, 2997716.079635715577751 ], [ 298161.966093879891559, 2997717.663434510119259 ], [ 298192.920857564546168, 2997393.630965900141746 ] ] ], [ [ [ 298476.169662729371339, 2997732.625883047934622 ], [ 299065.849261919327546, 2998620.835804170928895 ], [ 299177.240448627620935, 2999993.337254607584327 ], [ 299233.234926091390662, 2999992.43487642146647 ], [ 299054.325101922731847, 2998521.274265156127512 ], [ 298524.683232385723386, 2997665.343674821313471 ], [ 298272.479229558026418, 2997722.925192171242088 ], [ 298476.169662729371339, 2997732.625883047934622 ] ] ], [ [ [ 299712.687169486074708, 2999984.718578955158591 ], [ 299871.745929244963918, 3000624.976920096669346 ], [ 299677.363127535383683, 3000871.927888081409037 ], [ 299704.387571750907227, 3001935.464259031228721 ], [ 299882.017091931542382, 3000646.977922223974019 ], [ 299751.459480073535815, 2999928.680356815457344 ], [ 299430.090419777436182, 2999989.264453204348683 ], [ 299712.687169486074708, 2999984.718578955158591 ] ] ] ] } },
{ "type": "Feature", "properties": { "t": "river" }, "geometry": { "type": "Polygon", "coordinates": [ [ [ 297437.470236691180617, 3001573.144968614913523 ], [ 297432.242531771422364, 3001861.393034451175481 ], [ 297513.358851246768609, 3001970.905485386028886 ], [ 297437.470236691180617, 3001573.144968614913523 ] ] ] } },
{ "type": "Feature", "properties": { "t": "river" }, "geometry": { "type": "MultiPolygon", "coordinates": [ [ [ [ 289622.836159717757255, 2999829.570251943543553 ], [ 290197.580561709357426, 3000385.14788543432951 ], [ 290297.836904351250269, 3000278.932198293041438 ], [ 289618.249175235279836, 2999822.362928085494787 ], [ 289622.836159717757255, 2999829.570251943543553 ] ] ], [ [ [ 290401.009310989640653, 3000538.280578716658056 ], [ 290385.23551721603144, 3000337.65441276319325 ], [ 290325.930433198460378, 3000297.807823213748634 ], [ 290401.009310989640653, 3000538.280578716658056 ] ] ], [ [ [ 290341.593838223721832, 3001280.50172327272594 ], [ 290723.209188715263736, 3001562.258423129562289 ], [ 290722.047754016588442, 3002083.210436888504773 ], [ 290833.947804208029993, 3001660.150772550143301 ], [ 290460.947982580633834, 3001300.660356710199267 ], [ 290447.850845666835085, 3001134.070494823157787 ], [ 290341.593838223721832, 3001280.50172327272594 ] ] ] ] } },
{ "type": "Feature", "properties": { "t": "river" }, "geometry": { "type": "MultiPolygon", "coordinates": [ [ [ [ 294054.286535458464641, 2999689.042407483328134 ], [ 293735.134350218111649, 2999583.48680619103834 ], [ 293254.544377907412127, 2998117.352659310214221 ], [ 293715.301775098079816, 2999583.815082409884781 ], [ 294087.021091747214086, 2999783.502009274903685 ], [ 294054.286535458464641, 2999689.042407483328134 ] ] ], [ [ [ 294192.7141366294818, 3000263.091913447715342 ], [ 294637.408193245646544, 3000765.588899801019579 ], [ 294641.674921671510674, 3000799.674325108993798 ], [ 294665.510241183743346, 3000665.375272172503173 ], [ 294283.41932857374195, 3000350.261003639549017 ], [ 294158.198224351217505, 2999988.89695215690881 ], [ 294192.7141366294818, 3000263.091913447715342 ] ] ], [ [ [ 294774.469617248571012, 3001860.583916769828647 ], [ 294785.533528448606376, 3001328.399464121554047 ], [ 294700.167107185116038, 3001266.960057746153325 ], [ 294774.469617248571012, 3001860.583916769828647 ] ] ] ] } },
{ "type": "Feature", "properties": { "t": "river" }, "geometry": { "type": "MultiPolygon", "coordinates": [ [ [ [ 297878.587670757318847, 3001255.64861564245075 ], [ 298406.684044865018222, 3000183.110328600276262 ], [ 298318.622598548652604, 3000065.720427210908383 ], [ 298376.578690218389966, 3000161.431283765938133 ], [ 297809.544206894584931, 3001278.935691461898386 ], [ 297396.009388734935783, 3001462.987563958857208 ], [ 297878.587670757318847, 3001255.64861564245075 ] ] ], [ [ [ 297453.728961123502813, 2998912.919912152457982 ], [ 297508.892430923413485, 2999255.601245317608118 ], [ 297786.453473719651811, 2999356.371695253998041 ], [ 297453.728961123502813, 2998912.919912152457982 ] ] ] ] } },
{ "type": "Feature", "properties": { "t": "river" }, "geometry": { "type": "MultiPolygon", "coordinates": [ [ [ [ 294412.146554946084507, 2997931.962372051551938 ], [ 293948.217644554213621, 2998072.620244750753045 ], [ 294432.529673957498744, 2997964.876375162042677 ], [ 294799.288431778550148, 2998101.675079914741218 ], [ 294412.146554946084507, 2997931.962372051551938 ] ] ], [ [ [ 295620.857764095650055, 2999652.167455702088773 ], [ 295805.918549481662922, 2999747.553176032844931 ], [ 295709.921342639951035, 2999639.62377832364291 ], [ 295801.028618774842471, 2998540.887111939489841 ], [ 295762.455388784524985, 2998523.972692451905459 ], [ 295620.857764095650055, 2999652.167455702088773 ] ] ], [ [ [ 295950.695055318530649, 3000411.507917958311737 ], [ 295962.542072100332007, 2999923.649903918150812 ], [ 295876.778295143391006, 2999827.222187055274844 ], [ 295950.695055318530649, 3000411.507917958311737 ] ] ] ] } },
{ "type": "Feature", "properties": { "t": "river" }, "geometry": { "type": "MultiPolygon", "coordinates": [ [ [ [ 296206.676974832662381, 2997869.2559944386594 ], [ 296793.413883804227225, 2997977.535012735985219 ], [ 296372.380096817738377, 2997689.21778337424621 ], [ 296186.876861317199655, 2997849.884949326515198 ], [ 296206.676974832662381, 2997869.2559944386594 ] ] ], [ [ [ 297078.877503789728507, 2998431.357041687238961 ], [ 297011.271126539329998, 2998513.149474096484482 ], [ 297178.76887857564725, 2998474.064236451406032 ], [ 296894.053574376914185, 2998046.455430116038769 ], [ 296823.62534679134842, 2997998.224369697272778 ], [ 297078.877503789728507, 2998431.357041687238961 ] ] ], [ [ [ 296874.591442625387572, 2998678.513748788274825 ], [ 297257.018204503925517, 2999015.866317589301616 ], [ 296928.158463207422756, 2998613.704019673168659 ], [ 296874.591442625387572, 2998678.513748788274825 ] ] ] ] } },
{ "type": "Feature", "properties": { "t": "river" }, "geometry": { "type": "Polygon", "coordinates": [ [ [ 293835.437258671736345, 2998451.319785141386092 ], [ 293838.314169880584814, 2998438.317594050895423 ], [ 293202.384340947493911, 2997963.049536563456059 ], [ 293835.437258671736345, 2998451.319785141386092 ] ] ] } },
{ "type": "Feature", "properties": { "t": "river" }, "geometry": { "type": "Polygon", "coordinates": [ [ [ 292772.428584724431857, 2997759.601500888820738 ], [ 293204.405691264430061, 2998084.933788334019482 ], [ 292785.91114149056375, 2997648.001917122863233 ], [ 292772.428584724431857, 2997759.601500888820738 ] ] ] } },
{ "type": "Feature", "properties": { "t": "river" }, "geometry": { "type": "MultiPolygon", "coordinates": [ [ [ [ 297374.897203826287296, 2994669.365544726606458 ], [ 297931.339913932606578, 2995165.432896772399545 ], [ 297947.151786598726176, 2995081.247695926111192 ], [ 297465.076007966010366, 2994723.317799769341946 ], [ 297420.008771893568337, 2994253.5194201041013 ], [ 297374.897203826287296, 2994669.365544726606458 ] ] ], [ [ [ 299172.908886267221533, 2994795.477171400096267 ], [ 299585.491385967587121, 2995154.584397494792938 ], [ 299921.511712202220224, 2995071.613743233028799 ], [ 300405.178098055708688, 2995383.970782582648098 ], [ 300019.464917091885582, 2994992.463811669964343 ], [ 299990.648506533820182, 2995001.552156655583531 ], [ 300010.432803392410278, 2995048.023061484564096 ], [ 299871.736237480072305, 2995061.328691220842302 ], [ 299889.891420283413026, 2995033.330350979231298 ], [ 299575.216073114657775, 2995132.583482027519494 ], [ 299202.490155187202618, 2994783.918409950099885 ], [ 297426.68799335276708, 2994191.952639522496611 ], [ 297422.868458487093449, 2994227.159698457457125 ], [ 299172.908886267221533, 2994795.477171400096267 ] ] ], [ [ [ 297709.355934090679511, 2996326.403952362947166 ], [ 298243.112155789218377, 2996677.709077482577413 ], [ 298249.622472659975756, 2996605.816099824383855 ], [ 297727.93597907491494, 2996248.52111455379054 ], [ 297748.325994987390004, 2996139.937198561616242 ], [ 297709.355934090679511, 2996326.403952362947166 ] ] ], [ [ [ 298046.537072169943713, 2996930.510981684084982 ], [ 298182.285895618784707, 2997349.470750377513468 ], [ 298234.587148494669236, 2996771.852065970189869 ], [ 298046.537072169943713, 2996930.510981684084982 ] ] ] ] } },
{ "type": "Feature", "properties": { "t": "river" }, "geometry": { "type": "Polygon", "coordinates": [ [ [ 295647.77833973034285, 2997058.241630591917783 ], [ 295752.403516517137177, 2997389.02533408626914 ], [ 295677.169956139521673, 2997035.593679158017039 ], [ 295182.532190658035688, 2997121.288439583033323 ], [ 295274.326435388298705, 2997161.83201246522367 ], [ 295647.77833973034285, 2997058.241630591917783 ] ] ] } },
{ "type": "Feature", "properties": { "t": "river" }, "geometry": { "type": "MultiPolygon", "coordinates": [ [ [ [ 294427.731734253233299, 2997166.954976982437074 ], [ 294575.880674501881003, 2997031.51440670248121 ], [ 294412.440570261562243, 2996746.040381106548011 ], [ 294352.780984517070465, 2996736.137073463294655 ], [ 294427.731734253233299, 2997166.954976982437074 ] ] ], [ [ [ 294462.338868014747277, 2997365.884676053188741 ], [ 295077.983289907453582, 2997400.087793006096035 ], [ 294445.2594235460856, 2997267.707546112127602 ], [ 294462.338868014747277, 2997365.884676053188741 ] ] ] ] } },
{ "type": "Feature", "properties": { "t": "river" }, "geometry": { "type": "MultiPolygon", "coordinates": [ [ [ [ 290570.011231577780563, 2993617.881534806918353 ], [ 290219.85246834269492, 2992858.990790473297238 ], [ 290481.547041162615642, 2993851.515340443234891 ], [ 290570.011231577780563, 2993617.881534806918353 ] ] ], [ [ [ 290516.61690952652134, 2993984.534401664510369 ], [ 290968.100714724801946, 2994283.835517545230687 ], [ 291006.263893805036787, 2994186.918150277808309 ], [ 290505.738338388036937, 2993943.272018646355718 ], [ 290516.61690952652134, 2993984.534401664510369 ] ] ], [ [ [ 290814.16058598307427, 2994566.975188588257879 ], [ 291013.963145566289313, 2995239.725547367706895 ], [ 291294.498586039058864, 2995401.285037590190768 ], [ 291114.183193906384986, 2995891.977288245689124 ], [ 291157.18968884361675, 2996013.316859130747616 ], [ 291304.23306693212362, 2995390.038750557228923 ], [ 290834.929518313263543, 2994622.045013033784926 ], [ 290886.757597179152071, 2994490.416687204036862 ], [ 290814.16058598307427, 2994566.975188588257879 ] ] ], [ [ [ 291239.147167321178131, 2996244.559710707981139 ], [ 291807.003060411429033, 2996977.667680020444095 ], [ 292313.212906838627532, 2996991.396629018709064 ], [ 292568.728338913526386, 2997441.567346638999879 ], [ 292312.659481613547541, 2996958.155399025417864 ], [ 291766.219474982121028, 2996911.847277104388922 ], [ 291197.944177595432848, 2996128.304574190638959 ], [ 291239.147167321178131, 2996244.559710707981139 ] ] ] ] } },
{ "type": "Feature", "properties": { "t": "lake" }, "geometry": { "type": "Polygon", "coordinates": [ [ [ 295101.184751884487923, 2997000.708280639257282 ], [ 295299.368325348070357, 2996986.371308916248381 ], [ 295277.713399064610712, 2996875.893971202429384 ], [ 295101.184751884487923, 2997000.708280639257282 ] ] ] } },
{ "type": "Feature", "properties": { "t": "river" }, "geometry": { "type": "Polygon", "coordinates": [ [ [ 292703.321455559809692, 2996585.903657384216785 ], [ 293085.010823896504007, 2996867.73672166839242 ], [ 292713.056088542332873, 2996574.658473800402135 ], [ 292312.475007802597247, 2996947.074989299289882 ], [ 292703.321455559809692, 2996585.903657384216785 ] ] ] } },
{ "type": "Feature", "properties": { "t": "river" }, "geometry": { "type": "Polygon", "coordinates": [ [ [ 293159.949776833178475, 2996600.491979260463268 ], [ 293102.091396895004436, 2996701.202099283225834 ], [ 293183.093465930782259, 2996799.609784373082221 ], [ 293159.949776833178475, 2996600.491979260463268 ] ] ] } },
{ "type": "Feature", "properties": { "t": "river" }, "geometry": { "type": "Polygon", "coordinates": [ [ [ 298771.816473016748205, 2995766.156560949515551 ], [ 298836.510577831824776, 2996086.520815325900912 ], [ 299041.950756795122288, 2995905.882788113784045 ], [ 299710.431947966571897, 2996138.960993417538702 ], [ 298931.592675751657225, 2995830.079378562513739 ], [ 298771.816473016748205, 2995766.156560949515551 ] ] ] } },
{ "type": "Feature", "properties": { "t": "lake" }, "geometry": { "type": "Polygon", "coordinates": [ [ [ 299489.499861294170842, 2995355.619020563084632 ], [ 299618.451560080866329, 2995353.548239488620311 ], [ 299585.847164563485421, 2995176.744572637602687 ], [ 299489.499861294170842, 2995355.619020563084632 ] ] ] } },
{ "type": "Feature", "properties": { "t": "river" }, "geometry": { "type": "MultiPolygon", "coordinates": [ [ [ [ 299037.405100561445579, 2993157.379019370768219 ], [ 298923.279521766351536, 2992848.892616752069443 ], [ 298977.700007518636994, 2993147.256635671947151 ], [ 299658.378755307639949, 2993513.141398682259023 ], [ 299754.102320235047955, 2993494.096311583183706 ], [ 299037.405100561445579, 2993157.379019370768219 ] ] ], [ [ [ 300143.080282451235689, 2993416.713771183043718 ], [ 300317.710310184687842, 2993602.495192404836416 ], [ 300152.646626400528476, 2993394.394964151084423 ], [ 299883.820569410803728, 2993468.288942678831518 ], [ 300143.080282451235689, 2993416.713771183043718 ] ] ], [ [ [ 300758.858104836603161, 2994071.84737346926704 ], [ 301204.037614372209646, 2993987.173140370287001 ], [ 301417.122514109360054, 2994283.018731086049229 ], [ 301233.446026090357918, 2993964.539426755160093 ], [ 300628.615466867398936, 2993933.272735643200576 ], [ 300758.858104836603161, 2994071.84737346926704 ] ] ] ] } },
{ "type": "Feature", "properties": { "t": "river" }, "geometry": { "type": "Polygon", "coordinates": [ [ [ 296806.222331731347367, 2993259.96827657148242 ], [ 296549.89609082962852, 2993363.888269881252199 ], [ 296620.967674638610333, 2992852.907555220648646 ], [ 296470.707870727055706, 2993376.261351315770298 ], [ 296885.923331169993617, 2993443.084669223986566 ], [ 296806.222331731347367, 2993259.96827657148242 ] ] ] } },
{ "type": "Feature", "properties": { "t": "river" }, "geometry": { "type": "Polygon", "coordinates": [ [ [ 298335.77127093297895, 2992725.365522499661893 ], [ 298386.987906441092491, 2992824.285917742643505 ], [ 298484.593890534481034, 2992722.964469044003636 ], [ 298335.77127093297895, 2992725.365522499661893 ] ] ] } },
{ "type": "Feature", "properties": { "t": "river" }, "geometry": { "type": "Polygon", "coordinates": [ [ [ 298940.982748742680997, 2992715.612306196708232 ], [ 298905.512427757843398, 2992361.528707913588732 ], [ 298825.588079851819202, 2992404.53548087971285 ], [ 298940.982748742680997, 2992715.612306196708232 ] ] ] } },
{ "type": "Feature", "properties": { "t": "river" }, "geometry": { "type": "Polygon", "coordinates": [ [ [ 297809.454624004778452, 2992091.055761271156371 ], [ 297292.789192742435262, 2992055.092698229011148 ], [ 297700.491504569246899, 2992103.902038800064474 ], [ 298306.0067372150952, 2992725.845946184825152 ], [ 297809.454624004778452, 2992091.055761271156371 ] ] ] } },
{ "type": "Feature", "properties": { "t": "river" }, "geometry": { "type": "MultiPolygon", "coordinates": [ [ [ [ 293971.964567283575889, 2989516.249836978968233 ], [ 293869.152450864086859, 2989672.768261818680912 ], [ 293920.90108105703257, 2989913.744753303937614 ], [ 293971.964567283575889, 2989516.249836978968233 ] ] ], [ [ [ 294010.53524115041364, 2989216.026419650763273 ], [ 293406.602906493819319, 2989314.649861148092896 ], [ 293046.969086272001732, 2988578.01181359263137 ], [ 293357.163577799219638, 2989326.549586979206651 ], [ 293988.630207909387536, 2989386.526651709806174 ], [ 294010.53524115041364, 2989216.026419650763273 ] ] ], [ [ [ 294030.422166179050691, 2990423.773197168018669 ], [ 294103.593156834424008, 2990396.200150902848691 ], [ 293974.506998618890066, 2990163.377851255703717 ], [ 294030.422166179050691, 2990423.773197168018669 ] ] ], [ [ [ 294553.275778178242035, 2990226.758408274967223 ], [ 295076.206080317031592, 2990639.340624995995313 ], [ 294964.692242758115754, 2990793.983242065180093 ], [ 295416.862071398994885, 2990833.25991050247103 ], [ 295495.550260139047168, 2990664.059529516845942 ], [ 295256.277276370150503, 2990725.056499886326492 ], [ 294542.988066865946166, 2990204.760962086729705 ], [ 294477.223411177052185, 2990255.413679533172399 ], [ 294553.275778178242035, 2990226.758408274967223 ] ] ], [ [ [ 294833.576762695913203, 2990975.815183065366 ], [ 295772.893908331170678, 2991969.004459792282432 ], [ 295851.399672357016243, 2992521.879850012715906 ], [ 295952.52764630666934, 2992523.500752246938646 ], [ 295843.61649181926623, 2992045.431153692305088 ], [ 294926.388824140303768, 2990847.101975007448345 ], [ 294833.576762695913203, 2990975.815183065366 ] ] ], [ [ [ 296488.554107733129058, 2992532.1059600119479 ], [ 296476.472079871164169, 2992511.68367154058069 ], [ 296379.26209680410102, 2992530.349554429296404 ], [ 296488.554107733129058, 2992532.1059600119479 ] ] ], [ [ [ 296087.676086291554384, 2991188.045753506477922 ], [ 296211.047582963830791, 2991166.297568075824529 ], [ 295720.859719335800037, 2990606.627014504279941 ], [ 295603.955693379743025, 2990636.42585960123688 ], [ 296087.676086291554384, 2991188.045753506477922 ] ] ], [ [ [ 296581.287067770725116, 2991634.411737586837262 ], [ 297001.971561476762872, 2991703.841772636864334 ], [ 297028.337322162929922, 2991660.394070553593338 ], [ 296610.87417741457466, 2991622.847204823512584 ], [ 296541.700252285925671, 2991543.856499263085425 ], [ 296581.287067770725116, 2991634.411737586837262 ] ] ], [ [ [ 296757.53609589766711, 2992097.034611693117768 ], [ 296860.178895214165095, 2992305.944522353354841 ], [ 296955.916529026464559, 2992251.824167178943753 ], [ 296777.019939292804338, 2992074.551601045764983 ], [ 296864.0124324731878, 2991931.188665358815342 ], [ 296757.53609589766711, 2992097.034611693117768 ] ] ] ] } },
{ "type": "Feature", "properties": { "t": "river" }, "geometry": { "type": "MultiPolygon", "coordinates": [ [ [ [ 289074.598270255490206, 2990273.6183773400262 ], [ 289096.108398988842964, 2990960.439745544921607 ], [ 289125.930954047129489, 2991002.811759584117681 ], [ 289074.598270255490206, 2990273.6183773400262 ] ] ], [ [ [ 289509.155359320458956, 2991547.328462598379701 ], [ 289529.528324762766715, 2991352.146064176689833 ], [ 289146.102779823588207, 2991031.472166089806706 ], [ 289509.155359320458956, 2991547.328462598379701 ] ] ], [ [ [ 289390.763743523741141, 2991952.997821679804474 ], [ 289465.887924806913361, 2991961.880515947006643 ], [ 289483.335153726744466, 2991794.710964883212 ], [ 289390.763743523741141, 2991952.997821679804474 ] ] ], [ [ [ 290008.659088566666469, 2992026.071564899757504 ], [ 289985.7452602526173, 2991920.819446908310056 ], [ 289623.386608299857471, 2991980.504680832382292 ], [ 290008.659088566666469, 2992026.071564899757504 ] ] ] ] } },
{ "type": "Feature", "properties": { "t": "lake" }, "geometry": { "type": "Polygon", "coordinates": [ [ [ 293426.624141015752684, 2992328.978884974028915 ], [ 293536.499132977100089, 2992371.496460685506463 ], [ 293563.153753179882187, 2992182.639682820532471 ], [ 293426.624141015752684, 2992328.978884974028915 ] ] ] } },
{ "type": "Feature", "properties": { "t": "river" }, "geometry": { "type": "Polygon", "coordinates": [ [ [ 292782.496793873840943, 2988194.471853179391474 ], [ 292713.936549008474685, 2988251.023616279475391 ], [ 293047.701981095597148, 2988622.332894883584231 ], [ 292782.496793873840943, 2988194.471853179391474 ] ] ] } },
{ "type": "Feature", "properties": { "t": "river" }, "geometry": { "type": "MultiPolygon", "coordinates": [ [ [ [ 273813.779092004755512, 3001636.228309777099639 ], [ 273980.275007915915921, 3002065.517327735666186 ], [ 274470.894942613667808, 3001851.941861386876553 ], [ 273813.779092004755512, 3001636.228309777099639 ] ] ], [ [ [ 275046.821994571015239, 3002356.577718941029161 ], [ 274741.751470166840591, 3001940.868879956193268 ], [ 274559.775224469194654, 3001881.122063152026385 ], [ 275046.821994571015239, 3002356.577718941029161 ] ] ] ] } },
{ "type": "Feature", "properties": { "t": "river" }, "geometry": { "type": "Polygon", "coordinates": [ [ [ 274624.371120774594601, 3002031.671970613766462 ], [ 274533.327048611536156, 3001933.556353160645813 ], [ 274660.134147127275355, 3002363.570964879356325 ], [ 274624.371120774594601, 3002031.671970613766462 ] ] ] } },
{ "type": "Feature", "properties": { "t": "river" }, "geometry": { "type": "Polygon", "coordinates": [ [ [ 272609.118798104987945, 3001935.293017863295972 ], [ 271416.253282765042968, 3002334.028822244144976 ], [ 271239.407082895981148, 3002425.958265106193721 ], [ 272609.118798104987945, 3001935.293017863295972 ] ] ] } },
{ "type": "Feature", "properties": { "t": "river" }, "geometry": { "type": "Polygon", "coordinates": [ [ [ 271189.830971314804628, 3002426.869350528344512 ], [ 270986.137385379115585, 2997819.200314565096051 ], [ 271179.915747769409791, 3002427.051591345109046 ], [ 271189.830971314804628, 3002426.869350528344512 ] ] ] } },
{ "type": "Feature", "properties": { "t": "river" }, "geometry": { "type": "MultiPolygon", "coordinates": [ [ [ [ 269902.339445081306621, 3000920.836170087568462 ], [ 269393.796900128247216, 3000242.954006693325937 ], [ 269893.241778276977129, 3000965.345146232750267 ], [ 269904.501810485031456, 3001574.825031534768641 ], [ 269993.175448559224606, 3001625.711404046975076 ], [ 269902.339445081306621, 3000920.836170087568462 ] ] ], [ [ [ 270753.560747033567168, 3002434.895430012606084 ], [ 270556.18574133340735, 3001950.782889536581933 ], [ 270468.752447836915962, 3001902.310107042081654 ], [ 270753.560747033567168, 3002434.895430012606084 ] ] ] ] } },
{ "type": "Feature", "properties": { "t": "river" }, "geometry": { "type": "Polygon", "coordinates": [ [ [ 276725.784663817146793, 3000852.086986754089594 ], [ 274303.940941226086579, 3001316.957993909716606 ], [ 274462.254754892899655, 2999651.360335303936154 ], [ 274264.07635385170579, 3001306.595581131987274 ], [ 272608.714062316576019, 3001913.130345512647182 ], [ 276725.784663817146793, 3000852.086986754089594 ] ] ] } },
{ "type": "Feature", "properties": { "t": "river" }, "geometry": { "type": "MultiPolygon", "coordinates": [ [ [ [ 272744.965110471704975, 2999050.713240836281329 ], [ 274112.517869573552161, 2999955.713100678753108 ], [ 274119.167829395737499, 2999879.271639500744641 ], [ 272765.002763692406006, 2999061.432929217349738 ], [ 273213.15849765134044, 2998609.873989985790104 ], [ 273108.662923146679532, 2998309.994312731083483 ], [ 272744.965110471704975, 2999050.713240836281329 ] ] ], [ [ [ 273703.28394360432867, 3000553.063961201347411 ], [ 274086.330438595730811, 3000256.753088443074375 ], [ 274108.872156501922291, 2999997.621312687173486 ], [ 273703.28394360432867, 3000553.063961201347411 ] ] ], [ [ [ 273646.718386375112459, 3000630.534407766070217 ], [ 273889.88558781525353, 3001457.487378406804055 ], [ 273678.483339024474844, 3000587.029944295063615 ], [ 273646.718386375112459, 3000630.534407766070217 ] ] ] ] } },
{ "type": "Feature", "properties": { "t": "river" }, "geometry": { "type": "Polygon", "coordinates": [ [ [ 276098.475814511475619, 3000719.245161830913275 ], [ 275989.994163162191398, 3000754.449695795308799 ], [ 275980.874985903734341, 3000798.952694008126855 ], [ 276098.475814511475619, 3000719.245161830913275 ] ] ] } },
{ "type": "Feature", "properties": { "t": "river" }, "geometry": { "type": "Polygon", "coordinates": [ [ [ 276295.608026885194704, 3000649.195183205418289 ], [ 276372.949728807783686, 3000536.959382274188101 ], [ 276137.941924749407917, 3000707.451136187650263 ], [ 276295.608026885194704, 3000649.195183205418289 ] ] ] } },
{ "type": "Feature", "properties": { "t": "river" }, "geometry": { "type": "Polygon", "coordinates": [ [ [ 276458.618842511496041, 3000335.897106021177024 ], [ 276438.586811437096912, 3000325.171828325837851 ], [ 276420.145586792845279, 3000403.095727345906198 ], [ 276458.618842511496041, 3000335.897106021177024 ] ] ] } },
{ "type": "Feature", "properties": { "t": "river" }, "geometry": { "type": "Polygon", "coordinates": [ [ [ 276491.526988838450052, 2999958.42680637864396 ], [ 276471.494418728048913, 2999947.701441288460046 ], [ 276463.167822715535294, 3000036.528431678656489 ], [ 276491.526988838450052, 2999958.42680637864396 ] ] ] } },
{ "type": "Feature", "properties": { "t": "river" }, "geometry": { "type": "Polygon", "coordinates": [ [ [ 269596.522842878708616, 2999939.902127713430673 ], [ 269564.516911284881644, 2999818.556309978943318 ], [ 269537.019072753144428, 2999941.002466906793416 ], [ 269596.522842878708616, 2999939.902127713430673 ] ] ] } },
{ "type": "Feature", "properties": { "t": "river" }, "geometry": { "type": "Polygon", "coordinates": [ [ [ 269526.364074348530266, 2999836.634265487082303 ], [ 269522.598956500994973, 2999847.117783854249865 ], [ 269516.77455776615534, 2999919.206403765361756 ], [ 269537.428961858153343, 2999963.165371710434556 ], [ 269526.364074348530266, 2999836.634265487082303 ] ] ] } },
{ "type": "Feature", "properties": { "t": "river" }, "geometry": { "type": "MultiPolygon", "coordinates": [ [ [ [ 269938.922679726500064, 2999678.616223370656371 ], [ 269923.784846076508984, 2999637.974676818586886 ], [ 269491.030622977064922, 2999673.383089081384242 ], [ 269492.180492553219665, 2999676.684783023316413 ], [ 269938.922679726500064, 2999678.616223370656371 ] ] ], [ [ [ 269824.100066077604424, 2999370.350429498124868 ], [ 270096.591472244181205, 2998545.01772684045136 ], [ 269907.427890605293214, 2997972.077519163489342 ], [ 270065.814542955951765, 2998490.159382766578346 ], [ 269804.059936072211713, 2999359.635318458545953 ], [ 269842.951879059197381, 2999420.96117825480178 ], [ 269824.100066077604424, 2999370.350429498124868 ] ] ] ] } },
{ "type": "Feature", "properties": { "t": "river" }, "geometry": { "type": "Polygon", "coordinates": [ [ [ 272994.75733295083046, 2998602.763706910423934 ], [ 272993.546763837570325, 2998536.276052941102535 ], [ 272917.22851286327932, 2998703.940171852242202 ], [ 272994.75733295083046, 2998602.763706910423934 ] ] ] } },
{ "type": "Feature", "properties": { "t": "river" }, "geometry": { "type": "Polygon", "coordinates": [ [ [ 273119.94368792232126, 2997303.54821060737595 ], [ 272845.233116291172337, 2997474.821921998169273 ], [ 272570.952852031041402, 2997125.10123031353578 ], [ 272835.919495584908873, 2997508.246375749818981 ], [ 273110.629173662047833, 2997336.972392056137323 ], [ 273297.230790228350088, 2997776.97600829647854 ], [ 273119.94368792232126, 2997303.54821060737595 ] ] ] } },
{ "type": "Feature", "properties": { "t": "river" }, "geometry": { "type": "Polygon", "coordinates": [ [ [ 270884.602507064584643, 2996612.790031559765339 ], [ 270799.802180835045874, 2996858.219504952430725 ], [ 270976.2184815989458, 2997819.382459332700819 ], [ 270884.602507064584643, 2996612.790031559765339 ] ] ] } },
{ "type": "Feature", "properties": { "t": "river" }, "geometry": { "type": "MultiPolygon", "coordinates": [ [ [ [ 268816.952096397290006, 2994810.779997443314642 ], [ 269074.211048974946607, 2995304.853581978008151 ], [ 268627.292829417099711, 2995823.050051546655595 ], [ 268909.103751480695792, 2996571.625021001324058 ], [ 269035.354930806555785, 2996574.607088583055884 ], [ 268657.260097897262312, 2995833.579814062453806 ], [ 269114.714895200100727, 2995348.445217973552644 ], [ 268871.376575662347022, 2994470.678639956284314 ], [ 268816.952096397290006, 2994810.779997443314642 ] ] ], [ [ [ 269619.672107000718825, 2994208.430357401259243 ], [ 269616.345192090433557, 2994028.071437400300056 ], [ 269481.584294175670948, 2994255.319000761024654 ], [ 268879.223514902871102, 2994421.644796543288976 ], [ 268872.215858835785184, 2994465.434114024508744 ], [ 269619.672107000718825, 2994208.430357401259243 ] ] ], [ [ [ 269762.167453863774426, 2993862.16352163022384 ], [ 269742.855636981257703, 2993814.746325824875385 ], [ 269722.915565976523794, 2993848.369154497981071 ], [ 269762.167453863774426, 2993862.16352163022384 ] ] ], [ [ [ 269432.019862995715812, 2996583.984664287883788 ], [ 269344.150029513170011, 2996485.978938779328018 ], [ 269055.262289589620195, 2996575.077419200446457 ], [ 269432.019862995715812, 2996583.984664287883788 ] ] ], [ [ [ 269835.541798858088441, 2997840.381817560642958 ], [ 269901.401850781869143, 2997107.54497172916308 ], [ 269800.259473785525188, 2996994.723337996285409 ], [ 269835.541798858088441, 2997840.381817560642958 ] ] ] ] } },
{ "type": "Feature", "properties": { "t": "river" }, "geometry": { "type": "MultiPolygon", "coordinates": [ [ [ [ 272052.143740827566944, 2993709.313647862989455 ], [ 271558.867513106786646, 2993330.350530814845115 ], [ 271974.789729592681397, 2993821.57501626573503 ], [ 271435.399970496306196, 2995261.399535042233765 ], [ 271479.893922284711152, 2995278.638279437087476 ], [ 272052.143740827566944, 2993709.313647862989455 ] ] ], [ [ [ 272521.356010827585123, 2997126.00553489336744 ], [ 272355.801521902147215, 2995665.810141551773995 ], [ 272263.700304860423785, 2995629.618193028494716 ], [ 272521.356010827585123, 2997126.00553489336744 ] ] ] ] } },
{ "type": "Feature", "properties": { "t": "lake" }, "geometry": { "type": "Polygon", "coordinates": [ [ [ 270270.181926249701064, 2996657.342887637205422 ], [ 270410.079584363847971, 2996710.193481822963804 ], [ 270406.205405067768879, 2996499.647463047411293 ], [ 270270.181926249701064, 2996657.342887637205422 ] ] ] } },
{ "type": "Feature", "properties": { "t": "lake" }, "geometry": { "type": "Polygon", "coordinates": [ [ [ 271093.044635996222496, 2995533.713519597426057 ], [ 271212.905618062592112, 2995575.856232220772654 ], [ 271159.84875202801777, 2995388.383059003390372 ], [ 271093.044635996222496, 2995533.713519597426057 ] ] ] } },
{ "type": "Feature", "properties": { "t": "lake" }, "geometry": { "type": "Polygon", "coordinates": [ [ [ 270845.95358827454038, 2994507.336387074086815 ], [ 270988.51335616025608, 2994704.251939344685525 ], [ 270964.605616678949445, 2994482.989524187520146 ], [ 270845.95358827454038, 2994507.336387074086815 ] ] ] } },
{ "type": "Feature", "properties": { "t": "lake" }, "geometry": { "type": "Polygon", "coordinates": [ [ [ 272098.087439843453467, 2994595.271343836095184 ], [ 272227.4699355897028, 2994615.080541683360934 ], [ 272203.988597292685881, 2994415.979827110655606 ], [ 272098.087439843453467, 2994595.271343836095184 ] ] ] } },
{ "type": "Feature", "properties": { "t": "lake" }, "geometry": { "type": "Polygon", "coordinates": [ [ [ 271017.430100410245359, 2994116.214554950594902 ], [ 271156.33591132692527, 2994113.668613222893327 ], [ 271132.431165191985201, 2993892.406170513946563 ], [ 271017.430100410245359, 2994116.214554950594902 ] ] ] } },
{ "type": "Feature", "properties": { "t": "river" }, "geometry": { "type": "MultiPolygon", "coordinates": [ [ [ [ 271972.994264589739032, 2992635.518623055424541 ], [ 271937.114965397748165, 2992535.659521398600191 ], [ 271720.06197566940682, 2992374.097585283685476 ], [ 271711.533901745919138, 2992419.088476228993386 ], [ 271972.994264589739032, 2992635.518623055424541 ] ] ], [ [ [ 272119.463215616182424, 2991413.506165707949549 ], [ 271669.236040987423621, 2991765.353735106065869 ], [ 271687.920688965474255, 2991813.397683880291879 ], [ 272119.463215616182424, 2991413.506165707949549 ] ] ] ] } },
{ "type": "Feature", "properties": { "t": "river" }, "geometry": { "type": "MultiPolygon", "coordinates": [ [ [ [ 269227.180953032686375, 2992841.116000684909523 ], [ 269502.255685040145181, 2993224.018694933038205 ], [ 269282.454117911402136, 2992777.048532589804381 ], [ 269227.180953032686375, 2992841.116000684909523 ] ] ], [ [ [ 269478.43218869966222, 2992470.668988540768623 ], [ 269140.837067078216933, 2992465.815483601763844 ], [ 269404.051229706499726, 2992577.607792815193534 ], [ 269478.43218869966222, 2992470.668988540768623 ] ] ] ] } },
{ "type": "Feature", "properties": { "t": "lake" }, "geometry": { "type": "Polygon", "coordinates": [ [ [ 274896.552101882116403, 2991274.519881044980139 ], [ 275025.762003366369754, 2991283.278946228325367 ], [ 274982.875803948147222, 2991106.695823753718287 ], [ 274896.552101882116403, 2991274.519881044980139 ] ] ] } },
{ "type": "Feature", "properties": { "t": "river" }, "geometry": { "type": "MultiPolygon", "coordinates": [ [ [ [ 287026.326252064784057, 3001126.160411977209151 ], [ 287354.214858869381715, 3001741.256784050259739 ], [ 287953.852667080005631, 3001680.174527406226844 ], [ 287856.098598055134062, 3001511.0184790128842 ], [ 287323.334637438529171, 3001675.280690495856106 ], [ 287169.564605613355525, 3000879.030987487640232 ], [ 286492.793497449543793, 3001246.134807313326746 ], [ 286552.204762749664951, 3001353.680341016501188 ], [ 287026.326252064784057, 3001126.160411977209151 ] ] ], [ [ [ 287430.42961787362583, 3002138.97624267777428 ], [ 288040.039403042756021, 3001829.31827053334564 ], [ 287968.762447206070647, 3001705.975211758632213 ], [ 287430.42961787362583, 3002138.97624267777428 ] ] ], [ [ [ 286820.327592107991222, 3001839.057335992343724 ], [ 286605.619323728780728, 3002042.24669377040118 ], [ 286850.641191023692954, 3001871.790228666737676 ], [ 286808.670097270980477, 3001817.953193395398557 ], [ 286820.327592107991222, 3001839.057335992343724 ] ] ] ] } },
{ "type": "Feature", "properties": { "t": "river" }, "geometry": { "type": "MultiPolygon", "coordinates": [ [ [ [ 279179.781566163874231, 3001074.371113135013729 ], [ 279254.449440757278353, 3001458.088410492520779 ], [ 279189.190501754404977, 3001062.219864535611123 ], [ 279179.781566163874231, 3001074.371113135013729 ] ] ], [ [ [ 279321.6476135859848, 3001803.434253082610667 ], [ 279855.581503537949175, 3002270.615500974934548 ], [ 279297.520308263250627, 3001679.437186263967305 ], [ 279321.6476135859848, 3001803.434253082610667 ] ] ] ] } },
{ "type": "Feature", "properties": { "t": "river" }, "geometry": { "type": "Polygon", "coordinates": [ [ [ 279279.92549964110367, 3000008.484437295235693 ], [ 279384.782484235009179, 3000328.077479196246713 ], [ 279558.067735143529717, 3000591.037635325919837 ], [ 279279.92549964110367, 3000008.484437295235693 ] ] ] } },
{ "type": "Feature", "properties": { "t": "river" }, "geometry": { "type": "Polygon", "coordinates": [ [ [ 286867.668034839094616, 2999388.69808124890551 ], [ 287050.596991563681513, 2999064.138166753109545 ], [ 286847.265923967584968, 2999355.795252765528858 ], [ 286966.201073446951341, 2999930.125019276048988 ], [ 286867.668034839094616, 2999388.69808124890551 ] ] ] } },
{ "type": "Feature", "properties": { "t": "river" }, "geometry": { "type": "Polygon", "coordinates": [ [ [ 288614.438554537948221, 2998272.739064792171121 ], [ 288711.208421052549966, 2998714.449407758656889 ], [ 289093.49989305390045, 2999029.404445198830217 ], [ 288614.438554537948221, 2998272.739064792171121 ] ] ] } },
{ "type": "Feature", "properties": { "t": "river" }, "geometry": { "type": "MultiPolygon", "coordinates": [ [ [ [ 286851.753152158926241, 2998457.922117935493588 ], [ 286991.473437350941822, 2999087.316179225686938 ], [ 286884.661120657227002, 2998436.916859293356538 ], [ 286851.753152158926241, 2998457.922117935493588 ] ] ], [ [ [ 287302.855860969168134, 2998150.953885230235755 ], [ 287413.557673478033394, 2997661.376662137918174 ], [ 287251.992593933478929, 2998182.539562270510942 ], [ 287302.855860969168134, 2998150.953885230235755 ] ] ] ] } },
{ "type": "Feature", "properties": { "t": "river" }, "geometry": { "type": "MultiPolygon", "coordinates": [ [ [ [ 286357.576114822761156, 2994509.426349836401641 ], [ 285844.969041017466225, 2994130.270470602437854 ], [ 285945.365043638681527, 2993618.690134504809976 ], [ 284957.037549266009592, 2993280.978955637663603 ], [ 285169.967640012851916, 2993543.33021815912798 ], [ 285875.915011038363446, 2993619.880456609651446 ], [ 285795.173829323961399, 2994120.040544376708567 ], [ 286318.272540204052348, 2994532.266627825796604 ], [ 286157.401918515330181, 2994989.460207055788487 ], [ 286228.86269971029833, 2995074.717517515644431 ], [ 286357.576114822761156, 2994509.426349836401641 ] ] ], [ [ [ 286449.329859390563797, 2996392.116791432723403 ], [ 287381.536445087636821, 2997528.916365162935108 ], [ 286579.985198754468001, 2996489.636354443151504 ], [ 286857.608693853369914, 2995897.445986231323332 ], [ 286802.240607237210497, 2995825.241406304761767 ], [ 286449.329859390563797, 2996392.116791432723403 ] ] ] ] } },
{ "type": "Feature", "properties": { "t": "lake" }, "geometry": { "type": "Polygon", "coordinates": [ [ [ 277160.791390373487957, 2993550.626885690260679 ], [ 277148.299651762936264, 2993406.750595453195274 ], [ 276932.586295717803296, 2993554.699856404680759 ], [ 277160.791390373487957, 2993550.626885690260679 ] ] ] } },
{ "type": "Feature", "properties": { "t": "river" }, "geometry": { "type": "Polygon", "coordinates": [ [ [ 284386.333883385872468, 2992991.547725156880915 ], [ 284497.57838130381424, 2993111.552352484315634 ], [ 284857.247542627039365, 2993249.445171317551285 ], [ 284386.333883385872468, 2992991.547725156880915 ] ] ] } },
{ "type": "Feature", "properties": { "t": "river" }, "geometry": { "type": "MultiPolygon", "coordinates": [ [ [ [ 282425.769286205875687, 2989833.309185677673668 ], [ 282481.315478038857691, 2989904.76188813149929 ], [ 282449.108993632718921, 2989839.107741102110595 ], [ 282425.769286205875687, 2989833.309185677673668 ] ] ], [ [ [ 283273.176474355976097, 2990499.712262212764472 ], [ 283218.935642912401818, 2990447.135316887870431 ], [ 282893.681160220876336, 2990345.232800929807127 ], [ 283273.176474355976097, 2990499.712262212764472 ] ] ], [ [ [ 284071.002631851122715, 2990824.528835784643888 ], [ 284249.256486038560979, 2990770.001544369384646 ], [ 283901.021820789261255, 2990660.865886194165796 ], [ 283611.869475239305757, 2990637.595208577346057 ], [ 284071.002631851122715, 2990824.528835784643888 ] ] ], [ [ [ 284129.347004086419474, 2991306.953784686513245 ], [ 284438.372121938038617, 2990829.274583553895354 ], [ 284372.710046901018359, 2990808.694249355234206 ], [ 284129.347004086419474, 2991306.953784686513245 ] ] ] ] } },
{ "type": "Feature", "properties": { "t": "lake" }, "geometry": { "type": "Polygon", "coordinates": [ [ [ 278078.29861832910683, 2992680.789124143309891 ], [ 277978.67887122684624, 2992660.389754995703697 ], [ 277991.751471512427088, 2992837.509065382182598 ], [ 278078.29861832910683, 2992680.789124143309891 ] ] ] } },
{ "type": "Feature", "properties": { "t": "river" }, "geometry": { "type": "MultiPolygon", "coordinates": [ [ [ [ 287607.87505898240488, 2989832.923563675489277 ], [ 287928.673007771023549, 2990000.429393234662712 ], [ 287498.613948645768687, 2989672.021552380174398 ], [ 287607.87505898240488, 2989832.923563675489277 ] ] ], [ [ [ 288389.096626030048355, 2990240.862975185737014 ], [ 288536.457720476784743, 2990149.701488279271871 ], [ 288284.429366474912968, 2990186.203402292914689 ], [ 288389.096626030048355, 2990240.862975185737014 ] ] ] ] } },
{ "type": "Feature", "properties": { "t": "lake" }, "geometry": { "type": "Polygon", "coordinates": [ [ [ 280824.599463256075978, 2989672.828345199115574 ], [ 280811.568535682046786, 2989495.709281304385513 ], [ 280662.693816035229247, 2989498.318312403745949 ], [ 280665.996287752059288, 2989686.692178279627115 ], [ 280824.599463256075978, 2989672.828345199115574 ] ] ] } },
{ "type": "Feature", "properties": { "t": "river" }, "geometry": { "type": "Polygon", "coordinates": [ [ [ 286918.791783944296185, 2988425.922127459198236 ], [ 286858.008469480555505, 2988373.46947483625263 ], [ 286815.009714412968606, 2988501.798624001909047 ], [ 286822.99906479078345, 2988536.59780070791021 ], [ 286918.791783944296185, 2988425.922127459198236 ] ] ] } },
{ "type": "Feature", "properties": { "t": "river" }, "geometry": { "type": "Polygon", "coordinates": [ [ [ 289286.582338490814436, 3008669.049401266034693 ], [ 289265.259541598090436, 3008580.740178693085909 ], [ 289257.230608688667417, 3008691.715238308068365 ], [ 289286.582338490814436, 3008669.049401266034693 ] ] ] } },
{ "type": "Feature", "properties": { "t": "lake" }, "geometry": { "type": "Polygon", "coordinates": [ [ [ 289284.460594412870705, 3005621.024925990030169 ], [ 289432.573123348294757, 3005585.264119657222182 ], [ 289379.635900814260822, 3005386.651947888080031 ], [ 289284.460594412870705, 3005621.024925990030169 ] ] ] } },
{ "type": "Feature", "properties": { "t": "river" }, "geometry": { "type": "Polygon", "coordinates": [ [ [ 291659.916693853680044, 3005381.486696854699403 ], [ 291520.222916375496425, 3005328.409799630753696 ], [ 291510.6826765461592, 3005350.73709514643997 ], [ 291659.916693853680044, 3005381.486696854699403 ] ] ] } },
{ "type": "Feature", "properties": { "t": "river" }, "geometry": { "type": "MultiPolygon", "coordinates": [ [ [ [ 290839.29837819270324, 3002568.921521926298738 ], [ 290819.153626798011828, 3002492.599934146739542 ], [ 290466.108031988202129, 3002785.788257885258645 ], [ 290473.0669452912407, 3002840.74544494273141 ], [ 290839.29837819270324, 3002568.921521926298738 ] ] ], [ [ [ 290534.729920696059708, 3003327.734654231928289 ], [ 290908.044945430243388, 3003709.385282732080668 ], [ 290906.350539216364268, 3004160.246425256598741 ], [ 290968.640761052782182, 3003774.869201150722802 ], [ 290479.649333340814337, 3002892.729347240179777 ], [ 290534.729920696059708, 3003327.734654231928289 ] ] ], [ [ [ 290904.42289987730328, 3004673.727493136189878 ], [ 291193.369882206199691, 3004757.54260456841439 ], [ 291159.489094933844171, 3005101.705762712750584 ], [ 291481.133078155573457, 3005362.31627041567117 ], [ 291249.813331483281218, 3005166.691285024862736 ], [ 291293.794427921529859, 3004833.44270251179114 ], [ 290904.933604865684174, 3004537.628737644758075 ], [ 290904.42289987730328, 3004673.727493136189878 ] ] ] ] } },
{ "type": "Feature", "properties": { "t": "river" }, "geometry": { "type": "MultiPolygon", "coordinates": [ [ [ [ 299927.305870192591101, 3002231.121747147291899 ], [ 299734.842832838417962, 3001979.306494964286685 ], [ 299811.07853953843005, 3003019.886253009084612 ], [ 299893.097456307325047, 3003045.928890169598162 ], [ 299927.305870192591101, 3002231.121747147291899 ] ] ], [ [ [ 300479.294652428478003, 3003784.557174438145012 ], [ 300219.83378297573654, 3003157.397107089869678 ], [ 300121.624586925376207, 3003135.771685554180294 ], [ 300479.294652428478003, 3003784.557174438145012 ] ] ], [ [ [ 300630.917346078203991, 3004059.610541039612144 ], [ 300837.883523857570253, 3003954.255372802726924 ], [ 300598.020499393285718, 3003999.932438270188868 ], [ 300630.917346078203991, 3004059.610541039612144 ] ] ], [ [ [ 301440.186220866744407, 3004445.653622728772461 ], [ 301015.373152895830572, 3003920.459279842209071 ], [ 300972.143400968401693, 3003928.690475915092975 ], [ 301440.186220866744407, 3004445.653622728772461 ] ] ] ] } },
{ "type": "Feature", "properties": { "t": "river" }, "geometry": { "type": "Polygon", "coordinates": [ [ [ 271424.689642578945495, 3013031.10644742846489 ], [ 271537.649215724726673, 3012707.551076257135719 ], [ 271363.509326967177913, 3012400.372492061927915 ], [ 271417.643307009187993, 3013186.430568845011294 ], [ 271776.729534317157231, 3013312.838282321114093 ], [ 271424.689642578945495, 3013031.10644742846489 ] ] ] } },
{ "type": "Feature", "properties": { "t": "river" }, "geometry": { "type": "Polygon", "coordinates": [ [ [ 274017.415777072659694, 3012828.386414009612054 ], [ 273883.980068608361762, 3012575.861779124476016 ], [ 273756.200293254631106, 3012633.61802491126582 ], [ 274017.415777072659694, 3012828.386414009612054 ] ] ] } },
{ "type": "Feature", "properties": { "t": "river" }, "geometry": { "type": "Polygon", "coordinates": [ [ [ 273243.854162767878734, 3012254.996476807165891 ], [ 273445.440928070922382, 3012439.759490046650171 ], [ 273143.338968959753402, 3011636.066472260281444 ], [ 273243.854162767878734, 3012254.996476807165891 ] ] ] } },
{ "type": "Feature", "properties": { "t": "river" }, "geometry": { "type": "Polygon", "coordinates": [ [ [ 271528.367691842257045, 3011665.705993072129786 ], [ 271354.929086080519482, 3011934.94846448674798 ], [ 271492.002624102809932, 3011843.740201716311276 ], [ 271528.367691842257045, 3011665.705993072129786 ] ] ] } },
{ "type": "Feature", "properties": { "t": "river" }, "geometry": { "type": "Polygon", "coordinates": [ [ [ 270851.033680070133414, 3010946.568776553031057 ], [ 270954.299392850603908, 3010634.273718453943729 ], [ 270831.830791480955668, 3010980.17936130380258 ], [ 271498.644192780484445, 3011666.253479569684714 ], [ 270851.033680070133414, 3010946.568776553031057 ] ] ] } },
{ "type": "Feature", "properties": { "t": "river" }, "geometry": { "type": "Polygon", "coordinates": [ [ [ 273183.324547325726599, 3010027.991934361401945 ], [ 273021.176037312950939, 3010917.766662436537445 ], [ 273174.443047475419007, 3010626.750676420982927 ], [ 273711.924800825654529, 3011293.128459183499217 ], [ 273183.946540720295161, 3010604.406727230641991 ], [ 273174.428017662954517, 3010083.580081370193511 ], [ 273481.202507099951617, 3010055.807591280434281 ], [ 273599.500390814617276, 3010563.563234981149435 ], [ 273580.49472631921526, 3010065.081043872982264 ], [ 272788.934049190138467, 3009059.712914922274649 ], [ 272963.074922410189174, 3009366.911000940017402 ], [ 273183.324547325726599, 3010027.991934361401945 ] ], [ [ 273291.514479455829132, 3009981.675006069708616 ], [ 273182.109600355383009, 3009961.50345420697704 ], [ 273208.395140825770795, 3009772.576309001538903 ], [ 273291.514479455829132, 3009981.675006069708616 ] ] ] } },
{ "type": "Feature", "properties": { "t": "river" }, "geometry": { "type": "MultiPolygon", "coordinates": [ [ [ [ 271436.559176140057389, 3010448.017890963237733 ], [ 271346.156240756623447, 3009796.895585077349097 ], [ 271405.409953211667016, 3010450.529790045693517 ], [ 271436.559176140057389, 3010448.017890963237733 ] ] ], [ [ [ 271333.702315263217315, 3009707.200206882320344 ], [ 270387.871234058984555, 3008948.685718609485775 ], [ 271344.365544484404381, 3009783.998623241204768 ], [ 271333.702315263217315, 3009707.200206882320344 ] ] ] ] } },
{ "type": "Feature", "properties": { "t": "river" }, "geometry": { "type": "Polygon", "coordinates": [ [ [ 271833.653239172650501, 3009941.876032329630107 ], [ 272192.621042228827719, 3010057.220047073438764 ], [ 271749.693335913936608, 3009688.459477117750794 ], [ 271833.653239172650501, 3009941.876032329630107 ] ] ] } },
{ "type": "Feature", "properties": { "t": "river" }, "geometry": { "type": "Polygon", "coordinates": [ [ [ 270397.781300343980547, 3008948.502480240538716 ], [ 270496.588890349667054, 3008761.969095244538039 ], [ 270436.91994736349443, 3008798.625699675176293 ], [ 270377.756255586806219, 3008937.787436581216753 ], [ 270397.781300343980547, 3008948.502480240538716 ] ] ] } },
{ "type": "Feature", "properties": { "t": "river" }, "geometry": { "type": "Polygon", "coordinates": [ [ [ 270650.326496038935147, 3008666.703216172754765 ], [ 270669.328538934292737, 3008622.011153866071254 ], [ 270613.980543185141869, 3008654.311367978807539 ], [ 270643.848807813599706, 3008668.277997270226479 ], [ 270650.326496038935147, 3008666.703216172754765 ] ] ] } },
{ "type": "Feature", "properties": { "t": "river" }, "geometry": { "type": "Polygon", "coordinates": [ [ [ 270688.318430932122283, 3008519.309947086963803 ], [ 270676.783493376569822, 3008488.850044060032815 ], [ 270634.890775351901539, 3008367.685442496091127 ], [ 270688.890612648800015, 3008517.090148081537336 ], [ 270733.586824653903022, 3008343.692704695742577 ], [ 270387.127735838410445, 3008372.263230592943728 ], [ 270650.326496038935147, 3008666.703216172754765 ], [ 270688.318430932122283, 3008519.309947086963803 ] ] ] } },
{ "type": "Feature", "properties": { "t": "river" }, "geometry": { "type": "Polygon", "coordinates": [ [ [ 271762.243517950060777, 3008213.896015729289502 ], [ 272073.485316716891248, 3007886.711015769280493 ], [ 272066.573006373480894, 3007509.942235744558275 ], [ 271176.318998897564597, 3007082.896925545297563 ], [ 272037.856240390276071, 3007565.894907596055418 ], [ 272014.630497690057382, 3007921.046501889824867 ], [ 271758.985709751141258, 3008036.592746375128627 ], [ 271762.243517950060777, 3008213.896015729289502 ] ] ] } },
{ "type": "Feature", "properties": { "t": "lake" }, "geometry": { "type": "Polygon", "coordinates": [ [ [ 275136.511030857858714, 3007864.145288719795644 ], [ 274977.739565622177906, 3007855.935259850230068 ], [ 275059.432881015120074, 3007987.474993191193789 ], [ 275136.511030857858714, 3007864.145288719795644 ] ] ] } },
{ "type": "Feature", "properties": { "t": "river" }, "geometry": { "type": "Polygon", "coordinates": [ [ [ 270137.792116797645576, 3007756.097001636400819 ], [ 270122.14022887282772, 3007445.997741322498769 ], [ 270073.718640634906478, 3007865.718161737546325 ], [ 270080.589094788883813, 3007870.870426604524255 ], [ 270137.792116797645576, 3007756.097001636400819 ] ] ] } },
{ "type": "Feature", "properties": { "t": "river" }, "geometry": { "type": "Polygon", "coordinates": [ [ [ 270047.303054932039231, 3007374.571706055197865 ], [ 270026.037075385393109, 3007418.369071008637547 ], [ 270092.611431967583485, 3007457.629409311339259 ], [ 270047.303054932039231, 3007374.571706055197865 ] ] ] } },
{ "type": "Feature", "properties": { "t": "river" }, "geometry": { "type": "MultiPolygon", "coordinates": [ [ [ [ 269942.775299319182523, 3006861.79533456126228 ], [ 270197.407365615130402, 3006690.804892427753657 ], [ 270192.655701305018738, 3006649.814471501857042 ], [ 269942.775299319182523, 3006861.79533456126228 ] ] ], [ [ [ 270464.800643090624362, 3005599.507636138238013 ], [ 270950.206955599132925, 3006111.561846822500229 ], [ 270755.843729872838594, 3006325.764165287837386 ], [ 270781.056342880707234, 3006386.594734281301498 ], [ 270980.352151965547819, 3006133.176908459048718 ], [ 270386.817634818493389, 3005135.366534492000937 ], [ 270332.868786819453817, 3005563.861415404826403 ], [ 270414.970549573074095, 3005688.431187103968114 ], [ 270464.800643090624362, 3005599.507636138238013 ] ] ] ] } },
{ "type": "Feature", "properties": { "t": "river" }, "geometry": { "type": "MultiPolygon", "coordinates": [ [ [ [ 274482.303585989924613, 3005138.019693288486451 ], [ 274544.543472482764628, 3004730.415661804378033 ], [ 274349.213879150745925, 3004907.650054261088371 ], [ 274431.399229426460806, 3005065.043314907234162 ], [ 274482.303585989924613, 3005138.019693288486451 ] ] ], [ [ [ 275566.362556682550348, 3004812.935379015747458 ], [ 274581.578566775773652, 3004049.897650964092463 ], [ 274797.99190331279533, 3004500.459237006958574 ], [ 274651.699893229990266, 3004633.189762820955366 ], [ 275566.362556682550348, 3004812.935379015747458 ] ], [ [ 275348.03005885053426, 3004756.549931138753891 ], [ 275328.203786764875986, 3004756.908050417434424 ], [ 275277.036423971701879, 3004669.153481762856245 ], [ 275348.03005885053426, 3004756.549931138753891 ] ] ], [ [ [ 276065.829896030249074, 3005519.542665283661336 ], [ 275979.542976207798347, 3005133.128151405602694 ], [ 275700.08991173049435, 3004916.563756635412574 ], [ 276065.829896030249074, 3005519.542665283661336 ] ] ], [ [ [ 274321.024693227140233, 3005540.003686939366162 ], [ 274270.401850847702008, 3006028.660960972774774 ], [ 274794.467560250894167, 3006495.808217206038535 ], [ 274279.9116304643685, 3006006.318358620163053 ], [ 274331.942857618443668, 3005595.23029917338863 ], [ 274606.882042352925055, 3005446.139185322914273 ], [ 274579.054238103504758, 3005389.572693187277764 ], [ 274321.024693227140233, 3005540.003686939366162 ] ] ] ] } },
{ "type": "Feature", "properties": { "t": "river" }, "geometry": { "type": "Polygon", "coordinates": [ [ [ 276814.039298904594034, 3005772.124482843093574 ], [ 276708.188979740370996, 3005951.3815010455437 ], [ 276820.206222865614109, 3006115.641597152687609 ], [ 276814.039298904594034, 3005772.124482843093574 ] ] ] } },
{ "type": "Feature", "properties": { "t": "river" }, "geometry": { "type": "Polygon", "coordinates": [ [ [ 270359.180128840904217, 3004945.016864395234734 ], [ 270355.46164832112845, 3004969.469674580264837 ], [ 270342.234418262960389, 3004992.845620932988822 ], [ 270387.226838040631264, 3005157.529493267182261 ], [ 270359.180128840904217, 3004945.016864395234734 ] ] ] } },
{ "type": "Feature", "properties": { "t": "river" }, "geometry": { "type": "MultiPolygon", "coordinates": [ [ [ [ 270794.037812522496097, 3002478.490858715493232 ], [ 270019.129722039331682, 3002947.277489148080349 ], [ 270055.475060015683994, 3003025.525255171116441 ], [ 270794.037812522496097, 3002478.490858715493232 ] ] ], [ [ [ 270463.252131493762136, 3003903.493767482694238 ], [ 270277.777891195379198, 3004180.822145998943597 ], [ 270283.067814078705851, 3004190.661429183091968 ], [ 270534.694496820447966, 3004013.028244425076991 ], [ 270400.083307887776755, 3003767.479501569177955 ], [ 270463.252131493762136, 3003903.493767482694238 ] ] ] ] } },
{ "type": "Feature", "properties": { "t": "river" }, "geometry": { "type": "MultiPolygon", "coordinates": [ [ [ [ 276159.3480003119912, 3003001.610812726896256 ], [ 275804.357116294442676, 3002564.608381384983659 ], [ 275076.567188189132139, 3002356.040275270584971 ], [ 275805.155415838700719, 3002608.933179819956422 ], [ 276162.405076860333793, 3003097.225882649887353 ], [ 276159.3480003119912, 3003001.610812726896256 ] ] ], [ [ [ 276192.729163558222353, 3003754.775308374781162 ], [ 276782.02157910267124, 3003988.053791604936123 ], [ 276192.01825995958643, 3003715.252372760791332 ], [ 276192.729163558222353, 3003754.775308374781162 ] ] ] ] } },
{ "type": "Feature", "properties": { "t": "river" }, "geometry": { "type": "Polygon", "coordinates": [ [ [ 277962.841624251101166, 3012346.968954833690077 ], [ 278256.879323323373683, 3012164.351722058840096 ], [ 278129.471097641740926, 3011689.985638001933694 ], [ 278434.028805998386815, 3011540.440352654550225 ], [ 278109.259754014899954, 3011668.177647780161351 ], [ 278119.171662797685713, 3012222.238476134371012 ], [ 277962.841624251101166, 3012346.968954833690077 ] ] ] } },
{ "type": "Feature", "properties": { "t": "river" }, "geometry": { "type": "Polygon", "coordinates": [ [ [ 278502.985946042521391, 3011517.039447035640478 ], [ 278531.52167051343713, 3011450.021622984204441 ], [ 278295.323033335967921, 3011542.918553365394473 ], [ 278502.985946042521391, 3011517.039447035640478 ] ] ] } },
{ "type": "Feature", "properties": { "t": "river" }, "geometry": { "type": "MultiPolygon", "coordinates": [ [ [ [ 277832.996923449449241, 3009522.678428982850164 ], [ 278152.658952413825318, 3010215.299889295827597 ], [ 278042.2776500309119, 3010693.917433844413608 ], [ 278162.567578471731395, 3010215.122781496495008 ], [ 277931.289277844422031, 3009487.016754420939833 ], [ 277832.996923449449241, 3009522.678428982850164 ] ] ], [ [ [ 278394.853600403643213, 3009346.36594724887982 ], [ 278422.486153785604984, 3009308.819498378317803 ], [ 278295.74968873191392, 3009354.794779178220779 ], [ 278394.853600403643213, 3009346.36594724887982 ] ] ], [ [ [ 278791.659250186174177, 3008807.225721872411668 ], [ 278234.159207067568786, 3008118.833120836410671 ], [ 277663.923630188102834, 3008383.975903663318604 ], [ 277132.125772515428253, 3008027.709359389729798 ], [ 277644.500168284052052, 3008406.493108056951314 ], [ 278234.554882266325876, 3008140.995444974396378 ], [ 278771.839817429834511, 3008807.578788127750158 ], [ 278588.637939527397975, 3009083.062987230718136 ], [ 278791.659250186174177, 3008807.225721872411668 ] ] ] ] } },
{ "type": "Feature", "properties": { "t": "river" }, "geometry": { "type": "Polygon", "coordinates": [ [ [ 281127.321968824719079, 3009719.105880252551287 ], [ 281173.013325212406926, 3010061.919811693020165 ], [ 281693.52185129566351, 3010352.034554777201265 ], [ 281362.837960718898103, 3010147.250502271577716 ], [ 281127.321968824719079, 3009719.105880252551287 ] ] ] } },
{ "type": "Feature", "properties": { "t": "river" }, "geometry": { "type": "Polygon", "coordinates": [ [ [ 289190.749865885823965, 3009446.548340564593673 ], [ 289224.614895144826733, 3009689.819092185236514 ], [ 289275.662027003651019, 3009777.623611838091165 ], [ 289190.749865885823965, 3009446.548340564593673 ] ] ] } },
{ "type": "Feature", "properties": { "t": "river" }, "geometry": { "type": "Polygon", "coordinates": [ [ [ 289180.841209681355394, 3009446.716601006686687 ], [ 289044.309592110861558, 3008994.595730600412935 ], [ 289218.157826798909809, 3008725.630038298200816 ], [ 289013.641110308584757, 3008939.69729206059128 ], [ 289180.841209681355394, 3009446.716601006686687 ] ] ] } },
{ "type": "Feature", "properties": { "t": "river" }, "geometry": { "type": "Polygon", "coordinates": [ [ [ 289249.521332553471439, 3008237.40702136233449 ], [ 289204.486915317771491, 3008504.184396401513368 ], [ 289255.726275029592216, 3008603.069714576005936 ], [ 289249.521332553471439, 3008237.40702136233449 ] ] ] } },
{ "type": "Feature", "properties": { "t": "river" }, "geometry": { "type": "Polygon", "coordinates": [ [ [ 289032.198045772034675, 3007697.986002758145332 ], [ 289065.691270140639972, 3007919.094913884066045 ], [ 289248.205222423304804, 3008159.842226726468652 ], [ 289032.198045772034675, 3007697.986002758145332 ] ] ] } },
{ "type": "Feature", "properties": { "t": "river" }, "geometry": { "type": "Polygon", "coordinates": [ [ [ 288444.396139991120435, 3006943.191492355894297 ], [ 288743.298735726508312, 3007614.224229497369379 ], [ 288953.105797673691995, 3007710.413289766293019 ], [ 288444.396139991120435, 3006943.191492355894297 ] ] ] } },
{ "type": "Feature", "properties": { "t": "river" }, "geometry": { "type": "Polygon", "coordinates": [ [ [ 277536.656561833515298, 3007366.458376611117274 ], [ 277669.461585499288049, 3007031.539617477916181 ], [ 277034.976731889997609, 3007586.061497482471168 ], [ 277536.656561833515298, 3007366.458376611117274 ] ] ] } },
{ "type": "Feature", "properties": { "t": "river" }, "geometry": { "type": "Polygon", "coordinates": [ [ [ 285457.817049661709461, 3006794.880729554221034 ], [ 285420.660514380666427, 3006939.615988832432777 ], [ 285557.533496612217277, 3007402.786730446387082 ], [ 285457.817049661709461, 3006794.880729554221034 ] ] ] } },
{ "type": "Feature", "properties": { "t": "river" }, "geometry": { "type": "Polygon", "coordinates": [ [ [ 278412.207248127902858, 3006985.019129608292133 ], [ 278278.789087360491976, 3007286.685096804518253 ], [ 278351.328605174086988, 3007462.745680868625641 ], [ 278412.207248127902858, 3006985.019129608292133 ] ] ] } },
{ "type": "Feature", "properties": { "t": "river" }, "geometry": { "type": "Polygon", "coordinates": [ [ [ 285856.737679447571281, 3006932.093707183841616 ], [ 285636.405521485081408, 3006802.883071307092905 ], [ 285718.750228432123549, 3006978.808775623794645 ], [ 285856.737679447571281, 3006932.093707183841616 ] ] ] } },
{ "type": "Feature", "properties": { "t": "river" }, "geometry": { "type": "Polygon", "coordinates": [ [ [ 286064.674393773602787, 3006917.428126071579754 ], [ 286151.583773963386193, 3006782.92327345488593 ], [ 285975.095163518912159, 3006896.802412312012166 ], [ 286064.674393773602787, 3006917.428126071579754 ] ] ] } },
{ "type": "Feature", "properties": { "t": "river" }, "geometry": { "type": "Polygon", "coordinates": [ [ [ 287873.622832383727655, 3006609.319085843861103 ], [ 287974.055976754578296, 3006685.192904897034168 ], [ 288282.427018993301317, 3006746.439322251826525 ], [ 287873.622832383727655, 3006609.319085843861103 ] ] ] } },
{ "type": "Feature", "properties": { "t": "river" }, "geometry": { "type": "MultiPolygon", "coordinates": [ [ [ [ 286882.743842610274442, 3006060.985977444797754 ], [ 286369.615143710630946, 3005027.328621601685882 ], [ 286339.917461684846785, 3005050.571772851515561 ], [ 286862.350929780397564, 3006028.0835633976385 ], [ 286121.850952837849036, 3006783.434940304607153 ], [ 286882.743842610274442, 3006060.985977444797754 ] ] ], [ [ [ 287066.787551491521299, 3004650.165331724099815 ], [ 287063.942111499141902, 3004483.954372401349247 ], [ 286465.203448233543895, 3004952.516712898854166 ], [ 287066.787551491521299, 3004650.165331724099815 ] ] ], [ [ [ 286431.23965270712506, 3004556.423029677942395 ], [ 286581.830579859612044, 3004702.813261811621487 ], [ 287063.942111499141902, 3004483.954372401349247 ], [ 286431.23965270712506, 3004556.423029677942395 ] ] ], [ [ [ 286542.015103206504136, 3004116.043781791813672 ], [ 287071.62978809903143, 3003774.448633898515254 ], [ 287015.045753778889775, 3003365.310369081329554 ], [ 286942.535091661382467, 3003321.274951099418104 ], [ 287021.304629657417536, 3003730.974109880626202 ], [ 286589.299359329976141, 3003982.224485134705901 ], [ 286380.15343573410064, 3004506.762993860524148 ], [ 286395.653259265702218, 3004521.83004536293447 ], [ 286542.015103206504136, 3004116.043781791813672 ] ] ], [ [ [ 286743.242011883761734, 3002549.75111657101661 ], [ 286728.221475983038545, 3002521.343013213016093 ], [ 286381.928189620783087, 3002877.38235349394381 ], [ 286445.307666943816002, 3002923.356290239840746 ], [ 286743.242011883761734, 3002549.75111657101661 ] ] ] ] } },
{ "type": "Feature", "properties": { "t": "river" }, "geometry": { "type": "Polygon", "coordinates": [ [ [ 285536.339883756125346, 3006749.18890070868656 ], [ 285447.906082847446669, 3006795.05183137441054 ], [ 285596.570544770569541, 3006792.486135261133313 ], [ 285536.339883756125346, 3006749.18890070868656 ] ] ] } },
{ "type": "Feature", "properties": { "t": "river" }, "geometry": { "type": "MultiPolygon", "coordinates": [ [ [ [ 287305.145382688613608, 3005832.071852116379887 ], [ 287474.890752125589643, 3006047.578691709786654 ], [ 287341.10694968525786, 3005807.047542711254209 ], [ 287305.145382688613608, 3005832.071852116379887 ] ] ], [ [ [ 287844.61252432805486, 3005490.335913847200572 ], [ 287847.613228658039588, 3004503.815159920603037 ], [ 287599.303673115675338, 3003898.436516720335931 ], [ 287649.620542920194566, 3003739.511211308650672 ], [ 287579.666532432078384, 3003909.855710227973759 ], [ 287844.045318528660573, 3005457.093786427751184 ], [ 287614.936930568539537, 3005616.506463258992881 ], [ 287844.61252432805486, 3005490.335913847200572 ] ] ], [ [ [ 287796.897872480330989, 3003274.365807302761823 ], [ 287164.946813014161307, 3002852.884020791854709 ], [ 287431.75397816603072, 3002216.541030529420823 ], [ 287135.962785218958743, 3002897.715470779687166 ], [ 287792.955939221195877, 3003286.815046265721321 ], [ 287796.897872480330989, 3003274.365807302761823 ] ] ], [ [ [ 287994.255871401634067, 3006707.016188610345125 ], [ 288182.562985690776259, 3006703.805292685050517 ], [ 287895.071510389796458, 3006581.0752072641626 ], [ 287994.255871401634067, 3006707.016188610345125 ] ] ] ] } },
{ "type": "Feature", "properties": { "t": "river" }, "geometry": { "type": "Polygon", "coordinates": [ [ [ 278566.245093138946686, 3006727.326465575024486 ], [ 278449.28384218987776, 3006840.257497594691813 ], [ 278420.932957813434768, 3006918.355572828557342 ], [ 278566.245093138946686, 3006727.326465575024486 ] ] ] } },
{ "type": "Feature", "properties": { "t": "river" }, "geometry": { "type": "MultiPolygon", "coordinates": [ [ [ [ 277446.275018919724971, 3004780.012350257486105 ], [ 277277.909166657133028, 3004544.486755036748946 ], [ 276831.239044802961871, 3004469.527082560118288 ], [ 277446.275018919724971, 3004780.012350257486105 ] ] ], [ [ [ 276814.039298904594034, 3005772.124482843093574 ], [ 277119.928194080595858, 3005689.04393398296088 ], [ 277342.970379168982618, 3005343.362663506530225 ], [ 276814.039298904594034, 3005772.124482843093574 ] ] ], [ [ [ 277565.930002775858156, 3005351.006085617467761 ], [ 277723.001355861313641, 3005035.335745751392096 ], [ 277651.300642754067667, 3005093.449253362137824 ], [ 277565.930002775858156, 3005351.006085617467761 ] ] ], [ [ [ 276829.919259365648031, 3006104.382450208999217 ], [ 277373.50132647738792, 3006560.194482778199017 ], [ 277532.221353241824545, 3006503.779046426061541 ], [ 276829.919259365648031, 3006104.382450208999217 ] ] ] ] } },
{ "type": "Feature", "properties": { "t": "river" }, "geometry": { "type": "MultiPolygon", "coordinates": [ [ [ [ 279232.221805282169953, 3005706.781002126634121 ], [ 279233.392333224532194, 3005668.490228112787008 ], [ 278592.469102309318259, 3005973.103800698183477 ], [ 278591.143061048351228, 3006031.181748172268271 ], [ 279232.221805282169953, 3005706.781002126634121 ] ] ], [ [ [ 279772.976822569733486, 3004888.019920831080526 ], [ 279244.373619103920646, 3005274.266767737921327 ], [ 279245.874379009124823, 3005295.572699350770563 ], [ 279772.976822569733486, 3004888.019920831080526 ] ] ] ] } },
{ "type": "Feature", "properties": { "t": "river" }, "geometry": { "type": "Polygon", "coordinates": [ [ [ 279804.388917924195994, 3004421.913868933916092 ], [ 279699.858093851944432, 3004678.70880591776222 ], [ 279782.104782723181415, 3004843.520188915077597 ], [ 279804.388917924195994, 3004421.913868933916092 ] ] ] } },
{ "type": "Feature", "properties": { "t": "river" }, "geometry": { "type": "Polygon", "coordinates": [ [ [ 279927.575111521757208, 3004098.283220223616809 ], [ 280229.605786204570904, 3003793.663185711018741 ], [ 279884.032674228947144, 3002757.829604662954807 ], [ 279966.016015284287278, 3002346.25449061114341 ], [ 279843.786771414801478, 3002725.287913395557553 ], [ 280198.886109638318885, 3003738.783450592309237 ], [ 279904.611776665551588, 3003921.337408513296396 ], [ 279927.575111521757208, 3004098.283220223616809 ] ] ] } },
{ "type": "Feature", "properties": { "t": "river" }, "geometry": { "type": "Polygon", "coordinates": [ [ [ 500377.983981515513733, 2954182.83457733457908 ], [ 500389.538984248589259, 2954189.446716785896569 ], [ 500443.43196154787438, 2954191.945902585517615 ], [ 500377.983981515513733, 2954182.83457733457908 ] ] ] } },
{ "type": "Feature", "properties": { "t": "river" }, "geometry": { "type": "Polygon", "coordinates": [ [ [ 500547.082078774983529, 2954182.8407455063425 ], [ 500387.931267244799528, 2954171.759414146188647 ], [ 500306.409397240087856, 2954180.834231587126851 ], [ 500310.028983516385779, 2954182.832733750343323 ], [ 500547.082078774983529, 2954182.8407455063425 ] ] ] } },
{ "type": "Feature", "properties": { "t": "river" }, "geometry": { "type": "MultiPolygon", "coordinates": [ [ [ [ 501397.89112973632291, 2952252.63715259032324 ], [ 501342.973864690633491, 2952898.147291055880487 ], [ 501012.602342375845183, 2953786.81368160713464 ], [ 501294.62122910056496, 2953290.29400778748095 ], [ 501390.217796252050903, 2952858.671237207949162 ], [ 501412.43903560139006, 2952287.874373042490333 ], [ 501397.89112973632291, 2952252.63715259032324 ] ] ], [ [ [ 501087.243821647309233, 2951402.542394157499075 ], [ 501067.34528103726916, 2951321.117377498652786 ], [ 501144.188677737198304, 2950969.014619284775108 ], [ 501144.190494824608322, 2950948.851763802580535 ], [ 501147.414169513853267, 2950954.235591095872223 ], [ 501206.054283248318825, 2950685.555955900344998 ], [ 501212.534675689530559, 2950674.006040256004781 ], [ 501235.568283208762296, 2950429.518978792708367 ], [ 501034.711882997537032, 2951369.708377132657915 ], [ 501078.020627917896491, 2951450.92308662738651 ], [ 501087.243821647309233, 2951402.542394157499075 ] ] ], [ [ [ 501281.525029279640876, 2949941.745804097503424 ], [ 501278.001105856383219, 2949896.787407069467008 ], [ 500780.883783824101556, 2949604.190030313096941 ], [ 500636.835746332304552, 2949575.465523317456245 ], [ 500980.928297068341635, 2949797.521590949501842 ], [ 500975.138583810883574, 2949785.919595813378692 ], [ 500991.949856696126517, 2949804.634507869835943 ], [ 501277.103912582271732, 2949988.6687644966878 ], [ 501281.525029279640876, 2949941.745804097503424 ] ] ] ] } },
{ "type": "Feature", "properties": { "t": "river" }, "geometry": { "type": "MultiPolygon", "coordinates": [ [ [ [ 500242.711599286471028, 2948551.821879046503454 ], [ 500237.762748057721183, 2948491.767809508368373 ], [ 500213.157545717374887, 2948475.06945568555966 ], [ 500242.711599286471028, 2948551.821879046503454 ] ] ], [ [ [ 500636.835746332304552, 2949575.465523317456245 ], [ 500407.821939355810173, 2948924.725629926659167 ], [ 500371.952802881016396, 2948887.475463683251292 ], [ 500636.835746332304552, 2949575.465523317456245 ] ] ] ] } },
{ "type": "Feature", "properties": { "t": "river" }, "geometry": { "type": "MultiPolygon", "coordinates": [ [ [ [ 472562.223938537470531, 2943125.924496582709253 ], [ 472869.97767012991244, 2942715.474245002493262 ], [ 473403.632199874089565, 2942521.815312627702951 ], [ 472899.751465243170969, 2942671.109155072830617 ], [ 472482.745869249745738, 2943203.624039193615317 ], [ 472514.166007778199855, 2943770.437562074046582 ], [ 472562.223938537470531, 2943125.924496582709253 ] ] ], [ [ [ 474308.061746668769047, 2942403.959437956102192 ], [ 474273.037406483665109, 2942347.074478374794126 ], [ 474746.569718446524348, 2941648.376730936113745 ], [ 474742.008843971649185, 2941648.385770406574011 ], [ 474292.771205342607573, 2942258.431368861347437 ], [ 474014.818578351987526, 2942340.759631178807467 ], [ 474308.061746668769047, 2942403.959437956102192 ] ] ], [ [ [ 474751.890602874627803, 2941640.526300298050046 ], [ 474799.187643039564136, 2941570.744797976687551 ], [ 474754.665315322054084, 2941631.199911821633577 ], [ 474751.890602874627803, 2941640.526300298050046 ] ] ], [ [ [ 474215.093370363290887, 2943233.224955868441612 ], [ 474422.871063859085552, 2942590.431796675547957 ], [ 474380.189352004090324, 2942521.107751551549882 ], [ 474215.093370363290887, 2943233.224955868441612 ] ] ], [ [ [ 472540.163127915060613, 2944239.454871272202581 ], [ 472804.496648363070562, 2944687.042587839066982 ], [ 472533.320798566099256, 2944116.008558413013816 ], [ 472540.163127915060613, 2944239.454871272202581 ] ] ], [ [ [ 472565.613090667466167, 2944698.630718963220716 ], [ 472785.203470818873029, 2944975.045741137582809 ], [ 472545.077253596158698, 2944328.114695195108652 ], [ 472565.613090667466167, 2944698.630718963220716 ] ] ] ] } },
{ "type": "Feature", "properties": { "t": "river" }, "geometry": { "type": "MultiPolygon", "coordinates": [ [ [ [ 467357.459263498138171, 2943946.712627972941846 ], [ 467698.490176569554023, 2944953.713714401703328 ], [ 467397.563269234378822, 2944057.364881171379238 ], [ 467501.231287519913167, 2943602.870964280329645 ], [ 467357.459263498138171, 2943946.712627972941846 ] ] ], [ [ [ 467714.831634760485031, 2943547.083560270722955 ], [ 467652.11164507700596, 2943242.051457283552736 ], [ 467619.449748869752511, 2943320.158095235005021 ], [ 467714.831634760485031, 2943547.083560270722955 ] ] ], [ [ [ 468090.417677595454734, 2942460.739786023739725 ], [ 466950.69438532210188, 2940647.268274256028235 ], [ 466632.338608475518413, 2940758.852235048543662 ], [ 466940.822875095997006, 2940680.520249094814062 ], [ 468020.473693781590555, 2942361.235932078678161 ], [ 467722.675661043031141, 2943073.310522604733706 ], [ 468090.417677595454734, 2942460.739786023739725 ] ] ] ] } },
{ "type": "Feature", "properties": { "t": "river" }, "geometry": { "type": "Polygon", "coordinates": [ [ [ 463477.192072926962283, 2944732.541452115867287 ], [ 463536.411479521426372, 2944555.16275754198432 ], [ 463427.260379518324044, 2944677.307043788023293 ], [ 463477.192072926962283, 2944732.541452115867287 ] ] ] } },
{ "type": "Feature", "properties": { "t": "river" }, "geometry": { "type": "Polygon", "coordinates": [ [ [ 463715.058474325342104, 2944366.367860314901918 ], [ 463694.896178200608119, 2944277.820953442249447 ], [ 463685.257275490497705, 2944388.60394470160827 ], [ 463715.058474325342104, 2944366.367860314901918 ] ] ] } },
{ "type": "Feature", "properties": { "t": "river" }, "geometry": { "type": "Polygon", "coordinates": [ [ [ 473838.21406357048545, 2943931.745777625124902 ], [ 474007.970158758747857, 2944186.133110722992569 ], [ 473927.355994410638232, 2943710.054238331969827 ], [ 473838.21406357048545, 2943931.745777625124902 ] ] ] } },
{ "type": "Feature", "properties": { "t": "river" }, "geometry": { "type": "Polygon", "coordinates": [ [ [ 463952.813241742027458, 2943955.897228602319956 ], [ 463922.790969925699756, 2943900.604562934953719 ], [ 463853.419304039562121, 2944011.556752400007099 ], [ 463952.813241742027458, 2943955.897228602319956 ] ] ] } },
{ "type": "Feature", "properties": { "t": "river" }, "geometry": { "type": "Polygon", "coordinates": [ [ [ 474036.321551208617166, 2943444.021270881872624 ], [ 473957.15373138274299, 2943676.766960786655545 ], [ 474215.093370363290887, 2943233.224955868441612 ], [ 474036.321551208617166, 2943444.021270881872624 ] ] ] } },
{ "type": "Feature", "properties": { "t": "river" }, "geometry": { "type": "Polygon", "coordinates": [ [ [ 464150.387590494239703, 2943412.638144519645721 ], [ 464150.138151874532923, 2943324.034603298641741 ], [ 464100.890909590234514, 2943512.457378058694303 ], [ 464150.387590494239703, 2943412.638144519645721 ] ] ] } },
{ "type": "Feature", "properties": { "t": "river" }, "geometry": { "type": "Polygon", "coordinates": [ [ [ 466357.999924297037069, 2942454.121663879137486 ], [ 466367.60531572002219, 2942321.190416152123362 ], [ 466108.651190608739853, 2942288.650213967077434 ], [ 466357.999924297037069, 2942454.121663879137486 ] ] ] } },
{ "type": "Feature", "properties": { "t": "river" }, "geometry": { "type": "Polygon", "coordinates": [ [ [ 469035.965099250199273, 2942336.576285992749035 ], [ 469932.270767296897247, 2942434.108342911116779 ], [ 469145.48483920423314, 2942336.310560724232346 ], [ 468984.64666674961336, 2941705.400108751840889 ], [ 468975.364015901403036, 2941982.309055828489363 ], [ 469035.965099250199273, 2942336.576285992749035 ] ] ] } },
{ "type": "Feature", "properties": { "t": "river" }, "geometry": { "type": "Polygon", "coordinates": [ [ [ 466357.385715230484493, 2942221.538000509608537 ], [ 466176.993549320672173, 2941778.996157263871282 ], [ 466147.741092530661263, 2942011.659044072963297 ], [ 466357.385715230484493, 2942221.538000509608537 ] ] ] } },
{ "type": "Feature", "properties": { "t": "river" }, "geometry": { "type": "Polygon", "coordinates": [ [ [ 464485.26298393815523, 2942115.864198886789382 ], [ 464365.474613875034265, 2942005.443583303131163 ], [ 464405.64152436342556, 2942127.16190564353019 ], [ 464485.26298393815523, 2942115.864198886789382 ] ] ] } },
{ "type": "Feature", "properties": { "t": "river" }, "geometry": { "type": "Polygon", "coordinates": [ [ [ 464543.831152120081242, 2941694.831880792044103 ], [ 464503.972785851161461, 2941683.867345950566232 ], [ 464484.552928669727407, 2941861.129518884699792 ], [ 464543.831152120081242, 2941694.831880792044103 ] ] ] } },
{ "type": "Feature", "properties": { "t": "river" }, "geometry": { "type": "Polygon", "coordinates": [ [ [ 469022.562715583713725, 2940918.95121108321473 ], [ 469192.508581767673604, 2941195.425344865303487 ], [ 469031.201807762030512, 2940376.233827127143741 ], [ 468828.040151700784918, 2941051.006010394543409 ], [ 469022.562715583713725, 2940918.95121108321473 ] ] ] } },
{ "type": "Feature", "properties": { "t": "river" }, "geometry": { "type": "Polygon", "coordinates": [ [ [ 466156.079867870081216, 2941402.485314270481467 ], [ 466196.319540257391054, 2941557.435228736605495 ], [ 466245.195030806818977, 2941213.965864749625325 ], [ 466156.079867870081216, 2941402.485314270481467 ] ] ] } },
{ "type": "Feature", "properties": { "t": "river" }, "geometry": { "type": "Polygon", "coordinates": [ [ [ 469561.61384801834356, 2941482.499946505762637 ], [ 469631.339266050956212, 2941493.409039336256683 ], [ 469581.31636736355722, 2941393.849366530776024 ], [ 469561.61384801834356, 2941482.499946505762637 ] ] ] } },
{ "type": "Feature", "properties": { "t": "river" }, "geometry": { "type": "Polygon", "coordinates": [ [ [ 464362.687213407014497, 2941008.656233345158398 ], [ 464313.179221498954576, 2941108.474214333575219 ], [ 464442.655516480095685, 2941119.187841301318258 ], [ 464362.687213407014497, 2941008.656233345158398 ] ] ] } },
{ "type": "Feature", "properties": { "t": "river" }, "geometry": { "type": "Polygon", "coordinates": [ [ [ 464143.561728165484965, 2940987.119785617571324 ], [ 464093.649754899844993, 2940942.958302285522223 ], [ 463994.575638369482476, 2941120.44576788181439 ], [ 464143.561728165484965, 2940987.119785617571324 ] ] ] } },
{ "type": "Feature", "properties": { "t": "river" }, "geometry": { "type": "Polygon", "coordinates": [ [ [ 466244.667056193051394, 2941014.608733806759119 ], [ 466433.945059550227597, 2941047.335285258013755 ], [ 466552.939417819201481, 2940858.739513819105923 ], [ 466244.667056193051394, 2941014.608733806759119 ] ] ] } },
{ "type": "Feature", "properties": { "t": "river" }, "geometry": { "type": "Polygon", "coordinates": [ [ [ 469510.689545368077233, 2941006.377764019649476 ], [ 469530.313070844626054, 2940884.501047626603395 ], [ 469490.218097840435803, 2940773.842610852327198 ], [ 469510.689545368077233, 2941006.377764019649476 ] ] ] } },
{ "type": "Feature", "properties": { "t": "river" }, "geometry": { "type": "Polygon", "coordinates": [ [ [ 464381.487954310199711, 2940609.885984901804477 ], [ 464430.843976971169468, 2940454.691359158139676 ], [ 464400.78487634670455, 2940388.322343947831541 ], [ 464381.487954310199711, 2940609.885984901804477 ] ] ] } },
{ "type": "Feature", "properties": { "t": "river" }, "geometry": { "type": "Polygon", "coordinates": [ [ [ 472616.531748875975609, 2940600.612297084182501 ], [ 472785.741218685405329, 2940567.023754333145916 ], [ 472775.357804806146305, 2940367.688780001364648 ], [ 472616.531748875975609, 2940600.612297084182501 ] ] ] } },
{ "type": "Feature", "properties": { "t": "river" }, "geometry": { "type": "Polygon", "coordinates": [ [ [ 466472.055904581502546, 2940393.782501561101526 ], [ 466462.18543123168638, 2940427.034847299102694 ], [ 466552.183857268013526, 2940570.779414085671306 ], [ 466472.055904581502546, 2940393.782501561101526 ] ] ] } },
{ "type": "Feature", "properties": { "t": "river" }, "geometry": { "type": "Polygon", "coordinates": [ [ [ 464420.360692765738349, 2940266.437370480038226 ], [ 464260.970666198234539, 2940244.732191090937704 ], [ 464400.78487634670455, 2940388.322343947831541 ], [ 464420.360692765738349, 2940266.437370480038226 ] ] ] } },
{ "type": "Feature", "properties": { "t": "river" }, "geometry": { "type": "MultiPolygon", "coordinates": [ [ [ [ 466025.415481167205144, 2937205.237093518488109 ], [ 466259.072686335071921, 2938932.38455809885636 ], [ 466432.939685291610658, 2939050.70134535105899 ], [ 466464.715862982673571, 2938842.118039560038596 ], [ 466258.809040905209258, 2938832.706274982076138 ], [ 466505.867624521255493, 2938101.076599563471973 ], [ 466317.920345526072197, 2938588.890405242331326 ], [ 466035.464258641470224, 2937238.436616983730346 ], [ 466414.394460815470666, 2937403.565277004614472 ], [ 466243.782211052079219, 2936916.696938474662602 ], [ 466250.464192279847339, 2936865.1258555627428 ], [ 466025.415481167205144, 2937205.237093518488109 ] ] ], [ [ [ 466262.207774532027543, 2940117.449552541598678 ], [ 466462.068891109665856, 2940382.733308393042535 ], [ 466272.136573948664591, 2940106.34782545408234 ], [ 466282.775965955690481, 2940036.496142376679927 ], [ 466262.207774532027543, 2940117.449552541598678 ] ] ] ] } },
{ "type": "Feature", "properties": { "t": "river" }, "geometry": { "type": "Polygon", "coordinates": [ [ [ 469120.312994065170642, 2940165.584504567552358 ], [ 468970.484262593905441, 2939977.665958347264677 ], [ 469011.286063707084395, 2940376.282219547778368 ], [ 469120.312994065170642, 2940165.584504567552358 ] ] ] } },
{ "type": "Feature", "properties": { "t": "river" }, "geometry": { "type": "MultiPolygon", "coordinates": [ [ [ [ 471938.069020481721964, 2937172.145775245968252 ], [ 471880.810881066892762, 2936604.00202576816082 ], [ 472050.580812409578357, 2936802.985585381742567 ], [ 472089.600239663850516, 2936426.338352560531348 ], [ 471700.848469292628579, 2936500.798460775986314 ], [ 471938.069020481721964, 2937172.145775245968252 ] ] ], [ [ [ 472452.951003604277503, 2938629.545672655571252 ], [ 472428.276894666720182, 2939086.189165935385972 ], [ 472711.819411894190125, 2938595.763234392739832 ], [ 472775.357804806146305, 2940367.688780001364648 ], [ 472752.720881576824468, 2939094.067660282365978 ], [ 472932.544192254135851, 2939359.493879532441497 ], [ 472731.501171947398689, 2938484.967450248077512 ], [ 472502.723188554518856, 2938618.362927785608917 ], [ 472248.878328606137075, 2938051.865642873570323 ], [ 472452.951003604277503, 2938629.545672655571252 ] ] ], [ [ [ 472145.7632477596635, 2939339.037098824977875 ], [ 472406.485799852584023, 2940169.124647702090442 ], [ 472295.095018243882805, 2939316.561077536083758 ], [ 472361.883886355499271, 2939201.0315155480057 ], [ 472145.7632477596635, 2939339.037098824977875 ] ] ] ] } },
{ "type": "Feature", "properties": { "t": "river" }, "geometry": { "type": "Polygon", "coordinates": [ [ [ 464191.2334621186601, 2940233.852375142741948 ], [ 464111.070491982856765, 2940056.869999878108501 ], [ 464121.620799295546021, 2940267.274535784497857 ], [ 464191.2334621186601, 2940233.852375142741948 ] ] ] } },
{ "type": "Feature", "properties": { "t": "river" }, "geometry": { "type": "MultiPolygon", "coordinates": [ [ [ [ 468367.446077505534049, 2937741.913150089792907 ], [ 467741.818049198191147, 2938474.456518134102225 ], [ 468218.819359172601253, 2938052.393780285492539 ], [ 468382.619085105019622, 2938076.816066191531718 ], [ 468367.446077505534049, 2937741.913150089792907 ] ] ], [ [ [ 468657.208998777263332, 2938117.761920435354114 ], [ 468707.916720900975633, 2938203.520436600316316 ], [ 468627.057793839077931, 2938007.0819694371894 ], [ 468519.510192309040576, 2938097.228001879528165 ], [ 468657.208998777263332, 2938117.761920435354114 ] ] ], [ [ [ 468500.015085660037585, 2938993.106602152343839 ], [ 468920.585365351638757, 2939933.485770842060447 ], [ 468529.919277320848778, 2939004.108210602309555 ], [ 468827.442818972398527, 2938493.908719203900546 ], [ 468806.38395420712186, 2938442.745243316050619 ], [ 468500.015085660037585, 2938993.106602152343839 ] ] ] ] } },
{ "type": "Feature", "properties": { "t": "river" }, "geometry": { "type": "Polygon", "coordinates": [ [ [ 463781.067042121547274, 2939570.48177290474996 ], [ 463701.587822766858153, 2939637.160636624321342 ], [ 463811.539824182749726, 2939780.829436509869993 ], [ 463781.067042121547274, 2939570.48177290474996 ] ] ] } },
{ "type": "Feature", "properties": { "t": "river" }, "geometry": { "type": "Polygon", "coordinates": [ [ [ 463770.38489101617597, 2939315.776078701484948 ], [ 463830.482846007042099, 2939437.435770195908844 ], [ 463850.305966783198528, 2939404.153132773935795 ], [ 463770.38489101617597, 2939315.776078701484948 ] ] ] } },
{ "type": "Feature", "properties": { "t": "river" }, "geometry": { "type": "Polygon", "coordinates": [ [ [ 463749.932307581126224, 2939127.551083028316498 ], [ 463799.443876330333296, 2939027.731202704366297 ], [ 463759.73386638762895, 2939072.145856051240116 ], [ 463749.932307581126224, 2939127.551083028316498 ] ] ] } },
{ "type": "Feature", "properties": { "t": "river" }, "geometry": { "type": "Polygon", "coordinates": [ [ [ 462991.482058892142959, 2938587.030500116292387 ], [ 463051.205899960710667, 2938575.781918913591653 ], [ 463011.079606429848354, 2938476.218902993947268 ], [ 462991.482058892142959, 2938587.030500116292387 ] ] ] } },
{ "type": "Feature", "properties": { "t": "river" }, "geometry": { "type": "Polygon", "coordinates": [ [ [ 470429.048507704515941, 2937692.668319933116436 ], [ 470359.27736576856114, 2937670.679407299496233 ], [ 470449.609551697038114, 2937969.505254938267171 ], [ 470429.048507704515941, 2937692.668319933116436 ] ] ] } },
{ "type": "Feature", "properties": { "t": "river" }, "geometry": { "type": "Polygon", "coordinates": [ [ [ 466654.597029418451712, 2937845.952307285740972 ], [ 466544.254624552035239, 2937547.204693302046508 ], [ 466545.328838161367457, 2937956.992531965952367 ], [ 466654.597029418451712, 2937845.952307285740972 ] ] ] } },
{ "type": "Feature", "properties": { "t": "river" }, "geometry": { "type": "MultiPolygon", "coordinates": [ [ [ [ 467837.281288256577682, 2936835.055235181003809 ], [ 468476.977989979437552, 2937730.566736361477524 ], [ 468533.312951601401437, 2937146.879645944107324 ], [ 468416.149512705975212, 2937298.776563555467874 ], [ 467886.833798778592609, 2936735.251947575714439 ], [ 467916.521152759087272, 2936657.64956098375842 ], [ 467837.281288256577682, 2936835.055235181003809 ] ] ], [ [ [ 468571.997502429992892, 2935869.667324919253588 ], [ 468183.972181753255427, 2936058.909499092958868 ], [ 468137.399278281838633, 2936163.167265318799764 ], [ 468571.997502429992892, 2935869.667324919253588 ] ] ] ] } },
{ "type": "Feature", "properties": { "t": "river" }, "geometry": { "type": "Polygon", "coordinates": [ [ [ 468951.661326362984255, 2936333.904404668137431 ], [ 468901.020093479251955, 2935990.691016030497849 ], [ 468563.69926537014544, 2936545.285870920866728 ], [ 468951.661326362984255, 2936333.904404668137431 ] ], [ [ 468891.652334285550751, 2936234.372064216062427 ], [ 468881.637251204403583, 2936212.24571353988722 ], [ 468901.559497736510821, 2936212.197182329837233 ], [ 468891.652334285550751, 2936234.372064216062427 ] ] ] } },
{ "type": "Feature", "properties": { "t": "lake" }, "geometry": { "type": "Polygon", "coordinates": [ [ [ 465644.507411375641823, 2936309.147588405758142 ], [ 465664.757143144786824, 2936430.922676479909569 ], [ 465823.77708818874089, 2936297.59112834231928 ], [ 465644.507411375641823, 2936309.147588405758142 ] ] ] } },
{ "type": "Feature", "properties": { "t": "river" }, "geometry": { "type": "Polygon", "coordinates": [ [ [ 471709.980688421404921, 2935928.78316371049732 ], [ 471600.036717660841532, 2935762.897026122547686 ], [ 471697.869979310024064, 2935946.822642149403691 ], [ 471709.980688421404921, 2935928.78316371049732 ] ] ] } },
{ "type": "Feature", "properties": { "t": "river" }, "geometry": { "type": "Polygon", "coordinates": [ [ [ 464318.724748138571158, 2935969.445075173396617 ], [ 464378.801763478550129, 2936080.031613036058843 ], [ 464387.929213763971347, 2935780.969741004053503 ], [ 464318.724748138571158, 2935969.445075173396617 ] ] ] } },
{ "type": "Feature", "properties": { "t": "river" }, "geometry": { "type": "Polygon", "coordinates": [ [ [ 465544.119734762003645, 2936021.457345153670758 ], [ 465533.590555891336408, 2935811.05298640858382 ], [ 465413.963019384071231, 2935778.150142518803477 ], [ 465544.119734762003645, 2936021.457345153670758 ] ] ] } },
{ "type": "Feature", "properties": { "t": "river" }, "geometry": { "type": "Polygon", "coordinates": [ [ [ 463850.290428119245917, 2935882.158965966664255 ], [ 463860.032477927627042, 2935804.603399146813899 ], [ 463740.431794916570652, 2935782.791521173436195 ], [ 463850.290428119245917, 2935882.158965966664255 ] ] ] } },
{ "type": "Feature", "properties": { "t": "river" }, "geometry": { "type": "Polygon", "coordinates": [ [ [ 468920.484515192336403, 2935802.362327990587801 ], [ 468840.711913468607236, 2935769.330583276692778 ], [ 468900.75040554109728, 2935879.937956122681499 ], [ 468920.484515192336403, 2935802.362327990587801 ] ] ] } },
{ "type": "Feature", "properties": { "t": "river" }, "geometry": { "type": "Polygon", "coordinates": [ [ [ 464058.732318686321378, 2935615.76050418894738 ], [ 463789.893918438930996, 2935660.821498725097626 ], [ 463740.431794916570652, 2935782.791521173436195 ], [ 464058.732318686321378, 2935615.76050418894738 ] ] ] } },
{ "type": "Feature", "properties": { "t": "river" }, "geometry": { "type": "Polygon", "coordinates": [ [ [ 464377.25729550095275, 2935526.264862649142742 ], [ 464216.784358391421847, 2935139.07381656114012 ], [ 464387.929213763971347, 2935780.969741004053503 ], [ 464377.25729550095275, 2935526.264862649142742 ] ] ] } },
{ "type": "Feature", "properties": { "t": "river" }, "geometry": { "type": "MultiPolygon", "coordinates": [ [ [ [ 465356.590359306253958, 2932987.307479314506054 ], [ 465501.028639399737585, 2933078.505179048515856 ], [ 465405.054890321742278, 2932903.283607040997595 ], [ 465356.590359306253958, 2932987.307479314506054 ] ] ], [ [ [ 465942.735831049794797, 2932343.362019223161042 ], [ 466183.047209224314429, 2932785.73852760437876 ], [ 466189.444854629808106, 2933250.972060314845294 ], [ 466252.96929607517086, 2932852.005948341917247 ], [ 466532.041628561157268, 2932884.498541701119393 ], [ 466142.928034387296066, 2932686.166473353747278 ], [ 466181.64144613587996, 2932254.125267893541604 ], [ 466461.33692801190773, 2932519.197146685793996 ], [ 466470.836378990439698, 2932341.966651689726859 ], [ 466110.512746067659464, 2931733.77222298597917 ], [ 466142.165676571719814, 2932398.20927574718371 ], [ 465740.378023976285476, 2932257.314853258896619 ], [ 465753.298100172483828, 2932299.566449504345655 ], [ 465522.528222352033481, 2932699.623330736067146 ], [ 465942.735831049794797, 2932343.362019223161042 ] ] ], [ [ [ 465761.750433081411757, 2931734.700893816538155 ], [ 465537.569528797932435, 2931594.122378021944314 ], [ 465712.347324748057872, 2932165.649058683309704 ], [ 465761.750433081411757, 2931734.700893816538155 ] ] ], [ [ [ 466195.383088967355434, 2933682.810360236093402 ], [ 466495.524953658983577, 2934158.261051412206143 ], [ 466192.442432457464747, 2933468.959363169036806 ], [ 466195.383088967355434, 2933682.810360236093402 ] ] ], [ [ [ 465797.302881316514686, 2933849.999927286524326 ], [ 465609.406764152052347, 2934371.04707551188767 ], [ 465625.634226308728103, 2934447.810597330331802 ], [ 466038.710367731691804, 2934713.235885957721621 ], [ 466078.118607931653969, 2934547.000436932314187 ], [ 465708.646286001196131, 2934226.800403523258865 ], [ 465856.755403305694927, 2933728.011851778253913 ], [ 465702.422606409294531, 2933446.212781941983849 ], [ 465797.302881316514686, 2933849.999927286524326 ] ] ], [ [ [ 465770.855364118993748, 2935134.815520185045898 ], [ 465413.963019384071231, 2935778.150142518803477 ], [ 465870.682361442944966, 2935212.076209008228034 ], [ 466076.305020502419211, 2935338.323659135960042 ], [ 466079.971046683436725, 2935244.744979976210743 ], [ 465790.690372319193557, 2935101.536208060570061 ], [ 465671.240338874689769, 2934663.553835758473724 ], [ 465770.855364118993748, 2935134.815520185045898 ] ] ], [ [ [ 465912.037437279883306, 2935776.811123941093683 ], [ 466370.236601558513939, 2935764.521061551291496 ], [ 466061.312586865737103, 2935721.03659467631951 ], [ 466069.959974334924482, 2935500.290712675545365 ], [ 465912.037437279883306, 2935776.811123941093683 ] ] ] ] } },
{ "type": "Feature", "properties": { "t": "river" }, "geometry": { "type": "MultiPolygon", "coordinates": [ [ [ [ 468839.874363695213106, 2935425.996232190635055 ], [ 468489.082980987615883, 2934562.978442614432424 ], [ 468542.28627398487879, 2933771.357920506969094 ], [ 468526.941697280562948, 2933754.384541999548674 ], [ 468547.062328584492207, 2933700.299599495716393 ], [ 468594.805790725513361, 2932990.019243330694735 ], [ 469026.705290025798604, 2932165.721519594080746 ], [ 468682.335960511583835, 2932114.85376633470878 ], [ 468862.313843591779005, 2932369.146727440878749 ], [ 468465.551647680636961, 2933101.090721457265317 ], [ 468479.339129337517079, 2934651.605334061663598 ], [ 468817.953893628204241, 2935451.303883217740804 ], [ 468839.874363695213106, 2935425.996232190635055 ] ] ], [ [ [ 469170.053646079380997, 2931892.162635057698935 ], [ 469049.890283980290405, 2931648.795953075401485 ], [ 469051.028658166120294, 2932119.303054458927363 ], [ 469170.053646079380997, 2931892.162635057698935 ] ] ] ] } },
{ "type": "Feature", "properties": { "t": "river" }, "geometry": { "type": "Polygon", "coordinates": [ [ [ 468870.110456657770555, 2935569.902268187142909 ], [ 468790.688071105338167, 2935680.849759916774929 ], [ 468840.711913468607236, 2935769.330583276692778 ], [ 468870.110456657770555, 2935569.902268187142909 ] ] ] } },
{ "type": "Feature", "properties": { "t": "river" }, "geometry": { "type": "MultiPolygon", "coordinates": [ [ [ [ 471677.125753792352043, 2934588.740558855235577 ], [ 471726.346441828471143, 2933912.030223698355258 ], [ 471586.307108510052785, 2934068.402051261626184 ], [ 471590.340939355664887, 2934566.245213034097105 ], [ 471677.125753792352043, 2934588.740558855235577 ] ] ], [ [ [ 471603.871016569959465, 2933005.133199175354093 ], [ 471224.406660137581639, 2932629.42121521057561 ], [ 471705.911980111035518, 2933478.013096735812724 ], [ 471603.871016569959465, 2933005.133199175354093 ] ] ] ] } },
{ "type": "Feature", "properties": { "t": "river" }, "geometry": { "type": "Polygon", "coordinates": [ [ [ 468878.561184446210973, 2934949.661381240002811 ], [ 468899.321217412711121, 2935292.946997275110334 ], [ 469057.423155713593587, 2934760.945921968203038 ], [ 468878.561184446210973, 2934949.661381240002811 ] ] ] } },
{ "type": "Feature", "properties": { "t": "river" }, "geometry": { "type": "Polygon", "coordinates": [ [ [ 463417.794911790813785, 2934432.509908153675497 ], [ 463187.188649451010861, 2933923.703138043638319 ], [ 463305.398532622493804, 2934697.001358858775347 ], [ 463417.794911790813785, 2934432.509908153675497 ] ] ] } },
{ "type": "Feature", "properties": { "t": "river" }, "geometry": { "type": "Polygon", "coordinates": [ [ [ 466687.41581206821138, 2935154.543457641266286 ], [ 466625.879402651218697, 2934479.105830037500709 ], [ 466535.636931099696085, 2934257.834319605026394 ], [ 466687.41581206821138, 2935154.543457641266286 ] ] ] } },
{ "type": "Feature", "properties": { "t": "river" }, "geometry": { "type": "Polygon", "coordinates": [ [ [ 474795.825391724531073, 2934825.865135616622865 ], [ 474695.69930302008288, 2934571.33116853935644 ], [ 474726.155969075276516, 2934859.228657573461533 ], [ 474795.825391724531073, 2934825.865135616622865 ] ] ] } },
{ "type": "Feature", "properties": { "t": "river" }, "geometry": { "type": "MultiPolygon", "coordinates": [ [ [ [ 470197.789231105998624, 2932487.793455736711621 ], [ 470039.895984781265724, 2933141.606016166973859 ], [ 470090.102176235057414, 2933307.618286163080484 ], [ 470119.164048802806064, 2932953.140101483557373 ], [ 470419.45120390172815, 2933220.772958401124924 ], [ 470197.789231105998624, 2932487.793455736711621 ] ] ], [ [ [ 470429.164440356660634, 2933439.733384049963206 ], [ 470209.430459986266214, 2933207.661789999343455 ], [ 470519.421355354890693, 2933694.257328223902732 ], [ 470550.943830088188406, 2934403.005669049918652 ], [ 470649.602538453007583, 2933981.916186952963471 ], [ 470457.176171377534047, 2933345.528401826974005 ], [ 470429.164440356660634, 2933439.733384049963206 ] ] ] ] } },
{ "type": "Feature", "properties": { "t": "river" }, "geometry": { "type": "Polygon", "coordinates": [ [ [ 472183.133543034666218, 2933635.152088697999716 ], [ 472064.278189326520078, 2933956.595263917464763 ], [ 472263.967984938470181, 2934155.515981092117727 ], [ 472183.133543034666218, 2933635.152088697999716 ] ] ] } },
{ "type": "Feature", "properties": { "t": "river" }, "geometry": { "type": "Polygon", "coordinates": [ [ [ 469262.342764550063293, 2932977.321769682690501 ], [ 469024.557012478006072, 2933531.66223634313792 ], [ 469285.893192138813902, 2932977.265177692752331 ], [ 469262.342764550063293, 2932977.321769682690501 ] ] ] } },
{ "type": "Feature", "properties": { "t": "river" }, "geometry": { "type": "Polygon", "coordinates": [ [ [ 470887.575848900771234, 2933482.98251681169495 ], [ 470946.751219156023581, 2933217.040349245071411 ], [ 470746.646163614699617, 2932852.011342807672918 ], [ 470887.575848900771234, 2933482.98251681169495 ] ] ] } },
{ "type": "Feature", "properties": { "t": "river" }, "geometry": { "type": "Polygon", "coordinates": [ [ [ 466802.644169406790752, 2933492.937719542998821 ], [ 466551.302799711644184, 2932629.71502830227837 ], [ 466532.041628561157268, 2932884.498541701119393 ], [ 466802.644169406790752, 2933492.937719542998821 ] ], [ [ 466601.614217855618335, 2932817.864512730389833 ], [ 466571.809713547292631, 2932851.168453529477119 ], [ 466581.628753808676265, 2932795.766021217685193 ], [ 466601.614217855618335, 2932817.864512730389833 ] ] ] } },
{ "type": "Feature", "properties": { "t": "lake" }, "geometry": { "type": "Polygon", "coordinates": [ [ [ 467320.025846670730971, 2933214.720825580880046 ], [ 467320.39387531200191, 2933358.699455527588725 ], [ 467459.51445812091697, 2933214.365043066907674 ], [ 467320.025846670730971, 2933214.720825580880046 ] ] ] } },
{ "type": "Feature", "properties": { "t": "river" }, "geometry": { "type": "Polygon", "coordinates": [ [ [ 471063.631189063424245, 2932031.717857296578586 ], [ 470684.426848787465133, 2931788.924791706725955 ], [ 471164.54834506008774, 2932596.330141503829509 ], [ 471063.631189063424245, 2932031.717857296578586 ] ] ] } },
{ "type": "Feature", "properties": { "t": "river" }, "geometry": { "type": "Polygon", "coordinates": [ [ [ 471043.827817278332077, 2932087.139148729853332 ], [ 471074.146587719791569, 2932275.350592880975455 ], [ 471073.670693372725509, 2932064.921034281607717 ], [ 471043.827817278332077, 2932087.139148729853332 ] ] ] } },
{ "type": "Feature", "properties": { "t": "river" }, "geometry": { "type": "Polygon", "coordinates": [ [ [ 470534.11669644608628, 2931423.785429496318102 ], [ 470294.446178292157128, 2931202.833804091904312 ], [ 470684.426848787465133, 2931788.924791706725955 ], [ 470534.11669644608628, 2931423.785429496318102 ] ] ] } },
{ "type": "Feature", "properties": { "t": "river" }, "geometry": { "type": "Polygon", "coordinates": [ [ [ 464077.321301757649053, 2931595.340218746103346 ], [ 465132.468942370731384, 2931182.633023336995393 ], [ 464136.923593239102047, 2931528.720813064370304 ], [ 462383.506229072925635, 2931666.66074947360903 ], [ 464077.321301757649053, 2931595.340218746103346 ] ] ] } },
{ "type": "Feature", "properties": { "t": "river" }, "geometry": { "type": "Polygon", "coordinates": [ [ [ 474748.694380767468829, 2931137.891916506458074 ], [ 474659.009040008822922, 2931138.069218621589243 ], [ 474828.676131770364009, 2931270.637309631798416 ], [ 474748.694380767468829, 2931137.891916506458074 ] ] ] } },
{ "type": "Feature", "properties": { "t": "river" }, "geometry": { "type": "Polygon", "coordinates": [ [ [ 470712.926153055159375, 2931179.718534836545587 ], [ 470971.966720440541394, 2931156.977680752053857 ], [ 470682.954929933534004, 2931146.561311139725149 ], [ 470712.926153055159375, 2931179.718534836545587 ] ] ] } },
{ "type": "Feature", "properties": { "t": "river" }, "geometry": { "type": "Polygon", "coordinates": [ [ [ 470683.005680761998519, 2931168.711767316795886 ], [ 470682.954929933534004, 2931146.561311139725149 ], [ 470523.513991703221109, 2931146.927612179424614 ], [ 470683.005680761998519, 2931168.711767316795886 ] ] ] } },
{ "type": "Feature", "properties": { "t": "river" }, "geometry": { "type": "MultiPolygon", "coordinates": [ [ [ [ 439503.59539443696849, 2941963.596565665211529 ], [ 439304.467854150512721, 2942122.334286249708384 ], [ 439388.189467792166397, 2942235.569023692049086 ], [ 439503.59539443696849, 2941963.596565665211529 ] ] ], [ [ [ 440281.119605904154014, 2941488.565905914176255 ], [ 439961.604001514147967, 2941286.320954585913569 ], [ 439980.396919531631283, 2941345.035955753177404 ], [ 439935.9986486841226, 2941424.574688136577606 ], [ 439920.586846849299036, 2941618.340518933720887 ], [ 440281.119605904154014, 2941488.565905914176255 ] ] ], [ [ [ 440109.462035093980376, 2941797.323634483385831 ], [ 440369.331042408477515, 2942006.546904729213566 ], [ 440312.184121445461642, 2942560.609642535913736 ], [ 440553.259118939109612, 2943013.594458710867912 ], [ 440785.041362244694028, 2942987.54889494786039 ], [ 440412.26707580202492, 2942670.900143567007035 ], [ 440469.107208943401929, 2942050.383917554281652 ], [ 440209.292732358677313, 2941852.234303405508399 ], [ 440347.1877144894097, 2941530.387066993396729 ], [ 440284.686757848365232, 2941490.823900033254176 ], [ 440109.462035093980376, 2941797.323634483385831 ] ] ], [ [ [ 440815.849058924533892, 2943197.089605786837637 ], [ 440892.075812088442035, 2943078.472944925073534 ], [ 440848.57695681770565, 2943041.521101220045239 ], [ 440815.849058924533892, 2943197.089605786837637 ] ] ], [ [ [ 440696.152391666022595, 2943766.090249799191952 ], [ 440369.331499274587259, 2944133.122213961090893 ], [ 440080.368407100497279, 2944079.09933458128944 ], [ 439972.375805969466455, 2943583.303884800057858 ], [ 440040.495036158245057, 2944068.211131760850549 ], [ 440329.97770575870527, 2944232.989975494798273 ], [ 440706.67530093138339, 2943887.876328351441771 ], [ 440988.919015042018145, 2944639.72741272719577 ], [ 441638.066438553505577, 2945090.846770633012056 ], [ 441378.229371198976878, 2944870.522664250805974 ], [ 441666.711517448653467, 2944824.893504688050598 ], [ 441058.500383319449611, 2944617.253161961212754 ], [ 440867.711479608959053, 2944263.708574859425426 ], [ 440706.180604691267945, 2943718.417107752524316 ], [ 440696.152391666022595, 2943766.090249799191952 ] ] ] ] } },
{ "type": "Feature", "properties": { "t": "river" }, "geometry": { "type": "Polygon", "coordinates": [ [ [ 442016.336892225313932, 2945089.117609636858106 ], [ 441726.591823581489734, 2944857.84692503977567 ], [ 441728.751069737190846, 2944903.412917277775705 ], [ 442016.336892225313932, 2945089.117609636858106 ] ] ] } },
{ "type": "Feature", "properties": { "t": "river" }, "geometry": { "type": "Polygon", "coordinates": [ [ [ 442572.538371078146156, 2944809.698114579543471 ], [ 442733.059436399256811, 2945085.8721431219019 ], [ 442661.781338492990471, 2944731.764508159831166 ], [ 442135.790687721397262, 2945088.573895052075386 ], [ 442572.538371078146156, 2944809.698114579543471 ] ] ] } },
{ "type": "Feature", "properties": { "t": "river" }, "geometry": { "type": "Polygon", "coordinates": [ [ [ 443730.117415057204198, 2940939.058042579796165 ], [ 444124.101391535601579, 2942222.119793209247291 ], [ 443740.124003409699071, 2940950.089688939042389 ], [ 443847.512068207550328, 2940462.280472975224257 ], [ 443730.117415057204198, 2940939.058042579796165 ] ] ] } },
{ "type": "Feature", "properties": { "t": "river" }, "geometry": { "type": "MultiPolygon", "coordinates": [ [ [ [ 439958.748956970113795, 2941510.059457707218826 ], [ 439945.418142141832504, 2941407.699729940854013 ], [ 439935.433942652307451, 2941425.58635683124885 ], [ 439958.748956970113795, 2941510.059457707218826 ] ] ], [ [ [ 439896.759197987732477, 2941034.088084298651665 ], [ 439876.469330232357606, 2941020.340260443277657 ], [ 439907.660298397298902, 2941117.786860798485577 ], [ 439896.759197987732477, 2941034.088084298651665 ] ] ] ] } },
{ "type": "Feature", "properties": { "t": "river" }, "geometry": { "type": "Polygon", "coordinates": [ [ [ 449902.655859775957651, 2940603.184316263534129 ], [ 449663.010625211405568, 2940437.992769876029342 ], [ 449753.243914562219288, 2940592.696640804875642 ], [ 449902.655859775957651, 2940603.184316263534129 ] ] ] } },
{ "type": "Feature", "properties": { "t": "river" }, "geometry": { "type": "Polygon", "coordinates": [ [ [ 443254.761453835351858, 2939290.869060819968581 ], [ 443407.341159945179243, 2940010.118459478951991 ], [ 443847.512068207550328, 2940462.280472975224257 ], [ 443254.761453835351858, 2939290.869060819968581 ] ] ] } },
{ "type": "Feature", "properties": { "t": "river" }, "geometry": { "type": "Polygon", "coordinates": [ [ [ 449450.1603526409599, 2939497.400541260372847 ], [ 449619.590421453060117, 2939529.957196091301739 ], [ 449597.681417995830998, 2939230.401500066742301 ], [ 449390.627574691199698, 2939553.015107449609786 ], [ 449593.304501144564711, 2940438.268180440645665 ], [ 449450.1603526409599, 2939497.400541260372847 ] ] ] } },
{ "type": "Feature", "properties": { "t": "river" }, "geometry": { "type": "Polygon", "coordinates": [ [ [ 448444.350918372278102, 2937042.623039413709193 ], [ 448594.920771226752549, 2937329.983389678411186 ], [ 449951.235858456115238, 2937756.543968270067126 ], [ 448444.350918372278102, 2937042.623039413709193 ] ] ] } },
{ "type": "Feature", "properties": { "t": "river" }, "geometry": { "type": "Polygon", "coordinates": [ [ [ 414997.611686013871804, 2943479.736662167590111 ], [ 415007.715753160184249, 2943501.822308809962124 ], [ 414989.091597299091518, 2943471.209215353243053 ], [ 415805.757037319766823, 2945235.536676218733191 ], [ 415652.552267528662924, 2944605.188120211008936 ], [ 415642.295267528737895, 2944605.256093117408454 ], [ 415591.857620960450731, 2944505.901581791229546 ], [ 415635.7303159305593, 2944535.97919475985691 ], [ 415539.655591446964536, 2944140.722008480224758 ], [ 414957.269045853696298, 2943402.470202767290175 ], [ 414988.315441450569779, 2943469.532653165515512 ], [ 414997.611686013871804, 2943479.736662167590111 ] ], [ [ 415530.361320464580785, 2944240.472522057127208 ], [ 415490.318295272532851, 2944207.508657894097269 ], [ 415540.169965343025979, 2944218.254365021828562 ], [ 415530.361320464580785, 2944240.472522057127208 ] ] ] } },
{ "type": "Feature", "properties": { "t": "river" }, "geometry": { "type": "Polygon", "coordinates": [ [ [ 421051.517670970177278, 2945135.45271471189335 ], [ 420950.731313252355903, 2944936.703169947024435 ], [ 420982.246709386934526, 2945202.341048658825457 ], [ 421051.517670970177278, 2945135.45271471189335 ] ] ] } },
{ "type": "Feature", "properties": { "t": "river" }, "geometry": { "type": "Polygon", "coordinates": [ [ [ 420948.117279506928753, 2944515.816376502625644 ], [ 420848.56440254295012, 2944516.435025583952665 ], [ 420950.800108303432353, 2944947.779141174163669 ], [ 420948.117279506928753, 2944515.816376502625644 ] ] ] } },
{ "type": "Feature", "properties": { "t": "river" }, "geometry": { "type": "Polygon", "coordinates": [ [ [ 421068.198858824325725, 2944614.75870244204998 ], [ 420966.652531962899957, 2944294.173470210749656 ], [ 420948.117279506928753, 2944515.816376502625644 ], [ 421068.198858824325725, 2944614.75870244204998 ] ] ] } },
{ "type": "Feature", "properties": { "t": "river" }, "geometry": { "type": "MultiPolygon", "coordinates": [ [ [ [ 420634.601060849847272, 2943731.343212638050318 ], [ 420946.672830892901402, 2944283.221137901302427 ], [ 420678.74153896572534, 2943433.34332287684083 ], [ 420634.601060849847272, 2943731.343212638050318 ] ] ], [ [ [ 420899.351505266269669, 2943076.189454035833478 ], [ 420739.704232665593736, 2943021.800086508970708 ], [ 420724.98789373645559, 2943121.143457527272403 ], [ 420899.351505266269669, 2943076.189454035833478 ] ] ] ] } },
{ "type": "Feature", "properties": { "t": "river" }, "geometry": { "type": "MultiPolygon", "coordinates": [ [ [ [ 421212.629106049484108, 2941601.692965751513839 ], [ 421101.478552637563553, 2941650.720747878775001 ], [ 421034.659045027277898, 2941757.80248938081786 ], [ 420967.901425465068314, 2941884.51282046828419 ], [ 421566.45470970927272, 2941655.681063833180815 ], [ 421212.629106049484108, 2941601.692965751513839 ] ] ], [ [ [ 421776.291429948876612, 2941575.467466700356454 ], [ 422092.583092019311152, 2942560.714984477031976 ], [ 421844.500106291496195, 2941331.369820520747453 ], [ 421655.729707345948555, 2941621.553651829250157 ], [ 421776.291429948876612, 2941575.467466700356454 ] ] ], [ [ [ 422212.78511224326212, 2942935.18382096523419 ], [ 422960.728026564989705, 2943130.011648126877844 ], [ 423006.330107332498301, 2943084.369711318518966 ], [ 422191.31213874311652, 2942868.286830478813499 ], [ 422212.78511224326212, 2942935.18382096523419 ] ] ], [ [ [ 423227.946668139193207, 2942862.566604061517864 ], [ 424265.994287093984894, 2943288.327315128408372 ], [ 425087.483800258487463, 2944147.417783686891198 ], [ 424235.796273982850835, 2943233.125494679901749 ], [ 423227.813151653739624, 2942840.414792135823518 ], [ 423049.799656515941024, 2943040.862637132406235 ], [ 423227.946668139193207, 2942862.566604061517864 ] ] ] ] } },
{ "type": "Feature", "properties": { "t": "river" }, "geometry": { "type": "Polygon", "coordinates": [ [ [ 420991.707863515941426, 2943518.671153982169926 ], [ 420938.283370156947058, 2942931.954893345478922 ], [ 420939.039650114194956, 2943053.790281193796545 ], [ 420991.707863515941426, 2943518.671153982169926 ] ] ] } },
{ "type": "Feature", "properties": { "t": "river" }, "geometry": { "type": "Polygon", "coordinates": [ [ [ 420675.89616355614271, 2942368.691264015622437 ], [ 420909.484030168852769, 2941983.588536850176752 ], [ 420907.68446717801271, 2941982.665359036531299 ], [ 420655.913239726331085, 2942357.739333401899785 ], [ 420938.420873439055867, 2942954.106780670583248 ], [ 420675.89616355614271, 2942368.691264015622437 ] ] ] } },
{ "type": "Feature", "properties": { "t": "river" }, "geometry": { "type": "MultiPolygon", "coordinates": [ [ [ [ 492770.698815426439978, 2959659.165187624748796 ], [ 492583.112062493164558, 2960221.154110816307366 ], [ 492185.642506836389657, 2960575.811369717121124 ], [ 491735.577962070063222, 2960154.557062384672463 ], [ 491698.204225622757804, 2960144.174967281986028 ], [ 491693.90260454226518, 2960115.551729901693761 ], [ 491558.908921402005944, 2959989.209321649745107 ], [ 491612.227951139269862, 2960060.096650606486946 ], [ 492045.576462635013741, 2960517.430423065554351 ], [ 492121.114679481077474, 2960571.16558313369751 ], [ 492215.96761559456354, 2960582.411679120734334 ], [ 492321.931574758375064, 2960513.423451682087034 ], [ 492383.478540545969736, 2960462.942659616470337 ], [ 492549.17157520755427, 2960298.74250673269853 ], [ 492610.789117279171478, 2960237.762707022950053 ], [ 492779.902549254416954, 2959717.762833291199058 ], [ 492770.698815426439978, 2959659.165187624748796 ] ] ], [ [ [ 492722.286319686740171, 2959350.945141901727766 ], [ 492531.026916175847873, 2958923.394050142727792 ], [ 492527.252375286188908, 2958846.393725386820734 ], [ 492433.131162506353576, 2958803.572714196518064 ], [ 492769.276490560150705, 2959650.109684679657221 ], [ 492722.286319686740171, 2959350.945141901727766 ] ] ] ] } },
{ "type": "Feature", "properties": { "t": "river" }, "geometry": { "type": "MultiPolygon", "coordinates": [ [ [ [ 446783.188233490043785, 2961349.912784561980516 ], [ 447034.32826237718109, 2961969.117055552080274 ], [ 446832.943132464541122, 2961360.779533975757658 ], [ 447484.999337387213018, 2960372.288098115008324 ], [ 447466.457329803844914, 2960340.46296843001619 ], [ 446941.278959573188331, 2961116.651513060089201 ], [ 447226.727281142899301, 2960428.743078676052392 ], [ 447225.898747522209305, 2960230.141928774304688 ], [ 446634.857902744144667, 2961538.8308066111058 ], [ 446637.896783713775221, 2962258.76182045834139 ], [ 446783.188233490043785, 2961349.912784561980516 ] ] ], [ [ [ 447304.743871335405856, 2960062.909059552941471 ], [ 447777.649728165881243, 2959008.727673239074647 ], [ 447273.769026315130759, 2960124.160570194479078 ], [ 447357.109482346510049, 2960152.784272087272257 ], [ 447304.743871335405856, 2960062.909059552941471 ] ] ] ] } },
{ "type": "Feature", "properties": { "t": "lake" }, "geometry": { "type": "Polygon", "coordinates": [ [ [ 445660.683726217946969, 2961565.132078447844833 ], [ 445681.042589334130753, 2961675.805326074827462 ], [ 445899.516937560867518, 2961619.488245653919876 ], [ 445660.683726217946969, 2961565.132078447844833 ] ] ] } },
{ "type": "Feature", "properties": { "t": "river" }, "geometry": { "type": "MultiPolygon", "coordinates": [ [ [ [ 414236.989197425893508, 2970811.207154121249914 ], [ 414747.935187265917193, 2971439.125309276394546 ], [ 414521.100867808330804, 2971684.355768165551126 ], [ 414636.157665314851329, 2972536.501623648218811 ], [ 414370.668040165677667, 2972937.0757996737957 ], [ 414794.042652349860873, 2972380.354623038321733 ], [ 414652.495855943707284, 2972015.773460945114493 ], [ 415041.331691882107407, 2970750.372768099419773 ], [ 415705.203478424111381, 2970437.345170943066478 ], [ 415723.087795995117631, 2970390.121260676532984 ], [ 415625.407925132487435, 2970436.294128099456429 ], [ 415737.635031676094513, 2970351.709280579350889 ], [ 415788.418399643851444, 2970217.617867088876665 ], [ 415644.684795829700306, 2970347.549781969282776 ], [ 415158.759297817829065, 2970483.73520906502381 ], [ 414851.971566895197611, 2970663.035603223834187 ], [ 414854.855143805441912, 2970694.758980536833405 ], [ 415208.508883613278158, 2970494.477253386750817 ], [ 415119.989281008718535, 2970627.996377087663859 ], [ 414893.207531616673805, 2970884.295740452129394 ], [ 414856.989732397778425, 2970718.242520589847118 ], [ 414884.170865575957578, 2971017.280071664135903 ], [ 414787.147708813019563, 2971361.321318185888231 ], [ 414575.97301874961704, 2970986.135324774775654 ], [ 414286.210914220602717, 2970744.410452609881759 ], [ 414304.874118429783266, 2970590.456778409890831 ], [ 414139.226783924852498, 2971044.489225019235164 ], [ 414158.66924555588048, 2971088.974966290406883 ], [ 414236.989197425893508, 2970811.207154121249914 ] ], [ [ 415456.735213629319333, 2970470.655460251029581 ], [ 415209.626971521356609, 2970660.623609160073102 ], [ 415318.091647770896088, 2970538.047992989886552 ], [ 415456.735213629319333, 2970470.655460251029581 ] ], [ [ 415268.565798230527434, 2970560.534789114259183 ], [ 415367.320079252589494, 2970471.255717495921999 ], [ 415308.082232911663596, 2970527.038346232380718 ], [ 415268.565798230527434, 2970560.534789114259183 ] ], [ [ 415120.287758988153655, 2970672.30208212742582 ], [ 415258.332872430153657, 2970516.295913971029222 ], [ 415228.900529364822432, 2970571.878515956923366 ], [ 415120.287758988153655, 2970672.30208212742582 ] ], [ [ 414640.009490435710177, 2971639.241459349170327 ], [ 414642.036493337422144, 2971938.305620299186558 ], [ 414551.429155672551133, 2971761.688691091258079 ], [ 414640.009490435710177, 2971639.241459349170327 ] ] ], [ [ [ 415528.730937299376819, 2970835.710869435220957 ], [ 415494.788268127886113, 2971699.938798021525145 ], [ 415671.598716437583789, 2971399.676677291747183 ], [ 415529.176536050974391, 2970902.169403208885342 ], [ 415594.77990985265933, 2970728.929790342226624 ], [ 415528.730937299376819, 2970835.710869435220957 ] ] ], [ [ [ 415830.110513777239248, 2970107.533961101900786 ], [ 415850.955233039916493, 2969991.709791290573776 ], [ 415855.306659649999347, 2970041.007087356410921 ], [ 416075.928974149283022, 2969458.519006431568414 ], [ 415915.035253401263617, 2969171.592179082799703 ], [ 416046.416661227645818, 2969503.023070797324181 ], [ 415908.350482024659868, 2969659.019859729334712 ], [ 415860.520873909234069, 2969936.261435942258686 ], [ 415829.531038481742144, 2969759.238016404677182 ], [ 415915.035253398760688, 2969171.592179080471396 ], [ 415884.763215040089563, 2969117.608743296936154 ], [ 415866.537884093413595, 2969349.145941677968949 ], [ 415656.84666094428394, 2969195.470686850138009 ], [ 415566.458145971060731, 2969052.076121316291392 ], [ 415545.918112463667057, 2968952.52166143944487 ], [ 415614.433712625817861, 2968796.98644378175959 ], [ 415765.480208062916063, 2968904.899135540239513 ], [ 415432.311307835974731, 2968310.823497856967151 ], [ 415468.210883772117086, 2969218.887941367924213 ], [ 414402.569443053682335, 2970322.695346009451896 ], [ 414385.979995007161051, 2970368.162471328862011 ], [ 414639.512499455478974, 2970099.549319684505463 ], [ 415232.502807172830217, 2969630.316265777684748 ], [ 415537.243417377700098, 2969140.8869683239609 ], [ 415597.082250704814214, 2969173.716887403279543 ], [ 415786.976764369639568, 2969338.600305321160704 ], [ 415677.311403147527017, 2969283.94892720784992 ], [ 415827.607904584961943, 2969471.251624526455998 ], [ 415793.232130787451752, 2970204.9075743323192 ], [ 415830.110513777239248, 2970107.533961101900786 ] ], [ [ 415556.818775180494413, 2969096.448256479110569 ], [ 415516.554820810211822, 2969019.179748806636781 ], [ 415536.575547680433374, 2969041.19939205236733 ], [ 415556.818775180494413, 2969096.448256479110569 ] ] ] ] } },
{ "type": "Feature", "properties": { "t": "river" }, "geometry": { "type": "Polygon", "coordinates": [ [ [ 415593.757536686840467, 2971643.890473258215934 ], [ 415662.480271950946189, 2971521.58390201209113 ], [ 415494.862588944728486, 2971711.015232572332025 ], [ 415593.757536686840467, 2971643.890473258215934 ] ] ] } },
{ "type": "Feature", "properties": { "t": "river" }, "geometry": { "type": "MultiPolygon", "coordinates": [ [ [ [ 415165.274521888582967, 2966906.135510102845728 ], [ 415056.448236721509602, 2967094.891848994418979 ], [ 415082.289646638557315, 2967178.482401941902936 ], [ 415165.274521888582967, 2966906.135510102845728 ] ] ], [ [ [ 415785.4796917012427, 2966137.395463806577027 ], [ 415743.257567991910037, 2967256.439530537929386 ], [ 415848.064480572356842, 2966580.051896447315812 ], [ 415930.889943074609619, 2967077.958138715941459 ], [ 415409.986298552015796, 2967945.436041275039315 ], [ 415153.024803072737996, 2967407.298689205665141 ], [ 415432.311307835974731, 2968310.823497856967151 ], [ 415764.463896092725918, 2967455.681458256207407 ], [ 416110.504601628752425, 2967187.531119632069021 ], [ 415943.77425096166553, 2966552.396563680376858 ], [ 415867.054512924631126, 2966447.003100633155555 ], [ 415866.24227639765013, 2966325.163206449244171 ], [ 415938.226607711869292, 2966531.26469889190048 ], [ 415712.804439461091533, 2965672.653137473855168 ], [ 415776.169857605418656, 2964741.776334838941693 ], [ 415548.581819925806485, 2964204.35803310573101 ], [ 415115.024917391536292, 2963981.901126924436539 ], [ 415123.476693550008349, 2963760.307702297344804 ], [ 415095.963579474482685, 2964103.87441169237718 ], [ 415727.507086584111676, 2964897.176565153989941 ], [ 415665.552551640896127, 2966038.50458220904693 ], [ 415349.450229406764265, 2966586.703195667359978 ], [ 415785.4796917012427, 2966137.395463806577027 ] ] ] ] } },
{ "type": "Feature", "properties": { "t": "lake" }, "geometry": { "type": "Polygon", "coordinates": [ [ [ 422368.103519751224667, 2968266.220372098963708 ], [ 422337.475172591512091, 2968133.488634682260454 ], [ 422179.307821733120363, 2968267.383983013220131 ], [ 422368.103519751224667, 2968266.220372098963708 ] ] ] } },
{ "type": "Feature", "properties": { "t": "river" }, "geometry": { "type": "MultiPolygon", "coordinates": [ [ [ [ 422240.237377576995641, 2965254.152496767695993 ], [ 421164.681964023271576, 2964917.445285222958773 ], [ 422267.741387062589638, 2965280.746121012140065 ], [ 422240.237377576995641, 2965254.152496767695993 ] ] ], [ [ [ 422552.626985615643207, 2965950.061408071313053 ], [ 422680.808958598878235, 2965783.125817328225821 ], [ 422859.935771728865802, 2965853.380010365974158 ], [ 422338.170917264185846, 2965348.845201395917684 ], [ 422552.626985615643207, 2965950.061408071313053 ] ] ], [ [ [ 425211.1728470979142, 2966775.850451956503093 ], [ 424692.096997090033256, 2966391.256380806677043 ], [ 423453.260793924913742, 2966086.107876516412944 ], [ 425211.1728470979142, 2966775.850451956503093 ] ] ] ] } },
{ "type": "Feature", "properties": { "t": "river" }, "geometry": { "type": "MultiPolygon", "coordinates": [ [ [ [ 420254.263041577185504, 2963981.642800009809434 ], [ 419864.915560870547779, 2963718.265953794121742 ], [ 420264.097529285005294, 2964028.811272117774934 ], [ 420254.263041577185504, 2963981.642800009809434 ] ] ], [ [ [ 420318.934520895825699, 2964778.75658927904442 ], [ 420434.124306165263988, 2964844.351146081928164 ], [ 420278.003970346413553, 2964095.510335671249777 ], [ 420318.934520895825699, 2964778.75658927904442 ] ] ], [ [ [ 420588.273439248441719, 2964932.133703143335879 ], [ 420925.93125074240379, 2964885.708032055292279 ], [ 420475.765585934103001, 2964868.064099612645805 ], [ 420588.273439248441719, 2964932.133703143335879 ] ] ] ] } },
{ "type": "Feature", "properties": { "t": "river" }, "geometry": { "type": "Polygon", "coordinates": [ [ [ 417889.611970559635665, 2964162.94320104829967 ], [ 418330.048687527887523, 2964636.387986077927053 ], [ 417787.040975035692099, 2963676.233100647106767 ], [ 417889.611970559635665, 2964162.94320104829967 ] ] ] } },
{ "type": "Feature", "properties": { "t": "river" }, "geometry": { "type": "Polygon", "coordinates": [ [ [ 414583.330290389887523, 2963265.490265928674489 ], [ 414504.778919418517035, 2963410.020452492404729 ], [ 414516.668008095934056, 2963697.9379773857072 ], [ 414583.330290389887523, 2963265.490265928674489 ] ] ] } },
{ "type": "Feature", "properties": { "t": "river" }, "geometry": { "type": "Polygon", "coordinates": [ [ [ 415331.777715605509002, 2963692.449028063099831 ], [ 415010.855069052893668, 2963273.68432485172525 ], [ 415294.754951278853696, 2962618.245997358113527 ], [ 415286.516810405883007, 2961388.776381349656731 ], [ 415888.789947547891643, 2960753.380067283287644 ], [ 416386.715553739806637, 2959365.486064318101853 ], [ 416852.179012481414247, 2959074.424682131037116 ], [ 416237.706112702318933, 2959388.624924780800939 ], [ 416126.019637149060145, 2959780.034127749502659 ], [ 416161.385392271913588, 2959876.506923770066351 ], [ 416131.188279196270742, 2959821.323325626552105 ], [ 416124.490860216028523, 2959785.391968827694654 ], [ 416103.012411555100698, 2959860.667134190443903 ], [ 416121.538604761881288, 2959865.694272661581635 ], [ 416131.702212062315084, 2959898.85713589983061 ], [ 416092.040643043175805, 2959899.120097967330366 ], [ 415955.88640976609895, 2960376.3242008080706 ], [ 415216.624569813546259, 2961344.937629385385662 ], [ 414944.27869207970798, 2962243.98794159013778 ], [ 414955.338013658998534, 2962410.065750292036682 ], [ 415169.068546000053175, 2961666.48366707097739 ], [ 415263.000726078229491, 2962330.461849507875741 ], [ 414940.450067714205943, 2963152.312963700387627 ], [ 415073.328408891800791, 2963694.183731456287205 ], [ 415331.777715605509002, 2963692.449028063099831 ] ], [ [ 416142.012593643506989, 2959954.172526482492685 ], [ 416112.476512412365992, 2959998.67531333072111 ], [ 416092.369653106783517, 2959965.578400599304587 ], [ 416142.012593643506989, 2959954.172526482492685 ] ], [ [ 415828.986590524553321, 2960731.624367929529399 ], [ 415907.570690563239623, 2960587.103740108199418 ], [ 415898.069776984979399, 2960653.627483575139195 ], [ 415828.986590524553321, 2960731.624367929529399 ] ], [ [ 415195.937485099770129, 2962707.523142274934798 ], [ 415215.448237481992692, 2962652.008182078134269 ], [ 415215.819752080598846, 2962707.38974983477965 ], [ 415195.937485099770129, 2962707.523142274934798 ] ], [ [ 415082.449850253527984, 2963572.277294039726257 ], [ 415192.092254890827462, 2963615.848149300552905 ], [ 415112.494476492342073, 2963605.305879176128656 ], [ 415082.449850253527984, 2963572.277294039726257 ] ] ] } },
{ "type": "Feature", "properties": { "t": "river" }, "geometry": { "type": "MultiPolygon", "coordinates": [ [ [ [ 417101.865433924598619, 2960756.44802204426378 ], [ 417507.685308054671623, 2963129.501576773822308 ], [ 417548.089095788775012, 2962220.632003556471318 ], [ 417369.421765091654379, 2962139.288851268589497 ], [ 417131.62075051345164, 2960745.176307864487171 ], [ 417165.162075047031976, 2960704.698420980479568 ], [ 417101.865433924598619, 2960756.44802204426378 ] ] ], [ [ [ 417417.715480423066765, 2960399.926843369845301 ], [ 417321.498480169742834, 2959370.421141143422574 ], [ 417796.926061782171018, 2959079.330095757264644 ], [ 416891.954834115924314, 2959074.163436490576714 ], [ 417677.598858883953653, 2959080.105676392093301 ], [ 417291.594949513091706, 2959359.539837123360485 ], [ 417382.081883424369153, 2960442.926845037844032 ], [ 417417.715480423066765, 2960399.926843369845301 ] ] ], [ [ [ 418227.044545253156684, 2962543.550788518972695 ], [ 418798.532412252039649, 2963293.082897406537086 ], [ 419592.65221322956495, 2963110.777420311700553 ], [ 419873.310401866678149, 2963474.525443568825722 ], [ 419582.570511204015929, 2963088.688185445498675 ], [ 418778.437621474091429, 2963259.981891392730176 ], [ 418256.86814649758162, 2962543.357874377630651 ], [ 417917.235051481169648, 2962388.706962035503238 ], [ 418227.044545253156684, 2962543.550788518972695 ] ] ], [ [ [ 417525.700678772176616, 2963234.866160862147808 ], [ 417787.040975035692099, 2963676.233100647106767 ], [ 417520.914568144828081, 2963206.873988826293498 ], [ 417525.700678772176616, 2963234.866160862147808 ] ] ] ] } },
{ "type": "Feature", "properties": { "t": "river" }, "geometry": { "type": "Polygon", "coordinates": [ [ [ 424136.759472175617702, 2959970.169347697868943 ], [ 424092.535488503461238, 2959228.307471795473248 ], [ 423684.176053817325737, 2959119.998062423430383 ], [ 424073.97716029023286, 2959449.949216702021658 ], [ 424057.015141615702305, 2959937.418165330309421 ], [ 425186.15696020971518, 2960872.194190375972539 ], [ 424136.759472175617702, 2959970.169347697868943 ] ] ] } },
{ "type": "Feature", "properties": { "t": "river" }, "geometry": { "type": "Polygon", "coordinates": [ [ [ 477045.07902006583754, 2944667.612611138261855 ], [ 477571.39720657170983, 2943946.772581148892641 ], [ 477035.10457173344912, 2944656.555184890516102 ], [ 476388.659589573100675, 2944978.92537410184741 ], [ 477045.07902006583754, 2944667.612611138261855 ] ] ] } },
{ "type": "Feature", "properties": { "t": "river" }, "geometry": { "type": "Polygon", "coordinates": [ [ [ 477443.807199601142202, 2944977.011453491169959 ], [ 477333.521799835958518, 2944534.190664184745401 ], [ 477194.951673929288518, 2944977.45496632065624 ], [ 477443.807199601142202, 2944977.011453491169959 ] ] ] } },
{ "type": "Feature", "properties": { "t": "lake" }, "geometry": { "type": "Polygon", "coordinates": [ [ [ 485077.696735797973815, 2944124.042730421293527 ], [ 485226.839589729672298, 2943968.813766960985959 ], [ 485147.044753170281183, 2943836.002332004718482 ], [ 485077.696735797973815, 2944124.042730421293527 ] ] ] } },
{ "type": "Feature", "properties": { "t": "lake" }, "geometry": { "type": "Polygon", "coordinates": [ [ [ 484032.29816175007727, 2944014.557404207065701 ], [ 484241.379356341902167, 2944036.447607689537108 ], [ 484201.284787675132975, 2943814.990064829122275 ], [ 484032.29816175007727, 2944014.557404207065701 ] ] ] } },
{ "type": "Feature", "properties": { "t": "river" }, "geometry": { "type": "Polygon", "coordinates": [ [ [ 477650.804108754266053, 2943813.728093033656478 ], [ 477462.068386247148737, 2944046.644316062796861 ], [ 477571.377695196366403, 2943935.697210296057165 ], [ 477650.804108754266053, 2943813.728093033656478 ] ] ] } },
{ "type": "Feature", "properties": { "t": "river" }, "geometry": { "type": "Polygon", "coordinates": [ [ [ 477689.848412323393859, 2943370.643639486748725 ], [ 477630.601978649559896, 2943647.632543999701738 ], [ 477640.635034062201157, 2943691.916525022592396 ], [ 477689.848412323393859, 2943370.643639486748725 ] ] ] } },
{ "type": "Feature", "properties": { "t": "river" }, "geometry": { "type": "Polygon", "coordinates": [ [ [ 477439.823647208802868, 2942728.71130145015195 ], [ 477609.38679302087985, 2942905.618329141288996 ], [ 477529.251608096412383, 2942628.874732314608991 ], [ 477439.823647208802868, 2942728.71130145015195 ] ] ] } },
{ "type": "Feature", "properties": { "t": "river" }, "geometry": { "type": "Polygon", "coordinates": [ [ [ 485702.776062619523145, 2942273.742938954383135 ], [ 485851.53017818677472, 2941741.961197136901319 ], [ 485628.147029656218365, 2942337.138448070734739 ], [ 485702.776062619523145, 2942273.742938954383135 ] ] ] } },
{ "type": "Feature", "properties": { "t": "river" }, "geometry": { "type": "Polygon", "coordinates": [ [ [ 477309.527914479840547, 2942241.625727876089513 ], [ 477439.235184734396171, 2942396.45073848683387 ], [ 477349.432119724864606, 2942285.856251580640674 ], [ 477309.527914479840547, 2942241.625727876089513 ] ] ] } },
{ "type": "Feature", "properties": { "t": "river" }, "geometry": { "type": "Polygon", "coordinates": [ [ [ 477398.722558308800217, 2942008.88417736813426 ], [ 477309.389834523550235, 2942164.098294329363853 ], [ 477299.512351025012322, 2942208.417420702520758 ], [ 477398.722558308800217, 2942008.88417736813426 ] ] ] } },
{ "type": "Feature", "properties": { "t": "river" }, "geometry": { "type": "Polygon", "coordinates": [ [ [ 486398.002786718076095, 2940667.060818274971098 ], [ 486387.725944982143119, 2940368.038608252070844 ], [ 486075.978136668098159, 2940760.874453818425536 ], [ 486398.002786718076095, 2940667.060818274971098 ] ] ] } },
{ "type": "Feature", "properties": { "t": "river" }, "geometry": { "type": "Polygon", "coordinates": [ [ [ 475794.077953229076229, 2941147.951594227924943 ], [ 475942.014957550389227, 2940394.546089973766357 ], [ 475709.821237264026422, 2941196.503778877668083 ], [ 475794.077953229076229, 2941147.951594227924943 ] ] ] } },
{ "type": "Feature", "properties": { "t": "river" }, "geometry": { "type": "Polygon", "coordinates": [ [ [ 477556.934866234252695, 2941388.383574164938182 ], [ 477646.878351158869918, 2941576.50678693735972 ], [ 477835.538941613922361, 2941277.14231655979529 ], [ 477696.468900020990986, 2941465.66619292460382 ], [ 477556.934866234252695, 2941388.383574164938182 ] ] ] } },
{ "type": "Feature", "properties": { "t": "river" }, "geometry": { "type": "Polygon", "coordinates": [ [ [ 477226.849179614917375, 2940547.241328557953238 ], [ 477306.392361050588079, 2940480.64732907153666 ], [ 477296.217669534264132, 2940358.836509019136429 ], [ 477226.849179614917375, 2940547.241328557953238 ] ] ] } },
{ "type": "Feature", "properties": { "t": "river" }, "geometry": { "type": "Polygon", "coordinates": [ [ [ 476418.863300475466531, 2939784.510372874792665 ], [ 476160.134238031809218, 2939884.66966448398307 ], [ 475922.036585402034689, 2940361.357701060827821 ], [ 476418.863300475466531, 2939784.510372874792665 ] ] ] } },
{ "type": "Feature", "properties": { "t": "river" }, "geometry": { "type": "MultiPolygon", "coordinates": [ [ [ [ 480766.33958432363579, 2936930.859008519910276 ], [ 480678.499550423817709, 2936806.948471155948937 ], [ 480716.436765667749569, 2936864.48258542874828 ], [ 480389.304407839546911, 2937883.907824172172695 ], [ 480447.778917099465616, 2937977.759013177827001 ], [ 480766.33958432363579, 2936930.859008519910276 ] ] ], [ [ [ 480894.185455511382315, 2935834.214767467230558 ], [ 480734.703713400987908, 2935768.002724919002503 ], [ 480526.747285436838865, 2936576.813162499573082 ], [ 480550.427446355752181, 2936612.723929650150239 ], [ 480894.185455511382315, 2935834.214767467230558 ] ] ], [ [ [ 480539.832347652758472, 2938625.72277142200619 ], [ 480784.516653914761264, 2938813.941307520028204 ], [ 480628.576301200897433, 2938448.823258141521364 ], [ 480539.832347652758472, 2938625.72277142200619 ] ] ], [ [ [ 481453.606478458445054, 2939328.677723301574588 ], [ 481456.961089470540173, 2939233.498723843600601 ], [ 480835.072628412162885, 2938852.83176386822015 ], [ 481453.606478458445054, 2939328.677723301574588 ] ] ], [ [ [ 481387.945276973186992, 2939709.837820588611066 ], [ 481747.36422898049932, 2940351.686954054515809 ], [ 481437.833588748879265, 2939776.217022098135203 ], [ 481445.39155053574359, 2939561.763295267242938 ], [ 481387.945276973186992, 2939709.837820588611066 ] ] ] ] } },
{ "type": "Feature", "properties": { "t": "river" }, "geometry": { "type": "MultiPolygon", "coordinates": [ [ [ [ 486415.711963665904477, 2938595.962634420953691 ], [ 486388.00399270496564, 2938527.436566289979964 ], [ 486176.883958229271229, 2938773.423615702893585 ], [ 486199.142818479216658, 2938827.266256775707006 ], [ 486415.711963665904477, 2938595.962634420953691 ] ] ], [ [ [ 486553.65834940172499, 2937189.257805284112692 ], [ 486265.895286560582463, 2938197.413178890012205 ], [ 486290.192831668013241, 2938257.501489846967161 ], [ 486553.65834940172499, 2937189.257805284112692 ] ] ], [ [ [ 486506.375516721920576, 2939570.491259851958603 ], [ 486437.491297164175194, 2940345.834970029536635 ], [ 486566.172616293828469, 2939614.729287626687437 ], [ 486346.288681897160131, 2939183.214313717093319 ], [ 486506.375516721920576, 2939570.491259851958603 ] ] ] ] } },
{ "type": "Feature", "properties": { "t": "river" }, "geometry": { "type": "Polygon", "coordinates": [ [ [ 479434.007481234439183, 2938405.951148332096636 ], [ 479393.579880331759341, 2938040.531098222360015 ], [ 479394.009126452205237, 2938306.337863438762724 ], [ 479434.007481234439183, 2938405.951148332096636 ] ] ] } },
{ "type": "Feature", "properties": { "t": "river" }, "geometry": { "type": "Polygon", "coordinates": [ [ [ 486473.847147807886358, 2937067.514320690650493 ], [ 486403.416978300781921, 2936403.074155018664896 ], [ 486393.656454237934668, 2936393.791865969076753 ], [ 486473.847147807886358, 2937067.514320690650493 ] ] ] } },
{ "type": "Feature", "properties": { "t": "river" }, "geometry": { "type": "Polygon", "coordinates": [ [ [ 484401.57761461037444, 2936649.018290961161256 ], [ 484630.700219177058898, 2936670.890943578910083 ], [ 484690.344752471952233, 2936571.141975920181721 ], [ 484401.57761461037444, 2936649.018290961161256 ] ] ] } },
{ "type": "Feature", "properties": { "t": "river" }, "geometry": { "type": "MultiPolygon", "coordinates": [ [ [ [ 481670.868204815662466, 2935622.646563317626715 ], [ 481490.999445851077326, 2935235.271900260355324 ], [ 481648.525481758464593, 2934981.489959355443716 ], [ 481620.104616567434277, 2934958.204179129563272 ], [ 481341.861062061332632, 2935302.396993736736476 ], [ 481670.868204815662466, 2935622.646563317626715 ] ] ], [ [ [ 481869.438110842078459, 2935157.202436626888812 ], [ 482496.929481145285536, 2935078.800588300451636 ], [ 482613.639234483591281, 2934892.513364950660616 ], [ 482457.005738859064877, 2935023.479111980646849 ], [ 481857.42831874958938, 2935144.554024055600166 ], [ 481869.438110842078459, 2935157.202436626888812 ] ] ], [ [ [ 483003.912295633228496, 2934269.623657709918916 ], [ 482715.162977149768267, 2934391.838521380443126 ], [ 482759.376465185545385, 2934659.902941923588514 ], [ 483003.912295633228496, 2934269.623657709918916 ] ] ] ] } },
{ "type": "Feature", "properties": { "t": "river" }, "geometry": { "type": "Polygon", "coordinates": [ [ [ 485405.987656889250502, 2935230.199564094655216 ], [ 485545.966623377171345, 2935684.125092564616352 ], [ 485705.41166409838479, 2935739.321847607847303 ], [ 485405.987656889250502, 2935230.199564094655216 ] ] ] } },
{ "type": "Feature", "properties": { "t": "river" }, "geometry": { "type": "Polygon", "coordinates": [ [ [ 485415.860949155816343, 2935152.661659004166722 ], [ 486073.560761889559217, 2935351.281918701250106 ], [ 487288.987105471489485, 2935449.691742480266839 ], [ 485415.860949155816343, 2935152.661659004166722 ] ] ] } },
{ "type": "Feature", "properties": { "t": "river" }, "geometry": { "type": "Polygon", "coordinates": [ [ [ 475334.808523537067231, 2935356.427638627123088 ], [ 475424.506853976752609, 2935378.405364871025085 ], [ 475274.973735079925973, 2935323.317401471082121 ], [ 475334.808523537067231, 2935356.427638627123088 ] ] ] } },
{ "type": "Feature", "properties": { "t": "river" }, "geometry": { "type": "Polygon", "coordinates": [ [ [ 475244.787956480751745, 2935168.32163800438866 ], [ 475354.176494712824933, 2935068.432449617888778 ], [ 475284.464122508652508, 2935079.642420683521777 ], [ 475244.787956480751745, 2935168.32163800438866 ] ] ] } },
{ "type": "Feature", "properties": { "t": "river" }, "geometry": { "type": "Polygon", "coordinates": [ [ [ 483761.71376158692874, 2934778.098990645259619 ], [ 483143.315016136912163, 2934214.062865849584341 ], [ 483692.00694682559697, 2934800.338241851422936 ], [ 485366.089724730467424, 2935185.944272201042622 ], [ 483761.71376158692874, 2934778.098990645259619 ] ] ] } },
{ "type": "Feature", "properties": { "t": "river" }, "geometry": { "type": "MultiPolygon", "coordinates": [ [ [ [ 484963.513640031858813, 2931697.720438484102488 ], [ 484404.810265386244282, 2931133.554895295295864 ], [ 484913.703945581277367, 2931708.854267653077841 ], [ 484665.758885886054486, 2932683.766195645090193 ], [ 485553.774504698289093, 2933779.177440876606852 ], [ 485652.325023082492407, 2934614.595213156193495 ], [ 485674.223499811836518, 2934576.457527301739901 ], [ 485613.464811477228068, 2933701.583639306016266 ], [ 484894.886662459990475, 2932650.267894218675792 ], [ 484715.591042597137857, 2932694.781738763675094 ], [ 484970.433076325512957, 2931688.276146159507334 ], [ 484963.513640031858813, 2931697.720438484102488 ] ] ], [ [ [ 485175.707530052924994, 2931656.908616066910326 ], [ 485146.407704721437767, 2931448.095563724637032 ], [ 485028.289342649513856, 2931609.309215138666332 ], [ 485175.707530052924994, 2931656.908616066910326 ] ] ], [ [ [ 485333.218025967886206, 2932583.306468190159649 ], [ 485572.526258568512276, 2932647.71719377906993 ], [ 485781.517805199546274, 2932516.349011530634016 ], [ 485323.547831382951699, 2932496.090005204081535 ], [ 485333.218025967886206, 2932583.306468190159649 ] ] ] ] } },
{ "type": "Feature", "properties": { "t": "river" }, "geometry": { "type": "Polygon", "coordinates": [ [ [ 475234.096141257905401, 2934791.782227349467576 ], [ 475213.828027699317317, 2934614.616819788236171 ], [ 475173.311715312476736, 2934271.361453919205815 ], [ 475147.439091130974703, 2934294.461420296225697 ], [ 475234.096141257905401, 2934791.782227349467576 ] ] ] } },
{ "type": "Feature", "properties": { "t": "river" }, "geometry": { "type": "Polygon", "coordinates": [ [ [ 483103.406057030078955, 2934169.814642520621419 ], [ 483063.584882688475773, 2934192.017813803162426 ], [ 483143.431881568976678, 2934302.66456677718088 ], [ 483103.406057030078955, 2934169.814642520621419 ] ] ] } },
{ "type": "Feature", "properties": { "t": "river" }, "geometry": { "type": "MultiPolygon", "coordinates": [ [ [ [ 479942.609135617152788, 2932490.948000132106245 ], [ 478985.869132054154761, 2932370.65673413220793 ], [ 481151.86770536302356, 2933160.621596117503941 ], [ 479942.609135617152788, 2932490.948000132106245 ] ] ], [ [ [ 482612.522990025405306, 2933693.601863831281662 ], [ 482534.764197656477336, 2933605.742340006865561 ], [ 482041.398816161206923, 2933485.178510637953877 ], [ 482612.522990025405306, 2933693.601863831281662 ] ] ] ] } },
{ "type": "Feature", "properties": { "t": "river" }, "geometry": { "type": "MultiPolygon", "coordinates": [ [ [ [ 476026.564278127392754, 2932386.936766869388521 ], [ 475499.190639578097034, 2932764.49510501883924 ], [ 475499.287095822393894, 2932814.837034084834158 ], [ 476026.564278127392754, 2932386.936766869388521 ] ] ], [ [ [ 475500.506435494404286, 2933451.159293557982892 ], [ 475221.879427877778653, 2933628.900743601843715 ], [ 475143.186986347427592, 2934149.591843143571168 ], [ 475540.232218064484186, 2933384.631582723464817 ], [ 475499.671650022966787, 2933015.53355645481497 ], [ 475500.506435494404286, 2933451.159293557982892 ] ] ] ] } },
{ "type": "Feature", "properties": { "t": "river" }, "geometry": { "type": "Polygon", "coordinates": [ [ [ 483173.027826733654365, 2934081.120947898365557 ], [ 483143.022866914630868, 2933992.558656986337155 ], [ 483143.183546448650304, 2934114.385964178480208 ], [ 483173.027826733654365, 2934081.120947898365557 ] ] ] } },
{ "type": "Feature", "properties": { "t": "river" }, "geometry": { "type": "Polygon", "coordinates": [ [ [ 483212.514972574019339, 2933804.188344261609018 ], [ 483142.599286975862924, 2933671.377664401195943 ], [ 483142.979046300402842, 2933959.333031011279672 ], [ 483212.514972574019339, 2933804.188344261609018 ] ] ] } },
{ "type": "Feature", "properties": { "t": "river" }, "geometry": { "type": "Polygon", "coordinates": [ [ [ 482772.400693119270727, 2932508.973372648935765 ], [ 482930.522980122012086, 2931534.143592058680952 ], [ 482752.532584513246547, 2932553.300992011092603 ], [ 483142.628498000907712, 2933693.528073493856937 ], [ 482772.400693119270727, 2932508.973372648935765 ] ] ] } },
{ "type": "Feature", "properties": { "t": "river" }, "geometry": { "type": "Polygon", "coordinates": [ [ [ 487286.056962098751683, 2932503.689572353381664 ], [ 486657.302108190313447, 2931518.638882275205106 ], [ 486716.699283083435148, 2931142.021209307014942 ], [ 486108.883692605188116, 2931186.967321327887475 ], [ 486897.804678792716004, 2932836.337162563577294 ], [ 487286.651581876154523, 2933101.749274666886777 ], [ 487286.056962098751683, 2932503.689572353381664 ] ], [ [ 486358.408797776617575, 2931563.254802123177797 ], [ 486308.597396049590316, 2931574.383190465159714 ], [ 486318.455444524995983, 2931474.69605087582022 ], [ 486358.408797776617575, 2931563.254802123177797 ] ] ] } },
{ "type": "Feature", "properties": { "t": "river" }, "geometry": { "type": "Polygon", "coordinates": [ [ [ 476485.053398308111355, 2932463.612316614482552 ], [ 476544.898301657987759, 2932496.728176753036678 ], [ 476375.081208009796683, 2932264.460460172966123 ], [ 476485.053398308111355, 2932463.612316614482552 ] ] ] } },
{ "type": "Feature", "properties": { "t": "river" }, "geometry": { "type": "Polygon", "coordinates": [ [ [ 478985.960120591742452, 2932426.032747465651482 ], [ 478507.520083318115212, 2932327.150708701927215 ], [ 478427.882087135512847, 2932371.585728993173689 ], [ 478985.960120591742452, 2932426.032747465651482 ] ] ] } },
{ "type": "Feature", "properties": { "t": "river" }, "geometry": { "type": "Polygon", "coordinates": [ [ [ 476215.778371653577778, 2932331.207221651915461 ], [ 476295.039587794744875, 2932087.404560647904873 ], [ 476026.564278127392754, 2932386.936766869388521 ], [ 476215.778371653577778, 2932331.207221651915461 ] ] ] } },
{ "type": "Feature", "properties": { "t": "river" }, "geometry": { "type": "Polygon", "coordinates": [ [ [ 475398.210816645354498, 2932066.947560839354992 ], [ 475388.885852761275601, 2932399.223244524095207 ], [ 475477.606812304060441, 2931900.666290182620287 ], [ 475398.210816645354498, 2932066.947560839354992 ] ] ] } },
{ "type": "Feature", "properties": { "t": "river" }, "geometry": { "type": "Polygon", "coordinates": [ [ [ 475965.926700078183785, 2931932.965228082146496 ], [ 474958.263618914352264, 2931292.533527492079884 ], [ 476005.908992690092418, 2931999.341664059553295 ], [ 478298.349362543260213, 2932371.804870212450624 ], [ 475965.926700078183785, 2931932.965228082146496 ] ] ] } },
{ "type": "Feature", "properties": { "t": "lake" }, "geometry": { "type": "Polygon", "coordinates": [ [ [ 474869.819459760678001, 2931923.996399424504489 ], [ 474969.442031845916063, 2931912.725814225617796 ], [ 474929.237010405398905, 2931735.600448727142066 ], [ 474869.819459760678001, 2931923.996399424504489 ] ] ] } },
{ "type": "Feature", "properties": { "t": "river" }, "geometry": { "type": "Polygon", "coordinates": [ [ [ 476014.897410543169826, 2931478.788242008071393 ], [ 476084.609355744731147, 2931456.507257658988237 ], [ 476064.078951711824629, 2931135.363707179203629 ], [ 476014.897410543169826, 2931478.788242008071393 ] ] ] } },
{ "type": "Feature", "properties": { "t": "river" }, "geometry": { "type": "Polygon", "coordinates": [ [ [ 482920.188676358258817, 2931257.277559147682041 ], [ 483059.711966022790875, 2931268.167263119947165 ], [ 483049.55634180927882, 2931124.20324996765703 ], [ 482920.188676358258817, 2931257.277559147682041 ] ] ] } },
{ "type": "Feature", "properties": { "t": "river" }, "geometry": { "type": "MultiPolygon", "coordinates": [ [ [ [ 450510.688661435735412, 2940755.869071564637125 ], [ 450071.549511836725287, 2940502.840457441750914 ], [ 450589.013929711421952, 2940992.334274036809802 ], [ 450510.688661435735412, 2940755.869071564637125 ] ] ], [ [ [ 450692.627687197353225, 2941452.932734909001738 ], [ 451493.125844700669404, 2942479.900093916803598 ], [ 451273.563450659916271, 2942757.830594275612384 ], [ 451404.278792500670534, 2942679.601364243309945 ], [ 451523.163634636963252, 2942524.088549837004393 ], [ 451472.580199907184578, 2942313.842859613709152 ], [ 451693.818671009794343, 2942547.462606040295213 ], [ 451712.292566691467073, 2942512.294524872209877 ], [ 450752.499358085624408, 2941485.928321066312492 ], [ 450695.963287541118916, 2941315.230581513606012 ], [ 450692.627687197353225, 2941452.932734909001738 ] ] ], [ [ [ 451603.23534606146859, 2942634.541081616654992 ], [ 451603.557356181729119, 2942719.293046646751463 ], [ 451679.529177465592511, 2942574.665149457752705 ], [ 451603.23534606146859, 2942634.541081616654992 ] ] ], [ [ [ 451326.575860936543904, 2943189.380657200235873 ], [ 451191.779063446854707, 2943031.283425695262849 ], [ 451264.008664367604069, 2945050.342034887056798 ], [ 451257.605592776089907, 2943377.931600371841341 ], [ 451361.87036053056363, 2943179.419241078197956 ], [ 451326.575860936543904, 2943189.380657200235873 ] ] ], [ [ [ 451246.297041109763086, 2942792.346595083829015 ], [ 451185.962965898681432, 2942868.723180853761733 ], [ 451188.646087672328576, 2942943.716227649711072 ], [ 451246.297041109763086, 2942792.346595083829015 ] ] ] ] } },
{ "type": "Feature", "properties": { "t": "river" }, "geometry": { "type": "MultiPolygon", "coordinates": [ [ [ [ 453512.647293600952253, 2944753.960962403565645 ], [ 453801.853249067266006, 2944896.891955848783255 ], [ 453466.779906167183071, 2944604.72798965126276 ], [ 453324.566042829479557, 2945042.617636787705123 ], [ 453512.647293600952253, 2944753.960962403565645 ] ] ], [ [ [ 453571.849667865782976, 2944609.760796662420034 ], [ 453767.726160209916998, 2943722.992857553996146 ], [ 453757.104126051825006, 2943710.895377839915454 ], [ 453474.409159700910095, 2944581.237745577935129 ], [ 453571.849667865782976, 2944609.760796662420034 ] ] ], [ [ [ 453445.509501777298283, 2942727.355827583931386 ], [ 454030.086722094041761, 2941938.861031023785472 ], [ 454106.510434359428473, 2941041.458382848184556 ], [ 453869.69543507770868, 2941640.398117292206734 ], [ 454019.93009136186447, 2941883.519423525314778 ], [ 453405.806311543448828, 2942760.72801835462451 ], [ 453446.004267268581316, 2942862.723351406864822 ], [ 453445.509501777298283, 2942727.355827583931386 ] ] ] ] } },
{ "type": "Feature", "properties": { "t": "river" }, "geometry": { "type": "Polygon", "coordinates": [ [ [ 454913.106635350501165, 2943862.869098707102239 ], [ 454194.254566424526274, 2943289.500101628247648 ], [ 454891.072736812522635, 2943950.785367023665458 ], [ 454913.106635350501165, 2943862.869098707102239 ] ] ] } },
{ "type": "Feature", "properties": { "t": "river" }, "geometry": { "type": "Polygon", "coordinates": [ [ [ 458540.394368707144167, 2944947.026888631749898 ], [ 458271.444162177038379, 2944892.527756967116147 ], [ 458530.692609494086355, 2945024.587889309972525 ], [ 458540.394368707144167, 2944947.026888631749898 ] ] ] } },
{ "type": "Feature", "properties": { "t": "river" }, "geometry": { "type": "Polygon", "coordinates": [ [ [ 460888.369693154934794, 2944529.797458946704865 ], [ 460969.467780661594588, 2945005.798923494294286 ], [ 460998.108905422384851, 2944606.989841588307172 ], [ 460427.286478754947893, 2943512.268563988618553 ], [ 460773.306806317006703, 2942724.832443816587329 ], [ 460252.168392058112659, 2941629.96719234297052 ], [ 460608.154622207686771, 2940831.422484438866377 ], [ 460212.202192636555992, 2941585.78969182819128 ], [ 460753.39458985067904, 2942724.89378150459379 ], [ 460377.40560939325951, 2943479.19693671958521 ], [ 460868.460301399289165, 2944529.858651482965797 ], [ 460720.643875032197684, 2945017.640089430380613 ], [ 460888.369693154934794, 2944529.797458946704865 ] ] ] } },
{ "type": "Feature", "properties": { "t": "river" }, "geometry": { "type": "Polygon", "coordinates": [ [ [ 460908.279084622045048, 2944529.736297553870827 ], [ 460760.461137877719011, 2945017.517254239413887 ], [ 460903.840410712524317, 2944785.500631507951766 ], [ 460908.279084622045048, 2944529.736297553870827 ] ] ] } },
{ "type": "Feature", "properties": { "t": "river" }, "geometry": { "type": "MultiPolygon", "coordinates": [ [ [ [ 454168.6850841093692, 2941716.848785062786192 ], [ 454339.064798773091752, 2942026.355195468757302 ], [ 454222.011945457197726, 2942702.39013833552599 ], [ 454461.173492483503651, 2942235.176184774376452 ], [ 454168.6850841093692, 2941716.848785062786192 ] ] ], [ [ [ 454760.000346277956851, 2942800.148882914800197 ], [ 454909.911417488008738, 2942812.441746483556926 ], [ 454779.912569601263385, 2942800.078174076974392 ], [ 454691.013122696778737, 2942642.51571276364848 ], [ 454760.000346277956851, 2942800.148882914800197 ] ] ], [ [ [ 456495.048927509866189, 2943580.474327601026744 ], [ 456580.290088882495183, 2943782.781847736798227 ], [ 456524.953190612199251, 2943591.447827136609703 ], [ 456014.890499732049648, 2942917.585544912610203 ], [ 455808.653369680803735, 2942897.953739915043116 ], [ 456495.048927509866189, 2943580.474327601026744 ] ] ], [ [ [ 456466.507905515609309, 2943968.219277024734765 ], [ 456746.82042929896852, 2944358.615791831165552 ], [ 456613.104841084626969, 2943896.245574626140296 ], [ 456466.507905515609309, 2943968.219277024734765 ] ] ], [ [ [ 456926.619765531737357, 2944609.041434578131884 ], [ 457773.795656542060897, 2944916.320464259013534 ], [ 458261.526047439896502, 2944903.635910470504314 ], [ 456887.827275791496504, 2944555.009971302002668 ], [ 456926.619765531737357, 2944609.041434578131884 ] ] ] ] } },
{ "type": "Feature", "properties": { "t": "river" }, "geometry": { "type": "Polygon", "coordinates": [ [ [ 453944.279739118006546, 2942991.358613023534417 ], [ 454082.585293192474637, 2942691.816326581407338 ], [ 453924.327728408388793, 2942980.355109754949808 ], [ 454114.52886571676936, 2943267.635779969859868 ], [ 453944.279739118006546, 2942991.358613023534417 ] ] ] } },
{ "type": "Feature", "properties": { "t": "river" }, "geometry": { "type": "Polygon", "coordinates": [ [ [ 453790.440845908597112, 2941751.441786384675652 ], [ 453770.20551078079734, 2941662.909967245999724 ], [ 453770.567143165855668, 2941762.589525342918932 ], [ 453790.440845908597112, 2941751.441786384675652 ] ] ] } },
{ "type": "Feature", "properties": { "t": "river" }, "geometry": { "type": "Polygon", "coordinates": [ [ [ 453778.796752664144151, 2941286.306744916364551 ], [ 453779.278770482284017, 2941419.212760952766985 ], [ 453868.011614427377935, 2941175.227064392063767 ], [ 453778.796752664144151, 2941286.306744916364551 ] ] ] } },
{ "type": "Feature", "properties": { "t": "river" }, "geometry": { "type": "Polygon", "coordinates": [ [ [ 454254.481700839533005, 2940653.279317949898541 ], [ 454194.058419132372364, 2940465.210589521098882 ], [ 454106.390798998239916, 2941008.23190184449777 ], [ 454254.481700839533005, 2940653.279317949898541 ] ] ] } },
{ "type": "Feature", "properties": { "t": "lake" }, "geometry": { "type": "Polygon", "coordinates": [ [ [ 456395.670897523930762, 2940723.304744753520936 ], [ 456555.107594862696715, 2940755.987160447984934 ], [ 456504.638948073727079, 2940556.798544574063271 ], [ 456395.670897523930762, 2940723.304744753520936 ] ] ] } },
{ "type": "Feature", "properties": { "t": "river" }, "geometry": { "type": "Polygon", "coordinates": [ [ [ 454802.356640415964648, 2940706.703169375192374 ], [ 454921.418793183693197, 2940584.449770976789296 ], [ 454871.041499859013129, 2940418.493737004231662 ], [ 454802.356640415964648, 2940706.703169375192374 ] ] ] } },
{ "type": "Feature", "properties": { "t": "river" }, "geometry": { "type": "Polygon", "coordinates": [ [ [ 454163.587314329808578, 2940299.18569726543501 ], [ 454103.480059167777654, 2940199.721292887348682 ], [ 454164.025314195547253, 2940421.016019400209188 ], [ 454163.587314329808578, 2940299.18569726543501 ] ] ] } },
{ "type": "Feature", "properties": { "t": "river" }, "geometry": { "type": "MultiPolygon", "coordinates": [ [ [ [ 454127.578873997612391, 2938593.670543116983026 ], [ 454109.253742424305528, 2939036.760686524678022 ], [ 454420.028264641936403, 2938289.84836976416409 ], [ 454127.578873997612391, 2938593.670543116983026 ] ] ], [ [ [ 455110.286880258121528, 2937659.826267891097814 ], [ 455102.5889976019389, 2937853.671441413462162 ], [ 455239.697555536753498, 2937714.251737438607961 ], [ 455168.150649663002696, 2937580.143183297477663 ], [ 454850.853523390716873, 2937527.83445272129029 ], [ 454816.733323876163922, 2937841.353062060661614 ], [ 455110.286880258121528, 2937659.826267891097814 ] ] ], [ [ [ 454942.058663766656537, 2937156.373984620906413 ], [ 454929.401264447486028, 2937206.365229682531208 ], [ 455126.724748147826176, 2937502.495327663142234 ], [ 454942.058663766656537, 2937156.373984620906413 ] ] ], [ [ [ 455017.679720785294194, 2936818.409016763325781 ], [ 454912.183843516861089, 2936796.803068965207785 ], [ 455001.06068359373603, 2936888.797416343353689 ], [ 455017.679720785294194, 2936818.409016763325781 ] ] ], [ [ [ 454566.17391630349448, 2935900.735939491540194 ], [ 454528.102570172748528, 2936399.271718745585531 ], [ 454665.856750959530473, 2936541.845737506169826 ], [ 454566.17391630349448, 2935900.735939491540194 ] ] ], [ [ [ 455075.498363299760967, 2938535.917351050302386 ], [ 455482.404964513843879, 2938688.551439317408949 ], [ 455079.765290240349714, 2938428.453611521050334 ], [ 455075.498363299760967, 2938535.917351050302386 ] ] ], [ [ [ 454798.745617952779867, 2938976.496564554516226 ], [ 455044.858487751451321, 2938878.370787172578275 ], [ 455044.667448011168744, 2938824.15935173491016 ], [ 454798.745617952779867, 2938976.496564554516226 ] ] ], [ [ [ 454686.918367910839152, 2939045.771179206203669 ], [ 454871.041499859013129, 2940418.493737004231662 ], [ 455040.327003107813653, 2940417.895628495607525 ], [ 454739.155360515927896, 2939013.411250021308661 ], [ 454686.918367910839152, 2939045.771179206203669 ] ] ] ] } },
{ "type": "Feature", "properties": { "t": "river" }, "geometry": { "type": "Polygon", "coordinates": [ [ [ 454101.446970078453887, 2939634.871904111467302 ], [ 453993.660654552164488, 2940122.58769128844142 ], [ 454103.559795551700518, 2940221.872257501352578 ], [ 454101.446970078453887, 2939634.871904111467302 ] ] ] } },
{ "type": "Feature", "properties": { "t": "river" }, "geometry": { "type": "Polygon", "coordinates": [ [ [ 454270.901880285644438, 2939678.565618711989373 ], [ 454129.769287745468318, 2939202.821047337725759 ], [ 454161.477187829092145, 2939712.185316381044686 ], [ 454270.901880285644438, 2939678.565618711989373 ] ] ] } },
{ "type": "Feature", "properties": { "t": "river" }, "geometry": { "type": "Polygon", "coordinates": [ [ [ 454099.693224251153879, 2939147.551185794640332 ], [ 453960.547433496802114, 2939225.58195269247517 ], [ 454020.500538179301657, 2939280.743761313147843 ], [ 454099.693224251153879, 2939147.551185794640332 ] ] ] } },
{ "type": "Feature", "properties": { "t": "river" }, "geometry": { "type": "Polygon", "coordinates": [ [ [ 450321.441299002442975, 2938187.048136421944946 ], [ 450227.447838992462493, 2938054.232547638937831 ], [ 449954.406874099397101, 2938565.055055637843907 ], [ 450321.441299002442975, 2938187.048136421944946 ] ] ] } },
{ "type": "Feature", "properties": { "t": "lake" }, "geometry": { "type": "Polygon", "coordinates": [ [ [ 453298.07004043617053, 2937810.31168767856434 ], [ 453437.429574280686211, 2937787.651272899471223 ], [ 453406.942953794030473, 2937621.628516046795994 ], [ 453298.07004043617053, 2937810.31168767856434 ] ] ] } },
{ "type": "Feature", "properties": { "t": "river" }, "geometry": { "type": "Polygon", "coordinates": [ [ [ 454662.002590383403003, 2937639.259679441805929 ], [ 454682.355469889938831, 2937761.018792289309204 ], [ 454712.117711223778315, 2937727.686400675214827 ], [ 454662.002590383403003, 2937639.259679441805929 ] ] ] } },
{ "type": "Feature", "properties": { "t": "river" }, "geometry": { "type": "Polygon", "coordinates": [ [ [ 450255.467649052734487, 2936592.411742416676134 ], [ 449967.075667365454137, 2936715.37062731385231 ], [ 449958.503947516670451, 2937069.824915619567037 ], [ 450126.407107103266753, 2936703.671608707867563 ], [ 450255.467649052734487, 2936592.411742416676134 ] ] ] } },
{ "type": "Feature", "properties": { "t": "river" }, "geometry": { "type": "Polygon", "coordinates": [ [ [ 452627.090035030152649, 2936827.055548076983541 ], [ 452836.757811425253749, 2936959.186480826698244 ], [ 452886.070822556794155, 2936826.097219232935458 ], [ 452627.090035030152649, 2936827.055548076983541 ] ] ] } },
{ "type": "Feature", "properties": { "t": "river" }, "geometry": { "type": "Polygon", "coordinates": [ [ [ 452705.873886231216602, 2936583.10029287263751 ], [ 452715.465748584712856, 2936483.384404228534549 ], [ 452621.269354788237251, 2936403.422375326510519 ], [ 452705.873886231216602, 2936583.10029287263751 ] ] ] } },
{ "type": "Feature", "properties": { "t": "river" }, "geometry": { "type": "Polygon", "coordinates": [ [ [ 450770.835741782735568, 2935914.801247212104499 ], [ 450900.420837800134905, 2935936.453649245668203 ], [ 450780.455824512697291, 2935826.159222434274852 ], [ 450770.835741782735568, 2935914.801247212104499 ] ] ] } },
{ "type": "Feature", "properties": { "t": "river" }, "geometry": { "type": "Polygon", "coordinates": [ [ [ 450800.379031086224131, 2935826.082461038604379 ], [ 450700.292754103022162, 2935704.636592582799494 ], [ 450780.455824512697291, 2935826.159222434274852 ], [ 450800.379031086224131, 2935826.082461038604379 ] ] ] } },
{ "type": "Feature", "properties": { "t": "river" }, "geometry": { "type": "MultiPolygon", "coordinates": [ [ [ [ 454814.349420638522133, 2935656.193351109977812 ], [ 454760.435913071676623, 2935434.873190831393003 ], [ 454535.974016047082841, 2935812.238945178687572 ], [ 454814.349420638522133, 2935656.193351109977812 ] ] ], [ [ [ 455150.908250531356316, 2935045.85241708252579 ], [ 454990.265179003006779, 2934692.000168755184859 ], [ 455377.794707061199006, 2934402.677296976558864 ], [ 454980.224697356694378, 2934669.884471380151808 ], [ 455001.592847559484653, 2935079.604063355829567 ], [ 454702.532371806097217, 2935025.283172997180372 ], [ 454744.091364785679616, 2935145.693647824693471 ], [ 455150.908250531356316, 2935045.85241708252579 ] ] ] ] } },
{ "type": "Feature", "properties": { "t": "river" }, "geometry": { "type": "MultiPolygon", "coordinates": [ [ [ [ 461833.747529438871425, 2934437.142670291475952 ], [ 461363.096256376011297, 2933641.12571107596159 ], [ 461770.858455872687045, 2933396.240475717931986 ], [ 461962.78836842282908, 2932885.950057296548039 ], [ 461313.347329211304896, 2933663.427033151499927 ], [ 461823.985412280482706, 2934713.798468114808202 ], [ 461833.747529438871425, 2934437.142670291475952 ] ] ], [ [ [ 462037.765239268483128, 2932686.618784434627742 ], [ 461707.761715745495167, 2932288.88799936696887 ], [ 461418.89886409486644, 2932322.982327149249613 ], [ 461236.38834531622706, 2931282.446145015768707 ], [ 461399.003852135967463, 2932334.117767116054893 ], [ 461737.820110639790073, 2932344.1750682964921 ], [ 461999.620934040402062, 2932788.027239147108048 ], [ 462037.765239268483128, 2932686.618784434627742 ] ] ], [ [ [ 462275.665185237186961, 2935643.053069112822413 ], [ 462374.824689710745588, 2935487.704393681604415 ], [ 462251.662045269738883, 2935593.666915188077837 ], [ 462275.665185237186961, 2935643.053069112822413 ] ] ] ] } },
{ "type": "Feature", "properties": { "t": "river" }, "geometry": { "type": "MultiPolygon", "coordinates": [ [ [ [ 456064.799237760424148, 2934278.466272289864719 ], [ 456165.528463274938986, 2934599.310256914701313 ], [ 455727.984309993044008, 2934833.404681855347008 ], [ 456187.884162225876935, 2935308.066862539388239 ], [ 455897.61135350499535, 2934910.346722894813865 ], [ 456285.2299960856908, 2934643.202251513954252 ], [ 456266.23404792213114, 2934608.291944269556552 ], [ 456245.380143767164554, 2934643.338642681483179 ], [ 456235.114222238189541, 2934554.769685483071953 ], [ 456237.739933865494095, 2934555.926536565180868 ], [ 456104.764358322019689, 2934311.555477393325418 ], [ 456181.636946759768762, 2934102.8460618047975 ], [ 456064.799237760424148, 2934278.466272289864719 ] ] ], [ [ [ 456697.00969231169438, 2933777.347851733211428 ], [ 456481.424601575883571, 2933745.416669270955026 ], [ 456331.754814966581762, 2933415.675871305167675 ], [ 456441.458736586908344, 2933712.326299206353724 ], [ 456271.010879029054195, 2933968.5110619883053 ], [ 456697.00969231169438, 2933777.347851733211428 ] ] ], [ [ [ 457019.062768290226813, 2933632.842683560214937 ], [ 457018.466965598927345, 2933455.636881878133863 ], [ 456962.215181694075, 2933658.349354554433376 ], [ 457019.062768290226813, 2933632.842683560214937 ] ] ], [ [ [ 456632.9863153451588, 2931430.126252222340554 ], [ 456533.306972693593707, 2931687.850286515429616 ], [ 456514.404318565735593, 2931763.0886937729083 ], [ 456469.016346741351299, 2931854.081817790865898 ], [ 456307.017589433817193, 2932272.97135630948469 ], [ 456200.103555406210944, 2933059.696655111853033 ], [ 456210.269606143643614, 2933087.1844701487571 ], [ 456632.9863153451588, 2931430.126252222340554 ] ] ] ] } },
{ "type": "Feature", "properties": { "t": "river" }, "geometry": { "type": "Polygon", "coordinates": [ [ [ 455217.771178899391089, 2934226.028652260545641 ], [ 455211.255493483738974, 2934229.680258198175579 ], [ 455218.510461019352078, 2934326.137666566763073 ], [ 455238.123489608988166, 2934347.788126667495817 ], [ 455217.771178899391089, 2934226.028652260545641 ] ] ] } },
{ "type": "Feature", "properties": { "t": "river" }, "geometry": { "type": "Polygon", "coordinates": [ [ [ 455307.04907284694491, 2934114.960910455323756 ], [ 455247.077854842122179, 2934059.79315433697775 ], [ 455217.771178899391089, 2934226.028652260545641 ], [ 455307.04907284694491, 2934114.960910455323756 ] ] ] } },
{ "type": "Feature", "properties": { "t": "river" }, "geometry": { "type": "Polygon", "coordinates": [ [ [ 455435.523962227161974, 2933815.473326503299177 ], [ 455415.48183558601886, 2933782.316671767272055 ], [ 455256.885697413410526, 2934015.456731714308262 ], [ 455435.523962227161974, 2933815.473326503299177 ] ] ] } },
{ "type": "Feature", "properties": { "t": "river" }, "geometry": { "type": "MultiPolygon", "coordinates": [ [ [ [ 455597.386296821117867, 2933821.281926226336509 ], [ 455551.978884761745576, 2933810.830626646522433 ], [ 455515.344532781920861, 2933848.421829958446324 ], [ 455597.386296821117867, 2933821.281926226336509 ] ] ], [ [ [ 455684.525076904392336, 2933792.456605555489659 ], [ 455634.47877184371464, 2933726.177141350694001 ], [ 455623.297969803679734, 2933737.649711474310607 ], [ 455609.170163511415012, 2933817.383805976249278 ], [ 455684.525076904392336, 2933792.456605555489659 ] ] ] ] } },
{ "type": "Feature", "properties": { "t": "river" }, "geometry": { "type": "Polygon", "coordinates": [ [ [ 455604.973880120145623, 2933837.034700807183981 ], [ 455415.48183558601886, 2933782.316671767272055 ], [ 455515.344532781920861, 2933848.421829958446324 ], [ 455604.973880120145623, 2933837.034700807183981 ] ] ] } },
{ "type": "Feature", "properties": { "t": "river" }, "geometry": { "type": "Polygon", "coordinates": [ [ [ 455673.8322542111855, 2933582.05899501265958 ], [ 455650.338251733919606, 2933585.04357621120289 ], [ 455626.044534585380461, 2933722.148855727165937 ], [ 455634.555651597329415, 2933748.327896704431623 ], [ 455673.8322542111855, 2933582.05899501265958 ] ] ] } },
{ "type": "Feature", "properties": { "t": "river" }, "geometry": { "type": "Polygon", "coordinates": [ [ [ 455742.080053639656398, 2933149.877864984795451 ], [ 455722.73601637093816, 2933144.086619836743921 ], [ 455725.357287947961595, 2933161.682378812227398 ], [ 455666.144273126788903, 2933495.841607461683452 ], [ 455673.8322542111855, 2933582.05899501265958 ], [ 455742.080053639656398, 2933149.877864984795451 ] ] ] } },
{ "type": "Feature", "properties": { "t": "river" }, "geometry": { "type": "Polygon", "coordinates": [ [ [ 455693.183069810504094, 2933415.859308626037091 ], [ 455687.689390591927804, 2933374.252973604947329 ], [ 455675.68740419705864, 2933441.9851857223548 ], [ 455693.183069810504094, 2933415.859308626037091 ] ] ] } },
{ "type": "Feature", "properties": { "t": "river" }, "geometry": { "type": "MultiPolygon", "coordinates": [ [ [ [ 456947.940088763309177, 2933223.288990575820208 ], [ 457018.206312446855009, 2933378.109356073196977 ], [ 457286.73817393661011, 2933233.228116875980049 ], [ 457288.617186136543751, 2933092.142182060517371 ], [ 456947.940088763309177, 2933223.288990575820208 ] ] ], [ [ [ 457302.671795242640655, 2932037.024040559772402 ], [ 457768.187361646792851, 2931182.668984625954181 ], [ 457272.815340888977516, 2932048.199199717026204 ], [ 457291.47038534085732, 2932877.919780157040805 ], [ 457302.671795242640655, 2932037.024040559772402 ] ] ] ] } },
{ "type": "Feature", "properties": { "t": "lake" }, "geometry": { "type": "Polygon", "coordinates": [ [ [ 461229.746553480857983, 2932378.931378250475973 ], [ 461150.941534164943732, 2932678.206744147464633 ], [ 461410.505420706584118, 2932843.552076674066484 ], [ 461229.746553480857983, 2932378.931378250475973 ] ] ] } },
{ "type": "Feature", "properties": { "t": "river" }, "geometry": { "type": "Polygon", "coordinates": [ [ [ 461326.30796091206139, 2931359.701818319037557 ], [ 461706.03761630639201, 2931712.972293856088072 ], [ 462383.669058592466172, 2931722.037211891263723 ], [ 461326.30796091206139, 2931359.701818319037557 ] ] ] } },
{ "type": "Feature", "properties": { "t": "river" }, "geometry": { "type": "Polygon", "coordinates": [ [ [ 460259.78051003132714, 2931274.366728505585343 ], [ 460299.331424216507003, 2931174.565266833174974 ], [ 460269.436050092685036, 2931174.658057929482311 ], [ 460259.78051003132714, 2931274.366728505585343 ] ] ] } },
{ "type": "Feature", "properties": { "t": "river" }, "geometry": { "type": "MultiPolygon", "coordinates": [ [ [ [ 426901.735217542969622, 2944546.692092623095959 ], [ 426922.262915667146444, 2944551.376060920767486 ], [ 426770.088219729950652, 2944159.780420249328017 ], [ 426683.255057297239546, 2944176.859920969232917 ], [ 426901.735217542969622, 2944546.692092623095959 ] ] ], [ [ [ 427659.333531389187556, 2944719.583472865168005 ], [ 429201.926110703032464, 2944633.376145614311099 ], [ 427156.470975966076367, 2944604.819757800549269 ], [ 427659.333531389187556, 2944719.583472865168005 ] ] ] ] } },
{ "type": "Feature", "properties": { "t": "river" }, "geometry": { "type": "MultiPolygon", "coordinates": [ [ [ [ 429540.949313591176178, 2944731.180511290673167 ], [ 429700.187949341139756, 2944534.938069413416088 ], [ 429425.965201108483598, 2944574.622893271502107 ], [ 429540.949313591176178, 2944731.180511290673167 ] ] ], [ [ [ 430100.130192949960474, 2945038.229895546101034 ], [ 430138.795748355914839, 2945013.109743340406567 ], [ 429933.713707983028144, 2944771.72108354838565 ], [ 430100.130192949960474, 2945038.229895546101034 ] ] ], [ [ [ 430578.560360094066709, 2945146.372650222852826 ], [ 430427.969553879112937, 2944914.595690764952451 ], [ 430402.532404935220256, 2944926.294075797777623 ], [ 430578.560360094066709, 2945146.372650222852826 ] ] ] ] } },
{ "type": "Feature", "properties": { "t": "river" }, "geometry": { "type": "Polygon", "coordinates": [ [ [ 435336.290737771429121, 2945010.547205901704729 ], [ 434714.160386069270317, 2944050.106805093586445 ], [ 435297.035280058044009, 2945121.507215291727334 ], [ 435336.290737771429121, 2945010.547205901704729 ] ] ] } },
{ "type": "Feature", "properties": { "t": "river" }, "geometry": { "type": "Polygon", "coordinates": [ [ [ 426799.890903595194686, 2944148.53278784500435 ], [ 426776.636627635452896, 2944129.355042648036033 ], [ 426730.728822114004288, 2944123.822570395190269 ], [ 426680.361529242014512, 2944138.144387573003769 ], [ 426799.890903595194686, 2944148.53278784500435 ] ] ] } },
{ "type": "Feature", "properties": { "t": "river" }, "geometry": { "type": "Polygon", "coordinates": [ [ [ 434594.3167348371353, 2943885.797361206728965 ], [ 434577.792503774922807, 2943997.252871648408473 ], [ 434654.371093725960236, 2944039.337498848326504 ], [ 434594.3167348371353, 2943885.797361206728965 ] ] ] } },
{ "type": "Feature", "properties": { "t": "river" }, "geometry": { "type": "Polygon", "coordinates": [ [ [ 434513.343208585458342, 2943718.856703845784068 ], [ 434498.795359165698756, 2943759.981408512685448 ], [ 434564.590344247117173, 2943824.361225719098002 ], [ 434513.343208585458342, 2943718.856703845784068 ] ] ] } },
{ "type": "Feature", "properties": { "t": "river" }, "geometry": { "type": "Polygon", "coordinates": [ [ [ 434473.235539306479041, 2943663.682808463927358 ], [ 434423.171769857697655, 2943608.56030440563336 ], [ 434483.533190872869454, 2943730.086103805340827 ], [ 434473.235539306479041, 2943663.682808463927358 ] ] ] } },
{ "type": "Feature", "properties": { "t": "river" }, "geometry": { "type": "Polygon", "coordinates": [ [ [ 434382.720930826326367, 2943486.932166938204318 ], [ 434292.889651997655164, 2943443.0911845266819 ], [ 434423.171769857697655, 2943608.56030440563336 ], [ 434382.720930826326367, 2943486.932166938204318 ] ] ] } },
{ "type": "Feature", "properties": { "t": "river" }, "geometry": { "type": "Polygon", "coordinates": [ [ [ 434231.895930671773385, 2943199.733000959735364 ], [ 434222.83068351901602, 2943202.304696551989764 ], [ 434194.404506160062738, 2943243.231282590888441 ], [ 434273.110272426856682, 2943429.904310061596334 ], [ 434292.946801844984293, 2943454.16693784436211 ], [ 434231.895930671773385, 2943199.733000959735364 ] ] ] } },
{ "type": "Feature", "properties": { "t": "river" }, "geometry": { "type": "MultiPolygon", "coordinates": [ [ [ [ 452451.922024215396959, 2961858.972114574629813 ], [ 452723.855593156302348, 2962799.408934263978153 ], [ 452670.58684315555729, 2961847.07564805354923 ], [ 452645.387679679901339, 2961391.026397940702736 ], [ 452535.730426164111122, 2961656.255480742082 ], [ 452660.479748718673363, 2961802.80967255635187 ], [ 452471.721137844200712, 2961836.745749650988728 ], [ 452476.632174748461694, 2961799.20218681357801 ], [ 452451.922024215396959, 2961858.972114574629813 ] ] ], [ [ [ 452595.93338235700503, 2960496.089916298631579 ], [ 452306.020856314280536, 2960076.29406698839739 ], [ 453077.43642254488077, 2958965.817904264200479 ], [ 452276.109497781377286, 2960054.25499469647184 ], [ 452621.716288788767997, 2960962.650642845313996 ], [ 452595.93338235700503, 2960496.089916298631579 ] ] ] ] } },
{ "type": "Feature", "properties": { "t": "lake" }, "geometry": { "type": "Polygon", "coordinates": [ [ [ 430950.266659971268382, 2969479.029738998506218 ], [ 431011.698452602722682, 2969810.988253111019731 ], [ 431109.23470876243664, 2969478.159918702207506 ], [ 430950.266659971268382, 2969479.029738998506218 ] ] ] } },
{ "type": "Feature", "properties": { "t": "river" }, "geometry": { "type": "Polygon", "coordinates": [ [ [ 428659.268767630972434, 2968461.669466287363321 ], [ 428857.433260542456992, 2968360.861143094487488 ], [ 428886.49301503028255, 2968227.778900842648 ], [ 428659.268767630972434, 2968461.669466287363321 ] ] ] } },
{ "type": "Feature", "properties": { "t": "river" }, "geometry": { "type": "MultiPolygon", "coordinates": [ [ [ [ 427420.341438514995389, 2967283.547820169944316 ], [ 425220.913664302730467, 2966742.56292994087562 ], [ 427548.11421154247364, 2967365.823743058368564 ], [ 427420.341438514995389, 2967283.547820169944316 ] ] ], [ [ [ 428129.486269257497042, 2967910.850578047335148 ], [ 428399.469358839385677, 2967914.091543749906123 ], [ 427737.209241269854829, 2967487.590835777111351 ], [ 428129.486269257497042, 2967910.850578047335148 ] ] ] ] } },
{ "type": "Feature", "properties": { "t": "river" }, "geometry": { "type": "Polygon", "coordinates": [ [ [ 431544.36625248962082, 2963605.276394372340292 ], [ 431815.320136339752935, 2964080.096134563907981 ], [ 431724.84475592779927, 2963892.286060718819499 ], [ 431544.36625248962082, 2963605.276394372340292 ] ] ] } },
{ "type": "Feature", "properties": { "t": "river" }, "geometry": { "type": "Polygon", "coordinates": [ [ [ 426756.092470578616485, 2962413.712995829991996 ], [ 426297.379094282048754, 2962172.696266259532422 ], [ 426457.47153881797567, 2962348.987907562870532 ], [ 426756.092470578616485, 2962413.712995829991996 ] ] ] } },
{ "type": "Feature", "properties": { "t": "river" }, "geometry": { "type": "MultiPolygon", "coordinates": [ [ [ [ 430338.06289812666364, 2959358.534209984354675 ], [ 430038.472645810223185, 2959127.583120438735932 ], [ 430265.326370581577066, 2959669.932370373047888 ], [ 430338.06289812666364, 2959358.534209984354675 ] ] ], [ [ [ 430542.283344487310387, 2960332.132034131791443 ], [ 430602.67001980310306, 2960267.075205443892628 ], [ 430443.619004655978642, 2960096.218818601686507 ], [ 430542.283344487310387, 2960332.132034131791443 ] ] ], [ [ [ 430769.63219030876644, 2960087.20569861214608 ], [ 430960.360685523366556, 2960418.454343975055963 ], [ 431260.339487731689587, 2960448.132691881153733 ], [ 431248.697071577655151, 2960416.883948163595051 ], [ 430779.393287030048668, 2960053.923192413058132 ], [ 430722.773307510535233, 2960137.686343048233539 ], [ 430769.63219030876644, 2960087.20569861214608 ] ] ] ] } },
{ "type": "Feature", "properties": { "t": "river" }, "geometry": { "type": "Polygon", "coordinates": [ [ [ 425296.111956915876362, 2960971.232863289769739 ], [ 425365.446609524486121, 2960926.517463291995227 ], [ 425186.222478703421075, 2960883.270317155867815 ], [ 425296.111956915876362, 2960971.232863289769739 ] ] ] } },
{ "type": "Feature", "properties": { "t": "lake" }, "geometry": { "type": "Polygon", "coordinates": [ [ [ 425286.039259026641957, 2959265.511217001825571 ], [ 425344.65573966212105, 2959087.941524006891996 ], [ 425235.863020478282124, 2959188.272113593760878 ], [ 425286.039259026641957, 2959265.511217001825571 ] ] ] } },
{ "type": "Feature", "properties": { "t": "lake" }, "geometry": { "type": "Polygon", "coordinates": [ [ [ 406160.183438423613552, 2972231.275196355301887 ], [ 406415.911141330725513, 2971885.978336841799319 ], [ 406254.739508257480338, 2971588.092233217786998 ], [ 406160.183438423613552, 2972231.275196355301887 ] ], [ [ 406256.058643248979934, 2971765.317849284503609 ], [ 406286.35576281521935, 2971831.555662965867668 ], [ 406256.305989188491367, 2971798.547656641807407 ], [ 406256.058643248979934, 2971765.317849284503609 ] ] ] } },
{ "type": "Feature", "properties": { "t": "lake" }, "geometry": { "type": "Polygon", "coordinates": [ [ [ 406788.918294964823872, 2969933.627168929204345 ], [ 406731.599891287274659, 2970244.212162968236953 ], [ 407123.628005848731846, 2969510.224112571682781 ], [ 406788.918294964823872, 2969933.627168929204345 ] ] ] } },
{ "type": "Feature", "properties": { "t": "lake" }, "geometry": { "type": "Polygon", "coordinates": [ [ [ 405841.981700581382029, 2968201.54725264525041 ], [ 406020.187610713241156, 2968111.600666078738868 ], [ 405851.091847423813306, 2968090.707471285946667 ], [ 405841.981700581382029, 2968201.54725264525041 ] ] ] } },
{ "type": "Feature", "properties": { "t": "river" }, "geometry": { "type": "Polygon", "coordinates": [ [ [ 401771.568867602385581, 2964887.252558581531048 ], [ 402171.646169227547944, 2965205.387216891627759 ], [ 402456.284367840038612, 2966022.901726019568741 ], [ 402351.670058681163937, 2965347.997960519045591 ], [ 401801.129627407062799, 2964853.790864484384656 ], [ 401524.466461721807718, 2963792.527870813850313 ], [ 401771.568867602385581, 2964887.252558581531048 ] ] ] } },
{ "type": "Feature", "properties": { "t": "river" }, "geometry": { "type": "MultiPolygon", "coordinates": [ [ [ [ 401437.521905855857767, 2961566.679895885754377 ], [ 401506.945728063757997, 2961543.98448703950271 ], [ 401524.645963476796169, 2961592.101490322034806 ], [ 401524.6740050475928, 2961266.915847152937204 ], [ 401507.142110436805524, 2961250.357351310551167 ], [ 401516.543007543252315, 2961499.600836959201843 ], [ 401506.859449593815953, 2961532.907934119924903 ], [ 401437.262886591081042, 2961533.450232470408082 ], [ 401416.082835486449767, 2961367.456942627206445 ], [ 401385.737076454155613, 2961301.230196320917457 ], [ 401415.305677559052128, 2961267.767977440729737 ], [ 401444.19032393587986, 2961190.901296765077859 ], [ 400803.42215574166039, 2960585.76396841974929 ], [ 400345.340016558242496, 2960500.746539307292551 ], [ 401034.02066969522275, 2960827.656756418291479 ], [ 401396.370579415059183, 2961389.76508651021868 ], [ 401427.230538529867772, 2961551.647002651356161 ], [ 401437.521905855857767, 2961566.679895885754377 ] ] ], [ [ [ 401472.723215980920941, 2961790.294505063444376 ], [ 401520.770533982431516, 2962042.352076289243996 ], [ 401165.111319582036231, 2962333.135960535611957 ], [ 401524.581324767961632, 2962359.61870802147314 ], [ 401524.630740571417846, 2961770.556307957042009 ], [ 401472.723215980920941, 2961790.294505063444376 ] ] ] ] } },
{ "type": "Feature", "properties": { "t": "river" }, "geometry": { "type": "MultiPolygon", "coordinates": [ [ [ [ 406863.076779324444942, 2961126.778936512302607 ], [ 407380.172569875314366, 2962892.719274988397956 ], [ 407402.445532802201342, 2962817.605135296937078 ], [ 406869.353146584122442, 2961113.78798673953861 ], [ 406863.076779324444942, 2961126.778936512302607 ] ] ], [ [ [ 407413.130683719704393, 2960203.347363341599703 ], [ 407359.359390933183022, 2959649.890463605057448 ], [ 407362.60327822517138, 2960092.947108041029423 ], [ 407015.397944573545828, 2960811.510414290707558 ], [ 407413.130683719704393, 2960203.347363341599703 ] ] ] ] } },
{ "type": "Feature", "properties": { "t": "lake" }, "geometry": { "type": "Polygon", "coordinates": [ [ [ 408684.540980887308251, 2962763.968508529942483 ], [ 408675.560227553592995, 2962896.957531298976392 ], [ 408784.512875064159743, 2962840.785638091154397 ], [ 408684.540980887308251, 2962763.968508529942483 ] ] ] } },
{ "type": "Feature", "properties": { "t": "river" }, "geometry": { "type": "Polygon", "coordinates": [ [ [ 404665.262649769720156, 2962394.870874251704663 ], [ 404624.493323236121796, 2962262.252828846219927 ], [ 404484.472340626642108, 2962152.5386912971735 ], [ 404665.262649769720156, 2962394.870874251704663 ] ] ] } },
{ "type": "Feature", "properties": { "t": "river" }, "geometry": { "type": "Polygon", "coordinates": [ [ [ 404483.133333193487488, 2961975.314666819293052 ], [ 404346.041343700722791, 2962253.279649902135134 ], [ 404484.472340626642108, 2962152.5386912971735 ], [ 404483.133333193487488, 2961975.314666819293052 ] ] ] } },
{ "type": "Feature", "properties": { "t": "river" }, "geometry": { "type": "Polygon", "coordinates": [ [ [ 404667.353618978871964, 2961353.605342894326895 ], [ 404476.523074480006471, 2961100.271616189274937 ], [ 404647.635799170297105, 2961375.908244611229748 ], [ 404482.045444431656506, 2961831.32017557695508 ], [ 404667.353618978871964, 2961353.605342894326895 ] ] ] } },
{ "type": "Feature", "properties": { "t": "river" }, "geometry": { "type": "Polygon", "coordinates": [ [ [ 404342.6051774439984, 2961799.142997565213591 ], [ 404402.508959026774392, 2961831.921316158026457 ], [ 404481.79440015333239, 2961798.090681245550513 ], [ 404342.6051774439984, 2961799.142997565213591 ] ] ] } },
{ "type": "Feature", "properties": { "t": "river" }, "geometry": { "type": "Polygon", "coordinates": [ [ [ 404468.994610146968625, 2960103.38828360196203 ], [ 404369.895310223917477, 2960148.445392181165516 ], [ 404476.606737307156436, 2961111.348104575183243 ], [ 404468.994610146968625, 2960103.38828360196203 ] ] ] } },
{ "type": "Feature", "properties": { "t": "river" }, "geometry": { "type": "Polygon", "coordinates": [ [ [ 400792.566736174630933, 2959201.195920028258115 ], [ 400653.956330208107829, 2959279.82373567391187 ], [ 400322.311799327260815, 2960102.147072576452047 ], [ 400792.566736174630933, 2959201.195920028258115 ] ] ] } },
{ "type": "Feature", "properties": { "t": "river" }, "geometry": { "type": "Polygon", "coordinates": [ [ [ 404706.301807667827234, 2959924.365090220700949 ], [ 404484.115630214277189, 2959471.879351769108325 ], [ 404690.82851046876749, 2959933.861094621010125 ], [ 404706.301807667827234, 2959924.365090220700949 ] ] ] } },
{ "type": "Feature", "properties": { "t": "river" }, "geometry": { "type": "Polygon", "coordinates": [ [ [ 401222.502108919201419, 2959496.91761604975909 ], [ 401222.069821387878619, 2959441.534966167528182 ], [ 400862.089478460256942, 2959189.57393719162792 ], [ 401222.502108919201419, 2959496.91761604975909 ] ] ] } },
{ "type": "Feature", "properties": { "t": "river" }, "geometry": { "type": "Polygon", "coordinates": [ [ [ 404462.889918226166628, 2959294.806039812043309 ], [ 404433.559608030540403, 2959361.490063041914254 ], [ 404464.31142046127934, 2959483.105942095629871 ], [ 404462.889918226166628, 2959294.806039812043309 ] ] ] } },
{ "type": "Feature", "properties": { "t": "river" }, "geometry": { "type": "Polygon", "coordinates": [ [ [ 491515.391416870348621, 2931115.789123310241848 ], [ 491457.366475163260475, 2931065.249171051196754 ], [ 491489.906382083892822, 2931115.806047390215099 ], [ 491515.391416870348621, 2931115.789123310241848 ] ] ] } },
{ "type": "Feature", "properties": { "t": "river" }, "geometry": { "type": "Polygon", "coordinates": [ [ [ 490482.528662799333688, 2929887.174446826335043 ], [ 490662.303457312402315, 2930418.648815681692213 ], [ 490944.1811999802012, 2930667.29507268872112 ], [ 490708.204917616967577, 2930268.518036310561001 ], [ 490691.724418798985425, 2930252.781503060366958 ], [ 490693.661915989825502, 2930243.942731934133917 ], [ 490659.673819047049619, 2930186.508816942106932 ], [ 490642.250943387451116, 2930252.536309250630438 ], [ 490549.725522105465643, 2930000.71966515854001 ], [ 490482.528662799333688, 2929887.174446826335043 ] ] ] } },
{ "type": "Feature", "properties": { "t": "river" }, "geometry": { "type": "MultiPolygon", "coordinates": [ [ [ [ 488079.281994267308619, 2928327.592592138797045 ], [ 487311.590883586613927, 2928106.827481167390943 ], [ 488699.064357627474237, 2930387.006216628942639 ], [ 487411.318682213022839, 2928162.104718247894198 ], [ 488198.616398531652521, 2928452.856811544857919 ], [ 488079.281994267308619, 2928327.592592138797045 ] ] ], [ [ [ 488777.798634471837431, 2929257.272380389273167 ], [ 488637.963875288551208, 2928914.066570911090821 ], [ 488438.178922211751342, 2928704.334155909717083 ], [ 488777.798634471837431, 2929257.272380389273167 ] ] ] ] } },
{ "type": "Feature", "properties": { "t": "river" }, "geometry": { "type": "Polygon", "coordinates": [ [ [ 488695.946745561377611, 2926854.043699421454221 ], [ 488895.495235353766475, 2927064.296204379294068 ], [ 489025.74507623934187, 2927839.441614985931665 ], [ 489275.30446872592438, 2928282.234935738146305 ], [ 488905.434618192957714, 2927031.062286077067256 ], [ 488772.938687790883705, 2926919.101412281394005 ], [ 488765.783151299925521, 2926920.432908126618713 ], [ 488763.190397252328694, 2926910.864105093758553 ], [ 488695.946745561377611, 2926854.043699421454221 ] ] ] } },
{ "type": "Feature", "properties": { "t": "river" }, "geometry": { "type": "Polygon", "coordinates": [ [ [ 487460.190533881774172, 2927176.371291532646865 ], [ 487400.120851005369332, 2926910.627583457157016 ], [ 487280.732443037384655, 2927143.322809576522559 ], [ 487460.190533881774172, 2927176.371291532646865 ] ] ] } },
{ "type": "Feature", "properties": { "t": "river" }, "geometry": { "type": "Polygon", "coordinates": [ [ [ 466476.505774951190688, 2930702.802016980480403 ], [ 466127.744779024156742, 2930714.795662156771868 ], [ 465052.68785087618744, 2931160.699978793971241 ], [ 466476.505774951190688, 2930702.802016980480403 ] ] ] } },
{ "type": "Feature", "properties": { "t": "river" }, "geometry": { "type": "Polygon", "coordinates": [ [ [ 470545.384708369732834, 2931090.331902861595154 ], [ 466566.050032984290738, 2930647.191156091634184 ], [ 470523.513991703221109, 2931146.927612179424614 ], [ 470545.384708369732834, 2931090.331902861595154 ] ] ] } },
{ "type": "Feature", "properties": { "t": "river" }, "geometry": { "type": "Polygon", "coordinates": [ [ [ 473729.507124441093765, 2930807.911875046789646 ], [ 473601.937949864950497, 2930763.647654765751213 ], [ 470682.954929933534004, 2931146.561311139725149 ], [ 473729.507124441093765, 2930807.911875046789646 ] ] ] } },
{ "type": "Feature", "properties": { "t": "river" }, "geometry": { "type": "Polygon", "coordinates": [ [ [ 470681.914616563939489, 2930692.47709597973153 ], [ 470353.517824192997068, 2930892.588736515492201 ], [ 470284.198237767792307, 2931081.029409610200673 ], [ 470681.914616563939489, 2930692.47709597973153 ] ] ] } },
{ "type": "Feature", "properties": { "t": "river" }, "geometry": { "type": "MultiPolygon", "coordinates": [ [ [ [ 463973.059557152388152, 2929956.480797136668116 ], [ 464203.424400404386688, 2930365.622295428533107 ], [ 464238.669964598782826, 2930365.10257639689371 ], [ 463973.059557152388152, 2929956.480797136668116 ] ] ], [ [ [ 465096.349083788576536, 2930800.410594299901277 ], [ 465150.137183486716822, 2930351.934305742848665 ], [ 465130.149819090380333, 2930352.729243370238692 ], [ 465096.349083788576536, 2930800.410594299901277 ] ] ], [ [ [ 465091.732470599701628, 2930861.559078238904476 ], [ 465341.345505297824275, 2931038.0860739890486 ], [ 465093.306596713722683, 2930840.709212509915233 ], [ 465091.732470599701628, 2930861.559078238904476 ] ] ] ] } },
{ "type": "Feature", "properties": { "t": "river" }, "geometry": { "type": "MultiPolygon", "coordinates": [ [ [ [ 468035.355587208236102, 2928406.228321868926287 ], [ 468016.693361074547283, 2928915.737737863790244 ], [ 468215.966103247948922, 2929068.649916292633861 ], [ 468035.355587208236102, 2928406.228321868926287 ] ] ], [ [ [ 468566.907216015388258, 2929745.021662525366992 ], [ 468619.45338746131165, 2930852.422306267078966 ], [ 468616.955234290508088, 2929833.501189613249153 ], [ 468825.757822578423657, 2929633.635904309805483 ], [ 468790.5745315203676, 2929611.717905553989112 ], [ 468566.907216015388258, 2929745.021662525366992 ] ] ] ] } },
{ "type": "Feature", "properties": { "t": "river" }, "geometry": { "type": "Polygon", "coordinates": [ [ [ 470721.6242420055205, 2930625.934515726286918 ], [ 470701.566546877322253, 2930570.604026215150952 ], [ 470681.914616563939489, 2930692.47709597973153 ], [ 470721.6242420055205, 2930625.934515726286918 ] ] ] } },
{ "type": "Feature", "properties": { "t": "river" }, "geometry": { "type": "MultiPolygon", "coordinates": [ [ [ [ 470987.403893934271764, 2929174.469467061571777 ], [ 470947.137977360573132, 2929109.404274425003678 ], [ 470681.457940977823455, 2930493.123132500331849 ], [ 470987.403893934271764, 2929174.469467061571777 ] ] ], [ [ [ 470727.310542609135155, 2928754.201691676396877 ], [ 470944.899710863071959, 2928011.664833995979279 ], [ 470754.480814427079167, 2927558.013334712479264 ], [ 470885.170238395570777, 2928045.02615473838523 ], [ 470687.797733759798575, 2928909.345610865857452 ], [ 470945.389961373526603, 2929106.579694946762174 ], [ 470727.310542609135155, 2928754.201691676396877 ] ] ] ] } },
{ "type": "Feature", "properties": { "t": "river" }, "geometry": { "type": "Polygon", "coordinates": [ [ [ 462489.611988979915623, 2930470.208364305552095 ], [ 462499.382944643031806, 2930403.727517666760832 ], [ 462379.827044848236255, 2930415.153729273937643 ], [ 462489.611988979915623, 2930470.208364305552095 ] ] ] } },
{ "type": "Feature", "properties": { "t": "river" }, "geometry": { "type": "Polygon", "coordinates": [ [ [ 463352.090355341904797, 2928883.935038219206035 ], [ 463823.224698799836915, 2929835.074550956487656 ], [ 463380.839299560058862, 2928735.660548454616219 ], [ 463352.090355341904797, 2928883.935038219206035 ] ] ] } },
{ "type": "Feature", "properties": { "t": "lake" }, "geometry": { "type": "Polygon", "coordinates": [ [ [ 462685.535624866257422, 2929306.722972447052598 ], [ 462845.868230918538757, 2929605.291231406386942 ], [ 462715.0160770266084, 2929162.657555497251451 ], [ 462685.535624866257422, 2929306.722972447052598 ] ] ] } },
{ "type": "Feature", "properties": { "t": "lake" }, "geometry": { "type": "Polygon", "coordinates": [ [ [ 464687.559958899568301, 2928846.957218023948371 ], [ 464707.951557370193768, 2929013.030819018837065 ], [ 464807.25400894030463, 2928879.85371001670137 ], [ 464687.559958899568301, 2928846.957218023948371 ] ] ] } },
{ "type": "Feature", "properties": { "t": "river" }, "geometry": { "type": "Polygon", "coordinates": [ [ [ 462814.039567895233631, 2928940.862709277309477 ], [ 462801.951338448445313, 2928900.986244240775704 ], [ 462750.999195546202827, 2928956.624137322418392 ], [ 462814.039567895233631, 2928940.862709277309477 ] ] ] } },
{ "type": "Feature", "properties": { "t": "lake" }, "geometry": { "type": "Polygon", "coordinates": [ [ [ 466500.954656459914986, 2928620.579737187363207 ], [ 466371.44106705521699, 2928643.069715308025479 ], [ 466521.323014649911784, 2928786.655925233382732 ], [ 466500.954656459914986, 2928620.579737187363207 ] ] ] } },
{ "type": "Feature", "properties": { "t": "river" }, "geometry": { "type": "MultiPolygon", "coordinates": [ [ [ [ 467724.558443605608772, 2927687.114872253965586 ], [ 467675.669621372129768, 2928063.797350621782243 ], [ 467755.593115764786489, 2928136.562453307211399 ], [ 467754.384498618659563, 2927656.337451842147857 ], [ 467724.558443605608772, 2927687.114872253965586 ] ] ], [ [ [ 468490.197876645775978, 2926921.016566234175116 ], [ 468488.393659921362996, 2926898.984877642244101 ], [ 468195.826893027115148, 2927200.840056586079299 ], [ 468490.197876645775978, 2926921.016566234175116 ] ] ] ] } },
{ "type": "Feature", "properties": { "t": "river" }, "geometry": { "type": "Polygon", "coordinates": [ [ [ 462814.002979598066304, 2927723.222076445352286 ], [ 462734.366916322614998, 2927740.265754914376885 ], [ 462755.256698638782836, 2927837.170758815016598 ], [ 462814.002979598066304, 2927723.222076445352286 ] ] ] } },
{ "type": "Feature", "properties": { "t": "river" }, "geometry": { "type": "Polygon", "coordinates": [ [ [ 463218.800590014900081, 2927588.503640451934189 ], [ 463202.560685393575113, 2927588.550266950856894 ], [ 463194.773153821006417, 2927593.286502579692751 ], [ 463218.800590014900081, 2927588.503640451934189 ] ] ] } },
{ "type": "Feature", "properties": { "t": "river" }, "geometry": { "type": "Polygon", "coordinates": [ [ [ 463308.38472911156714, 2927543.94553049094975 ], [ 463320.495900481415447, 2927516.825220870319754 ], [ 463204.732263794750907, 2927587.22955378703773 ], [ 463188.960558797349222, 2927610.739971263334155 ], [ 463308.38472911156714, 2927543.94553049094975 ] ] ] } },
{ "type": "Feature", "properties": { "t": "river" }, "geometry": { "type": "Polygon", "coordinates": [ [ [ 463955.769943976833019, 2927353.827889867126942 ], [ 463980.155104453500826, 2927267.105221078265458 ], [ 463964.007864496612456, 2927300.393872642423958 ], [ 463857.818811156263109, 2927318.845735540147871 ], [ 463776.501308495178819, 2927409.709923481103033 ], [ 463955.769943976833019, 2927353.827889867126942 ] ] ] } },
{ "type": "Feature", "properties": { "t": "river" }, "geometry": { "type": "Polygon", "coordinates": [ [ [ 463920.056234078248963, 2927308.030982046853751 ], [ 463904.114398457924835, 2927310.80110186105594 ], [ 463806.311532892170362, 2927376.39976217970252 ], [ 463905.836039023997728, 2927320.742512319702655 ], [ 463920.056234078248963, 2927308.030982046853751 ] ] ] } },
{ "type": "Feature", "properties": { "t": "river" }, "geometry": { "type": "Polygon", "coordinates": [ [ [ 470853.705890277982689, 2927358.433064768556505 ], [ 470931.842379670240916, 2926649.441156294196844 ], [ 470674.33247457962716, 2927380.992759435903281 ], [ 470853.705890277982689, 2927358.433064768556505 ] ] ] } },
{ "type": "Feature", "properties": { "t": "river" }, "geometry": { "type": "Polygon", "coordinates": [ [ [ 474709.702999882400036, 2926530.678965229541063 ], [ 474739.761640858312603, 2926608.145987678319216 ], [ 474819.640678842668422, 2926674.439933835528791 ], [ 474709.702999882400036, 2926530.678965229541063 ] ] ] } },
{ "type": "Feature", "properties": { "t": "river" }, "geometry": { "type": "Polygon", "coordinates": [ [ [ 468577.795720322639681, 2926056.932599993888289 ], [ 469095.54478640598245, 2925789.86867198208347 ], [ 468557.749012134619989, 2926012.680800397414714 ], [ 468459.366221492178738, 2926544.533998384606093 ], [ 468577.795720322639681, 2926056.932599993888289 ] ] ] } },
{ "type": "Feature", "properties": { "t": "river" }, "geometry": { "type": "Polygon", "coordinates": [ [ [ 471007.709716425160877, 2924932.612139732576907 ], [ 470956.853539647068828, 2924913.911525522824377 ], [ 470851.842091636848636, 2926538.870617513544858 ], [ 471007.709716425160877, 2924932.612139732576907 ] ] ] } },
{ "type": "Feature", "properties": { "t": "river" }, "geometry": { "type": "Polygon", "coordinates": [ [ [ 474789.386641949997284, 2926497.296456808689982 ], [ 474809.128069499332923, 2926397.581010285299271 ], [ 474709.702999882400036, 2926530.678965229541063 ], [ 474789.386641949997284, 2926497.296456808689982 ] ] ] } },
{ "type": "Feature", "properties": { "t": "river" }, "geometry": { "type": "Polygon", "coordinates": [ [ [ 469242.209729842201341, 2925675.714119615033269 ], [ 469229.92495702393353, 2925674.516314837150276 ], [ 469242.428850278200116, 2925676.278081811033189 ], [ 469242.209729842201341, 2925675.714119615033269 ] ] ] } },
{ "type": "Feature", "properties": { "t": "river" }, "geometry": { "type": "MultiPolygon", "coordinates": [ [ [ [ 469683.720351365278475, 2925452.898684842977673 ], [ 469682.749172761046793, 2925453.825292887631804 ], [ 469682.944243812584318, 2925456.209851747844368 ], [ 469683.720351365278475, 2925452.898684842977673 ] ] ], [ [ [ 469732.295088200888131, 2925245.664207003079355 ], [ 469685.223260277300142, 2925148.20873839687556 ], [ 469697.683210611576214, 2925393.328184147365391 ], [ 469732.295088200888131, 2925245.664207003079355 ] ] ] ] } },
{ "type": "Feature", "properties": { "t": "river" }, "geometry": { "type": "Polygon", "coordinates": [ [ [ 469701.601273408101406, 2924913.480353169608861 ], [ 469675.049001290579326, 2924948.060782778542489 ], [ 469675.802945924340747, 2924962.892190656159073 ], [ 469701.601273408101406, 2924913.480353169608861 ] ] ] } },
{ "type": "Feature", "properties": { "t": "river" }, "geometry": { "type": "Polygon", "coordinates": [ [ [ 469791.200093188730534, 2924857.892992313485593 ], [ 469783.883770317654125, 2924857.910224485211074 ], [ 469673.779435534903314, 2924923.086273985914886 ], [ 469673.798633752972819, 2924923.46393482806161 ], [ 469791.200093188730534, 2924857.892992313485593 ] ] ] } },
{ "type": "Feature", "properties": { "t": "river" }, "geometry": { "type": "Polygon", "coordinates": [ [ [ 469811.192138081940357, 2924879.996339881792665 ], [ 469940.567779329197947, 2924780.015664536971599 ], [ 469791.200093188730534, 2924857.892992313485593 ], [ 469811.192138081940357, 2924879.996339881792665 ] ] ] } },
{ "type": "Feature", "properties": { "t": "river" }, "geometry": { "type": "Polygon", "coordinates": [ [ [ 470657.674241204629652, 2924457.174663205631077 ], [ 470397.680822498979978, 2924125.516148006077856 ], [ 470668.429511401802301, 2924800.48110773647204 ], [ 470657.674241204629652, 2924457.174663205631077 ] ] ] } },
{ "type": "Feature", "properties": { "t": "river" }, "geometry": { "type": "Polygon", "coordinates": [ [ [ 470109.103295043751132, 2924369.83945440268144 ], [ 470074.526695984648541, 2924307.76839866489172 ], [ 469973.659032737021334, 2924662.502047589514405 ], [ 470109.103295043751132, 2924369.83945440268144 ] ] ] } },
{ "type": "Feature", "properties": { "t": "river" }, "geometry": { "type": "Polygon", "coordinates": [ [ [ 470168.564794210658874, 2924214.648328158538789 ], [ 470198.347538825822994, 2924159.203150921501219 ], [ 470111.573529081360903, 2924177.48656137380749 ], [ 470104.095151701010764, 2924203.78538855817169 ], [ 470168.564794210658874, 2924214.648328158538789 ] ] ] } },
{ "type": "Feature", "properties": { "t": "river" }, "geometry": { "type": "Polygon", "coordinates": [ [ [ 470377.714209794707131, 2924114.487037406302989 ], [ 470387.003124669776298, 2924095.211825959384441 ], [ 470227.122627110569738, 2924125.009409790392965 ], [ 470178.406543865974527, 2924159.249482150189579 ], [ 470377.714209794707131, 2924114.487037406302989 ] ] ] } },
{ "type": "Feature", "properties": { "t": "river" }, "geometry": { "type": "Polygon", "coordinates": [ [ [ 474714.606484437070321, 2923961.230804473627359 ], [ 474654.870261305011809, 2924005.649249053560197 ], [ 474814.573544029088225, 2924093.935983658768237 ], [ 474714.606484437070321, 2923961.230804473627359 ] ] ] } },
{ "type": "Feature", "properties": { "t": "river" }, "geometry": { "type": "Polygon", "coordinates": [ [ [ 474475.223456146661192, 2923917.404144706204534 ], [ 474485.436350130476058, 2924039.210485241375864 ], [ 474674.83329251408577, 2924016.684982598759234 ], [ 474475.223456146661192, 2923917.404144706204534 ] ] ] } },
{ "type": "Feature", "properties": { "t": "river" }, "geometry": { "type": "Polygon", "coordinates": [ [ [ 474495.230806516308803, 2923950.589811343234032 ], [ 474514.886130567931104, 2923806.573829614091665 ], [ 474475.223456146661192, 2923917.404144706204534 ], [ 474495.230806516308803, 2923950.589811343234032 ] ] ] } },
{ "type": "Feature", "properties": { "t": "river" }, "geometry": { "type": "Polygon", "coordinates": [ [ [ 474684.454283725295682, 2923839.463634713087231 ], [ 474768.652297768916469, 2923796.089142861310393 ], [ 474765.741350864816923, 2923775.083726876880974 ], [ 474574.666696173662785, 2923784.304954090621322 ], [ 474684.454283725295682, 2923839.463634713087231 ] ] ] } },
{ "type": "Feature", "properties": { "t": "river" }, "geometry": { "type": "Polygon", "coordinates": [ [ [ 474733.849961369473021, 2923606.788251609075814 ], [ 474713.668141907546669, 2923485.001437135972083 ], [ 474683.995481300458778, 2923606.886498548556119 ], [ 474733.849961369473021, 2923606.788251609075814 ] ] ] } },
{ "type": "Feature", "properties": { "t": "river" }, "geometry": { "type": "Polygon", "coordinates": [ [ [ 474737.984557287476491, 2923574.793848247732967 ], [ 474736.590768132999074, 2923564.736584140919149 ], [ 474723.835440589289647, 2923584.657686032354832 ], [ 474737.984557287476491, 2923574.793848247732967 ] ] ] } },
{ "type": "Feature", "properties": { "t": "river" }, "geometry": { "type": "Polygon", "coordinates": [ [ [ 474713.668141907546669, 2923485.001437135972083 ], [ 474722.01365213887766, 2923459.552365506999195 ], [ 474718.926218901120592, 2923437.274562998209149 ], [ 474749.686600440938491, 2923342.864210165571421 ], [ 474703.653493658464868, 2923462.870889673475176 ], [ 474713.668141907546669, 2923485.001437135972083 ] ] ] } },
{ "type": "Feature", "properties": { "t": "river" }, "geometry": { "type": "Polygon", "coordinates": [ [ [ 474503.52934033353813, 2923108.862400927115232 ], [ 474493.712106525490526, 2923186.407873359508812 ], [ 474683.279190974019002, 2923169.185305623803288 ], [ 474588.148741269833408, 2923128.266269218176603 ], [ 474503.52934033353813, 2923108.862400927115232 ] ] ] } },
{ "type": "Feature", "properties": { "t": "river" }, "geometry": { "type": "Polygon", "coordinates": [ [ [ 474526.642708367900923, 2923101.810820751823485 ], [ 474518.985927523928694, 2923098.517455466091633 ], [ 474503.52934033353813, 2923108.862400927115232 ], [ 474526.642708367900923, 2923101.810820751823485 ] ] ] } },
{ "type": "Feature", "properties": { "t": "river" }, "geometry": { "type": "MultiPolygon", "coordinates": [ [ [ [ 493068.952258193399757, 2957795.335350112523884 ], [ 493158.707029532524757, 2957895.193164044991136 ], [ 493194.570760197238997, 2957847.117248824797571 ], [ 493168.399406577460468, 2957806.356827945448458 ], [ 493255.000619365891907, 2957766.111102648545057 ], [ 493288.653512075310573, 2957721.000023721717298 ], [ 493335.092045384808443, 2957684.153496664948761 ], [ 493247.881404228333849, 2957673.407935493160039 ], [ 493247.869592825823929, 2957651.256900787353516 ], [ 493387.042543674935587, 2957562.579300643876195 ], [ 493496.42415051459102, 2957551.447134343441576 ], [ 493511.32574558100896, 2957544.324870416428894 ], [ 493885.28683620976517, 2957247.63239298760891 ], [ 494476.868227215076331, 2956862.753212247509509 ], [ 494661.30935970536666, 2956833.254014122765511 ], [ 494795.440504841739312, 2956802.394665775820613 ], [ 494401.052590376231819, 2956864.333132403437048 ], [ 493178.242081564443652, 2957618.067658130079508 ], [ 492433.131162506353576, 2958803.572714196518064 ], [ 493068.952258193399757, 2957795.335350112523884 ] ] ], [ [ [ 495037.483685346494894, 2956764.388263603672385 ], [ 494933.033907770819496, 2956780.788709542248398 ], [ 495200.194592890155036, 2956841.972336453385651 ], [ 495037.483685346494894, 2956764.388263603672385 ] ] ] ] } },
{ "type": "Feature", "properties": { "t": "river" }, "geometry": { "type": "Polygon", "coordinates": [ [ [ 497125.70147184189409, 2955811.249764830805361 ], [ 497523.428717064205557, 2955301.693526117131114 ], [ 497827.408732495794538, 2955190.56117145717144 ], [ 497829.220187005121261, 2955189.48462247569114 ], [ 498158.196530128596351, 2955042.777784631121904 ], [ 498179.966589910443872, 2955016.472848705016077 ], [ 498393.228106051974464, 2954457.048486974555999 ], [ 498392.243905572919175, 2954424.909643482416868 ], [ 498110.207196937699337, 2955035.780978418886662 ], [ 498012.250164369994309, 2955064.00708038546145 ], [ 498010.749629775295034, 2955069.022626025602221 ], [ 498004.253691153484397, 2955066.311285451054573 ], [ 497533.355388405325357, 2955202.012272456660867 ], [ 497075.952676328655798, 2955722.657246972434223 ], [ 496992.65035515173804, 2956823.837802349589765 ], [ 497010.031076075742021, 2956798.265098847914487 ], [ 497041.05668536410667, 2956718.434103700798005 ], [ 497125.70147184189409, 2955811.249764830805361 ] ] ] } },
{ "type": "Feature", "properties": { "t": "river" }, "geometry": { "type": "MultiPolygon", "coordinates": [ [ [ [ 496776.420990641519893, 2951159.642445449717343 ], [ 496816.396048575523309, 2951868.459736717864871 ], [ 497861.169214026769623, 2952776.42660151515156 ], [ 498480.121120927506126, 2952659.993765347637236 ], [ 497950.694512092275545, 2952732.110047997906804 ], [ 496856.177383262198418, 2951813.072658481542021 ], [ 496796.344782441388816, 2951259.316213758662343 ], [ 497039.610048681555782, 2950995.075591241475195 ], [ 496776.420990641519893, 2951159.642445449717343 ] ] ], [ [ [ 497602.068001514184289, 2950384.180483358446509 ], [ 497442.806748324655928, 2950074.100100437644869 ], [ 496397.897670154634397, 2949575.960267680697143 ], [ 497542.357730552088469, 2950328.814844686537981 ], [ 497450.483631294686347, 2950548.810544239357114 ], [ 497602.068001514184289, 2950384.180483358446509 ] ] ], [ [ [ 498923.127968509797938, 2952854.94092123163864 ], [ 498846.011081844801083, 2952610.167155335191637 ], [ 498635.743246315512806, 2952638.799927688669413 ], [ 498923.127968509797938, 2952854.94092123163864 ] ] ], [ [ [ 498584.098806990252342, 2953467.405639754142612 ], [ 498817.289303040481173, 2953217.316967424936593 ], [ 499001.529990935057867, 2953103.804020914249122 ], [ 498956.707284126663581, 2952961.526864561717957 ], [ 498584.098806990252342, 2953467.405639754142612 ] ] ], [ [ [ 499131.240250547474716, 2953472.474805081728846 ], [ 499137.219049990002532, 2953540.720651785377413 ], [ 499239.68368444731459, 2953534.783042834606022 ], [ 499131.240250547474716, 2953472.474805081728846 ] ] ], [ [ [ 498269.191923952137586, 2953894.985053110867739 ], [ 498384.533626628399361, 2954173.137848592828959 ], [ 498379.724068651208654, 2954016.091369987931103 ], [ 498338.83374157838989, 2953983.579425101634115 ], [ 498358.707880748203024, 2953828.520394157152623 ], [ 498376.251537204836495, 2953902.705222238320857 ], [ 498374.350186001975089, 2953840.622582890558988 ], [ 498415.969921021256596, 2953724.75481355888769 ], [ 498417.860170242434833, 2953693.11925412947312 ], [ 498269.191923952137586, 2953894.985053110867739 ] ] ] ] } },
{ "type": "Feature", "properties": { "t": "river" }, "geometry": { "type": "Polygon", "coordinates": [ [ [ 495900.215991094009951, 2949099.869013144634664 ], [ 495601.162860014068428, 2947582.641326922457665 ], [ 495860.437518382677808, 2949177.409679865930229 ], [ 496397.897670154634397, 2949575.960267680697143 ], [ 495900.215991094009951, 2949099.869013144634664 ] ] ] } },
{ "type": "Feature", "properties": { "t": "river" }, "geometry": { "type": "Polygon", "coordinates": [ [ [ 487302.328337973740418, 2948828.667051277589053 ], [ 487630.58734083728632, 2948695.438308455049992 ], [ 487302.284068659588229, 2948784.36543375486508 ], [ 487302.328337973740418, 2948828.667051277589053 ] ] ] } },
{ "type": "Feature", "properties": { "t": "river" }, "geometry": { "type": "MultiPolygon", "coordinates": [ [ [ [ 498138.917941509047523, 2947338.358399434015155 ], [ 498507.208056130330078, 2947803.475403520278633 ], [ 498825.671363711357117, 2947814.517368933651596 ], [ 498178.727184224815574, 2947338.352634582202882 ], [ 498220.205888402706478, 2947006.467704996932298 ], [ 498138.917941509047523, 2947338.358399434015155 ] ] ], [ [ [ 498397.549627250060439, 2946319.390001006424427 ], [ 498317.970169666456059, 2946662.736307076644152 ], [ 498616.489093236974441, 2946053.555868420284241 ], [ 498487.078861632500775, 2945909.591069762129337 ], [ 498693.938069047988392, 2946001.634236458223313 ], [ 498691.821294314344414, 2945993.697577971499413 ], [ 498553.358532533806283, 2945901.702733871992677 ], [ 498552.540718533156905, 2945471.500137881375849 ], [ 498536.486677488021087, 2945411.312426140066236 ], [ 498337.722443295118865, 2945488.746610521804541 ], [ 498467.182680338737555, 2945998.196237201802433 ], [ 498384.20012746512657, 2946336.950177138671279 ], [ 498397.549627250060439, 2946319.390001006424427 ] ], [ [ 498566.72625693451846, 2946086.787427383009344 ], [ 498457.252155951340683, 2946186.478390430100262 ], [ 498506.9961177672958, 2945998.191502169705927 ], [ 498566.72625693451846, 2946086.787427383009344 ] ] ], [ [ [ 498511.649302032659762, 2945318.196554757189006 ], [ 498388.24135074095102, 2945240.267169583588839 ], [ 497829.99012478813529, 2944957.206834320444614 ], [ 498536.3863601986086, 2945410.936331537552178 ], [ 498511.649302032659762, 2945318.196554757189006 ] ] ], [ [ [ 499094.361845113220625, 2947648.364792527165264 ], [ 499263.950104628806002, 2947821.346077489666641 ], [ 499115.666905980673619, 2947625.702279056422412 ], [ 499115.454309857217595, 2947582.277686160523444 ], [ 498994.43144957482582, 2947128.412218248471618 ], [ 499094.361845113220625, 2947648.364792527165264 ] ] ], [ [ [ 499193.902889415505342, 2947969.543937575537711 ], [ 499532.273606478411239, 2948213.185297152493149 ], [ 499671.597506795602385, 2948257.482453336939216 ], [ 499583.914524115796667, 2948154.581545648165047 ], [ 499493.36584838735871, 2948124.050946988165379 ], [ 499322.168388256453909, 2947898.160999160725623 ], [ 499193.902889415505342, 2947969.543937575537711 ] ] ] ] } },
{ "type": "Feature", "properties": { "t": "river" }, "geometry": { "type": "Polygon", "coordinates": [ [ [ 494475.673551496642176, 2945511.988001981284469 ], [ 494445.585106818878558, 2944991.459971483796835 ], [ 494336.331005522981286, 2945534.199960080906749 ], [ 494007.858040466380771, 2945534.350417235866189 ], [ 493559.648859363456722, 2944958.651463418733329 ], [ 493858.562835370947141, 2945556.572302015963942 ], [ 494609.326394460105803, 2945788.834486512467265 ], [ 494475.673551496642176, 2945511.988001981284469 ] ] ] } },
{ "type": "Feature", "properties": { "t": "river" }, "geometry": { "type": "Polygon", "coordinates": [ [ [ 495192.142178988549858, 2944980.080687564332038 ], [ 495341.446445482200943, 2944957.874481468927115 ], [ 495112.500404480728321, 2944957.9603490838781 ], [ 495192.142178988549858, 2944980.080687564332038 ] ] ] } },
{ "type": "Feature", "properties": { "t": "river" }, "geometry": { "type": "Polygon", "coordinates": [ [ [ 462630.183238414349034, 2947825.089959534350783 ], [ 462610.148731899040285, 2947780.846422656439245 ], [ 462431.173939673462883, 2947836.752166043035686 ], [ 462630.183238414349034, 2947825.089959534350783 ] ] ] } },
{ "type": "Feature", "properties": { "t": "river" }, "geometry": { "type": "MultiPolygon", "coordinates": [ [ [ [ 447556.323169473267626, 2958389.386994454078376 ], [ 448002.61957289185375, 2958099.570479780901223 ], [ 448786.346648706006818, 2955799.890212311875075 ], [ 448739.291631665022578, 2955837.07235885085538 ], [ 447972.74144569109194, 2958088.61724026221782 ], [ 447536.435204021516256, 2958389.469398200977594 ], [ 447677.802712126227561, 2958909.456061637494713 ], [ 447556.323169473267626, 2958389.386994454078376 ] ] ], [ [ [ 449237.166894958820194, 2955979.055234712082893 ], [ 449279.22031683527166, 2955944.475264608394355 ], [ 449006.986066159093753, 2955625.549670966807753 ], [ 448793.277996137912851, 2955794.413202459458262 ], [ 449237.166894958820194, 2955979.055234712082893 ] ] ] ] } },
{ "type": "Feature", "properties": { "t": "river" }, "geometry": { "type": "Polygon", "coordinates": [ [ [ 449725.868701855069958, 2958823.623625663109124 ], [ 450012.70267472253181, 2958434.829236063174903 ], [ 449814.834270755178295, 2958690.359074695967138 ], [ 449725.868701855069958, 2958823.623625663109124 ] ] ] } },
{ "type": "Feature", "properties": { "t": "river" }, "geometry": { "type": "Polygon", "coordinates": [ [ [ 450021.291165657690726, 2958091.440945004113019 ], [ 449961.757370475912467, 2958124.903931298758835 ], [ 450032.153343762853183, 2958323.992954632267356 ], [ 450021.291165657690726, 2958091.440945004113019 ] ] ] } },
{ "type": "Feature", "properties": { "t": "river" }, "geometry": { "type": "Polygon", "coordinates": [ [ [ 444002.886323621147312, 2957629.282512126490474 ], [ 444211.04036280408036, 2957473.299174762796611 ], [ 444111.055233536870219, 2957351.903562470339239 ], [ 444002.886323621147312, 2957629.282512126490474 ] ] ] } },
{ "type": "Feature", "properties": { "t": "river" }, "geometry": { "type": "Polygon", "coordinates": [ [ [ 438554.993971491639968, 2955970.970774582587183 ], [ 438817.120273962907959, 2956700.727218362037092 ], [ 438561.673043366055936, 2955627.036145661026239 ], [ 438554.993971491639968, 2955970.970774582587183 ] ] ] } },
{ "type": "Feature", "properties": { "t": "river" }, "geometry": { "type": "Polygon", "coordinates": [ [ [ 439202.812827072164509, 2956244.749103493057191 ], [ 439143.670123101735953, 2956355.794289774727076 ], [ 439303.915583187423181, 2956587.62422290397808 ], [ 439202.812827072164509, 2956244.749103493057191 ] ] ] } },
{ "type": "Feature", "properties": { "t": "river" }, "geometry": { "type": "Polygon", "coordinates": [ [ [ 447299.428121940873098, 2956396.776846203487366 ], [ 447358.457170545356348, 2956241.467906924895942 ], [ 447488.990361538308207, 2956539.977317256387323 ], [ 447377.658537852927111, 2956075.248680869117379 ], [ 447299.428121940873098, 2956396.776846203487366 ] ] ] } },
{ "type": "Feature", "properties": { "t": "river" }, "geometry": { "type": "Polygon", "coordinates": [ [ [ 437992.285084036877379, 2955906.242944804485887 ], [ 438037.42231933720177, 2955895.958045944571495 ], [ 437987.25834291317733, 2955807.594282724428922 ], [ 437992.285084036877379, 2955906.242944804485887 ] ] ] } },
{ "type": "Feature", "properties": { "t": "river" }, "geometry": { "type": "Polygon", "coordinates": [ [ [ 442861.105534060276113, 2955840.061661327723414 ], [ 443060.225532207055949, 2955883.469562865793705 ], [ 442820.221928214130457, 2955596.573114363010973 ], [ 442861.105534060276113, 2955840.061661327723414 ] ] ] } },
{ "type": "Feature", "properties": { "t": "river" }, "geometry": { "type": "Polygon", "coordinates": [ [ [ 447445.028460732079111, 2955532.247132558375597 ], [ 447454.423661707201973, 2955399.296739645302296 ], [ 447385.535018733586185, 2955576.797799363732338 ], [ 447445.028460732079111, 2955532.247132558375597 ] ] ] } },
{ "type": "Feature", "properties": { "t": "lake" }, "geometry": { "type": "Polygon", "coordinates": [ [ [ 445778.701583256770391, 2954298.757239197846502 ], [ 445810.247426140878815, 2954697.357278262730688 ], [ 445869.739691424998455, 2954652.799244676716626 ], [ 445778.701583256770391, 2954298.757239197846502 ] ] ] } },
{ "type": "Feature", "properties": { "t": "river" }, "geometry": { "type": "Polygon", "coordinates": [ [ [ 438596.354776707652491, 2954242.895520832855254 ], [ 438356.110506032418925, 2953933.930065615102649 ], [ 438586.836563980847131, 2954331.550486668944359 ], [ 438596.354776707652491, 2954242.895520832855254 ] ] ] } },
{ "type": "Feature", "properties": { "t": "river" }, "geometry": { "type": "Polygon", "coordinates": [ [ [ 441040.879586044815369, 2953688.567015935201198 ], [ 441150.870283644006122, 2953809.89271586202085 ], [ 440858.256833158025984, 2952925.169959218706936 ], [ 441040.879586044815369, 2953688.567015935201198 ] ] ] } },
{ "type": "Feature", "properties": { "t": "river" }, "geometry": { "type": "Polygon", "coordinates": [ [ [ 445556.819734051125124, 2953590.846148508600891 ], [ 445686.33052422106266, 2953634.594724935479462 ], [ 445526.072637753095478, 2953380.534922337625176 ], [ 445556.819734051125124, 2953590.846148508600891 ] ] ] } },
{ "type": "Feature", "properties": { "t": "river" }, "geometry": { "type": "Polygon", "coordinates": [ [ [ 437870.43483790504979, 2952263.807974919676781 ], [ 438172.032893178286031, 2952904.748380639590323 ], [ 437890.22427256766241, 2952241.558913906104863 ], [ 437572.130465489055496, 2952298.500255870167166 ], [ 437870.43483790504979, 2952263.807974919676781 ] ] ] } },
{ "type": "Feature", "properties": { "t": "river" }, "geometry": { "type": "Polygon", "coordinates": [ [ [ 438382.241051461664028, 2951120.476684688124806 ], [ 438595.44442661118228, 2951000.455153287854046 ], [ 438379.714760001166724, 2950599.913911519572139 ], [ 438505.581851748516783, 2949879.360299577005208 ], [ 438325.714831286692061, 2949725.167657800484449 ], [ 438382.241051461664028, 2951120.476684688124806 ] ] ] } },
{ "type": "Feature", "properties": { "t": "river" }, "geometry": { "type": "Polygon", "coordinates": [ [ [ 445851.309571879915893, 2950333.261291441041976 ], [ 445756.396296176244505, 2951408.030472600832582 ], [ 445853.907173913670704, 2950942.425476066302508 ], [ 445851.309571879915893, 2950333.261291441041976 ] ] ] } },
{ "type": "Feature", "properties": { "t": "river" }, "geometry": { "type": "Polygon", "coordinates": [ [ [ 446003.107776031771209, 2950930.714154462330043 ], [ 445933.270133930433076, 2950886.707690368872136 ], [ 445853.812706927477848, 2950920.274042979814112 ], [ 446003.107776031771209, 2950930.714154462330043 ] ] ] } },
{ "type": "Feature", "properties": { "t": "river" }, "geometry": { "type": "Polygon", "coordinates": [ [ [ 446100.67878283461323, 2950476.187257068231702 ], [ 446040.271612875745632, 2950310.305189276579767 ], [ 445851.309571879915893, 2950333.261291441041976 ], [ 446100.67878283461323, 2950476.187257068231702 ] ] ] } },
{ "type": "Feature", "properties": { "t": "river" }, "geometry": { "type": "Polygon", "coordinates": [ [ [ 441074.370898927154485, 2950188.387646828778088 ], [ 441043.9024302077014, 2950055.617055134382099 ], [ 440694.027939741208684, 2949713.88983539165929 ], [ 441074.370898927154485, 2950188.387646828778088 ] ] ] } },
{ "type": "Feature", "properties": { "t": "river" }, "geometry": { "type": "Polygon", "coordinates": [ [ [ 438241.962090586312115, 2948872.719079151749611 ], [ 437961.10104059195146, 2948419.969489299692214 ], [ 437642.639014165964909, 2948421.528016753029078 ], [ 438071.543821483501233, 2948618.799536474980414 ], [ 438325.714831286692061, 2949725.167657800484449 ], [ 438241.962090586312115, 2948872.719079151749611 ] ] ] } },
{ "type": "Feature", "properties": { "t": "river" }, "geometry": { "type": "MultiPolygon", "coordinates": [ [ [ [ 437631.557042441854719, 2946162.072316854260862 ], [ 437792.387246821483131, 2946482.489154570735991 ], [ 438000.489458526368253, 2946422.517482957802713 ], [ 437631.557042441854719, 2946162.072316854260862 ] ] ], [ [ [ 438564.761985362274572, 2946765.017570431809872 ], [ 438468.311122174724005, 2946290.909224334638566 ], [ 438381.251825267681852, 2946319.360838097985834 ], [ 438564.761985362274572, 2946765.017570431809872 ] ] ], [ [ [ 438852.193086413899437, 2947463.11382142547518 ], [ 438811.58286956010852, 2947297.169107214547694 ], [ 439110.750354541232809, 2947417.568923126440495 ], [ 439229.300631067715585, 2947642.806600582785904 ], [ 439578.363035724731162, 2947667.031399768777192 ], [ 439529.39597355038859, 2947548.48281296575442 ], [ 438738.600008796376642, 2947187.215777860488743 ], [ 438852.193086413899437, 2947463.11382142547518 ] ] ], [ [ [ 439963.897327964252327, 2948930.922905002254993 ], [ 440033.658896667824592, 2948597.131157447118312 ], [ 439922.049205414718017, 2948499.156612748745829 ], [ 439697.609197442478035, 2947955.734488412272185 ], [ 439963.897327964252327, 2948930.922905002254993 ] ] ], [ [ [ 440604.469994533341378, 2949714.308273785747588 ], [ 440623.671753429982346, 2949589.426726866513491 ], [ 440522.68507586180931, 2949249.498914035502821 ], [ 440521.8555031074211, 2949072.286857921164483 ], [ 440627.260798550560139, 2949566.08513127733022 ], [ 440713.278878280019853, 2949006.689316200092435 ], [ 440461.680093970615417, 2948972.884728879202157 ], [ 440171.026767039031256, 2948717.720446570310742 ], [ 440604.469994533341378, 2949714.308273785747588 ] ] ], [ [ [ 441168.849304112663958, 2949102.502626508008689 ], [ 441191.212992535438389, 2949634.046408635564148 ], [ 441178.646834793325979, 2949069.229319513775408 ], [ 440978.815482017933391, 2949042.372165999375284 ], [ 441168.849304112663958, 2949102.502626508008689 ] ] ] ] } },
{ "type": "Feature", "properties": { "t": "river" }, "geometry": { "type": "MultiPolygon", "coordinates": [ [ [ [ 441640.919887066702358, 2947881.969523433595896 ], [ 441483.059714702540077, 2948181.746167993638664 ], [ 441535.508284214360174, 2948361.515091583598405 ], [ 441640.919887066702358, 2947881.969523433595896 ] ] ], [ [ [ 441634.731427744671237, 2948701.619090584106743 ], [ 441702.919681202736683, 2948380.103146251756698 ], [ 441538.003389039717149, 2948370.067259298171848 ], [ 441634.731427744671237, 2948701.619090584106743 ] ] ] ] } },
{ "type": "Feature", "properties": { "t": "river" }, "geometry": { "type": "Polygon", "coordinates": [ [ [ 444886.901922027056571, 2948221.910643650218844 ], [ 445196.22551255999133, 2948408.863320863805711 ], [ 444746.514828941668384, 2947978.850388738326728 ], [ 444886.901922027056571, 2948221.910643650218844 ] ] ] } },
{ "type": "Feature", "properties": { "t": "river" }, "geometry": { "type": "Polygon", "coordinates": [ [ [ 441921.406221107870806, 2948279.419236872345209 ], [ 441771.720464148442261, 2948191.496450260281563 ], [ 441861.744953803368844, 2948290.767958869226277 ], [ 441702.767271614167839, 2948346.875961693469435 ], [ 441921.406221107870806, 2948279.419236872345209 ] ] ] } },
{ "type": "Feature", "properties": { "t": "river" }, "geometry": { "type": "Polygon", "coordinates": [ [ [ 441978.135473278933205, 2947625.679090379737318 ], [ 442006.932034853321966, 2947392.952893137000501 ], [ 441700.328935276134871, 2947815.241197533905506 ], [ 441978.135473278933205, 2947625.679090379737318 ] ] ] } },
{ "type": "Feature", "properties": { "t": "river" }, "geometry": { "type": "Polygon", "coordinates": [ [ [ 441918.915369610418566, 2945554.750253222882748 ], [ 442212.085215215920471, 2945626.562961884308606 ], [ 441737.611309740401339, 2945090.390638011973351 ], [ 441918.915369610418566, 2945554.750253222882748 ] ] ] } },
{ "type": "Feature", "properties": { "t": "river" }, "geometry": { "type": "Polygon", "coordinates": [ [ [ 441760.916919099632651, 2945832.370531087741256 ], [ 441920.583910080429632, 2945920.247987274546176 ], [ 441690.579676395282149, 2945688.70569356624037 ], [ 441760.916919099632651, 2945832.370531087741256 ] ] ] } },
{ "type": "Feature", "properties": { "t": "river" }, "geometry": { "type": "Polygon", "coordinates": [ [ [ 442784.32582353730686, 2945417.918421460781246 ], [ 443183.928664542501792, 2945737.328729974571615 ], [ 442814.238246559805702, 2945428.85985008161515 ], [ 442792.786290386866312, 2945085.603509850334376 ], [ 442784.32582353730686, 2945417.918421460781246 ] ] ] } },
{ "type": "Feature", "properties": { "t": "river" }, "geometry": { "type": "Polygon", "coordinates": [ [ [ 441541.62561345420545, 2945766.920718120411038 ], [ 441690.579676395282149, 2945688.70569356624037 ], [ 441488.95280940795783, 2945135.83517101360485 ], [ 441340.146534774452448, 2945247.279471434652805 ], [ 441579.966676707088482, 2945445.542788950260729 ], [ 441561.456928424886428, 2945600.690719557460397 ], [ 441541.62561345420545, 2945766.920718120411038 ] ] ] } },
{ "type": "Feature", "properties": { "t": "river" }, "geometry": { "type": "Polygon", "coordinates": [ [ [ 441906.837566222355235, 2945089.616999794263393 ], [ 442145.845874759193975, 2945110.679990770760924 ], [ 442016.336892225313932, 2945089.117609636858106 ], [ 441906.837566222355235, 2945089.616999794263393 ] ] ] } },
{ "type": "Feature", "properties": { "t": "river" }, "geometry": { "type": "Polygon", "coordinates": [ [ [ 416891.954834115924314, 2959074.163436490576714 ], [ 416891.227539170358796, 2958963.401096497662365 ], [ 416643.355909044097643, 2959075.79827304603532 ], [ 416891.954834115924314, 2959074.163436490576714 ] ] ] } },
{ "type": "Feature", "properties": { "t": "river" }, "geometry": { "type": "MultiPolygon", "coordinates": [ [ [ [ 417826.685946445330046, 2959068.060157374013215 ], [ 418188.598934069101233, 2958135.275405217893422 ], [ 418284.720263751863968, 2958035.009935163892806 ], [ 418235.175357262953185, 2957647.60159904602915 ], [ 418706.068663916084915, 2956636.596285078208894 ], [ 418645.042291006422602, 2956426.532125134486705 ], [ 418841.904839133494534, 2956104.047649227082729 ], [ 419228.961202884791419, 2955968.655271812807769 ], [ 419235.404581156442873, 2956139.536669567227364 ], [ 420701.542199352115858, 2954452.943622072227299 ], [ 419911.409197121509351, 2955355.111862530000508 ], [ 418920.482639632595237, 2955948.472044995054603 ], [ 419070.177112642908469, 2955755.142654800787568 ], [ 419009.008916203049012, 2955792.833436458837241 ], [ 419097.678830705815926, 2955659.347832499537617 ], [ 419110.908734462107532, 2955702.539410688448697 ], [ 419739.367920265416615, 2954890.983881362248212 ], [ 419727.176633793627843, 2954536.610799201764166 ], [ 418486.903973491222132, 2956582.6213842285797 ], [ 418170.607267463346943, 2957829.560176425613463 ], [ 418226.80389343330171, 2957891.342087942641228 ], [ 418138.302703142515384, 2958046.987192085478455 ], [ 418148.63603109359974, 2957916.18774226307869 ], [ 417943.787295386660844, 2958723.923332787584513 ], [ 416891.954834115924314, 2959074.163436490576714 ], [ 417826.685946445330046, 2959068.060157374013215 ] ], [ [ 419307.615107640682254, 2955824.15838451590389 ], [ 419367.293857759505045, 2955823.778525040019304 ], [ 419337.665985884843394, 2955857.196866706479341 ], [ 419307.615107640682254, 2955824.15838451590389 ] ], [ [ 418567.610167225822806, 2956759.328464951366186 ], [ 418508.006980016827583, 2956770.788378441240638 ], [ 418497.277396223274991, 2956649.014437491074204 ], [ 418567.610167225822806, 2956759.328464951366186 ] ] ], [ [ [ 419235.810492404969409, 2957043.042792815715075 ], [ 419234.270211284980178, 2956955.533663604874164 ], [ 418830.387199943477754, 2957411.163158220704645 ], [ 418753.462295406439807, 2957546.092774082906544 ], [ 419235.810492404969409, 2957043.042792815715075 ] ] ] ] } },
{ "type": "Feature", "properties": { "t": "river" }, "geometry": { "type": "MultiPolygon", "coordinates": [ [ [ [ 414875.825174093071837, 2957979.886450123041868 ], [ 414431.525471443950664, 2958459.182326325681061 ], [ 414905.808617218572181, 2958001.838421548716724 ], [ 415120.309692735725548, 2957058.608432228676975 ], [ 414875.825174093071837, 2957979.886450123041868 ] ] ], [ [ [ 415983.06645417609252, 2955480.232570364605635 ], [ 415370.581027238105889, 2956115.679860442411155 ], [ 415345.475597923912574, 2956210.260607631411403 ], [ 415983.06645417609252, 2955480.232570364605635 ] ] ] ] } },
{ "type": "Feature", "properties": { "t": "lake" }, "geometry": { "type": "Polygon", "coordinates": [ [ [ 424415.45247968158219, 2958351.330931379459798 ], [ 424446.144949824141804, 2958495.142203350085765 ], [ 424534.520894337329082, 2958306.314636639785022 ], [ 424415.45247968158219, 2958351.330931379459798 ] ] ] } },
{ "type": "Feature", "properties": { "t": "river" }, "geometry": { "type": "Polygon", "coordinates": [ [ [ 423900.7679912733729, 2957102.769432724453509 ], [ 425166.577139663684648, 2957560.439171735197306 ], [ 423825.469392629340291, 2957023.797509531956166 ], [ 423900.7679912733729, 2957102.769432724453509 ] ] ] } },
{ "type": "Feature", "properties": { "t": "river" }, "geometry": { "type": "MultiPolygon", "coordinates": [ [ [ [ 419196.502629037946463, 2953997.229287534020841 ], [ 419246.562691254308447, 2954047.258487380109727 ], [ 419245.492737994936761, 2953879.228645611088723 ], [ 419196.502629037946463, 2953997.229287534020841 ] ] ], [ [ [ 419789.943805904476903, 2953450.71078647300601 ], [ 419815.526766315975692, 2953627.597302192822099 ], [ 420072.234644452983048, 2952463.11711964989081 ], [ 420687.438352822442539, 2953788.439654132351279 ], [ 420671.214603676460683, 2954375.597542562521994 ], [ 420808.61295308516128, 2954075.672250447794795 ], [ 420778.258019972010516, 2953993.974620789755136 ], [ 420778.700355353474151, 2954064.782548127695918 ], [ 420758.527894925209694, 2954020.602449087426066 ], [ 420772.944048411212862, 2953979.672645011916757 ], [ 420241.925945282680914, 2952550.661608051974326 ], [ 420466.865935261012055, 2951928.964841983281076 ], [ 420105.392963926307857, 2949826.698982627131045 ], [ 420070.258784537669271, 2950569.045327620115131 ], [ 419814.304232526221313, 2950333.437551111914217 ], [ 420021.273321732704062, 2950691.195301629602909 ], [ 419947.047280697734095, 2951544.554580713156611 ], [ 419792.263492674857844, 2951719.063879251014441 ], [ 419996.656681453576311, 2951522.088785308413208 ], [ 420043.754972381168045, 2951100.884514602832496 ], [ 420406.05767023016233, 2951752.121851457282901 ], [ 420386.644720805867109, 2951829.77917901147157 ], [ 420357.630028241837863, 2951962.879368874244392 ], [ 420139.996253146673553, 2952163.624296734575182 ], [ 420022.070388339576311, 2952396.974010811652988 ], [ 419907.715085849631578, 2953195.206045933999121 ], [ 419699.427371238707565, 2953296.211751722730696 ], [ 419631.472600904875435, 2953562.479430407751352 ], [ 419324.134277249337174, 2953730.579030189663172 ], [ 419349.711211770656519, 2953628.209862797521055 ], [ 419261.318184287578333, 2953841.111022140830755 ], [ 419789.943805904476903, 2953450.71078647300601 ] ], [ [ 420344.135771641740575, 2951398.0619977270253 ], [ 420364.452488659066148, 2951464.393572554457933 ], [ 420324.514020574395545, 2951442.491165223065764 ], [ 420344.135771641740575, 2951398.0619977270253 ] ], [ [ 420200.388611262198538, 2952274.009633531793952 ], [ 420170.610607063630596, 2952285.273443439044058 ], [ 420160.10392554057762, 2952196.727349961176515 ], [ 420200.388611262198538, 2952274.009633531793952 ] ] ], [ [ [ 419269.496170082595199, 2949831.984001941978931 ], [ 419323.96598334616283, 2950573.764625240582973 ], [ 419390.315901906578802, 2950052.746953103691339 ], [ 419545.8482752161799, 2950086.336901544593275 ], [ 419269.496170082595199, 2949831.984001941978931 ] ] ], [ [ [ 419520.285256007919088, 2953286.270471999887377 ], [ 419507.668088822974823, 2953247.779370055533946 ], [ 419441.690527626487892, 2953406.679540952201933 ], [ 419520.285256007919088, 2953286.270471999887377 ] ] ], [ [ [ 419485.379199743387289, 2952488.980262103956193 ], [ 419397.389650703174993, 2952164.291200621984899 ], [ 419364.16044874722138, 2952201.759759248699993 ], [ 419427.497365170740522, 2952653.34927188558504 ], [ 419485.379199743387289, 2952488.980262103956193 ] ] ], [ [ [ 419575.997667563497089, 2954227.424862214364111 ], [ 419373.531447328161448, 2954174.151586398482323 ], [ 419637.01766648091143, 2954437.492795483674854 ], [ 419665.2625941503793, 2954309.337887274567038 ], [ 419645.210491523146629, 2954160.526689183432609 ], [ 419692.36131281935377, 2954186.386368242092431 ], [ 419761.585190721147228, 2953872.317925391718745 ], [ 419575.997667563497089, 2954227.424862214364111 ] ] ] ] } },
{ "type": "Feature", "properties": { "t": "river" }, "geometry": { "type": "Polygon", "coordinates": [ [ [ 416547.587955119437538, 2953593.471280510071665 ], [ 416588.546488377673086, 2953770.428165534511209 ], [ 416614.1678352978779, 2953127.814574849326164 ], [ 416547.587955119437538, 2953593.471280510071665 ] ] ] } },
{ "type": "Feature", "properties": { "t": "river" }, "geometry": { "type": "Polygon", "coordinates": [ [ [ 416663.25614644959569, 2953027.802314148750156 ], [ 416683.008077979437076, 2953005.51931827608496 ], [ 416642.339907259738538, 2952872.866879739332944 ], [ 416663.25614644959569, 2953027.802314148750156 ] ] ] } },
{ "type": "Feature", "properties": { "t": "river" }, "geometry": { "type": "Polygon", "coordinates": [ [ [ 416630.135013141960371, 2952529.571581568568945 ], [ 416798.90652662148932, 2952473.08073769742623 ], [ 416848.071583843382541, 2952384.145520795602351 ], [ 416630.135013141960371, 2952529.571581568568945 ] ] ] } },
{ "type": "Feature", "properties": { "t": "river" }, "geometry": { "type": "Polygon", "coordinates": [ [ [ 416985.114439589553513, 2952039.873305472545326 ], [ 416955.048593859304674, 2952006.840171030722558 ], [ 416916.193223458365537, 2952151.090423567220569 ], [ 416985.114439589553513, 2952039.873305472545326 ] ] ] } },
{ "type": "Feature", "properties": { "t": "river" }, "geometry": { "type": "Polygon", "coordinates": [ [ [ 416843.136864440515637, 2951630.968186208046973 ], [ 416794.912619217007887, 2951863.893019292969257 ], [ 416845.241234068758786, 2951952.176080794539303 ], [ 416843.136864440515637, 2951630.968186208046973 ] ] ] } },
{ "type": "Feature", "properties": { "t": "river" }, "geometry": { "type": "Polygon", "coordinates": [ [ [ 416844.660697058949154, 2951863.566993600688875 ], [ 417010.545557458885014, 2951364.034161201212555 ], [ 416843.136864440515637, 2951630.968186208046973 ], [ 416844.660697058949154, 2951863.566993600688875 ] ] ] } },
{ "type": "Feature", "properties": { "t": "river" }, "geometry": { "type": "Polygon", "coordinates": [ [ [ 417093.183983373106457, 2951828.711398142389953 ], [ 417051.069306199613493, 2951474.535298266913742 ], [ 417072.126890683954116, 2951651.623318467289209 ], [ 417093.183983373106457, 2951828.711398142389953 ] ] ] } },
{ "type": "Feature", "properties": { "t": "river" }, "geometry": { "type": "MultiPolygon", "coordinates": [ [ [ [ 417114.13917300303001, 2950466.153616378549486 ], [ 417658.376208336907439, 2950205.522133911959827 ], [ 417348.919803404831327, 2949844.335393005982041 ], [ 417114.13917300303001, 2950466.153616378549486 ] ] ], [ [ [ 418319.099517305206973, 2950602.34144743019715 ], [ 418255.332596158143133, 2949971.388504450209439 ], [ 418157.089222382288426, 2950012.906853587832302 ], [ 418319.099517305206973, 2950602.34144743019715 ] ] ] ] } },
{ "type": "Feature", "properties": { "t": "river" }, "geometry": { "type": "Polygon", "coordinates": [ [ [ 412915.38367060595192, 2950560.712325287982821 ], [ 413083.56037426518742, 2950415.563046928029507 ], [ 413048.952212886768393, 2950377.567471120506525 ], [ 412915.38367060595192, 2950560.712325287982821 ] ] ] } },
{ "type": "Feature", "properties": { "t": "river" }, "geometry": { "type": "Polygon", "coordinates": [ [ [ 424496.138888426416088, 2950187.514761094935238 ], [ 425123.037729235365987, 2950183.803393661975861 ], [ 424482.023396452597808, 2950156.584820217918605 ], [ 424496.138888426416088, 2950187.514761094935238 ] ] ] } },
{ "type": "Feature", "properties": { "t": "river" }, "geometry": { "type": "Polygon", "coordinates": [ [ [ 419966.076903634238988, 2949827.575998455286026 ], [ 419806.858513821847737, 2949828.580173631664366 ], [ 419846.872786929830909, 2949861.557114544324577 ], [ 419966.076903634238988, 2949827.575998455286026 ] ] ] } },
{ "type": "Feature", "properties": { "t": "river" }, "geometry": { "type": "Polygon", "coordinates": [ [ [ 417256.329164339404088, 2949379.72237733611837 ], [ 416825.802058645058423, 2948983.776977810543031 ], [ 417348.919803404831327, 2949844.335393005982041 ], [ 417256.329164339404088, 2949379.72237733611837 ] ] ] } },
{ "type": "Feature", "properties": { "t": "river" }, "geometry": { "type": "MultiPolygon", "coordinates": [ [ [ [ 416820.753578740986995, 2946690.963352845050395 ], [ 417223.226155434444081, 2947352.929341213777661 ], [ 417248.164761637046468, 2948533.526534703560174 ], [ 417279.262397660291754, 2948316.223719920031726 ], [ 417348.064807456976268, 2948182.8575823684223 ], [ 417478.453907317540143, 2948337.081973596010357 ], [ 417478.166256883996539, 2948292.777672409079969 ], [ 417667.261830216040835, 2948291.551364399492741 ], [ 417786.260730662383139, 2948224.321887949015945 ], [ 417926.095627312490251, 2948300.953886119183153 ], [ 417984.104700103693176, 2948273.598148699849844 ], [ 417357.441194656479638, 2948094.184271024540067 ], [ 417281.575989308301359, 2947142.095487196929753 ], [ 417206.743798286304809, 2947068.833617816213518 ], [ 417211.470186887250748, 2947076.092529653571546 ], [ 417161.486936116300058, 2947043.188440708909184 ], [ 417161.364590851706453, 2947024.407290653791279 ], [ 416820.753578740986995, 2946690.963352845050395 ] ] ], [ [ [ 418354.972982570237946, 2948442.186453268397599 ], [ 418485.418038692849223, 2948607.496903846040368 ], [ 418704.223230351693928, 2948583.942321874666959 ], [ 418714.600440758280456, 2948650.335016570519656 ], [ 418734.362976722884923, 2948628.055603492539376 ], [ 418804.664662596187554, 2948727.294841162394732 ], [ 418775.658111837052274, 2948860.398359375074506 ], [ 418956.205687520501669, 2949080.775803626980633 ], [ 419006.741095272242092, 2949202.29520109295845 ], [ 419126.583980191673618, 2949267.990873687434942 ], [ 419187.139021491922904, 2949400.523675285279751 ], [ 418938.13951137533877, 2949368.880422772839665 ], [ 418789.149778201477602, 2949414.137994827702641 ], [ 418340.620432686293498, 2949306.247691772412509 ], [ 418230.582678738282993, 2949218.343133759684861 ], [ 418109.520924356300384, 2948964.362510605715215 ], [ 417959.170351568318438, 2948799.18429666897282 ], [ 417809.317338095919695, 2948711.540318769868463 ], [ 417659.892809872282669, 2948690.354526385199279 ], [ 417515.254791899758857, 2948742.244615074712783 ], [ 417859.507219413295388, 2948777.675036795902997 ], [ 418291.004951517912559, 2949328.719748263247311 ], [ 419229.691534906974994, 2949832.237041872926056 ], [ 418998.9079691672232, 2949534.640580769162625 ], [ 419157.566446766199078, 2949445.017862292006612 ], [ 420105.392963926307857, 2949826.698982627131045 ], [ 419326.881977746903431, 2949466.094595064409077 ], [ 418643.73041634663241, 2948462.487790185026824 ], [ 418177.104576250887476, 2948328.861259860917926 ], [ 418354.972982570237946, 2948442.186453268397599 ] ], [ [ 418835.581922188110184, 2948893.245009738951921 ], [ 418795.420411046710797, 2948838.119029731024057 ], [ 418814.970496528898366, 2948782.611554064322263 ], [ 418835.228195656149182, 2948837.864708244334906 ], [ 418835.581922188110184, 2948893.245009738951921 ] ], [ [ 418634.416370812454261, 2948562.23602988710627 ], [ 418604.701749550702516, 2948584.579334727022797 ], [ 418525.084554167173337, 2948585.089506262913346 ], [ 418465.229531847464386, 2948563.32033752836287 ], [ 418364.854104430240113, 2948431.04646204225719 ], [ 418514.280222409346607, 2948452.240583213046193 ], [ 418604.27612272935221, 2948518.122976165730506 ], [ 418634.416370812454261, 2948562.23602988710627 ] ] ], [ [ [ 417249.583366227394436, 2948600.684021340683103 ], [ 417252.001439652813133, 2948715.157022585626692 ], [ 417304.372899521957152, 2948720.545368681661785 ], [ 417249.583366227394436, 2948600.684021340683103 ] ] ] ] } },
{ "type": "Feature", "properties": { "t": "river" }, "geometry": { "type": "MultiPolygon", "coordinates": [ [ [ [ 421316.302892701118253, 2946685.938366113696247 ], [ 421291.923096733051352, 2946983.723245061468333 ], [ 421303.498212586622685, 2947006.972660317551345 ], [ 421316.302892701118253, 2946685.938366113696247 ] ] ], [ [ [ 421353.92687024793122, 2945742.781947158742696 ], [ 421022.959346221876331, 2945346.081531349569559 ], [ 421351.368773487396538, 2945806.901682525407523 ], [ 421353.92687024793122, 2945742.781947158742696 ] ] ], [ [ [ 421654.748011864372529, 2947712.526083508040756 ], [ 422046.030509293079376, 2948219.635753804817796 ], [ 423222.689911475754343, 2948503.05123909143731 ], [ 423201.976518250536174, 2948456.279375310521573 ], [ 422095.792343562934548, 2948219.330660035833716 ], [ 421644.942463703453541, 2947692.828577951993793 ], [ 421654.748011864372529, 2947712.526083508040756 ] ] ], [ [ [ 423695.219288137333933, 2949383.724570508114994 ], [ 424334.617086610291153, 2949800.80267594801262 ], [ 423647.079827888053842, 2949278.265617558266968 ], [ 423695.219288137333933, 2949383.724570508114994 ] ] ] ] } },
{ "type": "Feature", "properties": { "t": "river" }, "geometry": { "type": "MultiPolygon", "coordinates": [ [ [ [ 414969.220672506315168, 2946681.054289198946208 ], [ 415005.485755838104524, 2946714.777142628096044 ], [ 414979.100343224243261, 2946669.911650282796472 ], [ 414992.218753672030289, 2946649.597146034706384 ], [ 414969.220672506315168, 2946681.054289198946208 ] ] ], [ [ [ 415442.597162106947508, 2946368.128750563133508 ], [ 415709.610513009014539, 2945825.464387725573033 ], [ 415710.097614273254294, 2945823.227233097888529 ], [ 415711.476356943661813, 2945821.672532611526549 ], [ 415945.856214245373849, 2945345.375952424947172 ], [ 415341.973740732355509, 2946171.221797504927963 ], [ 415442.597162106947508, 2946368.128750563133508 ] ] ], [ [ [ 415656.761077151633799, 2946787.241898875217885 ], [ 416533.841809265664779, 2946958.680184383876622 ], [ 416810.7999112259713, 2946691.028455363586545 ], [ 415845.953045393165667, 2946797.065165911335498 ], [ 415514.934513910207897, 2946509.687664817553014 ], [ 415656.761077151633799, 2946787.241898875217885 ] ], [ [ 416383.811579325003549, 2946848.900248635094613 ], [ 416602.789703411515802, 2946847.462369561195374 ], [ 416403.937106723664328, 2946881.997596641536802 ], [ 416383.811579325003549, 2946848.900248635094613 ] ], [ [ 416045.171339696156792, 2946817.901606286875904 ], [ 416164.687351306667551, 2946828.189744915813208 ], [ 416144.999300943687558, 2946861.549222921486944 ], [ 416045.171339696156792, 2946817.901606286875904 ] ] ], [ [ [ 415950.760474967071787, 2947593.885091372765601 ], [ 416104.015070845198352, 2948424.773060262668878 ], [ 416070.41556408861652, 2947626.324342289473861 ], [ 415848.102049142937176, 2947498.403328056912869 ], [ 415950.760474967071787, 2947593.885091372765601 ] ] ], [ [ [ 416126.246528939111158, 2948545.311807380057871 ], [ 416825.874559104209766, 2948994.853073494043201 ], [ 416112.929215698153712, 2948473.105214561335742 ], [ 416126.246528939111158, 2948545.311807380057871 ] ] ] ] } },
{ "type": "Feature", "properties": { "t": "river" }, "geometry": { "type": "Polygon", "coordinates": [ [ [ 425115.007718526583631, 2948821.459180315025151 ], [ 425054.643471025221515, 2948711.05159829184413 ], [ 425115.856255963735748, 2948965.446670553646982 ], [ 425115.007718526583631, 2948821.459180315025151 ] ] ] } },
{ "type": "Feature", "properties": { "t": "river" }, "geometry": { "type": "MultiPolygon", "coordinates": [ [ [ [ 413935.350039285200182, 2977548.088799483142793 ], [ 413985.523201403324492, 2977624.570035491138697 ], [ 413985.284428023383953, 2977589.689158676192164 ], [ 413935.350039285200182, 2977548.088799483142793 ] ] ], [ [ [ 414557.454941718955524, 2978496.469666576944292 ], [ 414640.262066099676304, 2978554.615062985103577 ], [ 414487.20000954635907, 2978386.177160786930472 ], [ 414185.250764376076404, 2977790.074913961347193 ], [ 414125.14525602129288, 2977712.94615724356845 ], [ 414015.379877355648205, 2977670.082450280431658 ], [ 414557.454941718955524, 2978496.469666576944292 ] ] ], [ [ [ 415385.491361369378865, 2979077.947480471804738 ], [ 415477.380288576590829, 2979453.948120126966387 ], [ 415476.038215546868742, 2979254.570370071567595 ], [ 415795.222227321530227, 2979473.966657086741179 ], [ 416114.476333879050799, 2979498.799868620466441 ], [ 415065.091579796047881, 2978681.336619250942022 ], [ 414948.494987407291774, 2978392.23188866302371 ], [ 414568.560288107953966, 2978075.651185525581241 ], [ 414645.383189494139515, 2978285.407841806299984 ], [ 414886.302777476026677, 2978671.469866339117289 ], [ 414815.956484776164871, 2978677.987490754574537 ], [ 415385.491361369378865, 2979077.947480471804738 ] ], [ [ 415015.748667968611699, 2978725.97857866762206 ], [ 415404.974731025693472, 2979022.431013334076852 ], [ 415125.860456289665308, 2978858.158553617540747 ], [ 415015.748667968611699, 2978725.97857866762206 ] ] ], [ [ [ 414305.012700280640274, 2977856.066005528438836 ], [ 414355.256300956010818, 2977966.147810399066657 ], [ 414467.922866986773442, 2977991.799566305242479 ], [ 414305.012700280640274, 2977856.066005528438836 ] ] ], [ [ [ 416450.831687957339454, 2979524.972176605369896 ], [ 416433.095961431623437, 2979408.834018514957279 ], [ 416270.758263863506727, 2979510.959264389704913 ], [ 416450.831687957339454, 2979524.972176605369896 ] ] ], [ [ [ 416914.068415588058997, 2978349.763820202555507 ], [ 416456.968083760410082, 2978516.660823345649987 ], [ 416413.169939051847905, 2978709.801736211869866 ], [ 416474.206113063090015, 2978561.116759370081127 ], [ 416642.330827745434362, 2978460.306904194876552 ], [ 416781.332361078937538, 2978459.385234558489174 ], [ 416712.712948899541516, 2978592.763986646197736 ], [ 416424.183812497183681, 2978909.092300374060869 ], [ 416429.576025847811252, 2978982.045835132244974 ], [ 416914.068415588058997, 2978349.763820202555507 ] ] ] ] } },
{ "type": "Feature", "properties": { "t": "river" }, "geometry": { "type": "Polygon", "coordinates": [ [ [ 417658.664706356124952, 2978015.827869452070445 ], [ 417622.00112156837713, 2977955.380389370955527 ], [ 417701.506163925863802, 2977965.93629408814013 ], [ 417672.457080872787628, 2978007.009551242925227 ], [ 417771.411455387831666, 2977943.742718054912984 ], [ 417746.020090675679967, 2977800.684622975531965 ], [ 417698.260945902438834, 2977840.365159600507468 ], [ 417234.823870834545232, 2978142.111539857462049 ], [ 417019.401117702946067, 2978424.579300612676889 ], [ 417658.664706356124952, 2978015.827869452070445 ] ] ] } },
{ "type": "Feature", "properties": { "t": "river" }, "geometry": { "type": "MultiPolygon", "coordinates": [ [ [ [ 413942.242747425858397, 2975653.866240519564599 ], [ 413888.407623341889121, 2976027.950208558700979 ], [ 414049.590652044105809, 2975376.206299350596964 ], [ 413748.617090571322478, 2974935.1855040313676 ], [ 413986.538241040543653, 2974307.985132164787501 ], [ 413667.219075142988004, 2974665.360489321872592 ], [ 413942.242747425858397, 2975653.866240519564599 ] ], [ [ 414000.465004115831107, 2975454.081347232684493 ], [ 413961.725731999555137, 2975598.347750293556601 ], [ 413939.968763127049897, 2975321.570815595332533 ], [ 414000.465004115831107, 2975454.081347232684493 ] ] ], [ [ [ 414490.166090937040281, 2972980.571423158049583 ], [ 414341.019510099198669, 2972959.431483095046133 ], [ 414135.367616459552664, 2973915.68188306922093 ], [ 414490.166090937040281, 2972980.571423158049583 ] ] ], [ [ [ 413781.08898543351097, 2976773.751999279484153 ], [ 413935.350039285200182, 2977548.088799483142793 ], [ 413836.796117689576931, 2976386.607180426362902 ], [ 413781.08898543351097, 2976773.751999279484153 ] ] ] ] } },
{ "type": "Feature", "properties": { "t": "river" }, "geometry": { "type": "Polygon", "coordinates": [ [ [ 414639.664066582685336, 2977443.591167760547251 ], [ 414288.428979904507287, 2976903.206683797761798 ], [ 414580.764560793468263, 2977543.684790410567075 ], [ 414639.664066582685336, 2977443.591167760547251 ] ] ] } },
{ "type": "Feature", "properties": { "t": "river" }, "geometry": { "type": "MultiPolygon", "coordinates": [ [ [ [ 418334.085447628633119, 2977518.73088498134166 ], [ 418688.471791384799872, 2976921.855494395364076 ], [ 418577.879838664201088, 2977024.657722231466323 ], [ 418434.701495374552906, 2977228.544841900467873 ], [ 418209.980732371506747, 2977415.227317187935114 ], [ 418334.085447628633119, 2977518.73088498134166 ] ] ], [ [ [ 419547.104689006751869, 2976214.909425726160407 ], [ 420580.215155465935823, 2976263.724925000686198 ], [ 421072.699280922301114, 2975618.166806597262621 ], [ 420609.516550902277231, 2976186.001871877349913 ], [ 420580.625491253507789, 2976184.057170165702701 ], [ 420556.77341691032052, 2976223.587993960361928 ], [ 420190.485911974450573, 2976157.802826652303338 ], [ 419675.368855029926635, 2976123.156845155637711 ], [ 419392.93048743752297, 2976267.08020385960117 ], [ 418968.485849374672398, 2976661.576821169350296 ], [ 419547.104689006751869, 2976214.909425726160407 ] ] ] ] } },
{ "type": "Feature", "properties": { "t": "river" }, "geometry": { "type": "MultiPolygon", "coordinates": [ [ [ [ 422530.907923323276918, 2974395.303053368348628 ], [ 422350.527507470571436, 2974519.778279656544328 ], [ 422155.003610176267102, 2974975.687320305034518 ], [ 422132.591854147787672, 2975184.640952479094267 ], [ 422049.578062872518785, 2975221.527009473647922 ], [ 422043.586424083507154, 2975235.49912095349282 ], [ 421940.904690509487409, 2975269.815721663180739 ], [ 421932.555714905029163, 2975273.525620593223721 ], [ 422182.347999996622093, 2975190.332593004219234 ], [ 422558.97096922271885, 2974391.488033468369395 ], [ 422530.907923323276918, 2974395.303053368348628 ] ] ], [ [ [ 422769.529265475401189, 2974704.873391194734722 ], [ 422674.275693162053358, 2974434.077557917684317 ], [ 422876.652583923889324, 2974536.680929308757186 ], [ 422857.160856325295754, 2974442.112179605755955 ], [ 422719.594133907288779, 2974369.653431840706617 ], [ 422571.261756062624045, 2974389.817187707405537 ], [ 422769.529265475401189, 2974704.873391194734722 ] ] ], [ [ [ 422778.198456375743262, 2974718.649556589778513 ], [ 422835.493648031668272, 2974809.697931279428303 ], [ 422720.604066482861526, 2975508.240544144064188 ], [ 422922.413120549055748, 2976027.610937644261867 ], [ 423231.340095329913311, 2976202.949398090597242 ], [ 423101.500481791503262, 2976081.898254608269781 ], [ 424218.236818638280965, 2976009.533896788954735 ], [ 424103.805035614699591, 2975965.040195067878813 ], [ 423031.784014163014945, 2976049.094494950957596 ], [ 423023.667878090986051, 2976035.913569374475628 ], [ 422994.308613499859348, 2976037.892235739622265 ], [ 422908.504357097204775, 2975848.886924421880394 ], [ 422821.1366773188347, 2975707.005302560981363 ], [ 422827.420383877120912, 2975670.28478718129918 ], [ 422751.721364415017888, 2975503.548871281556785 ], [ 422930.61606230319012, 2974798.504538198001683 ], [ 422891.157602454826701, 2974607.056341175921261 ], [ 422778.198456375743262, 2974718.649556589778513 ] ] ], [ [ [ 423925.793083875323646, 2976087.960394093301147 ], [ 424641.645648997277021, 2976227.647007287014276 ], [ 425124.831949147046544, 2977321.357549132779241 ], [ 425263.382671861327253, 2977242.995559048373252 ], [ 425242.148769976454787, 2977202.359259047545493 ], [ 425158.890748713747598, 2977256.534385783132166 ], [ 424963.885977237892803, 2976913.133249499835074 ], [ 424731.49326712655602, 2976225.181746017653495 ], [ 424723.803725548437797, 2976210.468517038971186 ], [ 424622.603103023720905, 2976166.771593301557004 ], [ 424222.702364829659928, 2976011.270230924710631 ], [ 423925.793083875323646, 2976087.960394093301147 ] ] ] ] } },
{ "type": "Feature", "properties": { "t": "river" }, "geometry": { "type": "MultiPolygon", "coordinates": [ [ [ [ 475259.922769850061741, 2927537.447205391246825 ], [ 474829.565694474149495, 2926652.270071183796972 ], [ 475130.211916657630354, 2927471.247135050594807 ], [ 475312.920471410441678, 2927588.773363318294287 ], [ 475259.922769850061741, 2927537.447205391246825 ] ] ], [ [ [ 476137.513085899990983, 2928681.483000725973397 ], [ 476058.79833046317799, 2928311.193144669756293 ], [ 475683.203425298270304, 2927947.395203283987939 ], [ 476137.513085899990983, 2928681.483000725973397 ] ] ], [ [ [ 475791.253185966634192, 2929142.336392576806247 ], [ 475984.505679814319592, 2929650.754513590596616 ], [ 476051.316543031367473, 2929640.231969301588833 ], [ 475871.069337655149866, 2929186.486596070695668 ], [ 476169.406338622153271, 2928831.521317266393453 ], [ 476160.966284579597414, 2928791.815663589630276 ], [ 475791.253185966634192, 2929142.336392576806247 ] ] ], [ [ [ 475543.125121784280054, 2929685.493523015175015 ], [ 475493.930321026360616, 2930017.844308099709451 ], [ 476064.078951711824629, 2931135.363707179203629 ], [ 475523.912740466417745, 2930062.08785158675164 ], [ 475553.154729002329987, 2929718.700031715910882 ], [ 475736.6168581849779, 2929689.799586366396397 ], [ 475543.125121784280054, 2929685.493523015175015 ] ] ] ] } },
{ "type": "Feature", "properties": { "t": "river" }, "geometry": { "type": "Polygon", "coordinates": [ [ [ 482919.582574243308045, 2930803.195664712227881 ], [ 483138.467995085346047, 2930537.101034597028047 ], [ 482889.612768646737095, 2930747.859777740668505 ], [ 483049.55634180927882, 2931124.20324996765703 ], [ 482919.582574243308045, 2930803.195664712227881 ] ] ] } },
{ "type": "Feature", "properties": { "t": "river" }, "geometry": { "type": "MultiPolygon", "coordinates": [ [ [ [ 484434.408860514115077, 2930889.864912156481296 ], [ 484387.684571082296316, 2930872.620055867824703 ], [ 484384.86676481255563, 2931122.504036688245833 ], [ 484434.408860514115077, 2930889.864912156481296 ] ] ], [ [ [ 484443.983642128761858, 2930568.673188244458288 ], [ 484402.853508466563653, 2929527.657653614412993 ], [ 484390.701847777643707, 2930605.061427127104253 ], [ 484443.983642128761858, 2930568.673188244458288 ] ] ] ] } },
{ "type": "Feature", "properties": { "t": "river" }, "geometry": { "type": "MultiPolygon", "coordinates": [ [ [ [ 484302.295058304851409, 2928796.820382229983807 ], [ 483144.672923767298926, 2927679.701671861112118 ], [ 483255.330793736793566, 2928454.816691211424768 ], [ 484143.27859750558855, 2929162.49629724631086 ], [ 484821.02869381417986, 2929183.8252994986251 ], [ 484442.664652097737417, 2929483.308586415834725 ], [ 484890.859593673958443, 2929239.118473747279495 ], [ 484985.548649800824933, 2929512.408228276763111 ], [ 484970.721308188571129, 2929349.776015587151051 ], [ 485379.899291787936818, 2929836.609082374256104 ], [ 485051.43337875045836, 2929702.570757952518761 ], [ 485146.30645379627822, 2929976.412596133071929 ], [ 485310.17542505444726, 2929869.914372504688799 ], [ 486128.045260841143318, 2930478.135766362771392 ], [ 486039.020324790035374, 2931087.366802094038576 ], [ 486726.641283455304801, 2931119.860552905127406 ], [ 486386.003279338241555, 2929581.746142996940762 ], [ 486206.611766342830379, 2929403.760784008074552 ], [ 486236.415527784265578, 2929315.127536222804338 ], [ 486383.299431429535616, 2929569.538712336681783 ], [ 486125.801312908995897, 2928407.085380734875798 ], [ 486485.259974871354643, 2929015.833610504399985 ], [ 487113.325026901322417, 2929181.313294092193246 ], [ 486943.612189057399519, 2928904.606722482014447 ], [ 487102.90124354272848, 2928727.243152046576142 ], [ 486195.678493650979362, 2928506.686096928548068 ], [ 486014.736724947404582, 2927100.341336264740676 ], [ 486294.495734840980731, 2927709.170674238819629 ], [ 487231.907366899598856, 2928162.282277753576636 ], [ 486334.330902591755148, 2927675.902756138239056 ], [ 486164.473827277077362, 2927299.530921231023967 ], [ 486463.477825329289772, 2927265.986242872197181 ], [ 485744.993787241517566, 2926557.957943908404559 ], [ 484933.938723177998327, 2926543.548226940911263 ], [ 484997.365545051288791, 2926569.886256366036832 ], [ 485196.723585792118683, 2926558.579370242077857 ], [ 485485.94946230360074, 2926680.074865500442684 ], [ 485635.488685546268243, 2926690.981525808107108 ], [ 485795.204736615589354, 2926890.155572808347642 ], [ 485864.970551051723305, 2926879.003328919410706 ], [ 485894.948574946436565, 2926945.420989864971489 ], [ 485625.954962962074205, 2927078.62124951928854 ], [ 485426.252066524059046, 2926779.818627565633506 ], [ 484937.606348838715348, 2926614.256794908549637 ], [ 484919.266517411451787, 2926543.288024086505175 ], [ 483402.326789707527496, 2926516.476672829128802 ], [ 483691.669501934666187, 2926715.457493575289845 ], [ 483502.383295697567519, 2926804.300718746613711 ], [ 483133.174860888859257, 2926516.827990104444325 ], [ 483263.171443230996374, 2926826.761098423507065 ], [ 484260.359799986588769, 2927113.450979370623827 ], [ 485279.055229666468222, 2928806.735583932138979 ], [ 485428.670643611461855, 2928906.240783204324543 ], [ 485308.58723317028489, 2928485.522568144835532 ], [ 485577.99688078701729, 2928751.019755017012358 ], [ 485778.428493069426622, 2929736.48376697441563 ], [ 485599.101424222928472, 2929792.060003603808582 ], [ 485060.211977367871441, 2929172.46886670216918 ], [ 485209.517855838872492, 2929006.168322630226612 ], [ 485538.904939677624498, 2929437.722929757554084 ], [ 485299.204952532832976, 2928994.989907516632229 ], [ 484561.24526001769118, 2928641.453561966307461 ], [ 484502.980918476590887, 2928676.410634713247418 ], [ 484531.424718546099029, 2928707.940417482051998 ], [ 484481.684250644990243, 2928785.526618196628988 ], [ 484411.889549924584571, 2928763.461079938802868 ], [ 484434.333239829982631, 2928717.598024906590581 ], [ 484302.295058304851409, 2928796.820382229983807 ] ], [ [ 486724.149206652189605, 2928716.555010422598571 ], [ 486893.869268131500576, 2928993.258637719321996 ], [ 486694.593798198504373, 2929048.839828487485647 ], [ 486554.86362986441236, 2928860.708389805164188 ], [ 486594.626316462818068, 2928760.990468290634453 ], [ 486724.149206652189605, 2928716.555010422598571 ] ], [ [ 486446.952867207641248, 2930488.869257151614875 ], [ 486327.781138151010964, 2930876.626787835266441 ], [ 486228.129280451394152, 2930876.733643893152475 ], [ 486247.678819448978174, 2930522.307314136065543 ], [ 486377.194456332363188, 2930488.943316228222102 ], [ 486446.952867207641248, 2930488.869257151614875 ] ], [ [ 486247.571717957849614, 2930422.630965624470264 ], [ 486167.715745698777027, 2930300.890242141671479 ], [ 486367.087410982057918, 2930356.05214154208079 ], [ 486247.571717957849614, 2930422.630965624470264 ] ], [ [ 486288.03906940651359, 2930987.420998731162399 ], [ 486218.34301274723839, 2931042.871723349671811 ], [ 486218.247588529717177, 2930954.27046504849568 ], [ 486288.03906940651359, 2930987.420998731162399 ] ], [ [ 486187.491651851392817, 2930156.891812982037663 ], [ 486057.924882071150932, 2930145.957119576632977 ], [ 486137.62693762849085, 2930123.720241507515311 ], [ 486187.491651851392817, 2930156.891812982037663 ] ], [ [ 486145.591790724778548, 2928274.162361730821431 ], [ 486015.92131321557099, 2928185.702201793435961 ], [ 486025.695302290783729, 2928008.489450089167804 ], [ 486055.549341622157954, 2927964.156406198628247 ], [ 486095.563397794379853, 2928097.014465864282101 ], [ 486145.591790724778548, 2928274.162361730821431 ] ], [ [ 486097.487210289458744, 2929869.035170234274119 ], [ 485957.987910640193149, 2929891.337732949759811 ], [ 485937.739720589015633, 2929603.405956612899899 ], [ 486097.487210289458744, 2929869.035170234274119 ] ], [ [ 486065.998660501732957, 2928407.150294270832092 ], [ 485986.092163425695617, 2928252.185591987334192 ], [ 486006.014524130208883, 2928241.088680485729128 ], [ 486055.898937146354001, 2928285.334813723340631 ], [ 486065.998660501732957, 2928407.150294270832092 ] ], [ [ 486026.673955966776703, 2928905.574351350776851 ], [ 485957.149800252518617, 2929127.153268281836063 ], [ 485897.313916383020114, 2929093.993588876444846 ], [ 485867.291968708916102, 2928983.275242878589779 ], [ 485986.64953656680882, 2928761.641252302099019 ], [ 486026.673955966776703, 2928905.574351350776851 ] ], [ [ 485985.377403832739219, 2927598.753812201786786 ], [ 485985.546994375356007, 2927753.805372136179358 ], [ 485905.964434746594634, 2927897.869319275021553 ], [ 485885.822019035811536, 2927709.614335256163031 ], [ 485985.377403832739219, 2927598.753812201786786 ] ], [ [ 485975.094510100141633, 2927310.811901041306555 ], [ 485915.40846453642007, 2927421.628568287473172 ], [ 485945.178477190085687, 2927299.769556996878237 ], [ 485975.094510100141633, 2927310.811901041306555 ] ], [ [ 485865.569083922484424, 2927421.683444948401302 ], [ 485726.191531662014313, 2927576.889666637871414 ], [ 485696.27590066177072, 2927565.847901774104685 ], [ 485706.120123304659501, 2927455.085679608397186 ], [ 485845.55993283027783, 2927355.254803094547242 ], [ 485835.457349932345096, 2927233.439645402599126 ], [ 485895.253296353155747, 2927222.298574659507722 ], [ 485915.262392403208651, 2927288.727282716426998 ], [ 485865.569083922484424, 2927421.683444948401302 ] ], [ [ 485885.553631709422916, 2927465.961904854513705 ], [ 485905.538042236643378, 2927510.240397791843861 ], [ 485786.010352398036048, 2927587.898294819984585 ], [ 485855.66233138408279, 2927477.069986654445529 ], [ 485885.553631709422916, 2927465.961904854513705 ] ], [ [ 485866.131065869354643, 2927931.138586408924311 ], [ 485846.281753687537275, 2928008.686405580025166 ], [ 485796.370984499924816, 2927942.290864382404834 ], [ 485816.220100575941615, 2927864.742973505519331 ], [ 485866.131065869354643, 2927931.138586408924311 ] ], [ [ 485776.362268890079577, 2927875.862288890872151 ], [ 485746.410414899175521, 2927831.595062477979809 ], [ 485766.296315596438944, 2927787.272444607689977 ], [ 485836.02048715564888, 2927742.894669666420668 ], [ 485796.235925309360027, 2927820.464601117186248 ], [ 485776.362268890079577, 2927875.862288890872151 ] ], [ [ 485666.248720039438922, 2927455.130217096302658 ], [ 485646.300612598133739, 2927444.07742312643677 ], [ 485745.671233272296377, 2927167.088484024628997 ], [ 485815.472271382343024, 2927189.161274249199778 ], [ 485795.671188974927645, 2927311.009521583095193 ], [ 485666.248720039438922, 2927455.130217096302658 ] ], [ [ 485198.015575640660245, 2927677.165069766808301 ], [ 485267.77659983758349, 2927666.009541855659336 ], [ 485317.691186473297421, 2927732.40301800146699 ], [ 485377.775081892788876, 2927975.987170838750899 ], [ 485537.466774619359057, 2928164.083155148662627 ], [ 485567.643187330977526, 2928407.702098192181438 ], [ 485268.489768374070991, 2928286.216135017108172 ], [ 485178.810543765372131, 2928308.469854830298573 ], [ 485099.034384226833936, 2928275.336992277298123 ], [ 485098.622155989171006, 2927920.933153639081866 ], [ 485128.511771975026932, 2927909.823291829787195 ], [ 485168.509980809350964, 2928020.528253351338208 ], [ 485148.767741199873853, 2928186.678145341109484 ], [ 485188.57285127020441, 2928131.256384340580553 ], [ 485198.284264873480424, 2927909.742492952849716 ], [ 485198.015575640660245, 2927677.165069766808301 ] ], [ [ 485555.69120178243611, 2926646.770748409442604 ], [ 485376.170113570813555, 2926569.448510529007763 ], [ 485435.99394070164999, 2926580.455513669643551 ], [ 485555.69120178243611, 2926646.770748409442604 ] ], [ [ 485078.248647315602284, 2927544.402448687236756 ], [ 484968.564051275374368, 2927511.305264273658395 ], [ 485008.150240979448427, 2927267.606128189247102 ], [ 485088.010220948432107, 2927367.189068990759552 ], [ 485107.92032264766749, 2927345.015666703227907 ], [ 484928.30204721580958, 2927179.098799265455455 ], [ 485007.929991077457089, 2927079.329304221086204 ], [ 485007.839303772139829, 2927001.80356619367376 ], [ 485147.41985225334065, 2927023.79129006434232 ], [ 485257.133621349581517, 2927079.040212478488684 ], [ 485396.977907991968095, 2927333.607888843398541 ], [ 485347.378792981384322, 2927544.091869822703302 ], [ 485207.804260947334114, 2927522.101981669664383 ], [ 485078.248647315602284, 2927544.402448687236756 ] ], [ [ 484829.172064265818335, 2927644.371085446793586 ], [ 485038.54562702414114, 2927688.425415304955095 ], [ 485028.772071966610383, 2927854.563792192842811 ], [ 484939.20740060636308, 2927976.495228143408895 ], [ 484849.303917767654639, 2927810.474230546038598 ], [ 484659.707786973682232, 2927633.49772043293342 ], [ 484679.444592481362633, 2927467.34716506768018 ], [ 484829.172064265818335, 2927644.371085446793586 ] ], [ [ 484948.303222161659505, 2927234.450908708386123 ], [ 484968.330207567487378, 2927311.953270817175508 ], [ 484938.504414475115482, 2927378.439041905570775 ], [ 484898.528351213375572, 2927289.885087663773447 ], [ 484948.303222161659505, 2927234.450908708386123 ] ], [ [ 484808.107630718324799, 2926691.935430600307882 ], [ 484818.220374032563996, 2926813.749741842504591 ], [ 484638.843111518537626, 2926858.263941241428256 ], [ 484618.813441345584579, 2926780.76212552934885 ], [ 484688.51271673780866, 2926714.227966818027198 ], [ 484808.107630718324799, 2926691.935430600307882 ] ], [ [ 484649.288988489133772, 2927256.955842644907534 ], [ 484499.742063211684581, 2927234.985598122701049 ], [ 484449.821300492505543, 2927168.595320612192154 ], [ 484459.695372360525653, 2927091.057470691855997 ], [ 484579.353010266087949, 2927124.138307590037584 ], [ 484629.299837042344734, 2927212.679301233030856 ], [ 484649.288988489133772, 2927256.955842644907534 ] ], [ [ 484372.049227594514377, 2928785.659927946981043 ], [ 484601.445883960172068, 2928918.283844399265945 ], [ 484352.41328789840918, 2929029.337206699885428 ], [ 484272.5986327274004, 2928962.984067745972425 ], [ 484292.464079770143144, 2928907.583932607900351 ], [ 484372.049227594514377, 2928785.659927946981043 ] ], [ [ 484379.86927499063313, 2927024.703769210726023 ], [ 484290.182711163070053, 2927046.963638289365917 ], [ 484320.033032862760592, 2927002.626587544567883 ], [ 484379.86927499063313, 2927024.703769210726023 ] ], [ [ 484222.656066493829712, 2928874.444290130864829 ], [ 484202.818190888676327, 2928951.994801625143737 ], [ 484182.77538035006728, 2928863.418331874068826 ], [ 484222.656066493829712, 2928874.444290130864829 ] ], [ [ 484030.817003201053012, 2926892.232439724728465 ], [ 484170.523591191740707, 2927013.885497234761715 ], [ 483891.260873139661271, 2926892.407077143434435 ], [ 483891.219115052488633, 2926859.181757082231343 ], [ 484030.817003201053012, 2926892.232439724728465 ] ], [ [ 484033.343005281756632, 2928918.979516502004117 ], [ 483843.905501043540426, 2928863.841332118026912 ], [ 483744.027026871335693, 2928697.840442736633122 ], [ 483943.489806657540612, 2928797.265186253469437 ], [ 484033.343005281756632, 2928918.979516502004117 ] ], [ [ 483963.159958452160936, 2928586.812705625779927 ], [ 484013.091607711976394, 2928664.276322309393436 ], [ 483873.387446099019144, 2928531.549680474679917 ], [ 483963.159958452160936, 2928586.812705625779927 ] ], [ [ 483713.886956713860855, 2928509.601193099748343 ], [ 483594.225760310480837, 2928465.453304240014404 ], [ 483624.126978203421459, 2928465.415041918400675 ], [ 483713.886956713860855, 2928509.601193099748343 ] ], [ [ 483534.352141136943828, 2928410.154389573261142 ], [ 483464.496549384959508, 2928343.793489562813193 ], [ 483474.435141751018818, 2928321.63037030166015 ], [ 483534.352141136943828, 2928410.154389573261142 ] ], [ [ 483444.662410341377836, 2928421.345142365898937 ], [ 483404.808328170096502, 2928432.471862200181931 ], [ 483334.96659005980473, 2928377.186793400440365 ], [ 483444.662410341377836, 2928421.345142365898937 ] ] ], [ [ [ 484722.592718805244658, 2930213.932174520101398 ], [ 484746.654184801271185, 2930236.162392387632281 ], [ 484858.731036725162994, 2930163.316882653161883 ], [ 484722.592718805244658, 2930213.932174520101398 ] ] ], [ [ [ 485250.752022992703132, 2930701.923020040150732 ], [ 485231.30382010928588, 2930612.041126263793558 ], [ 484933.861272961716168, 2930409.125884085893631 ], [ 485250.752022992703132, 2930701.923020040150732 ] ] ] ] } },
{ "type": "Feature", "properties": { "t": "river" }, "geometry": { "type": "Polygon", "coordinates": [ [ [ 483138.044879181485157, 2930215.921445596963167 ], [ 483098.357521715050098, 2930348.875904307235032 ], [ 483138.45340416370891, 2930526.025874184910208 ], [ 483138.044879181485157, 2930215.921445596963167 ] ] ] } },
{ "type": "Feature", "properties": { "t": "river" }, "geometry": { "type": "Polygon", "coordinates": [ [ [ 483237.643985920352861, 2930171.489932456519455 ], [ 483147.631506809266284, 2929927.954318991396576 ], [ 483138.044879181485157, 2930215.921445596963167 ], [ 483237.643985920352861, 2930171.489932456519455 ] ] ] } },
{ "type": "Feature", "properties": { "t": "river" }, "geometry": { "type": "MultiPolygon", "coordinates": [ [ [ [ 479894.962288417154923, 2927529.336479751393199 ], [ 480762.079145621624775, 2927472.629545372910798 ], [ 481650.344555993389804, 2928257.662506157532334 ], [ 481670.560381939227227, 2928433.394940807949752 ], [ 481979.201226401026361, 2928212.895045519806445 ], [ 483106.335837182996329, 2928842.642700351309031 ], [ 482019.02369460783666, 2928179.61362717486918 ], [ 481700.196590256586205, 2928268.666349989362061 ], [ 480781.981640862650238, 2927450.449378974735737 ], [ 479984.586148942296859, 2927473.820387790445238 ], [ 479983.115941416413989, 2926532.434937763027847 ], [ 479865.232866831123829, 2927640.134749140124768 ], [ 479895.174104377278127, 2927664.333354285918176 ], [ 479894.962288417154923, 2927529.336479751393199 ] ] ], [ [ [ 481781.541492977004964, 2929398.217123358510435 ], [ 481880.110767646750901, 2929394.654096655081958 ], [ 481725.541387969744392, 2928911.358478447422385 ], [ 481781.541492977004964, 2929398.217123358510435 ] ] ], [ [ [ 482100.449337255267892, 2929386.6921734851785 ], [ 482360.230883074807934, 2929862.564029459375888 ], [ 482519.626237532414962, 2929818.044698694255203 ], [ 482180.334366977389436, 2929497.332450121175498 ], [ 482623.12041945051169, 2929291.573125113733113 ], [ 481913.420613939000759, 2929393.450203080195934 ], [ 482100.449337255267892, 2929386.6921734851785 ] ] ], [ [ [ 483137.665570562938228, 2929927.967442186083645 ], [ 482738.147139178938232, 2929275.064953290857375 ], [ 482665.944328240584582, 2929285.427084273193032 ], [ 483137.665570562938228, 2929927.967442186083645 ] ] ] ] } },
{ "type": "Feature", "properties": { "t": "river" }, "geometry": { "type": "Polygon", "coordinates": [ [ [ 483196.734431731631048, 2929374.131425477098674 ], [ 483565.944896457134746, 2929728.057466921396554 ], [ 483136.265346817846876, 2928864.753568253945559 ], [ 483196.734431731631048, 2929374.131425477098674 ] ] ] } },
{ "type": "Feature", "properties": { "t": "river" }, "geometry": { "type": "Polygon", "coordinates": [ [ [ 486764.863737394276541, 2929536.073334887158126 ], [ 487093.704589417204261, 2929491.437054143752903 ], [ 486665.097647904534824, 2929436.500529727432877 ], [ 486764.863737394276541, 2929536.073334887158126 ] ] ] } },
{ "type": "Feature", "properties": { "t": "river" }, "geometry": { "type": "Polygon", "coordinates": [ [ [ 486425.859339450486004, 2929392.451331470161676 ], [ 486525.615985228738282, 2929480.947141042910516 ], [ 486515.603059304179624, 2929436.657093484420329 ], [ 486425.859339450486004, 2929392.451331470161676 ] ] ] } },
{ "type": "Feature", "properties": { "t": "river" }, "geometry": { "type": "Polygon", "coordinates": [ [ [ 487153.135484346537851, 2929125.897592843044549 ], [ 487232.82368415343808, 2929081.517340725753456 ], [ 487173.035295916313771, 2929092.65222659567371 ], [ 487153.135484346537851, 2929125.897592843044549 ] ] ] } },
{ "type": "Feature", "properties": { "t": "river" }, "geometry": { "type": "Polygon", "coordinates": [ [ [ 481877.711585468263365, 2926928.32132331840694 ], [ 482087.200158554012887, 2927038.778192182071507 ], [ 482216.986390330945142, 2927182.574235226493329 ], [ 481897.735000304935966, 2927086.324131998233497 ], [ 481937.958281348110177, 2927238.340155760291964 ], [ 482136.910736967693083, 2927346.946098892018199 ], [ 482127.459049801691435, 2927315.600452041719109 ], [ 482287.023162592551671, 2927370.75460626417771 ], [ 482221.648916964535601, 2927393.205231342930347 ], [ 482646.213592869404238, 2927624.991369972005486 ], [ 482616.746161992661655, 2927946.210494461469352 ], [ 483135.638316568161827, 2928388.522817145567387 ], [ 482896.101762098260224, 2928145.187134969979525 ], [ 483134.661504988907836, 2927646.489427236840129 ], [ 482824.311779805459082, 2926639.064491322264075 ], [ 483123.55622779839905, 2926782.643657287117094 ], [ 482724.462629066954833, 2926517.372278320137411 ], [ 483074.708944069629069, 2927535.817091803066432 ], [ 482745.741764396661893, 2927514.105556312948465 ], [ 482316.33096756064333, 2926938.783780938480049 ], [ 482635.345463193661999, 2926960.49786382028833 ], [ 482345.793399020796642, 2926617.56434601964429 ], [ 482026.661132814828306, 2926518.331667817663401 ], [ 482256.322057662997395, 2926794.889982159715146 ], [ 481747.540489049977623, 2926518.726059516426176 ], [ 481884.908673977537546, 2927037.850318533368409 ], [ 481877.711585468263365, 2926928.32132331840694 ] ], [ [ 482885.749777300748974, 2927857.247174043208361 ], [ 482876.107897306850646, 2928100.913255312014371 ], [ 482766.16898399812635, 2927879.557754771318287 ], [ 482885.749777300748974, 2927857.247174043208361 ] ], [ [ 482825.706960323441308, 2927680.125235286075622 ], [ 482786.029647481860593, 2927824.155334489420056 ], [ 482765.990218496532179, 2927746.656270953826606 ], [ 482825.706960323441308, 2927680.125235286075622 ] ], [ [ 481987.175843203091063, 2926795.265394524205476 ], [ 481897.397866789484397, 2926751.091338920872658 ], [ 481917.256573354825377, 2926695.687640159390867 ], [ 481987.175843203091063, 2926795.265394524205476 ] ] ] } },
{ "type": "Feature", "properties": { "t": "river" }, "geometry": { "type": "Polygon", "coordinates": [ [ [ 483972.212414268054999, 2927855.841963729355484 ], [ 483463.324412837449927, 2927435.633460288401693 ], [ 483592.750797389773652, 2927313.640629924833775 ], [ 483134.224201314907987, 2927314.235896036028862 ], [ 483972.212414268054999, 2927855.841963729355484 ] ] ] } },
{ "type": "Feature", "properties": { "t": "river" }, "geometry": { "type": "Polygon", "coordinates": [ [ [ 487280.545589549874421, 2926955.046124945860356 ], [ 486761.739838625420816, 2926512.567178817465901 ], [ 487280.820377959404141, 2927231.923617843538523 ], [ 487280.545589549874421, 2926955.046124945860356 ] ] ] } },
{ "type": "Feature", "properties": { "t": "river" }, "geometry": { "type": "Polygon", "coordinates": [ [ [ 481419.202976151136681, 2926951.128107829019427 ], [ 481458.819680432323366, 2926773.868522553704679 ], [ 481288.985088064568117, 2926519.387182848993689 ], [ 481419.202976151136681, 2926951.128107829019427 ] ] ] } },
{ "type": "Feature", "properties": { "t": "river" }, "geometry": { "type": "Polygon", "coordinates": [ [ [ 486861.834310010948684, 2926911.168057372327894 ], [ 486891.682486030331347, 2926855.761948926374316 ], [ 486731.914341142459307, 2926590.123752783518285 ], [ 486861.834310010948684, 2926911.168057372327894 ] ] ] } },
{ "type": "Feature", "properties": { "t": "river" }, "geometry": { "type": "Polygon", "coordinates": [ [ [ 480451.808645098528359, 2926642.463044774718583 ], [ 480731.376296227390412, 2926941.068581260275096 ], [ 480671.466458632145077, 2926874.707924816291779 ], [ 480451.808645098528359, 2926642.463044774718583 ] ] ] } },
{ "type": "Feature", "properties": { "t": "river" }, "geometry": { "type": "Polygon", "coordinates": [ [ [ 476863.064507056900766, 2926604.137653779238462 ], [ 476893.109918984526303, 2926681.609631114173681 ], [ 476932.844379527610727, 2926604.011893822345883 ], [ 476863.064507056900766, 2926604.137653779238462 ] ] ] } },
{ "type": "Feature", "properties": { "t": "river" }, "geometry": { "type": "Polygon", "coordinates": [ [ [ 481478.548437621968333, 2926629.863232132513076 ], [ 481558.28058032784611, 2926618.673139691818506 ], [ 481388.671050969860516, 2926519.242065002210438 ], [ 481478.548437621968333, 2926629.863232132513076 ] ] ] } },
{ "type": "Feature", "properties": { "t": "river" }, "geometry": { "type": "Polygon", "coordinates": [ [ [ 483093.402747828920837, 2926594.406252096407115 ], [ 483133.174860888859257, 2926516.827990104444325 ], [ 483043.457546244957484, 2926516.946351702790707 ], [ 483093.402747828920837, 2926594.406252096407115 ] ] ] } },
{ "type": "Feature", "properties": { "t": "river" }, "geometry": { "type": "MultiPolygon", "coordinates": [ [ [ [ 476852.995960640197154, 2926548.779996352270246 ], [ 476819.653917521820404, 2926545.877266076859087 ], [ 476740.546771938272286, 2926567.731971872039139 ], [ 476863.064507056900766, 2926604.137653779238462 ], [ 476852.995960640197154, 2926548.779996352270246 ] ] ], [ [ [ 476603.740608185471501, 2926527.082164863590151 ], [ 476671.664266018429771, 2926547.26440040115267 ], [ 476656.396500873728655, 2926531.665482903365046 ], [ 476603.740608185471501, 2926527.082164863590151 ] ] ] ] } },
{ "type": "Feature", "properties": { "t": "river" }, "geometry": { "type": "Polygon", "coordinates": [ [ [ 477022.422390512540005, 2926526.324851540382951 ], [ 476982.547938305593561, 2926526.396387450397015 ], [ 476932.844379527610727, 2926604.011893822345883 ], [ 477022.422390512540005, 2926526.324851540382951 ] ] ] } },
{ "type": "Feature", "properties": { "t": "river" }, "geometry": { "type": "Polygon", "coordinates": [ [ [ 476603.452649725892115, 2926477.573733456432819 ], [ 476511.727053929935209, 2926383.860993524082005 ], [ 476503.790567815769464, 2926383.287792687304318 ], [ 476573.834763685008511, 2926527.136781947221607 ], [ 476603.452649725892115, 2926477.573733456432819 ] ] ] } },
{ "type": "Feature", "properties": { "t": "river" }, "geometry": { "type": "Polygon", "coordinates": [ [ [ 477102.171292891143821, 2926526.1821518256329 ], [ 477335.332769990724046, 2926376.150248441845179 ], [ 477143.593587783048861, 2926456.389260998461396 ], [ 477137.734329252736643, 2926458.007791217882186 ], [ 476982.547938305593561, 2926526.396387450397015 ], [ 477102.171292891143821, 2926526.1821518256329 ] ] ] } },
{ "type": "Feature", "properties": { "t": "river" }, "geometry": { "type": "Polygon", "coordinates": [ [ [ 479453.538106256281026, 2925758.012909458950162 ], [ 478974.998430210922379, 2925747.71348186256364 ], [ 479453.573598517978098, 2925780.163125227671117 ], [ 479853.506829314108472, 2926521.562835520599037 ], [ 479453.538106256281026, 2925758.012909458950162 ] ] ] } },
{ "type": "Feature", "properties": { "t": "river" }, "geometry": { "type": "Polygon", "coordinates": [ [ [ 481458.451222952629905, 2926519.140943761449307 ], [ 481408.463684683782049, 2926419.537145953625441 ], [ 481288.985088064568117, 2926519.387182848993689 ], [ 481458.451222952629905, 2926519.140943761449307 ] ] ] } },
{ "type": "Feature", "properties": { "t": "river" }, "geometry": { "type": "Polygon", "coordinates": [ [ [ 480091.343129487650003, 2925613.030092521104962 ], [ 480201.073901444848161, 2925657.160721179097891 ], [ 480087.730709391005803, 2925674.128880949225277 ], [ 480816.158319804642815, 2926044.750397246796638 ], [ 480819.73197244934272, 2926032.774806500412524 ], [ 480842.768753990356345, 2926058.290886263363063 ], [ 480883.929222792270593, 2926079.235199596732855 ], [ 480829.485683873295784, 2925888.783532726578414 ], [ 480699.670813633012585, 2925745.001606347970665 ], [ 480869.196801587822847, 2925777.972944921348244 ], [ 481039.180488013720606, 2926121.049438869114965 ], [ 480936.525422452774365, 2926105.99882348254323 ], [ 481747.540489049977623, 2926518.726059516426176 ], [ 482186.158631806843914, 2926518.109029876999557 ], [ 481697.223163054266479, 2926186.543912914115936 ], [ 482006.273146955005359, 2926197.18156225187704 ], [ 481707.081402024195995, 2926109.00395577494055 ], [ 481896.350013676448725, 2926009.059186865575612 ], [ 482823.822091870999429, 2926273.586044153664261 ], [ 482285.737434940354433, 2926440.44514200091362 ], [ 483033.474297148059122, 2926505.88443725509569 ], [ 483132.198630237951875, 2925774.796354578342289 ], [ 481137.256855895044282, 2925024.467662407085299 ], [ 480549.208942198718432, 2925136.097121767699718 ], [ 481018.504906339105219, 2925622.699306308291852 ], [ 480359.937737642147113, 2925236.061649440787733 ], [ 479642.46056414861232, 2925447.607868604827672 ], [ 479982.013496062310878, 2925620.345539416186512 ], [ 480091.343129487650003, 2925613.030092521104962 ] ], [ [ 482723.76119135657791, 2925996.842483126558363 ], [ 482823.451154043083079, 2925996.708544969093055 ], [ 482963.193695845897309, 2926129.423515358474106 ], [ 482993.261977828107774, 2926251.209910937119275 ], [ 482913.541117974324152, 2926273.466154610738158 ], [ 482574.376765368157066, 2926107.795840650331229 ], [ 482544.319250453147106, 2925997.085525098256767 ], [ 482494.413781327777542, 2925952.853086858056486 ], [ 482285.171223142417148, 2926030.666319980751723 ], [ 482195.358197460067458, 2925964.339995707385242 ], [ 482075.807320654217619, 2926019.882176352199167 ], [ 482015.915760433766991, 2925964.590430287644267 ], [ 482145.31259239371866, 2925820.433021852746606 ], [ 482434.478212924324907, 2925864.334105122834444 ], [ 482723.76119135657791, 2925996.842483126558363 ] ], [ [ 482663.797468461212702, 2925886.172239833511412 ], [ 482753.534108379099052, 2925897.126342055853456 ], [ 482783.500813481747173, 2925941.38653829228133 ], [ 482713.732469001726713, 2925952.555527130141854 ], [ 482663.797468461212702, 2925886.172239833511412 ] ], [ [ 482185.158362375805154, 2925798.227362256031483 ], [ 482344.695307576213963, 2925820.156941001303494 ], [ 482244.988616211165208, 2925809.219496328383684 ], [ 482185.158362375805154, 2925798.227362256031483 ] ], [ [ 482065.420090915809851, 2925720.868443895597011 ], [ 481945.976645538059529, 2925853.937499947845936 ], [ 481876.161559977277648, 2925831.885747975669801 ], [ 481945.820708993938752, 2925743.18651564931497 ], [ 482065.420090915809851, 2925720.868443895597011 ] ], [ [ 481955.665229607082438, 2925654.571707226336002 ], [ 481915.835022395476699, 2925687.853172550909221 ], [ 481826.064770387602039, 2925654.754729525186121 ], [ 481925.757431827718392, 2925654.613826883491129 ], [ 481955.665229607082438, 2925654.571707226336002 ] ], [ [ 481896.17800171521958, 2925887.233079094439745 ], [ 481826.410101559362374, 2925898.406897998414934 ], [ 481856.285988861694932, 2925876.214343354105949 ], [ 481896.17800171521958, 2925887.233079094439745 ] ], [ [ 481846.144416565308347, 2925754.402364363428205 ], [ 481826.331614852650091, 2925843.031398581340909 ], [ 481746.657485446718056, 2925898.520184739492834 ], [ 481786.455134849296883, 2925843.087979196105152 ], [ 481846.144416565308347, 2925754.402364363428205 ] ], [ [ 481836.128163595916703, 2925721.191188127268106 ], [ 481736.499112548131961, 2925765.633184320293367 ], [ 481806.220519594149664, 2925721.233587475959212 ], [ 481836.128163595916703, 2925721.191188127268106 ] ], [ [ 481766.501145805523265, 2925832.041216365993023 ], [ 481676.826464896497782, 2925865.394415761344135 ], [ 481696.669816743116826, 2925798.915340309496969 ], [ 481766.501145805523265, 2925832.041216365993023 ] ], [ [ 481566.975277137826197, 2925732.650392324198037 ], [ 481726.308976564789191, 2925610.596019505523145 ], [ 481686.542489386163652, 2925688.178588172886521 ], [ 481566.975277137826197, 2925732.650392324198037 ] ], [ [ 481487.397507553745527, 2925854.591387605760247 ], [ 481387.722457232535817, 2925865.810808739624918 ], [ 481347.781598040426616, 2925821.568348561879247 ], [ 481387.626001112919766, 2925799.360202709212899 ], [ 481267.963769900845364, 2925777.384205522015691 ], [ 481277.819751615694258, 2925699.84394515119493 ], [ 481337.52232612617081, 2925622.231060390826315 ], [ 481517.033461675513536, 2925666.271551279816777 ], [ 481546.861551450390834, 2925610.852989767678082 ], [ 481706.370374318445101, 2925610.624447749461979 ], [ 481566.927515823743306, 2925699.425096243619919 ], [ 481547.084676709608175, 2925765.904367118608207 ], [ 481487.397507553745527, 2925854.591387605760247 ] ], [ [ 481417.228528436273336, 2925588.88994583953172 ], [ 481466.963084967981558, 2925511.292132669594139 ], [ 481666.382334154390264, 2925533.155723126139492 ], [ 481636.553546227281913, 2925588.573997137602419 ], [ 481467.091130765620619, 2925599.89290729444474 ], [ 481417.228528436273336, 2925588.88994583953172 ] ], [ [ 481666.936537793313619, 2925920.784169593825936 ], [ 481547.435324345133267, 2926009.556592854205519 ], [ 481487.589391911169514, 2925987.492609954439104 ], [ 481646.966712266206741, 2925898.662490752991289 ], [ 481666.936537793313619, 2925920.784169593825936 ] ], [ [ 481198.195793850172777, 2925788.561440742108971 ], [ 481118.458779906213749, 2925799.753732380922884 ], [ 481028.621667776023969, 2925722.360454843845218 ], [ 481088.191971511230804, 2925556.145606815814972 ], [ 481307.533726117166225, 2925566.899131388403475 ], [ 481187.885433187766466, 2925555.998972274363041 ], [ 481277.51253085792996, 2925489.417081295512617 ], [ 481417.100138691894244, 2925500.289170927368104 ], [ 481387.304495434626006, 2925577.858222872950137 ], [ 481257.800348385469988, 2925644.497575257904828 ], [ 481198.195793850172777, 2925788.561440742108971 ] ], [ [ 481397.900444732862525, 2926009.772673541679978 ], [ 481367.993467883847188, 2926009.816098961047828 ], [ 481367.91299785109004, 2925954.440583100076765 ], [ 481397.900444732862525, 2926009.772673541679978 ] ], [ [ 481327.230511554400437, 2925400.743638060986996 ], [ 481157.879760278970934, 2925489.592295931186527 ], [ 481077.977508919371758, 2925390.033855371642858 ], [ 480978.217045411292929, 2925345.880952251609415 ], [ 481017.914777029480319, 2925223.995824916753918 ], [ 481327.230511554400437, 2925400.743638060986996 ] ], [ [ 481328.11749826738378, 2926009.874108036980033 ], [ 481248.349359920597635, 2925998.915394302923232 ], [ 481278.191677935072221, 2925954.571276194881648 ], [ 481328.11749826738378, 2926009.874108036980033 ] ], [ [ 481298.323603072261903, 2926087.443426822312176 ], [ 481198.666760358551983, 2926109.739438233431429 ], [ 481128.77024362096563, 2926032.316222980618477 ], [ 481168.564815401739907, 2925976.882072238717228 ], [ 481238.428976911061909, 2926032.15529033029452 ], [ 481298.323603072261903, 2926087.443426822312176 ] ], [ [ 480888.474947199516464, 2925334.93925052229315 ], [ 480958.097147154796403, 2925224.084496137220412 ], [ 480948.226253325585276, 2925290.549869736656547 ], [ 480888.474947199516464, 2925334.93925052229315 ] ], [ [ 480449.968013347999658, 2925435.276321049779654 ], [ 480479.859485739551019, 2925424.15566364582628 ], [ 480589.640793988248333, 2925501.514905682764947 ], [ 480460.139957087929361, 2925568.162327219266444 ], [ 480440.116814749024343, 2925512.81722061149776 ], [ 480449.968013347999658, 2925435.276321049779654 ] ], [ [ 480160.974073807359673, 2925513.24602162791416 ], [ 480121.130872829176951, 2925535.457978322636336 ], [ 480121.062201505119447, 2925491.15757216559723 ], [ 480160.974073807359673, 2925513.24602162791416 ] ], [ [ 480091.171190458757337, 2925502.279069707728922 ], [ 480001.446652108395938, 2925502.418676926288754 ], [ 480021.316423677373677, 2925458.087192910257727 ], [ 480091.171190458757337, 2925502.279069707728922 ] ], [ [ 479881.813929640455171, 2925502.605796418618411 ], [ 479951.634313462127466, 2925524.646712226327509 ], [ 479891.818055101553909, 2925524.740365470759571 ], [ 479881.813929640455171, 2925502.605796418618411 ] ] ] } },
{ "type": "Feature", "properties": { "t": "river" }, "geometry": { "type": "Polygon", "coordinates": [ [ [ 485376.10694052092731, 2926514.073023861739784 ], [ 483172.089833859412465, 2925785.819054045714438 ], [ 483133.014568411803339, 2926395.001852977555245 ], [ 483402.326789707527496, 2926516.476672829128802 ], [ 485376.10694052092731, 2926514.073023861739784 ] ], [ [ 483980.214297307073139, 2926283.164005898870528 ], [ 484089.67833234812133, 2926127.976097059436142 ], [ 484488.634860211401246, 2926293.613887415733188 ], [ 484329.188871602236759, 2926338.108253054786474 ], [ 483980.214297307073139, 2926283.164005898870528 ] ], [ [ 483820.755926444311626, 2926316.58960325922817 ], [ 483910.363419079454616, 2926227.875903584063053 ], [ 483970.300920417823363, 2926327.476860335562378 ], [ 483820.755926444311626, 2926316.58960325922817 ] ] ] } },
{ "type": "Feature", "properties": { "t": "river" }, "geometry": { "type": "Polygon", "coordinates": [ [ [ 485455.315330400888342, 2926037.753279322292656 ], [ 484886.380034871574026, 2925440.355747194960713 ], [ 485166.433490107592661, 2926226.361064339987934 ], [ 485555.541444943344686, 2926513.869580351747572 ], [ 485734.975940709467977, 2926513.668648511637002 ], [ 485674.063140761223622, 2925528.05241160467267 ], [ 485584.338994955061935, 2925528.152958516962826 ], [ 485604.302559323026799, 2925550.280725758522749 ], [ 485604.489053258905187, 2925716.406984896864742 ], [ 485514.641117815976031, 2925605.757178645581007 ], [ 485542.467726174509153, 2925528.20009524654597 ], [ 485464.706797185586765, 2925528.287997596897185 ], [ 485460.527562196075451, 2925754.995823384728283 ], [ 485584.724957741447724, 2925871.480591387487948 ], [ 485504.959775057272054, 2925860.495413314551115 ], [ 485460.402264962554909, 2925761.792876391671598 ], [ 485455.315330400888342, 2926037.753279322292656 ] ], [ [ 485584.824567881412804, 2925960.081295007374138 ], [ 485634.644820093177259, 2925937.87517580203712 ], [ 485564.961352913174778, 2926026.554260909091681 ], [ 485554.867617467127275, 2925915.814600214362144 ], [ 485584.824567881412804, 2925960.081295007374138 ] ], [ [ 485595.067334620282054, 2926203.722076402511448 ], [ 485575.054920500668231, 2926137.293944253586233 ], [ 485614.83101557957707, 2926048.648418978322297 ], [ 485595.067334620282054, 2926203.722076402511448 ] ], [ [ 485166.330978038778994, 2926137.760320872999728 ], [ 485295.977187235082965, 2926181.91140352608636 ], [ 485186.332715977216139, 2926193.112731691915542 ], [ 485166.330978038778994, 2926137.760320872999728 ] ] ] } },
{ "type": "Feature", "properties": { "t": "river" }, "geometry": { "type": "Polygon", "coordinates": [ [ [ 486621.902334226761013, 2926246.909867866896093 ], [ 486642.013009271293413, 2926413.015439391136169 ], [ 486731.834097796818241, 2926512.598097651265562 ], [ 486621.902334226761013, 2926246.909867866896093 ] ] ] } },
{ "type": "Feature", "properties": { "t": "river" }, "geometry": { "type": "Polygon", "coordinates": [ [ [ 486691.78731624467764, 2926346.513051368296146 ], [ 486621.902334226761013, 2926246.909867866896093 ], [ 486741.802678098843899, 2926512.587783621158451 ], [ 486691.78731624467764, 2926346.513051368296146 ] ] ] } },
{ "type": "Feature", "properties": { "t": "river" }, "geometry": { "type": "Polygon", "coordinates": [ [ [ 477181.782195760053582, 2926448.514052031561732 ], [ 477480.628350994782522, 2926326.158839525654912 ], [ 477402.760807586018927, 2926347.933887701947242 ], [ 477286.373839316889644, 2926396.638211907818913 ], [ 477181.782195760053582, 2926448.514052031561732 ] ] ] } },
{ "type": "Feature", "properties": { "t": "river" }, "geometry": { "type": "Polygon", "coordinates": [ [ [ 475475.528607287502382, 2925609.951759418938309 ], [ 475350.501906826044433, 2925039.814545120112598 ], [ 475350.488132129888982, 2925039.80655056796968 ], [ 475350.491334452992305, 2925039.766335950233042 ], [ 475334.722576123080216, 2924967.862465749960393 ], [ 475385.294420716818422, 2925344.320722771808505 ], [ 475276.609312924148981, 2925550.100528369657695 ], [ 475475.528607287502382, 2925609.951759418938309 ] ] ] } },
{ "type": "Feature", "properties": { "t": "river" }, "geometry": { "type": "Polygon", "coordinates": [ [ [ 476364.12628724379465, 2926328.168695382773876 ], [ 476384.165838700311724, 2926383.50760235497728 ], [ 476454.007957373571116, 2926416.604635204188526 ], [ 476364.12628724379465, 2926328.168695382773876 ] ] ] } },
{ "type": "Feature", "properties": { "t": "river" }, "geometry": { "type": "Polygon", "coordinates": [ [ [ 476394.073386065894738, 2926350.263851953204721 ], [ 476374.721704579482321, 2926243.891331902239472 ], [ 476363.950621454278007, 2926232.887392168398947 ], [ 476364.12628724379465, 2926328.168695382773876 ], [ 476394.073386065894738, 2926350.263851953204721 ] ] ] } },
{ "type": "Feature", "properties": { "t": "river" }, "geometry": { "type": "Polygon", "coordinates": [ [ [ 478496.717860114877112, 2925892.483485111501068 ], [ 478483.360848008014727, 2925895.804801328573376 ], [ 477940.425614942621905, 2926122.956496258731931 ], [ 478496.717860114877112, 2925892.483485111501068 ] ] ] } },
{ "type": "Feature", "properties": { "t": "river" }, "geometry": { "type": "Polygon", "coordinates": [ [ [ 477819.33643802505685, 2926192.666481988504529 ], [ 477889.042111296905205, 2926148.245462031103671 ], [ 477580.238536665099673, 2926281.683622259646654 ], [ 477819.33643802505685, 2926192.666481988504529 ] ] ] } },
{ "type": "Feature", "properties": { "t": "river" }, "geometry": { "type": "Polygon", "coordinates": [ [ [ 476353.748978144605644, 2926106.684514451306313 ], [ 476352.273914151126519, 2926118.325400149915367 ], [ 476355.681615187728312, 2926107.217449251562357 ], [ 476353.748978144605644, 2926106.684514451306313 ] ] ] } },
{ "type": "Feature", "properties": { "t": "river" }, "geometry": { "type": "Polygon", "coordinates": [ [ [ 476423.083546194306109, 2925862.903260708786547 ], [ 476421.981556553742848, 2925891.106216176413 ], [ 476427.821049281512387, 2925872.072185582481325 ], [ 476423.083546194306109, 2925862.903260708786547 ] ] ] } },
{ "type": "Feature", "properties": { "t": "river" }, "geometry": { "type": "Polygon", "coordinates": [ [ [ 478397.101519448275212, 2925936.95151690999046 ], [ 478915.237815910833888, 2925781.037027841899544 ], [ 478496.717860114877112, 2925892.483485111501068 ], [ 478397.101519448275212, 2925936.95151690999046 ] ] ] } },
{ "type": "Feature", "properties": { "t": "river" }, "geometry": { "type": "Polygon", "coordinates": [ [ [ 476448.259036305244081, 2925805.454330748878419 ], [ 476455.386005049280357, 2925782.224068644922227 ], [ 476383.003032624779735, 2925752.225422206800431 ], [ 476393.378026994178072, 2925797.936008103191853 ], [ 476448.259036305244081, 2925805.454330748878419 ] ] ] } },
{ "type": "Feature", "properties": { "t": "river" }, "geometry": { "type": "MultiPolygon", "coordinates": [ [ [ [ 484988.009710361715406, 2925378.067099194508046 ], [ 484730.725492473226041, 2925350.393067862372845 ], [ 484746.755455917038489, 2925396.220658863894641 ], [ 484988.009710361715406, 2925378.067099194508046 ] ] ], [ [ [ 485045.813273426610976, 2925373.718260088004172 ], [ 485038.468490958912298, 2925368.098042477387935 ], [ 485025.335950221284293, 2925375.25883711501956 ], [ 485045.813273426610976, 2925373.718260088004172 ] ] ] ] } },
{ "type": "Feature", "properties": { "t": "river" }, "geometry": { "type": "Polygon", "coordinates": [ [ [ 485434.597490721789654, 2925351.12062394618988 ], [ 485559.192544483637903, 2925346.365781107917428 ], [ 485430.667730881192256, 2925316.074279789812863 ], [ 485434.597490721789654, 2925351.12062394618988 ] ] ] } },
{ "type": "Feature", "properties": { "t": "river" }, "geometry": { "type": "Polygon", "coordinates": [ [ [ 484077.757085792836733, 2924555.326457924209535 ], [ 484108.531859375536442, 2925253.019308870192617 ], [ 484128.032444051932544, 2924898.592035214416683 ], [ 484596.960902679013088, 2925185.97282928135246 ], [ 484077.757085792836733, 2924555.326457924209535 ] ] ] } },
{ "type": "Feature", "properties": { "t": "river" }, "geometry": { "type": "Polygon", "coordinates": [ [ [ 475604.434724935563281, 2925244.225570083130151 ], [ 475683.508794529596344, 2925233.092180501203984 ], [ 475594.929117440013215, 2925181.679006916936487 ], [ 475604.434724935563281, 2925244.225570083130151 ] ] ] } },
{ "type": "Feature", "properties": { "t": "river" }, "geometry": { "type": "Polygon", "coordinates": [ [ [ 475590.066989542043302, 2925178.856973600573838 ], [ 475551.572505340038333, 2925156.514454076997936 ], [ 475504.653933185210917, 2925200.11511837085709 ], [ 475590.066989542043302, 2925178.856973600573838 ] ] ] } },
{ "type": "Feature", "properties": { "t": "river" }, "geometry": { "type": "Polygon", "coordinates": [ [ [ 484426.952973590930924, 2924754.249437844846398 ], [ 484506.779498656513169, 2924809.528234443161637 ], [ 484426.939528454851825, 2924743.174362658523023 ], [ 484416.83486546803033, 2924578.156175909098238 ], [ 484416.830359316023532, 2924578.149300571065396 ], [ 484426.952973590930924, 2924754.249437844846398 ] ] ] } },
{ "type": "Feature", "properties": { "t": "river" }, "geometry": { "type": "MultiPolygon", "coordinates": [ [ [ [ 475245.377417855197564, 2924608.126107811462134 ], [ 475001.854700250783935, 2924503.801935920491815 ], [ 475104.87902292155195, 2924691.427583304233849 ], [ 475374.091637470817659, 2924701.983112589456141 ], [ 475245.377417855197564, 2924608.126107811462134 ] ] ], [ [ [ 474934.782283273292705, 2924381.654495665803552 ], [ 474999.133303990121931, 2924498.845873752143234 ], [ 474956.983921628736425, 2924397.842389092314988 ], [ 474934.782283273292705, 2924381.654495665803552 ] ] ] ] } },
{ "type": "Feature", "properties": { "t": "river" }, "geometry": { "type": "Polygon", "coordinates": [ [ [ 484027.975471789424773, 2924610.763796393759549 ], [ 483978.111296795366798, 2924599.750883957371116 ], [ 484028.044416585878935, 2924666.139171068556607 ], [ 484027.975471789424773, 2924610.763796393759549 ] ] ] } },
{ "type": "Feature", "properties": { "t": "river" }, "geometry": { "type": "Polygon", "coordinates": [ [ [ 483963.010860731941648, 2924575.168957718648016 ], [ 483392.418249058362562, 2924322.01722815213725 ], [ 483374.914444127352908, 2924326.940451765898615 ], [ 483958.157293100841343, 2924588.700728465802968 ], [ 483963.010860731941648, 2924575.168957718648016 ] ] ] } },
{ "type": "Feature", "properties": { "t": "river" }, "geometry": { "type": "Polygon", "coordinates": [ [ [ 474936.668709787889384, 2924349.161216911394149 ], [ 474881.390573900949676, 2924216.700701523106545 ], [ 474934.782283273292705, 2924381.654495665803552 ], [ 474936.668709787889384, 2924349.161216911394149 ] ] ] } },
{ "type": "Feature", "properties": { "t": "river" }, "geometry": { "type": "Polygon", "coordinates": [ [ [ 483449.42569406167604, 2924389.995288664009422 ], [ 483419.457715488562826, 2924345.73361621145159 ], [ 483289.858536987158004, 2924356.976848181802779 ], [ 483449.42569406167604, 2924389.995288664009422 ] ] ] } },
{ "type": "Feature", "properties": { "t": "river" }, "geometry": { "type": "Polygon", "coordinates": [ [ [ 457020.354950459965039, 2931052.253624972421676 ], [ 457027.059303521527909, 2931037.216498748864979 ], [ 456980.726883323863149, 2931073.565371009986848 ], [ 457020.354950459965039, 2931052.253624972421676 ] ] ] } },
{ "type": "Feature", "properties": { "t": "river" }, "geometry": { "type": "Polygon", "coordinates": [ [ [ 457965.744046851876192, 2930650.397488523740321 ], [ 457657.104912950482685, 2930740.018407421186566 ], [ 457648.60563031345373, 2931183.064224420115352 ], [ 457965.744046851876192, 2930650.397488523740321 ] ] ] } },
{ "type": "Feature", "properties": { "t": "river" }, "geometry": { "type": "Polygon", "coordinates": [ [ [ 460329.020775538985617, 2931108.0207395022735 ], [ 460298.850350373133551, 2931019.511057864874601 ], [ 460269.436050092685036, 2931174.658057929482311 ], [ 460329.020775538985617, 2931108.0207395022735 ] ] ] } },
{ "type": "Feature", "properties": { "t": "river" }, "geometry": { "type": "Polygon", "coordinates": [ [ [ 460926.457756226882339, 2930951.126887628342956 ], [ 459230.38127350108698, 2930336.194843092933297 ], [ 461096.541159015556332, 2931172.11660475237295 ], [ 460926.457756226882339, 2930951.126887628342956 ] ] ] } },
{ "type": "Feature", "properties": { "t": "river" }, "geometry": { "type": "MultiPolygon", "coordinates": [ [ [ [ 460974.663186793797649, 2930419.36095109116286 ], [ 461146.366752079455182, 2931171.965212624520063 ], [ 461025.328050070616882, 2930408.962743824813515 ], [ 460974.663186793797649, 2930419.36095109116286 ] ] ], [ [ [ 461263.26642061129678, 2930285.579644304700196 ], [ 461371.018836187082343, 2929665.032882934436202 ], [ 461216.429354223771952, 2930283.719739023130387 ], [ 461263.26642061129678, 2930285.579644304700196 ] ] ] ] } },
{ "type": "Feature", "properties": { "t": "river" }, "geometry": { "type": "Polygon", "coordinates": [ [ [ 457219.030556948506273, 2930863.30523472186178 ], [ 457153.755923547199927, 2930807.262086806353182 ], [ 457142.624115163693205, 2930838.031096341088414 ], [ 457149.272767144080717, 2930863.538625714369118 ], [ 457219.030556948506273, 2930863.30523472186178 ] ] ] } },
{ "type": "Feature", "properties": { "t": "river" }, "geometry": { "type": "Polygon", "coordinates": [ [ [ 462230.308912612497807, 2930404.518697374965996 ], [ 462160.843655398930423, 2930504.402233344502747 ], [ 462379.827044848236255, 2930415.153729273937643 ], [ 462230.308912612497807, 2930404.518697374965996 ] ] ] } },
{ "type": "Feature", "properties": { "t": "river" }, "geometry": { "type": "Polygon", "coordinates": [ [ [ 461560.212068120774347, 2929609.086607679724693 ], [ 461480.448094652150758, 2929598.250961067155004 ], [ 461371.018836187082343, 2929665.032882934436202 ], [ 461560.212068120774347, 2929609.086607679724693 ] ] ] } },
{ "type": "Feature", "properties": { "t": "river" }, "geometry": { "type": "Polygon", "coordinates": [ [ [ 461759.53868140297709, 2929608.489720747806132 ], [ 461868.607594917644747, 2929419.883233605418354 ], [ 461580.111496731522493, 2929597.951509815640748 ], [ 461759.53868140297709, 2929608.489720747806132 ] ] ] } },
{ "type": "Feature", "properties": { "t": "river" }, "geometry": { "type": "Polygon", "coordinates": [ [ [ 462277.298298743087798, 2929440.823393669445068 ], [ 462336.380362774885725, 2929196.991648060735315 ], [ 462177.502879765466787, 2929396.816354187205434 ], [ 462277.298298743087798, 2929440.823393669445068 ] ] ] } },
{ "type": "Feature", "properties": { "t": "river" }, "geometry": { "type": "Polygon", "coordinates": [ [ [ 462127.670424849318806, 2929396.96364836813882 ], [ 462037.643654670449905, 2929286.476643793284893 ], [ 461828.741691386618186, 2929420.002016036305577 ], [ 462127.670424849318806, 2929396.96364836813882 ] ] ] } },
{ "type": "Feature", "properties": { "t": "river" }, "geometry": { "type": "MultiPolygon", "coordinates": [ [ [ [ 478308.007901892415248, 2950303.104787482880056 ], [ 478150.14188001153525, 2950524.581820724997669 ], [ 477861.402442500810139, 2950414.326980450656265 ], [ 478150.199052098440006, 2950557.80820374796167 ], [ 478308.007901892415248, 2950303.104787482880056 ] ] ], [ [ [ 479005.190020947193261, 2950135.497388953808695 ], [ 478576.977562325075269, 2949925.778294890187681 ], [ 478531.991157529351767, 2949988.885890518780798 ], [ 479005.190020947193261, 2950135.497388953808695 ] ] ] ] } },
{ "type": "Feature", "properties": { "t": "river" }, "geometry": { "type": "Polygon", "coordinates": [ [ [ 479921.043643286509905, 2950410.903358811512589 ], [ 480209.316124712117016, 2950233.243212422356009 ], [ 480347.623507984448224, 2949590.65121213812381 ], [ 479921.043643286509905, 2950410.903358811512589 ] ] ] } },
{ "type": "Feature", "properties": { "t": "river" }, "geometry": { "type": "MultiPolygon", "coordinates": [ [ [ [ 479124.792359712650068, 2950257.13053916906938 ], [ 479150.563713518786244, 2950218.299548664595932 ], [ 479015.121894903830253, 2950124.405492896679789 ], [ 479124.792359712650068, 2950257.13053916906938 ] ] ], [ [ [ 479551.611521806684323, 2949614.058569365181029 ], [ 479084.60902182047721, 2950024.6115458663553 ], [ 479160.810521766659804, 2950202.86025071516633 ], [ 479551.611521806684323, 2949614.058569365181029 ] ] ] ] } },
{ "type": "Feature", "properties": { "t": "river" }, "geometry": { "type": "Polygon", "coordinates": [ [ [ 481054.165153261914384, 2949622.804182140156627 ], [ 480905.006559276895132, 2949689.480293952394277 ], [ 481313.727156366803683, 2950198.343786581419408 ], [ 481054.165153261914384, 2949622.804182140156627 ] ] ] } },
{ "type": "Feature", "properties": { "t": "river" }, "geometry": { "type": "Polygon", "coordinates": [ [ [ 486945.042477277223952, 2949759.364707657601684 ], [ 486964.829693630803376, 2949648.590090774931014 ], [ 486905.11514324916061, 2949637.576079342979938 ], [ 486945.042477277223952, 2949759.364707657601684 ] ] ] } },
{ "type": "Feature", "properties": { "t": "river" }, "geometry": { "type": "MultiPolygon", "coordinates": [ [ [ [ 480028.664737408398651, 2949247.809261444024742 ], [ 480486.591575963248033, 2949368.92773356474936 ], [ 480475.245338869164698, 2948460.757898980751634 ], [ 480753.695797834196128, 2948120.291275145951658 ], [ 480634.013338181364816, 2948161.47795796347782 ], [ 480663.302729990100488, 2948056.555710966698825 ], [ 480564.317482019483577, 2948139.433455395977944 ], [ 480584.204022705438547, 2948128.327619144693017 ], [ 480554.602979770861566, 2948294.504531540442258 ], [ 480485.128790431597736, 2948416.440927769523114 ], [ 480445.390903567138594, 2948460.803800280205905 ], [ 480437.789341183961369, 2948448.157843774184585 ], [ 480406.93419513880508, 2949335.823952439241111 ], [ 479849.478911930171307, 2949203.790344561450183 ], [ 479541.62526785657974, 2949591.923707428388298 ], [ 480028.664737408398651, 2949247.809261444024742 ] ] ], [ [ [ 480892.441503964364529, 2947950.653476248495281 ], [ 481022.560057712951675, 2948448.853384550660849 ], [ 480811.517439808114432, 2948731.594193614087999 ], [ 481042.463027868594509, 2948448.823679903522134 ], [ 481045.098661907424685, 2948290.622748469002545 ], [ 481022.295450092817191, 2948271.64669045759365 ], [ 481032.164430455886759, 2948216.254751319997013 ], [ 481045.673012947489042, 2948256.148648771923035 ], [ 481060.732409195683431, 2947352.328241650946438 ], [ 481726.091107638087124, 2946343.491550908889621 ], [ 481050.697532917198259, 2947296.966052120085806 ], [ 480961.888996344001498, 2947806.568595553282648 ], [ 480866.469935289060231, 2947886.455003612674773 ], [ 480771.670740717847366, 2948098.313819777220488 ], [ 480892.441503964364529, 2947950.653476248495281 ] ] ], [ [ [ 480468.903414798900485, 2948219.32291176635772 ], [ 480445.050085275608581, 2948239.295390184503049 ], [ 480443.793398682784755, 2948275.444656630046666 ], [ 480468.903414798900485, 2948219.32291176635772 ] ] ], [ [ [ 480724.620276797795668, 2948848.017944243270904 ], [ 481053.950417242653202, 2949478.823527087457478 ], [ 480737.16151115775574, 2948831.215182130690664 ], [ 480724.620276797795668, 2948848.017944243270904 ] ] ] ] } },
{ "type": "Feature", "properties": { "t": "river" }, "geometry": { "type": "MultiPolygon", "coordinates": [ [ [ [ 486227.638581373495981, 2948863.012673825956881 ], [ 484924.551554938545451, 2949296.433656502515078 ], [ 486267.216340255516116, 2948896.274097733199596 ], [ 486227.638581373495981, 2948863.012673825956881 ] ] ], [ [ [ 486775.216371559014078, 2949117.16563857300207 ], [ 486885.15690879401518, 2949582.219526320695877 ], [ 486824.741378551640082, 2948895.605778390541673 ], [ 487272.474848154757638, 2948828.696918275672942 ], [ 486824.649508011643775, 2948807.002528226934373 ], [ 486661.729261111060623, 2949067.773051063530147 ], [ 486775.216371559014078, 2949117.16563857300207 ] ] ] ] } },
{ "type": "Feature", "properties": { "t": "river" }, "geometry": { "type": "Polygon", "coordinates": [ [ [ 476389.050027352350298, 2945189.357830874156207 ], [ 476388.659589573100675, 2944978.92537410184741 ], [ 476160.168875064584427, 2945223.01087342761457 ], [ 476389.050027352350298, 2945189.357830874156207 ] ] ] } },
{ "type": "Feature", "properties": { "t": "river" }, "geometry": { "type": "Polygon", "coordinates": [ [ [ 477095.708468002150767, 2945143.764565710909665 ], [ 477075.979854347941, 2945243.478930733166635 ], [ 477194.951673929288518, 2944977.45496632065624 ], [ 477095.708468002150767, 2945143.764565710909665 ] ] ] } },
{ "type": "Feature", "properties": { "t": "river" }, "geometry": { "type": "MultiPolygon", "coordinates": [ [ [ [ 451211.392430467007216, 2957256.105069074779749 ], [ 451107.292740387783851, 2957091.178231712896377 ], [ 451181.472564631723799, 2957234.068533968180418 ], [ 450852.905831896758173, 2957135.655997938010842 ], [ 450805.157359962293413, 2957236.637045371346176 ], [ 451211.392430467007216, 2957256.105069074779749 ] ] ], [ [ [ 451580.7907623713254, 2957631.268400785978884 ], [ 452647.437831477669533, 2958044.029665504116565 ], [ 452655.503283464582637, 2957815.494984506629407 ], [ 451500.767936879477929, 2957509.739584200084209 ], [ 450930.92065346223535, 2956736.620627194643021 ], [ 450559.921442927909084, 2955962.74933669436723 ], [ 450815.246897322183941, 2955119.987640094477683 ], [ 451185.157813357247505, 2955633.315174008253962 ], [ 450861.84574449894717, 2954311.267431333195418 ], [ 450884.014178256911691, 2954898.203252827748656 ], [ 450548.160385967814364, 2955497.607306088320911 ], [ 450060.272016073344275, 2955366.609489123802632 ], [ 450538.257395057065878, 2955508.721850017551333 ], [ 450550.191706099780276, 2956018.166835446376354 ], [ 451043.497846854326781, 2956968.294982145540416 ], [ 451580.7907623713254, 2957631.268400785978884 ] ], [ [ 450903.821752248855773, 2954875.974754626862705 ], [ 450923.586519023519941, 2954842.670570914633572 ], [ 450943.522828591347206, 2954853.669291890691966 ], [ 450943.608548245509155, 2954875.820728258229792 ], [ 450914.111544555809814, 2954964.541990391444415 ], [ 450903.821752248855773, 2954875.974754626862705 ] ], [ [ 450894.389904957613908, 2955008.921917944680899 ], [ 450874.496714829816483, 2955008.998995969071984 ], [ 450884.314568866044283, 2954975.733291359618306 ], [ 450894.389904957613908, 2955008.921917944680899 ] ], [ [ 450874.668406452517956, 2955053.301880798768252 ], [ 450844.914623741584364, 2955075.569001520052552 ], [ 450864.63598252646625, 2955031.188988993875682 ], [ 450874.668406452517956, 2955053.301880798768252 ] ] ], [ [ [ 453054.715384143055417, 2958201.664914137218148 ], [ 453057.261947781546041, 2958888.361365560442209 ], [ 453134.882894903537817, 2958367.506353216711432 ], [ 453156.328265254793223, 2958788.311196903698146 ], [ 453384.582388059934601, 2958665.633632574230433 ], [ 453094.450601032876875, 2958190.441741189453751 ], [ 452870.48221168492455, 2958130.356052082963288 ], [ 453054.715384143055417, 2958201.664914137218148 ] ] ], [ [ [ 451327.921610686753411, 2956524.646895843558013 ], [ 451357.034895233577117, 2956336.244790884200484 ], [ 451223.659331929171458, 2955790.769005148205906 ], [ 451327.921610686753411, 2956524.646895843558013 ] ] ] ] } },
{ "type": "Feature", "properties": { "t": "lake" }, "geometry": { "type": "Polygon", "coordinates": [ [ [ 450886.993520708521828, 2958232.040339408908039 ], [ 450975.632373261963949, 2958010.178201577160507 ], [ 450856.602440387825482, 2958088.171153392177075 ], [ 450886.993520708521828, 2958232.040339408908039 ] ] ] } },
{ "type": "Feature", "properties": { "t": "lake" }, "geometry": { "type": "Polygon", "coordinates": [ [ [ 450636.578296961146407, 2957767.825037242844701 ], [ 450587.850252054748125, 2958022.761548130773008 ], [ 450696.762401154439431, 2957900.501723953988403 ], [ 450636.578296961146407, 2957767.825037242844701 ] ] ] } },
{ "type": "Feature", "properties": { "t": "river" }, "geometry": { "type": "Polygon", "coordinates": [ [ [ 451279.583103693265002, 2954298.579578035045415 ], [ 451249.656494887080044, 2954276.54286042926833 ], [ 451260.625475446577184, 2954542.32162815425545 ], [ 451279.583103693265002, 2954298.579578035045415 ] ] ] } },
{ "type": "Feature", "properties": { "t": "river" }, "geometry": { "type": "MultiPolygon", "coordinates": [ [ [ [ 451087.767962211626582, 2953568.31073281634599 ], [ 451259.220501447096467, 2954176.82326586637646 ], [ 451432.376455402059946, 2952636.614995716605335 ], [ 451088.644138189207297, 2951433.474865057040006 ], [ 450978.902215106820222, 2952156.051952184177935 ], [ 451061.507484089408536, 2951918.110076755750924 ], [ 451101.132862792990636, 2951873.653987620025873 ], [ 451101.303551663062535, 2951917.956687521189451 ], [ 451150.750234055623878, 2951840.235406754538417 ], [ 451221.457999601087067, 2952116.859427306801081 ], [ 451311.592644367017783, 2952271.575063047930598 ], [ 451392.285648780642077, 2952559.237607633695006 ], [ 451392.667518358503003, 2952658.918746387585998 ], [ 451334.081523903645575, 2952947.115379842929542 ], [ 451344.964280319109093, 2953190.742380362935364 ], [ 451285.318717028945684, 2953202.047147683333606 ], [ 451235.110341145249549, 2953080.405657190363854 ], [ 451234.216294343699701, 2952847.816196023486555 ], [ 451104.333675171481445, 2952704.330023081041873 ], [ 451084.009877663687803, 2952593.649859195575118 ], [ 451033.925506353669334, 2952505.23624516883865 ], [ 450954.122995180485304, 2952450.165204539429396 ], [ 450970.237247176235542, 2952213.108807807788253 ], [ 450934.225792512646876, 2952450.242127142380923 ], [ 451215.086356513493229, 2953047.255083625204861 ], [ 450811.981134366360493, 2954278.233135975897312 ], [ 451087.767962211626582, 2953568.31073281634599 ] ], [ [ 451225.801012628304306, 2953246.57927455380559 ], [ 451226.056532059621532, 2953313.033433398697525 ], [ 451186.605824787868187, 2953401.792055333033204 ], [ 451225.801012628304306, 2953246.57927455380559 ] ], [ [ 451087.46898148173932, 2953490.780846684239805 ], [ 451117.184277739899699, 2953457.438706583809108 ], [ 451107.535324271186255, 2953535.006929722614586 ], [ 451087.46898148173932, 2953490.780846684239805 ] ] ], [ [ [ 450585.15426461660536, 2949671.561817887704819 ], [ 450527.175159137346782, 2950114.820319363847375 ], [ 451018.480405348876957, 2951187.914299074560404 ], [ 450585.15426461660536, 2949671.561817887704819 ] ], [ [ 450607.037093975697644, 2950180.964422557502985 ], [ 450577.013541165215429, 2950136.777928379364312 ], [ 450586.748506233852822, 2950081.36093577882275 ], [ 450607.037093975697644, 2950180.964422557502985 ] ] ] ] } },
{ "type": "Feature", "properties": { "t": "river" }, "geometry": { "type": "Polygon", "coordinates": [ [ [ 450209.716426243365277, 2950359.729162029456347 ], [ 450097.609283166588284, 2949684.543573753442615 ], [ 450109.69181639602175, 2950227.211717629805207 ], [ 450209.716426243365277, 2950359.729162029456347 ] ] ] } },
{ "type": "Feature", "properties": { "t": "river" }, "geometry": { "type": "Polygon", "coordinates": [ [ [ 450235.835512138321064, 2949407.105793583672494 ], [ 450495.424560624291189, 2949627.60791674349457 ], [ 450125.983247829484753, 2949307.854196224827319 ], [ 450132.978693243523594, 2948554.671400828752667 ], [ 450777.00581458961824, 2947821.158311225008219 ], [ 450664.394015312369447, 2947013.062672090250999 ], [ 450952.129962535924278, 2946779.358386358711869 ], [ 450800.220959862694144, 2946104.323367693927139 ], [ 451284.468639985891059, 2945194.248324170708656 ], [ 450610.759036086732522, 2946016.451439581811428 ], [ 450749.724145426240284, 2945916.23081953311339 ], [ 450901.552340065711178, 2946569.113944831769913 ], [ 450604.547761783353053, 2946980.067666784860194 ], [ 450628.324596609047148, 2947976.79596537631005 ], [ 450083.220374038966838, 2948554.866746122948825 ], [ 450067.713409362186212, 2949673.585227909963578 ], [ 450235.835512138321064, 2949407.105793583672494 ] ], [ [ 450898.730724562425166, 2945838.12452706694603 ], [ 450849.090191111376043, 2945871.54348869016394 ], [ 450888.392150493746158, 2945738.482624225784093 ], [ 450928.036708161525894, 2945694.026629923842847 ], [ 450898.730724562425166, 2945838.12452706694603 ] ], [ [ 450656.977196583058685, 2947666.562611222732812 ], [ 450706.524235846241936, 2947610.991469925269485 ], [ 450706.867793779994827, 2947699.596425976604223 ], [ 450746.891652727150358, 2947754.820229632779956 ], [ 450737.15397252823459, 2947810.236897588241845 ], [ 450687.564633623231202, 2947854.732320903334767 ], [ 450656.977196583058685, 2947666.562611222732812 ] ], [ [ 450192.341414741415065, 2948465.832150272559375 ], [ 450142.713102248380892, 2948499.254168080631644 ], [ 450182.346266934124287, 2948454.79552009049803 ], [ 450192.341414741415065, 2948465.832150272559375 ] ] ] } },
{ "type": "Feature", "properties": { "t": "river" }, "geometry": { "type": "Polygon", "coordinates": [ [ [ 460256.617319942335598, 2949427.183496373705566 ], [ 460275.757192294578999, 2949183.459023614414036 ], [ 460256.582671092241071, 2949416.10793878743425 ], [ 459948.803814152954146, 2949638.587956340517849 ], [ 460256.617319942335598, 2949427.183496373705566 ] ] ] } },
{ "type": "Feature", "properties": { "t": "river" }, "geometry": { "type": "Polygon", "coordinates": [ [ [ 462115.249026510864496, 2948690.512904357630759 ], [ 462422.105901571805589, 2948135.820632595103234 ], [ 462085.394742175645661, 2948690.60194253642112 ], [ 462256.181127592048142, 2949232.799552030395716 ], [ 462115.249026510864496, 2948690.512904357630759 ] ] ] } },
{ "type": "Feature", "properties": { "t": "river" }, "geometry": { "type": "Polygon", "coordinates": [ [ [ 456952.211729120812379, 2949227.512283838354051 ], [ 456831.218635604949668, 2948762.743061763234437 ], [ 456921.983030637609772, 2949116.857646483462304 ], [ 456952.211729120812379, 2949227.512283838354051 ] ] ] } },
{ "type": "Feature", "properties": { "t": "river" }, "geometry": { "type": "MultiPolygon", "coordinates": [ [ [ [ 459453.446136937534902, 2947203.513599248602986 ], [ 459966.000602099753451, 2948199.204242639243603 ], [ 459964.029341624467634, 2948154.401179282926023 ], [ 459462.720987921580672, 2947143.284163122065365 ], [ 459453.446136937534902, 2947203.513599248602986 ] ] ], [ [ [ 459956.241208160237875, 2948841.116448929533362 ], [ 459995.966420411074068, 2948880.302122685592622 ], [ 459978.853695661993697, 2948491.337164986412972 ], [ 459956.241208160237875, 2948841.116448929533362 ] ] ] ] } },
{ "type": "Feature", "properties": { "t": "river" }, "geometry": { "type": "Polygon", "coordinates": [ [ [ 462190.940266141376924, 2947372.288602603133768 ], [ 461711.054498443205375, 2946653.809899763204157 ], [ 461749.234563071921002, 2946110.990451416466385 ], [ 461069.24817823653575, 2945083.022444248665124 ], [ 460720.643875032197684, 2945017.640089430380613 ], [ 461139.333875610143878, 2945215.715355820488185 ], [ 461180.198003447963856, 2945558.934124645777047 ], [ 461679.260128595808055, 2946011.520660710986704 ], [ 461711.387948851799592, 2946764.56497933762148 ], [ 462151.03151683480246, 2947339.180508797056973 ], [ 462302.683582479250617, 2948136.174260948318988 ], [ 462190.940266141376924, 2947372.288602603133768 ] ] ] } },
{ "type": "Feature", "properties": { "t": "river" }, "geometry": { "type": "Polygon", "coordinates": [ [ [ 453449.368167638429441, 2946504.154837576672435 ], [ 453728.743582769355271, 2946691.422655859030783 ], [ 453469.315146163571626, 2946515.157571453601122 ], [ 453817.59738583327271, 2946491.73672054335475 ], [ 453227.587231662473641, 2945740.743602540344 ], [ 453449.368167638429441, 2946504.154837576672435 ] ] ] } },
{ "type": "Feature", "properties": { "t": "river" }, "geometry": { "type": "Polygon", "coordinates": [ [ [ 452912.180686366569716, 2946583.66244128998369 ], [ 452600.867185592884198, 2945842.744644629303366 ], [ 452762.595125772990286, 2946506.686987541150302 ], [ 452912.180686366569716, 2946583.66244128998369 ] ] ] } },
{ "type": "Feature", "properties": { "t": "river" }, "geometry": { "type": "MultiPolygon", "coordinates": [ [ [ [ 458630.451955429802183, 2945090.716963166370988 ], [ 459218.677192621282302, 2945376.784462463110685 ], [ 459228.000250876531936, 2945354.354449263308197 ], [ 458630.451955429802183, 2945090.716963166370988 ] ] ], [ [ [ 459401.223302740661893, 2945068.506185121368617 ], [ 459366.856244216614868, 2945021.89061523694545 ], [ 459357.511689029401168, 2945044.37102881167084 ], [ 459401.223302740661893, 2945068.506185121368617 ] ] ], [ [ [ 459328.490356011781842, 2945476.11358493193984 ], [ 459413.117234204604756, 2945543.936282228678465 ], [ 459586.80109918693779, 2945320.231858640443534 ], [ 459542.975265993387438, 2945260.783486147411168 ], [ 459328.490356011781842, 2945476.11358493193984 ] ] ], [ [ [ 459681.305007381888572, 2945758.879043075721711 ], [ 459667.697735727473628, 2945718.697469550650567 ], [ 459566.357607813435607, 2945666.751300050411373 ], [ 459681.305007381888572, 2945758.879043075721711 ] ] ], [ [ [ 459739.722826311073732, 2946460.53628555405885 ], [ 459888.741341692802962, 2946371.460425416007638 ], [ 459729.578150156012271, 2945901.429271979257464 ], [ 459739.722826311073732, 2946460.53628555405885 ] ] ] ] } },
{ "type": "Feature", "properties": { "t": "river" }, "geometry": { "type": "Polygon", "coordinates": [ [ [ 455406.658662664936855, 2945500.329846682492644 ], [ 454708.578041456872597, 2945137.297880050260574 ], [ 455376.874369605444372, 2945522.585630220361054 ], [ 455737.722278208646458, 2946241.244454029016197 ], [ 455406.658662664936855, 2945500.329846682492644 ] ] ] } },
{ "type": "Feature", "properties": { "t": "river" }, "geometry": { "type": "Polygon", "coordinates": [ [ [ 460492.072824599628802, 2945140.179252092260867 ], [ 460482.772113374550827, 2945350.64460681611672 ], [ 460532.611107310047373, 2945372.641132609453052 ], [ 460492.072824599628802, 2945140.179252092260867 ] ] ] } },
{ "type": "Feature", "properties": { "t": "lake" }, "geometry": { "type": "Polygon", "coordinates": [ [ [ 454430.175333645194769, 2945226.897319313604385 ], [ 454469.67518317484064, 2945138.15040496038273 ], [ 454210.505033682449721, 2945039.399088959209621 ], [ 454430.175333645194769, 2945226.897319313604385 ] ] ] } },
{ "type": "Feature", "properties": { "t": "river" }, "geometry": { "type": "Polygon", "coordinates": [ [ [ 453394.246662038785871, 2945042.36225771997124 ], [ 453304.697933290037327, 2945053.766229879576713 ], [ 453345.002666626358405, 2945186.526887814514339 ], [ 453394.246662038785871, 2945042.36225771997124 ] ] ] } },
{ "type": "Feature", "properties": { "t": "river" }, "geometry": { "type": "Polygon", "coordinates": [ [ [ 453862.383223570708651, 2945118.186320365406573 ], [ 453852.187933035020251, 2945051.769097070675343 ], [ 453812.330289476492908, 2945040.837996097281575 ], [ 453862.383223570708651, 2945118.186320365406573 ] ] ] } },
{ "type": "Feature", "properties": { "t": "river" }, "geometry": { "type": "MultiPolygon", "coordinates": [ [ [ [ 429418.759226549067535, 2956771.757711159065366 ], [ 429988.019083983497694, 2958994.945686204824597 ], [ 429479.837088026397396, 2956724.966418492142111 ], [ 429418.759226549067535, 2956771.757711159065366 ] ] ], [ [ [ 429653.393080310313962, 2956039.414145161863416 ], [ 430228.315132882795297, 2955681.793275532312691 ], [ 430136.409703919256572, 2955567.401132139842957 ], [ 429653.270102197362576, 2956017.262158873025328 ], [ 429475.904509022773709, 2956317.309253252577037 ], [ 429544.090309789695311, 2956412.10439492855221 ], [ 429653.393080310313962, 2956039.414145161863416 ] ] ] ] } },
{ "type": "Feature", "properties": { "t": "river" }, "geometry": { "type": "MultiPolygon", "coordinates": [ [ [ [ 434212.844022242352366, 2958728.603004450909793 ], [ 435033.470894402067643, 2957805.036509731784463 ], [ 435046.361165331443772, 2957767.915024901274592 ], [ 434192.898620239924639, 2958717.630414283368737 ], [ 434532.309422029182315, 2958970.624444188550115 ], [ 434212.844022242352366, 2958728.603004450909793 ] ] ], [ [ [ 435454.040764625591692, 2956594.001859165262431 ], [ 435385.431472608703189, 2956618.080182332079858 ], [ 435139.427477400808129, 2957499.909263132605702 ], [ 435454.040764625591692, 2956594.001859165262431 ] ] ], [ [ [ 436348.924921669706237, 2956369.526476787403226 ], [ 436319.218535195395816, 2956290.409086349885911 ], [ 435882.834716645302251, 2956443.527857816312462 ], [ 436348.924921669706237, 2956369.526476787403226 ] ] ], [ [ [ 436138.58802646183176, 2955809.355619254056364 ], [ 436117.49284856178565, 2955839.034277667291462 ], [ 436202.360315335448831, 2955979.189057873096317 ], [ 436138.58802646183176, 2955809.355619254056364 ] ] ], [ [ [ 436344.807800188311376, 2955549.909807978197932 ], [ 436327.675845676974859, 2955403.910112315788865 ], [ 436315.024339567346033, 2955561.135608259122819 ], [ 436169.154084048990626, 2955766.352763794828206 ], [ 436344.807800188311376, 2955549.909807978197932 ] ] ], [ [ [ 436272.064831476833206, 2954930.009752993937582 ], [ 436122.638686468300875, 2954886.457132667768747 ], [ 436284.220582404988818, 2955033.59473063936457 ], [ 436272.064831476833206, 2954930.009752993937582 ] ] ] ] } },
{ "type": "Feature", "properties": { "t": "river" }, "geometry": { "type": "Polygon", "coordinates": [ [ [ 426184.128621632815339, 2958097.213011514861137 ], [ 426298.48202980455244, 2957961.552663215436041 ], [ 425943.645708596566692, 2957788.476629968732595 ], [ 426184.128621632815339, 2958097.213011514861137 ] ] ] } },
{ "type": "Feature", "properties": { "t": "river" }, "geometry": { "type": "Polygon", "coordinates": [ [ [ 435880.389943041023798, 2958121.930002510081977 ], [ 435879.941211991710588, 2958033.322509522084147 ], [ 435829.657731987885199, 2957922.815050496254116 ], [ 435880.389943041023798, 2958121.930002510081977 ] ] ] } },
{ "type": "Feature", "properties": { "t": "river" }, "geometry": { "type": "Polygon", "coordinates": [ [ [ 425395.898989345878363, 2957658.774310489650816 ], [ 425256.016615317843389, 2957548.834510388318449 ], [ 425166.577139663684648, 2957560.439171735197306 ], [ 425395.898989345878363, 2957658.774310489650816 ] ] ] } },
{ "type": "Feature", "properties": { "t": "river" }, "geometry": { "type": "Polygon", "coordinates": [ [ [ 436761.233910092851147, 2957275.708859536796808 ], [ 436782.450845683459193, 2957541.431536260060966 ], [ 436801.456105149234645, 2957364.117608871776611 ], [ 436761.233910092851147, 2957275.708859536796808 ] ] ] } },
{ "type": "Feature", "properties": { "t": "river" }, "geometry": { "type": "Polygon", "coordinates": [ [ [ 428964.55709648411721, 2957361.343924068380147 ], [ 428864.23544231930282, 2957206.837809517513961 ], [ 428704.987611475051381, 2957185.580465693026781 ], [ 428964.55709648411721, 2957361.343924068380147 ] ] ] } },
{ "type": "Feature", "properties": { "t": "river" }, "geometry": { "type": "Polygon", "coordinates": [ [ [ 437020.00506032386329, 2955313.937234814744443 ], [ 436886.068236739782151, 2954384.206605553627014 ], [ 437000.111966795113403, 2955314.036096275318414 ], [ 437589.194289077538997, 2955765.243853366468102 ], [ 437020.00506032386329, 2955313.937234814744443 ] ] ] } },
{ "type": "Feature", "properties": { "t": "river" }, "geometry": { "type": "MultiPolygon", "coordinates": [ [ [ [ 436023.169719794590492, 2954886.958727342542261 ], [ 436306.946721060434356, 2955048.153976501896977 ], [ 436322.244223256828263, 2955018.366930945776403 ], [ 436037.655049621243961, 2954867.226318736094981 ], [ 436023.169719794590492, 2954886.958727342542261 ] ] ], [ [ [ 436240.720269460347481, 2954631.110882944427431 ], [ 435841.547338227042928, 2954378.372673826757818 ], [ 436210.878985182323959, 2954631.260989421978593 ], [ 436070.096318305819295, 2954823.034010385163128 ], [ 436240.720269460347481, 2954631.110882944427431 ] ] ] ] } },
{ "type": "Feature", "properties": { "t": "river" }, "geometry": { "type": "Polygon", "coordinates": [ [ [ 437147.882264650426805, 2955025.322528037708253 ], [ 437317.415513356798328, 2955113.092256019357592 ], [ 437267.462760399677791, 2955069.034777997992933 ], [ 437147.882264650426805, 2955025.322528037708253 ] ] ] } },
{ "type": "Feature", "properties": { "t": "river" }, "geometry": { "type": "Polygon", "coordinates": [ [ [ 430789.815361895831302, 2954681.84782604360953 ], [ 431097.093297654530033, 2954480.801087582483888 ], [ 430819.535918057837989, 2954659.533041581977159 ], [ 430638.911640851059929, 2954372.536397151648998 ], [ 430789.815361895831302, 2954681.84782604360953 ] ] ] } },
{ "type": "Feature", "properties": { "t": "river" }, "geometry": { "type": "Polygon", "coordinates": [ [ [ 429256.285124082583934, 2954391.251400226261467 ], [ 429206.486291920999065, 2954380.453019311651587 ], [ 429296.939398608752526, 2954546.093135039322078 ], [ 429256.285124082583934, 2954391.251400226261467 ] ] ] } },
{ "type": "Feature", "properties": { "t": "river" }, "geometry": { "type": "MultiPolygon", "coordinates": [ [ [ [ 425234.908874227839988, 2950592.969803207088262 ], [ 425152.759496605431195, 2950161.475477802567184 ], [ 425195.30282009736402, 2950626.432155325543135 ], [ 425695.181809818488546, 2950909.190911842975765 ], [ 425234.908874227839988, 2950592.969803207088262 ] ] ], [ [ [ 426108.978585224365816, 2952027.779759955592453 ], [ 426858.432119794888422, 2952588.332339483313262 ], [ 426617.481859746854752, 2952213.127393561881036 ], [ 426685.063245291239582, 2952093.983943356201053 ], [ 426567.287468241236638, 2952135.883252412546426 ], [ 426127.910202013386879, 2951861.524104707408696 ], [ 425954.247419113467913, 2951087.190791117958724 ], [ 425859.99159133475041, 2951022.427924206946045 ], [ 426108.978585224365816, 2952027.779759955592453 ] ] ], [ [ [ 427101.566196560801473, 2951999.439068970736116 ], [ 427073.678941619815305, 2951955.74179669842124 ], [ 427004.459144175460096, 2951980.364235057495534 ], [ 427101.566196560801473, 2951999.439068970736116 ] ] ], [ [ [ 427436.732345750380773, 2952806.538829248864204 ], [ 428104.400715020950884, 2952685.81026713643223 ], [ 428072.50532860471867, 2952636.773730396293104 ], [ 427545.535246786894277, 2952695.153632877860218 ], [ 427107.329498968669213, 2952008.469783138018101 ], [ 427436.732345750380773, 2952806.538829248864204 ] ] ], [ [ [ 428535.827922024938744, 2953642.100883707404137 ], [ 429206.486291920999065, 2954380.453019311651587 ], [ 428189.438071130309254, 2952816.550417732913047 ], [ 428535.827922024938744, 2953642.100883707404137 ] ] ] ] } },
{ "type": "Feature", "properties": { "t": "river" }, "geometry": { "type": "Polygon", "coordinates": [ [ [ 430037.690792210982181, 2950411.280539426486939 ], [ 429950.978611295693554, 2950488.545261135324836 ], [ 430024.238190791686065, 2952947.072044632863253 ], [ 430025.373305268585682, 2952949.704130003694445 ], [ 430037.690792210982181, 2950411.280539426486939 ] ] ] } },
{ "type": "Feature", "properties": { "t": "river" }, "geometry": { "type": "MultiPolygon", "coordinates": [ [ [ [ 434789.952295476687141, 2951060.886718528810889 ], [ 434853.428205385163892, 2951110.504717801231891 ], [ 434884.737654459429905, 2950141.080910596065223 ], [ 434831.450489390583243, 2950087.710597921628505 ], [ 434789.952295476687141, 2951060.886718528810889 ] ] ], [ [ [ 435012.592871244705748, 2951790.770732436329126 ], [ 435589.012186559091788, 2952330.671471958979964 ], [ 435622.030795648111962, 2952286.091281447559595 ], [ 435032.151402162213344, 2951724.213707577437162 ], [ 435189.814836777048185, 2951424.351817822549492 ], [ 435089.568483094277326, 2951359.438110686372966 ], [ 435012.592871244705748, 2951790.770732436329126 ] ] ], [ [ [ 435324.860829398268834, 2952542.353844239842147 ], [ 435386.498888386646286, 2952604.104474523570389 ], [ 435534.874415386933833, 2952403.766659779939801 ], [ 435324.860829398268834, 2952542.353844239842147 ] ] ], [ [ [ 435559.083311309921555, 2953604.473200733307749 ], [ 435872.230027129116934, 2953837.851181897800416 ], [ 435908.379534758394584, 2953824.226502945646644 ], [ 435608.991553463682067, 2953637.448220099788159 ], [ 435614.891985288471915, 2952839.934907572343946 ], [ 435545.079327839135658, 2952775.82175125181675 ], [ 435559.083311309921555, 2953604.473200733307749 ] ] ], [ [ [ 435411.951702795922756, 2954015.039888102095574 ], [ 435791.642580748652108, 2954345.396778909955174 ], [ 435435.526079442701302, 2954007.407974949106574 ], [ 435411.951702795922756, 2954015.039888102095574 ] ] ] ] } },
{ "type": "Feature", "properties": { "t": "river" }, "geometry": { "type": "Polygon", "coordinates": [ [ [ 436553.652177991985809, 2953555.154523781500757 ], [ 436195.303623791842256, 2953512.647517853882164 ], [ 436503.967954959021881, 2953566.479294105898589 ], [ 436856.005773515906185, 2954340.051693456247449 ], [ 436553.652177991985809, 2953555.154523781500757 ] ] ] } },
{ "type": "Feature", "properties": { "t": "lake" }, "geometry": { "type": "Polygon", "coordinates": [ [ [ 425818.40000273915939, 2953380.793446980882436 ], [ 425958.192741230886895, 2953468.587802891619503 ], [ 425937.39100472361315, 2953313.639805767219514 ], [ 425818.40000273915939, 2953380.793446980882436 ] ] ] } },
{ "type": "Feature", "properties": { "t": "river" }, "geometry": { "type": "Polygon", "coordinates": [ [ [ 436242.761089912324678, 2953058.286946259904653 ], [ 436560.553682654863223, 2952945.932451691478491 ], [ 436262.379514462838415, 2953002.807661440223455 ], [ 436131.768274336471222, 2952748.713283720426261 ], [ 436242.761089912324678, 2953058.286946259904653 ] ] ] } },
{ "type": "Feature", "properties": { "t": "river" }, "geometry": { "type": "Polygon", "coordinates": [ [ [ 436683.472836233093403, 2951660.488337900489569 ], [ 436914.511531456315424, 2952102.382370423525572 ], [ 437052.28079703846015, 2952148.098202728666365 ], [ 436683.472836233093403, 2951660.488337900489569 ] ] ] } },
{ "type": "Feature", "properties": { "t": "river" }, "geometry": { "type": "Polygon", "coordinates": [ [ [ 429586.991054482001346, 2949449.390766518190503 ], [ 429265.652412248193286, 2948930.592252024449408 ], [ 429584.732950210571289, 2949461.924635324627161 ], [ 429586.991054482001346, 2949449.390766518190503 ] ] ] } },
{ "type": "Feature", "properties": { "t": "river" }, "geometry": { "type": "MultiPolygon", "coordinates": [ [ [ [ 434163.814186572795734, 2949280.858554529491812 ], [ 434472.704988488170784, 2949356.794560013338923 ], [ 434531.220841255271807, 2949328.511091833468527 ], [ 434134.278596126125194, 2949220.269113363698125 ], [ 434163.814186572795734, 2949280.858554529491812 ] ] ], [ [ [ 434611.680556036706548, 2949289.621773481369019 ], [ 434510.478509725362528, 2949173.083946729078889 ], [ 434548.550952903926373, 2949320.13470914401114 ], [ 434611.680556036706548, 2949289.621773481369019 ] ] ], [ [ [ 434630.443485411407892, 2949068.002782362978905 ], [ 434692.771372389572207, 2949577.183912216685712 ], [ 434434.900715502095409, 2949744.654205777216703 ], [ 434702.779384460125584, 2949588.208592324052006 ], [ 434680.371707361075096, 2949100.974370845593512 ], [ 434440.508137005846947, 2948902.839519841130823 ], [ 434477.987247645913158, 2949047.592540022917092 ], [ 434630.443485411407892, 2949068.002782362978905 ] ] ] ] } },
{ "type": "Feature", "properties": { "t": "river" }, "geometry": { "type": "MultiPolygon", "coordinates": [ [ [ [ 435157.419644799432717, 2948976.693688747473061 ], [ 434718.584267102531157, 2948790.646715867333114 ], [ 435227.588601182505954, 2949076.020762399770319 ], [ 434980.218964405881707, 2949354.18707027612254 ], [ 435607.091428825224284, 2949339.918229646980762 ], [ 435179.01306500507053, 2948805.55214326409623 ], [ 435157.419644799432717, 2948976.693688747473061 ] ] ], [ [ [ 435466.985008443240076, 2947225.095801886636764 ], [ 436018.570178249501623, 2947149.794376413803548 ], [ 435903.61636863934109, 2946845.96549680037424 ], [ 435814.7777358465828, 2947112.574755120556802 ], [ 435396.583097824128345, 2947081.464312570635229 ], [ 435227.268463697400875, 2948423.116477197501808 ], [ 435466.985008443240076, 2947225.095801886636764 ] ] ], [ [ [ 437070.717772356467322, 2947482.882639927323908 ], [ 437469.478737375233322, 2947613.82762015145272 ], [ 437348.350464415561873, 2948355.031199727673084 ], [ 437553.017127457715105, 2948410.892010551411659 ], [ 437549.534597031248268, 2947702.042410270310938 ], [ 437038.885355896083638, 2947084.302713930141181 ], [ 436926.840106982504949, 2947102.504383578896523 ], [ 437070.717772356467322, 2947482.882639927323908 ] ] ], [ [ [ 436047.991340817767195, 2946004.219288438092917 ], [ 435888.763087496336084, 2945993.519770544953644 ], [ 435728.232182108156849, 2945840.804747096262872 ], [ 435719.099599674285855, 2945905.767526985611767 ], [ 435978.72375742404256, 2946334.186086399015039 ], [ 436047.991340817767195, 2946004.219288438092917 ] ] ], [ [ [ 436971.686715703457594, 2946083.043045582715422 ], [ 436643.381420005986001, 2945613.154139969032258 ], [ 436655.486330421408638, 2946045.059037662576884 ], [ 436071.316908430540934, 2946005.786844355985522 ], [ 436971.686715703457594, 2946083.043045582715422 ] ] ], [ [ [ 435826.69351818121504, 2945528.638754392042756 ], [ 435347.03315935068531, 2945165.55729948868975 ], [ 435776.75463926140219, 2945495.66258981032297 ], [ 435756.054229080909863, 2945642.902845472097397 ], [ 435826.69351818121504, 2945528.638754392042756 ] ] ] ] } },
{ "type": "Feature", "properties": { "t": "river" }, "geometry": { "type": "Polygon", "coordinates": [ [ [ 425197.10023106134031, 2949241.876796598546207 ], [ 425206.073746139591094, 2949075.678764518816024 ], [ 425115.856255963735748, 2948965.446670553646982 ], [ 425197.10023106134031, 2949241.876796598546207 ] ] ] } },
{ "type": "Feature", "properties": { "t": "river" }, "geometry": { "type": "MultiPolygon", "coordinates": [ [ [ [ 427223.460448959784117, 2946837.631668942049146 ], [ 427343.378037235350348, 2947180.723767228424549 ], [ 427238.309553617378697, 2946804.071774861775339 ], [ 427223.460448959784117, 2946837.631668942049146 ] ] ], [ [ [ 426815.705503851058893, 2945167.45616002753377 ], [ 426928.259950045496225, 2945698.469391592778265 ], [ 427239.9332786402083, 2946016.378453861922026 ], [ 426815.705503851058893, 2945167.45616002753377 ] ] ], [ [ [ 427435.957238816597965, 2947445.611823941580951 ], [ 429265.837379686301574, 2948963.819951813202351 ], [ 427414.561687202658504, 2947384.393771571107209 ], [ 427435.957238816597965, 2947445.611823941580951 ] ] ] ] } },
{ "type": "Feature", "properties": { "t": "river" }, "geometry": { "type": "Polygon", "coordinates": [ [ [ 433398.749629195022862, 2947612.349049379117787 ], [ 433359.519648418878205, 2947723.315914182458073 ], [ 433399.852097302733455, 2947822.789722619112581 ], [ 433398.749629195022862, 2947612.349049379117787 ] ] ] } },
{ "type": "Feature", "properties": { "t": "river" }, "geometry": { "type": "Polygon", "coordinates": [ [ [ 433399.039745289832354, 2947667.728168535511941 ], [ 433417.320841021894012, 2947357.500895154196769 ], [ 433398.749629195022862, 2947612.349049379117787 ], [ 433399.039745289832354, 2947667.728168535511941 ] ] ] } },
{ "type": "Feature", "properties": { "t": "river" }, "geometry": { "type": "Polygon", "coordinates": [ [ [ 433266.168143470073119, 2947003.857356776483357 ], [ 431626.532275943318382, 2945650.201190048828721 ], [ 430789.776048111496493, 2945543.963780704885721 ], [ 430629.057994752307422, 2945279.01116604404524 ], [ 430779.94225557037862, 2945566.169592731632292 ], [ 431596.788750953681301, 2945672.513346721418202 ], [ 432156.585777180560399, 2946112.561278237495571 ], [ 433397.64723423041869, 2947401.908431628718972 ], [ 433266.168143470073119, 2947003.857356776483357 ] ] ] } },
{ "type": "Feature", "properties": { "t": "river" }, "geometry": { "type": "MultiPolygon", "coordinates": [ [ [ [ 401215.24067553045461, 2958566.489600917324424 ], [ 401281.830761101096869, 2958178.268609333783388 ], [ 401000.079697893001139, 2957759.535257565788925 ], [ 401286.249799847195391, 2957469.294698419515043 ], [ 401360.815852000261657, 2957073.381217393558472 ], [ 400960.384952209307812, 2957770.922834076918662 ], [ 401251.736576077761129, 2958145.271728958468884 ], [ 400762.647237704542931, 2959190.353265852667391 ], [ 401215.24067553045461, 2958566.489600917324424 ] ] ], [ [ [ 402144.496924297942314, 2956554.308983622118831 ], [ 402300.429904934309889, 2956692.192424999084324 ], [ 402203.234010523126926, 2956432.007026797160506 ], [ 401747.41941422119271, 2956657.076461551710963 ], [ 400282.985255148319993, 2955106.635317987762392 ], [ 401637.495317488617729, 2956591.466547392774373 ], [ 401564.628842578676995, 2956718.379555133637041 ], [ 402144.496924297942314, 2956554.308983622118831 ] ] ], [ [ [ 402454.963118719868362, 2956828.842904379125684 ], [ 402653.429915396787692, 2956768.238277870230377 ], [ 402401.825644625118002, 2956781.854013930540532 ], [ 402454.963118719868362, 2956828.842904379125684 ] ] ], [ [ [ 402983.160993925994262, 2957504.094701391179115 ], [ 403181.000639668432996, 2957207.830993650481105 ], [ 403064.553156624897383, 2957200.785334157757461 ], [ 402812.510552101884969, 2956759.632117677479982 ], [ 402760.045138201385271, 2956762.470240535680205 ], [ 402983.160993925994262, 2957504.094701391179115 ] ] ] ] } },
{ "type": "Feature", "properties": { "t": "river" }, "geometry": { "type": "MultiPolygon", "coordinates": [ [ [ [ 405531.579023816040717, 2954579.047588475979865 ], [ 405587.174727565376088, 2955365.10021940479055 ], [ 405686.32534081779886, 2955484.317872525192797 ], [ 405531.579023816040717, 2954579.047588475979865 ] ] ], [ [ [ 406937.432595511432737, 2956988.890090649947524 ], [ 406749.841952621762175, 2956552.806384251918644 ], [ 406149.420260626240633, 2956041.177468764130026 ], [ 406937.432595511432737, 2956988.890090649947524 ] ] ], [ [ [ 406747.921346739458386, 2957159.07884964812547 ], [ 406982.58877633116208, 2957093.867359175812453 ], [ 406940.432271456869785, 2956995.863559983670712 ], [ 406747.921346739458386, 2957159.07884964812547 ] ] ], [ [ [ 407206.916684952913783, 2958039.363736065570265 ], [ 407208.293303054641001, 2958033.755342409480363 ], [ 407154.131140600016806, 2957950.648920965846628 ], [ 407206.916684952913783, 2958039.363736065570265 ] ] ] ] } },
{ "type": "Feature", "properties": { "t": "lake" }, "geometry": { "type": "Polygon", "coordinates": [ [ [ 403892.971700217167381, 2954956.904872188344598 ], [ 403763.822688950342126, 2954980.038726082071662 ], [ 403824.599884629831649, 2955123.579205729998648 ], [ 403892.971700217167381, 2954956.904872188344598 ] ] ] } },
{ "type": "Feature", "properties": { "t": "river" }, "geometry": { "type": "MultiPolygon", "coordinates": [ [ [ [ 404913.463854257250205, 2951747.958050861954689 ], [ 404522.832437467877753, 2951407.503885887563229 ], [ 404974.933597763127182, 2952171.259003030601889 ], [ 404913.463854257250205, 2951747.958050861954689 ] ] ], [ [ [ 404971.34230870497413, 2952833.068429372273386 ], [ 404484.919495650334284, 2952980.721975370310247 ], [ 405091.97453361924272, 2952998.320239060092717 ], [ 405342.032865223125555, 2953589.0068597830832 ], [ 405354.78005397261586, 2953550.205954929813743 ], [ 405350.031609152560122, 2953607.902399490587413 ], [ 405382.884808565024287, 2953685.512565697543323 ], [ 405455.008541360497475, 2953649.151310115121305 ], [ 405524.895292040600907, 2953681.861503632273525 ], [ 405385.875318663194776, 2953692.577192621305585 ], [ 405517.339831923600286, 2954003.150271845050156 ], [ 405481.51008099532919, 2954535.112761379219592 ], [ 405554.740600353863556, 2953681.639232576824725 ], [ 405167.564734703744762, 2953091.60724333114922 ], [ 405162.362605755275581, 2953097.486721673049033 ], [ 405159.995728455425706, 2953080.073193970136344 ], [ 405091.808815491502173, 2952976.167511051055044 ], [ 405036.725015211501159, 2952596.799647337757051 ], [ 404971.34230870497413, 2952833.068429372273386 ] ], [ [ 405394.739453685237095, 2953572.061819822993129 ], [ 405414.801697507617064, 2953594.066164270974696 ], [ 405385.286667388631031, 2953638.594226753339171 ], [ 405394.739453685237095, 2953572.061819822993129 ] ] ] ] } },
{ "type": "Feature", "properties": { "t": "lake" }, "geometry": { "type": "Polygon", "coordinates": [ [ [ 410951.818016447243281, 2952944.760933591518551 ], [ 410782.686826823977754, 2952945.949154275003821 ], [ 410933.786527648742776, 2953210.730747267138213 ], [ 410951.818016447243281, 2952944.760933591518551 ] ] ] } },
{ "type": "Feature", "properties": { "t": "river" }, "geometry": { "type": "Polygon", "coordinates": [ [ [ 405773.272116347099654, 2952295.393639714922756 ], [ 405702.720175428083166, 2952174.071196832228452 ], [ 405473.548997253412381, 2952131.468215820845217 ], [ 405773.272116347099654, 2952295.393639714922756 ] ] ] } },
{ "type": "Feature", "properties": { "t": "lake" }, "geometry": { "type": "Polygon", "coordinates": [ [ [ 401817.302118077408522, 2951549.98800736060366 ], [ 401818.244500883331057, 2951671.828510298859328 ], [ 401977.189482691232115, 2951637.368910612538457 ], [ 401817.302118077408522, 2951549.98800736060366 ] ] ] } },
{ "type": "Feature", "properties": { "t": "river" }, "geometry": { "type": "Polygon", "coordinates": [ [ [ 403800.959686189424247, 2950692.948657005559653 ], [ 403818.00913446850609, 2950316.201854735147208 ], [ 403297.683712840196677, 2949943.534970161039382 ], [ 403778.624265301623382, 2950371.885127870365977 ], [ 403592.581078824878205, 2950772.067968630231917 ], [ 404403.179283424979076, 2951375.173398506827652 ], [ 403800.959686189424247, 2950692.948657005559653 ] ] ] } },
{ "type": "Feature", "properties": { "t": "lake" }, "geometry": { "type": "Polygon", "coordinates": [ [ [ 408544.051401142729446, 2950181.598690778482705 ], [ 408414.8466773632681, 2950204.683390881866217 ], [ 408545.247787497588433, 2950347.742602184880525 ], [ 408544.051401142729446, 2950181.598690778482705 ] ] ] } },
{ "type": "Feature", "properties": { "t": "river" }, "geometry": { "type": "MultiPolygon", "coordinates": [ [ [ [ 403209.442091622098815, 2949884.154220136813819 ], [ 403188.765237782790791, 2949890.015013083815575 ], [ 403297.683712840196677, 2949943.534970161039382 ], [ 403209.442091622098815, 2949884.154220136813819 ] ] ], [ [ [ 402800.710365651058964, 2949609.119975182693452 ], [ 402712.549867653753608, 2949575.630396528635174 ], [ 402523.451548070530407, 2949422.56751880934462 ], [ 402337.322843457921408, 2949297.337976227514446 ], [ 402181.968059019942302, 2949263.470189235638827 ], [ 401844.838916183914989, 2949223.736268797889352 ], [ 401824.601194253948051, 2949185.571052171755582 ], [ 401699.283750274335034, 2949158.256842689588666 ], [ 403175.30754617205821, 2949883.402317693457007 ], [ 403167.303356755990535, 2949855.798057769890875 ], [ 402800.710365651058964, 2949609.119975182693452 ] ] ] ] } },
{ "type": "Feature", "properties": { "t": "river" }, "geometry": { "type": "Polygon", "coordinates": [ [ [ 403147.905679756077006, 2949878.214095152914524 ], [ 403160.881822178605944, 2949833.652025416493416 ], [ 403142.433250531204976, 2949770.028604821301997 ], [ 402997.533992947719526, 2949735.360421199351549 ], [ 403147.905679756077006, 2949878.214095152914524 ] ] ] } },
{ "type": "Feature", "properties": { "t": "river" }, "geometry": { "type": "Polygon", "coordinates": [ [ [ 410280.429469110211357, 2948042.475370979867876 ], [ 410647.528734978055581, 2949291.562107674777508 ], [ 411606.519362201972399, 2949805.460395640693605 ], [ 410657.324724337493535, 2949269.339707773178816 ], [ 410320.240461422479711, 2948042.194443644955754 ], [ 409160.180900838924572, 2947275.057044421322644 ], [ 410280.429469110211357, 2948042.475370979867876 ] ] ] } },
{ "type": "Feature", "properties": { "t": "river" }, "geometry": { "type": "Polygon", "coordinates": [ [ [ 402927.703581870126072, 2949713.739823243580759 ], [ 402910.197530795587227, 2949650.712016884703189 ], [ 402848.982162873027846, 2949627.457341998815536 ], [ 402927.703581870126072, 2949713.739823243580759 ] ] ] } },
{ "type": "Feature", "properties": { "t": "lake" }, "geometry": { "type": "Polygon", "coordinates": [ [ [ 407157.121244603767991, 2949682.125111281871796 ], [ 407136.246580307139084, 2949549.355249121319503 ], [ 407017.961892929859459, 2949705.296665078029037 ], [ 407157.121244603767991, 2949682.125111281871796 ] ] ] } },
{ "type": "Feature", "properties": { "t": "river" }, "geometry": { "type": "Polygon", "coordinates": [ [ [ 402593.821066081523895, 2949479.52635024022311 ], [ 402468.38319457374746, 2949377.994448216166347 ], [ 402337.322843457921408, 2949297.337976227514446 ], [ 402737.774965074961074, 2949604.422439083922654 ], [ 402593.821066081523895, 2949479.52635024022311 ] ] ] } },
{ "type": "Feature", "properties": { "t": "river" }, "geometry": { "type": "Polygon", "coordinates": [ [ [ 401829.259742364985868, 2949234.791214427445084 ], [ 401880.955357007449493, 2949227.992501076776534 ], [ 401844.838916183914989, 2949223.736268797889352 ], [ 401824.396915211866144, 2949185.185814747586846 ], [ 401729.054302467091475, 2949146.949519638903439 ], [ 401829.259742364985868, 2949234.791214427445084 ] ] ] } },
{ "type": "Feature", "properties": { "t": "river" }, "geometry": { "type": "Polygon", "coordinates": [ [ [ 401736.073010276537389, 2949018.623536243569106 ], [ 401642.555073101539165, 2948842.271517479792237 ], [ 401678.522527775261551, 2949047.647070688661188 ], [ 401736.073010276537389, 2949018.623536243569106 ] ] ] } },
{ "type": "Feature", "properties": { "t": "river" }, "geometry": { "type": "MultiPolygon", "coordinates": [ [ [ [ 400371.575031148269773, 2948647.97510998044163 ], [ 400989.75182568380842, 2948787.145800614729524 ], [ 401051.168342926364858, 2948754.638012940064073 ], [ 400729.738073508371599, 2948675.815978972241282 ], [ 400371.575031148269773, 2948647.97510998044163 ] ] ], [ [ [ 401435.804790454218164, 2948551.060473384335637 ], [ 401707.864931705058552, 2948980.957829962484539 ], [ 401445.413778591377195, 2948506.677794969175011 ], [ 401183.039458998013288, 2948684.840165437664837 ], [ 401435.804790454218164, 2948551.060473384335637 ] ] ] ] } },
{ "type": "Feature", "properties": { "t": "river" }, "geometry": { "type": "Polygon", "coordinates": [ [ [ 426456.280242476903368, 2977468.568978835828602 ], [ 426489.635342780384235, 2977625.181227144319564 ], [ 426485.964945745421574, 2977583.687313309404999 ], [ 426456.280242476903368, 2977468.568978835828602 ] ] ] } },
{ "type": "Feature", "properties": { "t": "river" }, "geometry": { "type": "MultiPolygon", "coordinates": [ [ [ [ 426462.726677182712592, 2977320.983395854942501 ], [ 426456.616702585713938, 2977251.912857993505895 ], [ 426416.563133317453321, 2977468.801493537612259 ], [ 426462.726677182712592, 2977320.983395854942501 ] ] ], [ [ [ 425777.751722424698528, 2976860.844739052467048 ], [ 425767.714307682646904, 2976860.403097994625568 ], [ 425652.236905282479711, 2976935.534267955925316 ], [ 425777.751722424698528, 2976860.844739052467048 ] ] ] ] } },
{ "type": "Feature", "properties": { "t": "river" }, "geometry": { "type": "MultiPolygon", "coordinates": [ [ [ [ 291438.509665634774137, 2984991.528394093271345 ], [ 291423.817292457446456, 2985302.107057720422745 ], [ 291472.458593530522194, 2985273.891422033309937 ], [ 291438.509665634774137, 2984991.528394093271345 ] ] ], [ [ [ 291516.225915336108301, 2985569.736651266459376 ], [ 291749.407335206051357, 2985174.775325034279376 ], [ 291672.977961794706061, 2985203.636079813353717 ], [ 291516.225915336108301, 2985569.736651266459376 ] ] ], [ [ [ 291488.915186062338762, 2985633.524609793908894 ], [ 292230.714129838044755, 2986053.451437388546765 ], [ 292463.259675678855274, 2986304.512878198642284 ], [ 292444.837579581828322, 2986580.798175621777773 ], [ 292513.995377999090124, 2986370.172218298073858 ], [ 292320.976547388418112, 2986107.371344248298556 ], [ 291502.188680166902486, 2985602.522442402783781 ], [ 291488.915186062338762, 2985633.524609793908894 ] ] ], [ [ [ 292431.447950383240823, 2986781.622400324326009 ], [ 292626.156258282309864, 2986931.658223256468773 ], [ 292433.730208757682703, 2986747.391176858451217 ], [ 292431.447950383240823, 2986781.622400324326009 ] ] ], [ [ [ 292991.460232557263225, 2988094.165623186156154 ], [ 293028.799250025651418, 2988079.56390483956784 ], [ 292935.285350752179511, 2987227.696825706865638 ], [ 292860.712554245546926, 2987156.280019001103938 ], [ 292991.460232557263225, 2988094.165623186156154 ] ] ] ] } },
{ "type": "Feature", "properties": { "t": "lake" }, "geometry": { "type": "Polygon", "coordinates": [ [ [ 295511.36612760432763, 2986897.202862673904747 ], [ 295509.376025857287459, 2986775.321266599930823 ], [ 295360.661433228699025, 2986788.833448284305632 ], [ 295511.36612760432763, 2986897.202862673904747 ] ] ] } },
{ "type": "Feature", "properties": { "t": "lake" }, "geometry": { "type": "Polygon", "coordinates": [ [ [ 295553.039484795648605, 2986408.866362628526986 ], [ 295642.740967706777155, 2986429.568740042392164 ], [ 295619.452785828034393, 2986219.370119026396424 ], [ 295553.039484795648605, 2986408.866362628526986 ] ] ] } },
{ "type": "Feature", "properties": { "t": "river" }, "geometry": { "type": "Polygon", "coordinates": [ [ [ 291705.497870225866791, 2986117.589844331145287 ], [ 291792.263543561450206, 2985960.980580993928015 ], [ 291653.835419366660062, 2985996.531984425149858 ], [ 291705.497870225866791, 2986117.589844331145287 ] ] ] } },
{ "type": "Feature", "properties": { "t": "river" }, "geometry": { "type": "Polygon", "coordinates": [ [ [ 301234.373901523067616, 2982770.970809207763523 ], [ 301167.503663255774882, 2982938.270338253583759 ], [ 301243.153399006812833, 2983324.963927112519741 ], [ 301234.373901523067616, 2982770.970809207763523 ] ] ] } },
{ "type": "Feature", "properties": { "t": "river" }, "geometry": { "type": "MultiPolygon", "coordinates": [ [ [ [ 299251.890404770208988, 2981151.210654645226896 ], [ 299648.029531388019677, 2981699.01745134871453 ], [ 299794.861131739453413, 2981563.681327952072024 ], [ 300246.739603375899605, 2981852.533408503513783 ], [ 299251.890404770208988, 2981151.210654645226896 ] ] ], [ [ [ 300386.916527684312314, 2981942.14387120353058 ], [ 300436.905509210773744, 2981584.092739006970078 ], [ 300267.08893624873599, 2981865.541890854015946 ], [ 300386.916527684312314, 2981942.14387120353058 ] ] ], [ [ [ 300744.370817761635408, 2981842.594429017044604 ], [ 300556.851104682020377, 2981385.308063575066626 ], [ 300496.218270323588513, 2981485.793266034685075 ], [ 300744.370817761635408, 2981842.594429017044604 ] ] ], [ [ [ 300986.669596138759516, 2982808.146429535467178 ], [ 301093.747906767763197, 2982694.672874475829303 ], [ 300960.347837339038961, 2982369.316851707175374 ], [ 300986.669596138759516, 2982808.146429535467178 ] ] ] ] } },
{ "type": "Feature", "properties": { "t": "river" }, "geometry": { "type": "MultiPolygon", "coordinates": [ [ [ [ 299182.779799996758811, 2981040.188262938521802 ], [ 299172.019403707701713, 2981052.16722456831485 ], [ 299191.420217372127809, 2981096.764190525282174 ], [ 299182.779799996758811, 2981040.188262938521802 ] ] ], [ [ [ 299113.749083906761371, 2980588.200242110528052 ], [ 299108.62020532292081, 2980606.424974932335317 ], [ 299120.248567951377481, 2980630.755520309321582 ], [ 299113.749083906761371, 2980588.200242110528052 ] ] ] ] } },
{ "type": "Feature", "properties": { "t": "river" }, "geometry": { "type": "Polygon", "coordinates": [ [ [ 299028.979574609780684, 2980257.074288098141551 ], [ 298560.249863413861021, 2980142.675045508891344 ], [ 299036.149577651405707, 2980289.141403772868216 ], [ 299028.979574609780684, 2980257.074288098141551 ] ] ] } },
{ "type": "Feature", "properties": { "t": "river" }, "geometry": { "type": "Polygon", "coordinates": [ [ [ 298728.716781608643942, 2979497.172938564792275 ], [ 298476.328453460533638, 2979246.316215026192367 ], [ 298533.250595653080381, 2979365.083835273049772 ], [ 298613.327455305319745, 2979454.451362515799701 ], [ 298590.037980823486578, 2979483.572550150565803 ], [ 298646.717280736542307, 2979601.837996901012957 ], [ 298728.716781608643942, 2979497.172938564792275 ] ] ] } },
{ "type": "Feature", "properties": { "t": "river" }, "geometry": { "type": "Polygon", "coordinates": [ [ [ 301151.044098758022301, 2977508.053380838129669 ], [ 300946.452787299291231, 2977626.438499498181045 ], [ 301036.335930432775058, 2977657.872230731882155 ], [ 301151.044098758022301, 2977508.053380838129669 ] ] ] } },
{ "type": "Feature", "properties": { "t": "river" }, "geometry": { "type": "Polygon", "coordinates": [ [ [ 300849.172675036941655, 2977555.564201982691884 ], [ 300654.059602483350318, 2977310.949759511742741 ], [ 300682.688613558420911, 2977534.200032520107925 ], [ 300730.734116617473774, 2977551.001064260490239 ], [ 300849.172675036941655, 2977555.564201982691884 ] ] ] } },
{ "type": "Feature", "properties": { "t": "river" }, "geometry": { "type": "Polygon", "coordinates": [ [ [ 286963.704670214443468, 2988148.064258517697453 ], [ 287072.699106683547143, 2988135.126057259738445 ], [ 286968.486977384774946, 2988127.960646487772465 ], [ 286963.704670214443468, 2988148.064258517697453 ] ] ] } },
{ "type": "Feature", "properties": { "t": "river" }, "geometry": { "type": "Polygon", "coordinates": [ [ [ 287190.677563169971108, 2988066.617514956276864 ], [ 287130.746064551814925, 2988045.469065533950925 ], [ 287042.921925890666898, 2988135.632602423429489 ], [ 287190.677563169971108, 2988066.617514956276864 ] ] ] } },
{ "type": "Feature", "properties": { "t": "river" }, "geometry": { "type": "Polygon", "coordinates": [ [ [ 287290.876707943272777, 2988120.333052440080792 ], [ 287379.267210230580531, 2988063.412888931576163 ], [ 287190.677563169971108, 2988066.617514956276864 ], [ 287290.876707943272777, 2988120.333052440080792 ] ] ] } },
{ "type": "Feature", "properties": { "t": "river" }, "geometry": { "type": "Polygon", "coordinates": [ [ [ 286982.236213111900724, 2988070.162780509795994 ], [ 286969.80869850772433, 2988043.635568156838417 ], [ 286968.499277146533132, 2988043.726016574073583 ], [ 286965.640112796565518, 2988052.258502149023116 ], [ 286982.236213111900724, 2988070.162780509795994 ] ] ] } },
{ "type": "Feature", "properties": { "t": "river" }, "geometry": { "type": "Polygon", "coordinates": [ [ [ 287382.923637357365806, 2988015.10653229476884 ], [ 287367.750290846452117, 2988016.154134442098439 ], [ 287378.702604451100342, 2988030.171379644423723 ], [ 287382.923637357365806, 2988015.10653229476884 ] ] ] } },
{ "type": "Feature", "properties": { "t": "river" }, "geometry": { "type": "Polygon", "coordinates": [ [ [ 287414.266285808989778, 2987785.72609601309523 ], [ 287411.292872376041487, 2987787.114818879868835 ], [ 287410.332732759532519, 2987821.243231459055096 ], [ 287414.266285808989778, 2987785.72609601309523 ] ] ] } },
{ "type": "Feature", "properties": { "t": "river" }, "geometry": { "type": "MultiPolygon", "coordinates": [ [ [ [ 287432.801334739022423, 2987707.825538816861808 ], [ 287415.857502466475125, 2987624.870936837513 ], [ 287412.16611938457936, 2987756.075476313009858 ], [ 287432.801334739022423, 2987707.825538816861808 ] ] ], [ [ [ 287378.655122286290862, 2987442.736354615073651 ], [ 287378.995985351444688, 2987450.311571886762977 ], [ 287380.229041349608451, 2987450.441828921902925 ], [ 287378.655122286290862, 2987442.736354615073651 ] ] ] ] } },
{ "type": "Feature", "properties": { "t": "river" }, "geometry": { "type": "Polygon", "coordinates": [ [ [ 287393.6162122633541, 2987154.306445139460266 ], [ 287354.845361781655811, 2987123.908774343784899 ], [ 287278.313148270361125, 2987225.458350110799074 ], [ 287358.238078913185745, 2987409.831998118665069 ], [ 287393.6162122633541, 2987154.306445139460266 ] ] ] } },
{ "type": "Feature", "properties": { "t": "river" }, "geometry": { "type": "Polygon", "coordinates": [ [ [ 287450.028631238383241, 2986997.614519791211933 ], [ 287427.949592479504645, 2987026.909857761114836 ], [ 287501.115337777533568, 2987052.728711599484086 ], [ 287450.028631238383241, 2986997.614519791211933 ] ] ] } },
{ "type": "Feature", "properties": { "t": "river" }, "geometry": { "type": "Polygon", "coordinates": [ [ [ 287607.676627541310154, 2986895.749633609317243 ], [ 287538.377825324074365, 2986908.00874196132645 ], [ 287509.913839256216306, 2986986.077370218932629 ], [ 287607.676627541310154, 2986895.749633609317243 ] ] ] } },
{ "type": "Feature", "properties": { "t": "river" }, "geometry": { "type": "Polygon", "coordinates": [ [ [ 287666.673125071974937, 2986861.498262429609895 ], [ 287667.157342487422284, 2986859.770466515328735 ], [ 287628.524597558192909, 2986872.844411250203848 ], [ 287666.673125071974937, 2986861.498262429609895 ] ] ] } },
{ "type": "Feature", "properties": { "t": "river" }, "geometry": { "type": "MultiPolygon", "coordinates": [ [ [ [ 347065.872377559833694, 2998482.544264051597565 ], [ 346973.365046356862877, 2997408.909099831711501 ], [ 346929.241630838019773, 2998661.503214741591364 ], [ 347285.997516887378879, 2998756.459923202171922 ], [ 347065.872377559833694, 2998482.544264051597565 ] ], [ [ 346984.786000525811687, 2998339.497873686254025 ], [ 346945.126257961848751, 2998339.984743657056242 ], [ 346954.497158737212885, 2998295.549236109945923 ], [ 346984.786000525811687, 2998339.497873686254025 ] ] ], [ [ [ 347247.868980603874661, 2998768.395410226657987 ], [ 347621.481273795827292, 2999317.826699658762664 ], [ 347003.540260062087327, 2999059.475320120342076 ], [ 347095.216234947787598, 2999257.792346260044724 ], [ 347453.212213868624531, 2999342.045665325596929 ], [ 348448.859687216754537, 3000493.303233184851706 ], [ 348517.502212477149442, 3001245.913016654551029 ], [ 348679.688982589053921, 3000723.178013327997178 ], [ 348894.179480713733938, 3001241.336290835402906 ], [ 348837.893168339389376, 3000688.016698710154742 ], [ 347301.022186628193595, 2998775.156629917211831 ], [ 347247.868980603874661, 2998768.395410226657987 ] ], [ [ 348759.665435778675601, 3000777.606844381429255 ], [ 348730.195769269019365, 3000800.12486767815426 ], [ 348709.427906409953721, 3000722.816723765805364 ], [ 348759.665435778675601, 3000777.606844381429255 ] ], [ [ 347742.616719026991632, 2999493.627450163476169 ], [ 347723.059518899128307, 2999516.026623871643096 ], [ 347661.95041399897309, 2999383.812457234598696 ], [ 347742.616719026991632, 2999493.627450163476169 ] ], [ [ 347701.200525706401095, 2999350.092404903843999 ], [ 347671.458211725286674, 2999350.455948846414685 ], [ 347670.374816067633219, 2999261.828460965305567 ], [ 347701.200525706401095, 2999350.092404903843999 ] ] ] ] } },
{ "type": "Feature", "properties": { "t": "river" }, "geometry": { "type": "Polygon", "coordinates": [ [ [ 339334.917811279883608, 3001095.076112327165902 ], [ 339190.699402945348993, 3000675.87590377451852 ], [ 338728.372684228117578, 3000194.307726582046598 ], [ 339315.625158407725394, 3001124.641921024769545 ], [ 339334.917811279883608, 3001095.076112327165902 ] ] ] } },
{ "type": "Feature", "properties": { "t": "river" }, "geometry": { "type": "MultiPolygon", "coordinates": [ [ [ [ 344910.48519682668848, 2997401.152891767211258 ], [ 344526.50497129757423, 2996829.762421307154 ], [ 344851.266293283901177, 2997424.049926106352359 ], [ 345109.510445026156958, 2997429.200740594416857 ], [ 344910.48519682668848, 2997401.152891767211258 ] ] ], [ [ [ 345865.279031930665951, 2997803.506625131703913 ], [ 345705.252894191478845, 2997513.176030225120485 ], [ 345657.247280758747365, 2997506.408113865181804 ], [ 345665.727441831957549, 2997524.745320449583232 ], [ 345643.385368706542067, 2997504.453872540500015 ], [ 345588.941409751423635, 2997496.778560814913362 ], [ 345865.279031930665951, 2997803.506625131703913 ] ] ], [ [ [ 346194.324181487900205, 2998570.828664966393262 ], [ 346510.834480210498441, 2998803.720622241962701 ], [ 346531.941434231353924, 2998779.543353731743991 ], [ 346477.137241512245964, 2998733.815107909496874 ], [ 346473.984754632867407, 2998733.583218947984278 ], [ 346453.916640613926575, 2998714.440165830776095 ], [ 346293.60858532844577, 2998580.684135606046766 ], [ 346132.908235355746001, 2998289.090968149248511 ], [ 346194.324181487900205, 2998570.828664966393262 ] ] ], [ [ [ 346798.045506918919273, 2999015.067998510785401 ], [ 346934.820060541504063, 2999115.719788010697812 ], [ 346818.785890467697755, 2999018.893584314733744 ], [ 346798.045506918919273, 2999015.067998510785401 ] ] ] ] } },
{ "type": "Feature", "properties": { "t": "river" }, "geometry": { "type": "MultiPolygon", "coordinates": [ [ [ [ 346585.563195531780366, 2997325.03291724761948 ], [ 346579.796984289423563, 2997700.109764025080949 ], [ 346914.006984461855609, 2997420.717730978038162 ], [ 346299.867372072651051, 2996674.823123740032315 ], [ 346373.597979515092447, 2996842.618656105361879 ], [ 346381.38062885554973, 2996851.10096350312233 ], [ 346441.013860789011233, 2996861.446791620925069 ], [ 346521.569777069031261, 2996960.176363822072744 ], [ 346572.921670310315676, 2997103.586076238192618 ], [ 346543.991737943142653, 2997170.422707759775221 ], [ 346509.380352387321182, 2997151.643083947710693 ], [ 346585.563195531780366, 2997325.03291724761948 ] ], [ [ 346724.792250660306308, 2997356.561268955469131 ], [ 346646.828779550560284, 2997468.320912474766374 ], [ 346684.175970708718523, 2997279.499743495136499 ], [ 346724.792250660306308, 2997356.561268955469131 ] ], [ [ 346664.07196841010591, 2997257.586682852823287 ], [ 346664.208179579582065, 2997268.665122048463672 ], [ 346584.064096924324986, 2997203.170059019234031 ], [ 346664.07196841010591, 2997257.586682852823287 ] ], [ [ 346614.492926707316656, 2997258.196362589951605 ], [ 346634.86949747626204, 2997302.266228374559432 ], [ 346554.725452699116431, 2997236.771353924181312 ], [ 346614.492926707316656, 2997258.196362589951605 ] ], [ [ 346410.719812181603629, 2996817.499298198148608 ], [ 346371.055141461081803, 2996817.987765910569578 ], [ 346340.624269754975103, 2996762.961985698901117 ], [ 346410.719812181603629, 2996817.499298198148608 ] ] ], [ [ [ 346569.040258353459649, 2998400.008592215366662 ], [ 346829.82253221841529, 2998640.564283133950084 ], [ 346578.049494178441819, 2997813.79431969858706 ], [ 346569.040258353459649, 2998400.008592215366662 ] ], [ [ 346708.53003560192883, 2998453.693147774320096 ], [ 346658.683202145621181, 2998432.145964468363672 ], [ 346677.014112748089246, 2998310.039059091359377 ], [ 346708.53003560192883, 2998453.693147774320096 ] ] ] ] } },
{ "type": "Feature", "properties": { "t": "river" }, "geometry": { "type": "Polygon", "coordinates": [ [ [ 346923.663984106504358, 2998207.28688731463626 ], [ 346919.583275249984581, 2997874.933632740285248 ], [ 346902.065310545789544, 2998063.510626062285155 ], [ 346923.663984106504358, 2998207.28688731463626 ] ] ] } },
{ "type": "Feature", "properties": { "t": "river" }, "geometry": { "type": "Polygon", "coordinates": [ [ [ 339461.128992103680503, 2997037.974658403545618 ], [ 339577.701791108003817, 2996848.106401643250138 ], [ 338646.991544931312092, 2996970.916495679412037 ], [ 339461.128992103680503, 2997037.974658403545618 ] ] ] } },
{ "type": "Feature", "properties": { "t": "river" }, "geometry": { "type": "MultiPolygon", "coordinates": [ [ [ [ 342728.495324764051475, 2992663.954811532981694 ], [ 342851.571999160922132, 2992983.733400153461844 ], [ 343216.036184615688398, 2993133.675169981550425 ], [ 342728.495324764051475, 2992663.954811532981694 ] ] ], [ [ [ 343609.464118241972756, 2993295.548486611340195 ], [ 343664.051769593555946, 2993693.752958683762699 ], [ 342813.846258059842512, 2993139.331635172013193 ], [ 343225.54031217598822, 2993533.046418695710599 ], [ 342740.629924177541398, 2993627.784858439583331 ], [ 343525.050379532855004, 2993684.413560448214412 ], [ 343672.373627689550631, 2994358.462281115818769 ], [ 344691.749478265526704, 2994966.230544934049249 ], [ 344386.953867758798879, 2995978.325525591615587 ], [ 344493.856009143288247, 2996597.484774248674512 ], [ 344720.675715380290058, 2994899.389580025337636 ], [ 345299.200412019505166, 2995158.130095025524497 ], [ 345207.307935515651479, 2995746.518086885567755 ], [ 345614.683296546689235, 2996605.723351564723998 ], [ 345643.054935002583079, 2996608.538012577220798 ], [ 345634.378936557332054, 2996594.399453049059957 ], [ 345670.809782632568385, 2996611.291547143366188 ], [ 346210.484215602336917, 2996664.844653387088329 ], [ 345583.151486012036912, 2996462.071549591608346 ], [ 345277.580121457693167, 2995014.35607076715678 ], [ 344698.772831227281131, 2994733.459334283601493 ], [ 344603.444657860905863, 2994247.117617822717875 ], [ 343557.232507175882347, 2993085.678417205344886 ], [ 342837.053556009836029, 2992618.267743752803653 ], [ 343229.797391131520271, 2993139.336850974708796 ], [ 343609.464118241972756, 2993295.548486611340195 ] ], [ [ 345931.8700255669537, 2996590.721702546812594 ], [ 345882.561935492558405, 2996613.49107673112303 ], [ 345783.39842928154394, 2996614.716605300549418 ], [ 345812.73668849398382, 2996581.113494371064007 ], [ 345911.900450804736465, 2996579.888211752288043 ], [ 345931.8700255669537, 2996590.721702546812594 ] ], [ [ 345419.683603986399248, 2996076.290243903174996 ], [ 345369.962334337062202, 2996065.82618491537869 ], [ 345359.496311367489398, 2996021.635236773174256 ], [ 345419.683603986399248, 2996076.290243903174996 ] ], [ [ 344689.26843496033689, 2994766.81812079437077 ], [ 344580.447790332487784, 2994790.33284997753799 ], [ 344560.336201295605861, 2994768.422882609069347 ], [ 344589.676041279104538, 2994734.817025880794972 ], [ 344689.26843496033689, 2994766.81812079437077 ] ], [ [ 344524.272164185415022, 2995854.73144016880542 ], [ 344526.894941324833781, 2996065.22271185927093 ], [ 344478.139300529961474, 2996132.311610782053322 ], [ 344425.930866473121569, 2995922.438420455437154 ], [ 344464.355869805556722, 2995822.237504360731691 ], [ 344463.66543643141631, 2995766.845066013280302 ], [ 344590.241964556276798, 2995576.90461715683341 ], [ 344647.952502586878836, 2995432.143536888994277 ], [ 344524.272164185415022, 2995854.73144016880542 ] ], [ [ 343810.616288494085893, 2993514.635706843342632 ], [ 343991.370498820324428, 2993689.659788192249835 ], [ 344072.65700676839333, 2993843.767412414308637 ], [ 344053.511506611597724, 2993899.407494124025106 ], [ 344194.444977727718651, 2994063.851244118530303 ], [ 344324.904000130132772, 2994184.106215432286263 ], [ 344434.695853360462934, 2994238.138776058796793 ], [ 344486.771115974930581, 2994436.933414617553353 ], [ 344468.038954903138801, 2994525.808269178960472 ], [ 344638.851875238411594, 2994700.964372251182795 ], [ 344579.482296626491006, 2994712.783560615964234 ], [ 344519.560900553129613, 2994680.28915225667879 ], [ 344389.108706123486627, 2994560.032409348525107 ], [ 343931.355276729911566, 2994443.864036047831178 ], [ 343780.919635987025686, 2994312.782772487960756 ], [ 343739.998786897573154, 2994213.572814418002963 ], [ 343836.826770840969402, 2994023.9977191016078 ], [ 343835.441315405187197, 2993913.212892662268132 ], [ 343775.236897625611164, 2993858.564844218548387 ], [ 343774.405344404047355, 2993792.093948419205844 ], [ 343754.013570765033364, 2993748.028197369072586 ], [ 343731.542383234540466, 2993537.785257240291685 ], [ 343760.883244115044363, 2993504.177537969779223 ], [ 343810.616288494085893, 2993514.635706843342632 ] ], [ [ 344511.732386335032061, 2995644.363783619832247 ], [ 344501.67716975370422, 2995633.408869635779411 ], [ 344540.241830977261998, 2995544.286776820663363 ], [ 344617.924636230745818, 2995410.356967103201896 ], [ 344511.732386335032061, 2995644.363783619832247 ] ], [ [ 344549.866519764764234, 2994724.232497937511653 ], [ 344510.194911697180942, 2994724.726565472315997 ], [ 344490.083095397916622, 2994702.816702137701213 ], [ 344549.866519764764234, 2994724.232497937511653 ] ], [ [ 344516.663478441187181, 2994447.641296878922731 ], [ 344486.219145903829485, 2994392.619541525840759 ], [ 344495.723366981837898, 2994359.260604058858007 ], [ 344516.663478441187181, 2994447.641296878922731 ] ], [ [ 344495.30942507868167, 2994326.025203018914908 ], [ 344475.334987326292321, 2994315.193810041062534 ], [ 344484.563281118113082, 2994259.677936242427677 ], [ 344495.30942507868167, 2994326.025203018914908 ] ], [ [ 344330.014893674873747, 2994594.009713034145534 ], [ 344390.21341528405901, 2994648.660200344398618 ], [ 344240.752762534306385, 2994595.123070045374334 ], [ 344240.476322890841402, 2994572.966113498900086 ], [ 344330.014893674873747, 2994594.009713034145534 ] ], [ [ 344071.412065291544423, 2993744.061156639829278 ], [ 344031.460550301359035, 2993722.39964858815074 ], [ 344031.183833309565671, 2993700.24270253861323 ], [ 344071.412065291544423, 2993744.061156639829278 ] ], [ [ 343711.491824940079823, 2994313.651640498545021 ], [ 343811.921707456116565, 2994412.116917556151748 ], [ 343782.167173314315733, 2994412.489179752767086 ], [ 343701.573565095022786, 2994313.775796040892601 ], [ 343680.627450220054016, 2994225.396198007278144 ], [ 343711.491824940079823, 2994313.651640498545021 ] ], [ [ 343795.767020735307597, 2993913.709106942173094 ], [ 343796.875663093756884, 2994002.336976967286319 ], [ 343786.957159178156871, 2994002.461052758619189 ], [ 343786.54138830897864, 2993969.225599465426058 ], [ 343786.264210106164683, 2993947.068631332367659 ], [ 343795.767020735307597, 2993913.709106942173094 ] ], [ [ 343747.837649425142445, 2994047.271379552781582 ], [ 343718.082238297793083, 2994047.643752615898848 ], [ 343745.896902178879827, 2993892.1725830049254 ], [ 343786.54138830897864, 2993969.225599465426058 ], [ 343747.837649425142445, 2994047.271379552781582 ] ], [ [ 343710.179701362969354, 2993416.170205725356936 ], [ 343720.653152326704003, 2993460.360007805284113 ], [ 343701.231193890853319, 2993493.843687622342259 ], [ 343681.116057132487185, 2993471.934998237062246 ], [ 343659.891482744948007, 2993361.39849402802065 ], [ 343710.179701362969354, 2993416.170205725356936 ] ], [ [ 343659.26495137141319, 2994103.78116001188755 ], [ 343639.289366763783619, 2994092.951055305078626 ], [ 343668.767278924235143, 2994070.421510369516909 ], [ 343659.26495137141319, 2994103.78116001188755 ] ], [ [ 343497.439460332854651, 2993064.266959338448942 ], [ 343528.307421110919677, 2993152.522019136231393 ], [ 343359.542241481889505, 2993143.556966679170728 ], [ 343299.054196075070649, 2993066.75401154672727 ], [ 343318.614817343070172, 2993044.348191258031875 ], [ 343497.439460332854651, 2993064.266959338448942 ] ], [ [ 343238.982494531082921, 2993023.186786238569766 ], [ 343280.188610789307859, 2993144.552309701684862 ], [ 343219.97814702836331, 2993089.906695378478616 ], [ 343219.004846602852922, 2993012.357267734128982 ], [ 343238.982494531082921, 2993023.186786238569766 ] ] ] ] } },
{ "type": "Feature", "properties": { "t": "river" }, "geometry": { "type": "Polygon", "coordinates": [ [ [ 338638.966563517809846, 2996350.510133118368685 ], [ 338740.13979726145044, 2996504.329405873548239 ], [ 339516.920545628585387, 2996749.163830272853374 ], [ 338638.966563517809846, 2996350.510133118368685 ] ] ] } },
{ "type": "Feature", "properties": { "t": "river" }, "geometry": { "type": "MultiPolygon", "coordinates": [ [ [ [ 339025.131179490243085, 2994714.208389987703413 ], [ 338924.369712754967622, 2994640.424179165158421 ], [ 338626.502236000727862, 2995386.665435466915369 ], [ 339025.131179490243085, 2994714.208389987703413 ] ] ], [ [ [ 339405.858347418601625, 2995055.278960511088371 ], [ 339651.527195811853744, 2994874.833309652283788 ], [ 339601.052243982907385, 2994797.2370590060018 ], [ 339415.063552270061336, 2994999.758172858506441 ], [ 339268.071442729211412, 2994892.112087185960263 ], [ 339405.858347418601625, 2995055.278960511088371 ] ] ], [ [ [ 338752.804681808047462, 2993493.373235243372619 ], [ 338701.34838871541433, 2993502.012505897786468 ], [ 338907.161734469351359, 2994075.541242408566177 ], [ 339562.50184503942728, 2994737.973431615158916 ], [ 338752.804681808047462, 2993493.373235243372619 ] ] ], [ [ [ 339355.295851799077354, 2993438.181962617207319 ], [ 339626.442715844255872, 2992811.027453216258436 ], [ 339344.806729689764325, 2993393.995070965494961 ], [ 338792.634311095112935, 2993486.686181698925793 ], [ 339355.295851799077354, 2993438.181962617207319 ] ] ], [ [ [ 339721.419844662421383, 2992591.366025154478848 ], [ 339021.896180463139899, 2992201.46299046324566 ], [ 339669.704186471586581, 2992710.971941937692463 ], [ 339721.419844662421383, 2992591.366025154478848 ] ] ] ] } },
{ "type": "Feature", "properties": { "t": "river" }, "geometry": { "type": "Polygon", "coordinates": [ [ [ 341701.627529190503992, 2993053.65402761939913 ], [ 342072.424732239800505, 2993348.128794215153903 ], [ 342361.207196704228409, 2994219.823847004212439 ], [ 342193.973341847071424, 2993546.037858993280679 ], [ 342741.048423241474666, 2993661.020396932493895 ], [ 342129.558933510561474, 2993159.041479382663965 ], [ 342539.878622859250754, 2993441.949565772898495 ], [ 342307.965310945641249, 2993145.70768704591319 ], [ 342655.417686892556958, 2993163.486775646917522 ], [ 341587.598074785724748, 2992667.288341728504747 ], [ 341482.217514245887287, 2992181.09089192096144 ], [ 341407.497465155436657, 2992547.689619534648955 ], [ 341798.295551702321973, 2992852.98382413899526 ], [ 341649.081842686980963, 2992821.633327745832503 ], [ 341676.749909026897512, 2992943.803495049942285 ], [ 341779.719374665175565, 2992952.941870457492769 ], [ 341979.509026319603436, 2993061.21605621650815 ], [ 342051.185635270900093, 2993237.594343572389334 ], [ 341940.252276349987369, 2993094.953628134913743 ], [ 341811.161110037472099, 2993085.507412010803819 ], [ 341695.393381130648777, 2993026.126137813087553 ], [ 341701.627529190503992, 2993053.65402761939913 ] ], [ [ 342370.416737847437616, 2993377.605407396331429 ], [ 342142.138384569901973, 2993369.40812740335241 ], [ 342069.483232311496977, 2993115.47969532944262 ], [ 342370.416737847437616, 2993377.605407396331429 ] ], [ [ 342177.755428404547274, 2993047.629525029566139 ], [ 342148.137447191227693, 2993059.084047986194491 ], [ 342117.959438831720036, 2993026.224545802921057 ], [ 342177.755428404547274, 2993047.629525029566139 ] ], [ [ 342118.519516728585586, 2993070.53864393895492 ], [ 341908.952146941446699, 2992973.466358028817922 ], [ 341868.292928090086207, 2992896.418832062743604 ], [ 342118.519516728585586, 2993070.53864393895492 ] ], [ [ 341465.469731735996902, 2992425.070364822167903 ], [ 341445.489456694864202, 2992414.243568746373057 ], [ 341474.686806737794541, 2992369.551824762485921 ], [ 341465.469731735996902, 2992425.070364822167903 ] ] ] } },
{ "type": "Feature", "properties": { "t": "river" }, "geometry": { "type": "Polygon", "coordinates": [ [ [ 342403.801946187042631, 2992091.87233006907627 ], [ 342367.755289525201079, 2992380.413960220757872 ], [ 342730.168847271474078, 2992796.896821524016559 ], [ 342669.904820496565662, 2992666.707084959372878 ], [ 342578.584475144627504, 2992577.200701534748077 ], [ 342647.795830286922865, 2992618.945232798811048 ], [ 342422.840959724853747, 2992132.998556316364557 ], [ 342415.817654211074114, 2992257.924778632819653 ], [ 342394.999669989920221, 2992180.625466238707304 ], [ 342419.101162726583425, 2992124.920188467018306 ], [ 342403.801946187042631, 2992091.87233006907627 ] ], [ [ 342506.493480602861382, 2992367.584205047227442 ], [ 342477.571919494250324, 2992434.430368625093251 ], [ 342427.414075274486095, 2992390.741740181110799 ], [ 342475.47696312336484, 2992268.252812766004354 ], [ 342506.493480602861382, 2992367.584205047227442 ] ] ] } },
{ "type": "Feature", "properties": { "t": "river" }, "geometry": { "type": "Polygon", "coordinates": [ [ [ 341601.819693288183771, 2992223.895497035235167 ], [ 341763.906805817969143, 2992487.769193933811039 ], [ 341620.115161411697045, 2992101.78020681347698 ], [ 341601.819693288183771, 2992223.895497035235167 ] ] ] } },
{ "type": "Feature", "properties": { "t": "river" }, "geometry": { "type": "MultiPolygon", "coordinates": [ [ [ [ 341428.182024427282158, 2991663.393105508293957 ], [ 341476.315425707725808, 2991715.79263040330261 ], [ 341452.937115817505401, 2991868.772977074142545 ], [ 341481.233773734769784, 2992103.541163880378008 ], [ 341541.544874347222503, 2991382.556359464302659 ], [ 342237.249591724947095, 2991473.478818962350488 ], [ 342465.920361557626165, 2991985.290476900991052 ], [ 342475.333023107843474, 2991801.85895257210359 ], [ 342438.290885550668463, 2991517.435501604340971 ], [ 342426.438719692407176, 2991526.493659729138017 ], [ 342375.439054350252263, 2991416.334133288357407 ], [ 342433.333029022091068, 2991479.367932443041354 ], [ 342425.042111183633097, 2991415.708725379779935 ], [ 342235.851335215615109, 2991362.693831652868539 ], [ 342143.110115030431189, 2991336.707156981807202 ], [ 341788.720254960353486, 2991312.943701375741512 ], [ 341788.299606627435423, 2991279.708167315460742 ], [ 341956.954822056693956, 2991284.5476502222009 ], [ 341479.070605657761917, 2991150.662136423867196 ], [ 341311.566927321138792, 2990695.963289116043597 ], [ 341428.182024427282158, 2991663.393105508293957 ] ], [ [ 342346.236136092222296, 2991461.023454730864614 ], [ 342256.391689002746716, 2991417.835916043724865 ], [ 342235.851335215615109, 2991362.693831652868539 ], [ 342346.236136092222296, 2991461.023454730864614 ] ], [ [ 342156.625939617573749, 2991374.774264575913548 ], [ 342097.241960536804982, 2991386.604549338109791 ], [ 342087.041402510600165, 2991364.572868433315307 ], [ 342156.625939617573749, 2991374.774264575913548 ] ], [ [ 341709.073937568464316, 2991291.791429846547544 ], [ 341739.256928234535735, 2991324.650128268171102 ], [ 341550.763396816444583, 2991327.038002865388989 ], [ 341530.219741961569525, 2991271.896925415843725 ], [ 341709.073937568464316, 2991291.791429846547544 ] ] ], [ [ [ 338836.970321509928908, 2990940.675115341786295 ], [ 339348.313475563889369, 2990579.520774634554982 ], [ 339838.841053156880662, 2989365.467402738984674 ], [ 339931.601243522949517, 2990334.854273621924222 ], [ 340035.583117827947717, 2990005.610834729857743 ], [ 340708.106326093373355, 2990606.445279179140925 ], [ 340789.373796137515455, 2990817.627480177674443 ], [ 341089.058893680688925, 2990911.846765276510268 ], [ 339954.790863403351977, 2989895.840794504620135 ], [ 340029.632214733399451, 2989540.311856354121119 ], [ 340566.842226082168054, 2989644.256558529566973 ], [ 341032.41123696079012, 2990358.551053509116173 ], [ 341186.540609149262309, 2990356.592647877521813 ], [ 341129.65585266367998, 2990202.190924082417041 ], [ 341142.332027293392457, 2989790.035767408553511 ], [ 341133.948615480621811, 2989758.924308631569147 ], [ 341142.322886466281489, 2989636.934675956144929 ], [ 341145.484937993925996, 2989687.53089976683259 ], [ 341164.774843966704793, 2989060.474425793159753 ], [ 341832.829418575740419, 2990093.555280721746385 ], [ 341730.701884106150828, 2990648.86108671547845 ], [ 341885.099191639455967, 2990303.419351438526064 ], [ 342119.169075310812332, 2990765.832749715074897 ], [ 342072.068941825884394, 2990179.173904248978943 ], [ 341074.020057911868207, 2988919.178254069760442 ], [ 341157.524848005676176, 2989271.091953381430358 ], [ 341092.853264644858427, 2989648.643340277019888 ], [ 341095.949710175627843, 2989892.370624785777181 ], [ 341127.122611138620414, 2990002.777630214113742 ], [ 341069.281355463899672, 2990136.476209029089659 ], [ 341099.890979312651325, 2990202.569088446907699 ], [ 340949.657614787691273, 2990093.675747199449688 ], [ 340987.090810083667748, 2989915.914771975949407 ], [ 340813.907449109537993, 2989563.547687854152173 ], [ 340703.635222849843558, 2989476.308942618779838 ], [ 340404.272535563330166, 2989347.160705319605768 ], [ 340132.40564951125998, 2989040.38236677646637 ], [ 340028.78895691013895, 2988698.216064629610628 ], [ 339886.466899843420833, 2988434.107990934513509 ], [ 340052.32735298119951, 2988210.380269980058074 ], [ 340550.46537740516942, 2988359.148267167620361 ], [ 341067.92515163338976, 2988911.484667692799121 ], [ 340690.376082723611034, 2988434.928562358953059 ], [ 340342.111415873921942, 2987586.182564991060644 ], [ 340579.387959706014954, 2988292.29795118747279 ], [ 340121.365502992877737, 2988176.257155459374189 ], [ 340124.638219604908954, 2987655.440003919880837 ], [ 339882.992168419528753, 2987995.567178353667259 ], [ 339929.989639823907055, 2987957.096540244761854 ], [ 339930.698039220878854, 2988012.489171656779945 ], [ 339960.468261614907533, 2988012.108481559436768 ], [ 340008.669209811312612, 2987900.688922114204615 ], [ 340079.69067470805021, 2988021.664951740764081 ], [ 340060.976438563724514, 2988110.546734383329749 ], [ 339933.531758573139086, 2988234.059733518399298 ], [ 339767.815525279613212, 2988468.867693013045937 ], [ 339727.981428096536547, 2988458.297439120244235 ], [ 339726.988243549712934, 2988380.747668214142323 ], [ 339851.589785830001347, 2988039.769176476635039 ], [ 339695.657910291745793, 2988259.265035184565932 ], [ 339739.822346355766058, 2988624.58943703584373 ], [ 339749.813746718107723, 2988613.142835391685367 ], [ 339780.008107737987302, 2988645.997263733763248 ], [ 339751.090636569540948, 2988712.849706569686532 ], [ 339750.005278406315483, 2988708.823892215732485 ], [ 339806.662425345974043, 2989177.513232393190265 ], [ 339347.601786334940698, 2990524.127875920850784 ], [ 338807.064098347094841, 2990929.980222750920802 ], [ 338919.992722377297468, 2991037.015613951720297 ], [ 338836.970321509928908, 2990940.675115341786295 ] ], [ [ 340886.744735715503339, 2989828.548447706270963 ], [ 340907.575026353762951, 2989905.845662827137858 ], [ 340786.256237862398848, 2989730.104346912354231 ], [ 340886.744735715503339, 2989828.548447706270963 ] ], [ [ 340674.574097130796872, 2989532.080650290474296 ], [ 340755.502900016203057, 2989652.933614460285753 ], [ 340696.111542576516513, 2989664.77019113721326 ], [ 340486.194023100426421, 2989545.561782248318195 ], [ 340406.109937851084396, 2989491.181599534116685 ], [ 340395.622322834678926, 2989446.994067613966763 ], [ 340674.574097130796872, 2989532.080650290474296 ] ], [ [ 339953.657360197568778, 2989031.587301771622151 ], [ 340274.150628825300373, 2989260.178714119363576 ], [ 340345.021323463879526, 2989370.077420951798558 ], [ 340325.459507740510162, 2989392.487767597194761 ], [ 340065.213545465783682, 2989218.526680090930313 ], [ 339916.660344365867786, 2989242.587389828171581 ], [ 339876.687018443015404, 2989220.938234748318791 ], [ 339772.496858327940572, 2988834.459527938626707 ], [ 339830.898930998286232, 2988745.068949652835727 ], [ 339953.657360197568778, 2989031.587301771622151 ] ], [ [ 340247.495921372785233, 2989504.286573561374098 ], [ 340197.74332999845501, 2989493.841712355613708 ], [ 340217.163249807548709, 2989460.352607157081366 ], [ 340247.495921372785233, 2989504.286573561374098 ] ], [ [ 340216.73872968100477, 2989427.116997002623975 ], [ 340137.502099954406731, 2989439.209684719797224 ], [ 340037.854411971231457, 2989407.24245591275394 ], [ 340037.146101499558426, 2989351.849747722037137 ], [ 340086.616188155196141, 2989340.136923614423722 ], [ 340216.73872968100477, 2989427.116997002623975 ] ], [ [ 339969.53516127099283, 2988721.134421620517969 ], [ 340032.613202632172033, 2988997.336501080077142 ], [ 339962.304603637428954, 2988931.753527360036969 ], [ 339860.525638781255111, 2988733.609397171530873 ], [ 339867.754853521473706, 2988522.990206809714437 ], [ 339969.53516127099283, 2988721.134421620517969 ] ] ], [ [ [ 342477.838481631828472, 2992011.966819802299142 ], [ 342512.922750303638168, 2992090.496653575450182 ], [ 342496.944959877757356, 2991967.807884599082172 ], [ 342477.838481631828472, 2992011.966819802299142 ] ] ], [ [ [ 339964.857327123347204, 2990682.418300142511725 ], [ 340245.059746123268269, 2990867.201192000415176 ], [ 339945.917477495037019, 2990484.473795341793448 ], [ 339964.857327123347204, 2990682.418300142511725 ] ] ], [ [ [ 338619.368732518516481, 2991763.436167341191322 ], [ 338691.100001058657654, 2991939.797581361141056 ], [ 338841.619492405268829, 2992070.821156446821988 ], [ 338669.114152514841408, 2991773.874400462023914 ], [ 339139.165821299189702, 2991291.356930436566472 ], [ 339099.621654169226531, 2991245.466550887562335 ], [ 338619.368732518516481, 2991763.436167341191322 ] ] ] ] } },
{ "type": "Feature", "properties": { "t": "river" }, "geometry": { "type": "Polygon", "coordinates": [ [ [ 342748.130554167437367, 2990281.456773541402072 ], [ 342839.512551778927445, 2990446.51121773198247 ], [ 342998.254338637168985, 2990444.517097422387451 ], [ 342748.130554167437367, 2990281.456773541402072 ] ] ] } },
{ "type": "Feature", "properties": { "t": "river" }, "geometry": { "type": "MultiPolygon", "coordinates": [ [ [ [ 341971.985170813975856, 2988540.561615698039532 ], [ 341954.568580278253648, 2988513.719680099748075 ], [ 341723.099000069312751, 2989263.923625271301717 ], [ 341780.050485606538132, 2989321.329849859699607 ], [ 341971.985170813975856, 2988540.561615698039532 ] ] ], [ [ [ 341994.500509949284606, 2989537.499013389460742 ], [ 342214.514376149338204, 2989474.455800620839 ], [ 341862.857498693105299, 2989404.79940712172538 ], [ 341994.500509949284606, 2989537.499013389460742 ] ] ], [ [ [ 342698.662413081969135, 2990293.159149329178035 ], [ 342500.528150590020232, 2989531.117378531489521 ], [ 342473.433228583424352, 2989525.749361081514508 ], [ 342698.662413081969135, 2990293.159149329178035 ] ] ] ] } },
{ "type": "Feature", "properties": { "t": "river" }, "geometry": { "type": "Polygon", "coordinates": [ [ [ 348699.251476178877056, 2988424.176449679769576 ], [ 348479.474719188583549, 2987485.045719523914158 ], [ 348598.549703329161275, 2988303.515697683673352 ], [ 348395.941260110936128, 2988782.403909948188812 ], [ 348699.251476178877056, 2988424.176449679769576 ] ] ] } },
{ "type": "Feature", "properties": { "t": "river" }, "geometry": { "type": "Polygon", "coordinates": [ [ [ 340562.69106518413173, 2987760.656055105384439 ], [ 341030.151914526184555, 2988618.972616192884743 ], [ 340559.304617453541141, 2987494.772027806378901 ], [ 340562.69106518413173, 2987760.656055105384439 ] ] ] } },
{ "type": "Feature", "properties": { "t": "river" }, "geometry": { "type": "Polygon", "coordinates": [ [ [ 349610.14610693056602, 2988246.999080253299326 ], [ 349697.722216734080575, 2988101.909327039960772 ], [ 349598.625675882620271, 2988114.179612348321825 ], [ 349610.14610693056602, 2988246.999080253299326 ] ] ] } },
{ "type": "Feature", "properties": { "t": "river" }, "geometry": { "type": "Polygon", "coordinates": [ [ [ 340231.960651568835601, 2987510.025688129942864 ], [ 340223.592236752563622, 2987632.01596591854468 ], [ 340261.732033825479448, 2987509.645773752126843 ], [ 340231.960651568835601, 2987510.025688129942864 ] ] ] } },
{ "type": "Feature", "properties": { "t": "river" }, "geometry": { "type": "MultiPolygon", "coordinates": [ [ [ [ 322738.584548132610507, 3000228.791962253395468 ], [ 322666.873606147244573, 3000357.189905378967524 ], [ 322568.835129403101746, 3000436.156636389438063 ], [ 322496.03526870184578, 3000363.676711388863623 ], [ 322520.210997824324295, 3000503.338534327223897 ], [ 322238.707736566255335, 3000928.451724087819457 ], [ 322408.191513694822788, 3000992.523122644051909 ], [ 322257.319391178258229, 3001537.672026187647134 ], [ 322738.584548132610507, 3000228.791962253395468 ] ] ], [ [ [ 323004.085562412743457, 2999506.858776582404971 ], [ 322913.937563376268372, 2999600.133039643522352 ], [ 322774.656138838152401, 2999568.86870296113193 ], [ 322606.890820559288841, 2999626.663462333381176 ], [ 322509.320024457410909, 2999738.86812858376652 ], [ 322480.838389166980051, 2999827.92609002487734 ], [ 322548.348128435609397, 2999693.986157067120075 ], [ 322617.121156528766733, 2999648.680857040453702 ], [ 322452.830861111055128, 2999950.221991610713303 ], [ 322636.950913715059869, 2999648.398584173526615 ], [ 322765.213957555301022, 2999602.247517890762538 ], [ 322884.665289560216479, 2999633.793577131349593 ], [ 322817.151684052369092, 2999767.731464433018118 ], [ 322708.246781558904331, 2999780.362105130683631 ], [ 322621.222063250083011, 2999936.741958445869386 ], [ 322718.476829400635324, 2999802.379570714198053 ], [ 322797.637268042308278, 2999790.171993987169117 ], [ 322700.223922566336114, 2999913.454438583459705 ], [ 322837.453832625644282, 2999800.68729537865147 ], [ 322850.802376321807969, 2999923.644304641056806 ], [ 323004.085562412743457, 2999506.858776582404971 ] ] ], [ [ [ 323256.821454861783423, 2998819.728528110776097 ], [ 323182.752068083151244, 2998975.752984487451613 ], [ 323199.754083448788151, 2998776.045347533654422 ], [ 323287.26627370074857, 2998652.908297957852483 ], [ 323288.413649402558804, 2998733.843045873567462 ], [ 323383.911146891361568, 2998474.235343128908426 ], [ 323369.54474079515785, 2998410.185271521098912 ], [ 323170.636142720002681, 2998820.78427243931219 ], [ 323164.45744995836867, 2999070.834329843986779 ], [ 323256.821454861783423, 2998819.728528110776097 ] ] ], [ [ [ 323267.456149267614819, 2997955.057380972895771 ], [ 323868.744293676165398, 2997691.67665661405772 ], [ 323863.523056453093886, 2998024.192817916162312 ], [ 324035.217412264319137, 2998163.989787218626589 ], [ 323931.371387439779937, 2997912.420414860360324 ], [ 324542.998701584874652, 2996972.964057793840766 ], [ 324074.018587655737065, 2997478.232413009740412 ], [ 324225.813084505032748, 2996988.511167028918862 ], [ 323907.471112172119319, 2997624.641272012609988 ], [ 323138.545543955639005, 2997956.885242731310427 ], [ 323117.589606720721349, 2998022.017913357820362 ], [ 323217.56098978605587, 2997933.601792586036026 ], [ 323278.950763337837998, 2998006.300879909191281 ], [ 323267.456149267614819, 2997955.057380972895771 ] ], [ [ 324027.875406266888604, 2997722.674232509918511 ], [ 323969.472121181199327, 2997801.068391842301935 ], [ 323927.929710234457161, 2997668.678019435144961 ], [ 323996.093525031232275, 2997579.06454157223925 ], [ 324027.875406266888604, 2997722.674232509918511 ] ] ], [ [ [ 322920.072513179387897, 2998635.956219618674368 ], [ 322624.809420105651952, 2998795.295172317419201 ], [ 322336.503141757915728, 2999442.129676177632064 ], [ 322362.091004886256997, 2999589.932385363616049 ], [ 322424.475625041406602, 2999352.223569618538022 ], [ 322526.782649545697495, 2999572.396557986270636 ], [ 322373.581160617002752, 2999656.303650435525924 ], [ 322394.08269836450927, 2999774.729259537067264 ], [ 322517.972351507865824, 2999650.092695228289813 ], [ 322565.969142096524592, 2999538.593953945674002 ], [ 322551.479136503301561, 2999217.436310266610235 ], [ 322638.035791448317468, 2999027.818550819996744 ], [ 322615.682217872468755, 2998850.832579021342099 ], [ 323038.745985827525146, 2998612.1079913796857 ], [ 323082.503458042163402, 2998131.070191218052059 ], [ 322920.072513179387897, 2998635.956219618674368 ] ], [ [ 323028.358430746069644, 2998579.011031519155949 ], [ 322949.8195267948322, 2998635.533677243627608 ], [ 323007.583175373321865, 2998512.817132942844182 ], [ 323028.358430746069644, 2998579.011031519155949 ] ], [ [ 322536.382020047400147, 2999550.09680304210633 ], [ 322454.063146777567454, 2999340.720477778930217 ], [ 322531.964226408919785, 2999239.877219178248197 ], [ 322536.382020047400147, 2999550.09680304210633 ] ] ], [ [ [ 324159.997856493049767, 2998651.648100046440959 ], [ 324246.885789444320835, 2998676.792210531886667 ], [ 324195.035797134507447, 2998551.173000575974584 ], [ 324159.997856493049767, 2998651.648100046440959 ] ] ], [ [ [ 324425.434839757625014, 2999003.543060811702162 ], [ 324578.947755813132972, 2998823.047412411309779 ], [ 324480.139040367153939, 2998781.204673366621137 ], [ 324425.434839757625014, 2999003.543060811702162 ] ] ], [ [ [ 323729.466422677272931, 2999765.873014076147228 ], [ 323741.991167281987146, 2999807.205577583517879 ], [ 323868.626471643685363, 2999658.28370013134554 ], [ 323729.466422677272931, 2999765.873014076147228 ] ] ], [ [ [ 323823.085703352582641, 3000074.82945633167401 ], [ 324139.254415829374921, 2999992.79245219193399 ], [ 323753.478670766635332, 2999845.115389832761139 ], [ 323823.085703352582641, 3000074.82945633167401 ] ] ] ] } },
{ "type": "Feature", "properties": { "t": "river" }, "geometry": { "type": "Polygon", "coordinates": [ [ [ 325023.560616771341302, 3000822.526556959375739 ], [ 324978.539320480893366, 3000791.131697498261929 ], [ 324782.417496200068854, 3001302.417191206477582 ], [ 325023.560616771341302, 3000822.526556959375739 ] ] ] } },
{ "type": "Feature", "properties": { "t": "river" }, "geometry": { "type": "Polygon", "coordinates": [ [ [ 321926.216303589055315, 3001265.363270313479006 ], [ 322033.999446406320203, 3001175.169831942301244 ], [ 322179.857229124521837, 3000973.618090761825442 ], [ 321926.216303589055315, 3001265.363270313479006 ] ] ] } },
{ "type": "Feature", "properties": { "t": "river" }, "geometry": { "type": "Polygon", "coordinates": [ [ [ 322184.709535310277715, 3000618.93888200679794 ], [ 322272.671988521120511, 3000529.031058109365404 ], [ 322281.163557482650504, 3000429.175956209655851 ], [ 322184.709535310277715, 3000618.93888200679794 ] ] ] } },
{ "type": "Feature", "properties": { "t": "river" }, "geometry": { "type": "Polygon", "coordinates": [ [ [ 322250.472188815358095, 3000363.124562753830105 ], [ 322260.860761161951814, 3000396.220980776939541 ], [ 322298.305342304636724, 3000240.545120422262698 ], [ 322250.472188815358095, 3000363.124562753830105 ] ] ] } },
{ "type": "Feature", "properties": { "t": "river" }, "geometry": { "type": "Polygon", "coordinates": [ [ [ 323682.730944133363664, 2997162.397311512380838 ], [ 323868.959998272941448, 2997004.626453596632928 ], [ 323750.896155763301067, 2997072.782605964690447 ], [ 323682.730944133363664, 2997162.397311512380838 ] ] ] } },
{ "type": "Feature", "properties": { "t": "river" }, "geometry": { "type": "Polygon", "coordinates": [ [ [ 323987.337759120040573, 2996958.629866763949394 ], [ 324117.976698784565087, 2997078.682352982927114 ], [ 324086.507341210031882, 2996957.230883098673075 ], [ 323987.337759120040573, 2996958.629866763949394 ] ] ] } },
{ "type": "Feature", "properties": { "t": "river" }, "geometry": { "type": "MultiPolygon", "coordinates": [ [ [ [ 323946.106211859325413, 2996848.397807902656496 ], [ 324086.507341210031882, 2996957.230883098673075 ], [ 324030.994612933252938, 2996610.599435237701982 ], [ 323946.106211859325413, 2996848.397807902656496 ] ] ], [ [ [ 324273.922579646925442, 2996178.893309636972845 ], [ 324427.36340994812781, 2996509.173939342144877 ], [ 324195.593845013761893, 2996955.692912649828941 ], [ 324441.71843769523548, 2996540.814910610672086 ], [ 324299.775208494393155, 2995901.495235368609428 ], [ 323866.899146432289854, 2995453.261094921734184 ], [ 324272.804844708065502, 2994690.369165186304599 ], [ 324272.076324086170644, 2994638.611364257521927 ], [ 324328.249267351813614, 2994586.17139290086925 ], [ 324514.440311813552398, 2994236.274710475467145 ], [ 323762.689241589745507, 2993692.794291485566646 ], [ 323882.583474235667381, 2993048.385025717783719 ], [ 323594.810303696838673, 2992343.238803276792169 ], [ 323832.983109968830831, 2993049.084386658389121 ], [ 323712.778646946244407, 2993671.3359624738805 ], [ 324445.941203032212798, 2994303.725522304419428 ], [ 323758.738057774025947, 2995521.276278353761882 ], [ 324232.379490502178669, 2996046.502078771591187 ], [ 324123.318219004315324, 2996351.985061652958393 ], [ 324273.922579646925442, 2996178.893309636972845 ] ], [ [ 324332.492089609266259, 2996111.580412324517965 ], [ 324262.91271133266855, 2996101.478828507941216 ], [ 324219.964705567108467, 2995869.375146736390889 ], [ 324332.492089609266259, 2996111.580412324517965 ] ] ] ] } },
{ "type": "Feature", "properties": { "t": "river" }, "geometry": { "type": "Polygon", "coordinates": [ [ [ 324511.009170697128866, 2996109.068406329490244 ], [ 324645.807755424990319, 2995819.058492266573012 ], [ 324603.177833967725746, 2995609.112201167736202 ], [ 324511.009170697128866, 2996109.068406329490244 ] ] ] } },
{ "type": "Feature", "properties": { "t": "river" }, "geometry": { "type": "Polygon", "coordinates": [ [ [ 324229.658380024135113, 2995148.950447947252542 ], [ 324313.99589945084881, 2995502.366269111167639 ], [ 324249.183166472474113, 2995126.512823226395994 ], [ 324229.658380024135113, 2995148.950447947252542 ] ] ] } },
{ "type": "Feature", "properties": { "t": "river" }, "geometry": { "type": "Polygon", "coordinates": [ [ [ 324617.677515857794788, 2994522.938466609455645 ], [ 324578.157703482720535, 2994534.574990731664002 ], [ 324662.021081904647872, 2994854.75517747644335 ], [ 324617.677515857794788, 2994522.938466609455645 ] ] ] } },
{ "type": "Feature", "properties": { "t": "river" }, "geometry": { "type": "MultiPolygon", "coordinates": [ [ [ [ 314572.988552696711849, 2992973.233314678538591 ], [ 314518.549794328107964, 2993228.237436114344746 ], [ 314573.052110306627583, 2993358.547820276580751 ], [ 314572.988552696711849, 2992973.233314678538591 ] ] ], [ [ [ 315033.173945739632472, 2992467.038603617344052 ], [ 314620.604331047157757, 2992750.200224756728858 ], [ 314596.639013182139024, 2992862.45293596573174 ], [ 315033.173945739632472, 2992467.038603617344052 ] ] ], [ [ [ 314827.165665709530003, 2993966.146864468697459 ], [ 314761.122197257122025, 2994864.762386721558869 ], [ 314856.924895163625479, 2993965.705639238469303 ], [ 314782.44662282045465, 2993859.21704407222569 ], [ 314827.165665709530003, 2993966.146864468697459 ] ] ] ] } },
{ "type": "Feature", "properties": { "t": "river" }, "geometry": { "type": "Polygon", "coordinates": [ [ [ 324461.574199110211339, 2994004.310048033948988 ], [ 324417.224107202375308, 2993672.493956415913999 ], [ 324234.930287690425757, 2993409.106246106792241 ], [ 324461.574199110211339, 2994004.310048033948988 ] ] ] } },
{ "type": "Feature", "properties": { "t": "river" }, "geometry": { "type": "Polygon", "coordinates": [ [ [ 315929.847485077916645, 2993384.671433409210294 ], [ 315888.836850247695111, 2993318.657425548415631 ], [ 315533.757887552608736, 2994110.835939859971404 ], [ 315929.847485077916645, 2993384.671433409210294 ] ] ] } },
{ "type": "Feature", "properties": { "t": "river" }, "geometry": { "type": "Polygon", "coordinates": [ [ [ 323957.332743302220479, 2993424.096945730037987 ], [ 324176.659318380057812, 2993498.576981958933175 ], [ 323885.863643422257155, 2993281.046957611571997 ], [ 323957.332743302220479, 2993424.096945730037987 ] ] ] } },
{ "type": "Feature", "properties": { "t": "river" }, "geometry": { "type": "Polygon", "coordinates": [ [ [ 324001.556462331791408, 2992337.503356177359819 ], [ 324160.189421757066157, 2993033.393119393382221 ], [ 324453.632286779698916, 2993439.274584188591689 ], [ 324001.556462331791408, 2992337.503356177359819 ] ] ] } },
{ "type": "Feature", "properties": { "t": "river" }, "geometry": { "type": "MultiPolygon", "coordinates": [ [ [ [ 320959.558906321704853, 2992635.593610137701035 ], [ 321050.5035337919835, 2992730.632018166128546 ], [ 320976.342354602296837, 2992609.427467889618129 ], [ 320959.558906321704853, 2992635.593610137701035 ] ] ], [ [ [ 321176.929558544768952, 2993264.126391079742461 ], [ 320890.519800612528343, 2993356.88201678590849 ], [ 320319.663528141682036, 2992988.307563657872379 ], [ 320880.917593436432071, 2993379.182762949727476 ], [ 321355.014496261137538, 2993228.33377706957981 ], [ 321218.097042404697277, 2993004.54636357864365 ], [ 321176.929558544768952, 2993264.126391079742461 ] ] ] ] } },
{ "type": "Feature", "properties": { "t": "river" }, "geometry": { "type": "Polygon", "coordinates": [ [ [ 321263.450036646449007, 2992376.368397124111652 ], [ 321373.369827296352014, 2992430.204032490029931 ], [ 321521.388638099771924, 2992372.681573080364615 ], [ 321263.450036646449007, 2992376.368397124111652 ] ] ] } },
{ "type": "Feature", "properties": { "t": "river" }, "geometry": { "type": "MultiPolygon", "coordinates": [ [ [ [ 323711.357291972148232, 2992164.292627396062016 ], [ 323722.203580417553894, 2992170.149842312559485 ], [ 323829.157183317525778, 2992073.980770812835544 ], [ 323981.715198663878255, 2992337.782826600596309 ], [ 324081.17333822697401, 2991649.340887221973389 ], [ 324237.499908341269474, 2991475.560302940197289 ], [ 324235.550155327829998, 2991336.892812138888985 ], [ 324696.72969228005968, 2990964.735326232854277 ], [ 324430.555343033280224, 2991090.364349362440407 ], [ 324606.968186891404912, 2990932.750439072959125 ], [ 324829.279255733592436, 2990817.77276695240289 ], [ 325041.046861308394, 2990582.409005809575319 ], [ 324193.527382859552745, 2991171.264322374481708 ], [ 323603.792579681728967, 2992276.623927757609636 ], [ 323708.96182009158656, 2992182.05655992589891 ], [ 323711.357291972148232, 2992164.292627396062016 ] ] ], [ [ [ 325292.819557083654217, 2990302.59960219450295 ], [ 324946.93651552987285, 2989697.968781087081879 ], [ 324772.504401802609209, 2989613.946605641394854 ], [ 324807.398205702425912, 2989655.597399197053164 ], [ 324438.391263010329567, 2989527.795899775344878 ], [ 324437.334674785786774, 2989452.508576795458794 ], [ 323627.923883968847804, 2989062.700600363314152 ], [ 323431.486780606675893, 2987802.203243095427752 ], [ 323259.10781446355395, 2988247.887964521534741 ], [ 323548.537898464535829, 2989063.819912712089717 ], [ 324039.214492694824003, 2989321.250597670208663 ], [ 324057.739267646393273, 2989278.274538362398744 ], [ 324347.530034676194191, 2989418.258816179353744 ], [ 324348.446120673790574, 2989483.502249596640468 ], [ 324988.332411221519578, 2989819.282996573951095 ], [ 325213.155554070952348, 2990391.1327696708031 ], [ 325292.819557083654217, 2990302.59960219450295 ] ] ] ] } },
{ "type": "Feature", "properties": { "t": "river" }, "geometry": { "type": "MultiPolygon", "coordinates": [ [ [ [ 319316.090016843751073, 2991517.846468127798289 ], [ 319168.08673427515896, 2992262.454662692267448 ], [ 319259.297833134187385, 2992394.114457860123366 ], [ 319388.879406032850966, 2991512.79296955652535 ], [ 319316.090016843751073, 2991517.846468127798289 ] ] ], [ [ [ 320525.872731802635826, 2991456.091933475807309 ], [ 321384.750205319316592, 2990775.598449413198978 ], [ 320948.354946890845895, 2990174.50089518725872 ], [ 321210.710983013152145, 2990770.308172075543553 ], [ 320525.554590332671069, 2991433.933459418360144 ], [ 320122.398834337305743, 2991461.891365847084671 ], [ 320525.872731802635826, 2991456.091933475807309 ] ] ], [ [ [ 320893.449555495288223, 2990098.878264604136348 ], [ 319687.708425253571477, 2989761.593817726708949 ], [ 319723.36857484880602, 2989314.485866853967309 ], [ 319526.065349729324225, 2989564.456962801981717 ], [ 319708.51230991538614, 2989827.783223276026547 ], [ 320940.502546512638219, 2990163.685511790215969 ], [ 320893.449555495288223, 2990098.878264604136348 ] ] ], [ [ [ 320044.973493021447212, 2989069.394670240115374 ], [ 320079.719127658405341, 2988863.046685543842614 ], [ 319893.521768341655843, 2989098.923331884667277 ], [ 320044.973493021447212, 2989069.394670240115374 ] ] ], [ [ [ 320127.276712728780694, 2988580.624937464017421 ], [ 319993.149261595041025, 2988490.042704300489277 ], [ 319907.199627411435358, 2988461.893463446758687 ], [ 319923.584073018166237, 2988443.063293984159827 ], [ 319034.689892802271061, 2987842.83045344427228 ], [ 320086.581926862418186, 2988822.290799927897751 ], [ 320127.276712728780694, 2988580.624937464017421 ] ] ], [ [ [ 321691.899661386618391, 2991805.092905736062676 ], [ 321501.547214932972565, 2992372.964985698927194 ], [ 321770.320964066020679, 2991737.485673345159739 ], [ 321616.722293071856257, 2990709.101982096675783 ], [ 321602.095038307830691, 2991074.998398648109287 ], [ 321431.576038479222916, 2990840.101186226122081 ], [ 321691.899661386618391, 2991805.092905736062676 ] ] ] ] } },
{ "type": "Feature", "properties": { "t": "river" }, "geometry": { "type": "Polygon", "coordinates": [ [ [ 321263.450036646449007, 2992376.368397124111652 ], [ 321114.4805999774253, 2992367.418607398867607 ], [ 321223.767155591282062, 2992376.936073900200427 ], [ 321263.450036646449007, 2992376.368397124111652 ] ] ] } },
{ "type": "Feature", "properties": { "t": "river" }, "geometry": { "type": "MultiPolygon", "coordinates": [ [ [ [ 314464.335240580607206, 2990912.923304293770343 ], [ 314252.348349710227922, 2990672.268903512042016 ], [ 314381.839652587019373, 2990857.853779714554548 ], [ 314383.97088254627306, 2990847.624714724253863 ], [ 314424.317610382218845, 2990891.353404411580414 ], [ 314405.409259004867636, 2990891.634060019627213 ], [ 314517.976438708719797, 2991052.96982548898086 ], [ 315212.95421563310083, 2989860.144205170683563 ], [ 314922.89244799874723, 2989709.28686755662784 ], [ 314946.599440358229913, 2989689.584256278350949 ], [ 314903.210152373707388, 2989720.659939719829708 ], [ 315048.195435833302327, 2990128.543508726172149 ], [ 314569.700217831414193, 2990656.476893563754857 ], [ 314448.658769101195503, 2990525.289763490669429 ], [ 314460.689542831969447, 2990822.775955477263778 ], [ 314463.019984562066384, 2990824.287684965413064 ], [ 314461.119547996437177, 2990833.408719263039529 ], [ 314464.335240580607206, 2990912.923304293770343 ] ], [ [ 314629.891505123348907, 2990699.911963352002203 ], [ 314621.283238155650906, 2990788.69462184002623 ], [ 314579.786892302217893, 2990667.409201703034341 ], [ 314629.891505123348907, 2990699.911963352002203 ] ] ], [ [ [ 315275.870881544309668, 2989415.942010306287557 ], [ 315321.742984322365373, 2988759.474292111117393 ], [ 315238.247713941265829, 2988884.570391254033893 ], [ 315026.081931472639553, 2988632.822986139915884 ], [ 315257.996806352515705, 2989430.795775870326906 ], [ 315275.870881544309668, 2989415.942010306287557 ] ] ], [ [ [ 315333.234325749683194, 2988595.041299389209598 ], [ 315157.829448809381574, 2988420.12398101715371 ], [ 315324.528583714738488, 2988719.613681579940021 ], [ 315333.234325749683194, 2988595.041299389209598 ] ] ], [ [ [ 315264.532819557003677, 2987975.474357455037534 ], [ 315060.04757885762956, 2988244.457376395817846 ], [ 315097.419333940604702, 2988311.595674123149365 ], [ 315264.532819557003677, 2987975.474357455037534 ] ] ], [ [ [ 315063.512309383018874, 2991834.922775822691619 ], [ 315013.332094765268266, 2992467.33232999779284 ], [ 315217.43992360268021, 2992013.044279747176915 ], [ 315111.152756407042034, 2991701.235580070875585 ], [ 314533.152294477331452, 2991074.72084006248042 ], [ 315063.512309383018874, 2991834.922775822691619 ] ] ] ] } },
{ "type": "Feature", "properties": { "t": "river" }, "geometry": { "type": "Polygon", "coordinates": [ [ [ 324843.847723397717346, 2990840.779638675507158 ], [ 324823.538485052064061, 2990807.820417573209852 ], [ 324696.72969228005968, 2990964.735326232854277 ], [ 324843.847723397717346, 2990840.779638675507158 ] ] ] } },
{ "type": "Feature", "properties": { "t": "river" }, "geometry": { "type": "Polygon", "coordinates": [ [ [ 314132.291584864608012, 2990607.561425369232893 ], [ 313743.714531240984797, 2989172.693216374609619 ], [ 314017.542480509146117, 2990232.482504311483353 ], [ 313834.810189754818566, 2989958.153220748063177 ], [ 313846.051917112898082, 2990023.006362710613757 ], [ 314132.291584864608012, 2990607.561425369232893 ] ] ] } },
{ "type": "Feature", "properties": { "t": "river" }, "geometry": { "type": "MultiPolygon", "coordinates": [ [ [ [ 323176.013264841283672, 2989078.949858081992716 ], [ 322830.572714811074547, 2989528.301084408536553 ], [ 322849.618793398141861, 2989535.551598380319774 ], [ 323176.013264841283672, 2989078.949858081992716 ] ] ], [ [ [ 322985.521653105155565, 2987852.826891874428838 ], [ 323040.625089056964498, 2988239.893842996563762 ], [ 323118.184778645052575, 2988630.218191286548972 ], [ 322985.521653105155565, 2987852.826891874428838 ] ] ] ] } },
{ "type": "Feature", "properties": { "t": "river" }, "geometry": { "type": "Polygon", "coordinates": [ [ [ 314059.340094226761721, 2988370.102802134584635 ], [ 313832.236584635451436, 2988451.052158568054438 ], [ 313734.64391451550182, 2988563.323296652175486 ], [ 314059.340094226761721, 2988370.102802134584635 ] ] ] } },
{ "type": "Feature", "properties": { "t": "river" }, "geometry": { "type": "Polygon", "coordinates": [ [ [ 314002.145738355349749, 2987861.186187651474029 ], [ 314156.443616605247371, 2988224.596187737770379 ], [ 314151.873871883726679, 2988187.630951168946922 ], [ 314135.607799322227947, 2988158.4143449338153 ], [ 314149.903577982564457, 2988171.693041771184653 ], [ 314111.316618479555473, 2987859.564557646401227 ], [ 314002.145738355349749, 2987861.186187651474029 ] ] ] } },
{ "type": "Feature", "properties": { "t": "river" }, "geometry": { "type": "Polygon", "coordinates": [ [ [ 315970.473137495224364, 2988053.729832926765084 ], [ 316009.356395342270844, 2987997.749462644569576 ], [ 315808.422371618798934, 2987834.47816263185814 ], [ 315970.473137495224364, 2988053.729832926765084 ] ] ] } },
{ "type": "Feature", "properties": { "t": "river" }, "geometry": { "type": "Polygon", "coordinates": [ [ [ 319868.113638867740519, 3015875.583837028592825 ], [ 319771.505771053838544, 3015733.056166087277234 ], [ 319879.120562037802301, 3015937.555278792977333 ], [ 319907.664071556995623, 3015942.349335399456322 ], [ 319868.113638867740519, 3015875.583837028592825 ] ] ] } },
{ "type": "Feature", "properties": { "t": "river" }, "geometry": { "type": "Polygon", "coordinates": [ [ [ 319846.471532129333355, 3015843.654439198318869 ], [ 319709.859033453045413, 3015642.109394796658307 ], [ 319544.945805623196065, 3015484.395807103253901 ], [ 319876.8658736073412, 3015937.17659305408597 ], [ 319886.761560877668671, 3015938.838624409865588 ], [ 319846.471532129333355, 3015843.654439198318869 ] ] ] } },
{ "type": "Feature", "properties": { "t": "river" }, "geometry": { "type": "MultiPolygon", "coordinates": [ [ [ [ 338217.189853402320296, 3001297.917682154104114 ], [ 338239.159655883500818, 3001052.633578279521316 ], [ 338233.455821622046642, 3001037.921403692569584 ], [ 338217.189853402320296, 3001297.917682154104114 ] ] ], [ [ [ 338267.027966105146334, 3000554.868496516253799 ], [ 338272.52336136327358, 3000680.167623006273061 ], [ 338277.804560075688642, 3000621.212275590747595 ], [ 338689.14795662695542, 3000228.057356821838766 ], [ 338516.449618289654609, 2999908.957566060591489 ], [ 338669.320453163876664, 3000228.314123997930437 ], [ 338266.452549886715133, 3000510.553498275112361 ], [ 338262.121362847043201, 3000579.772275858093053 ], [ 338267.027966105146334, 3000554.868496516253799 ] ] ] ] } },
{ "type": "Feature", "properties": { "t": "river" }, "geometry": { "type": "Polygon", "coordinates": [ [ [ 331037.904905438888818, 3001227.049521357752383 ], [ 330968.487363286665641, 3001127.891118560452014 ], [ 330585.059836522210389, 3001465.90456699533388 ], [ 331037.904905438888818, 3001227.049521357752383 ] ] ] } },
{ "type": "Feature", "properties": { "t": "river" }, "geometry": { "type": "Polygon", "coordinates": [ [ [ 330630.827861848752946, 3000456.905599383171648 ], [ 330462.442387665738352, 3000470.277344534639269 ], [ 330675.303111146669835, 3000810.89458053233102 ], [ 330630.827861848752946, 3000456.905599383171648 ] ] ] } },
{ "type": "Feature", "properties": { "t": "river" }, "geometry": { "type": "MultiPolygon", "coordinates": [ [ [ [ 330351.536340713850223, 2999607.464581831824034 ], [ 329929.292104543186724, 2999912.409783751238137 ], [ 330016.970573106838856, 2999962.855587176978588 ], [ 330351.536340713850223, 2999607.464581831824034 ] ] ], [ [ [ 330234.031760365469381, 3000087.746057449374348 ], [ 330258.126151416974608, 3000029.817108632065356 ], [ 330128.013310699781869, 3000026.745464566163719 ], [ 330234.031760365469381, 3000087.746057449374348 ] ] ], [ [ [ 330104.635435774747748, 3000408.66597567172721 ], [ 330393.497702413238585, 3000504.459112011827528 ], [ 330129.014396569924429, 3000355.979410429485142 ], [ 330104.635435774747748, 3000408.66597567172721 ] ] ] ] } },
{ "type": "Feature", "properties": { "t": "river" }, "geometry": { "type": "MultiPolygon", "coordinates": [ [ [ [ 336702.411952978814952, 2998436.709912580437958 ], [ 334936.379686756641604, 2999124.816021116450429 ], [ 336861.256125056766905, 2998512.443268534727395 ], [ 336702.411952978814952, 2998436.709912580437958 ] ] ], [ [ [ 338021.324799977359362, 2999959.707461272366345 ], [ 338466.879553381819278, 2999909.600167484022677 ], [ 337959.967676353873685, 2999816.457222648896277 ], [ 337082.377008897601627, 2998675.512715896125883 ], [ 337164.376900073839352, 2998120.40887098107487 ], [ 336522.273574331193231, 2996799.131584376562387 ], [ 337134.485706568928435, 2998109.718668793793768 ], [ 337041.702948826248758, 2998598.479802439454943 ], [ 336862.910146152367815, 2998513.231884120963514 ], [ 338021.324799977359362, 2999959.707461272366345 ] ] ] ] } },
{ "type": "Feature", "properties": { "t": "river" }, "geometry": { "type": "Polygon", "coordinates": [ [ [ 338614.154662467131857, 2999796.885664812289178 ], [ 338495.759913667396177, 2999842.742183547932655 ], [ 338516.306021453347057, 2999897.878833112772554 ], [ 338614.154662467131857, 2999796.885664812289178 ] ] ] } },
{ "type": "Feature", "properties": { "t": "river" }, "geometry": { "type": "Polygon", "coordinates": [ [ [ 338683.983667272725143, 2999829.223108659498394 ], [ 338683.26645517651923, 2999773.829477945808321 ], [ 338604.958134662767407, 2999852.407732211984694 ], [ 338683.983667272725143, 2999829.223108659498394 ] ] ] } },
{ "type": "Feature", "properties": { "t": "river" }, "geometry": { "type": "Polygon", "coordinates": [ [ [ 338282.572413822985254, 2998213.600769424345344 ], [ 338275.484697756357491, 2998150.268637791275978 ], [ 337819.203972428920679, 2997380.55378530267626 ], [ 337941.634887950844131, 2996880.335901496000588 ], [ 337779.972097812802531, 2997414.305838154163212 ], [ 338227.201421554258559, 2998250.62032434111461 ], [ 338466.161353528033942, 2999854.206496103666723 ], [ 338349.40617952280445, 2998810.81369096133858 ], [ 338334.401315599796362, 2998869.742435307707638 ], [ 338321.037578775489237, 2998603.981679920107126 ], [ 338329.967273290385492, 2998637.107615513727069 ], [ 338284.423438943573274, 2998230.140635068528354 ], [ 338277.20928869524505, 2998283.213253448251635 ], [ 338246.169653318880592, 2998183.890696289949119 ], [ 338282.572413822985254, 2998213.600769424345344 ] ] ] } },
{ "type": "Feature", "properties": { "t": "river" }, "geometry": { "type": "Polygon", "coordinates": [ [ [ 330495.704893137153704, 2998541.722909550182521 ], [ 333335.663981518824585, 2999556.11236330633983 ], [ 333469.625950544839725, 2999538.14879464218393 ], [ 330495.704893137153704, 2998541.722909550182521 ] ] ] } },
{ "type": "Feature", "properties": { "t": "river" }, "geometry": { "type": "Polygon", "coordinates": [ [ [ 330528.793353003566153, 2999516.404145857784897 ], [ 330447.968703494057991, 2999406.693178507499397 ], [ 330419.882978259585798, 2999528.966882227454334 ], [ 330528.793353003566153, 2999516.404145857784897 ] ] ] } },
{ "type": "Feature", "properties": { "t": "river" }, "geometry": { "type": "Polygon", "coordinates": [ [ [ 334365.003331335028633, 2999409.417290213052183 ], [ 334551.76223437092267, 2999285.047395704314113 ], [ 334354.499682847585063, 2999365.233627197798342 ], [ 334365.003331335028633, 2999409.417290213052183 ] ] ] } },
{ "type": "Feature", "properties": { "t": "river" }, "geometry": { "type": "Polygon", "coordinates": [ [ [ 334552.49767609895207, 2999340.441672223154455 ], [ 334947.028108108148444, 2999180.078906869515777 ], [ 334551.76223437092267, 2999285.047395704314113 ], [ 334552.49767609895207, 2999340.441672223154455 ] ] ] } },
{ "type": "Feature", "properties": { "t": "river" }, "geometry": { "type": "Polygon", "coordinates": [ [ [ 330086.808415383915417, 2999101.342614533845335 ], [ 330418.073716312530451, 2999396.018923376686871 ], [ 330135.247097980696708, 2999056.83986683934927 ], [ 330086.808415383915417, 2999101.342614533845335 ] ] ] } },
{ "type": "Feature", "properties": { "t": "river" }, "geometry": { "type": "Polygon", "coordinates": [ [ [ 330797.228095615981147, 2998836.813907593488693 ], [ 330408.727046708343551, 2998709.121465533506125 ], [ 330639.347916010767221, 2998838.958156968932599 ], [ 330797.228095615981147, 2998836.813907593488693 ] ] ] } },
{ "type": "Feature", "properties": { "t": "river" }, "geometry": { "type": "Polygon", "coordinates": [ [ [ 328963.827156004612334, 2998928.324272061232477 ], [ 330347.275045248679817, 2998565.904188645537943 ], [ 327534.6581115196459, 2998848.287381516303867 ], [ 328963.827156004612334, 2998928.324272061232477 ] ] ] } },
{ "type": "Feature", "properties": { "t": "river" }, "geometry": { "type": "Polygon", "coordinates": [ [ [ 326282.239063550019637, 2998644.05423508444801 ], [ 326890.470361511339433, 2998879.380062516778708 ], [ 327505.678831818047911, 2998904.094451691024005 ], [ 326282.239063550019637, 2998644.05423508444801 ] ] ] } },
{ "type": "Feature", "properties": { "t": "river" }, "geometry": { "type": "Polygon", "coordinates": [ [ [ 330218.97825608914718, 2998611.975132417865098 ], [ 330200.505770761927124, 2998711.956189745105803 ], [ 330409.028521216590889, 2998731.279439425561577 ], [ 330218.97825608914718, 2998611.975132417865098 ] ] ] } },
{ "type": "Feature", "properties": { "t": "river" }, "geometry": { "type": "MultiPolygon", "coordinates": [ [ [ [ 330613.095187958097085, 2998468.593701573554426 ], [ 330414.120736927376129, 2998376.617036277893931 ], [ 330564.811687636654824, 2998518.621350093279034 ], [ 330613.095187958097085, 2998468.593701573554426 ] ] ], [ [ [ 330965.78652328858152, 2998103.180731422267854 ], [ 330959.512332478538156, 2998025.893472931813449 ], [ 330667.41093228070531, 2998040.74353691469878 ], [ 330687.155272145930212, 2998391.859535433817655 ], [ 330965.78652328858152, 2998103.180731422267854 ] ] ], [ [ [ 330920.961429659859277, 2997551.023475010413677 ], [ 330811.187361732008867, 2997673.118637436069548 ], [ 330958.28947205026634, 2998010.829990049358457 ], [ 330920.961429659859277, 2997551.023475010413677 ] ] ], [ [ [ 331214.898248541925568, 2997457.109162864740938 ], [ 331080.885065623617265, 2997082.170456992927939 ], [ 330769.521969125024043, 2997137.670811730436981 ], [ 331123.85163214080967, 2997325.370042919181287 ], [ 330959.396143224905245, 2997508.275662596803159 ], [ 331214.898248541925568, 2997457.109162864740938 ] ] ], [ [ [ 330771.968349084723741, 2996975.548088519368321 ], [ 330634.338588553713635, 2997066.064117409288883 ], [ 330747.16503364930395, 2997125.828178494237363 ], [ 330771.968349084723741, 2996975.548088519368321 ] ] ] ] } },
{ "type": "Feature", "properties": { "t": "river" }, "geometry": { "type": "Polygon", "coordinates": [ [ [ 330404.205176794086583, 2998376.751926099415869 ], [ 330355.230437131947838, 2998421.742431546095759 ], [ 330405.561689000227489, 2998476.462774355895817 ], [ 330404.205176794086583, 2998376.751926099415869 ] ] ] } },
{ "type": "Feature", "properties": { "t": "river" }, "geometry": { "type": "Polygon", "coordinates": [ [ [ 338445.938313041639049, 2996762.988495404832065 ], [ 338387.300431021896657, 2996830.231402059551328 ], [ 338646.991544931312092, 2996970.916495679412037 ], [ 338445.938313041639049, 2996762.988495404832065 ] ] ] } },
{ "type": "Feature", "properties": { "t": "river" }, "geometry": { "type": "Polygon", "coordinates": [ [ [ 338195.438679407641757, 2996566.785173371899873 ], [ 337999.694718501530588, 2996768.775934597011656 ], [ 338221.863515825301874, 2996591.440205157268792 ], [ 338195.438679407641757, 2996566.785173371899873 ] ] ] } },
{ "type": "Feature", "properties": { "t": "river" }, "geometry": { "type": "MultiPolygon", "coordinates": [ [ [ [ 336309.116963508306071, 2995671.699374195653945 ], [ 336482.462079977733083, 2996788.572743189986795 ], [ 336354.119127012323588, 2995575.963304996490479 ], [ 336309.116963508306071, 2995671.699374195653945 ] ] ], [ [ [ 336918.864152874681167, 2994511.332642869092524 ], [ 337053.473069565137848, 2993423.67754553956911 ], [ 336888.19608253944898, 2992162.648870184551924 ], [ 336917.127628842950799, 2994378.388104926329106 ], [ 336569.114789472310804, 2995118.613342650700361 ], [ 336918.864152874681167, 2994511.332642869092524 ] ] ] ] } },
{ "type": "Feature", "properties": { "t": "river" }, "geometry": { "type": "Polygon", "coordinates": [ [ [ 330376.029325605370104, 2996304.984710779506713 ], [ 330399.62908247334417, 2996581.688985150773078 ], [ 330730.798257731599733, 2996865.296806342899799 ], [ 330376.029325605370104, 2996304.984710779506713 ] ] ] } },
{ "type": "Feature", "properties": { "t": "river" }, "geometry": { "type": "Polygon", "coordinates": [ [ [ 338314.593180632393342, 2995811.762867904268205 ], [ 338626.502236000727862, 2995386.665435466915369 ], [ 338265.293964726151899, 2995834.562833605334163 ], [ 338640.256188827974256, 2996450.218267881311476 ], [ 338314.593180632393342, 2995811.762867904268205 ] ] ] } },
{ "type": "Feature", "properties": { "t": "river" }, "geometry": { "type": "Polygon", "coordinates": [ [ [ 330696.98823583452031, 2996566.568901887629181 ], [ 330646.651303548365831, 2996511.847181785386056 ], [ 330498.497886442870367, 2996558.183241054415703 ], [ 330696.98823583452031, 2996566.568901887629181 ] ] ] } },
{ "type": "Feature", "properties": { "t": "river" }, "geometry": { "type": "Polygon", "coordinates": [ [ [ 330238.846628154278733, 2996428.741679118946195 ], [ 330137.412876477232203, 2996263.90705236280337 ], [ 330080.62541236449033, 2996464.138701695017517 ], [ 330238.846628154278733, 2996428.741679118946195 ] ] ] } },
{ "type": "Feature", "properties": { "t": "river" }, "geometry": { "type": "Polygon", "coordinates": [ [ [ 330373.619395780435298, 2996127.721438906155527 ], [ 330345.524447216652334, 2996249.994455177336931 ], [ 330376.33057612425182, 2996327.142622349318117 ], [ 330373.619395780435298, 2996127.721438906155527 ] ] ] } },
{ "type": "Feature", "properties": { "t": "river" }, "geometry": { "type": "MultiPolygon", "coordinates": [ [ [ [ 330679.854376501287334, 2996034.91412699315697 ], [ 330603.737268607947044, 2995957.677331543993205 ], [ 330373.619395780435298, 2996127.721438906155527 ], [ 330679.854376501287334, 2996034.91412699315697 ] ] ], [ [ [ 330833.126120209868532, 2995633.92028824146837 ], [ 330820.057365997869056, 2995589.773578657303005 ], [ 330415.979261636501178, 2995595.257900677621365 ], [ 330493.322016188001726, 2995704.733625377528369 ], [ 330833.126120209868532, 2995633.92028824146837 ] ] ], [ [ [ 330757.025656596582849, 2995376.854251568671316 ], [ 330641.231470028753392, 2995381.660527040716261 ], [ 330794.464931536582299, 2995503.322262628935277 ], [ 330757.025656596582849, 2995376.854251568671316 ] ] ], [ [ [ 330890.981094520597253, 2995511.245586389210075 ], [ 331253.74612522078678, 2995196.069075917825103 ], [ 331314.040599782485515, 2994519.317513653542846 ], [ 331310.846140431705862, 2994513.882465790491551 ], [ 331037.798531154636294, 2995365.204678022768348 ], [ 330801.968962780258153, 2995374.989078099839389 ], [ 330890.981094520597253, 2995511.245586389210075 ] ] ], [ [ [ 331029.723360305360984, 2994035.601035385858268 ], [ 331389.845224547490943, 2993521.011619120370597 ], [ 331376.700091256410815, 2993480.966586214490235 ], [ 331010.185247740941122, 2994058.02729158103466 ], [ 331160.511892346083187, 2994258.109916675370187 ], [ 331029.723360305360984, 2994035.601035385858268 ] ] ], [ [ [ 331172.554284047393594, 2992859.092256201896816 ], [ 330763.136229417519644, 2992665.175003827549517 ], [ 331124.489346718182787, 2992239.211280116345733 ], [ 330733.526066562044434, 2992676.657048458699137 ], [ 331153.163658505654894, 2992892.597030109260231 ], [ 331353.106648954562843, 2993409.092665657866746 ], [ 331172.554284047393594, 2992859.092256201896816 ] ] ] ] } },
{ "type": "Feature", "properties": { "t": "river" }, "geometry": { "type": "Polygon", "coordinates": [ [ [ 328573.246900716447271, 2995764.488505981396884 ], [ 328818.150296494364738, 2995539.504946841858327 ], [ 328852.960407167556696, 2995184.433018455747515 ], [ 328730.424972959328443, 2995342.831970891915262 ], [ 328573.246900716447271, 2995764.488505981396884 ] ] ] } },
{ "type": "Feature", "properties": { "t": "river" }, "geometry": { "type": "MultiPolygon", "coordinates": [ [ [ [ 328610.301822475914378, 2995100.388721046503633 ], [ 328594.864371681876946, 2994988.769794467370957 ], [ 328317.683904147124849, 2995213.946225720923394 ], [ 328610.301822475914378, 2995100.388721046503633 ] ] ], [ [ [ 329308.813169440138154, 2994424.67992170760408 ], [ 328999.784301690175198, 2994024.234216197393835 ], [ 328986.557547333650291, 2994074.495940015651286 ], [ 329288.97567244048696, 2994424.951137574389577 ], [ 329217.922552121279296, 2994482.662512994837016 ], [ 329308.813169440138154, 2994424.67992170760408 ] ] ], [ [ [ 329309.191428991267458, 2993726.56971175596118 ], [ 329156.764751500275452, 2993462.709092448465526 ], [ 329452.988720771623775, 2993358.931687094271183 ], [ 329430.694927761738654, 2993332.408385179471225 ], [ 329432.846966756158508, 2993337.044688229449093 ], [ 329412.856447268801276, 2993326.236667346674949 ], [ 329412.647503604646772, 2993310.937166924588382 ], [ 329241.193943638703786, 2993106.961760336067528 ], [ 329002.944891410472337, 2994012.224033405072987 ], [ 329309.191428991267458, 2993726.56971175596118 ] ] ] ] } },
{ "type": "Feature", "properties": { "t": "river" }, "geometry": { "type": "Polygon", "coordinates": [ [ [ 329414.15305855369661, 2992694.601377381477505 ], [ 329210.601902840426192, 2992320.627719090785831 ], [ 329369.091998240270186, 2993027.647017186041921 ], [ 329414.15305855369661, 2992694.601377381477505 ] ] ] } },
{ "type": "Feature", "properties": { "t": "river" }, "geometry": { "type": "Polygon", "coordinates": [ [ [ 335885.764510163106024, 2989871.00707734329626 ], [ 336074.010308267665096, 2987574.861802849452943 ], [ 335855.852832890290301, 2989860.319000728428364 ], [ 336101.197094895178452, 2991164.611070131883025 ], [ 336188.700936180073768, 2991279.975741153582931 ], [ 335885.764510163106024, 2989871.00707734329626 ] ] ] } },
{ "type": "Feature", "properties": { "t": "river" }, "geometry": { "type": "MultiPolygon", "coordinates": [ [ [ [ 330940.85769039997831, 2991133.604140461422503 ], [ 331109.968661936698481, 2991164.561025904025882 ], [ 331052.253641641989816, 2991005.77611955627799 ], [ 330940.85769039997831, 2991133.604140461422503 ] ] ], [ [ [ 331408.502862411260139, 2991227.016664920840412 ], [ 330986.384898589923978, 2991565.143404315691441 ], [ 331094.728119275241625, 2992239.61351626785472 ], [ 331075.972886911942624, 2991586.094122307375073 ], [ 331428.195868906565011, 2991215.670229987706989 ], [ 331224.237900998094119, 2990808.42981722811237 ], [ 331068.208730113808997, 2990987.467798471916467 ], [ 331408.502862411260139, 2991227.016664920840412 ] ] ] ] } },
{ "type": "Feature", "properties": { "t": "river" }, "geometry": { "type": "Polygon", "coordinates": [ [ [ 329322.989441011392046, 2991831.528070777188987 ], [ 329229.312501636217348, 2991511.458663621451706 ], [ 329046.7221654728055, 2991946.114031796343625 ], [ 329068.163240119465627, 2991988.058518320787698 ], [ 329322.989441011392046, 2991831.528070777188987 ] ] ] } },
{ "type": "Feature", "properties": { "t": "river" }, "geometry": { "type": "Polygon", "coordinates": [ [ [ 328227.948503778723534, 2990128.96745978994295 ], [ 328788.688338878622744, 2991218.298628775868565 ], [ 329118.969125467934646, 2991424.318624397274107 ], [ 328227.948503778723534, 2990128.96745978994295 ] ] ] } },
{ "type": "Feature", "properties": { "t": "river" }, "geometry": { "type": "MultiPolygon", "coordinates": [ [ [ [ 331093.974268533987924, 2990296.402375241275877 ], [ 330990.202406019903719, 2990379.436796333175153 ], [ 331056.772242598759476, 2990432.020257688593119 ], [ 331093.974268533987924, 2990296.402375241275877 ] ] ], [ [ [ 331315.532481859670952, 2990219.912099905312061 ], [ 331296.453905310947448, 2990134.391481760889292 ], [ 331216.819813595502637, 2990198.108523326460272 ], [ 331315.532481859670952, 2990219.912099905312061 ] ] ], [ [ [ 331241.593763125536498, 2989888.483849339652807 ], [ 331579.476082014385611, 2989185.837100089993328 ], [ 331142.95013890293194, 2988895.332278488669544 ], [ 331129.958528838295024, 2988970.279499399010092 ], [ 331559.481295775389299, 2989175.025455337483436 ], [ 331151.096851150272414, 2989801.058318687602878 ], [ 331277.095430529792793, 2990047.617222771979868 ], [ 331241.593763125536498, 2989888.483849339652807 ] ] ] ] } },
{ "type": "Feature", "properties": { "t": "river" }, "geometry": { "type": "Polygon", "coordinates": [ [ [ 328363.666562982252799, 2989894.402589342091233 ], [ 327910.300217084935866, 2989401.984988172072917 ], [ 327898.109587732586078, 2988515.669603782240301 ], [ 328471.546106299443636, 2988352.662666046060622 ], [ 328640.615720914443955, 2987652.244818212930113 ], [ 328471.090574937639758, 2988319.425923098810017 ], [ 327878.110210797400214, 2988504.863626083359122 ], [ 327870.151720262947492, 2989369.294201952405274 ], [ 328183.846078573202249, 2989808.223200163803995 ], [ 328363.666562982252799, 2989894.402589342091233 ] ] ] } },
{ "type": "Feature", "properties": { "t": "lake" }, "geometry": { "type": "Polygon", "coordinates": [ [ [ 333386.898535955522675, 2989272.443660883698612 ], [ 333486.715061602299102, 2989315.437586499843746 ], [ 333514.713789478526451, 2989182.096351447049528 ], [ 333386.898535955522675, 2989272.443660883698612 ] ] ] } },
{ "type": "Feature", "properties": { "t": "river" }, "geometry": { "type": "Polygon", "coordinates": [ [ [ 329593.634515077690594, 2987661.397557022515684 ], [ 329547.936378292506561, 2987950.12373612774536 ], [ 329691.242456583946478, 2988269.519761722069234 ], [ 329593.634515077690594, 2987661.397557022515684 ] ] ] } },
{ "type": "Feature", "properties": { "t": "river" }, "geometry": { "type": "Polygon", "coordinates": [ [ [ 332245.141214899485931, 2987758.554174192249775 ], [ 332213.439057565003168, 2987614.929080850910395 ], [ 332205.74255078821443, 2987781.243766426574439 ], [ 332245.141214899485931, 2987758.554174192249775 ] ] ] } },
{ "type": "Feature", "properties": { "t": "river" }, "geometry": { "type": "Polygon", "coordinates": [ [ [ 332749.780453025596216, 2987640.994184695649892 ], [ 332699.716319403145462, 2987608.420941780786961 ], [ 332720.304565959377214, 2987663.549503618385643 ], [ 332749.780453025596216, 2987640.994184695649892 ] ] ] } },
{ "type": "Feature", "properties": { "t": "river" }, "geometry": { "type": "Polygon", "coordinates": [ [ [ 329018.641200928366743, 2987713.561649640556425 ], [ 328799.402113959018607, 2987650.072279174812138 ], [ 328899.249273092485964, 2987693.031028566416353 ], [ 329018.641200928366743, 2987713.561649640556425 ] ] ] } },
{ "type": "Feature", "properties": { "t": "river" }, "geometry": { "type": "MultiPolygon", "coordinates": [ [ [ [ 307881.918438583204988, 2997850.158263190183789 ], [ 307943.658987613278441, 2997350.49842438660562 ], [ 307862.08448475797195, 2997850.463855173904449 ], [ 307988.131788330967538, 2997925.507658326998353 ], [ 307881.918438583204988, 2997850.158263190183789 ] ] ], [ [ [ 308395.477258558617905, 2998994.826170813757926 ], [ 308509.316180008347146, 2999047.205237166956067 ], [ 308814.559706146421377, 2998511.848696634639055 ], [ 308699.874277233146131, 2998430.474328222684562 ], [ 308395.477258558617905, 2998994.826170813757926 ] ], [ [ 308795.23670332506299, 2998545.392173156142235 ], [ 308727.352050001500174, 2998646.174976288340986 ], [ 308774.724124634638429, 2998501.377299021929502 ], [ 308795.23670332506299, 2998545.392173156142235 ] ] ], [ [ [ 308398.305617452075239, 3000468.744509739335626 ], [ 308970.771462807955686, 3001044.816460568457842 ], [ 308838.470324397494551, 3000716.877424452919513 ], [ 308418.13535338989459, 3000468.439525273162872 ], [ 308995.023771840147674, 2999284.848162405192852 ], [ 308948.956667600083165, 2999265.099660676904023 ], [ 308398.305617452075239, 3000468.744509739335626 ] ] ], [ [ [ 308557.553266940813046, 3001796.187810768373311 ], [ 308850.414694782230072, 3001556.684517395216972 ], [ 309066.387901702313684, 3001281.834377553313971 ], [ 309049.305969220469706, 3001239.49034766620025 ], [ 308557.553266940813046, 3001796.187810768373311 ] ] ], [ [ [ 309096.187134304724168, 3001355.703712950926274 ], [ 309074.711645141302142, 3001302.468024685513228 ], [ 309027.907513156766072, 3001411.538299544714391 ], [ 309096.187134304724168, 3001355.703712950926274 ] ] ] ] } },
{ "type": "Feature", "properties": { "t": "river" }, "geometry": { "type": "MultiPolygon", "coordinates": [ [ [ [ 303909.713381866167765, 2998200.139964413829148 ], [ 303514.399798808968626, 2997663.310230282135308 ], [ 303548.658790185116231, 2997319.206529389601201 ], [ 303494.215954842162319, 2997641.462825256865472 ], [ 303889.705333230551332, 2998189.371954524889588 ], [ 303497.744333779264707, 2998494.776760102249682 ], [ 303554.766741914208978, 2998555.555871789809316 ], [ 303909.713381866167765, 2998200.139964413829148 ] ] ], [ [ [ 304153.468943318817765, 2999193.750544127076864 ], [ 304197.145578591560479, 3000079.680138289462775 ], [ 304255.130635217879899, 3000119.221320722717792 ], [ 304163.210929390275851, 2999182.514771596994251 ], [ 303917.57636312651448, 2998942.286931266076863 ], [ 304153.468943318817765, 2999193.750544127076864 ] ] ], [ [ [ 304909.403409013291821, 3000565.418252605013549 ], [ 304916.603911441285163, 3000423.039272691123188 ], [ 304350.881558201974258, 3000184.516919553745538 ], [ 304909.403409013291821, 3000565.418252605013549 ] ] ], [ [ [ 305229.688081638945732, 3000783.867543605156243 ], [ 305327.647255179472268, 3001078.822223933879286 ], [ 305197.344580970238894, 3000618.133636548183858 ], [ 305058.5031630739104, 3000667.109411685261875 ], [ 305229.688081638945732, 3000783.867543605156243 ] ] ], [ [ [ 305176.9261149581871, 3001848.627855428494513 ], [ 305428.281936593994033, 3001434.639335315674543 ], [ 305417.741113862372003, 3001397.368988886009902 ], [ 305176.9261149581871, 3001848.627855428494513 ] ] ] ] } },
{ "type": "Feature", "properties": { "t": "river" }, "geometry": { "type": "Polygon", "coordinates": [ [ [ 310155.258682381710969, 2997970.4927505296655 ], [ 309837.194884466938674, 2997277.154933375772089 ], [ 309727.597041419008747, 2997245.579527552705258 ], [ 310155.258682381710969, 2997970.4927505296655 ] ] ] } },
{ "type": "Feature", "properties": { "t": "river" }, "geometry": { "type": "Polygon", "coordinates": [ [ [ 309696.999684257723857, 2997190.634853674564511 ], [ 309587.569798439624719, 2997170.140337775927037 ], [ 309727.597041419008747, 2997245.579527552705258 ], [ 309696.999684257723857, 2997190.634853674564511 ] ] ] } },
{ "type": "Feature", "properties": { "t": "river" }, "geometry": { "type": "MultiPolygon", "coordinates": [ [ [ [ 308413.672021595644765, 2993719.339678436052054 ], [ 308379.28333470178768, 2993604.998213150538504 ], [ 307852.99111928162165, 2994038.259086160454899 ], [ 307903.108629333844874, 2994075.168110138271004 ], [ 308413.672021595644765, 2993719.339678436052054 ] ] ], [ [ [ 308068.601432794472203, 2992572.074175206478685 ], [ 308014.692685699090362, 2992938.619519894011319 ], [ 308345.350654060719535, 2993492.174794814549387 ], [ 308068.601432794472203, 2992572.074175206478685 ] ] ], [ [ [ 308321.490491983538959, 2994383.301178831141442 ], [ 308324.33325325808255, 2994363.486005009617656 ], [ 308061.269706078630406, 2994191.648452624678612 ], [ 308321.490491983538959, 2994383.301178831141442 ] ] ], [ [ [ 308191.925141901418101, 2994786.64871355285868 ], [ 308682.691460120957345, 2995452.714291898068041 ], [ 308687.144885824527591, 2995377.495995034463704 ], [ 308252.632740007364191, 2994863.292656049598008 ], [ 308318.462753739207983, 2994404.405807760544121 ], [ 308191.925141901418101, 2994786.64871355285868 ] ] ], [ [ [ 308707.083911465480924, 2996031.048338160384446 ], [ 308572.815981571446173, 2996332.330916952807456 ], [ 307946.266350271936972, 2996231.135403736494482 ], [ 307891.171002913150005, 2997162.905724310316145 ], [ 307946.607428631861694, 2996253.294946459122002 ], [ 308563.407825850707013, 2996365.72233511460945 ], [ 308747.266893018502742, 2996063.679429225623608 ], [ 309037.272998325817753, 2996214.390475077554584 ], [ 308786.700922864722088, 2996694.768650028388947 ], [ 308818.297289612237364, 2996713.52168178698048 ], [ 309067.19720929779578, 2996225.014860989525914 ], [ 308707.323534047580324, 2995949.509512182790786 ], [ 308707.083911465480924, 2996031.048338160384446 ] ] ], [ [ [ 309587.569798439624719, 2997170.140337775927037 ], [ 309274.199852525896858, 2996787.046971220057458 ], [ 308825.542332412675023, 2996717.821768310386688 ], [ 309587.569798439624719, 2997170.140337775927037 ] ] ] ] } },
{ "type": "Feature", "properties": { "t": "river" }, "geometry": { "type": "MultiPolygon", "coordinates": [ [ [ [ 301910.766783071972895, 2994751.737472333945334 ], [ 301881.184479343763087, 2994719.731743042822927 ], [ 301695.876670369645581, 2994965.721899256110191 ], [ 301708.140399673662614, 2994975.233150154352188 ], [ 301910.766783071972895, 2994751.737472333945334 ] ] ], [ [ [ 302147.443397356953938, 2995315.955675601959229 ], [ 302166.836974892590661, 2995257.484412206802517 ], [ 301857.612864958762657, 2995091.159994672518224 ], [ 302147.443397356953938, 2995315.955675601959229 ] ] ], [ [ [ 302016.03710331232287, 2995758.600530838593841 ], [ 302788.140348235261627, 2995651.505732514429837 ], [ 302637.774557227967307, 2995549.263452702201903 ], [ 302031.954407907440327, 2995709.873793181031942 ], [ 302016.03710331232287, 2995758.600530838593841 ] ] ], [ [ [ 302963.636394751956686, 2996707.801295202691108 ], [ 303488.280307418433949, 2997264.744132820982486 ], [ 302973.029555753339082, 2996674.404737372882664 ], [ 302908.563497483846731, 2995733.390746134333313 ], [ 302832.362411626032554, 2995681.575481297913939 ], [ 302963.636394751956686, 2996707.801295202691108 ] ] ] ] } },
{ "type": "Feature", "properties": { "t": "river" }, "geometry": { "type": "Polygon", "coordinates": [ [ [ 301868.769993066904135, 2996481.319759615696967 ], [ 302488.443352435948327, 2996770.729342138860375 ], [ 301445.322723179589957, 2996055.820886909030378 ], [ 301868.769993066904135, 2996481.319759615696967 ] ] ] } },
{ "type": "Feature", "properties": { "t": "river" }, "geometry": { "type": "Polygon", "coordinates": [ [ [ 313166.728680851520039, 2993071.070483943447471 ], [ 313469.142274141777307, 2993387.929185695014894 ], [ 313039.061240903916769, 2992496.71581692667678 ], [ 313166.728680851520039, 2993071.070483943447471 ] ] ] } },
{ "type": "Feature", "properties": { "t": "river" }, "geometry": { "type": "Polygon", "coordinates": [ [ [ 306538.709003626776394, 2993105.459544441662729 ], [ 306493.705979834427126, 2992762.60082907602191 ], [ 306417.77073540375568, 2992985.426020452752709 ], [ 306538.709003626776394, 2993105.459544441662729 ] ] ] } },
{ "type": "Feature", "properties": { "t": "river" }, "geometry": { "type": "MultiPolygon", "coordinates": [ [ [ [ 312837.288787732366472, 2991613.175287971738726 ], [ 313009.298262111376971, 2992497.161173499189317 ], [ 312882.628718482330441, 2991436.988918423186988 ], [ 312837.288787732366472, 2991613.175287971738726 ] ] ], [ [ [ 313128.149288811604492, 2991154.462155099026859 ], [ 313091.266911541228183, 2990626.319903493393213 ], [ 312910.728011308296118, 2991327.800949800759554 ], [ 313128.149288811604492, 2991154.462155099026859 ] ] ], [ [ [ 312812.718186176382005, 2989308.488983871415257 ], [ 312166.748930682369974, 2987932.919876442290843 ], [ 313033.480546513805166, 2990345.290268851444125 ], [ 312812.718186176382005, 2989308.488983871415257 ] ] ] ] } },
{ "type": "Feature", "properties": { "t": "river" }, "geometry": { "type": "MultiPolygon", "coordinates": [ [ [ [ 305684.149252435483504, 2989838.310092663392425 ], [ 305505.527160324680153, 2989841.086162548977882 ], [ 305585.066894614254124, 2990207.684791513718665 ], [ 305684.149252435483504, 2989838.310092663392425 ] ] ], [ [ [ 305644.518411658063997, 2990481.708267896901816 ], [ 306157.072355579817668, 2990545.154213580768555 ], [ 305616.101549184997566, 2990350.728262290358543 ], [ 305644.518411658063997, 2990481.708267896901816 ] ] ], [ [ [ 305745.702327905630227, 2991244.825890690088272 ], [ 305851.414545234641992, 2991290.462964263744652 ], [ 306321.336580338771455, 2990604.196833845227957 ], [ 306263.136321873695124, 2990583.277208648156375 ], [ 305745.702327905630227, 2991244.825890690088272 ] ] ], [ [ [ 306365.176419942232314, 2991512.276521215215325 ], [ 306891.737986677500885, 2992191.239869393408298 ], [ 307914.16372711234726, 2992208.730118128471076 ], [ 308028.916777058271691, 2992572.683804224710912 ], [ 307962.749492891831324, 2992141.48942910740152 ], [ 306950.924803765956312, 2992168.160649498458952 ], [ 306304.270483777800109, 2991424.5606500771828 ], [ 305913.542928084847517, 2991317.285001459531486 ], [ 306365.176419942232314, 2991512.276521215215325 ] ] ] ] } },
{ "type": "Feature", "properties": { "t": "river" }, "geometry": { "type": "Polygon", "coordinates": [ [ [ 306419.076595376478508, 2991788.502405310980976 ], [ 305837.240330449189059, 2991387.475901787634939 ], [ 306409.326338399201632, 2991799.735846138093621 ], [ 306461.368442119914107, 2992596.865088243968785 ], [ 306419.076595376478508, 2991788.502405310980976 ] ] ] } },
{ "type": "Feature", "properties": { "t": "lake" }, "geometry": { "type": "Polygon", "coordinates": [ [ [ 304008.444474769756198, 2990584.820382384117693 ], [ 304177.134302648017183, 2990582.177667779382318 ], [ 304164.261753719998524, 2990393.975721695460379 ], [ 304008.444474769756198, 2990584.820382384117693 ] ] ] } },
{ "type": "Feature", "properties": { "t": "river" }, "geometry": { "type": "MultiPolygon", "coordinates": [ [ [ [ 304655.679442233231384, 2989742.924648763611913 ], [ 303956.970403201994486, 2989200.30656258109957 ], [ 304944.708809196366929, 2988885.64202957926318 ], [ 304828.457640320586506, 2988433.072652021888644 ], [ 304731.086459635640495, 2988441.39457779051736 ], [ 304789.104863098589703, 2988455.851366959512234 ], [ 304885.336139340768568, 2988897.650144036393613 ], [ 303867.654071490978822, 2989201.706338287331164 ], [ 303873.295082195312716, 2989227.354081493336707 ], [ 304655.679442233231384, 2989742.924648763611913 ] ] ], [ [ [ 304820.808087753248401, 2989851.751422788482159 ], [ 305466.177971240831539, 2989863.862981408834457 ], [ 304673.719171159667894, 2989754.813401609193534 ], [ 304820.808087753248401, 2989851.751422788482159 ] ] ], [ [ [ 304752.244994466076605, 2988002.044394406955689 ], [ 304370.540099178208038, 2988351.56180980661884 ], [ 304545.438310455298051, 2988395.137538571842015 ], [ 304752.244994466076605, 2988002.044394406955689 ] ] ], [ [ [ 303974.533242361561861, 2989687.663913948927075 ], [ 303672.464943463972304, 2990047.043700033798814 ], [ 304024.325055109336972, 2989697.966327749192715 ], [ 303881.595208561513573, 2989265.092068796977401 ], [ 303974.533242361561861, 2989687.663913948927075 ] ] ] ] } },
{ "type": "Feature", "properties": { "t": "river" }, "geometry": { "type": "Polygon", "coordinates": [ [ [ 310382.617763527086936, 2989422.658714293502271 ], [ 310155.557881662505679, 2988849.830775848124176 ], [ 309592.900710745714605, 2988404.010635974351317 ], [ 310382.617763527086936, 2989422.658714293502271 ] ] ] } },
{ "type": "Feature", "properties": { "t": "river" }, "geometry": { "type": "Polygon", "coordinates": [ [ [ 313725.049659894837532, 2988585.62990849930793 ], [ 313626.634009647998028, 2988642.504742924124002 ], [ 313745.363918482209556, 2989283.487792881671339 ], [ 313725.049659894837532, 2988585.62990849930793 ] ] ] } },
{ "type": "Feature", "properties": { "t": "river" }, "geometry": { "type": "Polygon", "coordinates": [ [ [ 309367.814097335096449, 2987964.14983766246587 ], [ 309433.604161286028102, 2988373.188595461193472 ], [ 309593.069272303546313, 2988415.090240540914237 ], [ 309367.814097335096449, 2987964.14983766246587 ] ] ] } },
{ "type": "Feature", "properties": { "t": "river" }, "geometry": { "type": "Polygon", "coordinates": [ [ [ 351060.248900988139212, 3006611.191605865955353 ], [ 350909.932438847608864, 3006532.367440648376942 ], [ 350914.162402707443107, 3006547.379562509246171 ], [ 351060.248900988139212, 3006611.191605865955353 ] ] ] } },
{ "type": "Feature", "properties": { "t": "river" }, "geometry": { "type": "Polygon", "coordinates": [ [ [ 349201.637700300198048, 3001919.602816233877093 ], [ 349199.741421499056742, 3001913.514784371014684 ], [ 349222.605162962165195, 3001938.454504087567329 ], [ 350191.963269964209758, 3002810.09528584824875 ], [ 350430.443311775277834, 3003682.547220087144524 ], [ 350281.742750725243241, 3004504.257962253410369 ], [ 350678.340259231044911, 3005341.571107493247837 ], [ 350821.804583506658673, 3005367.091258720029145 ], [ 350766.451659898273647, 3005268.783610304817557 ], [ 350599.515764376730658, 3005140.677318824455142 ], [ 350332.762473040842451, 3004460.809118364937603 ], [ 350437.402194405323826, 3004423.454851788002998 ], [ 350480.795005235006101, 3003748.422001945320517 ], [ 350170.940331279649399, 3002710.628267005551606 ], [ 349319.892374988819938, 3002011.780290534719825 ], [ 349033.626796149183065, 3001295.045108754187822 ], [ 348855.7395396057982, 3001341.523356100078672 ], [ 348954.440982410684228, 3001697.356886765453964 ], [ 349201.637700300198048, 3001919.602816233877093 ] ] ] } },
{ "type": "Feature", "properties": { "t": "river" }, "geometry": { "type": "MultiPolygon", "coordinates": [ [ [ [ 339987.009169316152111, 3002460.667121290694922 ], [ 340114.911420079413801, 3002454.09057990135625 ], [ 339528.405384338111617, 3001491.48140407120809 ], [ 339229.736450417432934, 3001395.609100664965808 ], [ 339519.492240860126913, 3001569.160222697071731 ], [ 339513.54290866095107, 3001788.217579618096352 ], [ 339987.009169316152111, 3002460.667121290694922 ] ] ], [ [ [ 340349.807363595813513, 3002921.390643326565623 ], [ 340752.500556334038265, 3003015.955502065364271 ], [ 340379.115668726561125, 3002887.773061502259225 ], [ 340332.25793678406626, 3002810.855183816980571 ], [ 340349.807363595813513, 3002921.390643326565623 ] ] ], [ [ [ 340970.411012831085827, 3003389.90597835322842 ], [ 340991.804125366907101, 3003424.755679385736585 ], [ 341125.87716407107655, 3003144.148787647485733 ], [ 341055.983011752832681, 3003120.150632266420871 ], [ 340970.411012831085827, 3003389.90597835322842 ] ] ], [ [ [ 341193.12297412683256, 3003752.717850155662745 ], [ 341273.306087779637892, 3003815.665333898738027 ], [ 341131.034829180571251, 3003651.569944015238434 ], [ 341193.12297412683256, 3003752.717850155662745 ] ] ] ] } },
{ "type": "Feature", "properties": { "t": "river" }, "geometry": { "type": "MultiPolygon", "coordinates": [ [ [ [ 318667.867675520363264, 3014433.335617346223444 ], [ 319564.750562444445677, 3015484.107245583087206 ], [ 318718.194549963227473, 3014488.009045846760273 ], [ 318768.759425891097635, 3014156.63334487285465 ], [ 318667.867675520363264, 3014433.335617346223444 ] ] ], [ [ [ 319293.484768685942981, 3013183.018122726585716 ], [ 319243.878435072023422, 3012688.408072231803089 ], [ 319248.859806878957897, 3012840.129044813569635 ], [ 318976.824259235407226, 3013586.048539381008595 ], [ 319293.484768685942981, 3013183.018122726585716 ] ], [ [ 319233.089938233199064, 3013117.407154426444322 ], [ 319263.610528669843916, 3013172.371750182472169 ], [ 319185.669576138840057, 3013262.163903221487999 ], [ 319193.311188087274786, 3013106.905377529095858 ], [ 319231.15110635641031, 3012984.452290607616305 ], [ 319233.089938233199064, 3013117.407154426444322 ] ] ], [ [ [ 319084.822040293598548, 3011102.660235922317952 ], [ 318794.314166332711466, 3010885.261780636850744 ], [ 319055.104335129028186, 3011103.093660070095211 ], [ 319091.932039491366595, 3011590.160630835220218 ], [ 318319.146082335268147, 3010914.374946941621602 ], [ 318851.125273356330581, 3011383.118668441195041 ], [ 319196.264146293106023, 3012213.681923571042717 ], [ 319084.822040293598548, 3011102.660235922317952 ] ], [ [ 319113.197351740091108, 3011689.587706469465047 ], [ 319143.398337187536526, 3011722.393015413079411 ], [ 319134.139234529633541, 3011766.855695240199566 ], [ 319064.316734527237713, 3011734.628376976586878 ], [ 318983.294795311638154, 3011613.909499330446124 ], [ 319113.197351740091108, 3011689.587706469465047 ] ], [ [ 319022.108458451344632, 3011557.93349635694176 ], [ 319062.377133355475962, 3011601.673661372158676 ], [ 318962.99864467093721, 3011580.95996133191511 ], [ 318962.351778652111534, 3011536.641714029014111 ], [ 319022.108458451344632, 3011557.93349635694176 ] ] ] ] } },
{ "type": "Feature", "properties": { "t": "river" }, "geometry": { "type": "Polygon", "coordinates": [ [ [ 319524.010842726798728, 3015407.127246463205665 ], [ 319183.122140057035722, 3015123.968410530593246 ], [ 319544.945805623196065, 3015484.395807103253901 ], [ 319524.010842726798728, 3015407.127246463205665 ] ] ] } },
{ "type": "Feature", "properties": { "t": "river" }, "geometry": { "type": "Polygon", "coordinates": [ [ [ 318305.021432380541228, 3010626.45106332981959 ], [ 318794.314166332711466, 3010885.261780636850744 ], [ 318181.437652909371536, 3010306.884715571068227 ], [ 318272.815303942596074, 3010543.170039332937449 ], [ 318324.347383815213107, 3010592.922233045566827 ], [ 318286.896170891413931, 3010579.581269318237901 ], [ 318305.021432380541228, 3010626.45106332981959 ] ] ] } },
{ "type": "Feature", "properties": { "t": "river" }, "geometry": { "type": "Polygon", "coordinates": [ [ [ 317793.276552458410151, 3009514.676172832027078 ], [ 318183.548061208159197, 3010450.919183509424329 ], [ 318158.707598280743696, 3009431.743973354808986 ], [ 318017.408477782388218, 3009932.502497353591025 ], [ 317864.41543569881469, 3009635.533730184659362 ], [ 318152.053736968897283, 3008977.482022300828248 ], [ 317925.775731360015925, 3009316.279155367519706 ], [ 317844.438587419514079, 3009624.744913722854108 ], [ 317841.758069801668171, 3009442.081640868447721 ], [ 317793.276552458410151, 3009514.676172832027078 ] ] ] } },
{ "type": "Feature", "properties": { "t": "river" }, "geometry": { "type": "Polygon", "coordinates": [ [ [ 318168.452583202393726, 3009420.519286822061986 ], [ 318283.772044910932891, 3009175.02817942108959 ], [ 318167.641133925761096, 3009365.121477672364563 ], [ 318168.452583202393726, 3009420.519286822061986 ] ] ] } },
{ "type": "Feature", "properties": { "t": "river" }, "geometry": { "type": "Polygon", "coordinates": [ [ [ 318652.488382007577457, 3008637.705448082182556 ], [ 318556.356628046371043, 3008162.588082040660083 ], [ 318979.242484874208458, 3007258.78627008991316 ], [ 319497.818644818617031, 3006796.8866510046646 ], [ 319602.156919539673254, 3006473.999046307522804 ], [ 319204.085566992056556, 3007044.957303652074188 ], [ 319559.301480850903317, 3006252.985075126867741 ], [ 319331.377123134210706, 3006256.296172213740647 ], [ 318515.428344984306023, 3008074.530905894935131 ], [ 318583.295026878186036, 3008649.79807037813589 ], [ 318161.474571500439197, 3008944.098244024906307 ], [ 318652.488382007577457, 3008637.705448082182556 ] ], [ [ 319239.531541427655611, 3006756.313886747695506 ], [ 319201.022523801133502, 3006834.446965700946748 ], [ 319228.332777731062379, 3006667.822137964423746 ], [ 319239.531541427655611, 3006756.313886747695506 ] ] ] } },
{ "type": "Feature", "properties": { "t": "river" }, "geometry": { "type": "MultiPolygon", "coordinates": [ [ [ [ 320109.917602950183209, 3005945.795693475753069 ], [ 320086.796171422058251, 3005853.352747878059745 ], [ 319348.942168625013437, 3006100.895421131979674 ], [ 319743.569769237248693, 3005973.266458384227008 ], [ 319499.842969222052488, 3006253.848436183296144 ], [ 320109.917602950183209, 3005945.795693475753069 ] ] ], [ [ [ 319888.967685501440428, 3005062.453417954500765 ], [ 320598.702815623546485, 3004099.165827238932252 ], [ 319858.433083084062673, 3005007.486905290279537 ], [ 319962.620584949385375, 3005356.90048904158175 ], [ 319888.967685501440428, 3005062.453417954500765 ] ] ] ] } },
{ "type": "Feature", "properties": { "t": "river" }, "geometry": { "type": "Polygon", "coordinates": [ [ [ 327877.316835433011875, 3012130.015619557350874 ], [ 328691.475352617446333, 3012610.526175216306001 ], [ 328696.236450761556625, 3012606.254683350212872 ], [ 327896.357397302635945, 3012074.344404008705169 ], [ 328215.694191800663248, 3011526.929695269558579 ], [ 328119.829682682058774, 3011294.274147194810212 ], [ 327877.316835433011875, 3012130.015619557350874 ] ] ] } },
{ "type": "Feature", "properties": { "t": "river" }, "geometry": { "type": "Polygon", "coordinates": [ [ [ 327461.414190500741825, 3009887.496571659576148 ], [ 327155.462905931519344, 3009380.785120833665133 ], [ 327868.15708467119839, 3010756.051794643048197 ], [ 328046.541407226934098, 3010044.371618702542037 ], [ 327896.716841731104068, 3009957.797618743497878 ], [ 327865.390333691495471, 3010556.625573170371354 ], [ 327473.332615481049288, 3009907.236599564086646 ], [ 327429.727571422641631, 3009864.549897513352334 ], [ 327461.414190500741825, 3009887.496571659576148 ] ] ] } },
{ "type": "Feature", "properties": { "t": "river" }, "geometry": { "type": "Polygon", "coordinates": [ [ [ 331348.838645739946514, 3006608.23028598446399 ], [ 331340.88454961165553, 3006752.392582265660167 ], [ 331430.665379658050369, 3006795.498695787973702 ], [ 331348.838645739946514, 3006608.23028598446399 ] ] ] } },
{ "type": "Feature", "properties": { "t": "river" }, "geometry": { "type": "Polygon", "coordinates": [ [ [ 331474.950784932589158, 3006407.059691125061363 ], [ 331471.64567065180745, 3006163.3205361883156 ], [ 331348.838645739946514, 3006608.23028598446399 ], [ 331474.950784932589158, 3006407.059691125061363 ] ] ] } },
{ "type": "Feature", "properties": { "t": "river" }, "geometry": { "type": "MultiPolygon", "coordinates": [ [ [ [ 331409.174485351599287, 3004479.843782452400774 ], [ 330995.912629852071404, 3003975.722734844312072 ], [ 331340.400855728192255, 3004525.100530908908695 ], [ 331181.680420955701265, 3004516.172948683612049 ], [ 331189.960846235160716, 3004766.870413356926292 ], [ 331409.174485351599287, 3004479.843782452400774 ] ] ], [ [ [ 331231.548211265122518, 3005269.00975979026407 ], [ 331283.160283586941659, 3005342.576129907742143 ], [ 331388.456075318274088, 3005144.988998498301953 ], [ 331316.740841414022725, 3005100.192043500952423 ], [ 331231.548211265122518, 3005269.00975979026407 ] ] ], [ [ [ 331482.608531703532208, 3005626.873636264819652 ], [ 331483.65411567594856, 3005586.941402886994183 ], [ 331433.020565945305862, 3005556.188524635974318 ], [ 331482.608531703532208, 3005626.873636264819652 ] ] ] ] } },
{ "type": "Feature", "properties": { "t": "river" }, "geometry": { "type": "Polygon", "coordinates": [ [ [ 330857.308161715976894, 3003988.687716929242015 ], [ 330568.227014095580671, 3003870.729677649214864 ], [ 330780.129667955334298, 3004144.872741794679314 ], [ 330857.308161715976894, 3003988.687716929242015 ] ] ] } },
{ "type": "Feature", "properties": { "t": "river" }, "geometry": { "type": "MultiPolygon", "coordinates": [ [ [ [ 330269.467609656217974, 3003043.718605883885175 ], [ 330240.695041163940914, 3002995.403811872471124 ], [ 329971.960584348067641, 3003036.698948245029896 ], [ 329998.737510997336358, 3003087.852214572019875 ], [ 330269.467609656217974, 3003043.718605883885175 ] ] ], [ [ [ 330096.378144063521177, 3002753.073655079118907 ], [ 330028.254043262684718, 3002803.22631861967966 ], [ 330198.052494627307169, 3002923.799363614059985 ], [ 330096.378144063521177, 3002753.073655079118907 ] ] ], [ [ [ 330449.793227075249888, 3002453.962234999518842 ], [ 330141.150666828267276, 3002358.440449818503112 ], [ 330253.147083934512921, 3002581.726609277538955 ], [ 330449.793227075249888, 3002453.962234999518842 ] ] ], [ [ [ 330409.648112756491173, 3003872.890547547489405 ], [ 330384.992194755701348, 3003518.631053492426872 ], [ 330034.316946755978279, 3003155.822030804120004 ], [ 330409.648112756491173, 3003872.890547547489405 ] ] ] ] } },
{ "type": "Feature", "properties": { "t": "river" }, "geometry": { "type": "Polygon", "coordinates": [ [ [ 330509.116230632644147, 3002442.073183254338801 ], [ 330477.417705458356068, 3002298.450718727894127 ], [ 330459.705539548303932, 3002453.827212222386152 ], [ 330509.116230632644147, 3002442.073183254338801 ] ] ] } },
{ "type": "Feature", "properties": { "t": "river" }, "geometry": { "type": "Polygon", "coordinates": [ [ [ 330384.58274598303251, 3002033.769206824246794 ], [ 330227.491278842790052, 3002146.721582234371454 ], [ 330457.441930485656485, 3002287.641697781160474 ], [ 330384.58274598303251, 3002033.769206824246794 ] ] ] } },
{ "type": "Feature", "properties": { "t": "river" }, "geometry": { "type": "Polygon", "coordinates": [ [ [ 330570.962872758274898, 3001887.177145826164633 ], [ 330460.413770699989982, 3001777.871327689383179 ], [ 330452.009742348047439, 3001888.796595091465861 ], [ 330570.962872758274898, 3001887.177145826164633 ] ] ] } },
{ "type": "Feature", "properties": { "t": "river" }, "geometry": { "type": "Polygon", "coordinates": [ [ [ 330427.808261176454835, 3001567.77484141336754 ], [ 330309.304989766387735, 3001602.632586252875626 ], [ 330450.802680231630802, 3001800.164375348482281 ], [ 330427.808261176454835, 3001567.77484141336754 ] ] ] } },
{ "type": "Feature", "properties": { "t": "river" }, "geometry": { "type": "Polygon", "coordinates": [ [ [ 330567.645862421486527, 3001643.438653301913291 ], [ 330575.297493119258434, 3001477.118467189837247 ], [ 330497.350215196609497, 3001577.909004998393357 ], [ 330567.645862421486527, 3001643.438653301913291 ] ] ] } },
{ "type": "Feature", "properties": { "t": "river" }, "geometry": { "type": "Polygon", "coordinates": [ [ [ 305707.866301463101991, 3004732.903450176585466 ], [ 305377.51974333380349, 3003895.784248987212777 ], [ 305689.348200871725567, 3003547.34742166288197 ], [ 305357.521827059215866, 3003885.014428818132728 ], [ 305697.781596614047885, 3004721.978328447323292 ], [ 305573.607859568088315, 3005023.151472529396415 ], [ 305707.866301463101991, 3004732.903450176585466 ] ] ] } },
{ "type": "Feature", "properties": { "t": "river" }, "geometry": { "type": "Polygon", "coordinates": [ [ [ 301887.082409304333851, 3005114.586435262579471 ], [ 301877.197763042873703, 3004494.099600709509104 ], [ 301578.601125390850939, 3004421.278872517403215 ], [ 301848.697507161414251, 3004572.134137134067714 ], [ 301753.640650656190701, 3004828.556566215585917 ], [ 301887.082409304333851, 3005114.586435262579471 ] ] ] } },
{ "type": "Feature", "properties": { "t": "river" }, "geometry": { "type": "Polygon", "coordinates": [ [ [ 305827.60505240841303, 3003511.941100172698498 ], [ 305763.113995654275641, 3003191.550845118705183 ], [ 305689.348200871725567, 3003547.34742166288197 ], [ 305827.60505240841303, 3003511.941100172698498 ] ] ] } },
{ "type": "Feature", "properties": { "t": "river" }, "geometry": { "type": "MultiPolygon", "coordinates": [ [ [ [ 305504.904389398347121, 3002530.624303199816495 ], [ 305216.928482946939766, 3001870.167299053166062 ], [ 305433.605760200996883, 3002409.829347507096827 ], [ 305305.563581720460206, 3003098.956996202003211 ], [ 305389.090043588192202, 3003135.58133573224768 ], [ 305504.904389398347121, 3002530.624303199816495 ] ] ], [ [ [ 305525.206118930422235, 3003195.26658600429073 ], [ 305682.946320728282444, 3003137.389166321605444 ], [ 305424.411705440841615, 3003151.069262105971575 ], [ 305525.206118930422235, 3003195.26658600429073 ] ] ] ] } },
{ "type": "Feature", "properties": { "t": "river" }, "geometry": { "type": "MultiPolygon", "coordinates": [ [ [ [ 308329.499869834457058, 3003085.262474345508963 ], [ 308555.031099754734896, 3002872.076644951943308 ], [ 308446.747856469475664, 3002972.632495030760765 ], [ 308329.499869834457058, 3003085.262474345508963 ] ] ], [ [ [ 308818.160654240346048, 3002623.365651366766542 ], [ 308607.462922991369851, 3001817.585370489396155 ], [ 308797.907947876374237, 3002642.508005703799427 ], [ 308818.160654240346048, 3002623.365651366766542 ] ] ] ] } },
{ "type": "Feature", "properties": { "t": "river" }, "geometry": { "type": "MultiPolygon", "coordinates": [ [ [ [ 347065.872377559833694, 2998482.544264051597565 ], [ 346973.365046356862877, 2997408.909099831711501 ], [ 346929.241630838019773, 2998661.503214741591364 ], [ 347285.997516887378879, 2998756.459923202171922 ], [ 347065.872377559833694, 2998482.544264051597565 ] ], [ [ 346984.786000525811687, 2998339.497873686254025 ], [ 346945.126257961848751, 2998339.984743657056242 ], [ 346954.497158737212885, 2998295.549236109945923 ], [ 346984.786000525811687, 2998339.497873686254025 ] ] ], [ [ [ 347247.868980603874661, 2998768.395410226657987 ], [ 347621.481273795827292, 2999317.826699658762664 ], [ 347003.540260062087327, 2999059.475320120342076 ], [ 347095.216234947787598, 2999257.792346260044724 ], [ 347453.212213868624531, 2999342.045665325596929 ], [ 348448.859687216754537, 3000493.303233184851706 ], [ 348517.502212477149442, 3001245.913016654551029 ], [ 348679.688982589053921, 3000723.178013327997178 ], [ 348894.179480713733938, 3001241.336290835402906 ], [ 348837.893168339389376, 3000688.016698710154742 ], [ 347301.022186628193595, 2998775.156629917211831 ], [ 347247.868980603874661, 2998768.395410226657987 ] ], [ [ 348759.665435778675601, 3000777.606844381429255 ], [ 348730.195769269019365, 3000800.12486767815426 ], [ 348709.427906409953721, 3000722.816723765805364 ], [ 348759.665435778675601, 3000777.606844381429255 ] ], [ [ 347742.616719026991632, 2999493.627450163476169 ], [ 347723.059518899128307, 2999516.026623871643096 ], [ 347661.95041399897309, 2999383.812457234598696 ], [ 347742.616719026991632, 2999493.627450163476169 ] ], [ [ 347701.200525706401095, 2999350.092404903843999 ], [ 347671.458211725286674, 2999350.455948846414685 ], [ 347670.374816067633219, 2999261.828460965305567 ], [ 347701.200525706401095, 2999350.092404903843999 ] ] ] ] } },
{ "type": "Feature", "properties": { "t": "river" }, "geometry": { "type": "Polygon", "coordinates": [ [ [ 339334.917811279883608, 3001095.076112327165902 ], [ 339190.699402945348993, 3000675.87590377451852 ], [ 338728.372684228117578, 3000194.307726582046598 ], [ 339315.625158407725394, 3001124.641921024769545 ], [ 339334.917811279883608, 3001095.076112327165902 ] ] ] } },
{ "type": "Feature", "properties": { "t": "river" }, "geometry": { "type": "MultiPolygon", "coordinates": [ [ [ [ 344910.48519682668848, 2997401.152891767211258 ], [ 344526.50497129757423, 2996829.762421307154 ], [ 344851.266293283901177, 2997424.049926106352359 ], [ 345109.510445026156958, 2997429.200740594416857 ], [ 344910.48519682668848, 2997401.152891767211258 ] ] ], [ [ [ 345865.279031930665951, 2997803.506625131703913 ], [ 345705.252894191478845, 2997513.176030225120485 ], [ 345657.247280758747365, 2997506.408113865181804 ], [ 345665.727441831957549, 2997524.745320449583232 ], [ 345643.385368706542067, 2997504.453872540500015 ], [ 345588.941409751423635, 2997496.778560814913362 ], [ 345865.279031930665951, 2997803.506625131703913 ] ] ], [ [ [ 346194.324181487900205, 2998570.828664966393262 ], [ 346510.834480210498441, 2998803.720622241962701 ], [ 346531.941434231353924, 2998779.543353731743991 ], [ 346477.137241512245964, 2998733.815107909496874 ], [ 346473.984754632867407, 2998733.583218947984278 ], [ 346453.916640613926575, 2998714.440165830776095 ], [ 346293.60858532844577, 2998580.684135606046766 ], [ 346132.908235355746001, 2998289.090968149248511 ], [ 346194.324181487900205, 2998570.828664966393262 ] ] ], [ [ [ 346798.045506918919273, 2999015.067998510785401 ], [ 346934.820060541504063, 2999115.719788010697812 ], [ 346818.785890467697755, 2999018.893584314733744 ], [ 346798.045506918919273, 2999015.067998510785401 ] ] ] ] } },
{ "type": "Feature", "properties": { "t": "river" }, "geometry": { "type": "MultiPolygon", "coordinates": [ [ [ [ 346585.563195531780366, 2997325.03291724761948 ], [ 346579.796984289423563, 2997700.109764025080949 ], [ 346914.006984461855609, 2997420.717730978038162 ], [ 346299.867372072651051, 2996674.823123740032315 ], [ 346373.597979515092447, 2996842.618656105361879 ], [ 346381.38062885554973, 2996851.10096350312233 ], [ 346441.013860789011233, 2996861.446791620925069 ], [ 346521.569777069031261, 2996960.176363822072744 ], [ 346572.921670310315676, 2997103.586076238192618 ], [ 346543.991737943142653, 2997170.422707759775221 ], [ 346509.380352387321182, 2997151.643083947710693 ], [ 346585.563195531780366, 2997325.03291724761948 ] ], [ [ 346724.792250660306308, 2997356.561268955469131 ], [ 346646.828779550560284, 2997468.320912474766374 ], [ 346684.175970708718523, 2997279.499743495136499 ], [ 346724.792250660306308, 2997356.561268955469131 ] ], [ [ 346664.07196841010591, 2997257.586682852823287 ], [ 346664.208179579582065, 2997268.665122048463672 ], [ 346584.064096924324986, 2997203.170059019234031 ], [ 346664.07196841010591, 2997257.586682852823287 ] ], [ [ 346614.492926707316656, 2997258.196362589951605 ], [ 346634.86949747626204, 2997302.266228374559432 ], [ 346554.725452699116431, 2997236.771353924181312 ], [ 346614.492926707316656, 2997258.196362589951605 ] ], [ [ 346410.719812181603629, 2996817.499298198148608 ], [ 346371.055141461081803, 2996817.987765910569578 ], [ 346340.624269754975103, 2996762.961985698901117 ], [ 346410.719812181603629, 2996817.499298198148608 ] ] ], [ [ [ 346569.040258353459649, 2998400.008592215366662 ], [ 346829.82253221841529, 2998640.564283133950084 ], [ 346578.049494178441819, 2997813.79431969858706 ], [ 346569.040258353459649, 2998400.008592215366662 ] ], [ [ 346708.53003560192883, 2998453.693147774320096 ], [ 346658.683202145621181, 2998432.145964468363672 ], [ 346677.014112748089246, 2998310.039059091359377 ], [ 346708.53003560192883, 2998453.693147774320096 ] ] ] ] } },
{ "type": "Feature", "properties": { "t": "river" }, "geometry": { "type": "Polygon", "coordinates": [ [ [ 346923.663984106504358, 2998207.28688731463626 ], [ 346919.583275249984581, 2997874.933632740285248 ], [ 346902.065310545789544, 2998063.510626062285155 ], [ 346923.663984106504358, 2998207.28688731463626 ] ] ] } },
{ "type": "Feature", "properties": { "t": "river" }, "geometry": { "type": "Polygon", "coordinates": [ [ [ 339461.128992103680503, 2997037.974658403545618 ], [ 339577.701791108003817, 2996848.106401643250138 ], [ 338646.991544931312092, 2996970.916495679412037 ], [ 339461.128992103680503, 2997037.974658403545618 ] ] ] } },
{ "type": "Feature", "properties": { "t": "river" }, "geometry": { "type": "MultiPolygon", "coordinates": [ [ [ [ 342728.495324764051475, 2992663.954811532981694 ], [ 342851.571999160922132, 2992983.733400153461844 ], [ 343216.036184615688398, 2993133.675169981550425 ], [ 342728.495324764051475, 2992663.954811532981694 ] ] ], [ [ [ 343609.464118241972756, 2993295.548486611340195 ], [ 343664.051769593555946, 2993693.752958683762699 ], [ 342813.846258059842512, 2993139.331635172013193 ], [ 343225.54031217598822, 2993533.046418695710599 ], [ 342740.629924177541398, 2993627.784858439583331 ], [ 343525.050379532855004, 2993684.413560448214412 ], [ 343672.373627689550631, 2994358.462281115818769 ], [ 344691.749478265526704, 2994966.230544934049249 ], [ 344386.953867758798879, 2995978.325525591615587 ], [ 344493.856009143288247, 2996597.484774248674512 ], [ 344720.675715380290058, 2994899.389580025337636 ], [ 345299.200412019505166, 2995158.130095025524497 ], [ 345207.307935515651479, 2995746.518086885567755 ], [ 345614.683296546689235, 2996605.723351564723998 ], [ 345643.054935002583079, 2996608.538012577220798 ], [ 345634.378936557332054, 2996594.399453049059957 ], [ 345670.809782632568385, 2996611.291547143366188 ], [ 346210.484215602336917, 2996664.844653387088329 ], [ 345583.151486012036912, 2996462.071549591608346 ], [ 345277.580121457693167, 2995014.35607076715678 ], [ 344698.772831227281131, 2994733.459334283601493 ], [ 344603.444657860905863, 2994247.117617822717875 ], [ 343557.232507175882347, 2993085.678417205344886 ], [ 342837.053556009836029, 2992618.267743752803653 ], [ 343229.797391131520271, 2993139.336850974708796 ], [ 343609.464118241972756, 2993295.548486611340195 ] ], [ [ 345931.8700255669537, 2996590.721702546812594 ], [ 345882.561935492558405, 2996613.49107673112303 ], [ 345783.39842928154394, 2996614.716605300549418 ], [ 345812.73668849398382, 2996581.113494371064007 ], [ 345911.900450804736465, 2996579.888211752288043 ], [ 345931.8700255669537, 2996590.721702546812594 ] ], [ [ 345419.683603986399248, 2996076.290243903174996 ], [ 345369.962334337062202, 2996065.82618491537869 ], [ 345359.496311367489398, 2996021.635236773174256 ], [ 345419.683603986399248, 2996076.290243903174996 ] ], [ [ 344689.26843496033689, 2994766.81812079437077 ], [ 344580.447790332487784, 2994790.33284997753799 ], [ 344560.336201295605861, 2994768.422882609069347 ], [ 344589.676041279104538, 2994734.817025880794972 ], [ 344689.26843496033689, 2994766.81812079437077 ] ], [ [ 344524.272164185415022, 2995854.73144016880542 ], [ 344526.894941324833781, 2996065.22271185927093 ], [ 344478.139300529961474, 2996132.311610782053322 ], [ 344425.930866473121569, 2995922.438420455437154 ], [ 344464.355869805556722, 2995822.237504360731691 ], [ 344463.66543643141631, 2995766.845066013280302 ], [ 344590.241964556276798, 2995576.90461715683341 ], [ 344647.952502586878836, 2995432.143536888994277 ], [ 344524.272164185415022, 2995854.73144016880542 ] ], [ [ 343810.616288494085893, 2993514.635706843342632 ], [ 343991.370498820324428, 2993689.659788192249835 ], [ 344072.65700676839333, 2993843.767412414308637 ], [ 344053.511506611597724, 2993899.407494124025106 ], [ 344194.444977727718651, 2994063.851244118530303 ], [ 344324.904000130132772, 2994184.106215432286263 ], [ 344434.695853360462934, 2994238.138776058796793 ], [ 344486.771115974930581, 2994436.933414617553353 ], [ 344468.038954903138801, 2994525.808269178960472 ], [ 344638.851875238411594, 2994700.964372251182795 ], [ 344579.482296626491006, 2994712.783560615964234 ], [ 344519.560900553129613, 2994680.28915225667879 ], [ 344389.108706123486627, 2994560.032409348525107 ], [ 343931.355276729911566, 2994443.864036047831178 ], [ 343780.919635987025686, 2994312.782772487960756 ], [ 343739.998786897573154, 2994213.572814418002963 ], [ 343836.826770840969402, 2994023.9977191016078 ], [ 343835.441315405187197, 2993913.212892662268132 ], [ 343775.236897625611164, 2993858.564844218548387 ], [ 343774.405344404047355, 2993792.093948419205844 ], [ 343754.013570765033364, 2993748.028197369072586 ], [ 343731.542383234540466, 2993537.785257240291685 ], [ 343760.883244115044363, 2993504.177537969779223 ], [ 343810.616288494085893, 2993514.635706843342632 ] ], [ [ 344511.732386335032061, 2995644.363783619832247 ], [ 344501.67716975370422, 2995633.408869635779411 ], [ 344540.241830977261998, 2995544.286776820663363 ], [ 344617.924636230745818, 2995410.356967103201896 ], [ 344511.732386335032061, 2995644.363783619832247 ] ], [ [ 344549.866519764764234, 2994724.232497937511653 ], [ 344510.194911697180942, 2994724.726565472315997 ], [ 344490.083095397916622, 2994702.816702137701213 ], [ 344549.866519764764234, 2994724.232497937511653 ] ], [ [ 344516.663478441187181, 2994447.641296878922731 ], [ 344486.219145903829485, 2994392.619541525840759 ], [ 344495.723366981837898, 2994359.260604058858007 ], [ 344516.663478441187181, 2994447.641296878922731 ] ], [ [ 344495.30942507868167, 2994326.025203018914908 ], [ 344475.334987326292321, 2994315.193810041062534 ], [ 344484.563281118113082, 2994259.677936242427677 ], [ 344495.30942507868167, 2994326.025203018914908 ] ], [ [ 344330.014893674873747, 2994594.009713034145534 ], [ 344390.21341528405901, 2994648.660200344398618 ], [ 344240.752762534306385, 2994595.123070045374334 ], [ 344240.476322890841402, 2994572.966113498900086 ], [ 344330.014893674873747, 2994594.009713034145534 ] ], [ [ 344071.412065291544423, 2993744.061156639829278 ], [ 344031.460550301359035, 2993722.39964858815074 ], [ 344031.183833309565671, 2993700.24270253861323 ], [ 344071.412065291544423, 2993744.061156639829278 ] ], [ [ 343711.491824940079823, 2994313.651640498545021 ], [ 343811.921707456116565, 2994412.116917556151748 ], [ 343782.167173314315733, 2994412.489179752767086 ], [ 343701.573565095022786, 2994313.775796040892601 ], [ 343680.627450220054016, 2994225.396198007278144 ], [ 343711.491824940079823, 2994313.651640498545021 ] ], [ [ 343795.767020735307597, 2993913.709106942173094 ], [ 343796.875663093756884, 2994002.336976967286319 ], [ 343786.957159178156871, 2994002.461052758619189 ], [ 343786.54138830897864, 2993969.225599465426058 ], [ 343786.264210106164683, 2993947.068631332367659 ], [ 343795.767020735307597, 2993913.709106942173094 ] ], [ [ 343747.837649425142445, 2994047.271379552781582 ], [ 343718.082238297793083, 2994047.643752615898848 ], [ 343745.896902178879827, 2993892.1725830049254 ], [ 343786.54138830897864, 2993969.225599465426058 ], [ 343747.837649425142445, 2994047.271379552781582 ] ], [ [ 343710.179701362969354, 2993416.170205725356936 ], [ 343720.653152326704003, 2993460.360007805284113 ], [ 343701.231193890853319, 2993493.843687622342259 ], [ 343681.116057132487185, 2993471.934998237062246 ], [ 343659.891482744948007, 2993361.39849402802065 ], [ 343710.179701362969354, 2993416.170205725356936 ] ], [ [ 343659.26495137141319, 2994103.78116001188755 ], [ 343639.289366763783619, 2994092.951055305078626 ], [ 343668.767278924235143, 2994070.421510369516909 ], [ 343659.26495137141319, 2994103.78116001188755 ] ], [ [ 343497.439460332854651, 2993064.266959338448942 ], [ 343528.307421110919677, 2993152.522019136231393 ], [ 343359.542241481889505, 2993143.556966679170728 ], [ 343299.054196075070649, 2993066.75401154672727 ], [ 343318.614817343070172, 2993044.348191258031875 ], [ 343497.439460332854651, 2993064.266959338448942 ] ], [ [ 343238.982494531082921, 2993023.186786238569766 ], [ 343280.188610789307859, 2993144.552309701684862 ], [ 343219.97814702836331, 2993089.906695378478616 ], [ 343219.004846602852922, 2993012.357267734128982 ], [ 343238.982494531082921, 2993023.186786238569766 ] ] ] ] } },
{ "type": "Feature", "properties": { "t": "river" }, "geometry": { "type": "Polygon", "coordinates": [ [ [ 338638.966563517809846, 2996350.510133118368685 ], [ 338740.13979726145044, 2996504.329405873548239 ], [ 339516.920545628585387, 2996749.163830272853374 ], [ 338638.966563517809846, 2996350.510133118368685 ] ] ] } },
{ "type": "Feature", "properties": { "t": "river" }, "geometry": { "type": "MultiPolygon", "coordinates": [ [ [ [ 339025.131179490243085, 2994714.208389987703413 ], [ 338924.369712754967622, 2994640.424179165158421 ], [ 338626.502236000727862, 2995386.665435466915369 ], [ 339025.131179490243085, 2994714.208389987703413 ] ] ], [ [ [ 339405.858347418601625, 2995055.278960511088371 ], [ 339651.527195811853744, 2994874.833309652283788 ], [ 339601.052243982907385, 2994797.2370590060018 ], [ 339415.063552270061336, 2994999.758172858506441 ], [ 339268.071442729211412, 2994892.112087185960263 ], [ 339405.858347418601625, 2995055.278960511088371 ] ] ], [ [ [ 338752.804681808047462, 2993493.373235243372619 ], [ 338701.34838871541433, 2993502.012505897786468 ], [ 338907.161734469351359, 2994075.541242408566177 ], [ 339562.50184503942728, 2994737.973431615158916 ], [ 338752.804681808047462, 2993493.373235243372619 ] ] ], [ [ [ 339355.295851799077354, 2993438.181962617207319 ], [ 339626.442715844255872, 2992811.027453216258436 ], [ 339344.806729689764325, 2993393.995070965494961 ], [ 338792.634311095112935, 2993486.686181698925793 ], [ 339355.295851799077354, 2993438.181962617207319 ] ] ], [ [ [ 339721.419844662421383, 2992591.366025154478848 ], [ 339021.896180463139899, 2992201.46299046324566 ], [ 339669.704186471586581, 2992710.971941937692463 ], [ 339721.419844662421383, 2992591.366025154478848 ] ] ] ] } },
{ "type": "Feature", "properties": { "t": "river" }, "geometry": { "type": "Polygon", "coordinates": [ [ [ 341701.627529190503992, 2993053.65402761939913 ], [ 342072.424732239800505, 2993348.128794215153903 ], [ 342361.207196704228409, 2994219.823847004212439 ], [ 342193.973341847071424, 2993546.037858993280679 ], [ 342741.048423241474666, 2993661.020396932493895 ], [ 342129.558933510561474, 2993159.041479382663965 ], [ 342539.878622859250754, 2993441.949565772898495 ], [ 342307.965310945641249, 2993145.70768704591319 ], [ 342655.417686892556958, 2993163.486775646917522 ], [ 341587.598074785724748, 2992667.288341728504747 ], [ 341482.217514245887287, 2992181.09089192096144 ], [ 341407.497465155436657, 2992547.689619534648955 ], [ 341798.295551702321973, 2992852.98382413899526 ], [ 341649.081842686980963, 2992821.633327745832503 ], [ 341676.749909026897512, 2992943.803495049942285 ], [ 341779.719374665175565, 2992952.941870457492769 ], [ 341979.509026319603436, 2993061.21605621650815 ], [ 342051.185635270900093, 2993237.594343572389334 ], [ 341940.252276349987369, 2993094.953628134913743 ], [ 341811.161110037472099, 2993085.507412010803819 ], [ 341695.393381130648777, 2993026.126137813087553 ], [ 341701.627529190503992, 2993053.65402761939913 ] ], [ [ 342370.416737847437616, 2993377.605407396331429 ], [ 342142.138384569901973, 2993369.40812740335241 ], [ 342069.483232311496977, 2993115.47969532944262 ], [ 342370.416737847437616, 2993377.605407396331429 ] ], [ [ 342177.755428404547274, 2993047.629525029566139 ], [ 342148.137447191227693, 2993059.084047986194491 ], [ 342117.959438831720036, 2993026.224545802921057 ], [ 342177.755428404547274, 2993047.629525029566139 ] ], [ [ 342118.519516728585586, 2993070.53864393895492 ], [ 341908.952146941446699, 2992973.466358028817922 ], [ 341868.292928090086207, 2992896.418832062743604 ], [ 342118.519516728585586, 2993070.53864393895492 ] ], [ [ 341465.469731735996902, 2992425.070364822167903 ], [ 341445.489456694864202, 2992414.243568746373057 ], [ 341474.686806737794541, 2992369.551824762485921 ], [ 341465.469731735996902, 2992425.070364822167903 ] ] ] } },
{ "type": "Feature", "properties": { "t": "river" }, "geometry": { "type": "Polygon", "coordinates": [ [ [ 342403.801946187042631, 2992091.87233006907627 ], [ 342367.755289525201079, 2992380.413960220757872 ], [ 342730.168847271474078, 2992796.896821524016559 ], [ 342669.904820496565662, 2992666.707084959372878 ], [ 342578.584475144627504, 2992577.200701534748077 ], [ 342647.795830286922865, 2992618.945232798811048 ], [ 342422.840959724853747, 2992132.998556316364557 ], [ 342415.817654211074114, 2992257.924778632819653 ], [ 342394.999669989920221, 2992180.625466238707304 ], [ 342419.101162726583425, 2992124.920188467018306 ], [ 342403.801946187042631, 2992091.87233006907627 ] ], [ [ 342506.493480602861382, 2992367.584205047227442 ], [ 342477.571919494250324, 2992434.430368625093251 ], [ 342427.414075274486095, 2992390.741740181110799 ], [ 342475.47696312336484, 2992268.252812766004354 ], [ 342506.493480602861382, 2992367.584205047227442 ] ] ] } },
{ "type": "Feature", "properties": { "t": "river" }, "geometry": { "type": "Polygon", "coordinates": [ [ [ 341601.819693288183771, 2992223.895497035235167 ], [ 341763.906805817969143, 2992487.769193933811039 ], [ 341620.115161411697045, 2992101.78020681347698 ], [ 341601.819693288183771, 2992223.895497035235167 ] ] ] } },
{ "type": "Feature", "properties": { "t": "river" }, "geometry": { "type": "MultiPolygon", "coordinates": [ [ [ [ 341428.182024427282158, 2991663.393105508293957 ], [ 341476.315425707725808, 2991715.79263040330261 ], [ 341452.937115817505401, 2991868.772977074142545 ], [ 341481.233773734769784, 2992103.541163880378008 ], [ 341541.544874347222503, 2991382.556359464302659 ], [ 342237.249591724947095, 2991473.478818962350488 ], [ 342465.920361557626165, 2991985.290476900991052 ], [ 342475.333023107843474, 2991801.85895257210359 ], [ 342438.290885550668463, 2991517.435501604340971 ], [ 342426.438719692407176, 2991526.493659729138017 ], [ 342375.439054350252263, 2991416.334133288357407 ], [ 342433.333029022091068, 2991479.367932443041354 ], [ 342425.042111183633097, 2991415.708725379779935 ], [ 342235.851335215615109, 2991362.693831652868539 ], [ 342143.110115030431189, 2991336.707156981807202 ], [ 341788.720254960353486, 2991312.943701375741512 ], [ 341788.299606627435423, 2991279.708167315460742 ], [ 341956.954822056693956, 2991284.5476502222009 ], [ 341479.070605657761917, 2991150.662136423867196 ], [ 341311.566927321138792, 2990695.963289116043597 ], [ 341428.182024427282158, 2991663.393105508293957 ] ], [ [ 342346.236136092222296, 2991461.023454730864614 ], [ 342256.391689002746716, 2991417.835916043724865 ], [ 342235.851335215615109, 2991362.693831652868539 ], [ 342346.236136092222296, 2991461.023454730864614 ] ], [ [ 342156.625939617573749, 2991374.774264575913548 ], [ 342097.241960536804982, 2991386.604549338109791 ], [ 342087.041402510600165, 2991364.572868433315307 ], [ 342156.625939617573749, 2991374.774264575913548 ] ], [ [ 341709.073937568464316, 2991291.791429846547544 ], [ 341739.256928234535735, 2991324.650128268171102 ], [ 341550.763396816444583, 2991327.038002865388989 ], [ 341530.219741961569525, 2991271.896925415843725 ], [ 341709.073937568464316, 2991291.791429846547544 ] ] ], [ [ [ 338836.970321509928908, 2990940.675115341786295 ], [ 339348.313475563889369, 2990579.520774634554982 ], [ 339838.841053156880662, 2989365.467402738984674 ], [ 339931.601243522949517, 2990334.854273621924222 ], [ 340035.583117827947717, 2990005.610834729857743 ], [ 340708.106326093373355, 2990606.445279179140925 ], [ 340789.373796137515455, 2990817.627480177674443 ], [ 341089.058893680688925, 2990911.846765276510268 ], [ 339954.790863403351977, 2989895.840794504620135 ], [ 340029.632214733399451, 2989540.311856354121119 ], [ 340566.842226082168054, 2989644.256558529566973 ], [ 341032.41123696079012, 2990358.551053509116173 ], [ 341186.540609149262309, 2990356.592647877521813 ], [ 341129.65585266367998, 2990202.190924082417041 ], [ 341142.332027293392457, 2989790.035767408553511 ], [ 341133.948615480621811, 2989758.924308631569147 ], [ 341142.322886466281489, 2989636.934675956144929 ], [ 341145.484937993925996, 2989687.53089976683259 ], [ 341164.774843966704793, 2989060.474425793159753 ], [ 341832.829418575740419, 2990093.555280721746385 ], [ 341730.701884106150828, 2990648.86108671547845 ], [ 341885.099191639455967, 2990303.419351438526064 ], [ 342119.169075310812332, 2990765.832749715074897 ], [ 342072.068941825884394, 2990179.173904248978943 ], [ 341074.020057911868207, 2988919.178254069760442 ], [ 341157.524848005676176, 2989271.091953381430358 ], [ 341092.853264644858427, 2989648.643340277019888 ], [ 341095.949710175627843, 2989892.370624785777181 ], [ 341127.122611138620414, 2990002.777630214113742 ], [ 341069.281355463899672, 2990136.476209029089659 ], [ 341099.890979312651325, 2990202.569088446907699 ], [ 340949.657614787691273, 2990093.675747199449688 ], [ 340987.090810083667748, 2989915.914771975949407 ], [ 340813.907449109537993, 2989563.547687854152173 ], [ 340703.635222849843558, 2989476.308942618779838 ], [ 340404.272535563330166, 2989347.160705319605768 ], [ 340132.40564951125998, 2989040.38236677646637 ], [ 340028.78895691013895, 2988698.216064629610628 ], [ 339886.466899843420833, 2988434.107990934513509 ], [ 340052.32735298119951, 2988210.380269980058074 ], [ 340550.46537740516942, 2988359.148267167620361 ], [ 341067.92515163338976, 2988911.484667692799121 ], [ 340690.376082723611034, 2988434.928562358953059 ], [ 340342.111415873921942, 2987586.182564991060644 ], [ 340579.387959706014954, 2988292.29795118747279 ], [ 340121.365502992877737, 2988176.257155459374189 ], [ 340124.638219604908954, 2987655.440003919880837 ], [ 339882.992168419528753, 2987995.567178353667259 ], [ 339929.989639823907055, 2987957.096540244761854 ], [ 339930.698039220878854, 2988012.489171656779945 ], [ 339960.468261614907533, 2988012.108481559436768 ], [ 340008.669209811312612, 2987900.688922114204615 ], [ 340079.69067470805021, 2988021.664951740764081 ], [ 340060.976438563724514, 2988110.546734383329749 ], [ 339933.531758573139086, 2988234.059733518399298 ], [ 339767.815525279613212, 2988468.867693013045937 ], [ 339727.981428096536547, 2988458.297439120244235 ], [ 339726.988243549712934, 2988380.747668214142323 ], [ 339851.589785830001347, 2988039.769176476635039 ], [ 339695.657910291745793, 2988259.265035184565932 ], [ 339739.822346355766058, 2988624.58943703584373 ], [ 339749.813746718107723, 2988613.142835391685367 ], [ 339780.008107737987302, 2988645.997263733763248 ], [ 339751.090636569540948, 2988712.849706569686532 ], [ 339750.005278406315483, 2988708.823892215732485 ], [ 339806.662425345974043, 2989177.513232393190265 ], [ 339347.601786334940698, 2990524.127875920850784 ], [ 338807.064098347094841, 2990929.980222750920802 ], [ 338919.992722377297468, 2991037.015613951720297 ], [ 338836.970321509928908, 2990940.675115341786295 ] ], [ [ 340886.744735715503339, 2989828.548447706270963 ], [ 340907.575026353762951, 2989905.845662827137858 ], [ 340786.256237862398848, 2989730.104346912354231 ], [ 340886.744735715503339, 2989828.548447706270963 ] ], [ [ 340674.574097130796872, 2989532.080650290474296 ], [ 340755.502900016203057, 2989652.933614460285753 ], [ 340696.111542576516513, 2989664.77019113721326 ], [ 340486.194023100426421, 2989545.561782248318195 ], [ 340406.109937851084396, 2989491.181599534116685 ], [ 340395.622322834678926, 2989446.994067613966763 ], [ 340674.574097130796872, 2989532.080650290474296 ] ], [ [ 339953.657360197568778, 2989031.587301771622151 ], [ 340274.150628825300373, 2989260.178714119363576 ], [ 340345.021323463879526, 2989370.077420951798558 ], [ 340325.459507740510162, 2989392.487767597194761 ], [ 340065.213545465783682, 2989218.526680090930313 ], [ 339916.660344365867786, 2989242.587389828171581 ], [ 339876.687018443015404, 2989220.938234748318791 ], [ 339772.496858327940572, 2988834.459527938626707 ], [ 339830.898930998286232, 2988745.068949652835727 ], [ 339953.657360197568778, 2989031.587301771622151 ] ], [ [ 340247.495921372785233, 2989504.286573561374098 ], [ 340197.74332999845501, 2989493.841712355613708 ], [ 340217.163249807548709, 2989460.352607157081366 ], [ 340247.495921372785233, 2989504.286573561374098 ] ], [ [ 340216.73872968100477, 2989427.116997002623975 ], [ 340137.502099954406731, 2989439.209684719797224 ], [ 340037.854411971231457, 2989407.24245591275394 ], [ 340037.146101499558426, 2989351.849747722037137 ], [ 340086.616188155196141, 2989340.136923614423722 ], [ 340216.73872968100477, 2989427.116997002623975 ] ], [ [ 339969.53516127099283, 2988721.134421620517969 ], [ 340032.613202632172033, 2988997.336501080077142 ], [ 339962.304603637428954, 2988931.753527360036969 ], [ 339860.525638781255111, 2988733.609397171530873 ], [ 339867.754853521473706, 2988522.990206809714437 ], [ 339969.53516127099283, 2988721.134421620517969 ] ] ], [ [ [ 342477.838481631828472, 2992011.966819802299142 ], [ 342512.922750303638168, 2992090.496653575450182 ], [ 342496.944959877757356, 2991967.807884599082172 ], [ 342477.838481631828472, 2992011.966819802299142 ] ] ], [ [ [ 339964.857327123347204, 2990682.418300142511725 ], [ 340245.059746123268269, 2990867.201192000415176 ], [ 339945.917477495037019, 2990484.473795341793448 ], [ 339964.857327123347204, 2990682.418300142511725 ] ] ], [ [ [ 338619.368732518516481, 2991763.436167341191322 ], [ 338691.100001058657654, 2991939.797581361141056 ], [ 338841.619492405268829, 2992070.821156446821988 ], [ 338669.114152514841408, 2991773.874400462023914 ], [ 339139.165821299189702, 2991291.356930436566472 ], [ 339099.621654169226531, 2991245.466550887562335 ], [ 338619.368732518516481, 2991763.436167341191322 ] ] ] ] } },
{ "type": "Feature", "properties": { "t": "river" }, "geometry": { "type": "Polygon", "coordinates": [ [ [ 342748.130554167437367, 2990281.456773541402072 ], [ 342839.512551778927445, 2990446.51121773198247 ], [ 342998.254338637168985, 2990444.517097422387451 ], [ 342748.130554167437367, 2990281.456773541402072 ] ] ] } },
{ "type": "Feature", "properties": { "t": "river" }, "geometry": { "type": "MultiPolygon", "coordinates": [ [ [ [ 341971.985170813975856, 2988540.561615698039532 ], [ 341954.568580278253648, 2988513.719680099748075 ], [ 341723.099000069312751, 2989263.923625271301717 ], [ 341780.050485606538132, 2989321.329849859699607 ], [ 341971.985170813975856, 2988540.561615698039532 ] ] ], [ [ [ 341994.500509949284606, 2989537.499013389460742 ], [ 342214.514376149338204, 2989474.455800620839 ], [ 341862.857498693105299, 2989404.79940712172538 ], [ 341994.500509949284606, 2989537.499013389460742 ] ] ], [ [ [ 342698.662413081969135, 2990293.159149329178035 ], [ 342500.528150590020232, 2989531.117378531489521 ], [ 342473.433228583424352, 2989525.749361081514508 ], [ 342698.662413081969135, 2990293.159149329178035 ] ] ] ] } },
{ "type": "Feature", "properties": { "t": "river" }, "geometry": { "type": "Polygon", "coordinates": [ [ [ 348699.251476178877056, 2988424.176449679769576 ], [ 348479.474719188583549, 2987485.045719523914158 ], [ 348598.549703329161275, 2988303.515697683673352 ], [ 348395.941260110936128, 2988782.403909948188812 ], [ 348699.251476178877056, 2988424.176449679769576 ] ] ] } },
{ "type": "Feature", "properties": { "t": "river" }, "geometry": { "type": "Polygon", "coordinates": [ [ [ 340562.69106518413173, 2987760.656055105384439 ], [ 341030.151914526184555, 2988618.972616192884743 ], [ 340559.304617453541141, 2987494.772027806378901 ], [ 340562.69106518413173, 2987760.656055105384439 ] ] ] } },
{ "type": "Feature", "properties": { "t": "river" }, "geometry": { "type": "Polygon", "coordinates": [ [ [ 349610.14610693056602, 2988246.999080253299326 ], [ 349697.722216734080575, 2988101.909327039960772 ], [ 349598.625675882620271, 2988114.179612348321825 ], [ 349610.14610693056602, 2988246.999080253299326 ] ] ] } },
{ "type": "Feature", "properties": { "t": "river" }, "geometry": { "type": "Polygon", "coordinates": [ [ [ 340231.960651568835601, 2987510.025688129942864 ], [ 340223.592236752563622, 2987632.01596591854468 ], [ 340261.732033825479448, 2987509.645773752126843 ], [ 340231.960651568835601, 2987510.025688129942864 ] ] ] } },
{ "type": "Feature", "properties": { "t": "river" }, "geometry": { "type": "MultiPolygon", "coordinates": [ [ [ [ 322738.584548132610507, 3000228.791962253395468 ], [ 322666.873606147244573, 3000357.189905378967524 ], [ 322568.835129403101746, 3000436.156636389438063 ], [ 322496.03526870184578, 3000363.676711388863623 ], [ 322520.210997824324295, 3000503.338534327223897 ], [ 322238.707736566255335, 3000928.451724087819457 ], [ 322408.191513694822788, 3000992.523122644051909 ], [ 322257.319391178258229, 3001537.672026187647134 ], [ 322738.584548132610507, 3000228.791962253395468 ] ] ], [ [ [ 323004.085562412743457, 2999506.858776582404971 ], [ 322913.937563376268372, 2999600.133039643522352 ], [ 322774.656138838152401, 2999568.86870296113193 ], [ 322606.890820559288841, 2999626.663462333381176 ], [ 322509.320024457410909, 2999738.86812858376652 ], [ 322480.838389166980051, 2999827.92609002487734 ], [ 322548.348128435609397, 2999693.986157067120075 ], [ 322617.121156528766733, 2999648.680857040453702 ], [ 322452.830861111055128, 2999950.221991610713303 ], [ 322636.950913715059869, 2999648.398584173526615 ], [ 322765.213957555301022, 2999602.247517890762538 ], [ 322884.665289560216479, 2999633.793577131349593 ], [ 322817.151684052369092, 2999767.731464433018118 ], [ 322708.246781558904331, 2999780.362105130683631 ], [ 322621.222063250083011, 2999936.741958445869386 ], [ 322718.476829400635324, 2999802.379570714198053 ], [ 322797.637268042308278, 2999790.171993987169117 ], [ 322700.223922566336114, 2999913.454438583459705 ], [ 322837.453832625644282, 2999800.68729537865147 ], [ 322850.802376321807969, 2999923.644304641056806 ], [ 323004.085562412743457, 2999506.858776582404971 ] ] ], [ [ [ 323256.821454861783423, 2998819.728528110776097 ], [ 323182.752068083151244, 2998975.752984487451613 ], [ 323199.754083448788151, 2998776.045347533654422 ], [ 323287.26627370074857, 2998652.908297957852483 ], [ 323288.413649402558804, 2998733.843045873567462 ], [ 323383.911146891361568, 2998474.235343128908426 ], [ 323369.54474079515785, 2998410.185271521098912 ], [ 323170.636142720002681, 2998820.78427243931219 ], [ 323164.45744995836867, 2999070.834329843986779 ], [ 323256.821454861783423, 2998819.728528110776097 ] ] ], [ [ [ 323267.456149267614819, 2997955.057380972895771 ], [ 323868.744293676165398, 2997691.67665661405772 ], [ 323863.523056453093886, 2998024.192817916162312 ], [ 324035.217412264319137, 2998163.989787218626589 ], [ 323931.371387439779937, 2997912.420414860360324 ], [ 324542.998701584874652, 2996972.964057793840766 ], [ 324074.018587655737065, 2997478.232413009740412 ], [ 324225.813084505032748, 2996988.511167028918862 ], [ 323907.471112172119319, 2997624.641272012609988 ], [ 323138.545543955639005, 2997956.885242731310427 ], [ 323117.589606720721349, 2998022.017913357820362 ], [ 323217.56098978605587, 2997933.601792586036026 ], [ 323278.950763337837998, 2998006.300879909191281 ], [ 323267.456149267614819, 2997955.057380972895771 ] ], [ [ 324027.875406266888604, 2997722.674232509918511 ], [ 323969.472121181199327, 2997801.068391842301935 ], [ 323927.929710234457161, 2997668.678019435144961 ], [ 323996.093525031232275, 2997579.06454157223925 ], [ 324027.875406266888604, 2997722.674232509918511 ] ] ], [ [ [ 322920.072513179387897, 2998635.956219618674368 ], [ 322624.809420105651952, 2998795.295172317419201 ], [ 322336.503141757915728, 2999442.129676177632064 ], [ 322362.091004886256997, 2999589.932385363616049 ], [ 322424.475625041406602, 2999352.223569618538022 ], [ 322526.782649545697495, 2999572.396557986270636 ], [ 322373.581160617002752, 2999656.303650435525924 ], [ 322394.08269836450927, 2999774.729259537067264 ], [ 322517.972351507865824, 2999650.092695228289813 ], [ 322565.969142096524592, 2999538.593953945674002 ], [ 322551.479136503301561, 2999217.436310266610235 ], [ 322638.035791448317468, 2999027.818550819996744 ], [ 322615.682217872468755, 2998850.832579021342099 ], [ 323038.745985827525146, 2998612.1079913796857 ], [ 323082.503458042163402, 2998131.070191218052059 ], [ 322920.072513179387897, 2998635.956219618674368 ] ], [ [ 323028.358430746069644, 2998579.011031519155949 ], [ 322949.8195267948322, 2998635.533677243627608 ], [ 323007.583175373321865, 2998512.817132942844182 ], [ 323028.358430746069644, 2998579.011031519155949 ] ], [ [ 322536.382020047400147, 2999550.09680304210633 ], [ 322454.063146777567454, 2999340.720477778930217 ], [ 322531.964226408919785, 2999239.877219178248197 ], [ 322536.382020047400147, 2999550.09680304210633 ] ] ], [ [ [ 324159.997856493049767, 2998651.648100046440959 ], [ 324246.885789444320835, 2998676.792210531886667 ], [ 324195.035797134507447, 2998551.173000575974584 ], [ 324159.997856493049767, 2998651.648100046440959 ] ] ], [ [ [ 324425.434839757625014, 2999003.543060811702162 ], [ 324578.947755813132972, 2998823.047412411309779 ], [ 324480.139040367153939, 2998781.204673366621137 ], [ 324425.434839757625014, 2999003.543060811702162 ] ] ], [ [ [ 323729.466422677272931, 2999765.873014076147228 ], [ 323741.991167281987146, 2999807.205577583517879 ], [ 323868.626471643685363, 2999658.28370013134554 ], [ 323729.466422677272931, 2999765.873014076147228 ] ] ], [ [ [ 323823.085703352582641, 3000074.82945633167401 ], [ 324139.254415829374921, 2999992.79245219193399 ], [ 323753.478670766635332, 2999845.115389832761139 ], [ 323823.085703352582641, 3000074.82945633167401 ] ] ] ] } },
{ "type": "Feature", "properties": { "t": "river" }, "geometry": { "type": "Polygon", "coordinates": [ [ [ 325023.560616771341302, 3000822.526556959375739 ], [ 324978.539320480893366, 3000791.131697498261929 ], [ 324782.417496200068854, 3001302.417191206477582 ], [ 325023.560616771341302, 3000822.526556959375739 ] ] ] } },
{ "type": "Feature", "properties": { "t": "river" }, "geometry": { "type": "Polygon", "coordinates": [ [ [ 321926.216303589055315, 3001265.363270313479006 ], [ 322033.999446406320203, 3001175.169831942301244 ], [ 322179.857229124521837, 3000973.618090761825442 ], [ 321926.216303589055315, 3001265.363270313479006 ] ] ] } },
{ "type": "Feature", "properties": { "t": "river" }, "geometry": { "type": "Polygon", "coordinates": [ [ [ 322184.709535310277715, 3000618.93888200679794 ], [ 322272.671988521120511, 3000529.031058109365404 ], [ 322281.163557482650504, 3000429.175956209655851 ], [ 322184.709535310277715, 3000618.93888200679794 ] ] ] } },
{ "type": "Feature", "properties": { "t": "river" }, "geometry": { "type": "Polygon", "coordinates": [ [ [ 322250.472188815358095, 3000363.124562753830105 ], [ 322260.860761161951814, 3000396.220980776939541 ], [ 322298.305342304636724, 3000240.545120422262698 ], [ 322250.472188815358095, 3000363.124562753830105 ] ] ] } },
{ "type": "Feature", "properties": { "t": "river" }, "geometry": { "type": "Polygon", "coordinates": [ [ [ 323682.730944133363664, 2997162.397311512380838 ], [ 323868.959998272941448, 2997004.626453596632928 ], [ 323750.896155763301067, 2997072.782605964690447 ], [ 323682.730944133363664, 2997162.397311512380838 ] ] ] } },
{ "type": "Feature", "properties": { "t": "river" }, "geometry": { "type": "Polygon", "coordinates": [ [ [ 323987.337759120040573, 2996958.629866763949394 ], [ 324117.976698784565087, 2997078.682352982927114 ], [ 324086.507341210031882, 2996957.230883098673075 ], [ 323987.337759120040573, 2996958.629866763949394 ] ] ] } },
{ "type": "Feature", "properties": { "t": "river" }, "geometry": { "type": "MultiPolygon", "coordinates": [ [ [ [ 323946.106211859325413, 2996848.397807902656496 ], [ 324086.507341210031882, 2996957.230883098673075 ], [ 324030.994612933252938, 2996610.599435237701982 ], [ 323946.106211859325413, 2996848.397807902656496 ] ] ], [ [ [ 324273.922579646925442, 2996178.893309636972845 ], [ 324427.36340994812781, 2996509.173939342144877 ], [ 324195.593845013761893, 2996955.692912649828941 ], [ 324441.71843769523548, 2996540.814910610672086 ], [ 324299.775208494393155, 2995901.495235368609428 ], [ 323866.899146432289854, 2995453.261094921734184 ], [ 324272.804844708065502, 2994690.369165186304599 ], [ 324272.076324086170644, 2994638.611364257521927 ], [ 324328.249267351813614, 2994586.17139290086925 ], [ 324514.440311813552398, 2994236.274710475467145 ], [ 323762.689241589745507, 2993692.794291485566646 ], [ 323882.583474235667381, 2993048.385025717783719 ], [ 323594.810303696838673, 2992343.238803276792169 ], [ 323832.983109968830831, 2993049.084386658389121 ], [ 323712.778646946244407, 2993671.3359624738805 ], [ 324445.941203032212798, 2994303.725522304419428 ], [ 323758.738057774025947, 2995521.276278353761882 ], [ 324232.379490502178669, 2996046.502078771591187 ], [ 324123.318219004315324, 2996351.985061652958393 ], [ 324273.922579646925442, 2996178.893309636972845 ] ], [ [ 324332.492089609266259, 2996111.580412324517965 ], [ 324262.91271133266855, 2996101.478828507941216 ], [ 324219.964705567108467, 2995869.375146736390889 ], [ 324332.492089609266259, 2996111.580412324517965 ] ] ] ] } },
{ "type": "Feature", "properties": { "t": "river" }, "geometry": { "type": "Polygon", "coordinates": [ [ [ 324511.009170697128866, 2996109.068406329490244 ], [ 324645.807755424990319, 2995819.058492266573012 ], [ 324603.177833967725746, 2995609.112201167736202 ], [ 324511.009170697128866, 2996109.068406329490244 ] ] ] } },
{ "type": "Feature", "properties": { "t": "river" }, "geometry": { "type": "Polygon", "coordinates": [ [ [ 324229.658380024135113, 2995148.950447947252542 ], [ 324313.99589945084881, 2995502.366269111167639 ], [ 324249.183166472474113, 2995126.512823226395994 ], [ 324229.658380024135113, 2995148.950447947252542 ] ] ] } },
{ "type": "Feature", "properties": { "t": "river" }, "geometry": { "type": "Polygon", "coordinates": [ [ [ 324617.677515857794788, 2994522.938466609455645 ], [ 324578.157703482720535, 2994534.574990731664002 ], [ 324662.021081904647872, 2994854.75517747644335 ], [ 324617.677515857794788, 2994522.938466609455645 ] ] ] } },
{ "type": "Feature", "properties": { "t": "river" }, "geometry": { "type": "MultiPolygon", "coordinates": [ [ [ [ 314572.988552696711849, 2992973.233314678538591 ], [ 314518.549794328107964, 2993228.237436114344746 ], [ 314573.052110306627583, 2993358.547820276580751 ], [ 314572.988552696711849, 2992973.233314678538591 ] ] ], [ [ [ 315033.173945739632472, 2992467.038603617344052 ], [ 314620.604331047157757, 2992750.200224756728858 ], [ 314596.639013182139024, 2992862.45293596573174 ], [ 315033.173945739632472, 2992467.038603617344052 ] ] ], [ [ [ 314827.165665709530003, 2993966.146864468697459 ], [ 314761.122197257122025, 2994864.762386721558869 ], [ 314856.924895163625479, 2993965.705639238469303 ], [ 314782.44662282045465, 2993859.21704407222569 ], [ 314827.165665709530003, 2993966.146864468697459 ] ] ] ] } },
{ "type": "Feature", "properties": { "t": "river" }, "geometry": { "type": "Polygon", "coordinates": [ [ [ 324461.574199110211339, 2994004.310048033948988 ], [ 324417.224107202375308, 2993672.493956415913999 ], [ 324234.930287690425757, 2993409.106246106792241 ], [ 324461.574199110211339, 2994004.310048033948988 ] ] ] } },
{ "type": "Feature", "properties": { "t": "river" }, "geometry": { "type": "Polygon", "coordinates": [ [ [ 315929.847485077916645, 2993384.671433409210294 ], [ 315888.836850247695111, 2993318.657425548415631 ], [ 315533.757887552608736, 2994110.835939859971404 ], [ 315929.847485077916645, 2993384.671433409210294 ] ] ] } },
{ "type": "Feature", "properties": { "t": "river" }, "geometry": { "type": "Polygon", "coordinates": [ [ [ 323957.332743302220479, 2993424.096945730037987 ], [ 324176.659318380057812, 2993498.576981958933175 ], [ 323885.863643422257155, 2993281.046957611571997 ], [ 323957.332743302220479, 2993424.096945730037987 ] ] ] } },
{ "type": "Feature", "properties": { "t": "river" }, "geometry": { "type": "Polygon", "coordinates": [ [ [ 324001.556462331791408, 2992337.503356177359819 ], [ 324160.189421757066157, 2993033.393119393382221 ], [ 324453.632286779698916, 2993439.274584188591689 ], [ 324001.556462331791408, 2992337.503356177359819 ] ] ] } },
{ "type": "Feature", "properties": { "t": "river" }, "geometry": { "type": "MultiPolygon", "coordinates": [ [ [ [ 320959.558906321704853, 2992635.593610137701035 ], [ 321050.5035337919835, 2992730.632018166128546 ], [ 320976.342354602296837, 2992609.427467889618129 ], [ 320959.558906321704853, 2992635.593610137701035 ] ] ], [ [ [ 321176.929558544768952, 2993264.126391079742461 ], [ 320890.519800612528343, 2993356.88201678590849 ], [ 320319.663528141682036, 2992988.307563657872379 ], [ 320880.917593436432071, 2993379.182762949727476 ], [ 321355.014496261137538, 2993228.33377706957981 ], [ 321218.097042404697277, 2993004.54636357864365 ], [ 321176.929558544768952, 2993264.126391079742461 ] ] ] ] } },
{ "type": "Feature", "properties": { "t": "river" }, "geometry": { "type": "Polygon", "coordinates": [ [ [ 321263.450036646449007, 2992376.368397124111652 ], [ 321373.369827296352014, 2992430.204032490029931 ], [ 321521.388638099771924, 2992372.681573080364615 ], [ 321263.450036646449007, 2992376.368397124111652 ] ] ] } },
{ "type": "Feature", "properties": { "t": "river" }, "geometry": { "type": "MultiPolygon", "coordinates": [ [ [ [ 323711.357291972148232, 2992164.292627396062016 ], [ 323722.203580417553894, 2992170.149842312559485 ], [ 323829.157183317525778, 2992073.980770812835544 ], [ 323981.715198663878255, 2992337.782826600596309 ], [ 324081.17333822697401, 2991649.340887221973389 ], [ 324237.499908341269474, 2991475.560302940197289 ], [ 324235.550155327829998, 2991336.892812138888985 ], [ 324696.72969228005968, 2990964.735326232854277 ], [ 324430.555343033280224, 2991090.364349362440407 ], [ 324606.968186891404912, 2990932.750439072959125 ], [ 324829.279255733592436, 2990817.77276695240289 ], [ 325041.046861308394, 2990582.409005809575319 ], [ 324193.527382859552745, 2991171.264322374481708 ], [ 323603.792579681728967, 2992276.623927757609636 ], [ 323708.96182009158656, 2992182.05655992589891 ], [ 323711.357291972148232, 2992164.292627396062016 ] ] ], [ [ [ 325292.819557083654217, 2990302.59960219450295 ], [ 324946.93651552987285, 2989697.968781087081879 ], [ 324772.504401802609209, 2989613.946605641394854 ], [ 324807.398205702425912, 2989655.597399197053164 ], [ 324438.391263010329567, 2989527.795899775344878 ], [ 324437.334674785786774, 2989452.508576795458794 ], [ 323627.923883968847804, 2989062.700600363314152 ], [ 323431.486780606675893, 2987802.203243095427752 ], [ 323259.10781446355395, 2988247.887964521534741 ], [ 323548.537898464535829, 2989063.819912712089717 ], [ 324039.214492694824003, 2989321.250597670208663 ], [ 324057.739267646393273, 2989278.274538362398744 ], [ 324347.530034676194191, 2989418.258816179353744 ], [ 324348.446120673790574, 2989483.502249596640468 ], [ 324988.332411221519578, 2989819.282996573951095 ], [ 325213.155554070952348, 2990391.1327696708031 ], [ 325292.819557083654217, 2990302.59960219450295 ] ] ] ] } },
{ "type": "Feature", "properties": { "t": "river" }, "geometry": { "type": "MultiPolygon", "coordinates": [ [ [ [ 319316.090016843751073, 2991517.846468127798289 ], [ 319168.08673427515896, 2992262.454662692267448 ], [ 319259.297833134187385, 2992394.114457860123366 ], [ 319388.879406032850966, 2991512.79296955652535 ], [ 319316.090016843751073, 2991517.846468127798289 ] ] ], [ [ [ 320525.872731802635826, 2991456.091933475807309 ], [ 321384.750205319316592, 2990775.598449413198978 ], [ 320948.354946890845895, 2990174.50089518725872 ], [ 321210.710983013152145, 2990770.308172075543553 ], [ 320525.554590332671069, 2991433.933459418360144 ], [ 320122.398834337305743, 2991461.891365847084671 ], [ 320525.872731802635826, 2991456.091933475807309 ] ] ], [ [ [ 320893.449555495288223, 2990098.878264604136348 ], [ 319687.708425253571477, 2989761.593817726708949 ], [ 319723.36857484880602, 2989314.485866853967309 ], [ 319526.065349729324225, 2989564.456962801981717 ], [ 319708.51230991538614, 2989827.783223276026547 ], [ 320940.502546512638219, 2990163.685511790215969 ], [ 320893.449555495288223, 2990098.878264604136348 ] ] ], [ [ [ 320044.973493021447212, 2989069.394670240115374 ], [ 320079.719127658405341, 2988863.046685543842614 ], [ 319893.521768341655843, 2989098.923331884667277 ], [ 320044.973493021447212, 2989069.394670240115374 ] ] ], [ [ [ 320127.276712728780694, 2988580.624937464017421 ], [ 319993.149261595041025, 2988490.042704300489277 ], [ 319907.199627411435358, 2988461.893463446758687 ], [ 319923.584073018166237, 2988443.063293984159827 ], [ 319034.689892802271061, 2987842.83045344427228 ], [ 320086.581926862418186, 2988822.290799927897751 ], [ 320127.276712728780694, 2988580.624937464017421 ] ] ], [ [ [ 321691.899661386618391, 2991805.092905736062676 ], [ 321501.547214932972565, 2992372.964985698927194 ], [ 321770.320964066020679, 2991737.485673345159739 ], [ 321616.722293071856257, 2990709.101982096675783 ], [ 321602.095038307830691, 2991074.998398648109287 ], [ 321431.576038479222916, 2990840.101186226122081 ], [ 321691.899661386618391, 2991805.092905736062676 ] ] ] ] } },
{ "type": "Feature", "properties": { "t": "river" }, "geometry": { "type": "Polygon", "coordinates": [ [ [ 321263.450036646449007, 2992376.368397124111652 ], [ 321114.4805999774253, 2992367.418607398867607 ], [ 321223.767155591282062, 2992376.936073900200427 ], [ 321263.450036646449007, 2992376.368397124111652 ] ] ] } },
{ "type": "Feature", "properties": { "t": "river" }, "geometry": { "type": "MultiPolygon", "coordinates": [ [ [ [ 314464.335240580607206, 2990912.923304293770343 ], [ 314252.348349710227922, 2990672.268903512042016 ], [ 314381.839652587019373, 2990857.853779714554548 ], [ 314383.97088254627306, 2990847.624714724253863 ], [ 314424.317610382218845, 2990891.353404411580414 ], [ 314405.409259004867636, 2990891.634060019627213 ], [ 314517.976438708719797, 2991052.96982548898086 ], [ 315212.95421563310083, 2989860.144205170683563 ], [ 314922.89244799874723, 2989709.28686755662784 ], [ 314946.599440358229913, 2989689.584256278350949 ], [ 314903.210152373707388, 2989720.659939719829708 ], [ 315048.195435833302327, 2990128.543508726172149 ], [ 314569.700217831414193, 2990656.476893563754857 ], [ 314448.658769101195503, 2990525.289763490669429 ], [ 314460.689542831969447, 2990822.775955477263778 ], [ 314463.019984562066384, 2990824.287684965413064 ], [ 314461.119547996437177, 2990833.408719263039529 ], [ 314464.335240580607206, 2990912.923304293770343 ] ], [ [ 314629.891505123348907, 2990699.911963352002203 ], [ 314621.283238155650906, 2990788.69462184002623 ], [ 314579.786892302217893, 2990667.409201703034341 ], [ 314629.891505123348907, 2990699.911963352002203 ] ] ], [ [ [ 315275.870881544309668, 2989415.942010306287557 ], [ 315321.742984322365373, 2988759.474292111117393 ], [ 315238.247713941265829, 2988884.570391254033893 ], [ 315026.081931472639553, 2988632.822986139915884 ], [ 315257.996806352515705, 2989430.795775870326906 ], [ 315275.870881544309668, 2989415.942010306287557 ] ] ], [ [ [ 315333.234325749683194, 2988595.041299389209598 ], [ 315157.829448809381574, 2988420.12398101715371 ], [ 315324.528583714738488, 2988719.613681579940021 ], [ 315333.234325749683194, 2988595.041299389209598 ] ] ], [ [ [ 315264.532819557003677, 2987975.474357455037534 ], [ 315060.04757885762956, 2988244.457376395817846 ], [ 315097.419333940604702, 2988311.595674123149365 ], [ 315264.532819557003677, 2987975.474357455037534 ] ] ], [ [ [ 315063.512309383018874, 2991834.922775822691619 ], [ 315013.332094765268266, 2992467.33232999779284 ], [ 315217.43992360268021, 2992013.044279747176915 ], [ 315111.152756407042034, 2991701.235580070875585 ], [ 314533.152294477331452, 2991074.72084006248042 ], [ 315063.512309383018874, 2991834.922775822691619 ] ] ] ] } },
{ "type": "Feature", "properties": { "t": "river" }, "geometry": { "type": "Polygon", "coordinates": [ [ [ 324843.847723397717346, 2990840.779638675507158 ], [ 324823.538485052064061, 2990807.820417573209852 ], [ 324696.72969228005968, 2990964.735326232854277 ], [ 324843.847723397717346, 2990840.779638675507158 ] ] ] } },
{ "type": "Feature", "properties": { "t": "river" }, "geometry": { "type": "Polygon", "coordinates": [ [ [ 314132.291584864608012, 2990607.561425369232893 ], [ 313743.714531240984797, 2989172.693216374609619 ], [ 314017.542480509146117, 2990232.482504311483353 ], [ 313834.810189754818566, 2989958.153220748063177 ], [ 313846.051917112898082, 2990023.006362710613757 ], [ 314132.291584864608012, 2990607.561425369232893 ] ] ] } },
{ "type": "Feature", "properties": { "t": "river" }, "geometry": { "type": "MultiPolygon", "coordinates": [ [ [ [ 323176.013264841283672, 2989078.949858081992716 ], [ 322830.572714811074547, 2989528.301084408536553 ], [ 322849.618793398141861, 2989535.551598380319774 ], [ 323176.013264841283672, 2989078.949858081992716 ] ] ], [ [ [ 322985.521653105155565, 2987852.826891874428838 ], [ 323040.625089056964498, 2988239.893842996563762 ], [ 323118.184778645052575, 2988630.218191286548972 ], [ 322985.521653105155565, 2987852.826891874428838 ] ] ] ] } },
{ "type": "Feature", "properties": { "t": "river" }, "geometry": { "type": "Polygon", "coordinates": [ [ [ 314059.340094226761721, 2988370.102802134584635 ], [ 313832.236584635451436, 2988451.052158568054438 ], [ 313734.64391451550182, 2988563.323296652175486 ], [ 314059.340094226761721, 2988370.102802134584635 ] ] ] } },
{ "type": "Feature", "properties": { "t": "river" }, "geometry": { "type": "Polygon", "coordinates": [ [ [ 314002.145738355349749, 2987861.186187651474029 ], [ 314156.443616605247371, 2988224.596187737770379 ], [ 314151.873871883726679, 2988187.630951168946922 ], [ 314135.607799322227947, 2988158.4143449338153 ], [ 314149.903577982564457, 2988171.693041771184653 ], [ 314111.316618479555473, 2987859.564557646401227 ], [ 314002.145738355349749, 2987861.186187651474029 ] ] ] } },
{ "type": "Feature", "properties": { "t": "river" }, "geometry": { "type": "Polygon", "coordinates": [ [ [ 315970.473137495224364, 2988053.729832926765084 ], [ 316009.356395342270844, 2987997.749462644569576 ], [ 315808.422371618798934, 2987834.47816263185814 ], [ 315970.473137495224364, 2988053.729832926765084 ] ] ] } },
{ "type": "Feature", "properties": { "t": "river" }, "geometry": { "type": "Polygon", "coordinates": [ [ [ 319868.113638867740519, 3015875.583837028592825 ], [ 319771.505771053838544, 3015733.056166087277234 ], [ 319879.120562037802301, 3015937.555278792977333 ], [ 319907.664071556995623, 3015942.349335399456322 ], [ 319868.113638867740519, 3015875.583837028592825 ] ] ] } },
{ "type": "Feature", "properties": { "t": "river" }, "geometry": { "type": "Polygon", "coordinates": [ [ [ 319846.471532129333355, 3015843.654439198318869 ], [ 319709.859033453045413, 3015642.109394796658307 ], [ 319544.945805623196065, 3015484.395807103253901 ], [ 319876.8658736073412, 3015937.17659305408597 ], [ 319886.761560877668671, 3015938.838624409865588 ], [ 319846.471532129333355, 3015843.654439198318869 ] ] ] } },
{ "type": "Feature", "properties": { "t": "river" }, "geometry": { "type": "MultiPolygon", "coordinates": [ [ [ [ 338217.189853402320296, 3001297.917682154104114 ], [ 338239.159655883500818, 3001052.633578279521316 ], [ 338233.455821622046642, 3001037.921403692569584 ], [ 338217.189853402320296, 3001297.917682154104114 ] ] ], [ [ [ 338267.027966105146334, 3000554.868496516253799 ], [ 338272.52336136327358, 3000680.167623006273061 ], [ 338277.804560075688642, 3000621.212275590747595 ], [ 338689.14795662695542, 3000228.057356821838766 ], [ 338516.449618289654609, 2999908.957566060591489 ], [ 338669.320453163876664, 3000228.314123997930437 ], [ 338266.452549886715133, 3000510.553498275112361 ], [ 338262.121362847043201, 3000579.772275858093053 ], [ 338267.027966105146334, 3000554.868496516253799 ] ] ] ] } },
{ "type": "Feature", "properties": { "t": "river" }, "geometry": { "type": "Polygon", "coordinates": [ [ [ 331037.904905438888818, 3001227.049521357752383 ], [ 330968.487363286665641, 3001127.891118560452014 ], [ 330585.059836522210389, 3001465.90456699533388 ], [ 331037.904905438888818, 3001227.049521357752383 ] ] ] } },
{ "type": "Feature", "properties": { "t": "river" }, "geometry": { "type": "Polygon", "coordinates": [ [ [ 330630.827861848752946, 3000456.905599383171648 ], [ 330462.442387665738352, 3000470.277344534639269 ], [ 330675.303111146669835, 3000810.89458053233102 ], [ 330630.827861848752946, 3000456.905599383171648 ] ] ] } },
{ "type": "Feature", "properties": { "t": "river" }, "geometry": { "type": "MultiPolygon", "coordinates": [ [ [ [ 330351.536340713850223, 2999607.464581831824034 ], [ 329929.292104543186724, 2999912.409783751238137 ], [ 330016.970573106838856, 2999962.855587176978588 ], [ 330351.536340713850223, 2999607.464581831824034 ] ] ], [ [ [ 330234.031760365469381, 3000087.746057449374348 ], [ 330258.126151416974608, 3000029.817108632065356 ], [ 330128.013310699781869, 3000026.745464566163719 ], [ 330234.031760365469381, 3000087.746057449374348 ] ] ], [ [ [ 330104.635435774747748, 3000408.66597567172721 ], [ 330393.497702413238585, 3000504.459112011827528 ], [ 330129.014396569924429, 3000355.979410429485142 ], [ 330104.635435774747748, 3000408.66597567172721 ] ] ] ] } },
{ "type": "Feature", "properties": { "t": "river" }, "geometry": { "type": "MultiPolygon", "coordinates": [ [ [ [ 336702.411952978814952, 2998436.709912580437958 ], [ 334936.379686756641604, 2999124.816021116450429 ], [ 336861.256125056766905, 2998512.443268534727395 ], [ 336702.411952978814952, 2998436.709912580437958 ] ] ], [ [ [ 338021.324799977359362, 2999959.707461272366345 ], [ 338466.879553381819278, 2999909.600167484022677 ], [ 337959.967676353873685, 2999816.457222648896277 ], [ 337082.377008897601627, 2998675.512715896125883 ], [ 337164.376900073839352, 2998120.40887098107487 ], [ 336522.273574331193231, 2996799.131584376562387 ], [ 337134.485706568928435, 2998109.718668793793768 ], [ 337041.702948826248758, 2998598.479802439454943 ], [ 336862.910146152367815, 2998513.231884120963514 ], [ 338021.324799977359362, 2999959.707461272366345 ] ] ] ] } },
{ "type": "Feature", "properties": { "t": "river" }, "geometry": { "type": "Polygon", "coordinates": [ [ [ 338614.154662467131857, 2999796.885664812289178 ], [ 338495.759913667396177, 2999842.742183547932655 ], [ 338516.306021453347057, 2999897.878833112772554 ], [ 338614.154662467131857, 2999796.885664812289178 ] ] ] } },
{ "type": "Feature", "properties": { "t": "river" }, "geometry": { "type": "Polygon", "coordinates": [ [ [ 338683.983667272725143, 2999829.223108659498394 ], [ 338683.26645517651923, 2999773.829477945808321 ], [ 338604.958134662767407, 2999852.407732211984694 ], [ 338683.983667272725143, 2999829.223108659498394 ] ] ] } },
{ "type": "Feature", "properties": { "t": "river" }, "geometry": { "type": "Polygon", "coordinates": [ [ [ 338282.572413822985254, 2998213.600769424345344 ], [ 338275.484697756357491, 2998150.268637791275978 ], [ 337819.203972428920679, 2997380.55378530267626 ], [ 337941.634887950844131, 2996880.335901496000588 ], [ 337779.972097812802531, 2997414.305838154163212 ], [ 338227.201421554258559, 2998250.62032434111461 ], [ 338466.161353528033942, 2999854.206496103666723 ], [ 338349.40617952280445, 2998810.81369096133858 ], [ 338334.401315599796362, 2998869.742435307707638 ], [ 338321.037578775489237, 2998603.981679920107126 ], [ 338329.967273290385492, 2998637.107615513727069 ], [ 338284.423438943573274, 2998230.140635068528354 ], [ 338277.20928869524505, 2998283.213253448251635 ], [ 338246.169653318880592, 2998183.890696289949119 ], [ 338282.572413822985254, 2998213.600769424345344 ] ] ] } },
{ "type": "Feature", "properties": { "t": "river" }, "geometry": { "type": "Polygon", "coordinates": [ [ [ 330495.704893137153704, 2998541.722909550182521 ], [ 333335.663981518824585, 2999556.11236330633983 ], [ 333469.625950544839725, 2999538.14879464218393 ], [ 330495.704893137153704, 2998541.722909550182521 ] ] ] } },
{ "type": "Feature", "properties": { "t": "river" }, "geometry": { "type": "Polygon", "coordinates": [ [ [ 330528.793353003566153, 2999516.404145857784897 ], [ 330447.968703494057991, 2999406.693178507499397 ], [ 330419.882978259585798, 2999528.966882227454334 ], [ 330528.793353003566153, 2999516.404145857784897 ] ] ] } },
{ "type": "Feature", "properties": { "t": "river" }, "geometry": { "type": "Polygon", "coordinates": [ [ [ 334365.003331335028633, 2999409.417290213052183 ], [ 334551.76223437092267, 2999285.047395704314113 ], [ 334354.499682847585063, 2999365.233627197798342 ], [ 334365.003331335028633, 2999409.417290213052183 ] ] ] } },
{ "type": "Feature", "properties": { "t": "river" }, "geometry": { "type": "Polygon", "coordinates": [ [ [ 334552.49767609895207, 2999340.441672223154455 ], [ 334947.028108108148444, 2999180.078906869515777 ], [ 334551.76223437092267, 2999285.047395704314113 ], [ 334552.49767609895207, 2999340.441672223154455 ] ] ] } },
{ "type": "Feature", "properties": { "t": "river" }, "geometry": { "type": "Polygon", "coordinates": [ [ [ 330086.808415383915417, 2999101.342614533845335 ], [ 330418.073716312530451, 2999396.018923376686871 ], [ 330135.247097980696708, 2999056.83986683934927 ], [ 330086.808415383915417, 2999101.342614533845335 ] ] ] } },
{ "type": "Feature", "properties": { "t": "river" }, "geometry": { "type": "Polygon", "coordinates": [ [ [ 330797.228095615981147, 2998836.813907593488693 ], [ 330408.727046708343551, 2998709.121465533506125 ], [ 330639.347916010767221, 2998838.958156968932599 ], [ 330797.228095615981147, 2998836.813907593488693 ] ] ] } },
{ "type": "Feature", "properties": { "t": "river" }, "geometry": { "type": "Polygon", "coordinates": [ [ [ 328963.827156004612334, 2998928.324272061232477 ], [ 330347.275045248679817, 2998565.904188645537943 ], [ 327534.6581115196459, 2998848.287381516303867 ], [ 328963.827156004612334, 2998928.324272061232477 ] ] ] } },
{ "type": "Feature", "properties": { "t": "river" }, "geometry": { "type": "Polygon", "coordinates": [ [ [ 326282.239063550019637, 2998644.05423508444801 ], [ 326890.470361511339433, 2998879.380062516778708 ], [ 327505.678831818047911, 2998904.094451691024005 ], [ 326282.239063550019637, 2998644.05423508444801 ] ] ] } },
{ "type": "Feature", "properties": { "t": "river" }, "geometry": { "type": "Polygon", "coordinates": [ [ [ 330218.97825608914718, 2998611.975132417865098 ], [ 330200.505770761927124, 2998711.956189745105803 ], [ 330409.028521216590889, 2998731.279439425561577 ], [ 330218.97825608914718, 2998611.975132417865098 ] ] ] } },
{ "type": "Feature", "properties": { "t": "river" }, "geometry": { "type": "MultiPolygon", "coordinates": [ [ [ [ 330613.095187958097085, 2998468.593701573554426 ], [ 330414.120736927376129, 2998376.617036277893931 ], [ 330564.811687636654824, 2998518.621350093279034 ], [ 330613.095187958097085, 2998468.593701573554426 ] ] ], [ [ [ 330965.78652328858152, 2998103.180731422267854 ], [ 330959.512332478538156, 2998025.893472931813449 ], [ 330667.41093228070531, 2998040.74353691469878 ], [ 330687.155272145930212, 2998391.859535433817655 ], [ 330965.78652328858152, 2998103.180731422267854 ] ] ], [ [ [ 330920.961429659859277, 2997551.023475010413677 ], [ 330811.187361732008867, 2997673.118637436069548 ], [ 330958.28947205026634, 2998010.829990049358457 ], [ 330920.961429659859277, 2997551.023475010413677 ] ] ], [ [ [ 331214.898248541925568, 2997457.109162864740938 ], [ 331080.885065623617265, 2997082.170456992927939 ], [ 330769.521969125024043, 2997137.670811730436981 ], [ 331123.85163214080967, 2997325.370042919181287 ], [ 330959.396143224905245, 2997508.275662596803159 ], [ 331214.898248541925568, 2997457.109162864740938 ] ] ], [ [ [ 330771.968349084723741, 2996975.548088519368321 ], [ 330634.338588553713635, 2997066.064117409288883 ], [ 330747.16503364930395, 2997125.828178494237363 ], [ 330771.968349084723741, 2996975.548088519368321 ] ] ] ] } },
{ "type": "Feature", "properties": { "t": "river" }, "geometry": { "type": "Polygon", "coordinates": [ [ [ 330404.205176794086583, 2998376.751926099415869 ], [ 330355.230437131947838, 2998421.742431546095759 ], [ 330405.561689000227489, 2998476.462774355895817 ], [ 330404.205176794086583, 2998376.751926099415869 ] ] ] } },
{ "type": "Feature", "properties": { "t": "river" }, "geometry": { "type": "Polygon", "coordinates": [ [ [ 338445.938313041639049, 2996762.988495404832065 ], [ 338387.300431021896657, 2996830.231402059551328 ], [ 338646.991544931312092, 2996970.916495679412037 ], [ 338445.938313041639049, 2996762.988495404832065 ] ] ] } },
{ "type": "Feature", "properties": { "t": "river" }, "geometry": { "type": "Polygon", "coordinates": [ [ [ 338195.438679407641757, 2996566.785173371899873 ], [ 337999.694718501530588, 2996768.775934597011656 ], [ 338221.863515825301874, 2996591.440205157268792 ], [ 338195.438679407641757, 2996566.785173371899873 ] ] ] } },
{ "type": "Feature", "properties": { "t": "river" }, "geometry": { "type": "MultiPolygon", "coordinates": [ [ [ [ 336309.116963508306071, 2995671.699374195653945 ], [ 336482.462079977733083, 2996788.572743189986795 ], [ 336354.119127012323588, 2995575.963304996490479 ], [ 336309.116963508306071, 2995671.699374195653945 ] ] ], [ [ [ 336918.864152874681167, 2994511.332642869092524 ], [ 337053.473069565137848, 2993423.67754553956911 ], [ 336888.19608253944898, 2992162.648870184551924 ], [ 336917.127628842950799, 2994378.388104926329106 ], [ 336569.114789472310804, 2995118.613342650700361 ], [ 336918.864152874681167, 2994511.332642869092524 ] ] ] ] } },
{ "type": "Feature", "properties": { "t": "river" }, "geometry": { "type": "Polygon", "coordinates": [ [ [ 330376.029325605370104, 2996304.984710779506713 ], [ 330399.62908247334417, 2996581.688985150773078 ], [ 330730.798257731599733, 2996865.296806342899799 ], [ 330376.029325605370104, 2996304.984710779506713 ] ] ] } },
{ "type": "Feature", "properties": { "t": "river" }, "geometry": { "type": "Polygon", "coordinates": [ [ [ 338314.593180632393342, 2995811.762867904268205 ], [ 338626.502236000727862, 2995386.665435466915369 ], [ 338265.293964726151899, 2995834.562833605334163 ], [ 338640.256188827974256, 2996450.218267881311476 ], [ 338314.593180632393342, 2995811.762867904268205 ] ] ] } },
{ "type": "Feature", "properties": { "t": "river" }, "geometry": { "type": "Polygon", "coordinates": [ [ [ 330696.98823583452031, 2996566.568901887629181 ], [ 330646.651303548365831, 2996511.847181785386056 ], [ 330498.497886442870367, 2996558.183241054415703 ], [ 330696.98823583452031, 2996566.568901887629181 ] ] ] } },
{ "type": "Feature", "properties": { "t": "river" }, "geometry": { "type": "Polygon", "coordinates": [ [ [ 330238.846628154278733, 2996428.741679118946195 ], [ 330137.412876477232203, 2996263.90705236280337 ], [ 330080.62541236449033, 2996464.138701695017517 ], [ 330238.846628154278733, 2996428.741679118946195 ] ] ] } },
{ "type": "Feature", "properties": { "t": "river" }, "geometry": { "type": "Polygon", "coordinates": [ [ [ 330373.619395780435298, 2996127.721438906155527 ], [ 330345.524447216652334, 2996249.994455177336931 ], [ 330376.33057612425182, 2996327.142622349318117 ], [ 330373.619395780435298, 2996127.721438906155527 ] ] ] } },
{ "type": "Feature", "properties": { "t": "river" }, "geometry": { "type": "MultiPolygon", "coordinates": [ [ [ [ 330679.854376501287334, 2996034.91412699315697 ], [ 330603.737268607947044, 2995957.677331543993205 ], [ 330373.619395780435298, 2996127.721438906155527 ], [ 330679.854376501287334, 2996034.91412699315697 ] ] ], [ [ [ 330833.126120209868532, 2995633.92028824146837 ], [ 330820.057365997869056, 2995589.773578657303005 ], [ 330415.979261636501178, 2995595.257900677621365 ], [ 330493.322016188001726, 2995704.733625377528369 ], [ 330833.126120209868532, 2995633.92028824146837 ] ] ], [ [ [ 330757.025656596582849, 2995376.854251568671316 ], [ 330641.231470028753392, 2995381.660527040716261 ], [ 330794.464931536582299, 2995503.322262628935277 ], [ 330757.025656596582849, 2995376.854251568671316 ] ] ], [ [ [ 330890.981094520597253, 2995511.245586389210075 ], [ 331253.74612522078678, 2995196.069075917825103 ], [ 331314.040599782485515, 2994519.317513653542846 ], [ 331310.846140431705862, 2994513.882465790491551 ], [ 331037.798531154636294, 2995365.204678022768348 ], [ 330801.968962780258153, 2995374.989078099839389 ], [ 330890.981094520597253, 2995511.245586389210075 ] ] ], [ [ [ 331029.723360305360984, 2994035.601035385858268 ], [ 331389.845224547490943, 2993521.011619120370597 ], [ 331376.700091256410815, 2993480.966586214490235 ], [ 331010.185247740941122, 2994058.02729158103466 ], [ 331160.511892346083187, 2994258.109916675370187 ], [ 331029.723360305360984, 2994035.601035385858268 ] ] ], [ [ [ 331172.554284047393594, 2992859.092256201896816 ], [ 330763.136229417519644, 2992665.175003827549517 ], [ 331124.489346718182787, 2992239.211280116345733 ], [ 330733.526066562044434, 2992676.657048458699137 ], [ 331153.163658505654894, 2992892.597030109260231 ], [ 331353.106648954562843, 2993409.092665657866746 ], [ 331172.554284047393594, 2992859.092256201896816 ] ] ] ] } },
{ "type": "Feature", "properties": { "t": "river" }, "geometry": { "type": "Polygon", "coordinates": [ [ [ 328573.246900716447271, 2995764.488505981396884 ], [ 328818.150296494364738, 2995539.504946841858327 ], [ 328852.960407167556696, 2995184.433018455747515 ], [ 328730.424972959328443, 2995342.831970891915262 ], [ 328573.246900716447271, 2995764.488505981396884 ] ] ] } },
{ "type": "Feature", "properties": { "t": "river" }, "geometry": { "type": "MultiPolygon", "coordinates": [ [ [ [ 328610.301822475914378, 2995100.388721046503633 ], [ 328594.864371681876946, 2994988.769794467370957 ], [ 328317.683904147124849, 2995213.946225720923394 ], [ 328610.301822475914378, 2995100.388721046503633 ] ] ], [ [ [ 329308.813169440138154, 2994424.67992170760408 ], [ 328999.784301690175198, 2994024.234216197393835 ], [ 328986.557547333650291, 2994074.495940015651286 ], [ 329288.97567244048696, 2994424.951137574389577 ], [ 329217.922552121279296, 2994482.662512994837016 ], [ 329308.813169440138154, 2994424.67992170760408 ] ] ], [ [ [ 329309.191428991267458, 2993726.56971175596118 ], [ 329156.764751500275452, 2993462.709092448465526 ], [ 329452.988720771623775, 2993358.931687094271183 ], [ 329430.694927761738654, 2993332.408385179471225 ], [ 329432.846966756158508, 2993337.044688229449093 ], [ 329412.856447268801276, 2993326.236667346674949 ], [ 329412.647503604646772, 2993310.937166924588382 ], [ 329241.193943638703786, 2993106.961760336067528 ], [ 329002.944891410472337, 2994012.224033405072987 ], [ 329309.191428991267458, 2993726.56971175596118 ] ] ] ] } },
{ "type": "Feature", "properties": { "t": "river" }, "geometry": { "type": "Polygon", "coordinates": [ [ [ 329414.15305855369661, 2992694.601377381477505 ], [ 329210.601902840426192, 2992320.627719090785831 ], [ 329369.091998240270186, 2993027.647017186041921 ], [ 329414.15305855369661, 2992694.601377381477505 ] ] ] } },
{ "type": "Feature", "properties": { "t": "river" }, "geometry": { "type": "Polygon", "coordinates": [ [ [ 335885.764510163106024, 2989871.00707734329626 ], [ 336074.010308267665096, 2987574.861802849452943 ], [ 335855.852832890290301, 2989860.319000728428364 ], [ 336101.197094895178452, 2991164.611070131883025 ], [ 336188.700936180073768, 2991279.975741153582931 ], [ 335885.764510163106024, 2989871.00707734329626 ] ] ] } },
{ "type": "Feature", "properties": { "t": "river" }, "geometry": { "type": "MultiPolygon", "coordinates": [ [ [ [ 330940.85769039997831, 2991133.604140461422503 ], [ 331109.968661936698481, 2991164.561025904025882 ], [ 331052.253641641989816, 2991005.77611955627799 ], [ 330940.85769039997831, 2991133.604140461422503 ] ] ], [ [ [ 331408.502862411260139, 2991227.016664920840412 ], [ 330986.384898589923978, 2991565.143404315691441 ], [ 331094.728119275241625, 2992239.61351626785472 ], [ 331075.972886911942624, 2991586.094122307375073 ], [ 331428.195868906565011, 2991215.670229987706989 ], [ 331224.237900998094119, 2990808.42981722811237 ], [ 331068.208730113808997, 2990987.467798471916467 ], [ 331408.502862411260139, 2991227.016664920840412 ] ] ] ] } },
{ "type": "Feature", "properties": { "t": "river" }, "geometry": { "type": "Polygon", "coordinates": [ [ [ 329322.989441011392046, 2991831.528070777188987 ], [ 329229.312501636217348, 2991511.458663621451706 ], [ 329046.7221654728055, 2991946.114031796343625 ], [ 329068.163240119465627, 2991988.058518320787698 ], [ 329322.989441011392046, 2991831.528070777188987 ] ] ] } },
{ "type": "Feature", "properties": { "t": "river" }, "geometry": { "type": "Polygon", "coordinates": [ [ [ 328227.948503778723534, 2990128.96745978994295 ], [ 328788.688338878622744, 2991218.298628775868565 ], [ 329118.969125467934646, 2991424.318624397274107 ], [ 328227.948503778723534, 2990128.96745978994295 ] ] ] } },
{ "type": "Feature", "properties": { "t": "river" }, "geometry": { "type": "MultiPolygon", "coordinates": [ [ [ [ 331093.974268533987924, 2990296.402375241275877 ], [ 330990.202406019903719, 2990379.436796333175153 ], [ 331056.772242598759476, 2990432.020257688593119 ], [ 331093.974268533987924, 2990296.402375241275877 ] ] ], [ [ [ 331315.532481859670952, 2990219.912099905312061 ], [ 331296.453905310947448, 2990134.391481760889292 ], [ 331216.819813595502637, 2990198.108523326460272 ], [ 331315.532481859670952, 2990219.912099905312061 ] ] ], [ [ [ 331241.593763125536498, 2989888.483849339652807 ], [ 331579.476082014385611, 2989185.837100089993328 ], [ 331142.95013890293194, 2988895.332278488669544 ], [ 331129.958528838295024, 2988970.279499399010092 ], [ 331559.481295775389299, 2989175.025455337483436 ], [ 331151.096851150272414, 2989801.058318687602878 ], [ 331277.095430529792793, 2990047.617222771979868 ], [ 331241.593763125536498, 2989888.483849339652807 ] ] ] ] } },
{ "type": "Feature", "properties": { "t": "river" }, "geometry": { "type": "Polygon", "coordinates": [ [ [ 328363.666562982252799, 2989894.402589342091233 ], [ 327910.300217084935866, 2989401.984988172072917 ], [ 327898.109587732586078, 2988515.669603782240301 ], [ 328471.546106299443636, 2988352.662666046060622 ], [ 328640.615720914443955, 2987652.244818212930113 ], [ 328471.090574937639758, 2988319.425923098810017 ], [ 327878.110210797400214, 2988504.863626083359122 ], [ 327870.151720262947492, 2989369.294201952405274 ], [ 328183.846078573202249, 2989808.223200163803995 ], [ 328363.666562982252799, 2989894.402589342091233 ] ] ] } },
{ "type": "Feature", "properties": { "t": "lake" }, "geometry": { "type": "Polygon", "coordinates": [ [ [ 333386.898535955522675, 2989272.443660883698612 ], [ 333486.715061602299102, 2989315.437586499843746 ], [ 333514.713789478526451, 2989182.096351447049528 ], [ 333386.898535955522675, 2989272.443660883698612 ] ] ] } },
{ "type": "Feature", "properties": { "t": "river" }, "geometry": { "type": "Polygon", "coordinates": [ [ [ 329593.634515077690594, 2987661.397557022515684 ], [ 329547.936378292506561, 2987950.12373612774536 ], [ 329691.242456583946478, 2988269.519761722069234 ], [ 329593.634515077690594, 2987661.397557022515684 ] ] ] } },
{ "type": "Feature", "properties": { "t": "river" }, "geometry": { "type": "Polygon", "coordinates": [ [ [ 332245.141214899485931, 2987758.554174192249775 ], [ 332213.439057565003168, 2987614.929080850910395 ], [ 332205.74255078821443, 2987781.243766426574439 ], [ 332245.141214899485931, 2987758.554174192249775 ] ] ] } },
{ "type": "Feature", "properties": { "t": "river" }, "geometry": { "type": "Polygon", "coordinates": [ [ [ 332749.780453025596216, 2987640.994184695649892 ], [ 332699.716319403145462, 2987608.420941780786961 ], [ 332720.304565959377214, 2987663.549503618385643 ], [ 332749.780453025596216, 2987640.994184695649892 ] ] ] } },
{ "type": "Feature", "properties": { "t": "river" }, "geometry": { "type": "Polygon", "coordinates": [ [ [ 329018.641200928366743, 2987713.561649640556425 ], [ 328799.402113959018607, 2987650.072279174812138 ], [ 328899.249273092485964, 2987693.031028566416353 ], [ 329018.641200928366743, 2987713.561649640556425 ] ] ] } },
{ "type": "Feature", "properties": { "t": "river" }, "geometry": { "type": "MultiPolygon", "coordinates": [ [ [ [ 307881.918438583204988, 2997850.158263190183789 ], [ 307943.658987613278441, 2997350.49842438660562 ], [ 307862.08448475797195, 2997850.463855173904449 ], [ 307988.131788330967538, 2997925.507658326998353 ], [ 307881.918438583204988, 2997850.158263190183789 ] ] ], [ [ [ 308395.477258558617905, 2998994.826170813757926 ], [ 308509.316180008347146, 2999047.205237166956067 ], [ 308814.559706146421377, 2998511.848696634639055 ], [ 308699.874277233146131, 2998430.474328222684562 ], [ 308395.477258558617905, 2998994.826170813757926 ] ], [ [ 308795.23670332506299, 2998545.392173156142235 ], [ 308727.352050001500174, 2998646.174976288340986 ], [ 308774.724124634638429, 2998501.377299021929502 ], [ 308795.23670332506299, 2998545.392173156142235 ] ] ], [ [ [ 308398.305617452075239, 3000468.744509739335626 ], [ 308970.771462807955686, 3001044.816460568457842 ], [ 308838.470324397494551, 3000716.877424452919513 ], [ 308418.13535338989459, 3000468.439525273162872 ], [ 308995.023771840147674, 2999284.848162405192852 ], [ 308948.956667600083165, 2999265.099660676904023 ], [ 308398.305617452075239, 3000468.744509739335626 ] ] ], [ [ [ 308557.553266940813046, 3001796.187810768373311 ], [ 308850.414694782230072, 3001556.684517395216972 ], [ 309066.387901702313684, 3001281.834377553313971 ], [ 309049.305969220469706, 3001239.49034766620025 ], [ 308557.553266940813046, 3001796.187810768373311 ] ] ], [ [ [ 309096.187134304724168, 3001355.703712950926274 ], [ 309074.711645141302142, 3001302.468024685513228 ], [ 309027.907513156766072, 3001411.538299544714391 ], [ 309096.187134304724168, 3001355.703712950926274 ] ] ] ] } },
{ "type": "Feature", "properties": { "t": "river" }, "geometry": { "type": "MultiPolygon", "coordinates": [ [ [ [ 303909.713381866167765, 2998200.139964413829148 ], [ 303514.399798808968626, 2997663.310230282135308 ], [ 303548.658790185116231, 2997319.206529389601201 ], [ 303494.215954842162319, 2997641.462825256865472 ], [ 303889.705333230551332, 2998189.371954524889588 ], [ 303497.744333779264707, 2998494.776760102249682 ], [ 303554.766741914208978, 2998555.555871789809316 ], [ 303909.713381866167765, 2998200.139964413829148 ] ] ], [ [ [ 304153.468943318817765, 2999193.750544127076864 ], [ 304197.145578591560479, 3000079.680138289462775 ], [ 304255.130635217879899, 3000119.221320722717792 ], [ 304163.210929390275851, 2999182.514771596994251 ], [ 303917.57636312651448, 2998942.286931266076863 ], [ 304153.468943318817765, 2999193.750544127076864 ] ] ], [ [ [ 304909.403409013291821, 3000565.418252605013549 ], [ 304916.603911441285163, 3000423.039272691123188 ], [ 304350.881558201974258, 3000184.516919553745538 ], [ 304909.403409013291821, 3000565.418252605013549 ] ] ], [ [ [ 305229.688081638945732, 3000783.867543605156243 ], [ 305327.647255179472268, 3001078.822223933879286 ], [ 305197.344580970238894, 3000618.133636548183858 ], [ 305058.5031630739104, 3000667.109411685261875 ], [ 305229.688081638945732, 3000783.867543605156243 ] ] ], [ [ [ 305176.9261149581871, 3001848.627855428494513 ], [ 305428.281936593994033, 3001434.639335315674543 ], [ 305417.741113862372003, 3001397.368988886009902 ], [ 305176.9261149581871, 3001848.627855428494513 ] ] ] ] } },
{ "type": "Feature", "properties": { "t": "river" }, "geometry": { "type": "Polygon", "coordinates": [ [ [ 310155.258682381710969, 2997970.4927505296655 ], [ 309837.194884466938674, 2997277.154933375772089 ], [ 309727.597041419008747, 2997245.579527552705258 ], [ 310155.258682381710969, 2997970.4927505296655 ] ] ] } },
{ "type": "Feature", "properties": { "t": "river" }, "geometry": { "type": "Polygon", "coordinates": [ [ [ 309696.999684257723857, 2997190.634853674564511 ], [ 309587.569798439624719, 2997170.140337775927037 ], [ 309727.597041419008747, 2997245.579527552705258 ], [ 309696.999684257723857, 2997190.634853674564511 ] ] ] } },
{ "type": "Feature", "properties": { "t": "river" }, "geometry": { "type": "MultiPolygon", "coordinates": [ [ [ [ 308413.672021595644765, 2993719.339678436052054 ], [ 308379.28333470178768, 2993604.998213150538504 ], [ 307852.99111928162165, 2994038.259086160454899 ], [ 307903.108629333844874, 2994075.168110138271004 ], [ 308413.672021595644765, 2993719.339678436052054 ] ] ], [ [ [ 308068.601432794472203, 2992572.074175206478685 ], [ 308014.692685699090362, 2992938.619519894011319 ], [ 308345.350654060719535, 2993492.174794814549387 ], [ 308068.601432794472203, 2992572.074175206478685 ] ] ], [ [ [ 308321.490491983538959, 2994383.301178831141442 ], [ 308324.33325325808255, 2994363.486005009617656 ], [ 308061.269706078630406, 2994191.648452624678612 ], [ 308321.490491983538959, 2994383.301178831141442 ] ] ], [ [ [ 308191.925141901418101, 2994786.64871355285868 ], [ 308682.691460120957345, 2995452.714291898068041 ], [ 308687.144885824527591, 2995377.495995034463704 ], [ 308252.632740007364191, 2994863.292656049598008 ], [ 308318.462753739207983, 2994404.405807760544121 ], [ 308191.925141901418101, 2994786.64871355285868 ] ] ], [ [ [ 308707.083911465480924, 2996031.048338160384446 ], [ 308572.815981571446173, 2996332.330916952807456 ], [ 307946.266350271936972, 2996231.135403736494482 ], [ 307891.171002913150005, 2997162.905724310316145 ], [ 307946.607428631861694, 2996253.294946459122002 ], [ 308563.407825850707013, 2996365.72233511460945 ], [ 308747.266893018502742, 2996063.679429225623608 ], [ 309037.272998325817753, 2996214.390475077554584 ], [ 308786.700922864722088, 2996694.768650028388947 ], [ 308818.297289612237364, 2996713.52168178698048 ], [ 309067.19720929779578, 2996225.014860989525914 ], [ 308707.323534047580324, 2995949.509512182790786 ], [ 308707.083911465480924, 2996031.048338160384446 ] ] ], [ [ [ 309587.569798439624719, 2997170.140337775927037 ], [ 309274.199852525896858, 2996787.046971220057458 ], [ 308825.542332412675023, 2996717.821768310386688 ], [ 309587.569798439624719, 2997170.140337775927037 ] ] ] ] } },
{ "type": "Feature", "properties": { "t": "river" }, "geometry": { "type": "MultiPolygon", "coordinates": [ [ [ [ 301910.766783071972895, 2994751.737472333945334 ], [ 301881.184479343763087, 2994719.731743042822927 ], [ 301695.876670369645581, 2994965.721899256110191 ], [ 301708.140399673662614, 2994975.233150154352188 ], [ 301910.766783071972895, 2994751.737472333945334 ] ] ], [ [ [ 302147.443397356953938, 2995315.955675601959229 ], [ 302166.836974892590661, 2995257.484412206802517 ], [ 301857.612864958762657, 2995091.159994672518224 ], [ 302147.443397356953938, 2995315.955675601959229 ] ] ], [ [ [ 302016.03710331232287, 2995758.600530838593841 ], [ 302788.140348235261627, 2995651.505732514429837 ], [ 302637.774557227967307, 2995549.263452702201903 ], [ 302031.954407907440327, 2995709.873793181031942 ], [ 302016.03710331232287, 2995758.600530838593841 ] ] ], [ [ [ 302963.636394751956686, 2996707.801295202691108 ], [ 303488.280307418433949, 2997264.744132820982486 ], [ 302973.029555753339082, 2996674.404737372882664 ], [ 302908.563497483846731, 2995733.390746134333313 ], [ 302832.362411626032554, 2995681.575481297913939 ], [ 302963.636394751956686, 2996707.801295202691108 ] ] ] ] } },
{ "type": "Feature", "properties": { "t": "river" }, "geometry": { "type": "Polygon", "coordinates": [ [ [ 301868.769993066904135, 2996481.319759615696967 ], [ 302488.443352435948327, 2996770.729342138860375 ], [ 301445.322723179589957, 2996055.820886909030378 ], [ 301868.769993066904135, 2996481.319759615696967 ] ] ] } },
{ "type": "Feature", "properties": { "t": "river" }, "geometry": { "type": "Polygon", "coordinates": [ [ [ 313166.728680851520039, 2993071.070483943447471 ], [ 313469.142274141777307, 2993387.929185695014894 ], [ 313039.061240903916769, 2992496.71581692667678 ], [ 313166.728680851520039, 2993071.070483943447471 ] ] ] } },
{ "type": "Feature", "properties": { "t": "river" }, "geometry": { "type": "Polygon", "coordinates": [ [ [ 306538.709003626776394, 2993105.459544441662729 ], [ 306493.705979834427126, 2992762.60082907602191 ], [ 306417.77073540375568, 2992985.426020452752709 ], [ 306538.709003626776394, 2993105.459544441662729 ] ] ] } },
{ "type": "Feature", "properties": { "t": "river" }, "geometry": { "type": "MultiPolygon", "coordinates": [ [ [ [ 312837.288787732366472, 2991613.175287971738726 ], [ 313009.298262111376971, 2992497.161173499189317 ], [ 312882.628718482330441, 2991436.988918423186988 ], [ 312837.288787732366472, 2991613.175287971738726 ] ] ], [ [ [ 313128.149288811604492, 2991154.462155099026859 ], [ 313091.266911541228183, 2990626.319903493393213 ], [ 312910.728011308296118, 2991327.800949800759554 ], [ 313128.149288811604492, 2991154.462155099026859 ] ] ], [ [ [ 312812.718186176382005, 2989308.488983871415257 ], [ 312166.748930682369974, 2987932.919876442290843 ], [ 313033.480546513805166, 2990345.290268851444125 ], [ 312812.718186176382005, 2989308.488983871415257 ] ] ] ] } },
{ "type": "Feature", "properties": { "t": "river" }, "geometry": { "type": "MultiPolygon", "coordinates": [ [ [ [ 305684.149252435483504, 2989838.310092663392425 ], [ 305505.527160324680153, 2989841.086162548977882 ], [ 305585.066894614254124, 2990207.684791513718665 ], [ 305684.149252435483504, 2989838.310092663392425 ] ] ], [ [ [ 305644.518411658063997, 2990481.708267896901816 ], [ 306157.072355579817668, 2990545.154213580768555 ], [ 305616.101549184997566, 2990350.728262290358543 ], [ 305644.518411658063997, 2990481.708267896901816 ] ] ], [ [ [ 305745.702327905630227, 2991244.825890690088272 ], [ 305851.414545234641992, 2991290.462964263744652 ], [ 306321.336580338771455, 2990604.196833845227957 ], [ 306263.136321873695124, 2990583.277208648156375 ], [ 305745.702327905630227, 2991244.825890690088272 ] ] ], [ [ [ 306365.176419942232314, 2991512.276521215215325 ], [ 306891.737986677500885, 2992191.239869393408298 ], [ 307914.16372711234726, 2992208.730118128471076 ], [ 308028.916777058271691, 2992572.683804224710912 ], [ 307962.749492891831324, 2992141.48942910740152 ], [ 306950.924803765956312, 2992168.160649498458952 ], [ 306304.270483777800109, 2991424.5606500771828 ], [ 305913.542928084847517, 2991317.285001459531486 ], [ 306365.176419942232314, 2991512.276521215215325 ] ] ] ] } },
{ "type": "Feature", "properties": { "t": "river" }, "geometry": { "type": "Polygon", "coordinates": [ [ [ 306419.076595376478508, 2991788.502405310980976 ], [ 305837.240330449189059, 2991387.475901787634939 ], [ 306409.326338399201632, 2991799.735846138093621 ], [ 306461.368442119914107, 2992596.865088243968785 ], [ 306419.076595376478508, 2991788.502405310980976 ] ] ] } },
{ "type": "Feature", "properties": { "t": "lake" }, "geometry": { "type": "Polygon", "coordinates": [ [ [ 304008.444474769756198, 2990584.820382384117693 ], [ 304177.134302648017183, 2990582.177667779382318 ], [ 304164.261753719998524, 2990393.975721695460379 ], [ 304008.444474769756198, 2990584.820382384117693 ] ] ] } },
{ "type": "Feature", "properties": { "t": "river" }, "geometry": { "type": "MultiPolygon", "coordinates": [ [ [ [ 304655.679442233231384, 2989742.924648763611913 ], [ 303956.970403201994486, 2989200.30656258109957 ], [ 304944.708809196366929, 2988885.64202957926318 ], [ 304828.457640320586506, 2988433.072652021888644 ], [ 304731.086459635640495, 2988441.39457779051736 ], [ 304789.104863098589703, 2988455.851366959512234 ], [ 304885.336139340768568, 2988897.650144036393613 ], [ 303867.654071490978822, 2989201.706338287331164 ], [ 303873.295082195312716, 2989227.354081493336707 ], [ 304655.679442233231384, 2989742.924648763611913 ] ] ], [ [ [ 304820.808087753248401, 2989851.751422788482159 ], [ 305466.177971240831539, 2989863.862981408834457 ], [ 304673.719171159667894, 2989754.813401609193534 ], [ 304820.808087753248401, 2989851.751422788482159 ] ] ], [ [ [ 304752.244994466076605, 2988002.044394406955689 ], [ 304370.540099178208038, 2988351.56180980661884 ], [ 304545.438310455298051, 2988395.137538571842015 ], [ 304752.244994466076605, 2988002.044394406955689 ] ] ], [ [ [ 303974.533242361561861, 2989687.663913948927075 ], [ 303672.464943463972304, 2990047.043700033798814 ], [ 304024.325055109336972, 2989697.966327749192715 ], [ 303881.595208561513573, 2989265.092068796977401 ], [ 303974.533242361561861, 2989687.663913948927075 ] ] ] ] } },
{ "type": "Feature", "properties": { "t": "river" }, "geometry": { "type": "Polygon", "coordinates": [ [ [ 310382.617763527086936, 2989422.658714293502271 ], [ 310155.557881662505679, 2988849.830775848124176 ], [ 309592.900710745714605, 2988404.010635974351317 ], [ 310382.617763527086936, 2989422.658714293502271 ] ] ] } },
{ "type": "Feature", "properties": { "t": "river" }, "geometry": { "type": "Polygon", "coordinates": [ [ [ 313725.049659894837532, 2988585.62990849930793 ], [ 313626.634009647998028, 2988642.504742924124002 ], [ 313745.363918482209556, 2989283.487792881671339 ], [ 313725.049659894837532, 2988585.62990849930793 ] ] ] } },
{ "type": "Feature", "properties": { "t": "river" }, "geometry": { "type": "Polygon", "coordinates": [ [ [ 309367.814097335096449, 2987964.14983766246587 ], [ 309433.604161286028102, 2988373.188595461193472 ], [ 309593.069272303546313, 2988415.090240540914237 ], [ 309367.814097335096449, 2987964.14983766246587 ] ] ] } },
{ "type": "Feature", "properties": { "t": "river" }, "geometry": { "type": "Polygon", "coordinates": [ [ [ 351060.248900988139212, 3006611.191605865955353 ], [ 350909.932438847608864, 3006532.367440648376942 ], [ 350914.162402707443107, 3006547.379562509246171 ], [ 351060.248900988139212, 3006611.191605865955353 ] ] ] } },
{ "type": "Feature", "properties": { "t": "river" }, "geometry": { "type": "Polygon", "coordinates": [ [ [ 349201.637700300198048, 3001919.602816233877093 ], [ 349199.741421499056742, 3001913.514784371014684 ], [ 349222.605162962165195, 3001938.454504087567329 ], [ 350191.963269964209758, 3002810.09528584824875 ], [ 350430.443311775277834, 3003682.547220087144524 ], [ 350281.742750725243241, 3004504.257962253410369 ], [ 350678.340259231044911, 3005341.571107493247837 ], [ 350821.804583506658673, 3005367.091258720029145 ], [ 350766.451659898273647, 3005268.783610304817557 ], [ 350599.515764376730658, 3005140.677318824455142 ], [ 350332.762473040842451, 3004460.809118364937603 ], [ 350437.402194405323826, 3004423.454851788002998 ], [ 350480.795005235006101, 3003748.422001945320517 ], [ 350170.940331279649399, 3002710.628267005551606 ], [ 349319.892374988819938, 3002011.780290534719825 ], [ 349033.626796149183065, 3001295.045108754187822 ], [ 348855.7395396057982, 3001341.523356100078672 ], [ 348954.440982410684228, 3001697.356886765453964 ], [ 349201.637700300198048, 3001919.602816233877093 ] ] ] } },
{ "type": "Feature", "properties": { "t": "river" }, "geometry": { "type": "MultiPolygon", "coordinates": [ [ [ [ 339987.009169316152111, 3002460.667121290694922 ], [ 340114.911420079413801, 3002454.09057990135625 ], [ 339528.405384338111617, 3001491.48140407120809 ], [ 339229.736450417432934, 3001395.609100664965808 ], [ 339519.492240860126913, 3001569.160222697071731 ], [ 339513.54290866095107, 3001788.217579618096352 ], [ 339987.009169316152111, 3002460.667121290694922 ] ] ], [ [ [ 340349.807363595813513, 3002921.390643326565623 ], [ 340752.500556334038265, 3003015.955502065364271 ], [ 340379.115668726561125, 3002887.773061502259225 ], [ 340332.25793678406626, 3002810.855183816980571 ], [ 340349.807363595813513, 3002921.390643326565623 ] ] ], [ [ [ 340970.411012831085827, 3003389.90597835322842 ], [ 340991.804125366907101, 3003424.755679385736585 ], [ 341125.87716407107655, 3003144.148787647485733 ], [ 341055.983011752832681, 3003120.150632266420871 ], [ 340970.411012831085827, 3003389.90597835322842 ] ] ], [ [ [ 341193.12297412683256, 3003752.717850155662745 ], [ 341273.306087779637892, 3003815.665333898738027 ], [ 341131.034829180571251, 3003651.569944015238434 ], [ 341193.12297412683256, 3003752.717850155662745 ] ] ] ] } },
{ "type": "Feature", "properties": { "t": "river" }, "geometry": { "type": "MultiPolygon", "coordinates": [ [ [ [ 318667.867675520363264, 3014433.335617346223444 ], [ 319564.750562444445677, 3015484.107245583087206 ], [ 318718.194549963227473, 3014488.009045846760273 ], [ 318768.759425891097635, 3014156.63334487285465 ], [ 318667.867675520363264, 3014433.335617346223444 ] ] ], [ [ [ 319293.484768685942981, 3013183.018122726585716 ], [ 319243.878435072023422, 3012688.408072231803089 ], [ 319248.859806878957897, 3012840.129044813569635 ], [ 318976.824259235407226, 3013586.048539381008595 ], [ 319293.484768685942981, 3013183.018122726585716 ] ], [ [ 319233.089938233199064, 3013117.407154426444322 ], [ 319263.610528669843916, 3013172.371750182472169 ], [ 319185.669576138840057, 3013262.163903221487999 ], [ 319193.311188087274786, 3013106.905377529095858 ], [ 319231.15110635641031, 3012984.452290607616305 ], [ 319233.089938233199064, 3013117.407154426444322 ] ] ], [ [ [ 319084.822040293598548, 3011102.660235922317952 ], [ 318794.314166332711466, 3010885.261780636850744 ], [ 319055.104335129028186, 3011103.093660070095211 ], [ 319091.932039491366595, 3011590.160630835220218 ], [ 318319.146082335268147, 3010914.374946941621602 ], [ 318851.125273356330581, 3011383.118668441195041 ], [ 319196.264146293106023, 3012213.681923571042717 ], [ 319084.822040293598548, 3011102.660235922317952 ] ], [ [ 319113.197351740091108, 3011689.587706469465047 ], [ 319143.398337187536526, 3011722.393015413079411 ], [ 319134.139234529633541, 3011766.855695240199566 ], [ 319064.316734527237713, 3011734.628376976586878 ], [ 318983.294795311638154, 3011613.909499330446124 ], [ 319113.197351740091108, 3011689.587706469465047 ] ], [ [ 319022.108458451344632, 3011557.93349635694176 ], [ 319062.377133355475962, 3011601.673661372158676 ], [ 318962.99864467093721, 3011580.95996133191511 ], [ 318962.351778652111534, 3011536.641714029014111 ], [ 319022.108458451344632, 3011557.93349635694176 ] ] ] ] } },
{ "type": "Feature", "properties": { "t": "river" }, "geometry": { "type": "Polygon", "coordinates": [ [ [ 319524.010842726798728, 3015407.127246463205665 ], [ 319183.122140057035722, 3015123.968410530593246 ], [ 319544.945805623196065, 3015484.395807103253901 ], [ 319524.010842726798728, 3015407.127246463205665 ] ] ] } },
{ "type": "Feature", "properties": { "t": "river" }, "geometry": { "type": "Polygon", "coordinates": [ [ [ 318305.021432380541228, 3010626.45106332981959 ], [ 318794.314166332711466, 3010885.261780636850744 ], [ 318181.437652909371536, 3010306.884715571068227 ], [ 318272.815303942596074, 3010543.170039332937449 ], [ 318324.347383815213107, 3010592.922233045566827 ], [ 318286.896170891413931, 3010579.581269318237901 ], [ 318305.021432380541228, 3010626.45106332981959 ] ] ] } },
{ "type": "Feature", "properties": { "t": "river" }, "geometry": { "type": "Polygon", "coordinates": [ [ [ 317793.276552458410151, 3009514.676172832027078 ], [ 318183.548061208159197, 3010450.919183509424329 ], [ 318158.707598280743696, 3009431.743973354808986 ], [ 318017.408477782388218, 3009932.502497353591025 ], [ 317864.41543569881469, 3009635.533730184659362 ], [ 318152.053736968897283, 3008977.482022300828248 ], [ 317925.775731360015925, 3009316.279155367519706 ], [ 317844.438587419514079, 3009624.744913722854108 ], [ 317841.758069801668171, 3009442.081640868447721 ], [ 317793.276552458410151, 3009514.676172832027078 ] ] ] } },
{ "type": "Feature", "properties": { "t": "river" }, "geometry": { "type": "Polygon", "coordinates": [ [ [ 318168.452583202393726, 3009420.519286822061986 ], [ 318283.772044910932891, 3009175.02817942108959 ], [ 318167.641133925761096, 3009365.121477672364563 ], [ 318168.452583202393726, 3009420.519286822061986 ] ] ] } },
{ "type": "Feature", "properties": { "t": "river" }, "geometry": { "type": "Polygon", "coordinates": [ [ [ 318652.488382007577457, 3008637.705448082182556 ], [ 318556.356628046371043, 3008162.588082040660083 ], [ 318979.242484874208458, 3007258.78627008991316 ], [ 319497.818644818617031, 3006796.8866510046646 ], [ 319602.156919539673254, 3006473.999046307522804 ], [ 319204.085566992056556, 3007044.957303652074188 ], [ 319559.301480850903317, 3006252.985075126867741 ], [ 319331.377123134210706, 3006256.296172213740647 ], [ 318515.428344984306023, 3008074.530905894935131 ], [ 318583.295026878186036, 3008649.79807037813589 ], [ 318161.474571500439197, 3008944.098244024906307 ], [ 318652.488382007577457, 3008637.705448082182556 ] ], [ [ 319239.531541427655611, 3006756.313886747695506 ], [ 319201.022523801133502, 3006834.446965700946748 ], [ 319228.332777731062379, 3006667.822137964423746 ], [ 319239.531541427655611, 3006756.313886747695506 ] ] ] } },
{ "type": "Feature", "properties": { "t": "river" }, "geometry": { "type": "MultiPolygon", "coordinates": [ [ [ [ 320109.917602950183209, 3005945.795693475753069 ], [ 320086.796171422058251, 3005853.352747878059745 ], [ 319348.942168625013437, 3006100.895421131979674 ], [ 319743.569769237248693, 3005973.266458384227008 ], [ 319499.842969222052488, 3006253.848436183296144 ], [ 320109.917602950183209, 3005945.795693475753069 ] ] ], [ [ [ 319888.967685501440428, 3005062.453417954500765 ], [ 320598.702815623546485, 3004099.165827238932252 ], [ 319858.433083084062673, 3005007.486905290279537 ], [ 319962.620584949385375, 3005356.90048904158175 ], [ 319888.967685501440428, 3005062.453417954500765 ] ] ] ] } },
{ "type": "Feature", "properties": { "t": "river" }, "geometry": { "type": "Polygon", "coordinates": [ [ [ 327877.316835433011875, 3012130.015619557350874 ], [ 328691.475352617446333, 3012610.526175216306001 ], [ 328696.236450761556625, 3012606.254683350212872 ], [ 327896.357397302635945, 3012074.344404008705169 ], [ 328215.694191800663248, 3011526.929695269558579 ], [ 328119.829682682058774, 3011294.274147194810212 ], [ 327877.316835433011875, 3012130.015619557350874 ] ] ] } },
{ "type": "Feature", "properties": { "t": "river" }, "geometry": { "type": "Polygon", "coordinates": [ [ [ 327461.414190500741825, 3009887.496571659576148 ], [ 327155.462905931519344, 3009380.785120833665133 ], [ 327868.15708467119839, 3010756.051794643048197 ], [ 328046.541407226934098, 3010044.371618702542037 ], [ 327896.716841731104068, 3009957.797618743497878 ], [ 327865.390333691495471, 3010556.625573170371354 ], [ 327473.332615481049288, 3009907.236599564086646 ], [ 327429.727571422641631, 3009864.549897513352334 ], [ 327461.414190500741825, 3009887.496571659576148 ] ] ] } },
{ "type": "Feature", "properties": { "t": "river" }, "geometry": { "type": "Polygon", "coordinates": [ [ [ 331348.838645739946514, 3006608.23028598446399 ], [ 331340.88454961165553, 3006752.392582265660167 ], [ 331430.665379658050369, 3006795.498695787973702 ], [ 331348.838645739946514, 3006608.23028598446399 ] ] ] } },
{ "type": "Feature", "properties": { "t": "river" }, "geometry": { "type": "Polygon", "coordinates": [ [ [ 331474.950784932589158, 3006407.059691125061363 ], [ 331471.64567065180745, 3006163.3205361883156 ], [ 331348.838645739946514, 3006608.23028598446399 ], [ 331474.950784932589158, 3006407.059691125061363 ] ] ] } },
{ "type": "Feature", "properties": { "t": "river" }, "geometry": { "type": "MultiPolygon", "coordinates": [ [ [ [ 331409.174485351599287, 3004479.843782452400774 ], [ 330995.912629852071404, 3003975.722734844312072 ], [ 331340.400855728192255, 3004525.100530908908695 ], [ 331181.680420955701265, 3004516.172948683612049 ], [ 331189.960846235160716, 3004766.870413356926292 ], [ 331409.174485351599287, 3004479.843782452400774 ] ] ], [ [ [ 331231.548211265122518, 3005269.00975979026407 ], [ 331283.160283586941659, 3005342.576129907742143 ], [ 331388.456075318274088, 3005144.988998498301953 ], [ 331316.740841414022725, 3005100.192043500952423 ], [ 331231.548211265122518, 3005269.00975979026407 ] ] ], [ [ [ 331482.608531703532208, 3005626.873636264819652 ], [ 331483.65411567594856, 3005586.941402886994183 ], [ 331433.020565945305862, 3005556.188524635974318 ], [ 331482.608531703532208, 3005626.873636264819652 ] ] ] ] } },
{ "type": "Feature", "properties": { "t": "river" }, "geometry": { "type": "Polygon", "coordinates": [ [ [ 330857.308161715976894, 3003988.687716929242015 ], [ 330568.227014095580671, 3003870.729677649214864 ], [ 330780.129667955334298, 3004144.872741794679314 ], [ 330857.308161715976894, 3003988.687716929242015 ] ] ] } },
{ "type": "Feature", "properties": { "t": "river" }, "geometry": { "type": "MultiPolygon", "coordinates": [ [ [ [ 330269.467609656217974, 3003043.718605883885175 ], [ 330240.695041163940914, 3002995.403811872471124 ], [ 329971.960584348067641, 3003036.698948245029896 ], [ 329998.737510997336358, 3003087.852214572019875 ], [ 330269.467609656217974, 3003043.718605883885175 ] ] ], [ [ [ 330096.378144063521177, 3002753.073655079118907 ], [ 330028.254043262684718, 3002803.22631861967966 ], [ 330198.052494627307169, 3002923.799363614059985 ], [ 330096.378144063521177, 3002753.073655079118907 ] ] ], [ [ [ 330449.793227075249888, 3002453.962234999518842 ], [ 330141.150666828267276, 3002358.440449818503112 ], [ 330253.147083934512921, 3002581.726609277538955 ], [ 330449.793227075249888, 3002453.962234999518842 ] ] ], [ [ [ 330409.648112756491173, 3003872.890547547489405 ], [ 330384.992194755701348, 3003518.631053492426872 ], [ 330034.316946755978279, 3003155.822030804120004 ], [ 330409.648112756491173, 3003872.890547547489405 ] ] ] ] } },
{ "type": "Feature", "properties": { "t": "river" }, "geometry": { "type": "Polygon", "coordinates": [ [ [ 330509.116230632644147, 3002442.073183254338801 ], [ 330477.417705458356068, 3002298.450718727894127 ], [ 330459.705539548303932, 3002453.827212222386152 ], [ 330509.116230632644147, 3002442.073183254338801 ] ] ] } },
{ "type": "Feature", "properties": { "t": "river" }, "geometry": { "type": "Polygon", "coordinates": [ [ [ 330384.58274598303251, 3002033.769206824246794 ], [ 330227.491278842790052, 3002146.721582234371454 ], [ 330457.441930485656485, 3002287.641697781160474 ], [ 330384.58274598303251, 3002033.769206824246794 ] ] ] } },
{ "type": "Feature", "properties": { "t": "river" }, "geometry": { "type": "Polygon", "coordinates": [ [ [ 330570.962872758274898, 3001887.177145826164633 ], [ 330460.413770699989982, 3001777.871327689383179 ], [ 330452.009742348047439, 3001888.796595091465861 ], [ 330570.962872758274898, 3001887.177145826164633 ] ] ] } },
{ "type": "Feature", "properties": { "t": "river" }, "geometry": { "type": "Polygon", "coordinates": [ [ [ 330427.808261176454835, 3001567.77484141336754 ], [ 330309.304989766387735, 3001602.632586252875626 ], [ 330450.802680231630802, 3001800.164375348482281 ], [ 330427.808261176454835, 3001567.77484141336754 ] ] ] } },
{ "type": "Feature", "properties": { "t": "river" }, "geometry": { "type": "Polygon", "coordinates": [ [ [ 330567.645862421486527, 3001643.438653301913291 ], [ 330575.297493119258434, 3001477.118467189837247 ], [ 330497.350215196609497, 3001577.909004998393357 ], [ 330567.645862421486527, 3001643.438653301913291 ] ] ] } },
{ "type": "Feature", "properties": { "t": "river" }, "geometry": { "type": "Polygon", "coordinates": [ [ [ 305707.866301463101991, 3004732.903450176585466 ], [ 305377.51974333380349, 3003895.784248987212777 ], [ 305689.348200871725567, 3003547.34742166288197 ], [ 305357.521827059215866, 3003885.014428818132728 ], [ 305697.781596614047885, 3004721.978328447323292 ], [ 305573.607859568088315, 3005023.151472529396415 ], [ 305707.866301463101991, 3004732.903450176585466 ] ] ] } },
{ "type": "Feature", "properties": { "t": "river" }, "geometry": { "type": "Polygon", "coordinates": [ [ [ 301887.082409304333851, 3005114.586435262579471 ], [ 301877.197763042873703, 3004494.099600709509104 ], [ 301578.601125390850939, 3004421.278872517403215 ], [ 301848.697507161414251, 3004572.134137134067714 ], [ 301753.640650656190701, 3004828.556566215585917 ], [ 301887.082409304333851, 3005114.586435262579471 ] ] ] } },
{ "type": "Feature", "properties": { "t": "river" }, "geometry": { "type": "Polygon", "coordinates": [ [ [ 305827.60505240841303, 3003511.941100172698498 ], [ 305763.113995654275641, 3003191.550845118705183 ], [ 305689.348200871725567, 3003547.34742166288197 ], [ 305827.60505240841303, 3003511.941100172698498 ] ] ] } },
{ "type": "Feature", "properties": { "t": "river" }, "geometry": { "type": "MultiPolygon", "coordinates": [ [ [ [ 305504.904389398347121, 3002530.624303199816495 ], [ 305216.928482946939766, 3001870.167299053166062 ], [ 305433.605760200996883, 3002409.829347507096827 ], [ 305305.563581720460206, 3003098.956996202003211 ], [ 305389.090043588192202, 3003135.58133573224768 ], [ 305504.904389398347121, 3002530.624303199816495 ] ] ], [ [ [ 305525.206118930422235, 3003195.26658600429073 ], [ 305682.946320728282444, 3003137.389166321605444 ], [ 305424.411705440841615, 3003151.069262105971575 ], [ 305525.206118930422235, 3003195.26658600429073 ] ] ] ] } },
{ "type": "Feature", "properties": { "t": "river" }, "geometry": { "type": "MultiPolygon", "coordinates": [ [ [ [ 308329.499869834457058, 3003085.262474345508963 ], [ 308555.031099754734896, 3002872.076644951943308 ], [ 308446.747856469475664, 3002972.632495030760765 ], [ 308329.499869834457058, 3003085.262474345508963 ] ] ], [ [ [ 308818.160654240346048, 3002623.365651366766542 ], [ 308607.462922991369851, 3001817.585370489396155 ], [ 308797.907947876374237, 3002642.508005703799427 ], [ 308818.160654240346048, 3002623.365651366766542 ] ] ] ] } }
]
}
