{
"type": "FeatureCollection",
"name": "6_water_utm",
"crs": { "type": "name", "properties": { "name": "urn:ogc:def:crs:EPSG::32644" } },
"features": [
{ "type": "Feature", "properties": { "t": "lake" }, "geometry": { "type": "Polygon", "coordinates": [ [ [ 743372.033896005246788, 3236376.378629469778389 ], [ 743375.348043839796446, 3236221.187212728895247 ], [ 743256.068033572169952, 3236340.632246982771903 ], [ 743372.033896005246788, 3236376.378629469778389 ] ] ] } },
{ "type": "Feature", "properties": { "t": "lake" }, "geometry": { "type": "Polygon", "coordinates": [ [ [ 743162.858757237321697, 3236150.110720403026789 ], [ 743252.733086773660034, 3236041.127169651445001 ], [ 743048.544771429616958, 3236036.771092193201184 ], [ 743162.858757237321697, 3236150.110720403026789 ] ] ] } },
{ "type": "Feature", "properties": { "t": "lake" }, "geometry": { "type": "Polygon", "coordinates": [ [ [ 749450.226115843630396, 3232892.248363040853292 ], [ 749337.385783835081384, 3232712.332223642151803 ], [ 749239.152793040382676, 3232754.548800717573613 ], [ 749450.226115843630396, 3232892.248363040853292 ] ] ] } },
{ "type": "Feature", "properties": { "t": "lake" }, "geometry": { "type": "Polygon", "coordinates": [ [ [ 743673.29507010942325, 3231835.856480913702399 ], [ 743496.083371582441032, 3231931.885881606023759 ], [ 743509.624691667384468, 3232209.427179017104208 ], [ 743673.29507010942325, 3231835.856480913702399 ] ] ] } },
{ "type": "Feature", "properties": { "t": "lake" }, "geometry": { "type": "Polygon", "coordinates": [ [ [ 743409.924031778005883, 3231408.814447796437889 ], [ 743300.326113293762319, 3231528.469118431676179 ], [ 743435.796572659397498, 3231564.627211396116763 ], [ 743409.924031778005883, 3231408.814447796437889 ] ] ] } },
{ "type": "Feature", "properties": { "t": "lake" }, "geometry": { "type": "Polygon", "coordinates": [ [ [ 744002.739437317941338, 3229624.870099252555519 ], [ 743826.438682939275168, 3229676.556508068926632 ], [ 743978.783854762674309, 3229835.070366513449699 ], [ 744002.739437317941338, 3229624.870099252555519 ] ] ] } },
{ "type": "Feature", "properties": { "t": "lake" }, "geometry": { "type": "Polygon", "coordinates": [ [ [ 749156.809510635444894, 3229392.305658529512584 ], [ 749372.063361616106704, 3229341.548778279684484 ], [ 749188.898397185257636, 3229259.918838259764016 ], [ 749156.809510635444894, 3229392.305658529512584 ] ] ] } },
{ "type": "Feature", "properties": { "t": "lake" }, "geometry": { "type": "Polygon", "coordinates": [ [ [ 758961.49850184773095, 3228867.196380393579602 ], [ 758680.07211992435623, 3228827.548717382363975 ], [ 758843.479260314721614, 3228919.979856157675385 ], [ 758961.49850184773095, 3228867.196380393579602 ] ] ] } },
{ "type": "Feature", "properties": { "t": "lake" }, "geometry": { "type": "Polygon", "coordinates": [ [ [ 755318.84818896302022, 3228507.960365112870932 ], [ 755199.608202665345743, 3228616.208207461982965 ], [ 755305.898675063392147, 3228651.855269343592227 ], [ 755318.84818896302022, 3228507.960365112870932 ] ] ] } },
{ "type": "Feature", "properties": { "t": "lake" }, "geometry": { "type": "Polygon", "coordinates": [ [ [ 747781.753387692384422, 3228164.638352831359953 ], [ 747855.989785655285232, 3228332.603990658186376 ], [ 747938.639455530559644, 3228112.588059541769326 ], [ 747781.753387692384422, 3228164.638352831359953 ] ] ] } },
{ "type": "Feature", "properties": { "t": "lake" }, "geometry": { "type": "Polygon", "coordinates": [ [ [ 747523.574164464953355, 3227050.007449323311448 ], [ 747481.050888716476038, 3227215.442552051972598 ], [ 747762.29017674503848, 3227265.894305808935314 ], [ 747523.574164464953355, 3227050.007449323311448 ] ] ] } },
{ "type": "Feature", "properties": { "t": "lake" }, "geometry": { "type": "Polygon", "coordinates": [ [ [ 755805.848220620770007, 3222278.526496435049921 ], [ 755797.845664832275361, 3222266.456445930525661 ], [ 755782.387819616822526, 3222249.529074534773827 ], [ 755798.642736276029609, 3222285.500843500252813 ], [ 755805.848220620770007, 3222278.526496435049921 ] ] ] } },
{ "type": "Feature", "properties": { "t": "lake" }, "geometry": { "type": "Polygon", "coordinates": [ [ [ 746293.291238672914915, 3220879.471105525735766 ], [ 746128.963542917510495, 3220820.490463314577937 ], [ 746267.863798172445968, 3221156.17855911841616 ], [ 746293.291238672914915, 3220879.471105525735766 ] ] ] } },
{ "type": "Feature", "properties": { "t": "lake" }, "geometry": { "type": "Polygon", "coordinates": [ [ [ 743626.903657658956945, 3212494.008618260268122 ], [ 743763.780081469798461, 3212474.730266810394824 ], [ 743698.631055347505026, 3212329.181984378024936 ], [ 743626.903657658956945, 3212494.008618260268122 ] ] ] } },
{ "type": "Feature", "properties": { "t": "river" }, "geometry": { "type": "MultiPolygon", "coordinates": [ [ [ [ 720113.949755174806342, 3235493.176004212349653 ], [ 720077.348221252323128, 3235467.088168889284134 ], [ 720106.88620162056759, 3235858.950802764389664 ], [ 720513.430274547194131, 3236761.637586682103574 ], [ 720533.442661016597413, 3236432.697767909616232 ], [ 720081.051688881241716, 3235182.070891206618398 ], [ 720383.098445570562035, 3235154.641248512547463 ], [ 720309.386110045714304, 3234942.540275926236063 ], [ 720781.52668296371121, 3234594.362243325915188 ], [ 720734.553029784932733, 3234584.851554675493389 ], [ 721490.056320835603401, 3233246.729333680588752 ], [ 721952.064355592476204, 3233000.67705766344443 ], [ 722823.370161717291921, 3233716.229130338877439 ], [ 723717.36719118070323, 3235252.850777729414403 ], [ 724930.318651559879072, 3235398.693289482034743 ], [ 723737.465478713391349, 3235219.979714472778141 ], [ 723005.527551769511774, 3233852.850009940098971 ], [ 722078.484993585734628, 3233003.137074040714651 ], [ 722483.931840052362531, 3232547.542734852991998 ], [ 722178.53756717662327, 3232860.936612876132131 ], [ 721372.717966004391201, 3233277.716678839176893 ], [ 720637.749527794425376, 3234560.801548245828599 ], [ 720344.25270419777371, 3234144.862369648180902 ], [ 720311.227550965035334, 3234343.812135191168636 ], [ 719884.038149196421728, 3234302.302603665739298 ], [ 720616.158447677618824, 3234671.266199639532715 ], [ 720044.942065422423184, 3235037.22719831392169 ], [ 720074.218885653768666, 3235425.575803918298334 ], [ 720113.949755174806342, 3235493.176004212349653 ] ], [ [ 720113.215840591466986, 3235027.456941477023065 ], [ 720221.879855864215642, 3234940.849691960494965 ], [ 720191.640758580178954, 3234995.70670681539923 ], [ 720113.215840591466986, 3235027.456941477023065 ] ] ], [ [ [ 723262.266905592055991, 3231673.074778403621167 ], [ 723399.891203167964704, 3231099.549202289432287 ], [ 722983.414438550476916, 3230004.748412722256035 ], [ 723022.788086062995717, 3229808.122080578003079 ], [ 722925.050820561591536, 3230003.609179203864187 ], [ 722618.760564359137788, 3229979.23774806316942 ], [ 722885.060283826082014, 3230058.270477432291955 ], [ 723362.503630272462033, 3231021.198920517694205 ], [ 723137.28945274790749, 3231813.476345046889037 ], [ 723262.266905592055991, 3231673.074778403621167 ] ] ], [ [ [ 724426.247622228460386, 3230365.660932036116719 ], [ 725398.660956726409495, 3230405.934984566643834 ], [ 724818.602365103201009, 3230207.050273964181542 ], [ 724349.302260900265537, 3230319.79527186602354 ], [ 723468.169557233108208, 3231441.770597831346095 ], [ 724426.247622228460386, 3230365.660932036116719 ] ] ], [ [ [ 725734.237829766003415, 3230858.22031430574134 ], [ 725504.857037115842104, 3230442.350441699381918 ], [ 725459.079254932818003, 3230426.652734274044633 ], [ 725734.237829766003415, 3230858.22031430574134 ] ] ], [ [ [ 726070.044678374193609, 3231384.968239158857614 ], [ 726554.758922586450353, 3231411.208124546799809 ], [ 726037.947114918148145, 3231334.617137301247567 ], [ 726070.044678374193609, 3231384.968239158857614 ] ] ], [ [ [ 729650.052313820575364, 3232387.891753871925175 ], [ 730814.212688450701535, 3232555.53496537450701 ], [ 733021.41705874807667, 3234529.917806868441403 ], [ 734097.200869830790907, 3235304.296640985645354 ], [ 734201.528493202989921, 3235330.348249214701355 ], [ 734131.385879594949074, 3235328.907470140140504 ], [ 735542.412480365252122, 3236344.937593425158411 ], [ 732028.84290053951554, 3233589.278618944808841 ], [ 732835.057761330157518, 3233074.590992656070739 ], [ 731951.721398929134011, 3233554.442784709855914 ], [ 730776.431386021897197, 3232499.325727214105427 ], [ 730431.51917519280687, 3232400.964161342009902 ], [ 730388.975345155922696, 3232413.874047306366265 ], [ 730361.214961495483294, 3232380.91641358891502 ], [ 728851.274278700700961, 3231950.469167716335505 ], [ 728966.041173167526722, 3231564.66055165277794 ], [ 729272.667730493354611, 3231337.224931288510561 ], [ 729352.714186336612329, 3231206.489252666011453 ], [ 729385.902352936449461, 3231007.556009551044554 ], [ 729380.89183320349548, 3231256.955329198855907 ], [ 729439.698371502105147, 3231213.339509876910597 ], [ 729660.116905585746281, 3230436.445167055353522 ], [ 729755.279336042469367, 3230405.092502389568835 ], [ 729680.240194022655487, 3230403.583150022197515 ], [ 729805.665443855104968, 3229973.63887764653191 ], [ 730102.854352213675156, 3229713.487578205298632 ], [ 729772.774604964070022, 3229673.576949128881097 ], [ 729303.413368980865926, 3231238.765642893966287 ], [ 728863.708215422113426, 3231576.840198168996722 ], [ 728907.683584214188159, 3231563.490220966283232 ], [ 728847.103906945325434, 3231673.164166007656604 ], [ 728706.495843133307062, 3231892.123072857037187 ], [ 728600.176137458416633, 3231856.726759379729629 ], [ 728808.363174203783274, 3231619.395673769060522 ], [ 728670.922736746957526, 3231725.077743928879499 ], [ 727655.733020878396928, 3231574.453294711653143 ], [ 729650.052313820575364, 3232387.891753871925175 ] ] ], [ [ [ 733123.00982425105758, 3232890.786713328678161 ], [ 734649.213026914512739, 3232955.33857857901603 ], [ 735676.563124302541837, 3232677.097450491506606 ], [ 733191.7669936446473, 3232858.923993104603142 ], [ 733141.418794429046102, 3232639.134979690425098 ], [ 732983.617821649299003, 3232979.761196714360267 ], [ 733123.00982425105758, 3232890.786713328678161 ] ] ], [ [ [ 730326.266095388564281, 3230216.992471383418888 ], [ 730965.410210566711612, 3229409.313640050124377 ], [ 730451.94114570657257, 3229775.969248766545206 ], [ 730283.706435032188892, 3230231.011709457729012 ], [ 730326.266095388564281, 3230216.992471383418888 ] ] ], [ [ [ 724691.241319025750272, 3227776.16859604883939 ], [ 725599.126445230212994, 3227638.810134377330542 ], [ 724857.292870329460129, 3227746.168207830749452 ], [ 725243.449751365347765, 3227066.206667555961758 ], [ 725153.193855487508699, 3227053.417876650113612 ], [ 725279.388946451479569, 3227002.927773300558329 ], [ 725280.774466288974509, 3227000.488274390343577 ], [ 725283.61603156873025, 3227001.236566327512264 ], [ 726183.385468665044755, 3226641.295544459484518 ], [ 726335.383457855437882, 3226495.964382940437645 ], [ 726262.982264976250008, 3226554.161571276374161 ], [ 725247.31279819610063, 3226722.617046740371734 ], [ 725098.204641824122518, 3224901.174966830760241 ], [ 724610.643132043769583, 3223949.081859192810953 ], [ 725060.58563859318383, 3224833.904460846446455 ], [ 725216.812492541270331, 3226788.547209644224495 ], [ 724662.92487259558402, 3227731.258263949304819 ], [ 723380.766563507611863, 3229092.177241746336222 ], [ 723227.186494369641878, 3229399.32099516550079 ], [ 724691.241319025750272, 3227776.16859604883939 ] ] ], [ [ [ 726887.869979296112433, 3225967.756670760456473 ], [ 726857.078722708625719, 3225556.8680410226807 ], [ 726761.33549193048384, 3226088.72427424415946 ], [ 726887.869979296112433, 3225967.756670760456473 ] ] ], [ [ [ 726189.527479348238558, 3227239.838888395112008 ], [ 726152.964051494258456, 3227195.121704005636275 ], [ 725864.533134015393443, 3227154.231159581337124 ], [ 726189.527479348238558, 3227239.838888395112008 ] ] ], [ [ [ 721448.229245583643205, 3229886.175728116184473 ], [ 721240.814586418331601, 3229039.452879008837044 ], [ 721065.572887218906544, 3229546.117724481504411 ], [ 721436.782916751457378, 3229974.659650501795113 ], [ 720935.54966868693009, 3230231.070030661765486 ], [ 720407.839015689096414, 3229843.87681527948007 ], [ 720742.509939408511855, 3230149.720140694174916 ], [ 720394.363640455645509, 3230542.170280460268259 ], [ 720456.244609098881483, 3230864.921465151477605 ], [ 720671.422495223698206, 3230303.580863493960351 ], [ 720961.084915802581236, 3230420.063381783664227 ], [ 721445.220766396145336, 3230041.352616662159562 ], [ 722018.132655543973669, 3229931.470162628684193 ], [ 721448.229245583643205, 3229886.175728116184473 ] ] ], [ [ [ 721098.927684683119878, 3235357.002637110650539 ], [ 721012.274479090818204, 3234844.029369130264968 ], [ 721018.730371789890341, 3234978.445872945711017 ], [ 720918.435780612402596, 3234632.765721689909697 ], [ 721009.923994587617926, 3234830.11572367278859 ], [ 720976.775078414008021, 3234633.896170524414629 ], [ 720797.503554519033059, 3234597.597105869557709 ], [ 721098.927684683119878, 3235357.002637110650539 ] ] ] ] } },
{ "type": "Feature", "properties": { "t": "river" }, "geometry": { "type": "Polygon", "coordinates": [ [ [ 735149.048474856652319, 3236081.75655234279111 ], [ 736565.641375493491068, 3236720.999175185803324 ], [ 736964.044110550777987, 3236719.240181538276374 ], [ 735149.048474856652319, 3236081.75655234279111 ] ] ] } },
{ "type": "Feature", "properties": { "t": "lake" }, "geometry": { "type": "Polygon", "coordinates": [ [ [ 738735.434081248706207, 3235291.317352443467826 ], [ 738845.614728476153687, 3235604.138211125042289 ], [ 738971.553870482719503, 3235628.957229002378881 ], [ 738735.434081248706207, 3235291.317352443467826 ] ] ] } },
{ "type": "Feature", "properties": { "t": "lake" }, "geometry": { "type": "Polygon", "coordinates": [ [ [ 726797.739247162477113, 3234914.522798472084105 ], [ 726848.561025911360048, 3234804.646418045740575 ], [ 726664.91847032145597, 3234745.550605558790267 ], [ 726797.739247162477113, 3234914.522798472084105 ] ] ] } },
{ "type": "Feature", "properties": { "t": "lake" }, "geometry": { "type": "Polygon", "coordinates": [ [ [ 738812.116121740895323, 3234416.834011714439839 ], [ 738910.288881904445589, 3234374.531290633138269 ], [ 738864.917059940285981, 3234218.324605130124837 ], [ 738812.116121740895323, 3234416.834011714439839 ] ] ] } },
{ "type": "Feature", "properties": { "t": "lake" }, "geometry": { "type": "Polygon", "coordinates": [ [ [ 736899.357817475451156, 3233767.013917596079409 ], [ 736773.625300549902022, 3233731.134727004449815 ], [ 736712.745812399080023, 3233851.85618816036731 ], [ 736899.357817475451156, 3233767.013917596079409 ] ] ] } },
{ "type": "Feature", "properties": { "t": "lake" }, "geometry": { "type": "Polygon", "coordinates": [ [ [ 742402.728792455745861, 3228426.365012411028147 ], [ 742175.892339851940051, 3228565.725416060071439 ], [ 742231.450392008991912, 3228699.981949998997152 ], [ 742402.728792455745861, 3228426.365012411028147 ] ] ] } },
{ "type": "Feature", "properties": { "t": "lake" }, "geometry": { "type": "Polygon", "coordinates": [ [ [ 722664.662066956749186, 3225385.801984031219035 ], [ 722598.268875040113926, 3225295.804140400141478 ], [ 722525.407382664969191, 3225538.328170337714255 ], [ 722664.662066956749186, 3225385.801984031219035 ] ] ] } },
{ "type": "Feature", "properties": { "t": "lake" }, "geometry": { "type": "Polygon", "coordinates": [ [ [ 721129.188247943297029, 3224746.17643370013684 ], [ 721332.909846554975957, 3224783.379031080752611 ], [ 721423.711240816977806, 3224618.813407675363123 ], [ 721129.188247943297029, 3224746.17643370013684 ] ] ] } },
{ "type": "Feature", "properties": { "t": "lake" }, "geometry": { "type": "Polygon", "coordinates": [ [ [ 724600.96298661455512, 3223449.914943253155798 ], [ 724484.602392571978271, 3223425.456272312439978 ], [ 724564.589668111409992, 3223815.117827347014099 ], [ 724600.96298661455512, 3223449.914943253155798 ] ] ] } },
{ "type": "Feature", "properties": { "t": "lake" }, "geometry": { "type": "Polygon", "coordinates": [ [ [ 722226.122976759332232, 3214355.679531472735107 ], [ 722198.830712763709016, 3214255.359349766746163 ], [ 722023.285465729306452, 3214263.053582444321364 ], [ 722226.122976759332232, 3214355.679531472735107 ] ] ] } },
{ "type": "Feature", "properties": { "t": "lake" }, "geometry": { "type": "Polygon", "coordinates": [ [ [ 718520.167959402315319, 3228820.777989294845611 ], [ 718600.112650720635429, 3228711.427214787341654 ], [ 718517.433973070583306, 3228454.822443245444447 ], [ 718520.167959402315319, 3228820.777989294845611 ] ] ] } },
{ "type": "Feature", "properties": { "t": "lake" }, "geometry": { "type": "Polygon", "coordinates": [ [ [ 695988.360426000552252, 3224587.359545529820025 ], [ 696073.799459673115052, 3224145.373203179333359 ], [ 695713.756209939834662, 3224139.211098124273121 ], [ 695988.360426000552252, 3224587.359545529820025 ] ] ] } },
{ "type": "Feature", "properties": { "t": "lake" }, "geometry": { "type": "Polygon", "coordinates": [ [ [ 697413.090972449048422, 3222117.425052275881171 ], [ 697269.009302216698416, 3222004.079824197106063 ], [ 697215.002282541710883, 3222313.566044562961906 ], [ 697413.090972449048422, 3222117.425052275881171 ] ] ] } },
{ "type": "Feature", "properties": { "t": "lake" }, "geometry": { "type": "Polygon", "coordinates": [ [ [ 696910.611220870632678, 3221898.136933899018914 ], [ 697234.467031955486163, 3221748.500376663170755 ], [ 697286.949099657009356, 3221527.678298408631235 ], [ 697112.133136954158545, 3221502.496775246690959 ], [ 696910.611220870632678, 3221898.136933899018914 ] ] ] } },
{ "type": "Feature", "properties": { "t": "lake" }, "geometry": { "type": "Polygon", "coordinates": [ [ [ 701474.965398182510398, 3221999.678567912429571 ], [ 701507.478621520684101, 3221811.778386262711138 ], [ 701388.537612478481606, 3221931.639268558006734 ], [ 701474.965398182510398, 3221999.678567912429571 ] ] ] } },
{ "type": "Feature", "properties": { "t": "lake" }, "geometry": { "type": "Polygon", "coordinates": [ [ [ 698353.273892749683, 3218419.742937160655856 ], [ 698438.020596018759534, 3218587.503559020347893 ], [ 698499.695695268223062, 3218400.103298448957503 ], [ 698353.273892749683, 3218419.742937160655856 ] ] ] } },
{ "type": "Feature", "properties": { "t": "lake" }, "geometry": { "type": "Polygon", "coordinates": [ [ [ 697234.600839774007909, 3211538.108645037282258 ], [ 697509.271008005249314, 3211431.961589781101793 ], [ 697286.351272267755121, 3211361.618383849970996 ], [ 697234.600839774007909, 3211538.108645037282258 ] ] ] } },
{ "type": "Feature", "properties": { "t": "lake" }, "geometry": { "type": "Polygon", "coordinates": [ [ [ 712411.117385286837816, 3210300.571438151877373 ], [ 712774.085177185479552, 3210174.231485530268401 ], [ 712474.69492749881465, 3210024.565105935558677 ], [ 712411.117385286837816, 3210300.571438151877373 ] ] ] } },
{ "type": "Feature", "properties": { "t": "lake" }, "geometry": { "type": "Polygon", "coordinates": [ [ [ 721916.092293842346407, 3265123.600438279099762 ], [ 721800.59875708213076, 3265076.972572883591056 ], [ 721846.467499020043761, 3265210.94107276853174 ], [ 721916.092293842346407, 3265123.600438279099762 ] ] ] } },
{ "type": "Feature", "properties": { "t": "lake" }, "geometry": { "type": "Polygon", "coordinates": [ [ [ 732095.217376264743507, 3252242.844835272990167 ], [ 732053.711502243299037, 3251898.221430372446775 ], [ 731812.52936779987067, 3252292.504290390294045 ], [ 732095.217376264743507, 3252242.844835272990167 ] ] ] } },
{ "type": "Feature", "properties": { "t": "lake" }, "geometry": { "type": "Polygon", "coordinates": [ [ [ 732339.365446162293665, 3251704.464707688428462 ], [ 732704.980948752490804, 3251401.461085605435073 ], [ 732254.254259765031748, 3251591.825245682150126 ], [ 732339.365446162293665, 3251704.464707688428462 ] ] ] } },
{ "type": "Feature", "properties": { "t": "river" }, "geometry": { "type": "MultiPolygon", "coordinates": [ [ [ [ 721978.417327178409323, 3250576.409841314423829 ], [ 721701.561204292112961, 3250826.029394807759672 ], [ 721741.383774306043051, 3250846.139302311465144 ], [ 721978.417327178409323, 3250576.409841314423829 ] ] ], [ [ [ 722249.781681359745562, 3251102.893000124953687 ], [ 722732.067647308460437, 3250779.700504426378757 ], [ 723738.977042214362882, 3249468.881665350869298 ], [ 724902.202957818168215, 3248615.874177947640419 ], [ 725635.166616770671681, 3247421.743223618716002 ], [ 725689.003269358538091, 3246668.771806586533785 ], [ 726100.488289135508239, 3246011.627475750166923 ], [ 726462.3297207999276, 3245896.860392379574478 ], [ 726130.512568090227433, 3245967.869881839025766 ], [ 725690.766177775571123, 3246580.0960982311517 ], [ 725586.163274641497992, 3247442.946772472932935 ], [ 724794.278478328371421, 3248669.17905209120363 ], [ 723690.642273326637223, 3249456.839424819219857 ], [ 722673.810619044583291, 3250778.555897875223309 ], [ 722208.506922870874405, 3251082.046896100509912 ], [ 722249.781681359745562, 3251102.893000124953687 ] ] ] ] } },
{ "type": "Feature", "properties": { "t": "lake" }, "geometry": { "type": "Polygon", "coordinates": [ [ [ 733382.471060809679329, 3251049.437569489236921 ], [ 733102.481160080758855, 3250966.049087830353528 ], [ 733167.714106022380292, 3251100.465225517284125 ], [ 733382.471060809679329, 3251049.437569489236921 ] ] ] } },
{ "type": "Feature", "properties": { "t": "river" }, "geometry": { "type": "MultiPolygon", "coordinates": [ [ [ [ 720816.798939091502689, 3243379.488512101117522 ], [ 721021.299390189349651, 3244858.224564368836582 ], [ 721365.602742780814879, 3246140.10399262001738 ], [ 722173.185780772939324, 3247575.214116454590112 ], [ 722095.324483225354925, 3248686.780283183790743 ], [ 722191.959145231521688, 3247608.847411297727376 ], [ 721898.72149030957371, 3246704.937230755575001 ], [ 721442.661466744262725, 3246174.872105061076581 ], [ 721127.347060277592391, 3245021.583920676261187 ], [ 721067.930387296830304, 3244958.927967324387282 ], [ 721041.591088410816155, 3244814.265622741542757 ], [ 721078.234477876336314, 3244841.976654518395662 ], [ 721061.667232036823407, 3244781.390956310555339 ], [ 720885.455358098261058, 3243347.557374755386263 ], [ 721049.340931406943128, 3242504.034449019003659 ], [ 720816.798939091502689, 3243379.488512101117522 ] ], [ [ 721868.066143529606052, 3246781.957823245320469 ], [ 721726.053363007260486, 3246590.678078837227076 ], [ 721868.93271588452626, 3246737.620599093846977 ], [ 721868.066143529606052, 3246781.957823245320469 ] ] ], [ [ [ 721220.286264478345402, 3241624.276174984872341 ], [ 720488.923987799673341, 3239736.146025382447988 ], [ 721186.993984659085982, 3241795.604463915806264 ], [ 721220.286264478345402, 3241624.276174984872341 ] ] ] ] } },
{ "type": "Feature", "properties": { "t": "river" }, "geometry": { "type": "Polygon", "coordinates": [ [ [ 720350.372854463057593, 3238857.48721178714186 ], [ 720290.339556866209023, 3238945.031713815405965 ], [ 720448.916884617530741, 3239291.838693018537015 ], [ 720350.372854463057593, 3238857.48721178714186 ] ] ] } },
{ "type": "Feature", "properties": { "t": "lake" }, "geometry": { "type": "Polygon", "coordinates": [ [ [ 742270.788833531900309, 3238759.461800692602992 ], [ 742207.039745048154145, 3239013.177805199753493 ], [ 742316.798132892232388, 3238882.432050881441683 ], [ 742270.788833531900309, 3238759.461800692602992 ] ] ] } },
{ "type": "Feature", "properties": { "t": "lake" }, "geometry": { "type": "Polygon", "coordinates": [ [ [ 724856.397325966740027, 3238158.299846773967147 ], [ 724990.731204511830583, 3238249.662294780369848 ], [ 725100.722447108244523, 3238096.594813231844455 ], [ 724856.397325966740027, 3238158.299846773967147 ] ] ] } },
{ "type": "Feature", "properties": { "t": "river" }, "geometry": { "type": "MultiPolygon", "coordinates": [ [ [ [ 699636.871249061310664, 3264485.392899281810969 ], [ 700148.288189770421013, 3265181.864022228401154 ], [ 699810.820418132934719, 3264521.73513740953058 ], [ 700446.612665291992016, 3264222.576607750728726 ], [ 702663.212749932776205, 3264483.937448305543512 ], [ 703158.184518705704249, 3264364.320669791661203 ], [ 701624.166556505602784, 3264272.643904636148363 ], [ 701638.731364119332284, 3264277.088995623867959 ], [ 701589.850900077144615, 3264298.389746294356883 ], [ 701554.533625260926783, 3264268.487460078205913 ], [ 700398.522374372580089, 3264199.547602817881852 ], [ 699608.958635086193681, 3264418.375913102179766 ], [ 699091.426476157386787, 3265163.151370073668659 ], [ 699636.871249061310664, 3264485.392899281810969 ] ] ], [ [ [ 704670.196974782738835, 3263999.070767050143331 ], [ 704982.25985713058617, 3264221.521688394248486 ], [ 704835.452548818662763, 3263979.895617040805519 ], [ 705369.379381544305943, 3263715.010152565315366 ], [ 703912.890693295630626, 3264181.981737134978175 ], [ 704670.196974782738835, 3263999.070767050143331 ] ] ], [ [ [ 706642.278345293016173, 3263083.663800085894763 ], [ 706540.231239096261561, 3263057.446774623822421 ], [ 706251.397686437703669, 3263277.514700870029628 ], [ 706642.278345293016173, 3263083.663800085894763 ] ] ], [ [ [ 706658.895400174660608, 3263162.873424842022359 ], [ 707312.417148137232289, 3263271.186540391296148 ], [ 709159.014710719930008, 3262662.934730721171945 ], [ 707784.452644220786169, 3262925.06285009207204 ], [ 707283.730457072728314, 3263248.484083670191467 ], [ 706647.009390611434355, 3263084.879283335059881 ], [ 706658.895400174660608, 3263162.873424842022359 ] ] ], [ [ [ 706724.445307325222529, 3263593.02747011417523 ], [ 707056.825390192912892, 3263759.82655273983255 ], [ 706664.662174068507738, 3263200.714612854178995 ], [ 706724.445307325222529, 3263593.02747011417523 ] ] ], [ [ [ 708329.631946514011361, 3264398.701331317424774 ], [ 709233.577598975971341, 3265346.816226786933839 ], [ 708339.533776322379708, 3264387.796461707912385 ], [ 708680.777582606766373, 3264294.315267250873148 ], [ 710280.779855450615287, 3265366.300109200645238 ], [ 708691.090049246675335, 3264261.242650280706584 ], [ 707644.63348382699769, 3264054.844540945254266 ], [ 708329.631946514011361, 3264398.701331317424774 ] ] ], [ [ [ 709352.464967551641166, 3262599.235048379283398 ], [ 709483.768973109778017, 3262421.379912486765534 ], [ 709230.43520986661315, 3262639.41678399592638 ], [ 709352.464967551641166, 3262599.235048379283398 ] ] ], [ [ [ 711622.134851027280092, 3259525.845713057555258 ], [ 714096.555315660196356, 3258519.091912426520139 ], [ 714599.585929173510522, 3258096.193526630289853 ], [ 714703.70570022019092, 3257681.912344420328736 ], [ 714185.977518897969276, 3258409.9048319500871 ], [ 711563.926313908188604, 3259524.755569729954004 ], [ 710893.592689243843779, 3260512.155532312579453 ], [ 711622.134851027280092, 3259525.845713057555258 ] ] ], [ [ [ 715732.516559595474973, 3257729.669587602838874 ], [ 717995.113287712796591, 3256675.31811126600951 ], [ 715762.472224725410342, 3257685.888265892863274 ], [ 714894.029526080703363, 3257414.320238691754639 ], [ 714814.367713601328433, 3257526.321598835289478 ], [ 715732.516559595474973, 3257729.669587602838874 ] ] ] ] } },
{ "type": "Feature", "properties": { "t": "lake" }, "geometry": { "type": "Polygon", "coordinates": [ [ [ 695968.733960394165479, 3241582.444880898110569 ], [ 695866.419335713144392, 3241880.018104506656528 ], [ 696115.812390700099058, 3241507.374603722244501 ], [ 695968.733960394165479, 3241582.444880898110569 ] ] ] } },
{ "type": "Feature", "properties": { "t": "lake" }, "geometry": { "type": "Polygon", "coordinates": [ [ [ 717994.387842096621171, 3270269.818811491131783 ], [ 718127.050116032594815, 3269928.641774472780526 ], [ 717822.068123275879771, 3270155.59609934175387 ], [ 717994.387842096621171, 3270269.818811491131783 ] ] ] } },
{ "type": "Feature", "properties": { "t": "lake" }, "geometry": { "type": "Polygon", "coordinates": [ [ [ 719076.769699830794707, 3268461.202808192465454 ], [ 719145.707072156830691, 3268407.100695693399757 ], [ 719013.222088367678225, 3268238.193305055145174 ], [ 719076.769699830794707, 3268461.202808192465454 ] ] ] } },
{ "type": "Feature", "properties": { "t": "lake" }, "geometry": { "type": "Polygon", "coordinates": [ [ [ 705901.58009225060232, 3277803.508639134932309 ], [ 706065.2142589566065, 3277861.951285702642053 ], [ 705981.301098897703923, 3277683.005462642293423 ], [ 705901.58009225060232, 3277803.508639134932309 ] ] ] } },
{ "type": "Feature", "properties": { "t": "lake" }, "geometry": { "type": "Polygon", "coordinates": [ [ [ 713881.674308659159578, 3276976.980749698355794 ], [ 713961.490220432169735, 3276856.529080325737596 ], [ 713775.777702631545253, 3276431.631967903580517 ], [ 713881.674308659159578, 3276976.980749698355794 ] ] ] } },
{ "type": "Feature", "properties": { "t": "river" }, "geometry": { "type": "MultiPolygon", "coordinates": [ [ [ [ 706365.833657490089536, 3266225.321866353042424 ], [ 705665.361714591272175, 3265281.158149925991893 ], [ 706346.239918376784772, 3266236.050773043651134 ], [ 706161.610279103042558, 3268904.801922725979239 ], [ 706218.539514285163023, 3269001.610706764273345 ], [ 706365.833657490089536, 3266225.321866353042424 ] ] ], [ [ [ 706866.79588570445776, 3270104.126919917296618 ], [ 706718.685552528942935, 3270777.759084991645068 ], [ 706915.052529901149683, 3270116.101824061479419 ], [ 707288.875455021858215, 3270392.61217525601387 ], [ 706783.024402455659583, 3269961.637882094830275 ], [ 706866.79588570445776, 3270104.126919917296618 ] ] ], [ [ [ 707406.726252407766879, 3270610.550234305206686 ], [ 707364.453121790429577, 3270457.007714505773038 ], [ 707348.621281359810382, 3270443.518173872027546 ], [ 707406.726252407766879, 3270610.550234305206686 ] ] ], [ [ [ 708063.508752024034038, 3272498.99416191643104 ], [ 707971.172501733410172, 3272774.48332339245826 ], [ 707639.32879042159766, 3273422.534679072909057 ], [ 707762.069517028401606, 3274123.340230826754123 ], [ 707603.632283537648618, 3274830.037571453023702 ], [ 707781.651792265940458, 3274112.614382939878851 ], [ 707667.577460038359277, 3273467.408078572247177 ], [ 708089.912277017720044, 3272643.625493873842061 ], [ 708447.413480269024149, 3272705.687203350476921 ], [ 707999.570856494130567, 3272315.120095595251769 ], [ 708063.508752024034038, 3272498.99416191643104 ] ] ] ] } },
{ "type": "Feature", "properties": { "t": "river" }, "geometry": { "type": "MultiPolygon", "coordinates": [ [ [ [ 700817.810034154215828, 3270604.367785629350692 ], [ 700347.690932657453232, 3270873.169712802395225 ], [ 700826.710074894246645, 3270648.875978116411716 ], [ 701301.299963251687586, 3272298.289685002993792 ], [ 700861.037652291823179, 3270519.464819308836013 ], [ 700817.810034154215828, 3270604.367785629350692 ] ] ], [ [ [ 701976.154706899658777, 3269003.70308846514672 ], [ 701310.133965272689238, 3269637.477409200277179 ], [ 700956.245794859249145, 3270332.472065750509501 ], [ 701976.154706899658777, 3269003.70308846514672 ] ] ], [ [ [ 702209.247573392931372, 3268700.076459963340312 ], [ 702547.548888555495068, 3269837.075734955258667 ], [ 702936.720399858197197, 3270230.614470650441945 ], [ 702566.933097753906623, 3269837.424592571333051 ], [ 702285.461425968213007, 3268235.774332646746188 ], [ 701714.603420542087406, 3267083.537632597610354 ], [ 701660.359969679499045, 3267033.941692354623228 ], [ 702225.111197453923523, 3268356.651858538389206 ], [ 702114.105318790301681, 3268824.006278821267188 ], [ 702209.247573392931372, 3268700.076459963340312 ] ] ], [ [ [ 700378.669750210712664, 3265862.276740554254502 ], [ 700148.288189770421013, 3265181.864022228401154 ], [ 700387.379905415000394, 3265917.867725495714694 ], [ 701554.88746789295692, 3266937.508024901617318 ], [ 700378.669750210712664, 3265862.276740554254502 ] ] ], [ [ [ 704122.786382315331139, 3271871.842089009471238 ], [ 703765.458919591619633, 3271111.952250638045371 ], [ 703563.348440977511927, 3270896.994719584006816 ], [ 704122.786382315331139, 3271871.842089009471238 ] ] ], [ [ [ 704147.96690467488952, 3273003.779309824574739 ], [ 703715.494002647814341, 3274404.059020931832492 ], [ 704219.417174569098279, 3272805.499850373715162 ], [ 704138.819084412185475, 3271905.940057648811489 ], [ 704129.575230992748402, 3271886.280419640708715 ], [ 704147.96690467488952, 3273003.779309824574739 ] ] ] ] } },
{ "type": "Feature", "properties": { "t": "lake" }, "geometry": { "type": "Polygon", "coordinates": [ [ [ 712217.092442624969408, 3273275.177383388858289 ], [ 711907.233699235948734, 3273258.243809414096177 ], [ 711953.173818535986356, 3273392.168392612133175 ], [ 712217.092442624969408, 3273275.177383388858289 ] ] ] } },
{ "type": "Feature", "properties": { "t": "lake" }, "geometry": { "type": "Polygon", "coordinates": [ [ [ 710779.029896099120378, 3272427.600971494801342 ], [ 711077.764135482022539, 3272521.909657004289329 ], [ 711178.41320161242038, 3272324.21309381397441 ], [ 710779.029896099120378, 3272427.600971494801342 ] ] ] } },
{ "type": "Feature", "properties": { "t": "river" }, "geometry": { "type": "MultiPolygon", "coordinates": [ [ [ [ 710662.793066243408248, 3266205.030793559737504 ], [ 711168.938834833330475, 3266544.830494457390159 ], [ 710597.101490291999653, 3266060.790502931922674 ], [ 710662.793066243408248, 3266205.030793559737504 ] ] ], [ [ [ 711766.106563897104934, 3266945.79491677461192 ], [ 712408.306431467062794, 3266736.758546861354262 ], [ 713711.283389030722901, 3267071.86589053273201 ], [ 712495.772839675890282, 3266727.319504755549133 ], [ 711536.926925100851804, 3266791.906382777262479 ], [ 711766.106563897104934, 3266945.79491677461192 ] ] ], [ [ [ 713678.703768062521704, 3269299.987057999707758 ], [ 713953.793544870335609, 3269641.681136686354876 ], [ 713075.706006072694436, 3267858.178267083130777 ], [ 713010.286287897499278, 3267812.688217851798981 ], [ 713678.703768062521704, 3269299.987057999707758 ] ] ], [ [ [ 714566.370394170749933, 3271057.742424553260207 ], [ 713976.429415690363385, 3272000.103265484794974 ], [ 714555.199008903815411, 3271135.147960658185184 ], [ 714642.006377958576195, 3270543.051658191718161 ], [ 714525.708550837123767, 3270410.336733851116151 ], [ 714566.370394170749933, 3271057.742424553260207 ] ] ], [ [ [ 716060.174243737244979, 3272028.853118329308927 ], [ 716914.112573810038157, 3272488.833689400926232 ], [ 717774.639857078669593, 3272605.264346192125231 ], [ 716895.159102313686162, 3272466.290937012992799 ], [ 715745.382430976256728, 3271694.875740897841752 ], [ 716060.174243737244979, 3272028.853118329308927 ] ] ] ] } },
{ "type": "Feature", "properties": { "t": "lake" }, "geometry": { "type": "Polygon", "coordinates": [ [ [ 717377.230928492965177, 3271599.599973959848285 ], [ 717495.670129223377444, 3271491.003406443633139 ], [ 717189.396651777205989, 3271285.491358048282564 ], [ 717377.230928492965177, 3271599.599973959848285 ] ] ] } },
{ "type": "Feature", "properties": { "t": "river" }, "geometry": { "type": "MultiPolygon", "coordinates": [ [ [ [ 695159.026405529584736, 3267655.460915002506226 ], [ 695683.895911972853355, 3268141.304935354273766 ], [ 695316.43077464052476, 3267525.146508959587663 ], [ 696374.563056137994863, 3266900.499741998035461 ], [ 696982.059895408106968, 3266101.185218219645321 ], [ 696941.087338075973094, 3266112.124722129665315 ], [ 696326.284498948487453, 3266888.571432821452618 ], [ 693612.764112503966317, 3268482.458484444767237 ], [ 695159.026405529584736, 3267655.460915002506226 ] ] ], [ [ [ 697707.774474301375449, 3266081.200089193414897 ], [ 699158.906629819655791, 3265186.517456363886595 ], [ 697800.476694819517434, 3265772.389480883721262 ], [ 697649.603842297568917, 3266080.179797091055661 ], [ 697306.594943854026496, 3265730.472431484144181 ], [ 697525.704226253787056, 3265956.05037356633693 ], [ 697022.578299297019839, 3266090.367137126624584 ], [ 697707.774474301375449, 3266081.200089193414897 ] ] ] ] } },
{ "type": "Feature", "properties": { "t": "river" }, "geometry": { "type": "MultiPolygon", "coordinates": [ [ [ [ 709825.048929765587673, 3266400.073716450016946 ], [ 709591.663946511223912, 3267388.041435743682086 ], [ 709844.852557385340333, 3266378.266588225029409 ], [ 709175.399809090420604, 3265345.736645131371915 ], [ 709825.048929765587673, 3266400.073716450016946 ] ] ], [ [ [ 709540.802361752837896, 3267603.368231325875968 ], [ 710298.346296286676079, 3268582.140975836198777 ], [ 709553.277954301098362, 3267550.551131380721927 ], [ 709540.802361752837896, 3267603.368231325875968 ] ] ] ] } },
{ "type": "Feature", "properties": { "t": "lake" }, "geometry": { "type": "Polygon", "coordinates": [ [ [ 714891.966787826502696, 3267205.206380733754486 ], [ 715044.124558352865279, 3267363.346445946954191 ], [ 715171.004564789356664, 3267321.415664516855031 ], [ 714891.966787826502696, 3267205.206380733754486 ] ] ] } },
{ "type": "Feature", "properties": { "t": "lake" }, "geometry": { "type": "Polygon", "coordinates": [ [ [ 676551.676156326197088, 3236575.402946997899562 ], [ 675974.634525735396892, 3236799.262475214898586 ], [ 676255.291907085105777, 3236881.19731817021966 ], [ 676551.676156326197088, 3236575.402946997899562 ] ] ] } },
{ "type": "Feature", "properties": { "t": "lake" }, "geometry": { "type": "Polygon", "coordinates": [ [ [ 677537.533751272480004, 3236945.450087994337082 ], [ 677675.157852340838872, 3236847.828889503609389 ], [ 677503.146821317612194, 3236656.698808855377138 ], [ 677537.533751272480004, 3236945.450087994337082 ] ] ] } },
{ "type": "Feature", "properties": { "t": "lake" }, "geometry": { "type": "Polygon", "coordinates": [ [ [ 678039.74590454378631, 3235290.503822557162493 ], [ 677955.028823403990828, 3235111.817480972968042 ], [ 677362.988731689983979, 3235667.934128641616553 ], [ 678039.74590454378631, 3235290.503822557162493 ] ] ] } },
{ "type": "Feature", "properties": { "t": "lake" }, "geometry": { "type": "Polygon", "coordinates": [ [ [ 689101.490383208496496, 3233739.254255827981979 ], [ 689931.33075866731815, 3232378.384128165431321 ], [ 690793.768158471677452, 3232570.148111356422305 ], [ 691077.97651955857873, 3232441.871674073394388 ], [ 691173.843854657607153, 3231944.605890726670623 ], [ 690193.010570295969956, 3231850.616370874457061 ], [ 690131.646499466965906, 3230862.944381621666253 ], [ 689732.776426888769493, 3230279.841598225291818 ], [ 689852.797535258578137, 3230082.289912431500852 ], [ 689236.23815783567261, 3229717.309242838993669 ], [ 688921.137622195761651, 3228769.797205577138811 ], [ 688356.444997913436964, 3228793.731713771354407 ], [ 688188.03968811663799, 3229566.961636771447957 ], [ 688489.575413410319015, 3230159.481635529082268 ], [ 688790.697625537635759, 3230186.627329698763788 ], [ 689371.449927248177119, 3230950.083099133800715 ], [ 689498.398243354633451, 3231506.484758354723454 ], [ 689082.990327499457635, 3232508.411813977174461 ], [ 688329.371202943846583, 3233382.816501275636256 ], [ 689101.490383208496496, 3233739.254255827981979 ] ] ] } },
{ "type": "Feature", "properties": { "t": "river" }, "geometry": { "type": "MultiPolygon", "coordinates": [ [ [ [ 670846.981780971982516, 3214297.033623390365392 ], [ 672370.531567024067044, 3213377.610690510831773 ], [ 672402.629912914941087, 3213293.424570309463888 ], [ 670975.062351683387533, 3214199.179342683870345 ], [ 670182.817536151735112, 3214420.187209197785705 ], [ 670846.981780971982516, 3214297.033623390365392 ] ] ], [ [ [ 672837.023178819334134, 3212154.234677583444864 ], [ 674031.350970027269796, 3211773.207594201434404 ], [ 674477.909904725849628, 3211236.829375410918146 ], [ 675636.307488907594234, 3210666.975118341390043 ], [ 676028.771398174576461, 3209852.707332910969853 ], [ 675538.724057993385941, 3210676.5701426086016 ], [ 674507.973433878039941, 3211181.862479550763965 ], [ 673933.779063607566059, 3211782.81571417208761 ], [ 673062.379132775589824, 3212068.948730203323066 ], [ 672323.132059474592097, 3211752.503992473706603 ], [ 672797.72980890609324, 3212175.813027588650584 ], [ 672657.040590837597847, 3212626.209792249836028 ], [ 672837.023178819334134, 3212154.234677583444864 ] ] ] ] } },
{ "type": "Feature", "properties": { "t": "river" }, "geometry": { "type": "Polygon", "coordinates": [ [ [ 676532.081373416585848, 3209439.199372430332005 ], [ 676611.212003727210686, 3209362.82053489703685 ], [ 676562.499117977451533, 3209362.073047732003033 ], [ 676532.081373416585848, 3209439.199372430332005 ] ] ] } },
{ "type": "Feature", "properties": { "t": "lake" }, "geometry": { "type": "Polygon", "coordinates": [ [ [ 652286.123547452851199, 3236723.981484312098473 ], [ 652278.775338475592434, 3236546.543775535188615 ], [ 651932.308200421277434, 3236286.992803364060819 ], [ 651600.397315714042634, 3236393.408226933330297 ], [ 651722.459168618312106, 3236716.460022578947246 ], [ 652286.123547452851199, 3236723.981484312098473 ] ] ] } },
{ "type": "Feature", "properties": { "t": "lake" }, "geometry": { "type": "Polygon", "coordinates": [ [ [ 646068.939894587500021, 3232652.555812650360167 ], [ 645969.738714371458627, 3232806.452571091707796 ], [ 646085.686855488223955, 3232863.353447492234409 ], [ 646068.939894587500021, 3232652.555812650360167 ] ] ] } },
{ "type": "Feature", "properties": { "t": "lake" }, "geometry": { "type": "Polygon", "coordinates": [ [ [ 650148.092058242298663, 3230788.063967065420002 ], [ 650452.290436088107526, 3230581.481902961619198 ], [ 650566.263202734757215, 3230050.97515422385186 ], [ 649838.835984942037612, 3230639.915373119525611 ], [ 650148.092058242298663, 3230788.063967065420002 ] ] ] } },
{ "type": "Feature", "properties": { "t": "lake" }, "geometry": { "type": "Polygon", "coordinates": [ [ [ 652180.616891113691963, 3229329.773416173178703 ], [ 651466.014889327809215, 3229674.949142784345895 ], [ 652049.180516080697998, 3229704.865221260581166 ], [ 652180.616891113691963, 3229329.773416173178703 ] ] ] } },
{ "type": "Feature", "properties": { "t": "lake" }, "geometry": { "type": "Polygon", "coordinates": [ [ [ 647226.357269492931664, 3228854.759798154234886 ], [ 647702.733596570789814, 3228871.992191402707249 ], [ 647247.092463008593768, 3228755.277105370536447 ], [ 647226.357269492931664, 3228854.759798154234886 ] ] ] } },
{ "type": "Feature", "properties": { "t": "lake" }, "geometry": { "type": "Polygon", "coordinates": [ [ [ 674277.874223603052087, 3246649.98672429472208 ], [ 674582.998096804367378, 3246388.631530477199703 ], [ 674550.288586057140492, 3245989.062354757450521 ], [ 674277.874223603052087, 3246649.98672429472208 ] ] ] } },
{ "type": "Feature", "properties": { "t": "lake" }, "geometry": { "type": "Polygon", "coordinates": [ [ [ 670862.595175716793165, 3244469.754290874581784 ], [ 671046.297598944976926, 3244527.943580016959459 ], [ 670883.353805353166535, 3244381.387222380843014 ], [ 670862.595175716793165, 3244469.754290874581784 ] ] ] } },
{ "type": "Feature", "properties": { "t": "lake" }, "geometry": { "type": "Polygon", "coordinates": [ [ [ 675596.120236878516153, 3243056.523895613383502 ], [ 675944.103911763406359, 3243172.7576644718647 ], [ 676427.132587407133542, 3242725.751090242993087 ], [ 675776.454265992040746, 3242704.585237904917449 ], [ 675596.120236878516153, 3243056.523895613383502 ] ] ] } },
{ "type": "Feature", "properties": { "t": "river" }, "geometry": { "type": "Polygon", "coordinates": [ [ [ 669975.385030381148681, 3240133.361474545206875 ], [ 669800.32931565924082, 3240141.832346436101943 ], [ 670457.040806200006045, 3240417.688009921927005 ], [ 669975.385030381148681, 3240133.361474545206875 ] ] ] } },
{ "type": "Feature", "properties": { "t": "river" }, "geometry": { "type": "Polygon", "coordinates": [ [ [ 669859.618724648840725, 3240076.208639679476619 ], [ 669802.479408271377906, 3239997.762282080948353 ], [ 669801.652459916309454, 3240053.173842284828424 ], [ 669859.618724648840725, 3240076.208639679476619 ] ] ] } },
{ "type": "Feature", "properties": { "t": "river" }, "geometry": { "type": "Polygon", "coordinates": [ [ [ 670211.903643787256442, 3237964.278634604997933 ], [ 670020.522266099927947, 3237761.893735215067863 ], [ 669836.538441686891019, 3237714.809272626880556 ], [ 670211.903643787256442, 3237964.278634604997933 ] ] ] } },
{ "type": "Feature", "properties": { "t": "lake" }, "geometry": { "type": "Polygon", "coordinates": [ [ [ 675544.580565240816213, 3237579.668679318856448 ], [ 675635.978331022197381, 3237326.120581657160074 ], [ 675437.84733700635843, 3237566.938872877508402 ], [ 675544.580565240816213, 3237579.668679318856448 ] ] ] } },
{ "type": "Feature", "properties": { "t": "river" }, "geometry": { "type": "Polygon", "coordinates": [ [ [ 670114.772773502627388, 3237308.826179619878531 ], [ 669960.102903750375845, 3237251.093311357311904 ], [ 669842.653515949146822, 3237304.764991091564298 ], [ 670114.772773502627388, 3237308.826179619878531 ] ] ] } },
{ "type": "Feature", "properties": { "t": "lake" }, "geometry": { "type": "Polygon", "coordinates": [ [ [ 662013.220288935466669, 3256666.04039444308728 ], [ 662119.620803438359872, 3256689.734470431692898 ], [ 662131.864646182046272, 3256512.556617816444486 ], [ 662013.220288935466669, 3256666.04039444308728 ] ] ] } },
{ "type": "Feature", "properties": { "t": "river" }, "geometry": { "type": "Polygon", "coordinates": [ [ [ 645460.003286402090453, 3244537.247267611790448 ], [ 645568.533362417947501, 3244405.635879555717111 ], [ 645460.570948760723695, 3244492.920627418905497 ], [ 645460.003286402090453, 3244537.247267611790448 ] ] ] } },
{ "type": "Feature", "properties": { "t": "river" }, "geometry": { "type": "MultiPolygon", "coordinates": [ [ [ [ 665717.058135618222877, 3238252.679646382108331 ], [ 665428.968269355595112, 3238680.78527658386156 ], [ 665898.016594234271906, 3238193.698126460425556 ], [ 665717.058135618222877, 3238252.679646382108331 ] ] ], [ [ [ 667456.93630982702598, 3238042.577305919956416 ], [ 666458.186239120666869, 3238086.138373991940171 ], [ 666668.110448796534911, 3237025.092264131642878 ], [ 666400.689609414199367, 3238029.875222783070058 ], [ 665916.939543251763098, 3238187.530588241759688 ], [ 667456.93630982702598, 3238042.577305919956416 ] ] ], [ [ [ 669201.396701016230509, 3239246.130423822440207 ], [ 669800.32931565924082, 3240141.832346436101943 ], [ 669202.385234225890599, 3239179.63673407677561 ], [ 667847.988822936313227, 3238095.456868574954569 ], [ 668059.282168378005736, 3238016.348073012661189 ], [ 667646.116400500177406, 3238034.335993896704167 ], [ 669201.396701016230509, 3239246.130423822440207 ] ] ], [ [ [ 668844.955754003487527, 3237722.233306872658432 ], [ 669778.229301453335211, 3237713.939795715734363 ], [ 669039.97671533038374, 3237680.787778200116009 ], [ 669792.408634188701399, 3237414.86320662824437 ], [ 668982.654272392042913, 3237613.428873248863965 ], [ 668999.443567549344152, 3237137.03636294323951 ], [ 668835.730531057575718, 3237688.842472826130688 ], [ 668501.873965623322874, 3237850.656601179391146 ], [ 668844.955754003487527, 3237722.233306872658432 ] ] ] ] } },
{ "type": "Feature", "properties": { "t": "lake" }, "geometry": { "type": "Polygon", "coordinates": [ [ [ 654503.552044654148631, 3238782.187183947768062 ], [ 654350.339108619838953, 3238613.85063100559637 ], [ 654339.119751261663623, 3238724.537132593803108 ], [ 654503.552044654148631, 3238782.187183947768062 ] ] ] } },
{ "type": "Feature", "properties": { "t": "lake" }, "geometry": { "type": "Polygon", "coordinates": [ [ [ 646665.113455525366589, 3237703.149128100834787 ], [ 646579.511930731125176, 3237557.962335684336722 ], [ 646411.465777196804993, 3237777.468920522369444 ], [ 646665.113455525366589, 3237703.149128100834787 ] ] ] } },
{ "type": "Feature", "properties": { "t": "lake" }, "geometry": { "type": "Polygon", "coordinates": [ [ [ 652167.430742910248227, 3236877.567337031941861 ], [ 652285.382804133463651, 3236779.390178736299276 ], [ 651722.459168618312106, 3236716.460022578947246 ], [ 652167.430742910248227, 3236877.567337031941861 ] ] ] } },
{ "type": "Feature", "properties": { "t": "river" }, "geometry": { "type": "Polygon", "coordinates": [ [ [ 666115.571230077650398, 3292208.984934002161026 ], [ 666070.842832377296872, 3291964.440895112697035 ], [ 665842.802522646845318, 3292337.95338550535962 ], [ 666115.571230077650398, 3292208.984934002161026 ] ] ] } },
{ "type": "Feature", "properties": { "t": "lake" }, "geometry": { "type": "Polygon", "coordinates": [ [ [ 659134.440278101246804, 3291331.326908414252102 ], [ 658974.486053363420069, 3291694.851991114206612 ], [ 659343.895236689597368, 3291567.098682872019708 ], [ 659134.440278101246804, 3291331.326908414252102 ] ] ] } },
{ "type": "Feature", "properties": { "t": "lake" }, "geometry": { "type": "Polygon", "coordinates": [ [ [ 658356.293771475087851, 3290267.196884011849761 ], [ 658352.119839197024703, 3289879.166175385937095 ], [ 658212.932248445576988, 3290143.231491444632411 ], [ 658356.293771475087851, 3290267.196884011849761 ] ] ] } },
{ "type": "Feature", "properties": { "t": "lake" }, "geometry": { "type": "Polygon", "coordinates": [ [ [ 658627.681482962565497, 3289550.528282015584409 ], [ 659388.988252603099681, 3289084.710311406292021 ], [ 658572.001714783953503, 3289383.464333038311452 ], [ 658627.681482962565497, 3289550.528282015584409 ] ] ] } },
{ "type": "Feature", "properties": { "t": "lake" }, "geometry": { "type": "Polygon", "coordinates": [ [ [ 652329.398805596982129, 3286702.834198179189116 ], [ 652443.99317082867492, 3286815.240741998888552 ], [ 652552.538038277882151, 3286661.537516539916396 ], [ 652329.398805596982129, 3286702.834198179189116 ] ] ] } },
{ "type": "Feature", "properties": { "t": "lake" }, "geometry": { "type": "Polygon", "coordinates": [ [ [ 650966.261146622011438, 3285886.272371079772711 ], [ 650874.991396332159638, 3286195.404880539514124 ], [ 651065.96303913963493, 3286386.417641463689506 ], [ 650966.261146622011438, 3285886.272371079772711 ] ] ] } },
{ "type": "Feature", "properties": { "t": "lake" }, "geometry": { "type": "Polygon", "coordinates": [ [ [ 656228.364719588309526, 3284694.862087621819228 ], [ 656391.17530519340653, 3284819.067591830622405 ], [ 656335.434164361096919, 3284652.01830801833421 ], [ 656228.364719588309526, 3284694.862087621819228 ] ] ] } },
{ "type": "Feature", "properties": { "t": "lake" }, "geometry": { "type": "Polygon", "coordinates": [ [ [ 659225.781969850300811, 3282874.847537127323449 ], [ 659370.178202573675662, 3282932.325512221548706 ], [ 659382.065062565379776, 3282777.306834054645151 ], [ 659225.781969850300811, 3282874.847537127323449 ] ] ] } },
{ "type": "Feature", "properties": { "t": "river" }, "geometry": { "type": "Polygon", "coordinates": [ [ [ 645589.210801966954023, 3279641.170605779625475 ], [ 645039.241785556310788, 3279489.951175923924893 ], [ 645944.677489847526886, 3279856.388724707067013 ], [ 645589.210801966954023, 3279641.170605779625475 ] ] ] } },
{ "type": "Feature", "properties": { "t": "river" }, "geometry": { "type": "MultiPolygon", "coordinates": [ [ [ [ 645853.910599712049589, 3273426.486029157415032 ], [ 645923.160087491385639, 3273370.910492436029017 ], [ 645091.670374379958957, 3273183.857333403546363 ], [ 645853.910599712049589, 3273426.486029157415032 ] ] ], [ [ [ 649258.52541144983843, 3272396.027260425500572 ], [ 649358.484466305817477, 3272314.127852901350707 ], [ 647126.231196605833247, 3272445.509358535986394 ], [ 647063.461964508751407, 3272496.902658688370138 ], [ 649258.52541144983843, 3272396.027260425500572 ] ] ], [ [ [ 650296.971905205515213, 3271545.29663806501776 ], [ 651481.633744129911065, 3272082.149703615810722 ], [ 652534.253561570891179, 3271630.8399224053137 ], [ 654939.198966750875115, 3272206.852960830554366 ], [ 655778.484757048427127, 3272190.493859319481999 ], [ 652592.985654239892028, 3271587.299540620762855 ], [ 651356.733879086561501, 3272002.878168909810483 ], [ 650210.368128559668548, 3271499.802973703946918 ], [ 649690.677780312485993, 3272041.966680327430367 ], [ 650296.971905205515213, 3271545.29663806501776 ] ] ], [ [ [ 655937.528175133047625, 3272187.400893069803715 ], [ 657985.886491634766571, 3271229.46727556688711 ], [ 659974.102445045253262, 3269073.887866307515651 ], [ 661874.989705103216693, 3268325.129080310929567 ], [ 663001.238719781395048, 3267532.184893174562603 ], [ 661797.456643987912685, 3268324.014717563521117 ], [ 659896.57512659789063, 3269072.78636623499915 ], [ 657898.84122561942786, 3271217.160409161821008 ], [ 655826.729336066404358, 3272189.555394500028342 ], [ 655937.528175133047625, 3272187.400893069803715 ] ] ] ] } },
{ "type": "Feature", "properties": { "t": "lake" }, "geometry": { "type": "Polygon", "coordinates": [ [ [ 687397.731264182366431, 3286481.580392755568027 ], [ 687247.1657881133724, 3286224.066244151443243 ], [ 687273.414343210170045, 3286390.805275744292885 ], [ 687397.731264182366431, 3286481.580392755568027 ] ] ] } },
{ "type": "Feature", "properties": { "t": "lake" }, "geometry": { "type": "Polygon", "coordinates": [ [ [ 687689.521591240540147, 3285821.272275327704847 ], [ 687226.665686419932172, 3285713.73790731979534 ], [ 687607.826092635281384, 3286074.895359294954687 ], [ 687689.521591240540147, 3285821.272275327704847 ] ] ] } },
{ "type": "Feature", "properties": { "t": "lake" }, "geometry": { "type": "Polygon", "coordinates": [ [ [ 681055.054620526963845, 3283051.261331412009895 ], [ 681231.441600742517039, 3282921.079867286607623 ], [ 681206.525983193772845, 3282665.694509891793132 ], [ 681055.054620526963845, 3283051.261331412009895 ] ] ] } },
{ "type": "Feature", "properties": { "t": "lake" }, "geometry": { "type": "Polygon", "coordinates": [ [ [ 672919.117486101808026, 3279486.149927536491305 ], [ 673046.357512026792392, 3279399.427750723902136 ], [ 672874.292872780468315, 3279252.661301726941019 ], [ 672919.117486101808026, 3279486.149927536491305 ] ] ] } },
{ "type": "Feature", "properties": { "t": "lake" }, "geometry": { "type": "Polygon", "coordinates": [ [ [ 647737.965551901143044, 3316148.164282049518079 ], [ 647611.780611419584602, 3316201.903758965432644 ], [ 647657.514256551512517, 3316390.954337475821376 ], [ 647737.965551901143044, 3316148.164282049518079 ] ] ] } },
{ "type": "Feature", "properties": { "t": "lake" }, "geometry": { "type": "Polygon", "coordinates": [ [ [ 649325.285871377098374, 3314384.819693046156317 ], [ 648971.726070562144741, 3314834.53245126735419 ], [ 649347.362068554852158, 3314895.017838939093053 ], [ 649325.285871377098374, 3314384.819693046156317 ] ] ] } },
{ "type": "Feature", "properties": { "t": "lake" }, "geometry": { "type": "Polygon", "coordinates": [ [ [ 648022.367594585055485, 3314367.323920944705606 ], [ 648157.633155267685652, 3314358.048428527545184 ], [ 648058.434234752668999, 3313835.739947610534728 ], [ 648022.367594585055485, 3314367.323920944705606 ] ] ] } },
{ "type": "Feature", "properties": { "t": "lake" }, "geometry": { "type": "Polygon", "coordinates": [ [ [ 652292.155670019332319, 3309924.756996211595833 ], [ 652446.487426445819438, 3309937.962328116409481 ], [ 652333.060145895811729, 3309759.045629214961082 ], [ 652292.155670019332319, 3309924.756996211595833 ] ] ] } },
{ "type": "Feature", "properties": { "t": "lake" }, "geometry": { "type": "Polygon", "coordinates": [ [ [ 646283.846885561244562, 3309322.901977017056197 ], [ 646603.066560921259224, 3309282.778234970755875 ], [ 646664.37037905107718, 3309028.64376052422449 ], [ 646283.846885561244562, 3309322.901977017056197 ] ] ] } },
{ "type": "Feature", "properties": { "t": "lake" }, "geometry": { "type": "Polygon", "coordinates": [ [ [ 651503.031707931309938, 3309016.07746951142326 ], [ 651705.050323625328019, 3309074.262415342498571 ], [ 651554.188401683000848, 3308806.16464967885986 ], [ 651503.031707931309938, 3309016.07746951142326 ] ] ] } },
{ "type": "Feature", "properties": { "t": "lake" }, "geometry": { "type": "Polygon", "coordinates": [ [ [ 651705.395756206824444, 3308342.668680985923856 ], [ 652195.907003084430471, 3308493.488721097353846 ], [ 652016.381177273462527, 3308202.82191463559866 ], [ 651705.395756206824444, 3308342.668680985923856 ] ] ] } },
{ "type": "Feature", "properties": { "t": "lake" }, "geometry": { "type": "Polygon", "coordinates": [ [ [ 645915.551104888087139, 3307954.656010204926133 ], [ 646184.772087432909757, 3308046.875217686872929 ], [ 646227.195410874672234, 3307759.23670727526769 ], [ 645915.551104888087139, 3307954.656010204926133 ] ] ] } },
{ "type": "Feature", "properties": { "t": "lake" }, "geometry": { "type": "Polygon", "coordinates": [ [ [ 645341.95210680377204, 3307503.750269806478173 ], [ 645563.048417828278616, 3307584.238957535009831 ], [ 645574.740407339879312, 3307429.209638150874525 ], [ 645341.95210680377204, 3307503.750269806478173 ] ] ] } },
{ "type": "Feature", "properties": { "t": "lake" }, "geometry": { "type": "Polygon", "coordinates": [ [ [ 650759.776354060741141, 3304006.734821774065495 ], [ 651073.57746261334978, 3303667.369920236058533 ], [ 650858.937176874838769, 3303819.640457064844668 ], [ 650759.776354060741141, 3304006.734821774065495 ] ] ] } },
{ "type": "Feature", "properties": { "t": "lake" }, "geometry": { "type": "Polygon", "coordinates": [ [ [ 654786.990258144098334, 3303452.424219156149775 ], [ 654988.325555439805612, 3303566.078802240546793 ], [ 654846.499911168240942, 3303342.403878081124276 ], [ 654786.990258144098334, 3303452.424219156149775 ] ] ] } },
{ "type": "Feature", "properties": { "t": "lake" }, "geometry": { "type": "Polygon", "coordinates": [ [ [ 652211.614882763591595, 3303117.572906905785203 ], [ 652126.48409273987636, 3302983.390579904895276 ], [ 652094.316201975685544, 3303215.730375093407929 ], [ 652211.614882763591595, 3303117.572906905785203 ] ] ] } },
{ "type": "Feature", "properties": { "t": "lake" }, "geometry": { "type": "Polygon", "coordinates": [ [ [ 665460.703108266345225, 3300480.064696163870394 ], [ 665667.935999469365925, 3300194.924995495937765 ], [ 665292.677444550092332, 3300078.490797424688935 ], [ 665028.290048814262263, 3300307.362026425078511 ], [ 665460.703108266345225, 3300480.064696163870394 ] ] ] } },
{ "type": "Feature", "properties": { "t": "lake" }, "geometry": { "type": "Polygon", "coordinates": [ [ [ 661676.929062323062681, 3298118.720126177184284 ], [ 661899.566346069332212, 3298099.783665777184069 ], [ 661852.686306174495257, 3297999.335249441210181 ], [ 661676.929062323062681, 3298118.720126177184284 ] ] ] } },
{ "type": "Feature", "properties": { "t": "river" }, "geometry": { "type": "MultiPolygon", "coordinates": [ [ [ [ 628169.98724894260522, 3235196.960904181469232 ], [ 629360.052242816542275, 3233969.162815846968442 ], [ 629573.865132282488048, 3233118.2361164316535 ], [ 630255.957292870851234, 3232981.932120768353343 ], [ 631692.84589516883716, 3231469.031844765879214 ], [ 632567.126781505066901, 3230909.356458050198853 ], [ 632535.769801594316959, 3230891.410199713893235 ], [ 631762.43600092176348, 3231336.843925063963979 ], [ 630246.616080680629238, 3232948.577810987830162 ], [ 629476.532696898560971, 3233128.213324367534369 ], [ 629311.45257754100021, 3233968.611552356742322 ], [ 628170.734938084729947, 3235130.474399787839502 ], [ 627485.624739186838269, 3236419.438741459976882 ], [ 628169.98724894260522, 3235196.960904181469232 ] ] ], [ [ [ 633674.868427225621417, 3231602.901335584931076 ], [ 636632.68435117835179, 3232258.568903771229088 ], [ 636917.066244273912162, 3232121.194432116579264 ], [ 636623.360796171939, 3232225.208736103028059 ], [ 633820.439873984083533, 3231626.772754324600101 ], [ 632977.649035250884481, 3231144.320360070094466 ], [ 633674.868427225621417, 3231602.901335584931076 ] ] ], [ [ [ 638490.958448442281224, 3231361.090569262392819 ], [ 638170.520168004091829, 3231323.958183178678155 ], [ 637962.424450921826065, 3231616.308496145065874 ], [ 638490.958448442281224, 3231361.090569262392819 ] ] ] ] } },
{ "type": "Feature", "properties": { "t": "lake" }, "geometry": { "type": "Polygon", "coordinates": [ [ [ 643948.720845939358696, 3231927.364001510199159 ], [ 644073.010133847477846, 3232095.180692336522043 ], [ 644124.139496655086987, 3231896.328553315252066 ], [ 643948.720845939358696, 3231927.364001510199159 ] ] ] } },
{ "type": "Feature", "properties": { "t": "lake" }, "geometry": { "type": "Polygon", "coordinates": [ [ [ 623629.245525206439197, 3222756.918201794847846 ], [ 623473.337697416893207, 3222777.399972624611109 ], [ 623442.716190455364995, 3222910.054777764715254 ], [ 623629.245525206439197, 3222756.918201794847846 ] ] ] } },
{ "type": "Feature", "properties": { "t": "lake" }, "geometry": { "type": "Polygon", "coordinates": [ [ [ 622373.91039832867682, 3221856.870009590871632 ], [ 622290.244106571306475, 3221490.269903241656721 ], [ 622042.735224496689625, 3221886.582345019094646 ], [ 622176.1181384625379, 3222153.972776228561997 ], [ 622373.91039832867682, 3221856.870009590871632 ] ] ] } },
{ "type": "Feature", "properties": { "t": "lake" }, "geometry": { "type": "Polygon", "coordinates": [ [ [ 622667.234395941835828, 3220818.297407503705472 ], [ 622414.11209636379499, 3220826.672261769417673 ], [ 622496.121690194937401, 3221348.403419070411474 ], [ 622667.234395941835828, 3220818.297407503705472 ] ] ] } },
{ "type": "Feature", "properties": { "t": "lake" }, "geometry": { "type": "Polygon", "coordinates": [ [ [ 623362.544219940435141, 3220415.726889015175402 ], [ 623274.247450545197353, 3220481.26893234020099 ], [ 623526.303807864664122, 3220572.639660838991404 ], [ 623362.544219940435141, 3220415.726889015175402 ] ] ] } },
{ "type": "Feature", "properties": { "t": "lake" }, "geometry": { "type": "Polygon", "coordinates": [ [ [ 621985.240523595362902, 3219060.064290509093553 ], [ 622198.172231137286872, 3219173.151496646925807 ], [ 622209.085668210405856, 3219062.448110130149871 ], [ 621985.240523595362902, 3219060.064290509093553 ] ] ] } },
{ "type": "Feature", "properties": { "t": "lake" }, "geometry": { "type": "Polygon", "coordinates": [ [ [ 623902.611175056081265, 3218171.897676501888782 ], [ 623836.751879229210317, 3217960.627862426452339 ], [ 623767.063765567727387, 3218103.941971839405596 ], [ 623902.611175056081265, 3218171.897676501888782 ] ] ] } },
{ "type": "Feature", "properties": { "t": "lake" }, "geometry": { "type": "Polygon", "coordinates": [ [ [ 622774.50956048653461, 3218071.110116980038583 ], [ 622881.337974774651229, 3218094.418134801089764 ], [ 622776.525945286266506, 3217882.738064272794873 ], [ 622774.50956048653461, 3218071.110116980038583 ] ] ] } },
{ "type": "Feature", "properties": { "t": "river" }, "geometry": { "type": "MultiPolygon", "coordinates": [ [ [ [ 596997.310128660174087, 3233226.855613020248711 ], [ 597677.571957735461183, 3233597.563952694181353 ], [ 597492.730231768684462, 3233264.32357547339052 ], [ 597335.096832359093241, 3233252.399607168510556 ], [ 597356.654907224234194, 3233263.161141462624073 ], [ 597482.347573987673968, 3233341.80335735110566 ], [ 597327.59047372743953, 3233251.831853721756488 ], [ 597207.082908347481862, 3233242.717788260895759 ], [ 597259.174780295463279, 3233295.573041144758463 ], [ 597094.318344586063176, 3233249.843489116523415 ], [ 597129.422399350674823, 3233236.84495685948059 ], [ 596997.310128660174087, 3233226.855613020248711 ] ] ], [ [ [ 597761.651281429221854, 3233643.387489925604314 ], [ 598297.743998612975702, 3233470.696163470391184 ], [ 599217.530863545835018, 3233888.669199018739164 ], [ 599666.840675185667351, 3233637.717868762556463 ], [ 600499.193750124541111, 3234043.951340112835169 ], [ 600663.89219679008238, 3233957.917930337134749 ], [ 600490.060637607937679, 3233977.382820538245142 ], [ 599657.799131022533402, 3233560.069744171574712 ], [ 599072.513458983972669, 3233798.757948586717248 ], [ 598385.410787334549241, 3233449.289662399329245 ], [ 597694.929991063079797, 3233607.024061945267022 ], [ 597761.651281429221854, 3233643.387489925604314 ] ] ], [ [ [ 602445.102490355842747, 3233828.56041170284152 ], [ 603390.259309459710494, 3234646.036959453951567 ], [ 605417.767495614942163, 3235063.542319571133703 ], [ 605885.585578116588295, 3234923.81883288687095 ], [ 606174.971624298836105, 3235159.223715038970113 ], [ 606901.17012825445272, 3234869.892213347833604 ], [ 606557.299007680732757, 3234808.181549083907157 ], [ 606107.665916344965808, 3235081.025953925214708 ], [ 605798.942291794577613, 3234834.361881210934371 ], [ 605340.532957356888801, 3235007.420551021117717 ], [ 603536.038798358524218, 3234647.360141023993492 ], [ 602416.541723326314241, 3233761.81542338617146 ], [ 601899.755269994609989, 3233819.609586972743273 ], [ 602445.102490355842747, 3233828.56041170284152 ] ] ], [ [ [ 607352.865816624835134, 3234959.707573356106877 ], [ 607777.718847229261883, 3235355.575220874510705 ], [ 607835.32935578445904, 3235329.955741300713271 ], [ 607865.678894621436484, 3235437.539795590564609 ], [ 608374.066444739466533, 3235911.312342137098312 ], [ 609809.294411293114536, 3236235.342439829837531 ], [ 610081.382801307947375, 3236237.968315225094557 ], [ 608500.18524489144329, 3235934.675984094850719 ], [ 607527.170969911036082, 3235027.840340183582157 ], [ 608176.122469424968585, 3234832.762076895684004 ], [ 608199.355955551378429, 3234781.121174617670476 ], [ 607469.382917250739411, 3234971.887237447779626 ], [ 607226.412033303524368, 3234928.269904764834791 ], [ 607352.865816624835134, 3234959.707573356106877 ] ], [ [ 607985.406183428363875, 3234877.029900056775659 ], [ 607868.573854266083799, 3234898.086872035171837 ], [ 607917.481243641115725, 3234865.304951643105596 ], [ 607985.406183428363875, 3234877.029900056775659 ] ] ], [ [ [ 608384.920559990569018, 3234770.005488995462656 ], [ 609131.029346994124353, 3235009.839601515326649 ], [ 609201.836350027937442, 3234971.056100248359144 ], [ 608492.458542705979198, 3234704.538667129352689 ], [ 608214.761512243538164, 3234777.095763637218624 ], [ 608268.296742206672207, 3234768.897141960449517 ], [ 608193.292088303016499, 3234827.601387544069439 ], [ 608384.920559990569018, 3234770.005488995462656 ] ], [ [ 608482.423464278457686, 3234737.68809561803937 ], [ 608598.942098377388902, 3234749.879268775228411 ], [ 608521.087207306060009, 3234760.219425704795867 ], [ 608482.423464278457686, 3234737.68809561803937 ] ] ], [ [ [ 610264.482265538070351, 3234389.091037560719997 ], [ 612824.320685840910301, 3234037.356299284379929 ], [ 613655.88164407282602, 3233502.605298828799278 ], [ 613771.883106198511086, 3233208.944516669027507 ], [ 613577.791582603473216, 3233535.072778611909598 ], [ 612990.64850286510773, 3233928.185271123424172 ], [ 609836.418226845911704, 3234429.285517864394933 ], [ 609264.943643384147435, 3234936.490589891094714 ], [ 610264.482265538070351, 3234389.091037560719997 ] ], [ [ 609815.912834188318811, 3234539.904911807738245 ], [ 609904.344271830865182, 3234441.021872989833355 ], [ 610050.021915362565778, 3234453.508959920145571 ], [ 609855.001944802701473, 3234518.118148095905781 ], [ 609815.912834188318811, 3234539.904911807738245 ] ] ], [ [ [ 614663.311393483774737, 3230952.781963135581464 ], [ 614650.596487415139563, 3230920.343068196438253 ], [ 614582.910499516525306, 3231156.235661184415221 ], [ 614663.311393483774737, 3230952.781963135581464 ] ] ], [ [ [ 614445.257879593409598, 3230396.502585904207081 ], [ 614497.316059174598195, 3230068.582052822224796 ], [ 614406.478750624228269, 3230385.032110998407006 ], [ 614606.559904132853262, 3230807.996413231827319 ], [ 614445.257879593409598, 3230396.502585904207081 ] ] ], [ [ [ 614559.431670676916838, 3229677.329601236153394 ], [ 614046.317626509699039, 3229450.558110322337598 ], [ 612282.910513711743988, 3229787.700432119891047 ], [ 611529.386275075608864, 3229281.640386821236461 ], [ 611400.822394489427097, 3228504.668747569434345 ], [ 611947.818741334485821, 3227280.050884169992059 ], [ 611382.778545148787089, 3228360.431199827231467 ], [ 611499.999697629828006, 3229303.516835029236972 ], [ 612311.643599357223138, 3229832.309872955083847 ], [ 613929.195463440031745, 3229493.71629481529817 ], [ 614544.227484153350815, 3229773.095284701790661 ], [ 614559.431670676916838, 3229677.329601236153394 ] ] ], [ [ [ 612598.109352689702064, 3226968.356360169127584 ], [ 612017.07378105178941, 3227147.647679786197841 ], [ 611971.919030116172507, 3227233.975079048424959 ], [ 612598.109352689702064, 3226968.356360169127584 ] ] ], [ [ [ 613755.005385997937992, 3226477.743500012438744 ], [ 614220.629119234508835, 3226604.284813559148461 ], [ 615031.323923730291426, 3226268.877549544908106 ], [ 614974.527282080962323, 3226113.161477065645158 ], [ 613308.055330913281068, 3226428.978589902631938 ], [ 613305.683865337981842, 3226668.271612913347781 ], [ 613755.005385997937992, 3226477.743500012438744 ] ] ] ] } },
{ "type": "Feature", "properties": { "t": "river" }, "geometry": { "type": "MultiPolygon", "coordinates": [ [ [ [ 597961.352970101404935, 3231894.267368517350405 ], [ 598328.050295490189455, 3231777.721131989266723 ], [ 597971.264090821496211, 3231872.190033556427807 ], [ 597003.717678690212779, 3232473.388812519609928 ], [ 597961.352970101404935, 3231894.267368517350405 ] ] ], [ [ [ 600847.052625267067924, 3230977.495522301178426 ], [ 601669.991166487336159, 3230275.591031471733004 ], [ 602612.25962702347897, 3230372.671609637327492 ], [ 603229.470204411423765, 3229857.410941574256867 ], [ 603224.311031528981403, 3229774.103616493754089 ], [ 602593.113827723893337, 3230339.25547731295228 ], [ 601660.367514240788296, 3230264.42401613900438 ], [ 600269.00152321124915, 3231161.069493108894676 ], [ 600847.052625267067924, 3230977.495522301178426 ] ] ], [ [ [ 603110.653905094368383, 3227939.263285680674016 ], [ 604173.405004695872776, 3226574.812612202018499 ], [ 604269.876815441763029, 3226155.936684344429523 ], [ 603081.181030107662082, 3227972.241395456250757 ], [ 603205.464218863751739, 3229469.790616592392325 ], [ 603110.653905094368383, 3227939.263285680674016 ] ] ], [ [ [ 605034.452848888118751, 3222837.190602544695139 ], [ 605505.924230636795983, 3222353.946482553612441 ], [ 605839.067568819737062, 3221049.422095439396799 ], [ 605816.61713236849755, 3219265.122039509937167 ], [ 605192.67378837405704, 3218534.010210519190878 ], [ 605796.437766681658104, 3219342.504943939391524 ], [ 605800.146513654966839, 3221049.062591529916972 ], [ 605637.513521225424483, 3221801.092502818908542 ], [ 604916.79427410766948, 3222935.843732134439051 ], [ 604984.496395053574815, 3223053.978879552800208 ], [ 605034.452848888118751, 3222837.190602544695139 ] ] ], [ [ [ 604815.234972759149969, 3217017.509632788598537 ], [ 604843.104312956565991, 3216098.022220213431865 ], [ 605548.306950314086862, 3214575.274996603373438 ], [ 605266.591656275792047, 3213442.406150043010712 ], [ 605444.739612152101472, 3211006.178927865345031 ], [ 605674.0256377751939, 3210432.062807651702315 ], [ 605425.769989319494925, 3210950.599163788370788 ], [ 605218.212568545364775, 3213408.719384961295873 ], [ 605498.813851311104372, 3214663.470007650088519 ], [ 604844.217668342171237, 3215976.138953336980194 ], [ 604757.541171914082952, 3216939.414090590551496 ], [ 604796.491986999870278, 3218003.568982587195933 ], [ 604870.037422152003273, 3218102.032825115136802 ], [ 604815.234972759149969, 3217017.509632788598537 ] ] ] ] } },
{ "type": "Feature", "properties": { "t": "river" }, "geometry": { "type": "MultiPolygon", "coordinates": [ [ [ [ 614252.4788113089744, 3219512.31733089312911 ], [ 614239.213067138334736, 3219866.797734680119902 ], [ 614965.341339562670328, 3220860.812232605181634 ], [ 614259.449262905167416, 3219789.427919569890946 ], [ 614668.495388290379196, 3219126.72864629002288 ], [ 614252.4788113089744, 3219512.31733089312911 ] ] ], [ [ [ 615585.258086653542705, 3217641.792633251287043 ], [ 615341.142816626932472, 3217716.907069706358016 ], [ 614965.19410707661882, 3218646.099450991488993 ], [ 615585.258086653542705, 3217641.792633251287043 ] ] ], [ [ [ 615592.796626838273369, 3221719.934042603243142 ], [ 616539.148305240203626, 3222119.488166036549956 ], [ 615434.593109605717473, 3221503.303241472691298 ], [ 615592.796626838273369, 3221719.934042603243142 ] ] ], [ [ [ 617112.861145031056367, 3222550.950041733216494 ], [ 617142.224199098069221, 3222455.992985867895186 ], [ 616973.56957379647065, 3222361.881654252298176 ], [ 617112.861145031056367, 3222550.950041733216494 ] ] ], [ [ [ 616703.965747177717276, 3223448.879528931342065 ], [ 616781.531325882184319, 3223622.541469166986644 ], [ 617039.296618461143225, 3222788.856723752804101 ], [ 616703.965747177717276, 3223448.879528931342065 ] ] ], [ [ [ 616889.699380171718076, 3223864.729748351499438 ], [ 616884.960149683756754, 3223827.507990701589733 ], [ 617035.124158209539019, 3223639.090799189638346 ], [ 616797.338632029481232, 3223657.93327903188765 ], [ 616889.699380171718076, 3223864.729748351499438 ] ] ], [ [ [ 618530.86455012508668, 3223667.125673508737236 ], [ 618958.377271678531542, 3223486.872835908550769 ], [ 617698.547568602836691, 3223586.546533684711903 ], [ 618530.86455012508668, 3223667.125673508737236 ] ] ], [ [ [ 619511.582652834127657, 3223253.655864918604493 ], [ 619411.158997082151473, 3223221.917307022493333 ], [ 619630.632494192803279, 3222445.829387071076781 ], [ 619011.377611905569211, 3223464.527717357501388 ], [ 619511.582652834127657, 3223253.655864918604493 ] ] ], [ [ [ 620196.049693007720634, 3223529.344256366603076 ], [ 620859.346259164158255, 3223370.099054046906531 ], [ 621409.206910805893131, 3222899.391921234317124 ], [ 620245.15804833068978, 3223485.532231821212918 ], [ 619787.508434526273049, 3223340.866766451857984 ], [ 620196.049693007720634, 3223529.344256366603076 ] ] ], [ [ [ 620312.777683011139743, 3221679.886120828334242 ], [ 620405.706312876776792, 3221171.093889520969242 ], [ 619898.34544695331715, 3222005.495145822875202 ], [ 620312.777683011139743, 3221679.886120828334242 ] ] ], [ [ [ 616818.894673257367685, 3225533.434837829787284 ], [ 615571.297338100033812, 3225775.641642862930894 ], [ 615206.951438344665803, 3226215.236799222882837 ], [ 615580.463918368099257, 3225831.143243755679578 ], [ 616847.622103898786008, 3225578.055650745518506 ], [ 617029.051219812245108, 3224959.327299071941525 ], [ 616914.74715916486457, 3224061.459101761691272 ], [ 616818.894673257367685, 3225533.434837829787284 ] ] ] ] } },
{ "type": "Feature", "properties": { "t": "lake" }, "geometry": { "type": "Polygon", "coordinates": [ [ [ 619706.496094119502231, 3221030.783718745689839 ], [ 619620.424172700382769, 3220885.820168952923268 ], [ 619492.190576439606957, 3221050.710306764580309 ], [ 619706.496094119502231, 3221030.783718745689839 ] ] ] } },
{ "type": "Feature", "properties": { "t": "lake" }, "geometry": { "type": "Polygon", "coordinates": [ [ [ 621237.494429471669719, 3220736.587986933533102 ], [ 621129.282558999257162, 3220846.263010155409575 ], [ 621165.15909343957901, 3221134.773181398399174 ], [ 621237.494429471669719, 3220736.587986933533102 ] ] ] } },
{ "type": "Feature", "properties": { "t": "lake" }, "geometry": { "type": "Polygon", "coordinates": [ [ [ 618705.732054279535078, 3220876.30685420660302 ], [ 618716.725723941810429, 3220754.520438346080482 ], [ 618540.997042311588302, 3220808.110236010048538 ], [ 618705.732054279535078, 3220876.30685420660302 ] ] ] } },
{ "type": "Feature", "properties": { "t": "lake" }, "geometry": { "type": "Polygon", "coordinates": [ [ [ 620512.451535001862794, 3220274.580553939566016 ], [ 620406.920448718592525, 3220129.406448516063392 ], [ 620177.984231032896787, 3220614.607219517230988 ], [ 620512.451535001862794, 3220274.580553939566016 ] ] ] } },
{ "type": "Feature", "properties": { "t": "lake" }, "geometry": { "type": "Polygon", "coordinates": [ [ [ 616633.390885564964265, 3219868.747507048305124 ], [ 616727.997936212457716, 3220135.672656714916229 ], [ 616710.002165243262425, 3219991.426606719847769 ], [ 616633.390885564964265, 3219868.747507048305124 ] ] ] } },
{ "type": "Feature", "properties": { "t": "lake" }, "geometry": { "type": "Polygon", "coordinates": [ [ [ 616899.533099197084084, 3219539.006239685695618 ], [ 617009.523944902000949, 3219252.002848820760846 ], [ 616872.145070039667189, 3219361.418984837830067 ], [ 616899.533099197084084, 3219539.006239685695618 ] ] ] } },
{ "type": "Feature", "properties": { "t": "river" }, "geometry": { "type": "MultiPolygon", "coordinates": [ [ [ [ 619806.303291709162295, 3209595.399725280236453 ], [ 620074.405494960607029, 3209974.973637457937002 ], [ 619823.817132313852198, 3209428.124992380384356 ], [ 619806.303291709162295, 3209595.399725280236453 ] ] ], [ [ [ 619657.311362380394712, 3211743.705186630133539 ], [ 619453.735035440069623, 3213525.750352287199348 ], [ 618543.519793419633061, 3214912.621495766565204 ], [ 618844.168520111008547, 3215968.497416832018644 ], [ 618592.427747302339412, 3214890.963005958590657 ], [ 619472.056754007819109, 3213636.758553353603929 ], [ 619676.673078368068673, 3211754.988476547412574 ], [ 620227.467533227289096, 3210309.024731021374464 ], [ 620219.944874070235528, 3210292.606327921152115 ], [ 619657.311362380394712, 3211743.705186630133539 ] ] ] ] } },
{ "type": "Feature", "properties": { "t": "river" }, "geometry": { "type": "Polygon", "coordinates": [ [ [ 616458.929489246685989, 3212120.879970259498805 ], [ 616921.512524296878837, 3212602.086644482798874 ], [ 617059.112150024157017, 3213434.61173740029335 ], [ 616969.975610082154162, 3212624.743093052413315 ], [ 616465.925592499785125, 3212050.187468950636685 ], [ 616458.929489246685989, 3212120.879970259498805 ] ] ] } },
{ "type": "Feature", "properties": { "t": "river" }, "geometry": { "type": "MultiPolygon", "coordinates": [ [ [ [ 621660.531354190432467, 3250352.712311270646751 ], [ 622097.64626213023439, 3250324.165658897254616 ], [ 624127.115985477808863, 3251144.154190398287028 ], [ 624652.358882120926864, 3251902.071660172194242 ], [ 624108.191310489433818, 3251099.616682534106076 ], [ 622175.769992583664134, 3250280.677755571436137 ], [ 621652.974787493469194, 3250296.751722543034703 ], [ 621660.531354190432467, 3250352.712311270646751 ] ] ], [ [ [ 625674.74903237761464, 3253377.742252284195274 ], [ 626162.427219695411623, 3253509.912505174987018 ], [ 625598.037359586567618, 3253267.002869533374906 ], [ 625674.74903237761464, 3253377.742252284195274 ] ] ], [ [ [ 627236.710284311091527, 3254267.691055860370398 ], [ 627152.7480058852816, 3253981.630603602156043 ], [ 628127.665561083937064, 3253582.562330179847777 ], [ 630206.433738666819409, 3253406.790295105427504 ], [ 632296.921064552268945, 3253896.511365279089659 ], [ 634715.873176936642267, 3253681.214994449168444 ], [ 635526.752828718163073, 3254026.275630199350417 ], [ 634832.444189523113891, 3253671.519794512540102 ], [ 632307.012642636778764, 3253863.380414169747382 ], [ 630294.14643883286044, 3253374.550851783249527 ], [ 628186.260773367946967, 3253549.977379013318568 ], [ 627075.996845455025323, 3253903.189549415837973 ], [ 626934.384839172707871, 3253842.221154180821031 ], [ 627236.710284311091527, 3254267.691055860370398 ] ] ], [ [ [ 637052.78777752968017, 3254675.879934004507959 ], [ 637033.25437835988123, 3254651.103086124174297 ], [ 637464.471755048376508, 3254301.669952214695513 ], [ 636646.668115091044456, 3254502.974712275899947 ], [ 637052.78777752968017, 3254675.879934004507959 ] ] ], [ [ [ 637710.531615649699233, 3255612.484543352387846 ], [ 637587.768638055073097, 3256929.898871422745287 ], [ 637721.312621520715766, 3255523.94973515579477 ], [ 637273.181711565586738, 3254955.445604665204883 ], [ 637710.531615649699233, 3255612.484543352387846 ] ] ], [ [ [ 627601.484423514106311, 3255493.936402330175042 ], [ 628828.252228831988759, 3256826.6990094515495 ], [ 628726.131077338010073, 3257971.520845617167652 ], [ 628969.33336778904777, 3257216.207514444366097 ], [ 629808.52899641636759, 3257635.879839818459004 ], [ 632380.268164345994592, 3260037.479197681881487 ], [ 633272.328665169421583, 3260059.054166958667338 ], [ 633997.423778474912979, 3260256.047756931744516 ], [ 634321.736939595546573, 3260714.310608463827521 ], [ 634333.543591841589659, 3260537.120337660890073 ], [ 633941.604064670857042, 3260055.888932399451733 ], [ 632323.120540235424414, 3259948.144945937674493 ], [ 629847.455106996232644, 3257625.244025606196374 ], [ 629037.486599175143056, 3257194.819483521860093 ], [ 628552.988536309800111, 3256291.589934894815087 ], [ 627581.577188509982079, 3255398.901768765412271 ], [ 627601.484423514106311, 3255493.936402330175042 ] ] ], [ [ [ 628572.48565916204825, 3259694.24903034651652 ], [ 628691.768130257260054, 3260079.563082859385759 ], [ 628592.512265177676454, 3259639.062592683825642 ], [ 628596.514391494216397, 3259424.80658563086763 ], [ 628572.48565916204825, 3259694.24903034651652 ] ] ], [ [ [ 629044.777870577410795, 3262638.346440944354981 ], [ 629183.252404297003523, 3262261.375623261556029 ], [ 629060.858728024410084, 3261717.949777190107852 ], [ 629044.777870577410795, 3262638.346440944354981 ] ] ], [ [ [ 628624.7806621537311, 3263192.961488161236048 ], [ 628862.990415560198016, 3263133.266377758234739 ], [ 628915.79679607716389, 3262989.495534234214574 ], [ 628624.7806621537311, 3263192.961488161236048 ] ] ], [ [ [ 627122.397613998735324, 3262714.533806181978434 ], [ 628017.015098940813914, 3263345.292399709112942 ], [ 628137.86660078226123, 3263314.999150136951357 ], [ 627122.397613998735324, 3262714.533806181978434 ] ] ] ] } },
{ "type": "Feature", "properties": { "t": "lake" }, "geometry": { "type": "Polygon", "coordinates": [ [ [ 634697.139226154307835, 3263389.83673004899174 ], [ 634796.074770119972527, 3263224.77008836530149 ], [ 634603.495905192103237, 3263111.63823591126129 ], [ 634697.139226154307835, 3263389.83673004899174 ] ] ] } },
{ "type": "Feature", "properties": { "t": "lake" }, "geometry": { "type": "Polygon", "coordinates": [ [ [ 644477.246754345251247, 3262923.431549912318587 ], [ 644641.64647429715842, 3262958.789261124562472 ], [ 644615.968745553866029, 3262692.450781281106174 ], [ 644477.246754345251247, 3262923.431549912318587 ] ], [ [ 644604.284407896921039, 3262847.473092479631305 ], [ 644555.095890217809938, 3262902.261335212737322 ], [ 644546.110137275420129, 3262846.727615059353411 ], [ 644604.284407896921039, 3262847.473092479631305 ] ] ] } },
{ "type": "Feature", "properties": { "t": "lake" }, "geometry": { "type": "Polygon", "coordinates": [ [ [ 630815.663306838367134, 3262812.167517067864537 ], [ 630971.302524089929648, 3262769.64107642415911 ], [ 630771.425330707104877, 3262445.914577536284924 ], [ 630815.663306838367134, 3262812.167517067864537 ] ] ] } },
{ "type": "Feature", "properties": { "t": "lake" }, "geometry": { "type": "Polygon", "coordinates": [ [ [ 645071.388785608927719, 3262720.464780028443784 ], [ 645056.98333513981197, 3262332.348703414667398 ], [ 644985.692678287043236, 3262597.442121720872819 ], [ 645071.388785608927719, 3262720.464780028443784 ] ] ] } },
{ "type": "Feature", "properties": { "t": "lake" }, "geometry": { "type": "Polygon", "coordinates": [ [ [ 633174.614730319241062, 3261764.701931225601584 ], [ 633331.064061052515171, 3261655.717667972203344 ], [ 633256.89464934496209, 3261366.680282945279032 ], [ 633174.614730319241062, 3261764.701931225601584 ] ] ] } },
{ "type": "Feature", "properties": { "t": "lake" }, "geometry": { "type": "Polygon", "coordinates": [ [ [ 626825.488578488584608, 3260660.867733241524547 ], [ 626689.730404728790745, 3260659.343616928905249 ], [ 626716.955849924357608, 3260825.89137564226985 ], [ 626825.488578488584608, 3260660.867733241524547 ] ] ] } },
{ "type": "Feature", "properties": { "t": "lake" }, "geometry": { "type": "Polygon", "coordinates": [ [ [ 635670.449047779897228, 3260663.936970681883395 ], [ 635402.51289108931087, 3260361.473692913539708 ], [ 635371.693195948842913, 3260505.186019672080874 ], [ 635670.449047779897228, 3260663.936970681883395 ] ] ] } },
{ "type": "Feature", "properties": { "t": "lake" }, "geometry": { "type": "Polygon", "coordinates": [ [ [ 626446.14737111737486, 3259027.443014507181942 ], [ 626323.785059748683125, 3258693.59108690964058 ], [ 626242.357081504305825, 3259036.246716796420515 ], [ 626446.14737111737486, 3259027.443014507181942 ] ] ] } },
{ "type": "Feature", "properties": { "t": "river" }, "geometry": { "type": "MultiPolygon", "coordinates": [ [ [ [ 622898.762598097091541, 3243572.541523474734277 ], [ 623663.01635025232099, 3242960.219178676139563 ], [ 623708.996745500247926, 3242949.153186141513288 ], [ 623692.393823807593435, 3242938.374082162976265 ], [ 623955.708489170414396, 3242841.501340377144516 ], [ 623878.763249919982627, 3242908.297673319466412 ], [ 625513.455820230417885, 3242515.041347417980433 ], [ 627597.049458699766546, 3242948.295934781897813 ], [ 627940.109942586277612, 3242702.869793931022286 ], [ 627616.971621834905818, 3242904.189309487584978 ], [ 625397.150079177226871, 3242491.592681809328496 ], [ 623752.114404499996454, 3242806.035376220941544 ], [ 622547.721886340063065, 3243496.1923474422656 ], [ 622898.762598097091541, 3243572.541523474734277 ] ], [ [ 623056.907467818353325, 3243319.35841966746375 ], [ 623398.985207959311083, 3243123.585054974537343 ], [ 623183.400628297938965, 3243298.564233531244099 ], [ 623056.907467818353325, 3243319.35841966746375 ] ], [ [ 623017.460587160894647, 3243374.343192339409143 ], [ 622938.088354092324153, 3243528.637449951376766 ], [ 622871.065954883117229, 3243439.253450126387179 ], [ 623017.460587160894647, 3243374.343192339409143 ] ] ], [ [ [ 629751.598953854176216, 3241635.437554072123021 ], [ 629720.284206924960017, 3241598.082473601680249 ], [ 631729.813957372680306, 3241720.93104277504608 ], [ 633068.561951953684911, 3242711.809029651340097 ], [ 634215.041310767643154, 3242692.041105848737061 ], [ 636129.51997889415361, 3243435.203858828637749 ], [ 636531.709182782331482, 3243107.539128848351538 ], [ 638281.018819531193003, 3243838.00870145438239 ], [ 638701.302091833669692, 3244419.454567632637918 ], [ 639132.498412043787539, 3244609.022141241002828 ], [ 638242.980674157151952, 3243771.04718733811751 ], [ 636435.117742075701244, 3243062.047063601668924 ], [ 635984.502066445769742, 3243378.05250532599166 ], [ 634322.142293894197792, 3242671.140550090931356 ], [ 633069.210642762947828, 3242656.402469411958009 ], [ 631720.614072173601016, 3241676.493450030684471 ], [ 629906.232085900614038, 3241478.29611510084942 ], [ 629612.380110275698826, 3241661.280155883170664 ], [ 629751.598953854176216, 3241635.437554072123021 ] ] ], [ [ [ 630202.977045213920064, 3242711.868410177994519 ], [ 630715.225116719841026, 3243196.24287943681702 ], [ 630212.943450838793069, 3242689.817195061128587 ], [ 630161.139595116954297, 3242124.006640453357249 ], [ 629887.706767310388386, 3241797.803347390610725 ], [ 630202.977045213920064, 3242711.868410177994519 ] ] ], [ [ [ 631365.635780049022287, 3243811.357587171718478 ], [ 632148.15057570359204, 3244175.082468280568719 ], [ 632990.733141068601981, 3245625.514553839806467 ], [ 632158.37756376597099, 3244130.870203494094312 ], [ 631335.547913004644215, 3243782.900142101570964 ], [ 631365.635780049022287, 3243811.357587171718478 ] ] ], [ [ [ 632387.642374848481268, 3247790.880131983198225 ], [ 633071.578392419964075, 3245770.712418430950493 ], [ 633061.028651262400672, 3245751.764852466993034 ], [ 632387.642374848481268, 3247790.880131983198225 ] ] ], [ [ [ 639497.541124433279037, 3245227.194219458382577 ], [ 641794.44237029668875, 3247173.057095212861896 ], [ 641907.55158657557331, 3247224.559425306506455 ], [ 639224.745415960205719, 3244695.935347839258611 ], [ 639497.541124433279037, 3245227.194219458382577 ] ] ], [ [ [ 643696.464053895557299, 3248039.325141967274249 ], [ 644587.194671856472269, 3249003.82405781140551 ], [ 644834.651734439656138, 3250913.34917167481035 ], [ 643220.070154142798856, 3253464.195412727072835 ], [ 642954.476737868622877, 3254513.770708365365863 ], [ 643215.656003601150587, 3256113.101384450215846 ], [ 643864.639815152739175, 3256963.690234952606261 ], [ 643235.479930593632162, 3256080.101795581635088 ], [ 642973.182324502151459, 3254569.424546357709914 ], [ 643386.998334625503048, 3253311.139289723709226 ], [ 644863.769619199330918, 3250913.721375271677971 ], [ 644588.607629432459362, 3248893.007057961076498 ], [ 645404.76426592678763, 3248848.024859654251486 ], [ 644453.829361000563949, 3248802.621469035279006 ], [ 643689.28222346061375, 3247839.732259878423065 ], [ 645440.580406027729623, 3244536.998546522110701 ], [ 643544.561320895794779, 3247970.124834683258086 ], [ 643696.464053895557299, 3248039.325141967274249 ] ] ] ] } },
{ "type": "Feature", "properties": { "t": "lake" }, "geometry": { "type": "Polygon", "coordinates": [ [ [ 632025.506239864509553, 3256364.845734109170735 ], [ 631643.30250459862873, 3256692.879442438017577 ], [ 631902.115336471819319, 3256961.887481650337577 ], [ 632214.340688623371534, 3256810.372165234293789 ], [ 632025.506239864509553, 3256364.845734109170735 ] ] ] } },
{ "type": "Feature", "properties": { "t": "lake" }, "geometry": { "type": "Polygon", "coordinates": [ [ [ 635864.401655279449187, 3256631.979081897530705 ], [ 635959.410542100551538, 3256799.368869866710156 ], [ 636087.385752220172435, 3256645.743683164473623 ], [ 635864.401655279449187, 3256631.979081897530705 ] ] ] } },
{ "type": "Feature", "properties": { "t": "lake" }, "geometry": { "type": "Polygon", "coordinates": [ [ [ 635841.289338721893728, 3256132.958397574722767 ], [ 635743.745481538004242, 3256176.119898012839258 ], [ 635828.660047110868618, 3256376.636571850161999 ], [ 635841.289338721893728, 3256132.958397574722767 ] ] ] } },
{ "type": "Feature", "properties": { "t": "lake" }, "geometry": { "type": "Polygon", "coordinates": [ [ [ 641151.442726300912909, 3255133.976284464355558 ], [ 641346.733086026273668, 3255036.663487364072353 ], [ 641250.401739186025225, 3254980.043342459946871 ], [ 641151.442726300912909, 3255133.976284464355558 ] ] ] } },
{ "type": "Feature", "properties": { "t": "lake" }, "geometry": { "type": "Polygon", "coordinates": [ [ [ 638547.046311676036566, 3253860.456724375020713 ], [ 638339.892600826453418, 3254135.004663151223212 ], [ 638991.625744632678106, 3254009.989916075952351 ], [ 638547.046311676036566, 3253860.456724375020713 ] ] ] } },
{ "type": "Feature", "properties": { "t": "lake" }, "geometry": { "type": "Polygon", "coordinates": [ [ [ 635020.317233174457215, 3252565.450399864464998 ], [ 635541.006583297159523, 3252039.68164900643751 ], [ 635241.352267533307895, 3251936.352100569754839 ], [ 635020.317233174457215, 3252565.450399864464998 ] ] ] } },
{ "type": "Feature", "properties": { "t": "lake" }, "geometry": { "type": "Polygon", "coordinates": [ [ [ 637088.61381218326278, 3251681.479004241991788 ], [ 637318.713841215823777, 3251917.012635132763535 ], [ 637614.974776164977811, 3251499.446719683241099 ], [ 637216.255830838577822, 3251561.109492604620755 ], [ 637088.61381218326278, 3251681.479004241991788 ] ] ] } },
{ "type": "Feature", "properties": { "t": "lake" }, "geometry": { "type": "Polygon", "coordinates": [ [ [ 642137.072783441515639, 3251599.613383025396615 ], [ 642319.24562289530877, 3251779.235334162600338 ], [ 642379.147767339949496, 3251646.986895773094147 ], [ 642137.072783441515639, 3251599.613383025396615 ] ] ] } },
{ "type": "Feature", "properties": { "t": "lake" }, "geometry": { "type": "Polygon", "coordinates": [ [ [ 637637.077668250421993, 3251278.051464390475303 ], [ 637818.245101778884418, 3251546.250477178953588 ], [ 638660.697775544715114, 3251711.695817611645907 ], [ 638337.22042258142028, 3251175.746249463409185 ], [ 638008.447767714504153, 3251071.988104226067662 ], [ 637637.077668250421993, 3251278.051464390475303 ] ] ] } },
{ "type": "Feature", "properties": { "t": "lake" }, "geometry": { "type": "Polygon", "coordinates": [ [ [ 637084.540305953472853, 3251215.936913304496557 ], [ 636718.00681797019206, 3251023.094801192637533 ], [ 636608.706772298552096, 3251232.356072252150625 ], [ 637084.540305953472853, 3251215.936913304496557 ] ] ] } },
{ "type": "Feature", "properties": { "t": "lake" }, "geometry": { "type": "Polygon", "coordinates": [ [ [ 635658.506322045810521, 3251143.357670002616942 ], [ 635544.42693642899394, 3250942.496945520862937 ], [ 635415.869992321822792, 3251140.455220738425851 ], [ 635658.506322045810521, 3251143.357670002616942 ] ] ] } },
{ "type": "Feature", "properties": { "t": "lake" }, "geometry": { "type": "Polygon", "coordinates": [ [ [ 643801.595024205744267, 3244338.795851236209273 ], [ 643899.412471271818504, 3244284.617629626300186 ], [ 643853.099740360397846, 3244106.696811749134213 ], [ 643801.595024205744267, 3244338.795851236209273 ] ] ] } },
{ "type": "Feature", "properties": { "t": "lake" }, "geometry": { "type": "Polygon", "coordinates": [ [ [ 643228.326894988073036, 3242813.13442155579105 ], [ 642509.42325431574136, 3243591.012172834016383 ], [ 643458.49752992473077, 3243048.787697141524404 ], [ 643228.326894988073036, 3242813.13442155579105 ] ] ] } },
{ "type": "Feature", "properties": { "t": "river" }, "geometry": { "type": "MultiPolygon", "coordinates": [ [ [ [ 622228.298618561355397, 3237270.562300967052579 ], [ 622596.503950886777602, 3237098.611146742943674 ], [ 622218.819557269569486, 3237248.296064886264503 ], [ 621453.664947270415723, 3237007.383662855252624 ], [ 621257.081290731206536, 3237215.850968141108751 ], [ 622228.298618561355397, 3237270.562300967052579 ] ] ], [ [ [ 624672.960709396051243, 3237662.780907738953829 ], [ 625810.05383459397126, 3237653.122937038075179 ], [ 625837.004370545153506, 3237642.802759566809982 ], [ 624673.203361979220062, 3237640.618832907173783 ], [ 623253.371095452224836, 3236838.318635699804872 ], [ 623198.259483360452577, 3236860.1554617988877 ], [ 624672.960709396051243, 3237662.780907738953829 ] ] ], [ [ [ 626766.483702709199861, 3237286.927002409473062 ], [ 627514.778098315815441, 3236419.765029633417726 ], [ 626727.492299331352115, 3237297.575496734585613 ], [ 626576.997186911059543, 3237359.469032966066152 ], [ 626766.483702709199861, 3237286.927002409473062 ] ] ] ] } },
{ "type": "Feature", "properties": { "t": "river" }, "geometry": { "type": "MultiPolygon", "coordinates": [ [ [ [ 596949.990404674783349, 3252430.426016117911786 ], [ 597421.160919374437071, 3252933.137709037400782 ], [ 597379.680848124320619, 3253243.063375999685377 ], [ 597479.091850130120292, 3252966.880876842886209 ], [ 599138.275473225396127, 3254089.446111728902906 ], [ 599248.410208465764299, 3254047.912697286345065 ], [ 598801.859925818396732, 3253733.584021091926843 ], [ 598714.774296738090925, 3253697.889060440007597 ], [ 598747.170944753917865, 3253695.090665152762085 ], [ 596949.990404674783349, 3252430.426016117911786 ] ], [ [ 597884.503065623342991, 3253214.172364233992994 ], [ 597624.156556427595206, 3253023.538385966792703 ], [ 597711.290340434527025, 3253046.453100792132318 ], [ 597884.503065623342991, 3253214.172364233992994 ] ] ], [ [ [ 599712.640535971964709, 3253872.859712679870427 ], [ 601073.116922890185378, 3254727.13380676554516 ], [ 601684.00693054671865, 3254765.852349380031228 ], [ 602145.571779298479669, 3255224.360235211905092 ], [ 602710.222107465262525, 3254961.872139640618116 ], [ 602662.238962779287249, 3254951.993680486921221 ], [ 602204.4785520080477, 3255147.320210715290159 ], [ 601665.00241028808523, 3254721.354788196273148 ], [ 601035.20179697999265, 3254627.060130540281534 ], [ 599645.896428028820083, 3253739.292598127853125 ], [ 599895.687270749593154, 3252921.455193048808724 ], [ 602266.809249685844406, 3251468.760314637795091 ], [ 603238.343383238534443, 3251355.67372681107372 ], [ 602344.943590231239796, 3251414.057585601694882 ], [ 600794.176004661479965, 3252275.601840667426586 ], [ 599866.578501532552764, 3252921.198406879790127 ], [ 599323.301802638103254, 3254019.670766866300255 ], [ 599712.640535971964709, 3253872.859712679870427 ] ] ], [ [ [ 604075.259137831162661, 3255330.602756303735077 ], [ 605068.051024994812906, 3254985.161608179565519 ], [ 606148.148843853385188, 3255682.319806786254048 ], [ 606205.056678111781366, 3255681.883856809232384 ], [ 605214.085491366451606, 3254931.109570692293346 ], [ 604182.582000253372826, 3255265.099862065631896 ], [ 602908.182012104429305, 3255002.629187548067421 ], [ 604075.259137831162661, 3255330.602756303735077 ] ] ], [ [ [ 606798.201449646498077, 3255677.357033570297062 ], [ 608655.921577570377849, 3254176.821250374428928 ], [ 606876.749609292251989, 3255578.361812945920974 ], [ 606213.045851311879233, 3255681.822677607648075 ], [ 606798.201449646498077, 3255677.357033570297062 ] ] ] ] } },
{ "type": "Feature", "properties": { "t": "river" }, "geometry": { "type": "Polygon", "coordinates": [ [ [ 610589.382698882021941, 3252921.117347314488143 ], [ 612084.501343502663076, 3251871.94145490322262 ], [ 613815.402437076671049, 3251534.573867747094482 ], [ 612055.388947935309261, 3251871.653413699474186 ], [ 609664.467507593566552, 3253233.498548538424075 ], [ 609543.390274587203749, 3253340.626806451939046 ], [ 610589.382698882021941, 3252921.117347314488143 ] ] ] } },
{ "type": "Feature", "properties": { "t": "river" }, "geometry": { "type": "MultiPolygon", "coordinates": [ [ [ [ 613778.774256567005068, 3238156.708980330266058 ], [ 613238.500714370980859, 3238330.140880236867815 ], [ 612445.859727948904037, 3237912.255066145211458 ], [ 611985.045845968998037, 3237342.539978634100407 ], [ 611323.020737470476888, 3237469.030562373343855 ], [ 610507.445711661013775, 3236397.237721883226186 ], [ 609809.294411293114536, 3236235.342439829837531 ], [ 610439.424473402905278, 3236396.578069792129099 ], [ 611225.423537535592914, 3237512.404037996660918 ], [ 612013.432535478146747, 3237420.391944478731602 ], [ 612406.229603697545826, 3237989.436685428023338 ], [ 613189.260915566468611, 3238396.142502842471004 ], [ 613761.878030814579688, 3238184.961865047458559 ], [ 613778.774256567005068, 3238156.708980330266058 ] ], [ [ 612522.931282456498593, 3237979.50764358881861 ], [ 612503.280240698717535, 3238001.477151412051171 ], [ 612406.66721025807783, 3237945.113603767473251 ], [ 612484.176664864993654, 3237968.042829123791307 ], [ 612522.931282456498593, 3237979.50764358881861 ] ], [ [ 612320.643841072916985, 3237800.200622796546668 ], [ 612349.136312375543639, 3237866.97281283698976 ], [ 612262.565322583541274, 3237777.46414437610656 ], [ 612320.643841072916985, 3237800.200622796546668 ] ], [ [ 611254.789226186345331, 3237490.527318078558892 ], [ 611197.356413259287365, 3237401.311976260505617 ], [ 611255.330530194565654, 3237435.123623004648834 ], [ 611254.789226186345331, 3237490.527318078558892 ] ], [ [ 611188.180890745134093, 3237345.813418431673199 ], [ 611158.923141339793801, 3237356.609577917028219 ], [ 611169.072347679059021, 3237312.381487044040114 ], [ 611188.180890745134093, 3237345.813418431673199 ] ] ], [ [ [ 613920.710075459908694, 3238126.391206241212785 ], [ 615469.192416173405945, 3238740.418755825143307 ], [ 616363.037521434715018, 3238443.627880109474063 ], [ 616298.629603691049851, 3238394.238977843429893 ], [ 616087.01282766321674, 3238455.404720617923886 ], [ 616084.204622742836364, 3238458.542370572686195 ], [ 616078.43382030876819, 3238457.884494398254901 ], [ 615372.824105542036705, 3238661.86763281468302 ], [ 614008.597379024839029, 3238082.943334668409079 ], [ 613781.531456517521292, 3238155.823977085761726 ], [ 613773.024083387688734, 3238180.851572641171515 ], [ 613920.710075459908694, 3238126.391206241212785 ] ], [ [ 615488.848193455836736, 3238718.454203950706869 ], [ 615489.185490646399558, 3238685.211663847789168 ], [ 615596.056033328641206, 3238686.296528221573681 ], [ 615488.848193455836736, 3238718.454203950706869 ] ] ], [ [ [ 616953.837386686587706, 3238932.890071911737323 ], [ 617640.689877224387601, 3240555.184069090522826 ], [ 617049.623138866038062, 3239066.859462785534561 ], [ 617318.609653029940091, 3238889.451577118132263 ], [ 617060.250160678406246, 3238978.31230441853404 ], [ 616538.248925241758116, 3238577.986566463951021 ], [ 616953.837386686587706, 3238932.890071911737323 ] ] ], [ [ [ 618174.697683640290052, 3238324.903715311549604 ], [ 619955.860402703750879, 3238044.314835499506444 ], [ 621256.373386544408277, 3237282.33668680395931 ], [ 619946.494454624364153, 3238010.969661944545805 ], [ 618097.085559344151989, 3238313.016196893993765 ], [ 618014.526869382127188, 3238430.519437073264271 ], [ 618174.697683640290052, 3238324.903715311549604 ] ] ], [ [ [ 617703.12077597132884, 3240702.667891027871519 ], [ 619272.065949549665675, 3242093.203942582476884 ], [ 619415.960518320905976, 3242517.853444386273623 ], [ 619301.204046316561289, 3242093.509695592802018 ], [ 617646.811218819580972, 3240569.644641819875687 ], [ 617703.12077597132884, 3240702.667891027871519 ] ] ], [ [ [ 619498.180807809461839, 3242760.51138981571421 ], [ 621193.080318361520767, 3243221.750515167601407 ], [ 619484.554575907532126, 3242720.295268757734448 ], [ 619498.180807809461839, 3242760.51138981571421 ] ] ] ] } },
{ "type": "Feature", "properties": { "t": "river" }, "geometry": { "type": "MultiPolygon", "coordinates": [ [ [ [ 599286.359985754825175, 3242710.030007041525096 ], [ 600892.771393150091171, 3241857.92722147796303 ], [ 599141.071921910857782, 3242664.43599019292742 ], [ 596915.116192612331361, 3242877.944659360684454 ], [ 599286.359985754825175, 3242710.030007041525096 ] ] ], [ [ [ 602778.062030096305534, 3242164.830084742978215 ], [ 603731.985313617507927, 3243004.614006897434592 ], [ 602836.535708531504497, 3242143.195835041347891 ], [ 601101.303135473746806, 3241761.941487940493971 ], [ 601047.59763694065623, 3241786.661244440358132 ], [ 602778.062030096305534, 3242164.830084742978215 ] ] ] ] } },
{ "type": "Feature", "properties": { "t": "lake" }, "geometry": { "type": "Polygon", "coordinates": [ [ [ 641905.274568445514888, 3290677.875256497878581 ], [ 641787.526823849184439, 3290809.387848610989749 ], [ 642066.02619966364, 3290968.103826629929245 ], [ 641905.274568445514888, 3290677.875256497878581 ] ] ] } },
{ "type": "Feature", "properties": { "t": "lake" }, "geometry": { "type": "Polygon", "coordinates": [ [ [ 640924.644792528473772, 3290199.931107501033694 ], [ 641089.908509380882606, 3290135.513617726508528 ], [ 640811.654412693111226, 3289954.659114143345505 ], [ 640924.644792528473772, 3290199.931107501033694 ] ] ] } },
{ "type": "Feature", "properties": { "t": "lake" }, "geometry": { "type": "Polygon", "coordinates": [ [ [ 642144.643338078167289, 3289350.836919324472547 ], [ 642018.193105063284747, 3289404.648948242422193 ], [ 642286.770933108520694, 3289585.410393738653511 ], [ 642144.643338078167289, 3289350.836919324472547 ] ] ] } },
{ "type": "Feature", "properties": { "t": "lake" }, "geometry": { "type": "Polygon", "coordinates": [ [ [ 631914.126723997294903, 3288139.186321234330535 ], [ 631787.064924445701763, 3288248.522329532075673 ], [ 632027.066794591606595, 3288406.523582424968481 ], [ 631914.126723997294903, 3288139.186321234330535 ] ] ] } },
{ "type": "Feature", "properties": { "t": "lake" }, "geometry": { "type": "Polygon", "coordinates": [ [ [ 620906.677600878058001, 3287937.122593450825661 ], [ 621006.889418996288441, 3287616.80047023575753 ], [ 620825.366496040951461, 3287404.260737235192209 ], [ 620906.677600878058001, 3287937.122593450825661 ] ] ] } },
{ "type": "Feature", "properties": { "t": "lake" }, "geometry": { "type": "Polygon", "coordinates": [ [ [ 629734.325072431005538, 3286728.252633950207382 ], [ 629895.575733279110864, 3287007.208646222483367 ], [ 629840.874683469184674, 3286718.405808773357421 ], [ 629734.325072431005538, 3286728.252633950207382 ] ] ] } },
{ "type": "Feature", "properties": { "t": "lake" }, "geometry": { "type": "Polygon", "coordinates": [ [ [ 629558.127574603422545, 3286903.54369441838935 ], [ 629608.55489026941359, 3286726.794339943677187 ], [ 629088.299731909064576, 3286532.360470450948924 ], [ 629558.127574603422545, 3286903.54369441838935 ] ] ] } },
{ "type": "Feature", "properties": { "t": "lake" }, "geometry": { "type": "Polygon", "coordinates": [ [ [ 628201.650303619913757, 3286222.913297479040921 ], [ 628342.706407135003246, 3286579.196186938788742 ], [ 628377.326911845244467, 3286091.928718032315373 ], [ 628201.650303619913757, 3286222.913297479040921 ] ] ] } },
{ "type": "Feature", "properties": { "t": "lake" }, "geometry": { "type": "Polygon", "coordinates": [ [ [ 632907.684357897378504, 3285945.336285760160536 ], [ 632675.606068615219556, 3285931.497928766533732 ], [ 632653.758332650410011, 3286141.825104248709977 ], [ 632907.684357897378504, 3285945.336285760160536 ] ] ] } },
{ "type": "Feature", "properties": { "t": "lake" }, "geometry": { "type": "Polygon", "coordinates": [ [ [ 633124.235668338835239, 3285637.57300368277356 ], [ 633184.268502929364331, 3285472.034899223595858 ], [ 633047.62093417881988, 3285570.160641587805003 ], [ 633124.235668338835239, 3285637.57300368277356 ] ] ] } },
{ "type": "Feature", "properties": { "t": "lake" }, "geometry": { "type": "Polygon", "coordinates": [ [ [ 637139.628489068010822, 3284899.12992448406294 ], [ 637234.490370040526614, 3285055.464511678088456 ], [ 637360.010447802138515, 3285079.171932593919337 ], [ 637139.628489068010822, 3284899.12992448406294 ] ] ] } },
{ "type": "Feature", "properties": { "t": "lake" }, "geometry": { "type": "Polygon", "coordinates": [ [ [ 636089.924815620761365, 3282880.180455015972257 ], [ 636236.445290158386342, 3282771.125754713080823 ], [ 636258.363351752981544, 3282560.803805846720934 ], [ 636089.924815620761365, 3282880.180455015972257 ] ] ] } },
{ "type": "Feature", "properties": { "t": "lake" }, "geometry": { "type": "Polygon", "coordinates": [ [ [ 637022.011898009106517, 3282647.705291255842894 ], [ 637110.338354722829536, 3282549.0333451051265 ], [ 636878.190332379075699, 3282535.110350868664682 ], [ 637022.011898009106517, 3282647.705291255842894 ] ] ] } },
{ "type": "Feature", "properties": { "t": "lake" }, "geometry": { "type": "Polygon", "coordinates": [ [ [ 622014.334469719324261, 3282174.92346657672897 ], [ 621997.270741587155499, 3281964.161823181901127 ], [ 621667.238436751416884, 3282049.236037198919803 ], [ 622014.334469719324261, 3282174.92346657672897 ] ] ] } },
{ "type": "Feature", "properties": { "t": "lake" }, "geometry": { "type": "Polygon", "coordinates": [ [ [ 632304.615035000955686, 3281294.229079668410122 ], [ 632315.733780579874292, 3281172.443001525010914 ], [ 631940.059445689897984, 3281012.846339268609881 ], [ 632304.615035000955686, 3281294.229079668410122 ] ] ] } },
{ "type": "Feature", "properties": { "t": "lake" }, "geometry": { "type": "Polygon", "coordinates": [ [ [ 621474.563464390579611, 3281071.849397811572999 ], [ 621723.937524681328796, 3281285.130617456976324 ], [ 621649.391872252919711, 3281018.331324075814337 ], [ 621474.563464390579611, 3281071.849397811572999 ] ] ] } },
{ "type": "Feature", "properties": { "t": "lake" }, "geometry": { "type": "Polygon", "coordinates": [ [ [ 632331.432250310666859, 3280662.792326256167144 ], [ 632427.053399229887873, 3280763.672225927468389 ], [ 632448.639338165987283, 3280575.509597251657397 ], [ 632331.432250310666859, 3280662.792326256167144 ] ] ] } },
{ "type": "Feature", "properties": { "t": "lake" }, "geometry": { "type": "Polygon", "coordinates": [ [ [ 621686.129599036416039, 3280309.424513496924192 ], [ 621645.96672143007163, 3280441.983331834431738 ], [ 621849.122561348136514, 3280455.272826299536973 ], [ 621686.129599036416039, 3280309.424513496924192 ] ] ] } },
{ "type": "Feature", "properties": { "t": "river" }, "geometry": { "type": "MultiPolygon", "coordinates": [ [ [ [ 621957.297927107312717, 3272277.308936014771461 ], [ 620963.961934349266812, 3271856.516116093844175 ], [ 622005.1310124512529, 3272333.241845501586795 ], [ 622675.953099827282131, 3273005.511011594440788 ], [ 622843.832256361027248, 3273038.388485400471836 ], [ 621957.297927107312717, 3272277.308936014771461 ] ] ], [ [ [ 623275.286655553500168, 3273122.897011604625732 ], [ 624425.849939145497046, 3274199.535434443503618 ], [ 625757.583730186684988, 3274646.599895785562694 ], [ 627726.322904268861748, 3273722.569183425977826 ], [ 625603.24418381229043, 3274589.458151129540056 ], [ 624484.084472791291773, 3274189.097614330705255 ], [ 623381.956349856802262, 3273112.984653908293694 ], [ 622991.256055052625015, 3273067.262216732371598 ], [ 623275.286655553500168, 3273122.897011604625732 ] ] ], [ [ [ 630646.761202975874767, 3272352.76294655026868 ], [ 631653.179637318709865, 3272453.169212446082383 ], [ 632049.464264874579385, 3272300.845388611778617 ], [ 631750.829034973634407, 3272387.813791862688959 ], [ 630744.534040347440168, 3272276.317292945925146 ], [ 629353.664373410400003, 3272747.88598498608917 ], [ 628715.649310875101946, 3273258.413059993647039 ], [ 630646.761202975874767, 3272352.76294655026868 ] ] ], [ [ [ 634300.523063285974786, 3272251.732914979103953 ], [ 637348.646260023466311, 3274150.587437171023339 ], [ 638566.029134341515601, 3274312.393259846139699 ], [ 637271.972745146835223, 3274083.149227345827967 ], [ 634484.316212687408552, 3272276.096595695707947 ], [ 633141.069725263630971, 3271983.027000317815691 ], [ 632925.21748582017608, 3272045.862111304420978 ], [ 634300.523063285974786, 3272251.732914979103953 ] ] ], [ [ [ 640885.868527081678621, 3274621.109127395320684 ], [ 638973.934005915652961, 3274325.744413737207651 ], [ 639530.695022788480856, 3273955.801750989165157 ], [ 639854.850112628890201, 3272818.216578545980155 ], [ 640238.72468463529367, 3272335.31861039949581 ], [ 640602.607323223142885, 3272203.999186637345701 ], [ 640278.165623511304148, 3272280.392415191512555 ], [ 639885.979573534335941, 3272652.349411082454026 ], [ 639502.049852059455588, 3273922.195168315898627 ], [ 638762.640145466080867, 3274338.538242065813392 ], [ 640885.868527081678621, 3274621.109127395320684 ] ] ], [ [ [ 641929.231309533934109, 3271968.602020386140794 ], [ 642880.293974236352369, 3272612.422267855145037 ], [ 645043.093204514821991, 3273194.31425354629755 ], [ 642832.984139796928503, 3272523.150815309491009 ], [ 641842.740342497592792, 3271912.092036074027419 ], [ 641714.589977273833938, 3271942.24955154908821 ], [ 641929.231309533934109, 3271968.602020386140794 ] ] ], [ [ [ 642378.376105040195398, 3275539.111245891544968 ], [ 641158.995150763192214, 3274663.330968535505235 ], [ 641029.464476214488968, 3274643.306331651285291 ], [ 642378.376105040195398, 3275539.111245891544968 ] ] ], [ [ [ 643680.938417876139283, 3276660.662423506379128 ], [ 643059.630539659177884, 3276028.519851970486343 ], [ 642456.261417288798839, 3275595.059173854533583 ], [ 643680.938417876139283, 3276660.662423506379128 ] ] ], [ [ [ 644739.404905866831541, 3279463.909017009660602 ], [ 644999.943017941666767, 3279533.778954200912267 ], [ 643920.136851196060888, 3276904.061284436378628 ], [ 643774.444325665012002, 3276755.808404962997884 ], [ 644739.404905866831541, 3279463.909017009660602 ] ], [ [ 644488.000950501300395, 3278684.788972239010036 ], [ 644544.665219553629868, 3278796.358703552745283 ], [ 644506.080112846568227, 3278784.77755860472098 ], [ 644488.000950501300395, 3278684.788972239010036 ] ] ] ] } },
{ "type": "Feature", "properties": { "t": "lake" }, "geometry": { "type": "Polygon", "coordinates": [ [ [ 626819.271244757343084, 3265526.172147788573056 ], [ 626652.002467349986546, 3265745.949020126834512 ], [ 626738.363842533784918, 3265824.500173974782228 ], [ 626819.271244757343084, 3265526.172147788573056 ] ] ] } },
{ "type": "Feature", "properties": { "t": "lake" }, "geometry": { "type": "Polygon", "coordinates": [ [ [ 627069.535744376829825, 3265684.15167006989941 ], [ 627146.577289795735851, 3265729.352234909310937 ], [ 627091.795222168788314, 3265429.495789878070354 ], [ 627069.535744376829825, 3265684.15167006989941 ] ] ] } },
{ "type": "Feature", "properties": { "t": "lake" }, "geometry": { "type": "Polygon", "coordinates": [ [ [ 628750.47915960859973, 3264495.185371213126928 ], [ 628659.314828411326744, 3264837.716659691184759 ], [ 628719.753115845262073, 3264638.913119695615023 ], [ 628750.47915960859973, 3264495.185371213126928 ] ] ] } },
{ "type": "Feature", "properties": { "t": "river" }, "geometry": { "type": "Polygon", "coordinates": [ [ [ 607062.347866833326407, 3291032.025618426501751 ], [ 606985.410477705067024, 3290986.958329453598708 ], [ 605519.331549421069212, 3291593.621659895870835 ], [ 607062.347866833326407, 3291032.025618426501751 ] ] ] } },
{ "type": "Feature", "properties": { "t": "river" }, "geometry": { "type": "Polygon", "coordinates": [ [ [ 602699.852336327079684, 3291124.034694261848927 ], [ 601410.512659760541283, 3291466.881280897185206 ], [ 602699.444610530044883, 3291168.360124558210373 ], [ 603391.993031168007292, 3291573.715708103962243 ], [ 602699.852336327079684, 3291124.034694261848927 ] ] ] } },
{ "type": "Feature", "properties": { "t": "river" }, "geometry": { "type": "Polygon", "coordinates": [ [ [ 600134.206846133107319, 3291444.277979477774352 ], [ 599427.921932245721109, 3290396.240970287937671 ], [ 598309.836724436376244, 3289965.222003571223468 ], [ 597370.387845686171204, 3289003.934291312005371 ], [ 597145.874691030709073, 3288126.49770785914734 ], [ 596579.216305191162974, 3287656.1419139476493 ], [ 596611.299366736086085, 3287301.794510504696518 ], [ 596530.564586984692141, 3287688.967760244384408 ], [ 597126.240733864717185, 3288159.573219642974436 ], [ 597245.329752012738027, 3288925.270733445882797 ], [ 598155.19854703405872, 3289952.779906791169196 ], [ 599417.758064590510912, 3290451.561307036783546 ], [ 599577.01927844574675, 3291029.253329187631607 ], [ 599865.833272846415639, 3291175.90131826326251 ], [ 599649.928918249905109, 3291528.602170158177614 ], [ 599933.027069700532593, 3291231.913528973702341 ], [ 600143.478956872364506, 3291488.689977471716702 ], [ 600800.518442164408043, 3291550.014559607952833 ], [ 600134.206846133107319, 3291444.277979477774352 ] ] ] } },
{ "type": "Feature", "properties": { "t": "lake" }, "geometry": { "type": "Polygon", "coordinates": [ [ [ 620177.196239839424379, 3286499.557319077663124 ], [ 620679.316147089935839, 3286593.6275963508524 ], [ 620489.408043990377337, 3286259.091847616247833 ], [ 620177.196239839424379, 3286499.557319077663124 ] ] ] } },
{ "type": "Feature", "properties": { "t": "lake" }, "geometry": { "type": "Polygon", "coordinates": [ [ [ 620004.197705090162344, 3285489.15487099532038 ], [ 620053.763828834751621, 3285378.857578285504133 ], [ 619899.193205438787118, 3285355.034335420466959 ], [ 620004.197705090162344, 3285489.15487099532038 ] ] ] } },
{ "type": "Feature", "properties": { "t": "lake" }, "geometry": { "type": "Polygon", "coordinates": [ [ [ 613783.05829919478856, 3285413.075246616266668 ], [ 614036.197461271309294, 3285260.495365978684276 ], [ 613950.811232938431203, 3285093.385823522694409 ], [ 613783.05829919478856, 3285413.075246616266668 ] ] ] } },
{ "type": "Feature", "properties": { "t": "lake" }, "geometry": { "type": "Polygon", "coordinates": [ [ [ 614012.477540143067017, 3284739.369455705396831 ], [ 613946.55147900688462, 3284561.375872406642884 ], [ 613800.284021675819531, 3284670.713943837676197 ], [ 614012.477540143067017, 3284739.369455705396831 ] ] ] } },
{ "type": "Feature", "properties": { "t": "lake" }, "geometry": { "type": "Polygon", "coordinates": [ [ [ 616924.745571844512597, 3283860.631840800400823 ], [ 616498.854156952584162, 3283867.274471315089613 ], [ 616622.804332019994035, 3284045.888792510144413 ], [ 616924.745571844512597, 3283860.631840800400823 ] ] ] } },
{ "type": "Feature", "properties": { "t": "lake" }, "geometry": { "type": "Polygon", "coordinates": [ [ [ 615926.85635901032947, 3283030.134310699533671 ], [ 615314.554313125787303, 3283278.713741930667311 ], [ 615290.863758416613564, 3283699.611316442955285 ], [ 615926.85635901032947, 3283030.134310699533671 ] ] ] } },
{ "type": "Feature", "properties": { "t": "lake" }, "geometry": { "type": "Polygon", "coordinates": [ [ [ 615178.731679266900755, 3283310.563794747460634 ], [ 615209.245365101494826, 3283166.803075925447047 ], [ 615024.466308390256017, 3283253.564727892167866 ], [ 615178.731679266900755, 3283310.563794747460634 ] ] ] } },
{ "type": "Feature", "properties": { "t": "lake" }, "geometry": { "type": "Polygon", "coordinates": [ [ [ 618686.808634020737372, 3282881.721123802941293 ], [ 618996.139614393236116, 3282918.252148635219783 ], [ 618833.384101922856644, 3282750.281762671191245 ], [ 618686.808634020737372, 3282881.721123802941293 ] ] ] } },
{ "type": "Feature", "properties": { "t": "lake" }, "geometry": { "type": "Polygon", "coordinates": [ [ [ 618290.611237208126113, 3282822.115287103690207 ], [ 618332.951417785836384, 3282478.996190152131021 ], [ 617991.537567863706499, 3282730.298147497233003 ], [ 618290.611237208126113, 3282822.115287103690207 ] ] ] } },
{ "type": "Feature", "properties": { "t": "lake" }, "geometry": { "type": "Polygon", "coordinates": [ [ [ 615921.996368134045042, 3282564.61113402293995 ], [ 615489.008077035890892, 3282316.319481129292399 ], [ 615280.864900736487471, 3282790.729616656433791 ], [ 615921.996368134045042, 3282564.61113402293995 ] ] ] } },
{ "type": "Feature", "properties": { "t": "lake" }, "geometry": { "type": "Polygon", "coordinates": [ [ [ 616028.91165472578723, 3282521.387465144041926 ], [ 616697.146678204881027, 3282483.999035354238003 ], [ 616612.92958860960789, 3282206.054174243472517 ], [ 616028.91165472578723, 3282521.387465144041926 ] ] ] } },
{ "type": "Feature", "properties": { "t": "lake" }, "geometry": { "type": "Polygon", "coordinates": [ [ [ 620464.968991459812969, 3282235.734655770473182 ], [ 620300.676989895175211, 3282211.803299602586776 ], [ 620531.64348103501834, 3282336.197768535930663 ], [ 620464.968991459812969, 3282235.734655770473182 ] ] ] } },
{ "type": "Feature", "properties": { "t": "lake" }, "geometry": { "type": "Polygon", "coordinates": [ [ [ 617668.431574645335786, 3282161.678248016629368 ], [ 617679.739553459687158, 3282006.638533328194171 ], [ 617435.921934154815972, 3282181.403785071801394 ], [ 617668.431574645335786, 3282161.678248016629368 ] ] ] } },
{ "type": "Feature", "properties": { "t": "lake" }, "geometry": { "type": "Polygon", "coordinates": [ [ [ 615501.314087348757312, 3282061.5451810345985 ], [ 615645.458228803123347, 3282162.7762984870933 ], [ 615686.688512624357827, 3281919.383381044957787 ], [ 615501.314087348757312, 3282061.5451810345985 ] ] ] } },
{ "type": "Feature", "properties": { "t": "lake" }, "geometry": { "type": "Polygon", "coordinates": [ [ [ 618176.141426038811915, 3281745.877675116993487 ], [ 618340.209380954504013, 3281791.940566314384341 ], [ 618265.237317423219793, 3281558.410753649659455 ], [ 618176.141426038811915, 3281745.877675116993487 ] ] ] } },
{ "type": "Feature", "properties": { "t": "lake" }, "geometry": { "type": "Polygon", "coordinates": [ [ [ 618219.766420510364696, 3281280.861816981807351 ], [ 618394.456769864074886, 3281238.375115476548672 ], [ 618504.793236319674179, 3280873.810036280192435 ], [ 618137.211355463485233, 3280847.763754892162979 ], [ 618219.766420510364696, 3281280.861816981807351 ] ] ] } },
{ "type": "Feature", "properties": { "t": "lake" }, "geometry": { "type": "Polygon", "coordinates": [ [ [ 616349.751852439483628, 3280518.749708004761487 ], [ 616341.567484971019439, 3280374.590065445750952 ], [ 616176.552695828140713, 3280417.20921416208148 ], [ 616349.751852439483628, 3280518.749708004761487 ] ] ] } },
{ "type": "Feature", "properties": { "t": "lake" }, "geometry": { "type": "Polygon", "coordinates": [ [ [ 618529.073833958478644, 3280408.590719352010638 ], [ 618693.864489654893987, 3280388.168952658306807 ], [ 618569.316688755294308, 3280264.940441858954728 ], [ 618529.073833958478644, 3280408.590719352010638 ] ] ] } },
{ "type": "Feature", "properties": { "t": "river" }, "geometry": { "type": "MultiPolygon", "coordinates": [ [ [ [ 597282.044272010447457, 3274663.113655691500753 ], [ 598338.104948857333511, 3274616.900367639027536 ], [ 599302.819973653880879, 3273949.391085323877633 ], [ 600401.833209012169391, 3274512.62825345620513 ], [ 599293.91857160103973, 3273860.657172260340303 ], [ 598711.071781075559556, 3274054.995362427551299 ], [ 598406.962456517620012, 3274495.60269160522148 ], [ 597078.772473854012787, 3274650.273133269045502 ], [ 596639.456807206035592, 3275056.512375803664327 ], [ 597282.044272010447457, 3274663.113655691500753 ] ] ], [ [ [ 601527.299747932353057, 3275376.686117914505303 ], [ 601712.450032755266875, 3275284.125261895824224 ], [ 601252.97508917551022, 3275013.624572120606899 ], [ 601527.299747932353057, 3275376.686117914505303 ] ] ], [ [ [ 601984.545087148901075, 3275148.106972735375166 ], [ 601964.883138397475705, 3275006.273327814880759 ], [ 601812.618600656394847, 3275234.050600637216121 ], [ 601984.545087148901075, 3275148.106972735375166 ] ] ], [ [ [ 601884.555977056268603, 3274426.868584875017405 ], [ 602050.09822558646556, 3274328.633135004434735 ], [ 603326.526710009668022, 3274550.860205757897347 ], [ 605542.530062872450799, 3274134.099013798870146 ], [ 605558.110994383343495, 3274128.323644231073558 ], [ 605558.566927230684087, 3274131.084679236169904 ], [ 605823.433367811259814, 3274081.303164006676525 ], [ 603395.337568544084206, 3274440.67274077842012 ], [ 601944.271826562820934, 3274250.09823079360649 ], [ 601767.237872119992971, 3274547.707181585021317 ], [ 601963.651443920447491, 3274997.388504725880921 ], [ 601884.555977056268603, 3274426.868584875017405 ] ] ], [ [ [ 606203.62003708537668, 3274094.599065714515746 ], [ 606072.244363535544835, 3274044.508823555894196 ], [ 605983.623134464491159, 3274057.613534033764154 ], [ 606203.62003708537668, 3274094.599065714515746 ] ] ], [ [ [ 606939.45726424199529, 3274518.182048897724599 ], [ 607590.762300433008932, 3274269.510301291476935 ], [ 608318.0101734532509, 3273179.357090608216822 ], [ 609063.81126594170928, 3273186.569900109898299 ], [ 609091.044252250576392, 3273153.248867370653898 ], [ 608328.229944270686246, 3273124.044437978416681 ], [ 607679.518328433274291, 3274104.127353949937969 ], [ 607085.570353229879402, 3274430.916378249414265 ], [ 606721.23611098784022, 3274291.972543647978455 ], [ 606939.45726424199529, 3274518.182048897724599 ] ] ], [ [ [ 609710.857329710735939, 3272394.943579357117414 ], [ 610163.57361070276238, 3272194.022502446547151 ], [ 609643.052294355817139, 3272394.28206491144374 ], [ 609184.717090549296699, 3273038.637044418137521 ], [ 609710.857329710735939, 3272394.943579357117414 ] ] ], [ [ [ 610810.340176022145897, 3271907.02325080987066 ], [ 612736.762579808826558, 3270119.746620578225702 ], [ 611174.670776206068695, 3271312.174423762131482 ], [ 610687.009240163024515, 3271961.746732925064862 ], [ 610810.340176022145897, 3271907.02325080987066 ] ] ] ] } },
{ "type": "Feature", "properties": { "t": "river" }, "geometry": { "type": "Polygon", "coordinates": [ [ [ 620435.123991589411162, 3270576.328985249623656 ], [ 619547.805060590966605, 3270190.054535998497158 ], [ 618615.713886120473035, 3270368.593639826867729 ], [ 617054.261020862497389, 3269576.461736827623099 ], [ 615986.866399910184555, 3269720.564699829090387 ], [ 615029.817574014887214, 3269500.17445983318612 ], [ 612375.632726404932328, 3270382.110263542272151 ], [ 615106.876775035634637, 3269545.292161324527115 ], [ 615889.520846181083471, 3269763.891695980448276 ], [ 616937.762004243792035, 3269597.415628868620843 ], [ 618750.416075970395468, 3270458.675562039483339 ], [ 619605.34767255675979, 3270246.079336624592543 ], [ 620338.122500515775755, 3270586.373615582007915 ], [ 620886.464272322598845, 3271855.682679469231516 ], [ 620435.123991589411162, 3270576.328985249623656 ] ] ] } },
{ "type": "Feature", "properties": { "t": "lake" }, "geometry": { "type": "Polygon", "coordinates": [ [ [ 603299.365959309972823, 3266959.438541939482093 ], [ 603461.058554076240398, 3267293.381110219284892 ], [ 604450.872498264419846, 3268200.159101219382137 ], [ 605396.646287173149176, 3268619.00850641913712 ], [ 607731.732765456661582, 3268652.195073290262371 ], [ 608395.534010897856206, 3268148.787835269700736 ], [ 608606.078614189522341, 3267419.394248391967267 ], [ 608346.77518551365938, 3267173.089586268179119 ], [ 607184.290781238581985, 3267117.638818537350744 ], [ 607062.83754726301413, 3266639.95405497867614 ], [ 605481.658107437193394, 3265749.55907626170665 ], [ 604106.61754093284253, 3265603.78890819940716 ], [ 603500.107406618306413, 3266207.70893211197108 ], [ 603299.365959309972823, 3266959.438541939482093 ] ] ] } },
{ "type": "Feature", "properties": { "t": "lake" }, "geometry": { "type": "Polygon", "coordinates": [ [ [ 634597.3596802392276, 3317399.273481390904635 ], [ 634657.137571780011058, 3317244.824095142539591 ], [ 634377.607086091884412, 3317219.256152941845357 ], [ 634597.3596802392276, 3317399.273481390904635 ] ] ] } },
{ "type": "Feature", "properties": { "t": "lake" }, "geometry": { "type": "Polygon", "coordinates": [ [ [ 620403.362206714693457, 3316515.214471267070621 ], [ 620833.099753025686368, 3316043.312985029071569 ], [ 620407.342348571168259, 3316149.505522391758859 ], [ 620403.362206714693457, 3316515.214471267070621 ] ] ] } },
{ "type": "Feature", "properties": { "t": "lake" }, "geometry": { "type": "Polygon", "coordinates": [ [ [ 639658.414655554341152, 3310911.22041529417038 ], [ 639524.375152327702381, 3310820.858827895019203 ], [ 639278.986328422441147, 3311139.215119550004601 ], [ 639658.414655554341152, 3310911.22041529417038 ] ] ] } },
{ "type": "Feature", "properties": { "t": "lake" }, "geometry": { "type": "Polygon", "coordinates": [ [ [ 638402.710335408220999, 3310950.89267897978425 ], [ 638246.866142103797756, 3311059.789575913920999 ], [ 638352.919413273921236, 3311072.196902309078723 ], [ 638402.710335408220999, 3310950.89267897978425 ] ] ] } },
{ "type": "Feature", "properties": { "t": "lake" }, "geometry": { "type": "Polygon", "coordinates": [ [ [ 642229.103475864278153, 3308472.097735330462456 ], [ 642364.716418819967657, 3308440.58397398982197 ], [ 642232.51286578795407, 3308206.117879691068083 ], [ 642229.103475864278153, 3308472.097735330462456 ] ] ] } },
{ "type": "Feature", "properties": { "t": "lake" }, "geometry": { "type": "Polygon", "coordinates": [ [ [ 620669.693529626354575, 3308006.103744015097618 ], [ 620496.970419534365647, 3307904.477378332521766 ], [ 620494.684057931997813, 3308115.034789128229022 ], [ 620669.693529626354575, 3308006.103744015097618 ] ] ] } },
{ "type": "Feature", "properties": { "t": "river" }, "geometry": { "type": "Polygon", "coordinates": [ [ [ 643811.315502734971233, 3306364.291062690783292 ], [ 644666.290744848316535, 3305244.788093010429293 ], [ 643782.341340405982919, 3306363.915847342927009 ], [ 643662.764868860132992, 3307393.214161545038223 ], [ 643899.45212036150042, 3307762.064924462232739 ], [ 643865.565154631156474, 3307395.8408137653023 ], [ 643811.315502734971233, 3306364.291062690783292 ] ] ] } },
{ "type": "Feature", "properties": { "t": "lake" }, "geometry": { "type": "Polygon", "coordinates": [ [ [ 633654.763602028484456, 3305938.132949138060212 ], [ 633451.943772960221395, 3305935.693857611157 ], [ 633399.260021913796663, 3306300.827584976796061 ], [ 633669.544132769107819, 3306315.161822109017521 ], [ 633654.763602028484456, 3305938.132949138060212 ] ] ] } },
{ "type": "Feature", "properties": { "t": "lake" }, "geometry": { "type": "Polygon", "coordinates": [ [ [ 634233.713511880952865, 3305989.451236702967435 ], [ 634447.935095178545453, 3305847.95215210178867 ], [ 634361.413590830867179, 3305813.653412772808224 ], [ 634233.713511880952865, 3305989.451236702967435 ] ] ] } },
{ "type": "Feature", "properties": { "t": "lake" }, "geometry": { "type": "Polygon", "coordinates": [ [ [ 644097.726506239036098, 3305880.291581891011447 ], [ 644193.591915934812278, 3305936.957721528131515 ], [ 644303.002612643525936, 3305694.522401764523238 ], [ 644097.726506239036098, 3305880.291581891011447 ] ] ] } },
{ "type": "Feature", "properties": { "t": "lake" }, "geometry": { "type": "Polygon", "coordinates": [ [ [ 628586.911302320891991, 3303983.003540924284607 ], [ 628749.969530419097282, 3304084.64368799701333 ], [ 628725.226711022900417, 3303718.598829613532871 ], [ 628586.911302320891991, 3303983.003540924284607 ] ] ] } },
{ "type": "Feature", "properties": { "t": "lake" }, "geometry": { "type": "Polygon", "coordinates": [ [ [ 632933.25113038206473, 3303269.362704422324896 ], [ 632931.13066498877015, 3303446.677717013750225 ], [ 633068.496565514127724, 3303270.980854000896215 ], [ 632933.25113038206473, 3303269.362704422324896 ] ] ] } },
{ "type": "Feature", "properties": { "t": "lake" }, "geometry": { "type": "Polygon", "coordinates": [ [ [ 631042.562546804663725, 3303014.156555043999106 ], [ 630773.631530678714626, 3302877.985867342445999 ], [ 630887.732837370713241, 3303034.499946076888591 ], [ 631042.562546804663725, 3303014.156555043999106 ] ] ] } },
{ "type": "Feature", "properties": { "t": "lake" }, "geometry": { "type": "Polygon", "coordinates": [ [ [ 642503.526376609690487, 3302135.410158238373697 ], [ 642567.179906950565055, 3302446.584608813747764 ], [ 642637.937144642928615, 3302203.638714875094593 ], [ 642503.526376609690487, 3302135.410158238373697 ] ] ] } },
{ "type": "Feature", "properties": { "t": "lake" }, "geometry": { "type": "Polygon", "coordinates": [ [ [ 642300.3473965494195, 3302154.976958668325096 ], [ 642009.931544322986156, 3302195.601519533898681 ], [ 642230.873119733761996, 3302298.1830447409302 ], [ 642300.3473965494195, 3302154.976958668325096 ] ] ] } },
{ "type": "Feature", "properties": { "t": "lake" }, "geometry": { "type": "Polygon", "coordinates": [ [ [ 638929.668483711662702, 3296592.523464655969292 ], [ 639023.705228729289956, 3296804.291638493072242 ], [ 639169.52871101279743, 3296739.608135601039976 ], [ 638929.668483711662702, 3296592.523464655969292 ] ] ] } },
{ "type": "Feature", "properties": { "t": "lake" }, "geometry": { "type": "Polygon", "coordinates": [ [ [ 639977.961290852632374, 3294721.362264216411859 ], [ 639955.704150598845445, 3294953.846592393703759 ], [ 640217.014490923378617, 3294934.961588683072478 ], [ 639977.961290852632374, 3294721.362264216411859 ] ] ] } },
{ "type": "Feature", "properties": { "t": "lake" }, "geometry": { "type": "Polygon", "coordinates": [ [ [ 640299.795155318453908, 3294503.726839116774499 ], [ 640268.560103174531832, 3294680.677884879056364 ], [ 640405.029535370878875, 3294593.72328304965049 ], [ 640299.795155318453908, 3294503.726839116774499 ] ] ] } },
{ "type": "Feature", "properties": { "t": "lake" }, "geometry": { "type": "Polygon", "coordinates": [ [ [ 640302.200299722608179, 3292774.655570445116609 ], [ 640485.088194616138935, 3292843.460389268584549 ], [ 640872.85497821867466, 3292770.760970687959343 ], [ 640302.200299722608179, 3292774.655570445116609 ] ] ] } },
{ "type": "Feature", "properties": { "t": "lake" }, "geometry": { "type": "Polygon", "coordinates": [ [ [ 638988.360529259429313, 3292658.458989022765309 ], [ 639069.999840462580323, 3292315.875062552280724 ], [ 638965.42258962476626, 3292170.481840541120619 ], [ 638988.360529259429313, 3292658.458989022765309 ] ] ] } },
{ "type": "Feature", "properties": { "t": "lake" }, "geometry": { "type": "Polygon", "coordinates": [ [ [ 636226.19048846734222, 3292347.304861311335117 ], [ 636367.854678219184279, 3292626.129132164176553 ], [ 637085.049160174792632, 3292501.910492760594934 ], [ 637303.648431232315488, 3292027.993874434847385 ], [ 636226.19048846734222, 3292347.304861311335117 ] ] ] } },
{ "type": "Feature", "properties": { "t": "lake" }, "geometry": { "type": "Polygon", "coordinates": [ [ [ 615731.012544197845273, 3318548.993401367682964 ], [ 615260.179582417826168, 3318366.74266032455489 ], [ 615112.940052986494265, 3318609.039119312539697 ], [ 615689.526580646168441, 3318825.640069955028594 ], [ 615731.012544197845273, 3318548.993401367682964 ] ] ] } },
{ "type": "Feature", "properties": { "t": "lake" }, "geometry": { "type": "Polygon", "coordinates": [ [ [ 620407.342348571168259, 3316149.505522391758859 ], [ 620279.739364970941097, 3316347.61869222857058 ], [ 620403.362206714693457, 3316515.214471267070621 ], [ 620407.342348571168259, 3316149.505522391758859 ] ] ] } },
{ "type": "Feature", "properties": { "t": "lake" }, "geometry": { "type": "Polygon", "coordinates": [ [ [ 604488.409888064139523, 3314824.029705355409533 ], [ 604640.392647480010055, 3315080.368380393832922 ], [ 604670.702929027494974, 3314936.579376630485058 ], [ 604488.409888064139523, 3314824.029705355409533 ] ] ] } },
{ "type": "Feature", "properties": { "t": "lake" }, "geometry": { "type": "Polygon", "coordinates": [ [ [ 616645.684491076041013, 3311398.847677816171199 ], [ 616022.542993530863896, 3310982.230873438995332 ], [ 615914.15616588271223, 3311191.676352349575609 ], [ 616668.576018512132578, 3311975.413402180653065 ], [ 616473.316167116048746, 3312183.9394018240273 ], [ 616783.352766446769238, 3312076.371088545303792 ], [ 616645.684491076041013, 3311398.847677816171199 ] ] ] } },
{ "type": "Feature", "properties": { "t": "lake" }, "geometry": { "type": "Polygon", "coordinates": [ [ [ 619249.331476309220307, 3311670.38828081311658 ], [ 619216.20412318315357, 3311160.201284016482532 ], [ 619041.972108944435604, 3311202.661723861005157 ], [ 618953.922140386770479, 3312210.293668801430613 ], [ 619249.331476309220307, 3311670.38828081311658 ] ] ] } },
{ "type": "Feature", "properties": { "t": "lake" }, "geometry": { "type": "Polygon", "coordinates": [ [ [ 596940.743756994605064, 3308338.644121494144201 ], [ 596997.704888906446286, 3308449.965517664328218 ], [ 597086.926166972378269, 3308184.769327379297465 ], [ 596940.743756994605064, 3308338.644121494144201 ] ] ] } },
{ "type": "Feature", "properties": { "t": "lake" }, "geometry": { "type": "Polygon", "coordinates": [ [ [ 597479.361191396834329, 3307478.938756661489606 ], [ 597392.751154918922111, 3307444.931321332231164 ], [ 597234.860426229424775, 3307831.429267748259008 ], [ 597479.361191396834329, 3307478.938756661489606 ] ] ] } },
{ "type": "Feature", "properties": { "t": "lake" }, "geometry": { "type": "Polygon", "coordinates": [ [ [ 599886.6400500186719, 3307167.870009884703904 ], [ 599868.424607509630732, 3307045.799280569888651 ], [ 599692.722241581534036, 3307254.786114257760346 ], [ 599886.6400500186719, 3307167.870009884703904 ] ] ] } },
{ "type": "Feature", "properties": { "t": "lake" }, "geometry": { "type": "Polygon", "coordinates": [ [ [ 600796.324737470247783, 3306954.444084409158677 ], [ 600622.10979597538244, 3306997.193399839568883 ], [ 600708.211705853231251, 3307086.633962271269411 ], [ 600796.324737470247783, 3306954.444084409158677 ] ] ] } },
{ "type": "Feature", "properties": { "t": "lake" }, "geometry": { "type": "Polygon", "coordinates": [ [ [ 619057.253090666141361, 3307079.863940839655697 ], [ 619272.319027472171001, 3306838.342152397148311 ], [ 619089.432869696407579, 3306780.962787740398198 ], [ 619057.253090666141361, 3307079.863940839655697 ] ] ] } },
{ "type": "Feature", "properties": { "t": "lake" }, "geometry": { "type": "Polygon", "coordinates": [ [ [ 601254.516385835246183, 3306482.067245696205646 ], [ 600898.225303497980349, 3306367.998968664556742 ], [ 601310.130787270027213, 3306737.471700442489237 ], [ 601254.516385835246183, 3306482.067245696205646 ] ] ] } },
{ "type": "Feature", "properties": { "t": "lake" }, "geometry": { "type": "Polygon", "coordinates": [ [ [ 600264.078839710331522, 3306007.616276490967721 ], [ 600012.894539941102266, 3306016.433563439175487 ], [ 599913.431984482915141, 3306336.928540165536106 ], [ 600264.078839710331522, 3306007.616276490967721 ] ] ] } },
{ "type": "Feature", "properties": { "t": "river" }, "geometry": { "type": "Polygon", "coordinates": [ [ [ 597017.417266033240594, 3292890.676555422600359 ], [ 599658.906066012568772, 3291606.257643411401659 ], [ 597017.995380403241143, 3292824.18888184055686 ], [ 596485.846638714428991, 3292863.902941750828177 ], [ 597017.417266033240594, 3292890.676555422600359 ] ] ] } },
{ "type": "Feature", "properties": { "t": "river" }, "geometry": { "type": "Polygon", "coordinates": [ [ [ 605528.372741259052418, 3291660.201579349581152 ], [ 604661.536956625059247, 3292316.983462803531438 ], [ 603391.993031168007292, 3291573.715708103962243 ], [ 604622.341168739134446, 3292372.027875803411007 ], [ 605528.372741259052418, 3291660.201579349581152 ] ] ] } },
{ "type": "Feature", "properties": { "t": "river" }, "geometry": { "type": "Polygon", "coordinates": [ [ [ 600800.518442164408043, 3291550.014559607952833 ], [ 601050.725903534214012, 3291685.263570274226367 ], [ 601409.707339613814838, 3291555.531991689931601 ], [ 600800.518442164408043, 3291550.014559607952833 ] ] ] } },
{ "type": "Feature", "properties": { "t": "river" }, "geometry": { "type": "MultiPolygon", "coordinates": [ [ [ [ 744591.997511085355654, 3206526.000226019881666 ], [ 744663.157272066688165, 3206363.884550205431879 ], [ 744355.684743282734416, 3206631.883915223181248 ], [ 743891.88271110097412, 3206888.210277017671615 ], [ 743575.912757326383144, 3206149.607297110836953 ], [ 743853.828867574688047, 3206843.045958670787513 ], [ 743769.379195367451757, 3206686.003119639586657 ], [ 743396.048375665792264, 3207276.952724278904498 ], [ 744591.997511085355654, 3206526.000226019881666 ] ] ], [ [ [ 746403.379021819098853, 3204368.791666902601719 ], [ 745358.521866083843634, 3204878.824143231380731 ], [ 745307.382884369930252, 3204997.636742847505957 ], [ 746403.379021819098853, 3204368.791666902601719 ] ] ] ] } },
{ "type": "Feature", "properties": { "t": "lake" }, "geometry": { "type": "Polygon", "coordinates": [ [ [ 746745.314712813938968, 3200694.261025791056454 ], [ 746622.54375976882875, 3200503.111098390538245 ], [ 746628.509689550497569, 3200680.675976697355509 ], [ 746745.314712813938968, 3200694.261025791056454 ] ] ] } },
{ "type": "Feature", "properties": { "t": "lake" }, "geometry": { "type": "Polygon", "coordinates": [ [ [ 723048.744639540091157, 3210124.892446043435484 ], [ 722992.21284131181892, 3210024.004509206861258 ], [ 722649.448694919701666, 3210106.071160040795803 ], [ 723048.744639540091157, 3210124.892446043435484 ] ] ] } },
{ "type": "Feature", "properties": { "t": "river" }, "geometry": { "type": "MultiPolygon", "coordinates": [ [ [ [ 721898.426770262420177, 3194912.345641430001706 ], [ 719252.181091098114848, 3196003.915372750256211 ], [ 721995.571143415290862, 3194936.38429665658623 ], [ 722842.932777957990766, 3195030.286060917191207 ], [ 724685.169782243901864, 3194659.685735515784472 ], [ 721898.426770262420177, 3194912.345641430001706 ] ] ], [ [ [ 726641.998926222091541, 3194698.744100303854793 ], [ 725125.14407742547337, 3194619.857541976030916 ], [ 724817.694363618385978, 3194647.68731147935614 ], [ 726641.998926222091541, 3194698.744100303854793 ] ] ], [ [ [ 730447.779061027104035, 3196443.321796383708715 ], [ 731152.234233289258555, 3198797.049108439125121 ], [ 731555.944778922130354, 3199472.6707593514584 ], [ 731145.584004097036086, 3198641.677125759422779 ], [ 730459.302097250008956, 3196354.844188719056547 ], [ 727514.188662069384009, 3194744.194429840892553 ], [ 727402.616616315790452, 3194738.376651566941291 ], [ 730447.779061027104035, 3196443.321796383708715 ] ] ], [ [ [ 731898.613663407973945, 3201961.162272601388395 ], [ 730754.128979242988862, 3204233.776005355175585 ], [ 730849.621814353158697, 3204168.930796954780817 ], [ 731945.143905114731751, 3202072.983428083825856 ], [ 732008.253659105626866, 3200388.78333324752748 ], [ 731871.421979773323983, 3200111.623470101039857 ], [ 731898.613663407973945, 3201961.162272601388395 ] ] ], [ [ [ 730079.641732963384129, 3204630.348873468581587 ], [ 728882.730034615378827, 3206458.294117719400674 ], [ 728524.772484657121822, 3208280.779266494326293 ], [ 728898.572097327327356, 3209585.556310583371669 ], [ 728555.330599738401361, 3208214.855129349511117 ], [ 728952.284583961125463, 3206393.145308706909418 ], [ 730088.284990312065929, 3204685.963887942023575 ], [ 730404.970827006502077, 3204470.887310414109379 ], [ 730079.641732963384129, 3204630.348873468581587 ] ] ] ] } },
{ "type": "Feature", "properties": { "t": "river" }, "geometry": { "type": "Polygon", "coordinates": [ [ [ 743375.147784098866396, 3207343.049159296788275 ], [ 743396.048375665792264, 3207276.952724278904498 ], [ 743286.716524829622358, 3207374.450138059910387 ], [ 743375.147784098866396, 3207343.049159296788275 ] ] ] } },
{ "type": "Feature", "properties": { "t": "lake" }, "geometry": { "type": "Polygon", "coordinates": [ [ [ 740010.511666162172332, 3199853.699274772312492 ], [ 740134.084904524264857, 3200011.517319914419204 ], [ 740213.72792220802512, 3199935.548432205338031 ], [ 740010.511666162172332, 3199853.699274772312492 ] ] ] } },
{ "type": "Feature", "properties": { "t": "lake" }, "geometry": { "type": "Polygon", "coordinates": [ [ [ 743197.079291741829365, 3196349.530101591721177 ], [ 743105.566941919620149, 3196059.280279927887022 ], [ 743026.112210329039954, 3196124.147448569070548 ], [ 743197.079291741829365, 3196349.530101591721177 ] ] ] } },
{ "type": "Feature", "properties": { "t": "lake" }, "geometry": { "type": "Polygon", "coordinates": [ [ [ 743071.429301321622916, 3195825.68433378264308 ], [ 742662.549834581208415, 3195772.742807323578745 ], [ 742979.88776070275344, 3196001.192436983343214 ], [ 743071.429301321622916, 3195825.68433378264308 ] ] ] } },
{ "type": "Feature", "properties": { "t": "lake" }, "geometry": { "type": "Polygon", "coordinates": [ [ [ 735834.187678347574547, 3194589.18134527746588 ], [ 735822.349929672200233, 3194211.920486423652619 ], [ 735638.747012223582715, 3194119.471045806538314 ], [ 735834.187678347574547, 3194589.18134527746588 ] ] ] } },
{ "type": "Feature", "properties": { "t": "lake" }, "geometry": { "type": "Polygon", "coordinates": [ [ [ 727067.260038010426797, 3186663.328490498010069 ], [ 727031.463316980167292, 3186995.267282859422266 ], [ 727501.217777843470685, 3186949.02590213669464 ], [ 727951.697854508180171, 3186392.374860588461161 ], [ 727483.655376627342775, 3186349.929651887156069 ], [ 727067.260038010426797, 3186663.328490498010069 ] ] ] } },
{ "type": "Feature", "properties": { "t": "lake" }, "geometry": { "type": "Polygon", "coordinates": [ [ [ 695502.343770604580641, 3208537.486305424012244 ], [ 695670.579170783399604, 3208961.611328992061317 ], [ 695626.757351321168244, 3208672.631351414136589 ], [ 695502.343770604580641, 3208537.486305424012244 ] ] ] } },
{ "type": "Feature", "properties": { "t": "lake" }, "geometry": { "type": "Polygon", "coordinates": [ [ [ 711357.863027780782431, 3209272.246431831736118 ], [ 711992.874773192917928, 3209195.227781331632286 ], [ 711784.004511517472565, 3208892.029860282782465 ], [ 711357.863027780782431, 3209272.246431831736118 ] ] ] } },
{ "type": "Feature", "properties": { "t": "lake" }, "geometry": { "type": "Polygon", "coordinates": [ [ [ 716000.545332809444517, 3209125.603049975819886 ], [ 715717.53553379420191, 3209142.470553631428629 ], [ 715950.366527543286793, 3209202.273741817101836 ], [ 716000.545332809444517, 3209125.603049975819886 ] ] ] } },
{ "type": "Feature", "properties": { "t": "lake" }, "geometry": { "type": "Polygon", "coordinates": [ [ [ 713198.703722592559643, 3205137.404144492931664 ], [ 712908.110123286023736, 3205032.248825130518526 ], [ 712932.440291195875034, 3205298.790157474577427 ], [ 713198.703722592559643, 3205137.404144492931664 ] ] ] } },
{ "type": "Feature", "properties": { "t": "river" }, "geometry": { "type": "MultiPolygon", "coordinates": [ [ [ [ 696575.276997961336747, 3196472.092648863326758 ], [ 697285.335224804584868, 3196879.408591597806662 ], [ 697011.958181893336587, 3196612.55444979807362 ], [ 695323.517006873385981, 3196062.880697539076209 ], [ 695212.588833097368479, 3196166.444397545419633 ], [ 696575.276997961336747, 3196472.092648863326758 ] ] ], [ [ [ 698497.039795317105018, 3198201.075938628520817 ], [ 699719.216513412306085, 3198610.14593958016485 ], [ 700724.32558155420702, 3198594.303991727530956 ], [ 700753.142362368293107, 3198580.130330918822438 ], [ 698595.331645594211295, 3198158.420622163917869 ], [ 697963.265863174339756, 3197541.248274852987379 ], [ 698497.039795317105018, 3198201.075938628520817 ] ], [ [ 698759.417926654452458, 3198261.015647064894438 ], [ 698789.24874826380983, 3198228.270699860993773 ], [ 698855.994042317033745, 3198318.107202611397952 ], [ 698759.417926654452458, 3198261.015647064894438 ] ] ], [ [ [ 702466.104941024444997, 3197737.790041889064014 ], [ 703238.90676895447541, 3197711.972621663473547 ], [ 702447.180106651037931, 3197704.199752942658961 ], [ 701181.659289407427423, 3198369.374734818004072 ], [ 702466.104941024444997, 3197737.790041889064014 ] ] ], [ [ [ 703989.037461411091499, 3197686.962017238605767 ], [ 706519.10923615237698, 3196423.675521416589618 ], [ 707689.499930587480776, 3196455.722309845499694 ], [ 708555.529250872787088, 3196050.0138149112463 ], [ 709392.079435998923145, 3196198.169378467369825 ], [ 710000.727655241149478, 3195998.555702070239931 ], [ 710350.188053477322683, 3196636.854922481812537 ], [ 711646.560069775441661, 3197758.459019543137401 ], [ 711591.940744752297178, 3197568.638264059089124 ], [ 710543.268261726479977, 3196751.23724016873166 ], [ 709962.913066641893238, 3195931.348448750562966 ], [ 709393.082715458469465, 3196142.753777619451284 ], [ 708478.086078790482134, 3196015.357608477585018 ], [ 707582.593653534539044, 3196431.629585506860167 ], [ 706482.464218526030891, 3196289.982678232248873 ], [ 703934.968839690904133, 3197688.763126635923982 ], [ 703989.037461411091499, 3197686.962017238605767 ] ], [ [ 706421.164655479718931, 3196444.099913191050291 ], [ 706471.719872861867771, 3196345.223552026320249 ], [ 706549.957492086105049, 3196335.534080994781107 ], [ 706450.627129531465471, 3196433.539307554718107 ], [ 706421.164655479718931, 3196444.099913191050291 ] ], [ [ 706214.928977457107976, 3196518.026168677024543 ], [ 706323.022744051995687, 3196475.608117513358593 ], [ 706312.476988761452958, 3196519.766094343271106 ], [ 706214.928977457107976, 3196518.026168677024543 ] ] ], [ [ [ 711880.502829695935361, 3198860.012545178644359 ], [ 711994.896458707866259, 3199006.241756709758192 ], [ 712160.478989925002679, 3198879.841767490375787 ], [ 711986.363589561078697, 3198939.563236691057682 ], [ 711736.186683535575867, 3198069.958540859632194 ], [ 711880.502829695935361, 3198860.012545178644359 ] ] ], [ [ [ 713291.295999032096006, 3198542.27006361214444 ], [ 713310.552658759406768, 3198485.711810797918588 ], [ 713302.276929891202599, 3198475.950245711486787 ], [ 713317.705174052156508, 3198464.704466079827398 ], [ 713621.432806078344584, 3197572.703451092820615 ], [ 715694.481769473291934, 3196812.916988889686763 ], [ 715930.168134835548699, 3196512.345205927733332 ], [ 715380.462893503252417, 3196906.848625513259321 ], [ 713940.133416880620643, 3197223.809646653011441 ], [ 713434.464358702418394, 3197657.94649323541671 ], [ 713213.67742023919709, 3198518.663503531832248 ], [ 713017.029378752922639, 3198586.092061365488917 ], [ 713291.295999032096006, 3198542.27006361214444 ] ], [ [ 713938.902838427922688, 3197290.309549413621426 ], [ 714008.210426735575311, 3197236.156715259421617 ], [ 714105.551065618521534, 3197249.046099326107651 ], [ 713938.902838427922688, 3197290.309549413621426 ] ], [ [ 713390.127594568068162, 3197945.392010261770338 ], [ 713421.845224841032177, 3197812.932632282841951 ], [ 713420.003415588987991, 3197912.682370715308934 ], [ 713390.127594568068162, 3197945.392010261770338 ] ] ], [ [ [ 716258.214288695133291, 3196340.645777315832675 ], [ 716437.518754275632091, 3196217.000143982470036 ], [ 716397.459588087745942, 3196271.686979977879673 ], [ 716261.758931456366554, 3196340.414116350002587 ], [ 716920.978930145152844, 3196297.349621162749827 ], [ 716389.36297959915828, 3196182.837227597367018 ], [ 716160.541955299209803, 3196347.0296053099446 ], [ 716258.214288695133291, 3196340.645777315832675 ] ] ], [ [ [ 719220.182510014390573, 3196147.446366522926837 ], [ 718754.630605709622614, 3195994.494863360188901 ], [ 717728.508995502721518, 3196244.648019880056381 ], [ 719220.182510014390573, 3196147.446366522926837 ] ] ] ] } },
{ "type": "Feature", "properties": { "t": "lake" }, "geometry": { "type": "Polygon", "coordinates": [ [ [ 713054.386887123691849, 3187550.705524221993983 ], [ 713140.011660689837299, 3187674.233931493014097 ], [ 713734.918564596679062, 3187718.438590595964342 ], [ 713054.386887123691849, 3187550.705524221993983 ] ] ] } },
{ "type": "Feature", "properties": { "t": "lake" }, "geometry": { "type": "Polygon", "coordinates": [ [ [ 699653.722443993669003, 3186558.545124109834433 ], [ 699602.811559015186504, 3186679.614268746227026 ], [ 699855.307705661980435, 3186761.560772428289056 ], [ 699653.722443993669003, 3186558.545124109834433 ] ] ] } },
{ "type": "Feature", "properties": { "t": "river" }, "geometry": { "type": "Polygon", "coordinates": [ [ [ 646739.820708720362745, 3172104.266538761090487 ], [ 646378.088384423754178, 3172110.805234794970602 ], [ 646376.420203676098026, 3172243.773118026554585 ], [ 646739.820708720362745, 3172104.266538761090487 ] ] ] } },
{ "type": "Feature", "properties": { "t": "river" }, "geometry": { "type": "MultiPolygon", "coordinates": [ [ [ [ 646858.681598255527206, 3171906.522245605941862 ], [ 646854.967538453405723, 3171894.301753091160208 ], [ 646839.919247211189941, 3171917.124672788660973 ], [ 646810.460963997291401, 3171927.83642179146409 ], [ 646851.891642887494527, 3171877.890305857174098 ], [ 646846.040370892966166, 3171839.585483273491263 ], [ 646845.647846605745144, 3171830.076496499124914 ], [ 646731.302010701503605, 3172004.417649845592678 ], [ 646858.681598255527206, 3171906.522245605941862 ] ] ], [ [ [ 647520.864281588932499, 3171397.660911516286433 ], [ 647517.847310994053259, 3171397.411974512971938 ], [ 647366.053135617519729, 3171431.851640159264207 ], [ 647315.254796422435902, 3171460.828116083052009 ], [ 647257.907890786183998, 3171509.144147819839418 ], [ 647217.624871817533858, 3171536.134191011078656 ], [ 647194.155446265824139, 3171563.551141762640327 ], [ 647161.941083348123357, 3171620.247132930904627 ], [ 647146.831332263536751, 3171651.870159502141178 ], [ 647131.330130846588872, 3171696.992859253194183 ], [ 647520.864281588932499, 3171397.660911516286433 ] ] ], [ [ [ 648214.327792371623218, 3171446.871895197313279 ], [ 648410.42629478010349, 3171360.082582864444703 ], [ 648388.918352804612368, 3171346.787398789543658 ], [ 648376.757996027823538, 3171334.285710551775992 ], [ 648312.906679496285506, 3171381.629290551412851 ], [ 647905.751126041985117, 3171228.039727766532451 ], [ 647881.393790582427755, 3171240.028662950266153 ], [ 647856.078208986436948, 3171246.142722248565406 ], [ 647839.14736355165951, 3171254.468661260791123 ], [ 647807.572437162045389, 3171258.425527102779597 ], [ 647746.198153654113412, 3171291.636922841891646 ], [ 647706.594416366191581, 3171322.992491622455418 ], [ 648214.327792371623218, 3171446.871895197313279 ] ] ], [ [ [ 650253.970409783767536, 3170187.373288058675826 ], [ 650261.788883762201294, 3170171.445054578594863 ], [ 650255.424201204907149, 3170169.004154209978878 ], [ 650196.697736641392112, 3170157.782472468912601 ], [ 650188.173080016975291, 3170157.529137664008886 ], [ 650026.731173224048689, 3170180.747488967142999 ], [ 649989.934986636275426, 3170215.095127572305501 ], [ 649945.432554695871659, 3170246.240417710971087 ], [ 649892.039083400042728, 3170313.6502795512788 ], [ 649879.286704704165459, 3170326.086050014942884 ], [ 649872.905872297938913, 3170332.425084329675883 ], [ 649851.503228347515687, 3170361.893153005745262 ], [ 649821.987393844057806, 3170388.799831423442811 ], [ 650253.970409783767536, 3170187.373288058675826 ] ] ] ] } },
{ "type": "Feature", "properties": { "t": "river" }, "geometry": { "type": "MultiPolygon", "coordinates": [ [ [ [ 651212.740112708648667, 3169800.776028485968709 ], [ 651109.517324312124401, 3169799.439902296289802 ], [ 651249.512648054631427, 3169759.09073952678591 ], [ 651221.691638581687585, 3169762.208897138014436 ], [ 651196.346131278434768, 3169768.322543382644653 ], [ 651154.283598919515498, 3169767.771103380247951 ], [ 651128.921284683281556, 3169776.135750533547252 ], [ 651097.24627636524383, 3169784.086341319605708 ], [ 651057.162916642264463, 3169792.087526225019246 ], [ 650997.876694504753686, 3169823.100201091263443 ], [ 650921.876496438402683, 3169843.444865631405264 ], [ 650905.032728981226683, 3169843.261834229342639 ], [ 650863.13039169984404, 3169827.966675588861108 ], [ 650823.439196117222309, 3169804.215130586177111 ], [ 650781.550300876609981, 3169786.911842588335276 ], [ 650756.327119509456679, 3169784.528920531272888 ], [ 650688.76126870396547, 3169802.836739537771791 ], [ 650676.030605831532739, 3169808.269179431255907 ], [ 650621.115203463821672, 3169831.644613973796368 ], [ 650578.786799480207264, 3169854.579997447319329 ], [ 650571.067157657817006, 3169862.179243810009211 ], [ 650677.849941839813255, 3169915.770746605005115 ], [ 651212.740112708648667, 3169800.776028485968709 ] ] ], [ [ [ 651392.794590206816792, 3169762.072543590329587 ], [ 651395.716215312946588, 3169761.444552544504404 ], [ 651393.060428068973124, 3169760.937315887771547 ], [ 651392.794590206816792, 3169762.072543590329587 ] ] ], [ [ [ 651614.055240308633074, 3169714.515741246752441 ], [ 651599.844545824918896, 3169706.215670501813293 ], [ 651578.235563528258353, 3169722.214358175173402 ], [ 651614.055240308633074, 3169714.515741246752441 ] ] ], [ [ [ 651656.656386386370286, 3169705.359758484177291 ], [ 651710.766423890017904, 3169693.730488942936063 ], [ 651710.755970195867121, 3169693.730381096713245 ], [ 651651.80141077877488, 3169695.250481471884996 ], [ 651626.509262304287404, 3169699.11276600509882 ], [ 651621.122983211535029, 3169700.414717874955386 ], [ 651656.656386386370286, 3169705.359758484177291 ] ] ] ] } },
{ "type": "Feature", "properties": { "t": "river" }, "geometry": { "type": "MultiPolygon", "coordinates": [ [ [ [ 678142.206658162991516, 3208665.90600508544594 ], [ 678444.810040669166483, 3208005.504161910153925 ], [ 679824.000569352181628, 3207062.576529790647328 ], [ 681078.625211865524761, 3207237.422313787508756 ], [ 682475.347901501460001, 3206439.173303661867976 ], [ 683895.359984982991591, 3207858.480933174490929 ], [ 684717.137698898790404, 3209490.0774149838835 ], [ 683858.506722114281729, 3207724.870567850302905 ], [ 682727.671290755621158, 3206509.682972822804004 ], [ 683039.063259382965043, 3206215.653264438267797 ], [ 681888.180467611760832, 3206585.078228047583252 ], [ 681040.692141075385734, 3207170.316200489643961 ], [ 679913.087375785689801, 3206975.28865203820169 ], [ 678307.367045748746023, 3208069.883653301279992 ], [ 678103.748128732317127, 3208632.056498382706195 ], [ 676860.396490543615073, 3209000.851424522232264 ], [ 676562.499117977451533, 3209362.073047732003033 ], [ 678142.206658162991516, 3208665.90600508544594 ] ] ], [ [ [ 683905.399488645023666, 3205397.740359774325043 ], [ 683774.60636917874217, 3205040.930589400231838 ], [ 684689.026163023314439, 3204556.713579805567861 ], [ 684958.446130734519102, 3203563.367715060710907 ], [ 685647.634968424797989, 3202543.517704363912344 ], [ 686731.296567842597142, 3201862.634624987840652 ], [ 689065.466096686897799, 3202842.899390188977122 ], [ 689244.730518694734201, 3202810.309338829480112 ], [ 686683.625374870956875, 3201795.351896474137902 ], [ 685628.672401654184796, 3202509.957033848855644 ], [ 684879.752732726163231, 3203606.446576083544642 ], [ 684699.660882425727323, 3204501.458161446265876 ], [ 683785.766488524037413, 3204952.42768147168681 ], [ 683689.03907202440314, 3205516.226127931848168 ], [ 683425.556989696808159, 3205850.740721432026476 ], [ 683905.399488645023666, 3205397.740359774325043 ] ], [ [ 683718.630826094886288, 3205494.527604840230197 ], [ 683876.867978080059402, 3205352.944651785306633 ], [ 683797.483810379868373, 3205440.359320788178593 ], [ 683718.630826094886288, 3205494.527604840230197 ] ] ], [ [ [ 690855.339431828819215, 3202517.634885440580547 ], [ 690916.507189007941633, 3202413.706166912335902 ], [ 690135.356188553851098, 3202648.438408458139747 ], [ 690855.339431828819215, 3202517.634885440580547 ] ] ], [ [ [ 692089.693289239192382, 3200420.769017349462956 ], [ 692331.495048642391339, 3199371.662541437428445 ], [ 692566.112832444952801, 3198973.347885726485401 ], [ 692222.566264082910493, 3199469.619590040296316 ], [ 692040.570516371633857, 3200442.123093969654292 ], [ 691262.249377713538706, 3201826.302131668664515 ], [ 692089.693289239192382, 3200420.769017349462956 ] ] ], [ [ [ 693767.242581272264943, 3196934.63943249406293 ], [ 694798.679976194514893, 3196519.628719266038388 ], [ 693809.044497993541881, 3196769.055354931857437 ], [ 693714.252804222516716, 3197024.563768664840609 ], [ 693767.242581272264943, 3196934.63943249406293 ] ] ] ] } },
{ "type": "Feature", "properties": { "t": "river" }, "geometry": { "type": "MultiPolygon", "coordinates": [ [ [ [ 646101.187442483031191, 3195657.790639132726938 ], [ 646171.647798062535003, 3196257.149857050273567 ], [ 646389.504625736502931, 3196552.605400387663394 ], [ 646101.187442483031191, 3195657.790639132726938 ] ] ], [ [ [ 646656.972394954646006, 3196915.370441938284785 ], [ 646651.260011853883043, 3196894.94181611109525 ], [ 646683.063510840758681, 3196950.759303728118539 ], [ 646938.747781710699201, 3197297.573704679496586 ], [ 646955.908889023587108, 3199015.63098416198045 ], [ 646598.897959017311223, 3200252.372396497987211 ], [ 646891.676565844332799, 3200541.654757656622678 ], [ 646936.591439947020262, 3200533.736661521717906 ], [ 647042.700132504687645, 3200623.750644222833216 ], [ 647032.669051904929802, 3200645.788632820826024 ], [ 647003.422657307703048, 3200645.416178739629686 ], [ 646966.521257906220853, 3200615.609329740982503 ], [ 647735.113020678516477, 3201375.146233458071947 ], [ 647651.526242512860335, 3201912.328634840901941 ], [ 647659.927848757244647, 3201917.247337785083801 ], [ 647649.329342208569869, 3201983.609286002349108 ], [ 647645.593501614639536, 3201950.457762394566089 ], [ 647577.775266907643527, 3202386.333023514598608 ], [ 647623.60358547559008, 3202506.582642815541476 ], [ 647707.653427178389393, 3201819.784690490458161 ], [ 647700.337203198694624, 3201806.935219052247703 ], [ 647710.620228254701942, 3201795.543115337844938 ], [ 647786.408038472756743, 3201176.310306896921247 ], [ 646696.389125996851362, 3200253.610643066465855 ], [ 647099.042703564278781, 3198496.558874534908682 ], [ 646968.848003743914887, 3197231.459469497669488 ], [ 646603.957304256618954, 3196843.463955473154783 ], [ 646656.972394954646006, 3196915.370441938284785 ] ], [ [ 647647.202371503575705, 3202149.82601710036397 ], [ 647618.243269100086764, 3202127.289614419918507 ], [ 647647.627773736836389, 3202116.58266812376678 ], [ 647647.202371503575705, 3202149.82601710036397 ] ], [ [ 647626.289423212409019, 3202260.387728922069073 ], [ 647625.864059658255428, 3202293.631082233507186 ], [ 647596.905298283905722, 3202271.094715430866927 ], [ 647626.289423212409019, 3202260.387728922069073 ] ], [ [ 646980.202681428520009, 3198639.123356523457915 ], [ 646961.547436177963391, 3198572.388993129134178 ], [ 647041.103116398910061, 3198451.489970560185611 ], [ 646999.84465869970154, 3198628.290421187877655 ], [ 646980.202681428520009, 3198639.123356523457915 ] ] ], [ [ [ 647568.124115142738447, 3202448.364177170209587 ], [ 647575.28424550278578, 3202437.062098007649183 ], [ 647575.768139602616429, 3202399.233452561777085 ], [ 647568.124115142738447, 3202448.364177170209587 ] ] ], [ [ [ 647427.066302708699368, 3203355.050362620968372 ], [ 648166.178858318249695, 3204310.761247884482145 ], [ 647920.159446517354809, 3203671.687343979254365 ], [ 647514.218067241483368, 3203400.496554064564407 ], [ 647595.076819252572022, 3202739.697582364082336 ], [ 647540.943241992499679, 3202623.067529036663473 ], [ 647427.066302708699368, 3203355.050362620968372 ] ], [ [ 647510.282147617312148, 3202946.045675857923925 ], [ 647521.729643498081714, 3202813.196848122403026 ], [ 647530.767996094655246, 3202868.727121581323445 ], [ 647510.282147617312148, 3202946.045675857923925 ] ] ], [ [ [ 650188.003280708100647, 3206926.187788544222713 ], [ 651346.751142676919699, 3207739.347089186776429 ], [ 652672.970892163226381, 3207668.189632480498403 ], [ 653397.057445325888693, 3208176.563044755253941 ], [ 653868.622786564868875, 3207991.583520750515163 ], [ 653822.38495438056998, 3207939.910802465863526 ], [ 653466.437828302150592, 3208088.821032940410078 ], [ 652644.770001305616461, 3207590.232761509716511 ], [ 651279.278410673839971, 3207683.044341373723 ], [ 649383.192018749075942, 3205862.827817761339247 ], [ 648811.401677688350901, 3204857.954969373997301 ], [ 648385.628126510884613, 3204542.14161048643291 ], [ 648376.857128113508224, 3204542.02871281793341 ], [ 648374.605878257891163, 3204533.966416300740093 ], [ 648290.590231650741771, 3204471.652814136818051 ], [ 650188.003280708100647, 3206926.187788544222713 ] ], [ [ 650208.935636072885245, 3206815.629361005499959 ], [ 650169.81637706537731, 3206826.202403023373336 ], [ 650074.256455390714109, 3206680.876197711098939 ], [ 650208.935636072885245, 3206815.629361005499959 ] ], [ [ 649844.585375439375639, 3206356.475793607532978 ], [ 649902.184638496255502, 3206423.723850144073367 ], [ 649863.06441363086924, 3206434.297972617205232 ], [ 649844.585375439375639, 3206356.475793607532978 ] ] ], [ [ [ 653921.493618363514543, 3209036.98225960880518 ], [ 654001.695852955104783, 3208140.302037290297449 ], [ 653916.591199889779091, 3208045.190951780416071 ], [ 653921.493618363514543, 3209036.98225960880518 ] ] ], [ [ [ 654729.656543117947876, 3207629.143075076397508 ], [ 654920.178790087345988, 3207346.932792185340077 ], [ 654750.185361734824255, 3207551.835166131146252 ], [ 654237.486306303646415, 3207766.271989647299051 ], [ 654729.656543117947876, 3207629.143075076397508 ] ] ], [ [ [ 655944.864834305131808, 3207124.61404117802158 ], [ 657101.720637511811219, 3206619.411318055354059 ], [ 658578.383193295681849, 3206432.348084218800068 ], [ 657190.173784546554089, 3206565.200428677722812 ], [ 655906.340282893157564, 3207090.842099431436509 ], [ 655304.922654735855758, 3206883.214855583384633 ], [ 655216.192419613827951, 3206990.153923712670803 ], [ 655944.864834305131808, 3207124.61404117802158 ] ] ], [ [ [ 660474.52464263397269, 3206963.272686742246151 ], [ 659317.626518695848063, 3206361.671408053487539 ], [ 658940.288199946284294, 3206397.741494991350919 ], [ 660474.52464263397269, 3206963.272686742246151 ] ] ], [ [ [ 661573.105758591205813, 3208155.40466607734561 ], [ 662363.382675810251385, 3208088.936017858795822 ], [ 663123.821306871250272, 3208753.634549867827445 ], [ 664907.028621218865737, 3208756.876706193201244 ], [ 664995.389898660825565, 3208683.658533431123942 ], [ 664956.694559757830575, 3208691.084402922075242 ], [ 665061.231260158238001, 3208629.101897216867656 ], [ 665085.104800104280002, 3208609.320321619976312 ], [ 664888.337143487296999, 3208701.188965771812946 ], [ 663240.889002490555868, 3208744.21035467274487 ], [ 662383.181425451068208, 3208067.04757777415216 ], [ 661622.13184536260087, 3208133.92523576784879 ], [ 660981.899454107042402, 3207227.171418599784374 ], [ 660634.661703635705635, 3207046.560311964713037 ], [ 661573.105758591205813, 3208155.40466607734561 ] ] ], [ [ [ 665819.003407696727663, 3209035.99596807314083 ], [ 666673.92915814567823, 3209214.606854483485222 ], [ 665877.937030245317146, 3209003.593054640106857 ], [ 665418.103710592142306, 3208453.857659091707319 ], [ 665349.30151088652201, 3208485.977286551613361 ], [ 665819.003407696727663, 3209035.99596807314083 ] ] ] ] } },
{ "type": "Feature", "properties": { "t": "river" }, "geometry": { "type": "Polygon", "coordinates": [ [ [ 599244.375434467568994, 3119538.929137886036187 ], [ 599837.310196597129107, 3117893.032759333495051 ], [ 600191.025490240426734, 3117832.224138306453824 ], [ 600147.175446990295313, 3117775.823512978386134 ], [ 599837.96044657251332, 3117815.481290707364678 ], [ 599460.305249401368201, 3118366.298292872030288 ], [ 599175.854528245632537, 3119516.198730043601245 ], [ 598102.812561690690927, 3119895.087399963755161 ], [ 597943.0401649834821, 3120226.156899151857942 ], [ 599244.375434467568994, 3119538.929137886036187 ] ], [ [ 599537.258895972277969, 3118555.293962524272501 ], [ 599527.628251750022173, 3118533.0543182794936 ], [ 599548.001253651687875, 3118444.588196033611894 ], [ 599537.258895972277969, 3118555.293962524272501 ] ] ] } },
{ "type": "Feature", "properties": { "t": "river" }, "geometry": { "type": "Polygon", "coordinates": [ [ [ 622837.383715838077478, 3131426.938615810591727 ], [ 623398.282523001311347, 3130302.538650910370052 ], [ 624622.492737607331946, 3130265.373367342632264 ], [ 624664.066009115660563, 3130249.301046442706138 ], [ 624919.046083801891655, 3130251.985772490035743 ], [ 624918.999654328916222, 3130256.390876591671258 ], [ 625841.251231873291545, 3130228.499301187228411 ], [ 622741.683603189885616, 3130251.397879581898451 ], [ 623150.233234746614471, 3130576.975118739530444 ], [ 622798.045296900440007, 3131437.611444961745292 ], [ 622365.213281032978557, 3131566.100489501841366 ], [ 622837.383715838077478, 3131426.938615810591727 ] ] ] } },
{ "type": "Feature", "properties": { "t": "river" }, "geometry": { "type": "Polygon", "coordinates": [ [ [ 626473.153997627319768, 3129836.316637544892728 ], [ 625951.600417623179965, 3129996.975113121327013 ], [ 625841.486507412162609, 3130206.340248973574489 ], [ 626473.153997627319768, 3129836.316637544892728 ] ] ] } },
{ "type": "Feature", "properties": { "t": "river" }, "geometry": { "type": "Polygon", "coordinates": [ [ [ 622411.797492820303887, 3129904.486760109197348 ], [ 622380.660168488975614, 3130070.374555914197117 ], [ 622693.452147158444859, 3130173.334017009939998 ], [ 622411.797492820303887, 3129904.486760109197348 ] ] ] } },
{ "type": "Feature", "properties": { "t": "river" }, "geometry": { "type": "MultiPolygon", "coordinates": [ [ [ [ 626904.94904383039102, 3128899.062662535812706 ], [ 627347.941589825204574, 3128664.97427735151723 ], [ 626915.350057979347184, 3128843.769966243766248 ], [ 626473.390419528470375, 3129814.157565597910434 ], [ 626904.94904383039102, 3128899.062662535812706 ] ] ], [ [ [ 627644.85092509072274, 3128508.094189987517893 ], [ 628014.699222862138413, 3127869.391750895883888 ], [ 627537.268420457839966, 3128564.93699747370556 ], [ 627644.85092509072274, 3128508.094189987517893 ] ] ] ] } },
{ "type": "Feature", "properties": { "t": "river" }, "geometry": { "type": "Polygon", "coordinates": [ [ [ 622261.04129793366883, 3145415.955076750833541 ], [ 622308.747696844977327, 3145538.339486451353878 ], [ 622434.805622647632845, 3145661.538002676796168 ], [ 622261.04129793366883, 3145415.955076750833541 ] ] ] } },
{ "type": "Feature", "properties": { "t": "river" }, "geometry": { "type": "Polygon", "coordinates": [ [ [ 622554.406548587023281, 3144521.453083526808769 ], [ 623085.420405268785544, 3144327.529893995262682 ], [ 622564.892735940287821, 3144455.077016424853355 ], [ 622223.358033311669715, 3145271.513181838206947 ], [ 622554.406548587023281, 3144521.453083526808769 ] ] ] } },
{ "type": "Feature", "properties": { "t": "river" }, "geometry": { "type": "Polygon", "coordinates": [ [ [ 617577.960468134027906, 3137645.127247881609946 ], [ 618191.741303414106369, 3138016.907837717793882 ], [ 617628.176338213146664, 3137523.741033528465778 ], [ 618132.440835235873237, 3137085.548227919265628 ], [ 617599.545913541689515, 3137445.892408165615052 ], [ 617002.319773625349626, 3139356.895666348747909 ], [ 617577.960468134027906, 3137645.127247881609946 ] ] ] } },
{ "type": "Feature", "properties": { "t": "river" }, "geometry": { "type": "Polygon", "coordinates": [ [ [ 618287.193382968776859, 3138272.7160311085172 ], [ 619211.942045525531285, 3138902.524108571000397 ], [ 618220.25546172214672, 3138105.837595139164478 ], [ 618287.193382968776859, 3138272.7160311085172 ] ] ] } },
{ "type": "Feature", "properties": { "t": "river" }, "geometry": { "type": "MultiPolygon", "coordinates": [ [ [ [ 619054.857940065674484, 3136983.996199975721538 ], [ 619145.058953618165106, 3136920.050212570931762 ], [ 618230.451528092497028, 3137086.528068318031728 ], [ 619054.857940065674484, 3136983.996199975721538 ] ] ], [ [ [ 619686.732336826389655, 3136536.071597080212086 ], [ 619842.401111510582268, 3135684.441774953622371 ], [ 620556.859714411431924, 3134838.494597644079477 ], [ 620261.756189267500304, 3134935.216746880672872 ], [ 619743.256615414400585, 3135794.243572895415127 ], [ 619667.801994207547978, 3136469.396367260720581 ], [ 619180.715237079188228, 3136894.772864291910082 ], [ 619686.732336826389655, 3136536.071597080212086 ] ] ] ] } },
{ "type": "Feature", "properties": { "t": "river" }, "geometry": { "type": "MultiPolygon", "coordinates": [ [ [ [ 620397.87439076427836, 3133119.383220862597227 ], [ 620863.848856915021315, 3133578.436010881327093 ], [ 620771.376702673267573, 3133963.446319168433547 ], [ 620848.388384958379902, 3134132.308846440166235 ], [ 620770.524950595805421, 3134076.110931889619678 ], [ 620765.045828231959604, 3133989.805925665888935 ], [ 620577.143188876914792, 3134772.2175950598903 ], [ 620856.494737123372033, 3134298.600919717922807 ], [ 620883.570111628272571, 3133567.55678301025182 ], [ 620425.594599313568324, 3133105.381588619668037 ], [ 620397.87439076427836, 3133119.383220862597227 ] ] ], [ [ [ 621126.9157992110122, 3132783.320706943515688 ], [ 620984.712400764692575, 3132305.401060889475048 ], [ 622365.785509042441845, 3131510.703182441182435 ], [ 620896.692611274775118, 3132282.340997994877398 ], [ 621107.533002867479809, 3132760.961223965045065 ], [ 620609.781700785271823, 3133012.35011717909947 ], [ 621126.9157992110122, 3132783.320706943515688 ] ] ] ] } },
{ "type": "Feature", "properties": { "t": "river" }, "geometry": { "type": "Polygon", "coordinates": [ [ [ 618741.277196293696761, 3130133.080668817274272 ], [ 618829.0944875277346, 3130178.282670359127223 ], [ 618917.800436189980246, 3130134.850455271080136 ], [ 618741.277196293696761, 3130133.080668817274272 ] ] ] } },
{ "type": "Feature", "properties": { "t": "river" }, "geometry": { "type": "Polygon", "coordinates": [ [ [ 618868.766196358366869, 3130134.358584083616734 ], [ 621356.710605903761461, 3129494.737156858667731 ], [ 622372.225783643079922, 3129937.320024640765041 ], [ 621337.435894630150869, 3129461.29816144797951 ], [ 620767.504935469711199, 3129601.565552472602576 ], [ 620698.145546837593429, 3129632.061104039195925 ], [ 620645.778182368841954, 3129631.528041862882674 ], [ 619284.626992017962039, 3129966.664169375784695 ], [ 619252.682529082754627, 3129994.168781205546111 ], [ 619248.748009758070111, 3129975.500478065107018 ], [ 619046.402277103858069, 3130025.336638335138559 ], [ 618695.079210742376745, 3129958.18677817704156 ], [ 618868.766196358366869, 3130134.358584083616734 ] ] ] } },
{ "type": "Feature", "properties": { "t": "river" }, "geometry": { "type": "MultiPolygon", "coordinates": [ [ [ [ 614317.364215788897127, 3129181.003155412618071 ], [ 614531.358531058882363, 3129027.944425388704985 ], [ 614604.137892361148261, 3128940.005382485687733 ], [ 614572.222402163548395, 3128998.717551822308451 ], [ 614937.165355690638535, 3128737.713578965514898 ], [ 614881.544656835263595, 3128654.602216856088489 ], [ 614568.104906584485434, 3128947.044031042139977 ], [ 614465.653398221125826, 3129060.550780488178134 ], [ 614471.903721480513923, 3129036.804980019107461 ], [ 614317.364215788897127, 3129181.003155412618071 ] ] ], [ [ [ 615100.782315303571522, 3129310.465907147154212 ], [ 615273.375473315478303, 3129333.835187873803079 ], [ 615355.883162734797224, 3129301.864918346051127 ], [ 615559.763432831736282, 3129140.604644420091063 ], [ 615578.046069486765191, 3128909.850349428132176 ], [ 615306.953734173090197, 3129290.308633850421757 ], [ 614977.748227078118362, 3128798.355571618769318 ], [ 615100.782315303571522, 3129310.465907147154212 ] ], [ [ 615544.38387489633169, 3129082.09401344973594 ], [ 615464.843952081049792, 3129192.122369924094528 ], [ 615535.655797001440078, 3128971.205758977681398 ], [ 615544.38387489633169, 3129082.09401344973594 ] ], [ [ 615238.301624962827191, 3129289.641152117401361 ], [ 615140.119603354833089, 3129299.767560172826052 ], [ 615150.787870842614211, 3129211.228704034816474 ], [ 615238.301624962827191, 3129289.641152117401361 ] ] ], [ [ [ 615367.674676035298035, 3129346.604495170060545 ], [ 615541.576652961433865, 3129370.155072898603976 ], [ 615545.019750475068577, 3129326.696425792295486 ], [ 615367.674676035298035, 3129346.604495170060545 ] ] ], [ [ [ 615772.879906329326332, 3128785.153994652908295 ], [ 616280.608118569129147, 3129022.809141695033759 ], [ 616508.370975722093135, 3129800.670536833815277 ], [ 617134.380702256807126, 3129973.045955015346408 ], [ 617179.87880998221226, 3129957.695832059253007 ], [ 617154.323083255439997, 3129940.001844950485975 ], [ 617206.031624755007215, 3129948.872508215717971 ], [ 617270.117605170118622, 3129927.251753900200129 ], [ 616538.336758060380816, 3129745.5632389113307 ], [ 616310.46591102774255, 3128978.780578867997974 ], [ 615714.68131998332683, 3128718.104003757704049 ], [ 615657.975180541165173, 3128797.681345575954765 ], [ 615772.879906329326332, 3128785.153994652908295 ] ], [ [ 616222.304936980828643, 3128966.835785054601729 ], [ 616065.814939668751322, 3128920.981609346810728 ], [ 616027.017489665769972, 3128876.280562036205083 ], [ 616222.304936980828643, 3128966.835785054601729 ] ] ] ] } },
{ "type": "Feature", "properties": { "t": "river" }, "geometry": { "type": "MultiPolygon", "coordinates": [ [ [ [ 610906.850177556858398, 3128882.687281329184771 ], [ 610291.028739160392433, 3128655.341279140673578 ], [ 610136.984315708745271, 3128343.6668512057513 ], [ 610251.591400865698233, 3128677.134774565696716 ], [ 610916.450571637833491, 3128904.93734798533842 ], [ 611099.334075196413323, 3128750.490181561093777 ], [ 610906.850177556858398, 3128882.687281329184771 ] ] ], [ [ [ 612405.912241194746457, 3128021.468152063433081 ], [ 612743.308880072785541, 3128645.161348570603877 ], [ 612813.881129811401479, 3128626.791923788841814 ], [ 612542.299368522013538, 3127988.92955251224339 ], [ 612533.42164425062947, 3128022.677166596520692 ], [ 612494.082904991460964, 3128033.384203222580254 ], [ 612357.185004732455127, 3127987.765960109885782 ], [ 612249.397008875152096, 3127975.66529104532674 ], [ 612367.833058904390782, 3127899.225405819248408 ], [ 612414.756995510892011, 3127847.223820347804576 ], [ 611995.941702783573419, 3128134.782929001841694 ], [ 612405.912241194746457, 3128021.468152063433081 ] ] ], [ [ [ 613440.017050573136657, 3128463.834232466761023 ], [ 613383.15358782268595, 3128407.496677817776799 ], [ 613188.119121341733262, 3128509.261656823568046 ], [ 613185.933815757744014, 3128516.415042390115559 ], [ 613156.404025833122432, 3128527.213466529268771 ], [ 613158.796995317563415, 3128524.56176396459341 ], [ 613111.163876725826412, 3128549.416671998333186 ], [ 613440.017050573136657, 3128463.834232466761023 ] ] ], [ [ [ 613779.014749768539332, 3129065.022254914976656 ], [ 614168.500013472978026, 3129215.975377794820815 ], [ 614199.247281983378343, 3129224.185970273334533 ], [ 614184.929704879992642, 3129222.343416479416192 ], [ 614218.755487098474987, 3129235.454158050473779 ], [ 613443.773245931253769, 3128467.555717526003718 ], [ 613779.014749768539332, 3129065.022254914976656 ] ] ], [ [ [ 612466.758537228568457, 3127811.521474376320839 ], [ 612433.636499485583045, 3127834.261796770151705 ], [ 612479.380321970675141, 3127841.163378825411201 ], [ 612466.758537228568457, 3127811.521474376320839 ] ] ] ] } },
{ "type": "Feature", "properties": { "t": "river" }, "geometry": { "type": "MultiPolygon", "coordinates": [ [ [ [ 598239.941349665867165, 3131784.655157081317157 ], [ 598429.104313809191808, 3131478.041030367370695 ], [ 597846.737138574710116, 3131903.277111738920212 ], [ 598239.941349665867165, 3131784.655157081317157 ] ] ], [ [ [ 598655.395119286025874, 3131412.105928510427475 ], [ 598566.915357780177146, 3131377.421954115852714 ], [ 598558.550389148877002, 3131383.529320656321943 ], [ 598655.395119286025874, 3131412.105928510427475 ] ] ], [ [ [ 599271.132206493057311, 3131593.817396434955299 ], [ 599345.020213257987052, 3131521.981130877044052 ], [ 599253.830059557803907, 3131588.710806616116315 ], [ 599271.132206493057311, 3131593.817396434955299 ] ] ], [ [ [ 600580.388184424606152, 3130995.47374150250107 ], [ 600749.480190433212556, 3130493.408524449449033 ], [ 600302.904164288542233, 3131218.013142362702638 ], [ 600580.388184424606152, 3130995.47374150250107 ] ] ], [ [ [ 601950.428300598054193, 3130187.276347228325903 ], [ 600950.275719051714987, 3130167.635338233783841 ], [ 600937.215160502004437, 3130188.824324397370219 ], [ 601950.428300598054193, 3130187.276347228325903 ] ] ] ] } },
{ "type": "Feature", "properties": { "t": "river" }, "geometry": { "type": "Polygon", "coordinates": [ [ [ 601989.844386066310108, 3130165.455834090709686 ], [ 602079.723847074666992, 3129977.872648024000227 ], [ 601950.618905753595755, 3130165.118349044118077 ], [ 601989.844386066310108, 3130165.455834090709686 ] ] ] } },
{ "type": "Feature", "properties": { "t": "river" }, "geometry": { "type": "MultiPolygon", "coordinates": [ [ [ [ 602492.498777116066776, 3129111.376900116913021 ], [ 602390.998627944849432, 3129138.4908068459481 ], [ 602060.110791699029505, 3129977.703749790787697 ], [ 602492.498777116066776, 3129111.376900116913021 ] ] ], [ [ [ 603384.137902776710689, 3128847.95300214458257 ], [ 604008.516778624150902, 3128149.58974458836019 ], [ 604057.852423332631588, 3128078.255168984178454 ], [ 604043.004943283740431, 3128111.018266997300088 ], [ 604636.154004165204242, 3127447.695631246082485 ], [ 604563.634490180993453, 3127451.150120044127107 ], [ 603572.899451019824483, 3128572.603865689598024 ], [ 603456.068899145233445, 3128527.444359053391963 ], [ 603327.620851469109766, 3128859.31758372951299 ], [ 603384.137902776710689, 3128847.95300214458257 ] ], [ [ 604107.476609813049436, 3128012.211431782692671 ], [ 604068.049387476639822, 3128034.025175502058119 ], [ 604107.671087682014331, 3127990.05340991448611 ], [ 604107.476609813049436, 3128012.211431782692671 ] ] ], [ [ [ 606060.501542684738524, 3127896.554496704600751 ], [ 605514.48472397972364, 3127526.199754032772034 ], [ 605514.38753829698544, 3127537.127019222825766 ], [ 605455.338781276252121, 3127558.761807704810053 ], [ 605151.075448743882589, 3127578.220911512617022 ], [ 605043.573357515851967, 3127532.948995914775878 ], [ 604965.692496500909328, 3127465.78034925321117 ], [ 605093.009046144317836, 3127489.067239088471979 ], [ 605073.587965822196566, 3127466.735434886533767 ], [ 605073.686087039764971, 3127455.656412119977176 ], [ 605319.198420836706646, 3127424.593624396249652 ], [ 605416.69499024853576, 3127491.938934278674424 ], [ 605493.446058437926695, 3127511.930537297390401 ], [ 605348.72296146187, 3127413.775850899517536 ], [ 604733.150711934315041, 3127443.075859264936298 ], [ 606060.501542684738524, 3127896.554496704600751 ] ] ], [ [ [ 603763.511123499716632, 3128086.756440653465688 ], [ 603545.894494500011206, 3128295.371784240473062 ], [ 603493.785465769818984, 3128429.999063159804791 ], [ 603763.511123499716632, 3128086.756440653465688 ] ] ] ] } },
{ "type": "Feature", "properties": { "t": "river" }, "geometry": { "type": "MultiPolygon", "coordinates": [ [ [ [ 606720.391484872903675, 3128689.150560640729964 ], [ 607064.549613377312198, 3128983.572035554796457 ], [ 607139.720756274648011, 3128958.851440843660384 ], [ 607100.190547873033211, 3128991.734293279238045 ], [ 607073.811833794461563, 3128991.496057349722832 ], [ 607099.990403912262991, 3129013.892466156277806 ], [ 607851.100621595047414, 3128389.139884339645505 ], [ 607952.300321795511991, 3128436.783548502251506 ], [ 607851.302121574291959, 3128366.981698080897331 ], [ 607071.26835279003717, 3128936.073145978618413 ], [ 606778.938473500893451, 3128722.917516266927123 ], [ 606665.929521719110198, 3128201.142068821005523 ], [ 606584.269902024185285, 3128157.375433555804193 ], [ 606720.391484872903675, 3128689.150560640729964 ] ] ], [ [ [ 608691.034284676192328, 3128784.609319993294775 ], [ 609581.096717968233861, 3127995.03551759570837 ], [ 610097.649122621049173, 3128354.381733810529113 ], [ 609591.109798374469392, 3127972.967885019723326 ], [ 608632.93643473519478, 3128757.252068920060992 ], [ 608691.034284676192328, 3128784.609319993294775 ] ] ] ] } },
{ "type": "Feature", "properties": { "t": "river" }, "geometry": { "type": "MultiPolygon", "coordinates": [ [ [ [ 618776.04564476700034, 3146178.12538385251537 ], [ 618389.599416407989338, 3145731.971396207809448 ], [ 618329.103930925135501, 3145819.045687113888562 ], [ 618134.116177311865613, 3145728.443659858778119 ], [ 618776.04564476700034, 3146178.12538385251537 ] ] ], [ [ [ 618715.974464840255678, 3145335.386421930510551 ], [ 618715.761307812063023, 3145262.536288599018008 ], [ 618398.241699829231948, 3145719.532235460355878 ], [ 618715.974464840255678, 3145335.386421930510551 ] ] ], [ [ [ 618713.785893775057048, 3144587.848221410531551 ], [ 618625.726144225336611, 3144569.910179658792913 ], [ 618715.496250898926519, 3145171.961499324068427 ], [ 618713.785893775057048, 3144587.848221410531551 ] ] ], [ [ [ 620288.266721882973798, 3144934.937231066636741 ], [ 620273.903262958512641, 3144905.767683972604573 ], [ 619005.495687239337713, 3144647.275519371032715 ], [ 620288.266721882973798, 3144934.937231066636741 ] ] ], [ [ [ 620390.54543775273487, 3144957.879911021795124 ], [ 620990.972503807046451, 3145092.584702554624528 ], [ 621476.015380809898488, 3145551.887387301307172 ], [ 622105.021767781465314, 3145347.852395036257803 ], [ 621456.769701351295225, 3145518.446556773968041 ], [ 620971.838382994057611, 3145048.065137898549438 ], [ 620324.243021676549688, 3144916.029624106828123 ], [ 620390.54543775273487, 3144957.879911021795124 ] ] ] ] } },
{ "type": "Feature", "properties": { "t": "river" }, "geometry": { "type": "MultiPolygon", "coordinates": [ [ [ [ 615477.539921925985254, 3143951.380989873316139 ], [ 615542.652348129544407, 3145303.846673708409071 ], [ 615649.069387784344144, 3145318.284158045426011 ], [ 615477.539921925985254, 3143951.380989873316139 ] ] ], [ [ [ 616158.921129533788189, 3145387.469057899434119 ], [ 616351.390288120834157, 3145735.082600031513721 ], [ 616178.837054852861911, 3145354.423606415744871 ], [ 615752.96712589263916, 3145332.380815837532282 ], [ 616158.921129533788189, 3145387.469057899434119 ] ] ], [ [ [ 616399.505739556974731, 3145821.986561298370361 ], [ 616849.250012132804841, 3145904.002557477448136 ], [ 617026.651327155181207, 3145884.338810423389077 ], [ 616375.229067271342501, 3145778.138934449292719 ], [ 616399.505739556974731, 3145821.986561298370361 ] ] ] ] } },
{ "type": "Feature", "properties": { "t": "river" }, "geometry": { "type": "MultiPolygon", "coordinates": [ [ [ [ 615947.395743000204675, 3142991.983786772936583 ], [ 615973.149708256241865, 3142165.004741887096316 ], [ 615926.281699544866569, 3142149.655185668263584 ], [ 615928.348002639831975, 3142936.39382809586823 ], [ 615561.982468420756049, 3143331.697978032752872 ], [ 615549.631871685036458, 3143422.329703788738698 ], [ 615947.395743000204675, 3142991.983786772936583 ] ] ], [ [ [ 616345.577799780294299, 3142353.232276801485568 ], [ 616392.96132881345693, 3142302.505760985426605 ], [ 616192.201325493864715, 3142236.748496142681688 ], [ 616345.577799780294299, 3142353.232276801485568 ] ] ] ] } },
{ "type": "Feature", "properties": { "t": "river" }, "geometry": { "type": "Polygon", "coordinates": [ [ [ 616666.57776829903014, 3140605.67463598633185 ], [ 617031.278104708879255, 3139401.504713577218354 ], [ 616638.059137438423932, 3140516.748529266100377 ], [ 616703.188476372510195, 3141858.138857701793313 ], [ 616666.57776829903014, 3140605.67463598633185 ] ] ] } },
{ "type": "Feature", "properties": { "t": "river" }, "geometry": { "type": "Polygon", "coordinates": [ [ [ 599969.423378270934336, 3152164.028757869265974 ], [ 598759.317088104435243, 3150558.275692884810269 ], [ 598998.178342301514931, 3150094.923150882590562 ], [ 598953.888932367553934, 3149540.550138586666435 ], [ 597744.320493228267878, 3148998.601495691109449 ], [ 598875.846505560912192, 3149506.654033319093287 ], [ 598959.298921747133136, 3150061.355977318249643 ], [ 598709.34738663258031, 3150679.73632073123008 ], [ 600314.2277029925026, 3153053.374137189704925 ], [ 599969.423378270934336, 3152164.028757869265974 ] ], [ [ 599870.97796713153366, 3152229.672340792138129 ], [ 599841.519850240787491, 3152240.502151070162654 ], [ 599812.908535412629135, 3152151.618566267658025 ], [ 599870.97796713153366, 3152229.672340792138129 ] ], [ [ 599765.848854776471853, 3151929.617664744146168 ], [ 599852.154917668085545, 3152140.871825213078409 ], [ 599707.213335016742349, 3151918.040108846966177 ], [ 599765.848854776471853, 3151929.617664744146168 ] ] ] } },
{ "type": "Feature", "properties": { "t": "lake" }, "geometry": { "type": "Polygon", "coordinates": [ [ [ 603174.118903298862278, 3143914.863810887094587 ], [ 603633.510246597928926, 3144029.693511504214257 ], [ 603752.70660965773277, 3143842.380290900357068 ], [ 603174.118903298862278, 3143914.863810887094587 ] ] ] } },
{ "type": "Feature", "properties": { "t": "lake" }, "geometry": { "type": "Polygon", "coordinates": [ [ [ 603752.70660965773277, 3143842.380290900357068 ], [ 603837.213046206627041, 3143145.078726613428444 ], [ 603552.263609824469313, 3143242.294081104919314 ], [ 603311.92844597203657, 3143838.50999982142821 ], [ 603752.70660965773277, 3143842.380290900357068 ] ] ] } },
{ "type": "Feature", "properties": { "t": "river" }, "geometry": { "type": "MultiPolygon", "coordinates": [ [ [ [ 624761.201411051559262, 3166562.22553623560816 ], [ 624395.685436113853939, 3166725.094718003179878 ], [ 624396.086646119598299, 3166735.927753477822989 ], [ 624761.201411051559262, 3166562.22553623560816 ] ] ], [ [ [ 625398.006383639061823, 3166259.306769016198814 ], [ 625328.234656649758108, 3165855.476565433200449 ], [ 625272.047631347551942, 3166319.219541203696281 ], [ 625398.006383639061823, 3166259.306769016198814 ] ] ], [ [ [ 626086.235703119309619, 3165003.436980542726815 ], [ 625355.891292904037982, 3165627.221326385624707 ], [ 625353.209401160478592, 3165649.35516357421875 ], [ 625355.653775382670574, 3165649.381362894084305 ], [ 625352.826274400693364, 3165652.517140387091786 ], [ 625348.670103828771971, 3165686.818444814067334 ], [ 626086.235703119309619, 3165003.436980542726815 ] ] ] ] } },
{ "type": "Feature", "properties": { "t": "river" }, "geometry": { "type": "Polygon", "coordinates": [ [ [ 624820.45475838962011, 3166319.614814828149974 ], [ 624702.540871714591049, 3166373.763015356380492 ], [ 624613.250033762305975, 3166494.705011000856757 ], [ 624820.45475838962011, 3166319.614814828149974 ] ] ] } },
{ "type": "Feature", "properties": { "t": "river" }, "geometry": { "type": "Polygon", "coordinates": [ [ [ 624907.736850969376974, 3166387.034591706003994 ], [ 624868.747716706013307, 3166375.536855801939964 ], [ 624721.030880086240359, 3166473.691708497237414 ], [ 624907.736850969376974, 3166387.034591706003994 ] ] ] } },
{ "type": "Feature", "properties": { "t": "river" }, "geometry": { "type": "Polygon", "coordinates": [ [ [ 626136.320668618544005, 3164893.163758502807468 ], [ 626098.282893103314564, 3164793.02188912872225 ], [ 626096.252624743268825, 3164981.38232043851167 ], [ 626136.320668618544005, 3164893.163758502807468 ] ] ] } },
{ "type": "Feature", "properties": { "t": "river" }, "geometry": { "type": "MultiPolygon", "coordinates": [ [ [ [ 625720.027379146311432, 3164500.837441846262664 ], [ 626097.566340468591079, 3164859.502036233898252 ], [ 625768.919722348218784, 3164501.362884589936584 ], [ 625774.259938914095983, 3164320.536459744442254 ], [ 625720.027379146311432, 3164500.837441846262664 ] ] ], [ [ [ 626059.537459008279257, 3163850.693642697762698 ], [ 625912.732948948862031, 3163860.194587138947099 ], [ 625891.749748957459815, 3163929.949253360275179 ], [ 626059.537459008279257, 3163850.693642697762698 ] ] ] ] } },
{ "type": "Feature", "properties": { "t": "river" }, "geometry": { "type": "Polygon", "coordinates": [ [ [ 626682.211756097502075, 3163247.944666778668761 ], [ 626464.22393336892128, 3162602.872289308812469 ], [ 626672.672007844899781, 3163225.678805350326002 ], [ 626108.910134187783115, 3163806.900363184511662 ], [ 626682.211756097502075, 3163247.944666778668761 ] ] ] } },
{ "type": "Feature", "properties": { "t": "river" }, "geometry": { "type": "MultiPolygon", "coordinates": [ [ [ [ 626186.093965882901102, 3162090.13279816461727 ], [ 626396.481039659236558, 3162535.653067080769688 ], [ 626205.893767993198708, 3162068.183607075363398 ], [ 626253.960748821613379, 3161957.442717022728175 ], [ 626186.093965882901102, 3162090.13279816461727 ] ] ], [ [ [ 626416.546593527309597, 3161582.879278638865799 ], [ 626205.190832949476317, 3160317.336764568462968 ], [ 626400.03715711471159, 3161620.912408122327179 ], [ 626416.546593527309597, 3161582.879278638865799 ] ] ] ] } },
{ "type": "Feature", "properties": { "t": "river" }, "geometry": { "type": "Polygon", "coordinates": [ [ [ 626152.104198083048686, 3159795.94682137388736 ], [ 626052.254345803521574, 3159983.253571841400117 ], [ 626147.21457973762881, 3160250.225069291424006 ], [ 626152.104198083048686, 3159795.94682137388736 ] ] ] } },
{ "type": "Feature", "properties": { "t": "river" }, "geometry": { "type": "Polygon", "coordinates": [ [ [ 626940.399948867387138, 3160181.220966123044491 ], [ 626571.312256034347229, 3159933.441252020653337 ], [ 626492.915536297252402, 3159959.344565597362816 ], [ 626940.399948867387138, 3160181.220966123044491 ] ] ] } },
{ "type": "Feature", "properties": { "t": "river" }, "geometry": { "type": "Polygon", "coordinates": [ [ [ 626220.939027051674202, 3159763.44415652891621 ], [ 626164.152486888808198, 3159585.533007197547704 ], [ 626152.104198083048686, 3159795.94682137388736 ], [ 626220.939027051674202, 3159763.44415652891621 ] ] ] } },
{ "type": "Feature", "properties": { "t": "river" }, "geometry": { "type": "Polygon", "coordinates": [ [ [ 626132.53198975045234, 3158887.075344937387854 ], [ 626041.029165230691433, 3159207.446780680213124 ], [ 626154.012166696717031, 3159618.667575818486512 ], [ 626132.53198975045234, 3158887.075344937387854 ] ] ] } },
{ "type": "Feature", "properties": { "t": "river" }, "geometry": { "type": "Polygon", "coordinates": [ [ [ 626049.485700168763287, 3158420.771217427682132 ], [ 625961.790733941597864, 3158386.585333494003862 ], [ 626163.073674885672517, 3158776.591701443772763 ], [ 626049.485700168763287, 3158420.771217427682132 ] ] ] } },
{ "type": "Feature", "properties": { "t": "lake" }, "geometry": { "type": "Polygon", "coordinates": [ [ [ 645159.550251004868187, 3175774.926994886249304 ], [ 645417.295177456224337, 3175478.915944136679173 ], [ 645291.290204666089267, 3174612.91786822443828 ], [ 644664.456831088638864, 3174727.027716566808522 ], [ 644970.222366062458605, 3175284.945132427848876 ], [ 644888.204234097269364, 3175594.231634260155261 ], [ 645159.550251004868187, 3175774.926994886249304 ] ] ] } },
{ "type": "Feature", "properties": { "t": "river" }, "geometry": { "type": "MultiPolygon", "coordinates": [ [ [ [ 642711.551448192563839, 3172209.451742699835449 ], [ 642349.696211719419807, 3172227.195602019317448 ], [ 642740.191331859794445, 3172265.213175332173705 ], [ 642827.602211185730994, 3172424.600390673615038 ], [ 642711.551448192563839, 3172209.451742699835449 ] ] ], [ [ [ 642893.158733285497874, 3172544.141318173613399 ], [ 643296.545003510080278, 3172327.444391449913383 ], [ 644747.011464971699752, 3172799.725156932603568 ], [ 644840.53833890426904, 3172764.640956046059728 ], [ 643970.163634928874671, 3172391.148951994255185 ], [ 643140.457101195119321, 3172303.363814930897206 ], [ 642874.565555188222788, 3172510.236747368238866 ], [ 642893.158733285497874, 3172544.141318173613399 ] ] ] ] } },
{ "type": "Feature", "properties": { "t": "river" }, "geometry": { "type": "Polygon", "coordinates": [ [ [ 641564.267203903989866, 3172343.785968770738691 ], [ 641268.299556150101125, 3171936.998243793379515 ], [ 641507.645830190740526, 3172349.938090529292822 ], [ 641564.267203903989866, 3172343.785968770738691 ] ] ] } },
{ "type": "Feature", "properties": { "t": "river" }, "geometry": { "type": "MultiPolygon", "coordinates": [ [ [ [ 638906.82082402613014, 3168758.369255216326565 ], [ 638267.366552702500485, 3169485.182752327527851 ], [ 638642.751066915225238, 3169157.173929201439023 ], [ 639415.504669251502492, 3169122.043791397940367 ], [ 640072.70350332185626, 3170570.572318707592785 ], [ 640184.813116350327618, 3170636.748056946322322 ], [ 640141.120462959166616, 3170571.393410405144095 ], [ 640238.193465381395072, 3170627.969427696894854 ], [ 640218.665579664288089, 3170656.730757513549179 ], [ 640820.077537598786876, 3171011.765312509611249 ], [ 640998.748436681227759, 3171380.561910290736705 ], [ 641052.802478545228951, 3171419.854392969980836 ], [ 641031.497367423959076, 3171368.729916162788868 ], [ 640973.107851799344644, 3171290.665291606914252 ], [ 641004.010640881024301, 3171302.772601838689297 ], [ 640859.840139706735499, 3170956.834578121546656 ], [ 640151.559417960816063, 3170516.108424495439976 ], [ 640075.761179442983121, 3170315.721738517750055 ], [ 640074.298840749077499, 3170437.606788482517004 ], [ 640016.585268486873247, 3170359.34012916777283 ], [ 639929.278281611856073, 3169928.489847803022712 ], [ 639912.393398937070742, 3169883.856089100241661 ], [ 639838.044392640469596, 3169758.77030295971781 ], [ 639868.080446816748008, 3169766.720446699298918 ], [ 639830.180739696021192, 3169666.539579858537763 ], [ 639790.232872694265097, 3169669.541637382470071 ], [ 639703.719557284377515, 3169546.604119088966399 ], [ 639656.171059844666161, 3169435.215234844014049 ], [ 639784.400203168625012, 3169545.529877443797886 ], [ 639658.820885609136894, 3169213.606574433855712 ], [ 639572.023114224546589, 3169180.038004533387721 ], [ 639619.58854683174286, 3169224.219558981247246 ], [ 639627.906427779002115, 3169346.221157110761851 ], [ 639483.268374010222033, 3169178.262819396797568 ], [ 639570.115465607028455, 3169179.300241249613464 ], [ 638890.024230782408267, 3168916.308137893211097 ], [ 639065.009990449994802, 3168578.587805481161922 ], [ 638946.789320878335275, 3168712.944491567090154 ], [ 638891.473378269933164, 3168794.423672275617719 ], [ 638906.82082402613014, 3168758.369255216326565 ] ], [ [ 639151.974646108108573, 3169085.655405537225306 ], [ 638975.628054965287447, 3169116.801878782920539 ], [ 638761.235580415348522, 3169058.84316970827058 ], [ 638859.513191290316172, 3169015.683161978144199 ], [ 639151.974646108108573, 3169085.655405537225306 ] ] ], [ [ [ 641268.299556150101125, 3171936.998243793379515 ], [ 641077.694266693317331, 3171479.586251439061016 ], [ 641006.845812573330477, 3171397.276455813087523 ], [ 641268.299556150101125, 3171936.998243793379515 ] ] ] ] } },
{ "type": "Feature", "properties": { "t": "river" }, "geometry": { "type": "Polygon", "coordinates": [ [ [ 635902.76365660643205, 3169794.663333507720381 ], [ 635711.542395758558996, 3169854.150083992630243 ], [ 635968.125612447736785, 3169646.579822742845863 ], [ 636260.972480442840606, 3169683.238638772629201 ], [ 635962.291848199092783, 3169776.145549821667373 ], [ 638257.460682865232229, 3169496.147432368714362 ], [ 638269.858903929358348, 3169274.6552107273601 ], [ 637252.231474017025903, 3169351.307831181678921 ], [ 636808.6025643638568, 3169667.477507699280977 ], [ 636046.727466605021618, 3169633.888413343578577 ], [ 636036.676101706223562, 3169636.296301513444632 ], [ 636041.462659885175526, 3169633.656475443858653 ], [ 635782.66805144387763, 3169622.258374200202525 ], [ 634309.230701453518122, 3170236.880627844948322 ], [ 634178.349116767640226, 3170567.828836827073246 ], [ 635902.76365660643205, 3169794.663333507720381 ] ], [ [ 636485.526266724220477, 3169708.024646241217852 ], [ 636309.844815222895704, 3169683.808987400028855 ], [ 636407.589501734822989, 3169684.95029861619696 ], [ 636485.526266724220477, 3169708.024646241217852 ] ], [ [ 634690.158852065331303, 3170263.432387114036828 ], [ 635674.247442998224869, 3169698.571085029281676 ], [ 635545.122006433084607, 3169874.380818424746394 ], [ 634690.158852065331303, 3170263.432387114036828 ] ], [ [ 634601.427048427169211, 3170328.899826341774315 ], [ 634267.586387265007943, 3170458.037090459372848 ], [ 634494.935586015344597, 3170239.018339459784329 ], [ 634601.427048427169211, 3170328.899826341774315 ] ] ] } },
{ "type": "Feature", "properties": { "t": "river" }, "geometry": { "type": "Polygon", "coordinates": [ [ [ 625934.791290321853012, 3179928.479702056851238 ], [ 625349.548701728344895, 3180764.354075716342777 ], [ 625376.453995265881531, 3180986.274595855735242 ], [ 625934.791290321853012, 3179928.479702056851238 ] ] ] } },
{ "type": "Feature", "properties": { "t": "river" }, "geometry": { "type": "MultiPolygon", "coordinates": [ [ [ [ 625515.205453090020455, 3177175.734274498652667 ], [ 624771.627847372787073, 3176369.880200046114624 ], [ 625389.535770477727056, 3177052.484303831588477 ], [ 625545.074115456547588, 3177524.871413401793689 ], [ 625515.205453090020455, 3177175.734274498652667 ] ] ], [ [ [ 625842.788485172903165, 3178429.186108123045415 ], [ 625893.09902697452344, 3178365.533966426271945 ], [ 625751.096696044784039, 3178150.652781965211034 ], [ 625842.788485172903165, 3178429.186108123045415 ] ] ], [ [ [ 625260.50724077958148, 3179056.842971893958747 ], [ 625938.029756686300971, 3179629.31337604438886 ], [ 625328.632415335392579, 3179079.739459324162453 ], [ 625826.630996815278195, 3178449.628507670015097 ], [ 625260.50724077958148, 3179056.842971893958747 ] ] ] ] } },
{ "type": "Feature", "properties": { "t": "river" }, "geometry": { "type": "Polygon", "coordinates": [ [ [ 622905.380110876401886, 3176394.365303141996264 ], [ 622378.351047671865672, 3176344.491163611412048 ], [ 621894.47906890232116, 3176838.076586591079831 ], [ 622905.380110876401886, 3176394.365303141996264 ] ] ] } },
{ "type": "Feature", "properties": { "t": "river" }, "geometry": { "type": "MultiPolygon", "coordinates": [ [ [ [ 624148.481563920155168, 3175255.082913294900209 ], [ 624195.992781731416471, 3175170.998430048115551 ], [ 624259.51724415004719, 3174839.962297725491226 ], [ 624090.572959148441441, 3175187.977850024122745 ], [ 623099.17524326860439, 3175620.717175479047 ], [ 623073.901680138893425, 3176163.436205721925944 ], [ 622417.541298049502075, 3176333.821626313496381 ], [ 623189.601946752285585, 3176308.716767623089254 ], [ 623244.070660652476363, 3175777.387782280799001 ], [ 624177.671750540845096, 3175266.475308020599186 ], [ 624182.227351531619206, 3175242.734455441124737 ], [ 624148.481563920155168, 3175255.082913294900209 ] ], [ [ 623132.630543002509512, 3176152.975453563500196 ], [ 623161.116448364336975, 3176230.846065044403076 ], [ 623083.084962165332399, 3176218.939988758880645 ], [ 623132.630543002509512, 3176152.975453563500196 ] ], [ [ 623136.729290372575633, 3175765.17149418219924 ], [ 623128.131223770207725, 3175654.267160849180073 ], [ 623156.969918773043901, 3175698.897335374262184 ], [ 623136.729290372575633, 3175765.17149418219924 ] ] ], [ [ [ 624693.030782524263486, 3174584.931288981344551 ], [ 625078.123165213968605, 3175120.965250997804105 ], [ 624600.416638056398369, 3175935.872271342668682 ], [ 624638.352840261533856, 3176032.034534689970315 ], [ 625105.290752857807092, 3175320.722530307713896 ], [ 625052.381024698726833, 3174788.246408981271088 ], [ 625190.730371273471974, 3174684.184756397735327 ], [ 625091.936032980913296, 3174744.345186972524971 ], [ 625220.01572025869973, 3174645.987659764010459 ], [ 625256.770390721736476, 3174634.512923320755363 ], [ 625909.418461646419019, 3174143.667499119881541 ], [ 624390.279241587268189, 3174570.615195980295539 ], [ 624262.385096486192197, 3174834.054876320529729 ], [ 624693.030782524263486, 3174584.931288981344551 ] ], [ [ 624916.909545987611637, 3174664.898211353924125 ], [ 624956.583194365142845, 3174609.916403188370168 ], [ 625103.489719939883798, 3174578.247926384676248 ], [ 625072.990758643834852, 3174688.734792669303715 ], [ 624975.172762305708602, 3174698.766993241384625 ], [ 624916.909545987611637, 3174664.898211353924125 ] ], [ [ 624800.975270529626869, 3174541.760898829437792 ], [ 624879.610371031914838, 3174498.277444302570075 ], [ 625016.391432564239949, 3174499.743584051262587 ], [ 624897.725850681075826, 3174631.448413169011474 ], [ 624839.699414858594537, 3174575.419773825909942 ], [ 624800.975270529626869, 3174541.760898829437792 ] ] ] ] } },
{ "type": "Feature", "properties": { "t": "river" }, "geometry": { "type": "MultiPolygon", "coordinates": [ [ [ [ 626623.861827919958159, 3174040.590547701809555 ], [ 627405.615326500264928, 3173400.047551249153912 ], [ 627442.807375036645681, 3173318.134209644049406 ], [ 627531.353492164635099, 3173263.694654257036746 ], [ 627441.000407610205002, 3173371.057034919504076 ], [ 627718.340881573152728, 3173143.84429924422875 ], [ 627857.022090342594311, 3173115.393344693817198 ], [ 627767.440132917836308, 3173122.219058338552713 ], [ 627895.682281631045043, 3173012.809481032658368 ], [ 628052.268187027424574, 3172992.364541393704712 ], [ 628051.903239355888218, 3173025.605107666458935 ], [ 627908.532444851472974, 3173104.826261138543487 ], [ 629130.939751988626085, 3172854.127719962969422 ], [ 628895.183539061225019, 3172768.936542385723442 ], [ 628900.706395409652032, 3172752.835727757308632 ], [ 628073.757679434143938, 3172815.296113362535834 ], [ 627240.746316251461394, 3173348.51295128883794 ], [ 627295.998385658138432, 3173338.693792135454714 ], [ 627152.405649197287858, 3173405.066734981257468 ], [ 626198.342486569192261, 3174015.913827804848552 ], [ 626281.65404572384432, 3174059.041859507095069 ], [ 626171.8426656301599, 3174032.882563791703433 ], [ 625997.352094946312718, 3174144.617505407426506 ], [ 626623.861827919958159, 3174040.590547701809555 ] ], [ [ 628727.965031090890989, 3172866.823902271222323 ], [ 628649.303718018345535, 3172910.282233683392406 ], [ 628669.213449584669434, 3172877.257198600564152 ], [ 628727.965031090890989, 3172866.823902271222323 ] ], [ [ 628620.722255669417791, 3172843.477732974570245 ], [ 628453.873350771609694, 3172908.128319601062685 ], [ 628493.325606040889397, 3172875.318246661685407 ], [ 628620.722255669417791, 3172843.477732974570245 ] ], [ [ 628434.818346545798704, 3172863.592322947457433 ], [ 628424.802799140801653, 3172885.645122518762946 ], [ 628297.529118217760697, 3172906.407547250855714 ], [ 628229.737592176650651, 3172850.254412574227899 ], [ 628288.732540368568152, 3172817.658529111649841 ], [ 628327.453180658514611, 3172851.329064188059419 ], [ 628434.818346545798704, 3172863.592322947457433 ] ], [ [ 628395.976073669269681, 3172841.00161280343309 ], [ 628347.118222901248373, 3172840.463899149093777 ], [ 628318.169195057125762, 3172806.900791397783905 ], [ 628357.133654030389152, 3172818.411038185935467 ], [ 628395.976073669269681, 3172841.00161280343309 ] ], [ [ 628083.164249250432476, 3172848.643970882054418 ], [ 628180.879805897828192, 3172849.717393912840635 ], [ 628219.113414730760269, 3172927.708330432884395 ], [ 627974.704594785813242, 3172936.105633199680597 ], [ 628043.713127925409935, 3172881.455390503630042 ], [ 628083.164249250432476, 3172848.643970882054418 ] ], [ [ 627797.482544720405713, 3173056.059128871187568 ], [ 627817.389571584528312, 3173023.032731638289988 ], [ 627846.703773386194371, 3173023.354020631406456 ], [ 627797.482544720405713, 3173056.059128871187568 ] ], [ [ 627403.722810828476213, 3173317.707158161327243 ], [ 627186.34083184809424, 3173536.964190866798162 ], [ 627029.764250418986194, 3173557.42044561682269 ], [ 627040.38015411735978, 3173479.965690372977406 ], [ 627403.722810828476213, 3173317.707158161327243 ] ], [ [ 626772.708533052238636, 3173831.659948681946844 ], [ 626784.045434292638674, 3173687.723994054831564 ], [ 626783.202098250738345, 3173765.285171182826161 ], [ 626772.708533052238636, 3173831.659948681946844 ] ], [ [ 626675.242393124732189, 3173808.437690232880414 ], [ 626713.723145995521918, 3173864.263200165238231 ], [ 626516.98739936738275, 3173984.022948691621423 ], [ 626675.242393124732189, 3173808.437690232880414 ] ] ], [ [ [ 629461.816420780029148, 3172786.293334532529116 ], [ 630072.724495784728788, 3172338.743739425670356 ], [ 630012.720832024584524, 3172333.378050893545151 ], [ 629974.263392252847552, 3172404.135987562593073 ], [ 629925.156662973691709, 3172425.752183234319091 ], [ 629974.880623877281323, 3172348.73485218686983 ], [ 629993.372508282656781, 3172331.64793889503926 ], [ 629953.506650629336946, 3172328.083268051035702 ], [ 629905.859496345045045, 3172403.374084920622408 ], [ 629729.717381296330132, 3172423.577192490920424 ], [ 629789.212048726622015, 3172346.667787553276867 ], [ 629877.773920421604998, 3172321.311884186696261 ], [ 629797.183905217098072, 3172314.106752494815737 ], [ 629482.220688432222232, 3172708.948718796949834 ], [ 629241.296987921348773, 3172727.127732589840889 ], [ 629276.523519158945419, 3172750.993530781473964 ], [ 629354.205411090515554, 3172796.181047892663628 ], [ 629240.181587687227875, 3172831.730482920072973 ], [ 629461.816420780029148, 3172786.293334532529116 ] ], [ [ 629729.224514363566414, 3172467.898080442566425 ], [ 629759.033268067752942, 3172423.903232256416231 ], [ 629758.786779672256671, 3172446.063677384518087 ], [ 629729.224514363566414, 3172467.898080442566425 ] ] ] ] } },
{ "type": "Feature", "properties": { "t": "river" }, "geometry": { "type": "Polygon", "coordinates": [ [ [ 630341.002960248850286, 3172099.246114340610802 ], [ 630368.857384480186738, 3172076.090368121862411 ], [ 630388.525756321614608, 3172065.228535812813789 ], [ 630344.841022374923341, 3172097.489080262370408 ], [ 630958.178780082147568, 3171816.730747822672129 ], [ 630116.63179422437679, 3171907.050763992592692 ], [ 630083.855533665162511, 3172216.97018382512033 ], [ 630341.002960248850286, 3172099.246114340610802 ] ], [ [ 630438.378132072975859, 3171977.13281138939783 ], [ 630408.441851406823844, 3172032.206269223708659 ], [ 630379.248733469867148, 3172020.7984021268785 ], [ 630399.041038042632863, 3171998.856351959519088 ], [ 630438.378132072975859, 3171977.13281138939783 ] ] ] } },
{ "type": "Feature", "properties": { "t": "river" }, "geometry": { "type": "MultiPolygon", "coordinates": [ [ [ [ 631323.003770956303924, 3171532.707907418254763 ], [ 631037.603125565918162, 3171706.805982991121709 ], [ 631058.631492422311567, 3171533.917192166205496 ], [ 630950.758985882275738, 3171580.312283679842949 ], [ 630938.63376268511638, 3171816.511408945545554 ], [ 631323.003770956303924, 3171532.707907418254763 ] ] ], [ [ [ 632437.153936129063368, 3171011.566668898798525 ], [ 632306.435397951630875, 3171000.813059619627893 ], [ 632334.850644280319102, 3170985.12829819181934 ], [ 632240.377878054161556, 3171025.746187441051006 ], [ 632437.153936129063368, 3171011.566668898798525 ] ] ], [ [ [ 632568.472183050238527, 3171002.105846436694264 ], [ 632659.027578775538132, 3170938.324832167942077 ], [ 633060.869771195808426, 3170843.163204771932214 ], [ 633236.917321418994106, 3170834.089581531006843 ], [ 633490.012196136638522, 3170925.635126740206033 ], [ 633323.612398446304724, 3170945.896807194687426 ], [ 633148.198353667510673, 3170899.567632017191499 ], [ 632922.646283450769261, 3170976.596801442094147 ], [ 633061.113335212226957, 3170966.626792855095118 ], [ 633108.852260440355167, 3170921.282337035983801 ], [ 633216.105961439432576, 3170944.669361971318722 ], [ 633151.767422697506845, 3170960.10034625697881 ], [ 633744.245964203728363, 3170917.463604051154107 ], [ 634181.023431306588463, 3170335.142416616436094 ], [ 633744.753789845737629, 3170873.142400448676199 ], [ 632876.184393179020844, 3170752.405718494672328 ], [ 632350.322210634127259, 3170978.476507835555822 ], [ 632570.942054801736958, 3170948.405767838004977 ], [ 632470.103525247424841, 3171009.192675922997296 ], [ 632568.472183050238527, 3171002.105846436694264 ] ], [ [ 632944.093863174784929, 3170797.505784881766886 ], [ 632757.264656887506135, 3170895.114879090338945 ], [ 632806.887736460426822, 3170829.189097431022674 ], [ 632944.093863174784929, 3170797.505784881766886 ] ] ] ] } },
{ "type": "Feature", "properties": { "t": "river" }, "geometry": { "type": "Polygon", "coordinates": [ [ [ 616150.036724567296915, 3167050.259040242992342 ], [ 615818.529127850313671, 3166958.32244173111394 ], [ 615143.584647647454403, 3165998.699831716250628 ], [ 614587.061162099591456, 3165915.66731715714559 ], [ 614502.756780619150959, 3165538.093234101776034 ], [ 613877.550913433777168, 3165476.585063536185771 ], [ 613865.724036970175803, 3165687.005207347217947 ], [ 614277.013400431722403, 3165624.53192009544 ], [ 613923.739251526072621, 3165754.055056710727513 ], [ 615374.513385679572821, 3166377.725735151208937 ], [ 615847.08885559020564, 3167036.171789763960987 ], [ 616150.036724567296915, 3167050.259040242992342 ] ] ] } },
{ "type": "Feature", "properties": { "t": "river" }, "geometry": { "type": "Polygon", "coordinates": [ [ [ 611475.989789780694991, 3166096.130225266795605 ], [ 611495.120656938059255, 3166140.635497266892344 ], [ 611475.567277430556715, 3166140.449068169109523 ], [ 611458.335862355655991, 3166140.28480464220047 ], [ 611760.712215635925531, 3166996.387640166096389 ], [ 611898.127721037832089, 3166851.243710299022496 ], [ 611841.888139949296601, 3166686.903235385660082 ], [ 611919.355574755347334, 3166765.209819306619465 ], [ 611899.958073364454322, 3166849.310451088938862 ], [ 611958.248069311142899, 3166787.743723121937364 ], [ 611649.749145587789826, 3166330.483282264787704 ], [ 611789.586596557521261, 3166021.55897318944335 ], [ 612358.92222645599395, 3165870.998697816394269 ], [ 612427.31575135467574, 3165794.977231863886118 ], [ 612486.404066472779959, 3165751.222426518797874 ], [ 612593.951543573639356, 3165752.257372988853604 ], [ 612494.499038817011751, 3165835.150169338099658 ], [ 612760.054494765819982, 3165764.938515011686832 ], [ 613736.035100843058899, 3165951.682518120855093 ], [ 613787.183568460633978, 3165719.483192139770836 ], [ 613610.442264036042616, 3165795.330477003008127 ], [ 613837.57893730525393, 3165564.842366594821215 ], [ 611625.284764568903483, 3165820.536438302602619 ], [ 611446.554010923486203, 3166106.930355331860483 ], [ 611454.155213589896448, 3166128.449353112839162 ], [ 611475.989789780694991, 3166096.130225266795605 ] ], [ [ 613553.178589231218211, 3165650.723985034972429 ], [ 613572.62530420254916, 3165661.99361112434417 ], [ 613395.562381690484472, 3165771.083355395123363 ], [ 613435.10046352003701, 3165727.143637633882463 ], [ 613553.178589231218211, 3165650.723985034972429 ] ], [ [ 613317.238624307326972, 3165781.404948311857879 ], [ 613268.138801107415929, 3165803.090856838971376 ], [ 613297.6845451828558, 3165781.215491538867354 ], [ 613317.238624307326972, 3165781.404948311857879 ] ], [ [ 611859.613941833376884, 3165856.01768880430609 ], [ 611849.625059319310822, 3165878.083603261038661 ], [ 611741.443730095517822, 3165943.533745639491826 ], [ 611691.289482570951805, 3166076.023296228144318 ], [ 611592.676084941020235, 3166163.72756085311994 ], [ 611572.594123942079023, 3166218.939536585472524 ], [ 611584.696796332951635, 3165975.279150447808206 ], [ 611702.971294729155488, 3165876.68184208124876 ], [ 611840.166029351879843, 3165844.750950841233134 ], [ 611859.613941833376884, 3165856.01768880430609 ] ], [ [ 611694.926946667139418, 3166718.74041528115049 ], [ 611665.809974819421768, 3166696.300789417233318 ], [ 611695.244523959001526, 3166685.501243879552931 ], [ 611694.926946667139418, 3166718.74041528115049 ] ], [ [ 611676.327079151989892, 3166618.836114675737917 ], [ 611666.02163637871854, 3166674.141343547496945 ], [ 611666.762441126978956, 3166596.58328795293346 ], [ 611676.327079151989892, 3166618.836114675737917 ] ], [ [ 611629.032443601521663, 3166452.173481590114534 ], [ 611657.19776485057082, 3166574.330470878165215 ], [ 611590.349708237103187, 3166407.481304057408124 ], [ 611629.032443601521663, 3166452.173481590114534 ] ] ] } },
{ "type": "Feature", "properties": { "t": "river" }, "geometry": { "type": "Polygon", "coordinates": [ [ [ 611340.345185722922906, 3166992.376082212664187 ], [ 611027.72460432886146, 3166967.24112468585372 ], [ 611193.705604590242729, 3166990.980259487871081 ], [ 611340.345185722922906, 3166992.376082212664187 ] ] ] } },
{ "type": "Feature", "properties": { "t": "river" }, "geometry": { "type": "Polygon", "coordinates": [ [ [ 610519.792593656573445, 3166918.104963724967092 ], [ 610490.307464441400953, 3166934.447268988471478 ], [ 610616.923654547892511, 3166985.507878558244556 ], [ 610851.546743357088417, 3166987.730496574193239 ], [ 610376.918319681542926, 3166517.850409814622253 ], [ 609857.210608071531169, 3166679.165366676170379 ], [ 610479.110063262167387, 3166929.931772726587951 ], [ 610471.331354577792808, 3166873.324124155566096 ], [ 610519.792593656573445, 3166918.104963724967092 ] ] ] } },
{ "type": "Feature", "properties": { "t": "river" }, "geometry": { "type": "Polygon", "coordinates": [ [ [ 611692.665251847123727, 3165931.987018171232194 ], [ 611663.440441726706922, 3165920.627196137327701 ], [ 611593.839211629820056, 3166041.85071775643155 ], [ 611692.665251847123727, 3165931.987018171232194 ] ] ] } },
{ "type": "Feature", "properties": { "t": "river" }, "geometry": { "type": "Polygon", "coordinates": [ [ [ 614675.705733341048472, 3165850.051207062322646 ], [ 614589.232451078831218, 3165694.071846866514534 ], [ 614598.575315233319998, 3165738.486738552339375 ], [ 614675.705733341048472, 3165850.051207062322646 ] ] ] } },
{ "type": "Feature", "properties": { "t": "river" }, "geometry": { "type": "Polygon", "coordinates": [ [ [ 605604.682539849309251, 3166628.897236492950469 ], [ 605716.126961922389455, 3166197.76491982396692 ], [ 605529.955109252012335, 3166404.950457970611751 ], [ 605538.249973173020408, 3166406.687404874712229 ], [ 605340.327828773995861, 3166670.83422243501991 ], [ 605334.386157355736941, 3166622.604639643337578 ], [ 605054.431738601066172, 3166934.193166017532349 ], [ 605604.682539849309251, 3166628.897236492950469 ] ], [ [ 605556.00198043207638, 3166606.296600542031229 ], [ 605408.860331362229772, 3166660.371457214001566 ], [ 605517.297399594099261, 3166561.625217524822801 ], [ 605556.00198043207638, 3166606.296600542031229 ] ], [ [ 605162.56423699890729, 3166868.682542437221855 ], [ 605192.490189749747515, 3166802.46887188218534 ], [ 605241.469796297722496, 3166791.829229318071157 ], [ 605162.56423699890729, 3166868.682542437221855 ] ] ] } },
{ "type": "Feature", "properties": { "t": "river" }, "geometry": { "type": "Polygon", "coordinates": [ [ [ 597932.768286433070898, 3162783.766607098747045 ], [ 598083.539301638957113, 3162297.501381805166602 ], [ 597936.475216375896707, 3162340.591082436963916 ], [ 597777.319687911542132, 3162660.585547638125718 ], [ 597910.800702472566627, 3163071.667235403321683 ], [ 598835.213836565613747, 3163622.365679412614554 ], [ 598466.064050007495098, 3164553.490332597400993 ], [ 598465.485635371995158, 3164561.066662076395005 ], [ 598463.236765499575995, 3164560.622317322995514 ], [ 598055.96306696080137, 3165588.086334025952965 ], [ 598493.49359916721005, 3165879.848909770604223 ], [ 600118.684363582637161, 3165627.723370677325875 ], [ 600330.067325925454497, 3166061.666454939171672 ], [ 599804.820731655112468, 3166888.193056675139815 ], [ 600378.379007722367533, 3166128.562894086819142 ], [ 600217.686872283229604, 3165484.527583471033722 ], [ 599977.326624531997368, 3165422.547514197416604 ], [ 599963.675612429855391, 3165460.193213284481317 ], [ 599787.879335657460615, 3165436.531458854209632 ], [ 599937.816907550441101, 3165412.359949843492359 ], [ 599817.683056818554178, 3165381.384420059621334 ], [ 599081.027331800549291, 3165774.009741237387061 ], [ 598144.047358884825371, 3165577.744977407623082 ], [ 598831.66090433113277, 3164109.865095044486225 ], [ 598752.872261863318272, 3164109.199913868680596 ], [ 598714.133861111942679, 3164064.552202405408025 ], [ 598783.515842691180296, 3163954.335554138757288 ], [ 598784.357559599797241, 3163854.620742524974048 ], [ 598824.593369694892317, 3163721.997895294800401 ], [ 598901.603276316192932, 3163866.691231637727469 ], [ 598881.016944339615293, 3163988.39965480286628 ], [ 598862.975457555497997, 3164043.025824604555964 ], [ 598950.588313468149863, 3163856.025097206234932 ], [ 598711.550855972222053, 3163211.354517336003482 ], [ 598285.081583176506683, 3162977.192587458528578 ], [ 598341.352200319292024, 3163042.035747652873397 ], [ 598516.53408005728852, 3163143.230434889905155 ], [ 598516.34759093564935, 3163165.389250126201659 ], [ 598467.360155571135692, 3163176.057262795511633 ], [ 598291.620199468685314, 3163141.339721378870308 ], [ 598193.645704657072201, 3163162.677823360078037 ], [ 598057.484395994339138, 3163072.895022083073854 ], [ 597950.75068773701787, 3162972.279909864533693 ], [ 597854.720279670786113, 3162760.953667640220374 ], [ 597874.371242763241753, 3162750.037768132984638 ], [ 597941.713230926427059, 3162883.562943531665951 ], [ 598029.260987423243932, 3162939.696562057361007 ], [ 598195.225630045169964, 3162974.328018018044531 ], [ 598156.388322722283192, 3162940.761783544905484 ], [ 598185.818327957065776, 3162929.928401772398502 ], [ 598230.544666494010016, 3162947.249766991939396 ], [ 597932.768286433070898, 3162783.766607098747045 ] ], [ [ 598009.888452587649226, 3162917.374014755710959 ], [ 598029.632088895072229, 3162895.378981926944107 ], [ 598127.144111292553134, 3162929.436443513259292 ], [ 598009.888452587649226, 3162917.374014755710959 ] ] ] } },
{ "type": "Feature", "properties": { "t": "river" }, "geometry": { "type": "MultiPolygon", "coordinates": [ [ [ [ 606652.245268375612795, 3166472.198935177642852 ], [ 605716.126961922389455, 3166197.76491982396692 ], [ 606651.133468154002912, 3166594.074711960740387 ], [ 606934.816308962297626, 3166331.017040713690221 ], [ 606652.245268375612795, 3166472.198935177642852 ] ] ], [ [ [ 607686.797539847088046, 3166670.051980166230351 ], [ 608458.816633617505431, 3166418.725489633623511 ], [ 607580.177539305062965, 3166569.345176324713975 ], [ 607153.17146033316385, 3166221.926491572055966 ], [ 607033.970543037750758, 3166281.478691111318767 ], [ 607686.797539847088046, 3166670.051980166230351 ] ] ], [ [ [ 609093.840729438350536, 3166760.661942461971194 ], [ 609758.512432579766028, 3166777.964250350836664 ], [ 608745.507955076755024, 3166369.594836581964046 ], [ 608485.773287882329896, 3166414.105577930808067 ], [ 609093.840729438350536, 3166760.661942461971194 ] ], [ [ 609162.273486380348913, 3166761.300760565791279 ], [ 609172.773878235020675, 3166683.834357268642634 ], [ 609250.672647244064137, 3166717.803996189963073 ], [ 609162.273486380348913, 3166761.300760565791279 ] ] ] ] } },
{ "type": "Feature", "properties": { "t": "river" }, "geometry": { "type": "Polygon", "coordinates": [ [ [ 598166.419382214546204, 3161744.187750084325671 ], [ 597640.791914494009688, 3161440.630155086517334 ], [ 598010.402554644388147, 3161687.480337362270802 ], [ 597966.46264414198231, 3162263.280810533557087 ], [ 598166.419382214546204, 3161744.187750084325671 ] ] ] } },
{ "type": "Feature", "properties": { "t": "river" }, "geometry": { "type": "MultiPolygon", "coordinates": [ [ [ [ 598215.509168320568278, 3160054.267619955353439 ], [ 598259.154300657566637, 3160016.462112501263618 ], [ 598244.514935061801225, 3160048.887281890492886 ], [ 598298.094329405808821, 3160038.948933266103268 ], [ 598547.602554078912362, 3159399.504149285145104 ], [ 598629.179040997871198, 3159055.597966313362122 ], [ 598668.867631869623438, 3158989.451109503395855 ], [ 598688.245785283274017, 3159011.774481958243996 ], [ 598686.730447886162437, 3159042.975281036924571 ], [ 598708.558568949229084, 3158987.040590826887637 ], [ 598728.401335092494264, 3158890.231063153594732 ], [ 598743.9838447883958, 3158896.264270739629865 ], [ 598797.998596420628019, 3158757.855680350679904 ], [ 599674.479136760695837, 3158054.997987903654575 ], [ 599665.359295274596661, 3158000.665212282910943 ], [ 599694.708856765879318, 3158000.914653794839978 ], [ 599675.337570182862692, 3158054.309674791526049 ], [ 599714.086840034928173, 3158023.239701141603291 ], [ 599687.750570102944039, 3157668.450908452738076 ], [ 598665.732418450061232, 3158578.783593645785004 ], [ 598260.454751188633963, 3159861.351124056614935 ], [ 597612.285593992099166, 3160166.178107918705791 ], [ 598215.509168320568278, 3160054.267619955353439 ] ], [ [ 599677.025594842154533, 3157779.161279238760471 ], [ 599635.444999715662561, 3158066.891973671037704 ], [ 599527.17240925191436, 3158143.533717392478138 ], [ 599648.240223387139849, 3157712.435792100615799 ], [ 599677.025594842154533, 3157779.161279238760471 ] ], [ [ 598730.640340911690146, 3158624.326708308886737 ], [ 598868.34470833837986, 3158536.845903475768864 ], [ 598686.391608096892014, 3158908.391030627302825 ], [ 598730.640340911690146, 3158624.326708308886737 ] ] ], [ [ [ 598504.801874754717574, 3158722.148440509103239 ], [ 598413.968878231244162, 3159053.789437580853701 ], [ 598657.546724257525057, 3158586.075676906853914 ], [ 598504.801874754717574, 3158722.148440509103239 ] ] ] ] } },
{ "type": "Feature", "properties": { "t": "river" }, "geometry": { "type": "Polygon", "coordinates": [ [ [ 599477.852341355406679, 3155882.768012582790107 ], [ 599656.898259290028363, 3156693.136214345693588 ], [ 599541.092640130780637, 3157656.125294943340123 ], [ 599757.836582009796984, 3157480.684167420025915 ], [ 599711.74994947121013, 3155995.553886857349426 ], [ 600291.70755906845443, 3155690.251078766305 ], [ 600591.33677113475278, 3154983.685398038942367 ], [ 599951.420005379244685, 3154280.17347597097978 ], [ 599965.920760509674437, 3153726.291611738037318 ], [ 600389.686385557171889, 3153386.421848 ], [ 600314.2277029925026, 3153053.374137189704925 ], [ 599907.577119689201936, 3153681.47487340355292 ], [ 599782.5113646335667, 3154577.900085867848247 ], [ 599812.916683462914079, 3154596.903589262627065 ], [ 599871.810622900840826, 3154434.617756729479879 ], [ 599853.462860224419273, 3154290.420351570937783 ], [ 599997.710022703860886, 3154590.810675352811813 ], [ 600026.785026382654905, 3154624.298640391323715 ], [ 599977.571998724597506, 3154657.119905646424741 ], [ 599826.463576506590471, 3154605.370523130521178 ], [ 599934.029978197184391, 3154672.601526836398989 ], [ 599948.119754478801042, 3154667.949310738127679 ], [ 600006.835592949297279, 3154668.449199608061463 ], [ 599946.893252464360557, 3154680.641432180535048 ], [ 600483.40936054859776, 3155016.00169903319329 ], [ 600322.199162207194604, 3155557.549920305144042 ], [ 599583.142343099345453, 3155842.209064042195678 ], [ 599624.626589550985955, 3155884.012844728305936 ], [ 599683.336299301823601, 3155884.511291646864265 ], [ 599623.404095591744408, 3156028.044065847061574 ], [ 599526.119473735219799, 3155960.738009058404714 ], [ 599539.848180906847119, 3155858.886337826959789 ], [ 599477.852341355406679, 3155882.768012582790107 ] ], [ [ 599969.483661944395863, 3154457.608994808513671 ], [ 600066.684323951834813, 3154535.997618352528661 ], [ 600037.137312514008954, 3154557.906121764797717 ], [ 599969.483661944395863, 3154457.608994808513671 ] ], [ [ 599844.90097134327516, 3154146.306203207466751 ], [ 599864.002773481188342, 3154201.869120980612934 ], [ 599844.241687602479942, 3154223.861326866783202 ], [ 599844.90097134327516, 3154146.306203207466751 ] ], [ [ 599830.393288659164682, 3155852.520711915101856 ], [ 599741.669425034429878, 3155929.327337318565696 ], [ 599771.589223773567937, 3155863.100860122125596 ], [ 599830.393288659164682, 3155852.520711915101856 ] ] ] } },
{ "type": "Feature", "properties": { "t": "river" }, "geometry": { "type": "Polygon", "coordinates": [ [ [ 621329.896238125278614, 3176643.799437180161476 ], [ 621370.070656942203641, 3176674.842642480507493 ], [ 621698.887077752850018, 3176858.193742169532925 ], [ 621895.870631197351031, 3176705.115436803083867 ], [ 620747.022404527640902, 3176327.467118330765516 ], [ 621308.564307153807022, 3176640.547828593757004 ], [ 621329.896238125278614, 3176643.799437180161476 ] ] ] } },
{ "type": "Feature", "properties": { "t": "river" }, "geometry": { "type": "Polygon", "coordinates": [ [ [ 617911.871764944400638, 3172663.82138630701229 ], [ 617860.887519659940153, 3172873.846595662645996 ], [ 618182.664608033839613, 3172943.589119689539075 ], [ 618206.699735517031513, 3173464.644315388984978 ], [ 619028.503638770198449, 3174326.251780554186553 ], [ 619151.701369376387447, 3174318.202175034675747 ], [ 619253.781486242311075, 3174273.148367460817099 ], [ 619343.932073135627434, 3174305.644648627378047 ], [ 620055.158353193546645, 3174259.211332786362618 ], [ 620304.311380570055917, 3175680.175228334963322 ], [ 620747.022404527640902, 3176327.467118330765516 ], [ 620515.510753280017525, 3175851.063959842547774 ], [ 620372.350616297102533, 3175714.121626731939614 ], [ 620464.396891880547628, 3175745.888429946731776 ], [ 620335.677927208016627, 3175481.037094421684742 ], [ 620251.246779466280714, 3174194.745161204598844 ], [ 620152.281715215416625, 3174160.813618015032262 ], [ 620221.593418990727514, 3174227.682924283668399 ], [ 620181.713181161787361, 3174304.840114287566394 ], [ 620119.096673971391283, 3174149.43590147420764 ], [ 620017.417557237786241, 3174114.575259834527969 ], [ 620017.560683646937832, 3174114.768734048120677 ], [ 619832.153700511553325, 3174090.69916849816218 ], [ 619744.448909948230721, 3174067.635667820926756 ], [ 619796.484791020047851, 3174038.832367341499776 ], [ 619686.110730816028081, 3174000.994527922011912 ], [ 619382.154326194198802, 3174141.488325004000217 ], [ 619235.941138908267021, 3174106.748530086129904 ], [ 618994.173142621410079, 3173860.493206611368805 ], [ 618896.468794004642405, 3173859.496464428957552 ], [ 618751.153613809728995, 3173736.123096036259085 ], [ 618866.91652948630508, 3173720.203512731008232 ], [ 618751.717829279717989, 3173680.723197299987078 ], [ 618359.332951401127502, 3172867.812891527079046 ], [ 618168.925779152661562, 3172781.005826553795487 ], [ 618358.433459470048547, 3172956.452567051630467 ], [ 618317.325487699010409, 3173155.495296871755272 ], [ 618165.762251349166036, 3172779.5636046519503 ], [ 617911.871764944400638, 3172663.82138630701229 ] ], [ [ 620301.062293239287101, 3175048.512157255318016 ], [ 620260.497986090136692, 3175192.149290504399687 ], [ 620236.790806101635098, 3174648.925366634968668 ], [ 620275.527053369442001, 3174682.568634724244475 ], [ 620301.062293239287101, 3175048.512157255318016 ] ], [ [ 620234.84774061862845, 3174837.28584990510717 ], [ 620206.452956773107871, 3174748.343309258576483 ], [ 620235.533540516393259, 3174770.805674182716757 ], [ 620234.84774061862845, 3174837.28584990510717 ] ], [ [ 618865.688989892718382, 3174003.23741366295144 ], [ 619128.468550413148478, 3174105.649852016475052 ], [ 619244.691393304383382, 3174206.568435565568507 ], [ 619019.751687354757451, 3174226.432081605773419 ], [ 618991.119845049455762, 3174159.652924357447773 ], [ 618865.688989892718382, 3174003.23741366295144 ] ], [ [ 618847.277802847092971, 3173892.238353479187936 ], [ 618984.063492498244159, 3173893.633457870688289 ], [ 619031.784331260365434, 3174004.931994318962097 ], [ 618836.716860413085669, 3173969.6986587732099 ], [ 618769.791768242022954, 3173824.96197798056528 ], [ 618847.277802847092971, 3173892.238353479187936 ] ], [ [ 618393.693800813518465, 3173333.568021714687347 ], [ 618365.280885262065567, 3173244.630748088937253 ], [ 618405.377051641466096, 3173145.307814850937575 ], [ 618434.352550759213045, 3173178.845349784940481 ], [ 618414.473064867779613, 3173211.886807404924184 ], [ 618393.693800813518465, 3173333.568021714687347 ] ], [ [ 618382.460695609333925, 3173477.508400833234191 ], [ 618294.186850910773501, 3173509.855907364748418 ], [ 618236.011971553671174, 3173464.941484007518739 ], [ 618295.423231549328193, 3173387.976284704171121 ], [ 618363.144145019585267, 3173455.150099097751081 ], [ 618382.460695609333925, 3173477.508400833234191 ] ] ] } },
{ "type": "Feature", "properties": { "t": "river" }, "geometry": { "type": "MultiPolygon", "coordinates": [ [ [ [ 616768.716214231797494, 3171666.110815205145627 ], [ 616702.879008055431768, 3172385.718359965831041 ], [ 617058.535273065092042, 3172976.57697088830173 ], [ 616810.262085440102965, 3173373.005255785305053 ], [ 617011.864741909317672, 3173515.990701804403216 ], [ 617107.613382584648207, 3172954.907549040392041 ], [ 616766.60954314249102, 3171876.629054995253682 ], [ 617149.276407452649437, 3171725.330357645638287 ], [ 617114.436528431251645, 3171719.908328656107187 ], [ 617090.532195471925661, 3171735.821767031215131 ], [ 616914.85534569947049, 3171711.89819793542847 ], [ 616987.933322593336925, 3171700.221923268865794 ], [ 616768.716214231797494, 3171666.110815205145627 ] ] ], [ [ [ 617285.687299416633323, 3173710.209106887690723 ], [ 617363.857127354596741, 3173641.629902557469904 ], [ 617296.015106242499314, 3173654.9076570821926 ], [ 617414.042813440435566, 3173578.528042699676007 ], [ 617409.782330417190678, 3173601.339852824807167 ], [ 617660.320875447359867, 3173381.551041690632701 ], [ 617791.156565650715493, 3172741.176648767665029 ], [ 617783.724657009122893, 3172773.33745230268687 ], [ 617774.065219662501477, 3172762.158842377830297 ], [ 617793.454728287877515, 3172729.928868606220931 ], [ 617865.925437360070646, 3172375.249109182041138 ], [ 617562.501193935982883, 3173391.645562482532114 ], [ 617055.984442791319452, 3173547.28328116517514 ], [ 617285.687299416633323, 3173710.209106887690723 ] ] ] ] } },
{ "type": "Feature", "properties": { "t": "river" }, "geometry": { "type": "Polygon", "coordinates": [ [ [ 617984.417834736290388, 3172254.555060741491616 ], [ 618156.372140638413839, 3171680.07929309271276 ], [ 617866.149327947641723, 3172353.089228248689324 ], [ 617984.417834736290388, 3172254.555060741491616 ] ] ] } },
{ "type": "Feature", "properties": { "t": "river" }, "geometry": { "type": "MultiPolygon", "coordinates": [ [ [ [ 618146.599902063724585, 3171679.980346307624131 ], [ 618156.757257066317834, 3171534.798024749848992 ], [ 618148.170428465120494, 3171524.861244064755738 ], [ 618159.147245432017371, 3171500.63748259562999 ], [ 618192.309217643924057, 3171026.660121255088598 ], [ 618567.749090085271746, 3170509.230622707866132 ], [ 618546.732593144988641, 3170516.323275505565107 ], [ 618181.084257917362265, 3171011.654446930158883 ], [ 618172.539282842772081, 3171048.622069619130343 ], [ 618162.654343039612286, 3171059.603055648505688 ], [ 618153.505567411426455, 3171049.016450551804155 ], [ 618138.770480786450207, 3171068.978808683808893 ], [ 618123.114767825813033, 3171103.527078760787845 ], [ 618127.603478690027259, 3171084.107360544614494 ], [ 618113.342047343729064, 3171103.428176261484623 ], [ 618129.786812629550695, 3171388.501112901140004 ], [ 618158.728098743828014, 3171447.400646566413343 ], [ 618138.958898908691481, 3171469.362637739162892 ], [ 618134.009996740962379, 3171461.714091628789902 ], [ 618146.599902063724585, 3171679.980346307624131 ] ] ], [ [ [ 618915.829729817807674, 3170029.55765241291374 ], [ 618935.879318414721638, 3169992.59115138836205 ], [ 618945.848620664677583, 3169988.192341413348913 ], [ 618970.811856719548814, 3169953.793874592520297 ], [ 618945.76586256257724, 3169981.610780033282936 ], [ 618948.774481017142534, 3169971.750877608079463 ], [ 618893.774795681005344, 3170046.245161696337163 ], [ 618888.125893529853784, 3170067.733192156068981 ], [ 618915.829729817807674, 3170029.55765241291374 ] ] ], [ [ [ 619012.625839652493596, 3169896.176223335787654 ], [ 618997.213003140175715, 3169906.144327597226948 ], [ 618969.700790842529386, 3169943.407560390420258 ], [ 618981.480569519801065, 3169939.092836899682879 ], [ 619012.625839652493596, 3169896.176223335787654 ] ] ], [ [ [ 619421.587863848544657, 3169332.682973314076662 ], [ 620551.638351586065255, 3168973.818775427527726 ], [ 620608.391150929150172, 3168945.957535936962813 ], [ 620630.07177899684757, 3168948.915926415938884 ], [ 621302.50844399293419, 3168735.441054633352906 ], [ 621226.490923759294674, 3168730.732718592975289 ], [ 621324.814259114675224, 3168676.347652851138264 ], [ 621365.229485071729869, 3168676.767455322667956 ], [ 621354.253893509157933, 3168665.57227256288752 ], [ 619660.504984249360859, 3169213.236278676427901 ], [ 619686.74139064794872, 3169213.505103532224894 ], [ 619686.627850185730495, 3169224.585040198639035 ], [ 619598.545354640809819, 3169234.763851631898433 ], [ 619611.184592131292447, 3169229.188163774088025 ], [ 619501.140162949450314, 3169264.781160539016128 ], [ 619500.461994575918652, 3169267.003177242353559 ], [ 619480.800052310572937, 3169277.883112229406834 ], [ 619480.86700370896142, 3169271.338488734792918 ], [ 619461.251476861303672, 3169277.683146775234491 ], [ 619283.48156026750803, 3169518.432398980949074 ], [ 619282.824679100885987, 3169519.643391540274024 ], [ 619275.903679235954769, 3169533.408048921730369 ], [ 619421.587863848544657, 3169332.682973314076662 ] ] ], [ [ [ 621586.082653444376774, 3168933.931001808028668 ], [ 621447.855326556484215, 3169065.467092440929264 ], [ 621648.741797257098369, 3169142.209721378982067 ], [ 621642.653477292857133, 3169133.981231119018048 ], [ 621584.352661713026464, 3169100.130664891563356 ], [ 621575.039466100744903, 3169055.709009980782866 ], [ 621594.934564467752352, 3169022.672566575463861 ], [ 621823.968298491556197, 3169144.713692644611001 ], [ 621430.526230659685098, 3168743.371285828761756 ], [ 621321.107056905631907, 3168736.59308243310079 ], [ 621586.082653444376774, 3168933.931001808028668 ] ] ], [ [ [ 621775.722649701521732, 3169190.721261524129659 ], [ 621924.956596550764516, 3169247.736639465671033 ], [ 621827.125911229639314, 3169147.934880916960537 ], [ 621775.722649701521732, 3169190.721261524129659 ] ] ] ] } },
{ "type": "Feature", "properties": { "t": "river" }, "geometry": { "type": "MultiPolygon", "coordinates": [ [ [ [ 615847.08885559020564, 3167036.171789763960987 ], [ 616425.926461893133819, 3167817.588354376610368 ], [ 616227.393189142923802, 3168008.483054297044873 ], [ 616475.024449083022773, 3167795.91573391482234 ], [ 616362.683348517515697, 3167296.154427708126605 ], [ 616196.252343471627682, 3167212.229688217863441 ], [ 616235.927778247743845, 3167261.6503946762532 ], [ 615973.078354239463806, 3167148.230236317031085 ], [ 615915.688547631609254, 3167070.760393833741546 ], [ 615847.08885559020564, 3167036.171789763960987 ] ] ], [ [ [ 615912.658564200042747, 3168311.127559720072895 ], [ 615992.858869936550036, 3168504.288513646926731 ], [ 616037.959416755475104, 3168190.637139096390456 ], [ 615912.658564200042747, 3168311.127559720072895 ] ] ], [ [ [ 616055.871433182619512, 3168656.05831733206287 ], [ 616475.521348012145609, 3168726.72061948524788 ], [ 616541.45032565202564, 3169715.405920889694244 ], [ 616639.846093622851186, 3169891.862503844313323 ], [ 616666.952986163203605, 3170113.753026844002306 ], [ 616599.976828112732619, 3169969.031188182067126 ], [ 616554.242778792860918, 3169907.271736314985901 ], [ 616611.555504863965325, 3170766.978038106579334 ], [ 616698.786760507151484, 3170877.537669616285712 ], [ 616746.936301758978516, 3170912.384294949471951 ], [ 616734.47329480946064, 3170922.768725433386862 ], [ 617016.910047121113166, 3171280.761278426740319 ], [ 616768.716214231797494, 3171666.110815205145627 ], [ 617208.465907471254468, 3171670.519576253369451 ], [ 616949.97151686088182, 3171062.27348229335621 ], [ 616950.611747112125158, 3171069.557428102008998 ], [ 616660.420305246836506, 3170767.466297047678381 ], [ 616786.3602457648376, 3170879.535669933073223 ], [ 616767.257860878482461, 3170835.020547699183226 ], [ 616709.506670323433354, 3170745.794977648649365 ], [ 616700.730608600657433, 3170645.978255273774266 ], [ 616768.920392438187264, 3170668.822156723588705 ], [ 616822.019345243577845, 3170761.225018810015172 ], [ 616702.392075093812309, 3170479.779927250463516 ], [ 616595.139533309498802, 3168495.213708776514977 ], [ 616004.570169599843211, 3168532.495583814568818 ], [ 616055.871433182619512, 3168656.05831733206287 ] ], [ [ 617140.616503427736461, 3171614.433110925368965 ], [ 617052.443844198482111, 3171635.710381270386279 ], [ 617082.538760143565014, 3171558.445110048167408 ], [ 617140.616503427736461, 3171614.433110925368965 ] ], [ [ 617054.555481467861682, 3171425.192085965536535 ], [ 617014.132594368653372, 3171557.758974285796285 ], [ 617024.571567846112885, 3171491.377511869650334 ], [ 617054.555481467861682, 3171425.192085965536535 ] ] ] ] } },
{ "type": "Feature", "properties": { "t": "river" }, "geometry": { "type": "Polygon", "coordinates": [ [ [ 610625.021848454023711, 3167162.875696381088346 ], [ 610800.671397305792198, 3167197.7815604317002 ], [ 610609.476508319377899, 3167136.692809915170074 ], [ 610625.021848454023711, 3167162.875696381088346 ] ] ] } },
{ "type": "Feature", "properties": { "t": "river" }, "geometry": { "type": "Polygon", "coordinates": [ [ [ 611818.944150317111053, 3167041.267518825829029 ], [ 610616.923654547892511, 3166985.507878558244556 ], [ 611221.03041655686684, 3167201.773945219349116 ], [ 611818.944150317111053, 3167041.267518825829029 ] ] ] } },
{ "type": "Feature", "properties": { "t": "river" }, "geometry": { "type": "Polygon", "coordinates": [ [ [ 611193.705604590242729, 3166990.980259487871081 ], [ 611281.161950207664631, 3167047.216130014974624 ], [ 611340.345185722922906, 3166992.376082212664187 ], [ 611193.705604590242729, 3166990.980259487871081 ] ] ] } },
{ "type": "Feature", "properties": { "t": "river" }, "geometry": { "type": "Polygon", "coordinates": [ [ [ 601588.720770244370215, 3178704.235562670510262 ], [ 601838.174162892857566, 3179216.120949332602322 ], [ 603172.152556280954741, 3180768.077725569717586 ], [ 601588.720770244370215, 3178704.235562670510262 ] ] ] } },
{ "type": "Feature", "properties": { "t": "river" }, "geometry": { "type": "Polygon", "coordinates": [ [ [ 600526.629931542556733, 3178418.000623328145593 ], [ 598738.406508280313574, 3176219.851925974246114 ], [ 600536.204650218132883, 3178440.244310220237821 ], [ 601530.028649640153162, 3178714.803918547928333 ], [ 600526.629931542556733, 3178418.000623328145593 ] ] ] } },
{ "type": "Feature", "properties": { "t": "river" }, "geometry": { "type": "Polygon", "coordinates": [ [ [ 598271.551734509179369, 3174819.77745543513447 ], [ 597989.831759077613242, 3174629.039529352448881 ], [ 597905.442952034412883, 3173043.842897802591324 ], [ 599324.952104867086746, 3171582.158141698222607 ], [ 597876.038264127564617, 3173054.676406527869403 ], [ 597921.819391941418871, 3174584.146567955613136 ], [ 598202.901762760942802, 3175160.251133700832725 ], [ 598271.551734509179369, 3174819.77745543513447 ] ] ] } },
{ "type": "Feature", "properties": { "t": "river" }, "geometry": { "type": "Polygon", "coordinates": [ [ [ 599427.956335661816411, 3170962.53595187375322 ], [ 600372.675714444834739, 3170206.076501727104187 ], [ 600414.721589864697307, 3169862.946811689063907 ], [ 601100.003607183578424, 3169735.895556984003633 ], [ 601516.843402972095646, 3169008.206116744782776 ], [ 601061.197614285862073, 3169702.318496619351208 ], [ 600444.803928528679535, 3169774.562666141893715 ], [ 600254.828819342306815, 3170271.546100716572255 ], [ 599428.994536907179281, 3170840.661045726388693 ], [ 599325.612251604208723, 3171504.601331932935864 ], [ 599427.956335661816411, 3170962.53595187375322 ] ] ] } },
{ "type": "Feature", "properties": { "t": "river" }, "geometry": { "type": "Polygon", "coordinates": [ [ [ 601620.944733368000016, 3168277.805961717385799 ], [ 602129.323526743566617, 3168271.158430024515837 ], [ 602154.093922298983671, 3168792.153891462367028 ], [ 602963.011703147785738, 3169065.186524074990302 ], [ 603181.067152150906622, 3169134.71396724646911 ], [ 603295.034614143194631, 3169101.359480900224298 ], [ 603264.921784595120698, 3169161.452509351540357 ], [ 603391.891906687757, 3169201.940582594834268 ], [ 603531.476585825905204, 3168892.924200048670173 ], [ 603449.733116778777912, 3168728.174349784385413 ], [ 603463.842415409046225, 3168803.681290561333299 ], [ 603405.687288913642988, 3168747.764080479741096 ], [ 603328.472922720364295, 3168636.27634957851842 ], [ 603434.598565007094294, 3168697.672025432344526 ], [ 603089.685524084605277, 3168002.5819943244569 ], [ 604803.676783774979413, 3167641.093029154464602 ], [ 605141.218555078725331, 3167067.939318827819079 ], [ 603060.947113264119253, 3167935.845920905936509 ], [ 603347.237540465896018, 3168725.085923919919878 ], [ 603256.330406437627971, 3169056.695448936894536 ], [ 602340.192615912179463, 3168749.461186249740422 ], [ 602159.422539964318275, 3168182.778391079045832 ], [ 602002.365514550590888, 3168210.492227918002754 ], [ 601943.99158836924471, 3168225.218289697077125 ], [ 601957.976473477785476, 3168218.325397223234177 ], [ 601620.944733368000016, 3168277.805961717385799 ] ], [ [ 604481.687622395460494, 3167571.727000711951405 ], [ 604481.885731466813013, 3167549.567826534621418 ], [ 604678.483958182390779, 3167429.441849089227617 ], [ 604825.314240692649037, 3167408.596914243884385 ], [ 604764.973043801845051, 3167596.424058924429119 ], [ 604569.665421435143799, 3167572.513879995793104 ], [ 604481.687622395460494, 3167571.727000711951405 ] ], [ [ 603463.0573234425392, 3168892.317974028643221 ], [ 603422.979583529988304, 3169002.767599936109036 ], [ 603433.244231396354735, 3168947.456214988604188 ], [ 603463.0573234425392, 3168892.317974028643221 ] ], [ [ 602212.836259866482578, 3168781.5873420140706 ], [ 602184.57963791070506, 3168659.455657556653023 ], [ 602281.35296626528725, 3168771.106664041057229 ], [ 602212.836259866482578, 3168781.5873420140706 ] ] ] } },
{ "type": "Feature", "properties": { "t": "river" }, "geometry": { "type": "Polygon", "coordinates": [ [ [ 601732.933685889351182, 3168888.201897459104657 ], [ 601646.894628666923381, 3168665.845108963083476 ], [ 601615.451242765760981, 3168909.340060835238546 ], [ 601732.933685889351182, 3168888.201897459104657 ] ] ] } },
{ "type": "Feature", "properties": { "t": "river" }, "geometry": { "type": "Polygon", "coordinates": [ [ [ 601445.770690690958872, 3168187.640658759046346 ], [ 600513.646120004937984, 3168589.55724075762555 ], [ 600320.537443459965289, 3168310.888924917206168 ], [ 600383.944189693778753, 3167757.416977163404226 ], [ 599891.666456459555775, 3167021.898440942633897 ], [ 600357.732274054433219, 3168532.815091365482658 ], [ 600659.68873045197688, 3168657.296819285489619 ], [ 601229.286944844992831, 3168351.968506332486868 ], [ 601588.248685840284452, 3168665.33495815936476 ], [ 601445.770690690958872, 3168187.640658759046346 ] ], [ [ 601530.758273742976598, 3168531.870574369095266 ], [ 601472.496617799159139, 3168487.042860155925155 ], [ 601491.949303745408542, 3168498.292216938454658 ], [ 601530.758273742976598, 3168531.870574369095266 ] ], [ [ 600325.293871184112504, 3167756.913299304898828 ], [ 600343.987709168693982, 3167856.796745997387916 ], [ 600274.517058012890629, 3167978.083976570051163 ], [ 600276.798906148294918, 3167712.175763519015163 ], [ 600325.293871184112504, 3167756.913299304898828 ] ] ] } },
{ "type": "Feature", "properties": { "t": "river" }, "geometry": { "type": "MultiPolygon", "coordinates": [ [ [ [ 625437.71832784183789, 3182163.432700090575963 ], [ 625254.358558246283792, 3182347.987175181508064 ], [ 625379.291021785000339, 3182558.002534334082156 ], [ 625437.71832784183789, 3182163.432700090575963 ] ] ], [ [ [ 625924.758604335598648, 3181756.826586734037846 ], [ 625474.100462691509165, 3180987.327801485080272 ], [ 625886.182477256399579, 3181712.082554432097822 ], [ 625692.551718395319767, 3181906.953109100461006 ], [ 625924.758604335598648, 3181756.826586734037846 ] ] ], [ [ [ 626204.790878950152546, 3183945.93013966595754 ], [ 626185.173274155473337, 3183854.070829582866281 ], [ 625409.909342706087045, 3182609.474320636130869 ], [ 626204.790878950152546, 3183945.93013966595754 ] ] ], [ [ [ 626194.945575650548562, 3184751.787673810031265 ], [ 627198.030957706621848, 3186161.106190172489733 ], [ 627196.06039243680425, 3186048.184604531154037 ], [ 626358.72086131782271, 3184953.037952855229378 ], [ 627732.75615888950415, 3185178.62404822697863 ], [ 630293.926502599613741, 3184874.628914067521691 ], [ 631277.461881957598962, 3185096.261822286993265 ], [ 631447.270207409397699, 3185619.030836324207485 ], [ 631704.682754110195674, 3185791.244814679026604 ], [ 631355.427530977176502, 3185108.225451363250613 ], [ 630314.568687168415636, 3184775.124274810776114 ], [ 627654.910258980933577, 3185155.604505392257124 ], [ 626408.130696812993847, 3184898.167585401330143 ], [ 626221.221924342913553, 3184022.869712182786316 ], [ 626194.945575650548562, 3184751.787673810031265 ] ] ], [ [ [ 631834.813596392050385, 3185878.309075492434204 ], [ 632471.032115559326485, 3185730.405517082195729 ], [ 632747.676391913788393, 3185899.461950655560941 ], [ 632500.82065579527989, 3185686.417800070717931 ], [ 631715.338291543070227, 3185798.373813860118389 ], [ 631834.813596392050385, 3185878.309075492434204 ] ] ], [ [ [ 633251.70374981558416, 3186464.853541782591492 ], [ 633177.474227861734107, 3186270.422899977304041 ], [ 633133.986247951863334, 3186232.886323485989124 ], [ 633251.70374981558416, 3186464.853541782591492 ] ] ], [ [ [ 633531.920178570435382, 3187704.072577504441142 ], [ 634247.444821648998186, 3189130.833695631008595 ], [ 635359.790847167256288, 3189986.008481844328344 ], [ 635548.587913368828595, 3190531.239802252966911 ], [ 636316.127710322500207, 3190817.298274489119649 ], [ 636554.560290609952062, 3191285.558324943296611 ], [ 637750.242818977218121, 3191665.42929749423638 ], [ 638164.465831765788607, 3192113.654582893010229 ], [ 638240.033878308255225, 3192111.455115266144276 ], [ 637906.075876856339164, 3191689.448173751588911 ], [ 636536.222988496767357, 3191185.602368035819381 ], [ 636423.582140697864816, 3190807.480808079242706 ], [ 635520.353809011168778, 3190442.252433186396956 ], [ 635370.195337377022952, 3189930.719373132567853 ], [ 634248.086351341567934, 3189075.430829972960055 ], [ 633523.478769056149758, 3187176.783240604680032 ], [ 633531.920178570435382, 3187704.072577504441142 ] ] ], [ [ [ 638974.587936353054829, 3192090.101047444622964 ], [ 639517.438636678853072, 3192384.769574430771172 ], [ 640747.28315205394756, 3193951.194053196813911 ], [ 641848.942736770375632, 3194806.91554254386574 ], [ 642587.481393559952267, 3195037.645352873951197 ], [ 642624.02381892176345, 3194946.874482861254364 ], [ 641888.092818920733407, 3194796.313098499551415 ], [ 640825.182160778553225, 3193963.224156109150499 ], [ 639480.018198464764282, 3192251.33042708504945 ], [ 638897.605199861573055, 3192000.518853492569178 ], [ 638264.592946462566033, 3192110.740410439670086 ], [ 638974.587936353054829, 3192090.101047444622964 ] ] ], [ [ [ 643347.690128895454109, 3194304.506680127698928 ], [ 645106.223136653541587, 3194880.55910073639825 ], [ 646043.509111495572142, 3195590.565701430197805 ], [ 645232.602590180700645, 3194915.392994519323111 ], [ 643494.412695776671171, 3194273.077422010712326 ], [ 642966.462055354728363, 3194366.285729658789933 ], [ 642829.386958450661041, 3194609.22148750629276 ], [ 643347.690128895454109, 3194304.506680127698928 ] ] ], [ [ [ 627194.340691982535645, 3187095.626654362305999 ], [ 627214.04470272094477, 3187078.979225705377758 ], [ 627202.056112606893294, 3186391.782639007084072 ], [ 627194.340691982535645, 3187095.626654362305999 ] ] ], [ [ [ 626769.536263194284402, 3187561.708053205162287 ], [ 627067.457702456158586, 3187986.072451683692634 ], [ 627090.05542204529047, 3188595.81435109814629 ], [ 627119.180127297178842, 3188606.662219021003693 ], [ 627086.975328206317499, 3187986.286296176724136 ], [ 626801.43110250774771, 3187527.10546943359077 ], [ 626769.536263194284402, 3187561.708053205162287 ] ] ], [ [ [ 627459.580173823283985, 3188733.455563227180392 ], [ 627440.623691374552436, 3188666.152320933528244 ], [ 627122.078641521977261, 3188607.741812780033797 ], [ 627459.580173823283985, 3188733.455563227180392 ] ] ], [ [ [ 627533.452861666912213, 3189099.360945301596075 ], [ 627381.240157367079519, 3189629.611271104309708 ], [ 626801.066347729531117, 3190033.273856749292463 ], [ 626411.35334277653601, 3190871.227060736622661 ], [ 626495.410055577638559, 3191215.678123918827623 ], [ 625691.579471704550087, 3192459.161424769088626 ], [ 625697.32783204340376, 3192937.900059162639081 ], [ 625720.844485328532755, 3192459.479136695619673 ], [ 626494.684096179204062, 3191282.160595879890025 ], [ 626780.94611976633314, 3190088.46237759757787 ], [ 627400.633249540231191, 3189640.906155259348452 ], [ 627572.118643857887946, 3189133.031594759784639 ], [ 627509.68761477957014, 3188911.361753650475293 ], [ 627533.452861666912213, 3189099.360945301596075 ] ] ], [ [ [ 625701.825419365079142, 3193312.565303597133607 ], [ 625945.906058680731803, 3193765.222966766450554 ], [ 625701.202441782923415, 3193260.664082575123757 ], [ 625701.825419365079142, 3193312.565303597133607 ] ] ], [ [ [ 625995.985099634272046, 3194966.944970250595361 ], [ 625952.461731342133135, 3195050.391188596840948 ], [ 626025.60593199217692, 3194934.02231836412102 ], [ 626131.711319442372769, 3194148.373231952544302 ], [ 626118.475603652419522, 3194121.078775099944323 ], [ 625995.985099634272046, 3194966.944970250595361 ] ] ], [ [ [ 625547.723166179843247, 3195826.448227805551142 ], [ 625870.629994984949008, 3195730.222332965582609 ], [ 626238.095722492667846, 3196101.628129784017801 ], [ 625958.279591390979476, 3195742.258404531981796 ], [ 625627.844494921388105, 3195672.812412234023213 ], [ 625547.723166179843247, 3195826.448227805551142 ] ] ], [ [ [ 626391.559675818076357, 3196256.748429104220122 ], [ 627937.810817729914561, 3196661.619629413355142 ], [ 626355.802158422768116, 3196220.604406596627086 ], [ 626391.559675818076357, 3196256.748429104220122 ] ] ] ] } },
{ "type": "Feature", "properties": { "t": "river" }, "geometry": { "type": "MultiPolygon", "coordinates": [ [ [ [ 617461.450382584007457, 3207410.30852798325941 ], [ 618510.460300924140029, 3206324.220873820129782 ], [ 617422.594821867649443, 3207398.83063959563151 ], [ 617426.617211197968572, 3207485.335765324998647 ], [ 617461.450382584007457, 3207410.30852798325941 ] ] ], [ [ [ 618869.585600147489458, 3205998.71159328147769 ], [ 618810.526275130920112, 3206027.863472572062165 ], [ 618602.102927293046378, 3206233.708480853121728 ], [ 618869.585600147489458, 3205998.71159328147769 ] ] ], [ [ [ 619966.126343778101727, 3205474.673840660136193 ], [ 620300.733721037744544, 3205975.024690467398614 ], [ 620333.383994342642836, 3205766.626982980407774 ], [ 621049.586389351403341, 3205640.033309927675873 ], [ 619976.100927591789514, 3205452.614359368104488 ], [ 619897.096380558563396, 3205491.600196039304137 ], [ 619966.126343778101727, 3205474.673840660136193 ] ] ], [ [ [ 621280.381351128220558, 3205599.248758032452315 ], [ 621192.760560945025645, 3205326.36395049886778 ], [ 621129.615831324947067, 3205625.890484738629311 ], [ 621280.381351128220558, 3205599.248758032452315 ] ] ], [ [ [ 621601.652394029079005, 3204705.014601979870349 ], [ 621277.750622498802841, 3204923.236251906026155 ], [ 621243.300772385904565, 3205086.636889931280166 ], [ 621601.652394029079005, 3204705.014601979870349 ] ] ], [ [ [ 620080.899932409869507, 3206617.282254691701382 ], [ 620164.312788260402158, 3206845.830588824115694 ], [ 620299.194983810768463, 3205984.846183148212731 ], [ 620080.899932409869507, 3206617.282254691701382 ] ] ], [ [ [ 619927.025555243832059, 3207358.152098018676043 ], [ 619884.528366925544105, 3208632.105122796725482 ], [ 620119.954467403120361, 3207129.003730687312782 ], [ 619927.025555243832059, 3207358.152098018676043 ] ] ] ] } },
{ "type": "Feature", "properties": { "t": "river" }, "geometry": { "type": "Polygon", "coordinates": [ [ [ 621613.57406840485055, 3203574.805386900901794 ], [ 621472.467597095528618, 3204016.586239903233945 ], [ 621602.236879623960704, 3204649.612151404842734 ], [ 621613.57406840485055, 3203574.805386900901794 ] ] ] } },
{ "type": "Feature", "properties": { "t": "river" }, "geometry": { "type": "MultiPolygon", "coordinates": [ [ [ [ 597551.230035588145256, 3184985.54359196126461 ], [ 598911.438373723533005, 3184587.071820244658738 ], [ 599675.321154902223498, 3185435.726234967354685 ], [ 599928.185867412481457, 3187809.147665627300739 ], [ 600209.92979490396101, 3187955.626600748393685 ], [ 599899.601238511968404, 3188861.560406566597521 ], [ 600297.040785102639347, 3190294.39609213732183 ], [ 599761.145629366277717, 3191342.432186337187886 ], [ 599728.731634257361293, 3191707.814946818165481 ], [ 599961.033012313069776, 3191920.350434213411063 ], [ 599789.934083401341923, 3191398.083477297332138 ], [ 600313.387568290927447, 3190660.199633595533669 ], [ 600326.692905918462202, 3190250.330119356047362 ], [ 599919.020417234394699, 3188872.80837763659656 ], [ 600248.962208251585253, 3187955.963919738773257 ], [ 599997.639675092417747, 3187676.778874299488962 ], [ 599657.037194322212599, 3185291.5218849866651 ], [ 599179.76292679796461, 3184498.174615949392319 ], [ 597551.230035588145256, 3184985.54359196126461 ] ] ], [ [ [ 601407.923252923879772, 3183755.397408912423998 ], [ 601736.001186834299006, 3183446.456229095347226 ], [ 601290.686680287937634, 3183765.455133762210608 ], [ 600695.322208691388369, 3183749.198306654114276 ], [ 599852.221602926729247, 3184203.057834083680063 ], [ 601407.923252923879772, 3183755.397408912423998 ] ] ], [ [ [ 602898.481685690116137, 3182351.986512524541467 ], [ 602570.364044534624554, 3182568.894662472885102 ], [ 602430.608797513879836, 3182792.448414538986981 ], [ 602898.481685690116137, 3182351.986512524541467 ] ] ], [ [ [ 603697.819492853130214, 3182047.028377932030708 ], [ 604016.143965218681842, 3182202.644489923957735 ], [ 604037.403175770188682, 3182195.960883170366287 ], [ 603475.523825051961467, 3181783.001099588349462 ], [ 603513.207569925696589, 3181945.656960115768015 ], [ 603156.279302598559298, 3182181.576738783624023 ], [ 603697.819492853130214, 3182047.028377932030708 ] ] ], [ [ [ 604040.253096786909737, 3182214.431012425106019 ], [ 604106.784161044750363, 3182246.957246184814721 ], [ 604050.677654716651887, 3182205.717813348397613 ], [ 604040.253096786909737, 3182214.431012425106019 ] ] ], [ [ [ 604001.018770816619508, 3183080.240680560935289 ], [ 604261.200498373713344, 3182373.408046330325305 ], [ 604300.046492766938172, 3182389.013424298260361 ], [ 604242.465453621582128, 3182346.688155020587146 ], [ 604001.018770816619508, 3183080.240680560935289 ] ] ], [ [ [ 605107.566799194552004, 3182713.453212139662355 ], [ 605317.122454589116387, 3183291.548836410045624 ], [ 607612.408321537077427, 3184551.140165908262134 ], [ 607600.558027930674143, 3184464.879275697283447 ], [ 605434.067185950581916, 3183314.771002936176956 ], [ 605304.425855836365372, 3182537.943746551405638 ], [ 605396.944378771120682, 3182488.87458618124947 ], [ 604679.729921958060004, 3182541.550601818598807 ], [ 605107.566799194552004, 3182713.453212139662355 ] ] ], [ [ [ 607613.200296062510461, 3185207.413474514149129 ], [ 607951.52438947930932, 3185565.14228106290102 ], [ 608376.367617447162047, 3185622.755702869966626 ], [ 608088.168717742548324, 3185566.413799571339041 ], [ 607701.148486467194743, 3185197.148143623024225 ], [ 607683.414614110020921, 3185068.042745349928737 ], [ 607672.996948863263242, 3185074.997584893368185 ], [ 607680.962576943915337, 3185050.19179740967229 ], [ 607643.686181446770206, 3184778.825956038665026 ], [ 607613.200296062510461, 3185207.413474514149129 ] ] ], [ [ [ 609693.700857556657866, 3186102.278790694195777 ], [ 609945.35424655477982, 3187356.809630207717419 ], [ 609357.437568245222792, 3188819.239931581541896 ], [ 609642.428292504511774, 3188428.797295056749135 ], [ 609994.043458164436743, 3187368.352165126707405 ], [ 609713.430139954900369, 3186080.303373139351606 ], [ 609981.008500080904923, 3185936.599015521351248 ], [ 609104.290040599065833, 3185765.096510428935289 ], [ 609693.700857556657866, 3186102.278790694195777 ] ] ], [ [ [ 611008.436730864341371, 3186343.450960698071867 ], [ 610825.956497426377609, 3186101.954402620438486 ], [ 610131.685541847487912, 3185966.081471404060721 ], [ 611008.436730864341371, 3186343.450960698071867 ] ] ], [ [ [ 611281.273666562745348, 3186460.903624575585127 ], [ 611961.189746767980978, 3186330.236616008915007 ], [ 611066.00835947424639, 3186368.234038942027837 ], [ 611281.273666562745348, 3186460.903624575585127 ] ] ], [ [ [ 612162.447705158963799, 3186637.362470210064203 ], [ 612092.715917709283531, 3186324.659607319161296 ], [ 611997.768700600601733, 3186328.685435194056481 ], [ 612162.447705158963799, 3186637.362470210064203 ] ] ], [ [ [ 612714.076691197231412, 3187671.488989278674126 ], [ 612937.062099955626763, 3188826.093541521113366 ], [ 612729.24163376854267, 3189123.261184740345925 ], [ 613039.967275635688566, 3189281.422607657499611 ], [ 612810.480689054122195, 3189800.000045438762754 ], [ 612936.526507976930588, 3191884.483963338192552 ], [ 613201.112319698906504, 3192762.480701053980738 ], [ 613674.134784658090211, 3193200.877487338613719 ], [ 612974.358016101061366, 3192006.745809474028647 ], [ 612839.319815733935684, 3189844.605306530371308 ], [ 613077.807631404954009, 3189403.684129874687642 ], [ 612714.399692012113519, 3187638.248847043607384 ], [ 612661.747401729691774, 3187573.378910552710295 ], [ 612714.076691197231412, 3187671.488989278674126 ] ] ], [ [ [ 613764.314876681542955, 3194020.179469670634717 ], [ 613862.38289095973596, 3194088.447209231089801 ], [ 613751.559947053785436, 3193333.018010438419878 ], [ 613685.435913753230125, 3193220.164746866561472 ], [ 613764.314876681542955, 3194020.179469670634717 ] ] ], [ [ [ 614103.387611282872967, 3194256.224066859576851 ], [ 614068.608816617634147, 3194354.92659505084157 ], [ 614152.262698871199973, 3194245.624881931580603 ], [ 614018.044059624429792, 3194196.810496497433633 ], [ 614103.387611282872967, 3194256.224066859576851 ] ] ], [ [ [ 613912.732089742668904, 3194797.326633764896542 ], [ 614318.626422074739821, 3196164.327581353951246 ], [ 613956.975603627506644, 3197235.641978601925075 ], [ 614358.2901331637986, 3196098.232060626149178 ], [ 613959.211084561771713, 3194665.409211565740407 ], [ 613912.732089742668904, 3194797.326633764896542 ] ] ], [ [ [ 608716.233789767255075, 3190414.650403286796063 ], [ 609131.213267735322006, 3189864.501743795815855 ], [ 609129.337285260437056, 3189386.735997341107577 ], [ 608716.233789767255075, 3190414.650403286796063 ] ] ] ] } },
{ "type": "Feature", "properties": { "t": "river" }, "geometry": { "type": "Polygon", "coordinates": [ [ [ 621777.048087581060827, 3188040.134251504205167 ], [ 621356.384630619664676, 3188135.458117694593966 ], [ 621340.114539398695342, 3188178.400588796939701 ], [ 621777.048087581060827, 3188040.134251504205167 ] ] ] } },
{ "type": "Feature", "properties": { "t": "lake" }, "geometry": { "type": "Polygon", "coordinates": [ [ [ 622482.916396710905246, 3322168.48243022011593 ], [ 622181.38909548020456, 3322397.896267604548484 ], [ 622452.510485188220628, 3322301.14814822236076 ], [ 622482.916396710905246, 3322168.48243022011593 ] ] ] } },
{ "type": "Feature", "properties": { "t": "lake" }, "geometry": { "type": "Polygon", "coordinates": [ [ [ 625555.949016285478137, 3320795.372761031147093 ], [ 625375.337654485600069, 3320560.563661509659141 ], [ 625275.744500988163054, 3320836.525928158778697 ], [ 625555.949016285478137, 3320795.372761031147093 ] ] ] } },
{ "type": "Feature", "properties": { "t": "lake" }, "geometry": { "type": "Polygon", "coordinates": [ [ [ 625323.375748457037844, 3320039.040896357037127 ], [ 625316.495443838648498, 3319795.121956842020154 ], [ 625238.324497055029497, 3319882.905042791273445 ], [ 625323.375748457037844, 3320039.040896357037127 ] ] ] } },
{ "type": "Feature", "properties": { "t": "lake" }, "geometry": { "type": "Polygon", "coordinates": [ [ [ 605188.379748223116621, 3346550.214644455816597 ], [ 605104.870657857391052, 3346227.998090282082558 ], [ 604747.051882281783037, 3346412.982317057903856 ], [ 604889.892766180098988, 3346569.515874291304499 ], [ 605188.379748223116621, 3346550.214644455816597 ] ] ] } },
{ "type": "Feature", "properties": { "t": "lake" }, "geometry": { "type": "Polygon", "coordinates": [ [ [ 606732.050184380728751, 3343173.677702430170029 ], [ 606548.640726647106931, 3343227.308712277095765 ], [ 606663.274149706354365, 3343317.090229842346162 ], [ 606732.050184380728751, 3343173.677702430170029 ] ] ] } },
{ "type": "Feature", "properties": { "t": "lake" }, "geometry": { "type": "Polygon", "coordinates": [ [ [ 605347.68363450455945, 3342994.030601390171796 ], [ 605252.179934531799518, 3342915.530363336671144 ], [ 605067.924216841347516, 3343057.8434141818434 ], [ 605347.68363450455945, 3342994.030601390171796 ] ] ] } },
{ "type": "Feature", "properties": { "t": "lake" }, "geometry": { "type": "Polygon", "coordinates": [ [ [ 606330.120741184102371, 3341939.530671245418489 ], [ 606234.936424168059602, 3341827.775517635978758 ], [ 606069.150595065671951, 3342047.834237361326814 ], [ 606330.120741184102371, 3341939.530671245418489 ] ] ] } },
{ "type": "Feature", "properties": { "t": "lake" }, "geometry": { "type": "Polygon", "coordinates": [ [ [ 605580.8000117756892, 3341777.122419480234385 ], [ 605416.30597491399385, 3341864.204715986270458 ], [ 605569.893205574830063, 3341910.015672585461289 ], [ 605580.8000117756892, 3341777.122419480234385 ] ] ] } },
{ "type": "Feature", "properties": { "t": "lake" }, "geometry": { "type": "Polygon", "coordinates": [ [ [ 607567.88463787373621, 3341375.278276179451495 ], [ 607628.906588314333931, 3341043.379329082556069 ], [ 607397.975300485733896, 3341030.031618596985936 ], [ 607567.88463787373621, 3341375.278276179451495 ] ] ] } },
{ "type": "Feature", "properties": { "t": "lake" }, "geometry": { "type": "Polygon", "coordinates": [ [ [ 611677.028767161886208, 3336816.759900834411383 ], [ 611785.671401688130572, 3336551.864746797364205 ], [ 611561.913408319349401, 3336771.256396382581443 ], [ 611677.028767161886208, 3336816.759900834411383 ] ] ] } },
{ "type": "Feature", "properties": { "t": "lake" }, "geometry": { "type": "Polygon", "coordinates": [ [ [ 612060.871699668932706, 3336011.584656127728522 ], [ 611504.737600525724702, 3335762.091811209917068 ], [ 611567.317174736177549, 3336239.310710021760315 ], [ 612060.871699668932706, 3336011.584656127728522 ] ] ] } },
{ "type": "Feature", "properties": { "t": "lake" }, "geometry": { "type": "Polygon", "coordinates": [ [ [ 605765.108155377907678, 3330629.289247490465641 ], [ 605775.915471871383488, 3330507.479850257281214 ], [ 605650.117497970815748, 3330561.686667825095356 ], [ 605765.108155377907678, 3330629.289247490465641 ] ] ] } },
{ "type": "Feature", "properties": { "t": "lake" }, "geometry": { "type": "Polygon", "coordinates": [ [ [ 608058.219308680389076, 3327725.629062849096954 ], [ 609042.000812888145447, 3326693.510647249873728 ], [ 608788.849407271016389, 3325970.609095592983067 ], [ 608376.782307550311089, 3326698.032388252671808 ], [ 608058.219308680389076, 3327725.629062849096954 ] ] ] } },
{ "type": "Feature", "properties": { "t": "lake" }, "geometry": { "type": "Polygon", "coordinates": [ [ [ 609802.805793256266043, 3325803.331761924084276 ], [ 610081.814711126615293, 3325861.529646595939994 ], [ 609899.758859270019457, 3325748.882229150272906 ], [ 609802.805793256266043, 3325803.331761924084276 ] ] ] } },
{ "type": "Feature", "properties": { "t": "river" }, "geometry": { "type": "Polygon", "coordinates": [ [ [ 620311.540990525623783, 3322288.690852269064635 ], [ 619981.616707514156587, 3322473.519255831837654 ], [ 620224.146645547240041, 3322343.156175956595689 ], [ 620311.540990525623783, 3322288.690852269064635 ] ] ] } },
{ "type": "Feature", "properties": { "t": "river" }, "geometry": { "type": "Polygon", "coordinates": [ [ [ 620225.112178214942105, 3322254.498790008015931 ], [ 620312.62798116216436, 3322188.951283874921501 ], [ 619993.428279537474737, 3322274.145028156694025 ], [ 620225.112178214942105, 3322254.498790008015931 ] ] ] } },
{ "type": "Feature", "properties": { "t": "lake" }, "geometry": { "type": "Polygon", "coordinates": [ [ [ 612194.537633045809343, 3321937.217520092613995 ], [ 612115.476324476068839, 3322124.827784865628928 ], [ 612250.933940230519511, 3322081.871670195832849 ], [ 612194.537633045809343, 3321937.217520092613995 ] ] ] } },
{ "type": "Feature", "properties": { "t": "lake" }, "geometry": { "type": "Polygon", "coordinates": [ [ [ 604571.86595595581457, 3358669.459931182209402 ], [ 604458.126929714693688, 3358502.117633727379143 ], [ 604310.032603298779577, 3358910.784877233207226 ], [ 604571.86595595581457, 3358669.459931182209402 ] ] ] } },
{ "type": "Feature", "properties": { "t": "lake" }, "geometry": { "type": "Polygon", "coordinates": [ [ [ 604680.782048977445811, 3358338.003343112766743 ], [ 604481.174925815314054, 3358103.335946105886251 ], [ 604219.966668828506954, 3358278.168902941979468 ], [ 604526.681264422368258, 3358369.774170079734176 ], [ 604680.782048977445811, 3358338.003343112766743 ] ] ] } },
{ "type": "Feature", "properties": { "t": "river" }, "geometry": { "type": "Polygon", "coordinates": [ [ [ 604432.872105346992612, 3354112.85912920255214 ], [ 604483.558267553569749, 3354844.845282676164061 ], [ 604909.919704561936669, 3355502.85607739072293 ], [ 605021.632305216160603, 3356431.145086893811822 ], [ 605356.204573505674489, 3356083.494707184843719 ], [ 604560.155156045220792, 3354878.829201284796 ], [ 604652.212263389956206, 3354303.377365148626268 ], [ 603510.718999698176049, 3352995.743474552407861 ], [ 603719.850235397927463, 3353252.644236413761973 ], [ 604432.872105346992612, 3354112.85912920255214 ] ] ] } },
{ "type": "Feature", "properties": { "t": "lake" }, "geometry": { "type": "Polygon", "coordinates": [ [ [ 586437.776899100164883, 3346142.217923318035901 ], [ 586678.845905075315386, 3346077.62905538873747 ], [ 586496.20775353629142, 3346054.018864367622882 ], [ 586437.776899100164883, 3346142.217923318035901 ] ] ] } },
{ "type": "Feature", "properties": { "t": "lake" }, "geometry": { "type": "Polygon", "coordinates": [ [ [ 574589.723827108973637, 3343794.27827032841742 ], [ 574578.364716838346794, 3344049.091678011696786 ], [ 574655.577792358817533, 3344016.371113124769181 ], [ 574589.723827108973637, 3343794.27827032841742 ] ] ] } },
{ "type": "Feature", "properties": { "t": "lake" }, "geometry": { "type": "Polygon", "coordinates": [ [ [ 576988.089466174365953, 3343511.652651556767523 ], [ 577296.67740194441285, 3343425.167647670954466 ], [ 577127.269860279979184, 3342880.942568114027381 ], [ 576836.284673897083849, 3343200.283481206279248 ], [ 576988.089466174365953, 3343511.652651556767523 ] ] ] } },
{ "type": "Feature", "properties": { "t": "lake" }, "geometry": { "type": "Polygon", "coordinates": [ [ [ 572920.763533864286728, 3342951.878165675327182 ], [ 572689.708249674295075, 3342961.424913348630071 ], [ 572871.831534686149098, 3343073.456215887330472 ], [ 572920.763533864286728, 3342951.878165675327182 ] ] ] } },
{ "type": "Feature", "properties": { "t": "lake" }, "geometry": { "type": "Polygon", "coordinates": [ [ [ 584440.063583105569705, 3341915.273766366299242 ], [ 584180.774494176846929, 3341835.702079993207008 ], [ 584178.987118401331827, 3342068.419889447744936 ], [ 584440.063583105569705, 3341915.273766366299242 ] ] ] } },
{ "type": "Feature", "properties": { "t": "lake" }, "geometry": { "type": "Polygon", "coordinates": [ [ [ 584575.309747846913524, 3339356.271540334448218 ], [ 584468.979343165061437, 3339410.864441786892712 ], [ 584564.315336216706783, 3339533.505620770622045 ], [ 584575.309747846913524, 3339356.271540334448218 ] ] ] } },
{ "type": "Feature", "properties": { "t": "lake" }, "geometry": { "type": "Polygon", "coordinates": [ [ [ 572131.331203706329688, 3337128.559620477259159 ], [ 572017.305510957259685, 3336895.088421948254108 ], [ 571996.011787165771239, 3337205.245671964250505 ], [ 572131.331203706329688, 3337128.559620477259159 ] ] ] } },
{ "type": "Feature", "properties": { "t": "lake" }, "geometry": { "type": "Polygon", "coordinates": [ [ [ 596092.831483450136147, 3334729.850012798327953 ], [ 595938.140261323889717, 3334794.994801427237689 ], [ 596090.796444946783595, 3334962.56964829005301 ], [ 596092.831483450136147, 3334729.850012798327953 ] ] ] } },
{ "type": "Feature", "properties": { "t": "lake" }, "geometry": { "type": "Polygon", "coordinates": [ [ [ 574435.259289222885855, 3333930.136344238650054 ], [ 576086.966069323359989, 3333276.520057046785951 ], [ 575028.948293268447742, 3333036.525994568597525 ], [ 574435.259289222885855, 3333930.136344238650054 ] ] ] } },
{ "type": "Feature", "properties": { "t": "lake" }, "geometry": { "type": "Polygon", "coordinates": [ [ [ 584379.113923831027932, 3332306.376349045429379 ], [ 584157.621488813078031, 3332293.59703486179933 ], [ 584184.741581708309241, 3332526.533017643261701 ], [ 584379.113923831027932, 3332306.376349045429379 ] ] ] } },
{ "type": "Feature", "properties": { "t": "lake" }, "geometry": { "type": "Polygon", "coordinates": [ [ [ 579568.624522763653658, 3330054.093493205495179 ], [ 579385.626686190254986, 3330041.690078424289823 ], [ 579471.147688679979183, 3330208.539143105968833 ], [ 579568.624522763653658, 3330054.093493205495179 ] ] ] } },
{ "type": "Feature", "properties": { "t": "lake" }, "geometry": { "type": "Polygon", "coordinates": [ [ [ 578535.007606223109178, 3329060.364001982379705 ], [ 578177.905607315944508, 3329135.397456192411482 ], [ 578312.658300330978818, 3329158.519170494284481 ], [ 578535.007606223109178, 3329060.364001982379705 ] ] ] } },
{ "type": "Feature", "properties": { "t": "lake" }, "geometry": { "type": "Polygon", "coordinates": [ [ [ 591746.305873921955936, 3325749.113104936666787 ], [ 591956.622772064176388, 3325961.431930127087981 ], [ 592181.296423337887973, 3325608.6695885672234 ], [ 591920.559399484656751, 3325661.904966224916279 ], [ 591746.305873921955936, 3325749.113104936666787 ] ] ] } },
{ "type": "Feature", "properties": { "t": "lake" }, "geometry": { "type": "Polygon", "coordinates": [ [ [ 590492.511010336689651, 3325816.327523760031909 ], [ 590782.885350324562751, 3325674.643426891416311 ], [ 590389.291742364061065, 3325471.926404575351626 ], [ 590492.511010336689651, 3325816.327523760031909 ] ] ] } },
{ "type": "Feature", "properties": { "t": "river" }, "geometry": { "type": "MultiPolygon", "coordinates": [ [ [ [ 572810.446553218062036, 3321795.642313269898295 ], [ 572786.558215420809574, 3321030.839786842931062 ], [ 572915.757399915135466, 3320841.725814485922456 ], [ 572757.627899104263633, 3321030.649149017874151 ], [ 572752.443882820312865, 3321817.423580213449895 ], [ 572093.480446414207108, 3322311.782064635772258 ], [ 572810.446553218062036, 3321795.642313269898295 ] ] ], [ [ [ 573887.087983353994787, 3319420.201930954586715 ], [ 574364.632356167188846, 3320121.560602592304349 ], [ 573946.217761999228969, 3319232.206686652265489 ], [ 573850.646229238132946, 3319473.52574392221868 ], [ 573887.087983353994787, 3319420.201930954586715 ] ] ] ] } },
{ "type": "Feature", "properties": { "t": "lake" }, "geometry": { "type": "Polygon", "coordinates": [ [ [ 590201.176083638914861, 3321358.831067470367998 ], [ 590115.379426851635799, 3321236.225020443554968 ], [ 590094.464793880120851, 3321435.536169406026602 ], [ 590201.176083638914861, 3321358.831067470367998 ] ] ] } },
{ "type": "Feature", "properties": { "t": "river" }, "geometry": { "type": "Polygon", "coordinates": [ [ [ 574803.315369954681955, 3320855.924522663000971 ], [ 574469.748101030243561, 3320266.332585657481104 ], [ 574622.107895494787954, 3320555.488735402934253 ], [ 574803.315369954681955, 3320855.924522663000971 ] ] ] } },
{ "type": "Feature", "properties": { "t": "river" }, "geometry": { "type": "Polygon", "coordinates": [ [ [ 570393.594017773633823, 3346803.006334700156003 ], [ 570340.975427219178528, 3346789.176613660529256 ], [ 570220.419391409261152, 3346801.893501404672861 ], [ 571038.044858651817776, 3346829.336022323928773 ], [ 571876.001362910377793, 3346690.740602622739971 ], [ 571182.78947922878433, 3346763.78383308229968 ], [ 570962.803387808380648, 3346562.876050413120538 ], [ 571820.385094020050019, 3346368.992355682421476 ], [ 568932.907153375330381, 3346527.735367290209979 ], [ 568757.91795701556839, 3346814.768886432982981 ], [ 568952.009551072260365, 3346550.019926711451262 ], [ 570761.549994833068922, 3346439.669081151951104 ], [ 570913.620878874324262, 3346728.789466760586947 ], [ 570398.035866637947038, 3346783.158049856778234 ], [ 570393.594017773633823, 3346803.006334700156003 ] ], [ [ 570942.339834564947523, 3346751.139949803240597 ], [ 570962.228423202293925, 3346651.529540949501097 ], [ 571018.947122788638808, 3346807.047724028117955 ], [ 570942.339834564947523, 3346751.139949803240597 ] ] ] } },
{ "type": "Feature", "properties": { "t": "river" }, "geometry": { "type": "Polygon", "coordinates": [ [ [ 568546.260906513547525, 3346813.440769279841334 ], [ 568508.4023098773323, 3346713.464811937883496 ], [ 568498.157038396690041, 3346813.139495610259473 ], [ 568546.260906513547525, 3346813.440769279841334 ] ] ] } },
{ "type": "Feature", "properties": { "t": "river" }, "geometry": { "type": "Polygon", "coordinates": [ [ [ 566241.638519092113711, 3346078.912577040027827 ], [ 566132.320640415302478, 3346654.516882639378309 ], [ 566400.830879694665782, 3346800.209631376899779 ], [ 566349.029644301044755, 3346565.487888377159834 ], [ 566219.713314442429692, 3346522.061049554962665 ], [ 566284.436345504247583, 3346272.81828710436821 ], [ 566241.638519092113711, 3346078.912577040027827 ] ] ] } },
{ "type": "Feature", "properties": { "t": "river" }, "geometry": { "type": "Polygon", "coordinates": [ [ [ 563344.387986438116059, 3346272.316440915223211 ], [ 563345.5426042645704, 3346072.847859122790396 ], [ 563100.919043108820915, 3346780.679912931285799 ], [ 563344.387986438116059, 3346272.316440915223211 ] ] ] } },
{ "type": "Feature", "properties": { "t": "river" }, "geometry": { "type": "MultiPolygon", "coordinates": [ [ [ [ 549301.825365799362771, 3343119.341882005799562 ], [ 549687.227806899114512, 3343021.348414605017751 ], [ 550643.668542132829316, 3344311.200102970935404 ], [ 550709.056324789999053, 3344342.317933053243905 ], [ 549716.14962006220594, 3343010.397992428392172 ], [ 548989.812072297791019, 3342880.163390497211367 ], [ 549301.825365799362771, 3343119.341882005799562 ] ] ], [ [ [ 551653.057130802888423, 3344791.628464701585472 ], [ 552068.7155143301934, 3344763.052682851906866 ], [ 552692.243198268581182, 3344542.50004744483158 ], [ 553196.447103294543922, 3344887.086144404485822 ], [ 552759.867966017802246, 3344487.417134369723499 ], [ 551632.771176416310482, 3344748.00499133951962 ], [ 550751.688218694762327, 3344362.606618370860815 ], [ 551653.057130802888423, 3344791.628464701585472 ] ] ], [ [ [ 551703.231017746496946, 3344815.512768803164363 ], [ 551795.826862952089868, 3344859.592105469666421 ], [ 551840.689556222641841, 3344843.720512534957379 ], [ 551703.231017746496946, 3344815.512768803164363 ] ] ], [ [ [ 553296.467609409475699, 3344955.448162714485079 ], [ 554365.246175019419752, 3344816.640591119416058 ], [ 554998.204126019380055, 3345240.90878481278196 ], [ 556797.10920720291324, 3345327.667075127363205 ], [ 557616.74670631159097, 3345844.670651473570615 ], [ 556835.884507805109024, 3345272.459316679742187 ], [ 555334.97269603703171, 3345242.605920708738267 ], [ 554394.278304896899499, 3344783.539551145862788 ], [ 553214.201732945861295, 3344899.220948744565248 ], [ 553296.467609409475699, 3344955.448162714485079 ] ] ], [ [ [ 558072.589835443533957, 3346132.25148395402357 ], [ 558988.397551492671482, 3345804.693891540635377 ], [ 560202.334900510963053, 3346121.608761044219136 ], [ 560049.545774260303006, 3345995.733550088945776 ], [ 559965.430236857035197, 3345972.362751540262252 ], [ 560055.170207818970084, 3346032.133064578287303 ], [ 559603.631612881901674, 3345907.763928947038949 ], [ 559363.276108939899132, 3345873.211974630132318 ], [ 559439.788007064140402, 3345826.334425137378275 ], [ 559435.129120270488784, 3345825.040273631922901 ], [ 559363.336215751129203, 3345862.130435249302536 ], [ 559152.262793080881238, 3345750.169001007918268 ], [ 559163.141011139028706, 3345749.491054042708129 ], [ 559113.333683931967244, 3345735.657089302781969 ], [ 559180.887811820022762, 3345794.651183405891061 ], [ 558892.242023343103938, 3345793.094212958589196 ], [ 558940.886734440457076, 3345693.619382260367274 ], [ 559025.938097026315518, 3345711.383635609876364 ], [ 558921.703164225909859, 3345682.434240216389298 ], [ 557980.018356817075983, 3346073.847501785028726 ], [ 558072.589835443533957, 3346132.25148395402357 ] ] ], [ [ [ 560218.427966306218877, 3346088.439608681946993 ], [ 560728.725109269376844, 3346024.768086885102093 ], [ 561036.361051630810834, 3346070.80713806906715 ], [ 560933.207317083026282, 3346188.288503530900925 ], [ 561585.898410893627442, 3345874.411391505971551 ], [ 562168.15064939041622, 3346697.766407070215791 ], [ 562106.959697858779691, 3346589.809216612018645 ], [ 562091.876193653675728, 3346575.431965811643749 ], [ 562099.686375304474495, 3346576.977301413193345 ], [ 561758.522479260805994, 3345975.121403596363962 ], [ 562523.676159592811018, 3346777.365929276682436 ], [ 562515.448395839659497, 3346533.516066508367658 ], [ 561653.436133049544878, 3345841.545896049588919 ], [ 560305.141656474792399, 3346066.753326032776386 ], [ 560137.995969175710343, 3346020.30950520047918 ], [ 560218.427966306218877, 3346088.439608681946993 ] ] ], [ [ [ 560765.918290565605275, 3346257.694446450099349 ], [ 560629.923437448218465, 3346233.273144376929849 ], [ 560765.8567547746934, 3346268.776006957050413 ], [ 560902.526193404570222, 3346203.044356594327837 ], [ 560765.918290565605275, 3346257.694446450099349 ] ] ] ] } },
{ "type": "Feature", "properties": { "t": "river" }, "geometry": { "type": "Polygon", "coordinates": [ [ [ 558519.521247539436445, 3343519.32013459969312 ], [ 558731.595160330180079, 3343453.964284133631736 ], [ 559129.27205223753117, 3342879.849130319897085 ], [ 558628.463782413047738, 3342943.648623146116734 ], [ 559135.431006792001426, 3341738.456381730269641 ], [ 558934.316985346958973, 3341548.982733761426061 ], [ 558460.788262857589871, 3341901.064090993255377 ], [ 558216.514882516581565, 3342586.834549005609006 ], [ 558117.097278010682203, 3343184.723610566928983 ], [ 558539.834241061471403, 3343319.956093342974782 ], [ 558519.521247539436445, 3343519.32013459969312 ] ] ] } },
{ "type": "Feature", "properties": { "t": "river" }, "geometry": { "type": "Polygon", "coordinates": [ [ [ 564998.311363610555418, 3341572.180995729286224 ], [ 565371.253607200225815, 3341984.430508236400783 ], [ 566227.474295475985855, 3342056.062731565441936 ], [ 565048.542152656125836, 3341217.857348943129182 ], [ 564998.311363610555418, 3341572.180995729286224 ] ] ] } },
{ "type": "Feature", "properties": { "t": "lake" }, "geometry": { "type": "Polygon", "coordinates": [ [ [ 562367.783967708819546, 3340360.057994205504656 ], [ 562913.179668522905558, 3340939.43027676269412 ], [ 562513.947844796464778, 3340050.598482998553663 ], [ 562367.783967708819546, 3340360.057994205504656 ] ] ] } },
{ "type": "Feature", "properties": { "t": "lake" }, "geometry": { "type": "Polygon", "coordinates": [ [ [ 570042.910454255295917, 3338444.876921196933836 ], [ 570025.139015060383826, 3338212.041494923643768 ], [ 569784.148363719927147, 3338254.834482253529131 ], [ 570042.910454255295917, 3338444.876921196933836 ] ] ] } },
{ "type": "Feature", "properties": { "t": "lake" }, "geometry": { "type": "Polygon", "coordinates": [ [ [ 571927.735676793730818, 3337337.782556201331317 ], [ 571998.191751618869603, 3336872.799015950877219 ], [ 571747.243909122887999, 3336959.812594612594694 ], [ 571927.735676793730818, 3337337.782556201331317 ] ] ] } },
{ "type": "Feature", "properties": { "t": "lake" }, "geometry": { "type": "Polygon", "coordinates": [ [ [ 563781.574773557949811, 3337276.351813917048275 ], [ 564079.75273631431628, 3337333.497367335017771 ], [ 563859.83202373154927, 3337066.251921551302075 ], [ 563781.574773557949811, 3337276.351813917048275 ] ] ] } },
{ "type": "Feature", "properties": { "t": "lake" }, "geometry": { "type": "Polygon", "coordinates": [ [ [ 564196.661814032704569, 3337101.461715929210186 ], [ 564195.689880558289587, 3337267.683640910778195 ], [ 564330.497133136494085, 3337268.472731857560575 ], [ 564196.661814032704569, 3337101.461715929210186 ] ] ] } },
{ "type": "Feature", "properties": { "t": "lake" }, "geometry": { "type": "Polygon", "coordinates": [ [ [ 562074.741720537189394, 3336003.245125106070191 ], [ 561852.686288717319258, 3336101.728332052007318 ], [ 561908.717683531926014, 3336412.33368437923491 ], [ 562074.741720537189394, 3336003.245125106070191 ] ] ] } },
{ "type": "Feature", "properties": { "t": "river" }, "geometry": { "type": "Polygon", "coordinates": [ [ [ 569426.578831377439201, 3335415.584301744587719 ], [ 569320.98969414702151, 3335359.507849454879761 ], [ 569184.622558707022108, 3335602.45082770427689 ], [ 569426.578831377439201, 3335415.584301744587719 ] ] ] } },
{ "type": "Feature", "properties": { "t": "lake" }, "geometry": { "type": "Polygon", "coordinates": [ [ [ 566829.907379148877226, 3334801.060433555394411 ], [ 566734.267431504675187, 3334689.660549800843 ], [ 566559.895606815232895, 3334854.830889713950455 ], [ 566829.907379148877226, 3334801.060433555394411 ] ] ] } },
{ "type": "Feature", "properties": { "t": "lake" }, "geometry": { "type": "Polygon", "coordinates": [ [ [ 566272.495524066034704, 3334598.211163629312068 ], [ 566061.535980336368084, 3334441.795151595026255 ], [ 565501.38445081980899, 3334693.324403416831046 ], [ 566272.495524066034704, 3334598.211163629312068 ] ] ] } },
{ "type": "Feature", "properties": { "t": "river" }, "geometry": { "type": "Polygon", "coordinates": [ [ [ 551294.37825467356015, 3332733.967404305003583 ], [ 550994.087820234359242, 3331014.941017345990986 ], [ 551423.230116338469088, 3329897.709877946879715 ], [ 551338.113744987524115, 3329553.78745645750314 ], [ 551413.542989033856429, 3329908.74608862074092 ], [ 550955.498954148846678, 3331025.843717238400131 ], [ 551246.368749313754961, 3332700.499064493458718 ], [ 550632.247618429595605, 3334271.227342385798693 ], [ 551294.37825467356015, 3332733.967404305003583 ] ] ] } },
{ "type": "Feature", "properties": { "t": "lake" }, "geometry": { "type": "Polygon", "coordinates": [ [ [ 563878.667827250668779, 3332168.208703248761594 ], [ 563763.450633621425368, 3332101.049640520475805 ], [ 563656.454765924951062, 3332277.737912745214999 ], [ 563878.667827250668779, 3332168.208703248761594 ] ] ] } },
{ "type": "Feature", "properties": { "t": "river" }, "geometry": { "type": "MultiPolygon", "coordinates": [ [ [ [ 551303.752987616695464, 3328656.030184127856046 ], [ 550601.56470547686331, 3328375.745798468124121 ], [ 550719.450064925593324, 3327888.705558490008116 ], [ 551435.287340436130762, 3327315.790585989132524 ], [ 552486.475727565935813, 3327176.689208105672151 ], [ 553236.986639609676786, 3326268.80242815380916 ], [ 553155.864297386608087, 3326271.21966555248946 ], [ 552399.683148528914899, 3327187.357559833209962 ], [ 551454.717847284046002, 3327282.637046842370182 ], [ 550739.234694254933856, 3327777.98251229012385 ], [ 550562.967062319512479, 3328386.649956578854471 ], [ 551303.103823765879497, 3328795.376265448518097 ], [ 551303.752987616695464, 3328656.030184127856046 ] ] ], [ [ [ 554601.430450761457905, 3326322.61164645338431 ], [ 555268.378868589177728, 3325949.165531143080443 ], [ 555443.661932857707143, 3325595.438530737534165 ], [ 556315.380358888301998, 3325244.993654399178922 ], [ 556178.21637572417967, 3325211.305036125238985 ], [ 555424.662091732490808, 3325539.935642647091299 ], [ 554756.142518531531096, 3326223.645924067124724 ], [ 554407.436972313676961, 3326233.992562767118216 ], [ 554601.430450761457905, 3326322.61164645338431 ] ] ], [ [ [ 557301.664815097115934, 3326059.280821170657873 ], [ 559214.970650195959024, 3325171.787101676687598 ], [ 559632.750308483256958, 3325273.964683562982827 ], [ 559215.149170968099497, 3325138.543428480625153 ], [ 557350.089446728234179, 3326015.206579443998635 ], [ 556823.265682077268139, 3325369.751229233108461 ], [ 556370.028851943439804, 3325258.416314514819533 ], [ 557301.664815097115934, 3326059.280821170657873 ] ] ], [ [ [ 559956.256634761113673, 3325353.09778057737276 ], [ 560572.622180669452064, 3324686.688256861642003 ], [ 559855.191160060698166, 3325328.374942431692034 ], [ 559956.256634761113673, 3325353.09778057737276 ] ] ], [ [ [ 561537.072023414075375, 3323644.161407386884093 ], [ 562746.353491918649524, 3322919.587369626853615 ], [ 564119.246976551949047, 3323935.906689640134573 ], [ 564764.657658334472217, 3324028.330043994355947 ], [ 564902.409953489550389, 3323949.025815831497312 ], [ 564148.362562931841239, 3323902.831047539133579 ], [ 562987.583940856973641, 3322887.716785210184753 ], [ 562640.358495915541425, 3322907.903640026692301 ], [ 561576.378056644229218, 3323511.401850910391659 ], [ 561462.982675338862464, 3323724.238768431823701 ], [ 561537.072023414075375, 3323644.161407386884093 ] ] ], [ [ [ 565393.470207154983655, 3323666.344767206348479 ], [ 567163.235646297456697, 3324364.042308967094868 ], [ 568931.383430780260824, 3323743.290477517992258 ], [ 570029.82555506110657, 3323849.944169963244349 ], [ 571469.914187214919366, 3323305.088961662724614 ], [ 571925.950487669557333, 3322864.779534947592765 ], [ 572093.480446414207108, 3322311.782064635772258 ], [ 571460.488048903993331, 3323271.782494966406375 ], [ 570001.113704014802352, 3323816.516621273010969 ], [ 569028.07080775371287, 3323699.567997249308974 ], [ 567192.359457224840298, 3324330.974540212657303 ], [ 565384.091872417367995, 3323621.962543104309589 ], [ 565109.485176020651124, 3323829.817618993576616 ], [ 565393.470207154983655, 3323666.344767206348479 ] ] ] ] } },
{ "type": "Feature", "properties": { "t": "river" }, "geometry": { "type": "MultiPolygon", "coordinates": [ [ [ [ 529705.586976579390466, 3336832.074510779231787 ], [ 529472.469332492211834, 3336965.376461251173168 ], [ 529480.278953830711544, 3336970.747085737064481 ], [ 529486.309192035230808, 3336978.854978198185563 ], [ 529705.467059442191385, 3336876.399170074611902 ], [ 529712.775315524893813, 3336763.591717810835689 ], [ 529705.586976579390466, 3336832.074510779231787 ] ] ], [ [ [ 530291.74846966820769, 3335895.018103746697307 ], [ 529764.893283206620254, 3336267.091781011316925 ], [ 529751.308264499530196, 3336396.504868449177593 ], [ 530291.74846966820769, 3335895.018103746697307 ] ] ], [ [ [ 530578.399431083817035, 3335761.082414283417165 ], [ 530593.226035612169653, 3335746.252698143478483 ], [ 530618.224286437034607, 3335723.18020236864686 ], [ 530546.430434583337046, 3335715.175657821819186 ], [ 530493.526593757094815, 3335752.532480923924595 ], [ 530578.399431083817035, 3335761.082414283417165 ] ] ], [ [ [ 532259.965515377931297, 3335930.618341021705419 ], [ 533156.482542430865578, 3335623.012546330690384 ], [ 534108.596608837600797, 3336035.935055693145841 ], [ 535745.702403219300322, 3336030.059808210935444 ], [ 537994.906076598330401, 3337245.476853706408292 ], [ 540796.227617816999555, 3337432.831564427819103 ], [ 537985.430648772744462, 3337201.118650319520384 ], [ 535793.996035649906844, 3335985.891866278834641 ], [ 534118.295270936912857, 3336013.802610226441175 ], [ 533089.338369843782857, 3335534.159964674152434 ], [ 532279.290437253075652, 3335908.512595614884049 ], [ 532199.062901239609346, 3335899.555337829515338 ], [ 532212.970468463259749, 3335925.876717835199088 ], [ 532259.965515377931297, 3335930.618341021705419 ] ] ] ] } },
{ "type": "Feature", "properties": { "t": "lake" }, "geometry": { "type": "Polygon", "coordinates": [ [ [ 537137.60060096217785, 3320199.639175123535097 ], [ 537152.109205403598025, 3320199.68796144798398 ], [ 537149.693970096646808, 3320190.439726677257568 ], [ 537137.60060096217785, 3320199.639175123535097 ] ] ] } },
{ "type": "Feature", "properties": { "t": "lake" }, "geometry": { "type": "Polygon", "coordinates": [ [ [ 573232.174079941702075, 3361084.591248885262758 ], [ 573223.236738687381148, 3360984.789205409120768 ], [ 572993.007531652692705, 3360927.830761312507093 ], [ 573232.174079941702075, 3361084.591248885262758 ] ] ] } },
{ "type": "Feature", "properties": { "t": "lake" }, "geometry": { "type": "Polygon", "coordinates": [ [ [ 583254.31630795833189, 3359815.626452153082937 ], [ 583159.574457339360379, 3359637.579363746568561 ], [ 583186.795249594841152, 3359848.358555484563112 ], [ 583254.31630795833189, 3359815.626452153082937 ] ] ] } },
{ "type": "Feature", "properties": { "t": "lake" }, "geometry": { "type": "Polygon", "coordinates": [ [ [ 581025.308257849887013, 3359743.400273072998971 ], [ 581169.782746702432632, 3359700.145610668696463 ], [ 580999.3641452700831, 3359355.315174255985767 ], [ 581025.308257849887013, 3359743.400273072998971 ] ] ] } },
{ "type": "Feature", "properties": { "t": "lake" }, "geometry": { "type": "Polygon", "coordinates": [ [ [ 576807.71985963836778, 3358205.61671285610646 ], [ 576904.376200418453664, 3358128.721044740639627 ], [ 576799.35868294222746, 3358028.237968798261136 ], [ 576807.71985963836778, 3358205.61671285610646 ] ] ] } },
{ "type": "Feature", "properties": { "t": "lake" }, "geometry": { "type": "Polygon", "coordinates": [ [ [ 584019.076962486142293, 3357848.777420097030699 ], [ 583596.603391829645261, 3357790.114959423430264 ], [ 583816.898004671675153, 3357891.551272410433739 ], [ 584019.076962486142293, 3357848.777420097030699 ] ] ] } },
{ "type": "Feature", "properties": { "t": "lake" }, "geometry": { "type": "Polygon", "coordinates": [ [ [ 579660.970257220673375, 3357073.516820506658405 ], [ 579657.730582894291729, 3357516.795424094423652 ], [ 579934.026873247697949, 3357851.29547372367233 ], [ 579660.970257220673375, 3357073.516820506658405 ] ] ] } },
{ "type": "Feature", "properties": { "t": "lake" }, "geometry": { "type": "Polygon", "coordinates": [ [ [ 582395.349631901131943, 3357758.801070888526738 ], [ 582751.475759825552814, 3357695.003517718520015 ], [ 582878.868432621587999, 3357374.574545374605805 ], [ 582716.394127732026391, 3357251.431173850316554 ], [ 582395.349631901131943, 3357758.801070888526738 ] ] ] } },
{ "type": "Feature", "properties": { "t": "lake" }, "geometry": { "type": "Polygon", "coordinates": [ [ [ 584886.169281053589657, 3357589.511835115496069 ], [ 584846.342504988773726, 3357766.52520880382508 ], [ 585000.816795423976146, 3357679.067183048930019 ], [ 584886.169281053589657, 3357589.511835115496069 ] ] ] } },
{ "type": "Feature", "properties": { "t": "lake" }, "geometry": { "type": "Polygon", "coordinates": [ [ [ 585445.639429455273785, 3357338.980883687734604 ], [ 585714.334503195830621, 3357396.504301893990487 ], [ 585792.71151684015058, 3357208.714331848081201 ], [ 585445.639429455273785, 3357338.980883687734604 ] ] ] } },
{ "type": "Feature", "properties": { "t": "lake" }, "geometry": { "type": "Polygon", "coordinates": [ [ [ 588056.17471365397796, 3356650.458673811517656 ], [ 587103.920609289896674, 3356720.388479250948876 ], [ 587832.855669197742827, 3356925.727229006122798 ], [ 588056.17471365397796, 3356650.458673811517656 ] ] ] } },
{ "type": "Feature", "properties": { "t": "lake" }, "geometry": { "type": "Polygon", "coordinates": [ [ [ 586919.871424960670993, 3356896.243859500158578 ], [ 586882.658971403492615, 3356740.788444273173809 ], [ 586593.671738207573071, 3356816.06851500691846 ], [ 586919.871424960670993, 3356896.243859500158578 ] ] ] } },
{ "type": "Feature", "properties": { "t": "lake" }, "geometry": { "type": "Polygon", "coordinates": [ [ [ 588182.839913198491558, 3356440.90913687646389 ], [ 588248.962444282369688, 3356585.520634906832129 ], [ 588596.904885987751186, 3356355.603352413978428 ], [ 588182.839913198491558, 3356440.90913687646389 ] ] ] } },
{ "type": "Feature", "properties": { "t": "lake" }, "geometry": { "type": "Polygon", "coordinates": [ [ [ 579988.000824753427878, 3355734.922779298853129 ], [ 580103.846660901093856, 3355669.277789378538728 ], [ 579970.318489592638798, 3355524.224838881753385 ], [ 579988.000824753427878, 3355734.922779298853129 ] ] ] } },
{ "type": "Feature", "properties": { "t": "lake" }, "geometry": { "type": "Polygon", "coordinates": [ [ [ 578635.747905163210817, 3355281.788597767241299 ], [ 578367.127430850639939, 3355202.277926116250455 ], [ 578510.373652545502409, 3355336.297923163045198 ], [ 578635.747905163210817, 3355281.788597767241299 ] ] ] } },
{ "type": "Feature", "properties": { "t": "lake" }, "geometry": { "type": "Polygon", "coordinates": [ [ [ 580090.071964379982091, 3354926.646538846194744 ], [ 579705.032839335501194, 3354990.321635373868048 ], [ 580068.973400368820876, 3355181.389946735929698 ], [ 580090.071964379982091, 3354926.646538846194744 ] ] ] } },
{ "type": "Feature", "properties": { "t": "lake" }, "geometry": { "type": "Polygon", "coordinates": [ [ [ 583895.811347801820375, 3353880.234980279114097 ], [ 584172.675468018045649, 3354137.267655826173723 ], [ 584298.94952992675826, 3353972.002739198040217 ], [ 583895.811347801820375, 3353880.234980279114097 ] ] ] } },
{ "type": "Feature", "properties": { "t": "lake" }, "geometry": { "type": "Polygon", "coordinates": [ [ [ 583209.710966338752769, 3353065.952051993459463 ], [ 582938.79201198881492, 3353285.542145641054958 ], [ 583284.775084319175221, 3353310.341710903216153 ], [ 583209.710966338752769, 3353065.952051993459463 ] ] ] } },
{ "type": "Feature", "properties": { "t": "lake" }, "geometry": { "type": "Polygon", "coordinates": [ [ [ 587852.156232956214808, 3353335.063957968261093 ], [ 588365.988330118940212, 3352818.321971450466663 ], [ 588136.012941848486662, 3352716.718243206385523 ], [ 587852.156232956214808, 3353335.063957968261093 ] ] ] } },
{ "type": "Feature", "properties": { "t": "lake" }, "geometry": { "type": "Polygon", "coordinates": [ [ [ 583730.4799836485181, 3352870.447028004098684 ], [ 583683.760499822325073, 3352692.767094098497182 ], [ 583595.944809095002711, 3352858.333413845859468 ], [ 583730.4799836485181, 3352870.447028004098684 ] ] ] } },
{ "type": "Feature", "properties": { "t": "lake" }, "geometry": { "type": "Polygon", "coordinates": [ [ [ 580975.540965789463371, 3352206.8789998665452 ], [ 580799.578273615450598, 3352593.463563907891512 ], [ 580923.188652982702479, 3352782.781922749709338 ], [ 581165.559392637806013, 3352518.60043665394187 ], [ 580975.540965789463371, 3352206.8789998665452 ] ] ] } },
{ "type": "Feature", "properties": { "t": "lake" }, "geometry": { "type": "Polygon", "coordinates": [ [ [ 577740.70933042105753, 3351363.271335112862289 ], [ 577797.621600997750647, 3351474.500661483965814 ], [ 577866.835383420111611, 3351209.01595235010609 ], [ 577740.70933042105753, 3351363.271335112862289 ] ] ] } },
{ "type": "Feature", "properties": { "t": "lake" }, "geometry": { "type": "Polygon", "coordinates": [ [ [ 580627.266019184840843, 3351184.712046903092414 ], [ 580531.176307348767295, 3351172.920750161632895 ], [ 580510.961861974094063, 3351305.761601453181356 ], [ 580627.266019184840843, 3351184.712046903092414 ] ] ] } },
{ "type": "Feature", "properties": { "t": "lake" }, "geometry": { "type": "Polygon", "coordinates": [ [ [ 584406.183657051995397, 3350049.585139909759164 ], [ 584099.850587582564913, 3349858.819631377235055 ], [ 584223.352191576268524, 3350059.257121886126697 ], [ 584406.183657051995397, 3350049.585139909759164 ] ] ] } },
{ "type": "Feature", "properties": { "t": "lake" }, "geometry": { "type": "Polygon", "coordinates": [ [ [ 554366.278410898055881, 3361982.474289461970329 ], [ 554260.654471340239979, 3361970.865047276951373 ], [ 554192.46569753496442, 3362158.919352588243783 ], [ 554366.278410898055881, 3361982.474289461970329 ] ] ] } },
{ "type": "Feature", "properties": { "t": "lake" }, "geometry": { "type": "Polygon", "coordinates": [ [ [ 555054.836148862843402, 3360711.504834878258407 ], [ 554512.273888963274658, 3361606.416393427178264 ], [ 555458.103864675271325, 3360768.961867741774768 ], [ 555469.180223640752956, 3360480.886013116221875 ], [ 555054.836148862843402, 3360711.504834878258407 ] ] ] } },
{ "type": "Feature", "properties": { "t": "lake" }, "geometry": { "type": "Polygon", "coordinates": [ [ [ 556385.090834919014014, 3359887.16192370140925 ], [ 556385.894167702179402, 3359732.017841101624072 ], [ 556135.654761255602352, 3359808.299089894630015 ], [ 556385.090834919014014, 3359887.16192370140925 ] ] ] } },
{ "type": "Feature", "properties": { "t": "river" }, "geometry": { "type": "MultiPolygon", "coordinates": [ [ [ [ 548977.550420823856257, 3353202.230236067902297 ], [ 549044.057886989088729, 3353379.837267009075731 ], [ 549237.751981651061215, 3353070.419545761309564 ], [ 549815.309346087626182, 3352928.976771481800824 ], [ 549737.075517194112763, 3353216.74644792592153 ], [ 550172.495123861939646, 3352620.322499652393162 ], [ 550290.970920373219997, 3352650.891191177535802 ], [ 550153.315220723161474, 3352609.152589732781053 ], [ 549143.148446073522791, 3352726.458324551582336 ], [ 549854.2253229143098, 3352829.418372123967856 ], [ 549249.777371044503525, 3353012.587814899161458 ], [ 549208.956946141202934, 3353059.207924829795957 ], [ 549122.372021720861085, 3353069.899718624074012 ], [ 549223.296887841075659, 3353020.61325688380748 ], [ 548737.326931025250815, 3353167.909688396845013 ], [ 547842.995330262579955, 3353197.198438161518425 ], [ 548814.097506035468541, 3353201.498044571839273 ], [ 548977.550420823856257, 3353202.230236067902297 ] ], [ [ 548823.81151622440666, 3353179.377950228750706 ], [ 548910.3952403672738, 3353168.683801958803087 ], [ 548814.097506035468541, 3353201.498044571839273 ], [ 548823.81151622440666, 3353179.377950228750706 ] ], [ [ 549998.504333414137363, 3352818.996420431416482 ], [ 549921.582515662536025, 3352818.644396527670324 ], [ 550008.525654211174697, 3352730.388041561003774 ], [ 550027.553142240503803, 3352774.802357116248459 ], [ 549998.504333414137363, 3352818.996420431416482 ] ] ], [ [ [ 552227.701612692675553, 3353150.806610888335854 ], [ 552282.448084901319817, 3353132.084240127820522 ], [ 552246.984578578267246, 3353139.817058028187603 ], [ 551891.862807374214754, 3353005.141178448684514 ], [ 551930.481304146116599, 3352972.079353494103998 ], [ 552247.196741534862667, 3353095.49074516678229 ], [ 552425.766056057298556, 3353083.073510823771358 ], [ 552451.403720574802719, 3353074.306392456404865 ], [ 552256.917852881830186, 3353073.373614700511098 ], [ 551949.817008215701208, 3352950.007705122232437 ], [ 552065.46290506364312, 3352895.149533136747777 ], [ 552228.762014722335152, 3352929.175073718652129 ], [ 552151.999577545793727, 3352895.562601300887764 ], [ 552401.994444938376546, 3352896.759763022419065 ], [ 552613.849053199985065, 3352831.287751138210297 ], [ 552853.962031694711186, 3352887.856812254525721 ], [ 552834.517095778370276, 3352932.0900460020639 ], [ 552719.188667602022178, 3352920.450641710311174 ], [ 552651.615229025715962, 3352975.533705111593008 ], [ 552641.839789703837596, 3353008.732073755934834 ], [ 552629.454630635445938, 3353013.421714125666767 ], [ 553633.882461276371032, 3352670.02364659961313 ], [ 554089.334126957692206, 3353001.51640861807391 ], [ 554199.926001439103857, 3352927.701984161045402 ], [ 554075.532428049715236, 3352805.184585498645902 ], [ 554776.003076234715991, 3353096.805571675766259 ], [ 554881.866890316829085, 3352903.908101346809417 ], [ 554776.33671910315752, 3353030.315961863845587 ], [ 553778.168108008103445, 3352659.651567823253572 ], [ 551517.86811464256607, 3352792.815260857343674 ], [ 551748.687118674395606, 3352782.825126106850803 ], [ 551617.9953223784687, 3352925.535488329827785 ], [ 551777.059935108060017, 3352882.696023649070412 ], [ 551854.297301008948125, 3352816.571705162059516 ], [ 552142.860756595619023, 3352795.78251302940771 ], [ 552411.875648706685752, 3352841.398042144719511 ], [ 552046.33819908183068, 3352872.894687802530825 ], [ 551786.149431610712782, 3352993.557343994732946 ], [ 551593.899915166315623, 3352981.565197020303458 ], [ 551585.228694068267941, 3352961.316197728738189 ], [ 551567.741866077878512, 3352980.411709753330797 ], [ 552227.701612692675553, 3353150.806610888335854 ] ] ], [ [ [ 555862.616798190283589, 3353080.148495438974351 ], [ 556498.129331699456088, 3352906.108612702228129 ], [ 556643.477830384857953, 3352988.072812846396118 ], [ 556507.97401015390642, 3352861.831915079150349 ], [ 555872.402029151562601, 3353046.952867532614619 ], [ 555682.930013145087287, 3352994.80496696382761 ], [ 555661.095856171683408, 3353001.545780443586409 ], [ 555639.77915938210208, 3352982.929198735859245 ], [ 554969.810553978546523, 3352798.568986201658845 ], [ 554938.51959687366616, 3352836.049052458256483 ], [ 555862.616798190283589, 3353080.148495438974351 ] ] ], [ [ [ 557423.3373999040341, 3353427.901895353104919 ], [ 557469.553936220821925, 3353422.82148752361536 ], [ 557373.866614565835334, 3353399.998382617719471 ], [ 557423.3373999040341, 3353427.901895353104919 ] ] ], [ [ [ 557696.929546231869608, 3353499.721696740482002 ], [ 557549.28341618005652, 3353498.942185594234616 ], [ 559671.08056211238727, 3354696.110199565533549 ], [ 559901.998848012066446, 3354647.52481992309913 ], [ 557889.106535203987733, 3353522.903207744006068 ], [ 557528.037468549329787, 3353436.771297497674823 ], [ 557696.929546231869608, 3353499.721696740482002 ] ] ], [ [ [ 559872.299273309996352, 3354819.114785972982645 ], [ 561385.357114097801968, 3355904.529122741427273 ], [ 560352.549932691617869, 3354899.33528214180842 ], [ 559953.498297758284025, 3354676.306027568411082 ], [ 559872.299273309996352, 3354819.114785972982645 ] ] ], [ [ [ 562225.673394773039035, 3356860.305735297501087 ], [ 563993.145540014375001, 3357058.934481611475348 ], [ 564240.790827222401276, 3356747.666099700145423 ], [ 563956.194204474566504, 3356803.828407444991171 ], [ 564031.982840672601014, 3356992.669698573183268 ], [ 562379.399255063151941, 3356872.266416910104454 ], [ 562066.992491523153149, 3356568.097949201241136 ], [ 562225.673394773039035, 3356860.305735297501087 ] ] ], [ [ [ 566066.776767765753902, 3355896.594112386927009 ], [ 566727.196664181770757, 3355254.169008973054588 ], [ 566215.921706701396033, 3355617.532073026522994 ], [ 566135.074000599444844, 3355730.77549078501761 ], [ 566123.579895309288986, 3355683.164496648591012 ], [ 566106.449082819628529, 3355695.340482740197331 ], [ 566106.235348490765318, 3355730.600642349105328 ], [ 566100.454355969792232, 3355699.601338926237077 ], [ 565399.781185369705781, 3356197.662340848241001 ], [ 566066.776767765753902, 3355896.594112386927009 ] ] ], [ [ [ 567168.29361399798654, 3354983.501146570779383 ], [ 566800.806700646877289, 3355335.874335778411478 ], [ 567264.497543112025596, 3354973.011747028212994 ], [ 567649.521477632923052, 3354897.81728823389858 ], [ 567407.879344733082689, 3355106.883123219944537 ], [ 567552.081170082907192, 3355107.775189271196723 ], [ 568868.123123255325481, 3354662.96578673273325 ], [ 567216.839390960056335, 3354906.224862044211477 ], [ 567102.750157856498845, 3354987.293684986885637 ], [ 567168.29361399798654, 3354983.501146570779383 ] ], [ [ 567264.634207062190399, 3354950.848213244229555 ], [ 567313.044056262238882, 3354895.735878598410636 ], [ 567399.361406491021626, 3354929.515410153660923 ], [ 567312.702155785402283, 3354951.144713052082807 ], [ 567264.634207062190399, 3354950.848213244229555 ] ] ], [ [ [ 571102.703620279906318, 3354631.63877518940717 ], [ 571723.167222880176269, 3353848.857496302109212 ], [ 571854.212309000315145, 3352929.890255860984325 ], [ 571661.425605841330253, 3352716.297785131260753 ], [ 571774.44693691865541, 3353361.574240278452635 ], [ 571694.32332115387544, 3353848.66796625778079 ], [ 570920.038897189195268, 3354630.449841856956482 ], [ 570248.134205930167809, 3354459.868996270932257 ], [ 568877.515527227311395, 3354661.582888262812048 ], [ 571102.703620279906318, 3354631.63877518940717 ] ] ], [ [ [ 571109.548531074775383, 3352104.927935832180083 ], [ 569478.327834790572524, 3351540.317714471369982 ], [ 569412.370752485236153, 3351467.864121570251882 ], [ 569478.186847565346397, 3351562.48119921144098 ], [ 571173.708636556286365, 3352175.999491840135306 ], [ 571109.548531074775383, 3352104.927935832180083 ] ] ], [ [ [ 568991.239404174615629, 3351005.285740090999752 ], [ 567980.353907191660255, 3350732.838226451072842 ], [ 568212.808780399383977, 3350911.740172129124403 ], [ 568999.370257384609431, 3351014.216282341163605 ], [ 568991.239404174615629, 3351005.285740090999752 ] ] ], [ [ [ 567457.637130080838688, 3350164.548676127102226 ], [ 565162.914534802781418, 3350674.907437403220683 ], [ 566262.27435911342036, 3350611.600715896114707 ], [ 567341.745391466771252, 3350241.408689083531499 ], [ 567429.573479324346408, 3350308.990286937449127 ], [ 567427.963133987039328, 3350297.350964265875518 ], [ 567447.335318739409558, 3350275.306281102821231 ], [ 567484.37010920594912, 3350351.155766040552408 ], [ 567503.061456206603907, 3350365.538716873154044 ], [ 567676.856286808149889, 3350487.285826461389661 ], [ 567684.471555737312883, 3350505.137074687052518 ], [ 567808.308177217491902, 3350600.435431705787778 ], [ 567457.637130080838688, 3350164.548676127102226 ] ], [ [ 566291.46272882190533, 3350556.367290716152638 ], [ 566137.24822480045259, 3350610.843178405426443 ], [ 566204.838582498137839, 3350566.924153428990394 ], [ 566291.46272882190533, 3350556.367290716152638 ] ] ], [ [ [ 564591.085752036422491, 3350515.756778538227081 ], [ 564694.04962840990629, 3350701.940909754950553 ], [ 564741.683071316452697, 3350699.1935715530999 ], [ 564591.085752036422491, 3350515.756778538227081 ] ] ], [ [ [ 563930.436484437203035, 3349711.144810752943158 ], [ 563862.587013797950931, 3349546.904670311138034 ], [ 563996.725291002192535, 3349888.845248291268945 ], [ 564102.811363971792161, 3349921.06644698465243 ], [ 563930.436484437203035, 3349711.144810752943158 ] ] ], [ [ [ 563744.793555185082369, 3348557.531013577245176 ], [ 564702.119308908237144, 3349338.896520774811506 ], [ 564938.229981596465223, 3349370.243323661386967 ], [ 563630.717819454497658, 3348324.144528198987246 ], [ 563461.2049210841069, 3348091.096840002574027 ], [ 563715.936062427121215, 3348557.362811711151153 ], [ 563617.616499325842597, 3348922.496474862564355 ], [ 563649.731926306616515, 3349004.351296403910965 ], [ 563744.793555185082369, 3348557.531013577245176 ] ], [ [ 563936.852853971766308, 3348614.062461976893246 ], [ 563879.267637223354541, 3348591.561853880994022 ], [ 563917.744183973758481, 3348591.786716826725751 ], [ 563936.852853971766308, 3348614.062461976893246 ] ] ], [ [ [ 562868.559595144586638, 3347276.424443427473307 ], [ 562857.472167787957005, 3347289.048774005379528 ], [ 562732.408706570859067, 3347288.330843841191381 ], [ 562732.726458476507105, 3347232.922856721561402 ], [ 562838.422607616987079, 3347255.693433753214777 ], [ 562857.576945410342887, 3347261.328766855411232 ], [ 562723.995687622576952, 3347077.725350921973586 ], [ 563177.88478678104002, 3346781.124078796245158 ], [ 562561.018377385335043, 3346977.05452840263024 ], [ 562235.054845593986101, 3346775.720359698403627 ], [ 562360.775338837062009, 3346917.694746853783727 ], [ 562416.963229530258104, 3346931.903897802811116 ], [ 562382.065582377952524, 3346941.738038023933768 ], [ 562856.389621418085881, 3347477.435985626187176 ], [ 562770.635408935369924, 3347332.877987572457641 ], [ 562931.373217249754816, 3347362.762944533489645 ], [ 562868.559595144586638, 3347276.424443427473307 ] ], [ [ 562665.574704402359203, 3347199.292087102308869 ], [ 562704.056076932349242, 3347199.512595962267369 ], [ 562713.422299429075792, 3347243.894130814820528 ], [ 562684.624887831276283, 3347232.647113239858299 ], [ 562665.574704402359203, 3347199.292087102308869 ] ], [ [ 562685.513885481050238, 3347077.504779171198606 ], [ 562704.373674992588349, 3347144.104617165867239 ], [ 562685.323389135533944, 3347110.749562284909189 ], [ 562685.513885481050238, 3347077.504779171198606 ] ] ], [ [ [ 565166.481937868637033, 3349400.551806298084557 ], [ 565163.476694663637318, 3349397.047401745803654 ], [ 565241.08568903862033, 3349286.689824039582163 ], [ 565337.53610061458312, 3349242.937693415209651 ], [ 565472.926406445913017, 3349121.845170869957656 ], [ 565510.471421536058187, 3349277.218897834885865 ], [ 565461.914076541783288, 3349354.502400255296379 ], [ 565228.174110168940388, 3349408.744462530594319 ], [ 565663.236662689829245, 3349466.530568927060813 ], [ 565510.972078540362418, 3348895.856336012482643 ], [ 565318.365146658034064, 3349231.741069486830384 ], [ 564947.820432270877063, 3349371.516694134566933 ], [ 565166.481937868637033, 3349400.551806298084557 ] ] ], [ [ [ 565988.134626241866499, 3348227.296173311769962 ], [ 566432.50360988418106, 3348223.66713022114709 ], [ 566010.115981015842408, 3347773.064781603403389 ], [ 566444.424817061983049, 3347542.971505070570856 ], [ 566227.657375371665694, 3346799.159999507945031 ], [ 565736.362412520917132, 3348502.830992937088013 ], [ 565602.555850762058981, 3348736.152854055631906 ], [ 565988.134626241866499, 3348227.296173311769962 ] ], [ [ 566056.408196401433088, 3348072.559629726689309 ], [ 566142.91781529574655, 3348084.164576747920364 ], [ 566104.238385306322016, 3348117.176862260792404 ], [ 566056.408196401433088, 3348072.559629726689309 ] ], [ [ 565960.746646503685042, 3347983.325821188278496 ], [ 566028.084574557957239, 3347983.732172475662082 ], [ 566095.087631727335975, 3348039.547176840249449 ], [ 566037.369695667759515, 3348039.198491457849741 ], [ 565960.746646503685042, 3347983.325821188278496 ] ], [ [ 566084.731338297948241, 3348161.387179347220808 ], [ 566027.214774268679321, 3348127.793590523302555 ], [ 566094.551820024847984, 3348128.200366952922195 ], [ 566084.731338297948241, 3348161.387179347220808 ] ], [ [ 565988.602724150870927, 3348149.724629709031433 ], [ 565881.585825488320552, 3348348.556294678710401 ], [ 565950.258156528463587, 3348127.329210964497179 ], [ 565931.419868639321066, 3348060.723318834323436 ], [ 565969.898409900022671, 3348060.955370450858027 ], [ 565988.602724150870927, 3348149.724629709031433 ] ] ], [ [ [ 566767.381263046758249, 3348220.944204994477332 ], [ 567592.093139771954156, 3347084.55615906836465 ], [ 568414.693499265820719, 3347409.338966535869986 ], [ 568331.350609629764222, 3347332.954789349809289 ], [ 568736.239453428308479, 3347202.506235979497433 ], [ 568773.885140415164642, 3347335.728127356618643 ], [ 568677.403661711839959, 3347379.450380655936897 ], [ 568475.377841470995918, 3347378.183837282005697 ], [ 568532.682918981998228, 3347445.035334342159331 ], [ 568512.981155008194037, 3347448.150808709207922 ], [ 568590.195761398994364, 3347478.642140572424978 ], [ 570920.871127811609767, 3347094.547610551118851 ], [ 569998.998423625831492, 3346964.720945078879595 ], [ 570026.797354972921312, 3346989.048775351606309 ], [ 569968.719120196765289, 3347044.087842719629407 ], [ 569891.966759044677019, 3347010.350831304676831 ], [ 569892.249944070936181, 3346966.024117150343955 ], [ 569957.707723463070579, 3346958.907899076119065 ], [ 569354.055040513398126, 3346873.942143689841032 ], [ 569290.389756808173843, 3346900.135818951763213 ], [ 569305.81097268150188, 3346895.800652542151511 ], [ 569497.310119156143628, 3347041.083001463208348 ], [ 569891.754368039313704, 3347043.595868669450283 ], [ 569939.573951419093646, 3347088.230010239873081 ], [ 569852.564400516101159, 3347154.166881906334311 ], [ 569698.354063002858311, 3347197.511796342208982 ], [ 569361.216612327145413, 3347261.861694453749806 ], [ 569073.024707881268114, 3347193.545472923666239 ], [ 568870.646480231778696, 3347247.680033075623214 ], [ 568755.689273371361196, 3347169.382149354089051 ], [ 568861.793412719736807, 3347125.721113349776715 ], [ 568913.479217155021615, 3347055.217460861895233 ], [ 568505.210253277560696, 3347223.221219173166901 ], [ 568613.328337273444049, 3346858.189549149014056 ], [ 568370.566084916819818, 3347156.058100132271647 ], [ 568467.422175771207549, 3347112.163665543310344 ], [ 568389.834586895187385, 3347211.41720763547346 ], [ 568331.765949683845975, 3347266.464806040283293 ], [ 568326.063162351725623, 3347210.665366236120462 ], [ 568244.90606430801563, 3347310.250947808846831 ], [ 567660.190678273211233, 3346963.074287848547101 ], [ 567050.966745077399537, 3347469.098400655668229 ], [ 566806.468588195508346, 3348121.444281129632145 ], [ 566537.603175997151993, 3348222.811450484208763 ], [ 566767.381263046758249, 3348220.944204994477332 ] ] ], [ [ [ 553286.429822064586915, 3352934.286602125037462 ], [ 553689.602950165979564, 3353134.657268792856485 ], [ 553699.064347411971539, 3353102.536463845521212 ], [ 553881.640404656296596, 3353125.599877703469247 ], [ 553775.711571590974927, 3353158.323098524007946 ], [ 553694.523744110716507, 3353137.102963996119797 ], [ 553804.392628642031923, 3353191.710022586863488 ], [ 554030.791849497123621, 3353040.591241440270096 ], [ 553286.429822064586915, 3352934.286602125037462 ] ] ] ] } },
{ "type": "Feature", "properties": { "t": "lake" }, "geometry": { "type": "Polygon", "coordinates": [ [ [ 549089.777348290313967, 3356039.674358543008566 ], [ 549225.501196000725031, 3355785.404379221145064 ], [ 549052.025707144988701, 3355884.359035166911781 ], [ 549089.777348290313967, 3356039.674358543008566 ] ] ] } },
{ "type": "Feature", "properties": { "t": "lake" }, "geometry": { "type": "Polygon", "coordinates": [ [ [ 548938.913220603018999, 3355385.169384508393705 ], [ 549226.551616092212498, 3355552.690997848752886 ], [ 549208.925884554511867, 3355197.993518316186965 ], [ 548938.913220603018999, 3355385.169384508393705 ] ], [ [ 549092.670615528244525, 3355396.942187653388828 ], [ 549054.318514941260219, 3355374.606011684983969 ], [ 549092.920011562295258, 3355341.534268386196345 ], [ 549092.670615528244525, 3355396.942187653388828 ] ] ] } },
{ "type": "Feature", "properties": { "t": "lake" }, "geometry": { "type": "Polygon", "coordinates": [ [ [ 561562.806745310896076, 3353387.858418702147901 ], [ 561515.731609101872891, 3353210.280563812702894 ], [ 561370.322246115771122, 3353420.020521277096123 ], [ 561562.806745310896076, 3353387.858418702147901 ] ] ] } },
{ "type": "Feature", "properties": { "t": "lake" }, "geometry": { "type": "Polygon", "coordinates": [ [ [ 556728.201988628716208, 3351189.606519085820764 ], [ 556811.416367756435648, 3349982.113637451548129 ], [ 556751.349789784755558, 3350436.158493198920041 ], [ 556728.201988628716208, 3351189.606519085820764 ] ] ] } },
{ "type": "Feature", "properties": { "t": "lake" }, "geometry": { "type": "Polygon", "coordinates": [ [ [ 559123.074719359050505, 3351146.896569543518126 ], [ 558873.45554645836819, 3351067.974830574821681 ], [ 558843.769159607356414, 3351222.961975530721247 ], [ 559123.074719359050505, 3351146.896569543518126 ] ] ] } },
{ "type": "Feature", "properties": { "t": "lake" }, "geometry": { "type": "Polygon", "coordinates": [ [ [ 547957.664622021373361, 3351169.743358469568193 ], [ 548073.600949212093838, 3351048.354003091342747 ], [ 547920.607707033748738, 3350848.210832021664828 ], [ 547957.664622021373361, 3351169.743358469568193 ] ] ] } },
{ "type": "Feature", "properties": { "t": "lake" }, "geometry": { "type": "Polygon", "coordinates": [ [ [ 554392.769407274550758, 3350889.599776036571711 ], [ 554288.028867660788819, 3350678.52390009444207 ], [ 554172.238256853423081, 3350755.521981087047607 ], [ 554392.769407274550758, 3350889.599776036571711 ] ] ] } },
{ "type": "Feature", "properties": { "t": "lake" }, "geometry": { "type": "Polygon", "coordinates": [ [ [ 555213.069051777361892, 3350328.540360365528613 ], [ 554827.035133532364853, 3350592.56074950331822 ], [ 555336.075870638829656, 3350728.109310375526547 ], [ 555213.069051777361892, 3350328.540360365528613 ] ] ] } },
{ "type": "Feature", "properties": { "t": "lake" }, "geometry": { "type": "Polygon", "coordinates": [ [ [ 554794.011193538899533, 3349506.375286633614451 ], [ 554795.233331676572561, 3349262.581276181153953 ], [ 554602.366785440011881, 3349361.352545564062893 ], [ 554794.011193538899533, 3349506.375286633614451 ] ] ] } },
{ "type": "Feature", "properties": { "t": "lake" }, "geometry": { "type": "Polygon", "coordinates": [ [ [ 552264.638424701988697, 3349449.660712727345526 ], [ 552294.288330661132932, 3349283.575899324845523 ], [ 552092.091381458216347, 3349326.937524469569325 ], [ 552264.638424701988697, 3349449.660712727345526 ] ] ] } },
{ "type": "Feature", "properties": { "t": "lake" }, "geometry": { "type": "Polygon", "coordinates": [ [ [ 551420.372443517670035, 3348991.304314166773111 ], [ 551352.521586041897535, 3349101.8029042519629 ], [ 551525.080326001974754, 3349224.514215490315109 ], [ 551420.372443517670035, 3348991.304314166773111 ] ] ] } },
{ "type": "Feature", "properties": { "t": "lake" }, "geometry": { "type": "Polygon", "coordinates": [ [ [ 553529.400842047180049, 3348480.583766824100167 ], [ 553626.461303791729733, 3348303.750794981140643 ], [ 553414.404838098562323, 3348391.367130829486996 ], [ 553529.400842047180049, 3348480.583766824100167 ] ] ] } },
{ "type": "Feature", "properties": { "t": "river" }, "geometry": { "type": "Polygon", "coordinates": [ [ [ 570836.008057095226832, 3346828.026072951499373 ], [ 571210.930782713694498, 3346874.788578839506954 ], [ 571172.087273336714134, 3346929.946633031126112 ], [ 571259.323314686305821, 3346830.775010284502059 ], [ 570836.008057095226832, 3346828.026072951499373 ] ] ] } },
{ "type": "Feature", "properties": { "t": "lake" }, "geometry": { "type": "Polygon", "coordinates": [ [ [ 541028.032538066385314, 3365403.691857961472124 ], [ 540952.954069716972299, 3364937.972014035563916 ], [ 540625.740457130479626, 3365114.053157567512244 ], [ 541028.032538066385314, 3365403.691857961472124 ] ] ] } },
{ "type": "Feature", "properties": { "t": "lake" }, "geometry": { "type": "Polygon", "coordinates": [ [ [ 540619.904209548141807, 3364105.58648996334523 ], [ 540524.306836225208826, 3363983.329940033145249 ], [ 540475.702892851666547, 3364138.294112370349467 ], [ 540619.904209548141807, 3364105.58648996334523 ] ] ] } },
{ "type": "Feature", "properties": { "t": "lake" }, "geometry": { "type": "Polygon", "coordinates": [ [ [ 540975.170273713418283, 3364140.165005398448557 ], [ 540919.833010768750682, 3363530.457366566639394 ], [ 540650.666827212786302, 3363584.85685040988028 ], [ 540975.170273713418283, 3364140.165005398448557 ] ] ] } },
{ "type": "Feature", "properties": { "t": "lake" }, "geometry": { "type": "Polygon", "coordinates": [ [ [ 543319.930934894364327, 3363872.208564306143671 ], [ 543263.400743172038347, 3363594.937527490779757 ], [ 543214.227456434862688, 3363882.869793660007417 ], [ 543319.930934894364327, 3363872.208564306143671 ] ] ] } },
{ "type": "Feature", "properties": { "t": "lake" }, "geometry": { "type": "Polygon", "coordinates": [ [ [ 542129.892651265719905, 3358636.931077526882291 ], [ 542197.763667020364664, 3358482.049370480235666 ], [ 542025.165678175515495, 3358381.646576417144388 ], [ 542129.892651265719905, 3358636.931077526882291 ] ] ] } },
{ "type": "Feature", "properties": { "t": "lake" }, "geometry": { "type": "Polygon", "coordinates": [ [ [ 539194.213571590604261, 3357240.762556254863739 ], [ 539665.606840175343677, 3357120.569357744883746 ], [ 539821.776356596499681, 3356467.319687497802079 ], [ 539194.213571590604261, 3357240.762556254863739 ] ] ] } },
{ "type": "Feature", "properties": { "t": "lake" }, "geometry": { "type": "Polygon", "coordinates": [ [ [ 542656.345872031757608, 3354261.701470943633467 ], [ 542647.988004158949479, 3353940.300053735729307 ], [ 542522.269833847531117, 3354128.197970920242369 ], [ 542656.345872031757608, 3354261.701470943633467 ] ] ] } },
{ "type": "Feature", "properties": { "t": "river" }, "geometry": { "type": "Polygon", "coordinates": [ [ [ 547842.995330262579955, 3353197.198438161518425 ], [ 547843.481034433003515, 3353086.383047095499933 ], [ 547707.902814158122055, 3353307.424667696002871 ], [ 547842.995330262579955, 3353197.198438161518425 ] ] ] } },
{ "type": "Feature", "properties": { "t": "lake" }, "geometry": { "type": "Polygon", "coordinates": [ [ [ 543502.600328758591786, 3351793.828483931720257 ], [ 543320.158972146455199, 3351726.613333859480917 ], [ 543482.926978557836264, 3351904.566728773992509 ], [ 543502.600328758591786, 3351793.828483931720257 ] ] ] } },
{ "type": "Feature", "properties": { "t": "lake" }, "geometry": { "type": "Polygon", "coordinates": [ [ [ 546789.131100359139964, 3350067.587780884932727 ], [ 546924.872083949157968, 3349813.291024641599506 ], [ 546772.509790081414394, 3349864.853273986838758 ], [ 546799.460554539575242, 3349901.406731584575027 ], [ 546703.235605376190506, 3349912.076767030637711 ], [ 546715.497622215538286, 3349884.147927867248654 ], [ 546472.174028842593543, 3349966.500145213212818 ], [ 546789.131100359139964, 3350067.587780884932727 ] ] ] } },
{ "type": "Feature", "properties": { "t": "river" }, "geometry": { "type": "MultiPolygon", "coordinates": [ [ [ [ 543744.269941908773035, 3213917.022656225133687 ], [ 543739.770281526027247, 3213918.710069487802684 ], [ 543613.801673378213309, 3213763.11708511877805 ], [ 543565.629274029866792, 3213629.979483221657574 ], [ 543625.321759489597753, 3213591.482276378199458 ], [ 543297.613854680093937, 3213280.354159874841571 ], [ 543305.576847057091072, 3213521.360528510063887 ], [ 543293.261796361068264, 3213695.574813606217504 ], [ 543332.518550046253949, 3213806.577099233400077 ], [ 543341.923154221964069, 3213573.735428946092725 ], [ 543410.615846918430179, 3213429.960524057969451 ], [ 543527.149303779704496, 3213507.958408930338919 ], [ 543535.331125595141202, 3213917.933351850602776 ], [ 543564.368623796035536, 3213962.361730170436203 ], [ 543555.263663197867572, 3213796.133668578695506 ], [ 543652.23771163856145, 3213896.217923701740801 ], [ 543719.161154187866487, 3214217.780105196405202 ], [ 543670.402170118992217, 3214239.753745018038899 ], [ 543665.461569259525277, 3214256.38785879407078 ], [ 543707.450767946545966, 3214292.704986562486738 ], [ 543714.037430039257742, 3214296.937804495450109 ], [ 543744.269941908773035, 3213917.022656225133687 ] ] ], [ [ [ 543758.639393253484741, 3213736.457552067004144 ], [ 543760.000454661785625, 3213719.354849305469543 ], [ 543687.283511499059387, 3213650.312172056175768 ], [ 543758.639393253484741, 3213736.457552067004144 ] ] ] ] } },
{ "type": "Feature", "properties": { "t": "river" }, "geometry": { "type": "Polygon", "coordinates": [ [ [ 543159.862318147905171, 3212797.481293780263513 ], [ 543094.870975388796069, 3212839.396781751420349 ], [ 543144.34900599042885, 3212910.242846150416881 ], [ 543146.275271421181969, 3212914.777662061620504 ], [ 543149.668501038919203, 3212919.318028027657419 ], [ 543159.862318147905171, 3212797.481293780263513 ] ] ] } },
{ "type": "Feature", "properties": { "t": "river" }, "geometry": { "type": "Polygon", "coordinates": [ [ [ 543159.862318147905171, 3212797.481293780263513 ], [ 543014.566705759149045, 3212597.504697587806731 ], [ 543111.181605073972605, 3212797.29854671517387 ], [ 543159.862318147905171, 3212797.481293780263513 ] ] ] } },
{ "type": "Feature", "properties": { "t": "river" }, "geometry": { "type": "MultiPolygon", "coordinates": [ [ [ [ 540678.404612840036862, 3209164.996845829300582 ], [ 540846.619952711975202, 3208933.365314164664596 ], [ 540839.617531806812622, 3208913.072106814011931 ], [ 540832.525997454882599, 3208924.038579104468226 ], [ 540698.675066196359694, 3209080.504853950347751 ], [ 540673.776603756588884, 3209166.414791853167117 ], [ 540678.404612840036862, 3209164.996845829300582 ] ] ], [ [ [ 542442.824824442039244, 3211864.130001383367926 ], [ 542202.440947546740063, 3211869.190669686533511 ], [ 542220.370415864395909, 3211937.178838305640966 ], [ 542230.958888627588749, 3211980.902794837020338 ], [ 542296.648632007767446, 3211896.829743726179004 ], [ 542373.931127657648176, 3212063.307217967696488 ], [ 542253.68721084704157, 3212074.758161731995642 ], [ 542278.175944161601365, 3212175.884899619501084 ], [ 542303.356471424805932, 3212212.623103850521147 ], [ 542343.482300368137658, 3212237.866034233942628 ], [ 542385.799381225253455, 3212253.972141993232071 ], [ 542442.824824442039244, 3211864.130001383367926 ] ] ], [ [ [ 540828.760596460895613, 3210287.228386073838919 ], [ 540856.532441328396089, 3210417.234004373662174 ], [ 540973.382573568029329, 3210544.461361576803029 ], [ 541149.226628880249336, 3210579.213998126331717 ], [ 541285.667406008695252, 3210585.735930637922138 ], [ 540828.760596460895613, 3210287.228386073838919 ] ] ] ] } },
{ "type": "Feature", "properties": { "t": "river" }, "geometry": { "type": "Polygon", "coordinates": [ [ [ 542567.886603190563619, 3212274.534944130573422 ], [ 542567.838799457298592, 3212287.441326196305454 ], [ 542577.083488729316741, 3212290.367003946565092 ], [ 542567.886603190563619, 3212274.534944130573422 ] ] ] } },
{ "type": "Feature", "properties": { "t": "river" }, "geometry": { "type": "MultiPolygon", "coordinates": [ [ [ [ 592214.346488761715591, 3233297.990029633045197 ], [ 592599.16830040269997, 3233788.674650724045932 ], [ 593012.773689273861237, 3233940.415942458435893 ], [ 592214.346488761715591, 3233297.990029633045197 ] ] ], [ [ [ 593587.607670406461693, 3234151.33978853514418 ], [ 594393.87764452106785, 3234003.661651035770774 ], [ 593064.559946039924398, 3233959.416354672517627 ], [ 593587.607670406461693, 3234151.33978853514418 ] ] ], [ [ [ 595787.602498831693083, 3233748.52706385916099 ], [ 596552.474231449887156, 3233283.74037510342896 ], [ 596409.262437437660992, 3233238.356069086585194 ], [ 596413.473447067313828, 3233299.473302418366075 ], [ 595141.021531866164878, 3233866.867322628386319 ], [ 595787.602498831693083, 3233748.52706385916099 ] ] ], [ [ [ 596593.109696046914905, 3232732.714955100324005 ], [ 596387.498394546913914, 3232922.493677651509643 ], [ 596401.597974522737786, 3233127.118767929729074 ], [ 596593.109696046914905, 3232732.714955100324005 ] ] ], [ [ [ 596973.049607424531132, 3232650.427119033411145 ], [ 596720.606873786775395, 3232615.040335542988032 ], [ 596641.029329115175642, 3232688.486671248450875 ], [ 596973.049607424531132, 3232650.427119033411145 ] ] ] ] } },
{ "type": "Feature", "properties": { "t": "river" }, "geometry": { "type": "MultiPolygon", "coordinates": [ [ [ [ 563078.15440481947735, 3232678.572250763420016 ], [ 561961.194583938922733, 3232528.407610174734145 ], [ 559745.092425627750345, 3230666.203314802143723 ], [ 559661.886448183329776, 3229845.839906189125031 ], [ 560102.05289896344766, 3229338.46319449134171 ], [ 560114.86579914635513, 3228751.285197188612074 ], [ 559327.604509615805, 3226819.237690380774438 ], [ 559105.489156851312146, 3226518.92585722124204 ], [ 556980.201297633582726, 3225621.736401053145528 ], [ 556528.527001292211935, 3224522.57805696176365 ], [ 556407.927936871536076, 3223336.428339195437729 ], [ 555807.910732706310228, 3222701.931461968459189 ], [ 554929.688288095174357, 3222210.405186006333679 ], [ 554842.561099492013454, 3222233.602815821766853 ], [ 554801.215116003644653, 3222238.782773031853139 ], [ 555923.562926008948125, 3222924.094248790759593 ], [ 556271.799406518694013, 3223324.678342479746789 ], [ 556450.169501656433567, 3224632.990758436266333 ], [ 556873.331851970870048, 3225599.04446657281369 ], [ 559278.809955922653899, 3226852.224707201123238 ], [ 560047.505065749282949, 3228617.969756834208965 ], [ 560023.983300598105416, 3229393.453139339573681 ], [ 559574.389658758067526, 3229845.383067245129496 ], [ 559647.938641327084042, 3230654.615117019973695 ], [ 561854.338909196667373, 3232516.747501928824931 ], [ 563058.041606040438637, 3232800.343497443478554 ], [ 566713.368971926392987, 3236001.193211769219488 ], [ 563078.15440481947735, 3232678.572250763420016 ] ] ], [ [ [ 548845.937828519614413, 3218166.010168470442295 ], [ 548886.943119131843559, 3218183.167973779607564 ], [ 548952.307682566810399, 3218196.666339428164065 ], [ 549038.853863008553162, 3218196.669058732222766 ], [ 549066.314642963348888, 3218194.844317767769098 ], [ 548845.937828519614413, 3218166.010168470442295 ] ] ] ] } },
{ "type": "Feature", "properties": { "t": "river" }, "geometry": { "type": "MultiPolygon", "coordinates": [ [ [ [ 594018.811132529051974, 3248992.650201712269336 ], [ 594198.216076038428582, 3248428.99080472253263 ], [ 594669.219935338594951, 3248014.827072321902961 ], [ 594208.474979275953956, 3248362.587996473535895 ], [ 593949.12357501022052, 3249202.618017450440675 ], [ 594016.739900991669856, 3249242.430503856856376 ], [ 594018.811132529051974, 3248992.650201712269336 ] ] ], [ [ [ 594784.966765480698086, 3247913.055939390789717 ], [ 594511.49152134580072, 3246946.698085936252028 ], [ 595329.904853118350729, 3245446.481762383598834 ], [ 595317.435204044100828, 3245353.102955926675349 ], [ 594482.736827116110362, 3246902.133325700648129 ], [ 594743.818881256273016, 3247949.235137089155614 ], [ 594784.966765480698086, 3247913.055939390789717 ] ] ], [ [ [ 595222.525557239772752, 3244642.432713580317795 ], [ 595190.304279939970002, 3244725.024656550958753 ], [ 595272.204546285793185, 3245014.408977583516389 ], [ 595222.525557239772752, 3244642.432713580317795 ] ] ], [ [ [ 595553.390203126124106, 3244273.739602089393884 ], [ 595506.701224232907407, 3243914.066043648868799 ], [ 595235.312206167262048, 3244609.657377487048507 ], [ 595553.390203126124106, 3244273.739602089393884 ] ] ], [ [ [ 595443.942478690412827, 3243430.6398437009193 ], [ 596185.996408812818117, 3242685.752217544708401 ], [ 596130.270150746684521, 3242660.733506133314222 ], [ 595424.892838024185039, 3243386.154626198112965 ], [ 595248.835158258327283, 3242376.280125153250992 ], [ 595671.946278137853369, 3241726.037530570290983 ], [ 595227.2465784373926, 3240314.984106718562543 ], [ 592401.139054135652259, 3237831.664128475356847 ], [ 592437.661374490940943, 3236923.30957978637889 ], [ 592151.905393447494134, 3236211.804237869102508 ], [ 592400.95920060062781, 3237853.824900470208377 ], [ 592832.92208103381563, 3238500.044698575045913 ], [ 593355.992426150711253, 3238692.702457290608436 ], [ 593807.38863508682698, 3239328.041179145686328 ], [ 595198.198514647549018, 3240303.659715454094112 ], [ 595623.66384751861915, 3241692.387479867786169 ], [ 595180.01718846464064, 3242475.435154048260301 ], [ 595485.484274030779488, 3243750.627913060598075 ], [ 595443.942478690412827, 3243430.6398437009193 ] ] ], [ [ [ 594704.809558940585703, 3249647.605244528502226 ], [ 594694.077398712746799, 3249496.931070536840707 ], [ 594039.804609184735455, 3249256.011160308495164 ], [ 594704.809558940585703, 3249647.605244528502226 ] ] ], [ [ [ 594762.273286054143682, 3250627.801829425152391 ], [ 595441.41702359681949, 3251808.132303062826395 ], [ 596803.967689791927114, 3252484.584266168996692 ], [ 595528.750987805658951, 3251808.868524204473943 ], [ 594772.256067459005862, 3250594.64114431431517 ], [ 594759.770520681864582, 3250419.312279990874231 ], [ 594762.273286054143682, 3250627.801829425152391 ] ] ] ] } },
{ "type": "Feature", "properties": { "t": "river" }, "geometry": { "type": "MultiPolygon", "coordinates": [ [ [ [ 572906.076500743161887, 3246155.717487510293722 ], [ 572775.908901675138623, 3245873.710375096648932 ], [ 572809.776770862517878, 3246033.212045580614358 ], [ 572639.160871290951036, 3246133.333964451681823 ], [ 572655.11891984147951, 3246160.281130590476096 ], [ 572655.672248934628442, 3246162.770665151532739 ], [ 572906.076500743161887, 3246155.717487510293722 ] ] ], [ [ [ 573175.481315704295412, 3245027.223453735932708 ], [ 573077.861677516251802, 3244805.234059765469283 ], [ 573098.236274920520373, 3244960.241999696940184 ], [ 572743.807106873136945, 3245722.530673692468554 ], [ 572767.562864240491763, 3245834.405244119465351 ], [ 573175.481315704295412, 3245027.223453735932708 ] ] ], [ [ [ 573171.548696942976676, 3242622.699879598803818 ], [ 572660.751841073622927, 3242009.989615393802524 ], [ 572820.397151440847665, 3241346.175469040405005 ], [ 572657.624952221289277, 3240979.474918393883854 ], [ 572611.768691245466471, 3242076.160193596500903 ], [ 573113.281602918868884, 3242622.324883684050292 ], [ 572913.085475680069067, 3243551.810737003572285 ], [ 572989.973869021632709, 3244136.647711859550327 ], [ 573171.548696942976676, 3242622.699879598803818 ] ] ] ] } },
{ "type": "Feature", "properties": { "t": "river" }, "geometry": { "type": "Polygon", "coordinates": [ [ [ 572613.184209709987044, 3241854.557350620161742 ], [ 572583.341258313390426, 3241965.172696193214506 ], [ 572611.768691245466471, 3242076.160193596500903 ], [ 572613.184209709987044, 3241854.557350620161742 ] ] ] } },
{ "type": "Feature", "properties": { "t": "river" }, "geometry": { "type": "Polygon", "coordinates": [ [ [ 549538.750201576040126, 3241597.628869403153658 ], [ 549491.300941081251949, 3241342.580340013839304 ], [ 549461.972355741541833, 3241386.773034056648612 ], [ 549538.750201576040126, 3241597.628869403153658 ] ] ] } },
{ "type": "Feature", "properties": { "t": "river" }, "geometry": { "type": "MultiPolygon", "coordinates": [ [ [ [ 570583.926827130140737, 3238628.427068533841521 ], [ 568555.990844713523984, 3238217.135596214793622 ], [ 568435.225206070346758, 3237296.733641426078975 ], [ 566849.013071814319119, 3236068.470494328532368 ], [ 568376.665176477399655, 3237340.703523780684918 ], [ 568257.686598320957273, 3237738.884733305312693 ], [ 568516.731226061005145, 3238283.381830733735114 ], [ 570486.232378620421514, 3238716.465548667591065 ], [ 570878.582957693492062, 3239101.944853638764471 ], [ 570583.926827130140737, 3238628.427068533841521 ] ] ], [ [ [ 571314.246718519367278, 3239907.239428255241364 ], [ 572618.279343800968491, 3241056.787656413856894 ], [ 572232.664364464697428, 3240600.028401588555425 ], [ 572542.275566822849214, 3240790.368710558395833 ], [ 572397.92464519594796, 3240578.918039746116847 ], [ 571324.51591827487573, 3239818.659573444630951 ], [ 571242.190745078958571, 3239686.336106011644006 ], [ 571314.246718519367278, 3239907.239428255241364 ] ] ] ] } },
{ "type": "Feature", "properties": { "t": "river" }, "geometry": { "type": "MultiPolygon", "coordinates": [ [ [ [ 588585.785094310878776, 3281938.270205146167427 ], [ 587821.421026122174226, 3281910.088527316693217 ], [ 587275.843383012805134, 3282371.253104746341705 ], [ 586268.295611845329404, 3282507.508264416828752 ], [ 587042.03817046363838, 3282568.902957815676928 ], [ 587908.259530246141367, 3281944.014571879990399 ], [ 588614.37991235172376, 3281993.904703355859965 ], [ 588827.075724038295448, 3282059.835789161734283 ], [ 588585.785094310878776, 3281938.270205146167427 ] ], [ [ 586742.219099835027009, 3282544.413587199989706 ], [ 587062.081515852594748, 3282480.405733159277588 ], [ 586896.967332120286301, 3282556.694806056562811 ], [ 586742.219099835027009, 3282544.413587199989706 ] ] ], [ [ [ 589016.321310454746708, 3282468.46203395165503 ], [ 589077.409340259735473, 3282185.965731762349606 ], [ 588984.304959755856544, 3282139.054335027001798 ], [ 589016.321310454746708, 3282468.46203395165503 ] ] ], [ [ [ 589070.711362878675573, 3283028.12106797657907 ], [ 589173.44889361737296, 3283089.384393734391779 ], [ 589049.843005146831274, 3282813.383189115207642 ], [ 589070.711362878675573, 3283028.12106797657907 ] ] ], [ [ [ 589918.262890620157123, 3283533.572670612018555 ], [ 589950.84083170001395, 3283512.348557480145246 ], [ 589444.545657191425562, 3283251.049714575987309 ], [ 589918.262890620157123, 3283533.572670612018555 ] ] ], [ [ [ 591391.783043753704987, 3283213.050792623311281 ], [ 593621.663075570017099, 3285037.817448516376317 ], [ 595556.80702476692386, 3286173.453158747404814 ], [ 596503.841596304206178, 3287422.768628695514053 ], [ 595566.765251352568157, 3286140.292350031901151 ], [ 593631.709095202735625, 3284993.573988621123135 ], [ 591498.407389693311416, 3283191.758018847554922 ], [ 590764.596959534334019, 3282986.314111239276826 ], [ 590672.285181494546123, 3283055.157152242958546 ], [ 591391.783043753704987, 3283213.050792623311281 ] ] ] ] } },
{ "type": "Feature", "properties": { "t": "river" }, "geometry": { "type": "MultiPolygon", "coordinates": [ [ [ [ 576394.391887973877601, 3274424.403939867392182 ], [ 576397.06227878225036, 3274423.475051266141236 ], [ 576394.425375546445139, 3274423.291802603751421 ], [ 576394.391887973877601, 3274424.403939867392182 ] ] ], [ [ [ 579120.276651527266949, 3269611.516198059078306 ], [ 577519.707211664528586, 3269942.517657705582678 ], [ 577531.730259934091009, 3269993.724430624395609 ], [ 577548.353873202810064, 3270049.17539898166433 ], [ 579120.276651527266949, 3269611.516198059078306 ] ] ], [ [ [ 575482.944819657597691, 3274705.87738990271464 ], [ 575403.944736560573801, 3274770.764823839534074 ], [ 575360.828507818747312, 3274813.754332911688834 ], [ 575288.83515423128847, 3274900.237882278859615 ], [ 575256.469334152410738, 3274968.474801309406757 ], [ 575252.062264375272207, 3274975.824775878805667 ], [ 575520.503388350363821, 3274728.426007677800953 ], [ 576184.709181474405341, 3274497.343984505161643 ], [ 575482.944819657597691, 3274705.87738990271464 ] ] ], [ [ [ 574905.628487167763524, 3275444.583792617544532 ], [ 574656.781748607056215, 3275434.128237497992814 ], [ 574618.002408916829154, 3275436.133239614311606 ], [ 574579.246992380474694, 3275430.871665294282138 ], [ 572398.29729099816177, 3275339.48882846487686 ], [ 574808.576652641524561, 3275477.1802739482373 ], [ 575215.665022779256105, 3276865.047752293292433 ], [ 575490.894865443115123, 3276967.678699741605669 ], [ 575207.022727588424459, 3276709.853137784637511 ], [ 574914.350446310825646, 3275588.697128910571337 ], [ 574981.495978738064878, 3275369.438928641844541 ], [ 574963.323595492169261, 3275371.392274843063205 ], [ 574934.488836964475922, 3275378.610511810984462 ], [ 574905.628487167763524, 3275444.583792617544532 ] ] ], [ [ [ 575878.990140263107605, 3277567.62966168904677 ], [ 576438.160939266555943, 3277914.943642112892121 ], [ 577302.81833643047139, 3277477.617770237382501 ], [ 578948.801630625268444, 3277466.915889047086239 ], [ 579803.441718871938065, 3277096.196642705705017 ], [ 581602.548490893328562, 3277341.843916916754097 ], [ 582543.368765642168, 3277116.015723088756204 ], [ 583791.236526563880034, 3278565.852938846684992 ], [ 584375.249543244135566, 3278786.48720841947943 ], [ 584361.55353833117988, 3278680.942932551726699 ], [ 583753.424635782488622, 3278443.674422651529312 ], [ 582553.458075300557539, 3277060.682909938506782 ], [ 585483.946255446993746, 3276218.266997303813696 ], [ 588742.863340611336753, 3276764.391484627965838 ], [ 589015.432985030114651, 3276685.571391538251191 ], [ 585406.90719728730619, 3276162.273214390967041 ], [ 581690.085570103721693, 3277287.073934680316597 ], [ 579755.348208269337192, 3277051.529440531041473 ], [ 578997.59853249869775, 3277411.852797906845808 ], [ 577468.165934046497568, 3277367.945504489354789 ], [ 576448.370426552835852, 3277837.444507084786892 ], [ 575727.981393435853533, 3277183.026308153290302 ], [ 575878.990140263107605, 3277567.62966168904677 ] ], [ [ 587582.473927849787287, 3276566.890005622524768 ], [ 587631.058528225286864, 3276545.106106739491224 ], [ 587669.614771464955993, 3276567.570298879873008 ], [ 587582.473927849787287, 3276566.890005622524768 ] ] ], [ [ [ 591659.236565063823946, 3275921.450996415223926 ], [ 591297.299236978404224, 3275798.611431517172605 ], [ 589486.126053183572367, 3276549.477245895657688 ], [ 591659.236565063823946, 3275921.450996415223926 ] ], [ [ 591267.889756254269741, 3275842.698961907532066 ], [ 591335.851180197787471, 3275821.088308406062424 ], [ 591412.954611335415393, 3275866.042472980450839 ], [ 591364.449429907370359, 3275876.729308262001723 ], [ 591267.889756254269741, 3275842.698961907532066 ] ] ], [ [ [ 593131.566950493608601, 3276478.580339538864791 ], [ 595239.108976039569825, 3275690.357502274680883 ], [ 594522.325141952489503, 3275758.808607653249055 ], [ 593170.664902481948957, 3276434.577873857226223 ], [ 592696.669638818246312, 3276273.630287316162139 ], [ 593131.566950493608601, 3276478.580339538864791 ] ] ], [ [ [ 584441.33413719246164, 3279656.714839203748852 ], [ 584596.51092048373539, 3279856.220689745619893 ], [ 584489.648554359795526, 3279668.160333620384336 ], [ 584401.499919392284937, 3278988.784562718123198 ], [ 584441.33413719246164, 3279656.714839203748852 ] ] ], [ [ [ 585428.712778839981183, 3280926.318612594623119 ], [ 585429.801963401027024, 3280783.438843681942672 ], [ 585198.613740789005533, 3280630.415273618884385 ], [ 585428.712778839981183, 3280926.318612594623119 ] ] ], [ [ [ 585377.609593956265599, 3281281.710938139818609 ], [ 585959.987289604963735, 3282327.832276201341301 ], [ 586268.295611845329404, 3282507.508264416828752 ], [ 586558.86735956161283, 3282476.505359779577702 ], [ 586008.373830826836638, 3282328.203726701904088 ], [ 585425.578187574865296, 3281337.484333246946335 ], [ 585428.182926215813495, 3280995.822899759747088 ], [ 585377.609593956265599, 3281281.710938139818609 ] ] ] ] } },
{ "type": "Feature", "properties": { "t": "river" }, "geometry": { "type": "MultiPolygon", "coordinates": [ [ [ [ 575413.352984998375177, 3317668.500562882050872 ], [ 575475.500560143613257, 3317334.238813386764377 ], [ 575384.413725135847926, 3317668.303224511444569 ], [ 573975.746279651881196, 3319143.749842102639377 ], [ 575413.352984998375177, 3317668.500562882050872 ] ] ], [ [ [ 576307.840120604843833, 3315258.798332011792809 ], [ 576705.765321297571063, 3315079.314858234953135 ], [ 576269.551444392418489, 3315214.207146018277854 ], [ 575948.486626580357552, 3315599.862304648384452 ], [ 575888.771864553331397, 3315818.798956754617393 ], [ 576307.840120604843833, 3315258.798332011792809 ] ] ], [ [ [ 577151.248143020202406, 3314878.404370682314038 ], [ 576826.065526623628102, 3314696.39223144762218 ], [ 577068.466458715731278, 3314915.736590167973191 ], [ 577151.248143020202406, 3314878.404370682314038 ] ] ], [ [ [ 577953.40016971307341, 3314516.701182580087334 ], [ 579053.174072346882895, 3314557.746051009278744 ], [ 579917.792435303796083, 3313754.975907028187066 ], [ 581183.638564739143476, 3313531.463960413821042 ], [ 582135.43343713064678, 3312718.418535403441638 ], [ 582937.53399576281663, 3312580.329536751843989 ], [ 584395.734849590575323, 3311206.093420807272196 ], [ 584417.114943034248427, 3309665.861816518940032 ], [ 584240.469517064630054, 3309370.372044425923377 ], [ 584339.970697608427145, 3309654.192873114254326 ], [ 584367.452988227712922, 3311117.22222656942904 ], [ 582860.740450107492507, 3312524.345057677477598 ], [ 582107.055810149642639, 3312640.634580702055246 ], [ 581019.829508454888128, 3313497.018505638465285 ], [ 579831.3426511825528, 3313698.942857016809285 ], [ 579179.564809469506145, 3314425.666805887594819 ], [ 577876.596234766184352, 3314460.751374833285809 ], [ 577390.112573374644853, 3314770.68806669767946 ], [ 577953.40016971307341, 3314516.701182580087334 ] ] ], [ [ [ 583400.179004063480534, 3306244.940363004337996 ], [ 584417.006566422525793, 3304601.421985483728349 ], [ 584705.449925397639163, 3303506.510824648663402 ], [ 585657.148992268717848, 3302848.890689349267632 ], [ 585770.412807995919138, 3301941.048812942113727 ], [ 585590.619117215857841, 3301452.061039984226227 ], [ 584880.713821558747441, 3300792.79201733879745 ], [ 584235.65607043390628, 3299214.272505186498165 ], [ 583428.312072190339677, 3298631.94059829832986 ], [ 583296.675378055777401, 3298143.357802093960345 ], [ 583600.029047424322926, 3297570.40725738927722 ], [ 583503.681134919053875, 3297601.90220102854073 ], [ 583258.021143638878129, 3298143.068739477079362 ], [ 583351.172885436448269, 3298609.199337453581393 ], [ 584158.606216370593756, 3299180.444342998787761 ], [ 584746.299845025874674, 3300680.948968871030957 ], [ 585703.388415630091913, 3301862.958900022320449 ], [ 585560.38322609604802, 3302870.309311614371836 ], [ 584569.4660522157792, 3303605.21214341185987 ], [ 584300.017805414739996, 3304744.59814501227811 ], [ 583362.384867309825495, 3306133.837774463929236 ], [ 583385.362021490116604, 3306931.905866158660501 ], [ 583917.19448405248113, 3308448.363332747481763 ], [ 583400.179004063480534, 3306244.940363004337996 ] ] ], [ [ [ 587572.515843759290874, 3296369.816856421064585 ], [ 587854.728173936251551, 3296128.237274723127484 ], [ 588181.838981171371415, 3295100.207489415071905 ], [ 588618.936436997028068, 3294837.708561045583338 ], [ 588845.416406036238186, 3294318.663126127794385 ], [ 589580.642140492098406, 3294258.053564484696835 ], [ 589750.814010204048827, 3294735.943371324799955 ], [ 590438.314756517764181, 3294597.433541698381305 ], [ 591043.883872275007889, 3295023.475400912575424 ], [ 591556.568667705520056, 3294983.346018808428198 ], [ 592256.955910707241856, 3294457.184467056766152 ], [ 593125.870906414464116, 3294597.391205351799726 ], [ 594640.670468536089174, 3293812.237149432301521 ], [ 595109.720666548120789, 3293228.877688157372177 ], [ 596329.812517324462533, 3293017.704055802896619 ], [ 595042.327371761668473, 3293195.057186596561223 ], [ 594456.893086973694153, 3293821.761353538837284 ], [ 593165.186359218787402, 3294520.145547757390887 ], [ 592218.746330709778704, 3294401.458529470488429 ], [ 591160.062211211072281, 3295002.260839478578418 ], [ 590554.40614865871612, 3294587.293795214034617 ], [ 589751.527574900188483, 3294647.293916145805269 ], [ 589600.243349974043667, 3294224.965368652716279 ], [ 588913.968833851628006, 3294208.390830060001463 ], [ 588113.999730120995082, 3295121.834812602959573 ], [ 587679.879141102079302, 3296237.678813370876014 ], [ 583634.888750194921158, 3297559.012298932299018 ], [ 587572.515843759290874, 3296369.816856421064585 ] ] ], [ [ [ 575855.112589096534066, 3313737.480967889539897 ], [ 575967.493755837436765, 3312829.546056130435318 ], [ 574974.623833937570453, 3311227.012508471030742 ], [ 575192.033815238974057, 3311904.47060258127749 ], [ 575947.888534835423343, 3312873.738674602471292 ], [ 575797.820283289300278, 3313648.434440749231726 ], [ 575433.862255025887862, 3313592.310520418919623 ], [ 575777.837910404778086, 3313748.033640573266894 ], [ 576112.33118820108939, 3314050.629373555537313 ], [ 575855.112589096534066, 3313737.480967889539897 ] ] ], [ [ [ 573941.303821046720259, 3312749.344716835301369 ], [ 573988.298886804142967, 3312938.047626760788262 ], [ 574594.279043103684671, 3313212.281968562398106 ], [ 573941.303821046720259, 3312749.344716835301369 ] ] ] ] } },
{ "type": "Feature", "properties": { "t": "lake" }, "geometry": { "type": "Polygon", "coordinates": [ [ [ 594127.950713053229265, 3308691.221206176560372 ], [ 593974.978699443046935, 3308512.60822570649907 ], [ 593983.41305690491572, 3308656.748986046295613 ], [ 594127.950713053229265, 3308691.221206176560372 ] ] ] } },
{ "type": "Feature", "properties": { "t": "lake" }, "geometry": { "type": "Polygon", "coordinates": [ [ [ 594497.374895333778113, 3308395.140561849810183 ], [ 594382.081869432702661, 3308327.665583785623312 ], [ 594475.705905301496387, 3308672.012792860157788 ], [ 594497.374895333778113, 3308395.140561849810183 ] ] ] } },
{ "type": "Feature", "properties": { "t": "lake" }, "geometry": { "type": "Polygon", "coordinates": [ [ [ 595358.755681971437298, 3308158.700117609929293 ], [ 595321.753556845593266, 3307969.983199899084866 ], [ 595175.878891657921486, 3308090.636212905403227 ], [ 595358.755681971437298, 3308158.700117609929293 ] ] ] } },
{ "type": "Feature", "properties": { "t": "river" }, "geometry": { "type": "MultiPolygon", "coordinates": [ [ [ [ 569751.609086613869295, 3314461.982949966099113 ], [ 569704.981861375155859, 3314331.956860992591828 ], [ 569722.661731331143528, 3314461.800590236671269 ], [ 569488.230710590491071, 3314914.673088600393385 ], [ 569551.970112863578834, 3315018.49447405571118 ], [ 569751.609086613869295, 3314461.982949966099113 ] ] ], [ [ [ 569625.021724244346842, 3313109.229272331111133 ], [ 569974.952623054618016, 3312712.49673491762951 ], [ 569971.07097419607453, 3311810.835435683839023 ], [ 569951.52784996223636, 3311836.9025415815413 ], [ 569955.86127505893819, 3312679.131334553472698 ], [ 569684.387561392039061, 3312876.888986708130687 ], [ 569483.6038621829357, 3312576.424600961618125 ], [ 569814.52289656479843, 3312135.241402972023934 ], [ 569464.37183483701665, 3312565.222394565120339 ], [ 569590.353734542266466, 3313490.193751285318285 ], [ 569625.021724244346842, 3313109.229272331111133 ] ] ], [ [ [ 570758.328510886873119, 3316983.911518688779324 ], [ 572119.376196748460643, 3318344.674864887725562 ], [ 570825.57321302278433, 3317028.668713485822082 ], [ 569943.110932311858051, 3315655.653162631206214 ], [ 570758.328510886873119, 3316983.911518688779324 ] ] ] ] } },
{ "type": "Feature", "properties": { "t": "river" }, "geometry": { "type": "Polygon", "coordinates": [ [ [ 571735.065290465950966, 3313643.533098136074841 ], [ 571695.102577192825265, 3313853.82592396158725 ], [ 571731.978260312462226, 3314120.024839763063937 ], [ 571735.065290465950966, 3313643.533098136074841 ] ] ] } },
{ "type": "Feature", "properties": { "t": "lake" }, "geometry": { "type": "Polygon", "coordinates": [ [ [ 545743.778321261052042, 3316940.812568021006882 ], [ 545531.506925841094926, 3316951.017791517544538 ], [ 545521.267373206675984, 3317095.030710645020008 ], [ 545743.778321261052042, 3316940.812568021006882 ] ] ] } },
{ "type": "Feature", "properties": { "t": "river" }, "geometry": { "type": "Polygon", "coordinates": [ [ [ 549621.610621784348041, 3163376.722466453444213 ], [ 550698.560367642785423, 3163060.048844258766621 ], [ 550729.47888472978957, 3162694.578142893034965 ], [ 550466.083474468090571, 3162549.413794303778559 ], [ 550575.369684884906746, 3162151.044318071100861 ], [ 550334.617293767398223, 3162521.311123149003834 ], [ 550348.836789724999107, 3162526.751158654689789 ], [ 550329.184509116108529, 3162548.824495592620224 ], [ 550325.346587309497409, 3162535.569631207268685 ], [ 550309.579908909625374, 3162559.819152839016169 ], [ 550659.735747777740471, 3162993.407173730898649 ], [ 549563.178412610315718, 3163321.080303300637752 ], [ 548656.429740379448049, 3165045.585985688492656 ], [ 549621.610621784348041, 3163376.722466453444213 ] ], [ [ 550709.922124735079706, 3162694.493415801785886 ], [ 550719.316523030400276, 3162783.165525371208787 ], [ 550680.34718308376614, 3162749.759977116249502 ], [ 550709.922124735079706, 3162694.493415801785886 ] ] ] } },
{ "type": "Feature", "properties": { "t": "river" }, "geometry": { "type": "Polygon", "coordinates": [ [ [ 551962.637204403872602, 3162456.249787513166666 ], [ 552159.442910180427134, 3162180.151226497720927 ], [ 551855.563334159785882, 3162344.985646002925932 ], [ 551602.147528300643899, 3162155.52415685961023 ], [ 551962.637204403872602, 3162456.249787513166666 ] ] ] } },
{ "type": "Feature", "properties": { "t": "river" }, "geometry": { "type": "Polygon", "coordinates": [ [ [ 552650.57599553023465, 3161694.875467964448035 ], [ 552210.164602103759535, 3161770.456403714139014 ], [ 552091.53324787854217, 3162057.980554251465946 ], [ 552650.57599553023465, 3161694.875467964448035 ] ] ] } },
{ "type": "Feature", "properties": { "t": "river" }, "geometry": { "type": "Polygon", "coordinates": [ [ [ 551331.15641430451069, 3161511.755465584341437 ], [ 550615.39485347957816, 3161940.71788474265486 ], [ 551350.375152780092321, 3161589.392153643537313 ], [ 551553.692301738657989, 3162055.600330671761185 ], [ 551331.15641430451069, 3161511.755465584341437 ] ] ] } },
{ "type": "Feature", "properties": { "t": "river" }, "geometry": { "type": "Polygon", "coordinates": [ [ [ 553345.961859379312955, 3161465.364182657096535 ], [ 553431.421944664791226, 3159881.46446015778929 ], [ 554090.771958399098366, 3159009.252823891118169 ], [ 554231.760856709559448, 3158134.668715517967939 ], [ 554782.618895053863525, 3157483.572235854808241 ], [ 554192.734325797762722, 3158112.330459419637918 ], [ 554071.822122553596273, 3158876.218216872774065 ], [ 553352.923663817811757, 3159936.501500825863332 ], [ 553317.22870533762034, 3161332.285895577166229 ], [ 552748.36838947434444, 3161695.315512640401721 ], [ 553345.961859379312955, 3161465.364182657096535 ] ] ] } },
{ "type": "Feature", "properties": { "t": "river" }, "geometry": { "type": "Polygon", "coordinates": [ [ [ 555239.094149654032663, 3156111.926510455552489 ], [ 556041.852901590405963, 3156016.02200887305662 ], [ 556850.473419180954807, 3154712.596835110802203 ], [ 556240.824309669202194, 3155330.080359490122646 ], [ 556042.117402154486626, 3155960.628637384157628 ], [ 555219.786916977725923, 3156056.441090877167881 ], [ 554733.808379200054333, 3157461.186532427091151 ], [ 555239.094149654032663, 3156111.926510455552489 ] ] ] } },
{ "type": "Feature", "properties": { "t": "river" }, "geometry": { "type": "Polygon", "coordinates": [ [ [ 558549.375199100119062, 3153502.260529530234635 ], [ 560883.444119950989261, 3154444.76098094927147 ], [ 558579.009865455562249, 3153447.013559376355261 ], [ 558079.201872722362168, 3153588.558083150535822 ], [ 556850.795241172541864, 3154646.124851678032428 ], [ 558549.375199100119062, 3153502.260529530234635 ] ] ] } },
{ "type": "Feature", "properties": { "t": "river" }, "geometry": { "type": "MultiPolygon", "coordinates": [ [ [ [ 595097.491155094699934, 3133587.145453339908272 ], [ 596519.975710121449083, 3133476.783097670413554 ], [ 596875.415002652094699, 3133315.50586354592815 ], [ 596324.266408886294812, 3133430.870195320807397 ], [ 595032.301842718850821, 3133537.579420209862292 ], [ 595097.491155094699934, 3133587.145453339908272 ] ] ], [ [ [ 597287.562619470176287, 3133128.5164875369519 ], [ 597360.610363056184724, 3132918.328813609667122 ], [ 597198.497261120239273, 3133168.923305734060705 ], [ 597287.562619470176287, 3133128.5164875369519 ] ] ], [ [ [ 597418.111508995294571, 3132752.880187732167542 ], [ 597180.167438560631126, 3132408.306282830890268 ], [ 597077.238211275078356, 3132473.088362528942525 ], [ 597398.195389805478044, 3132810.184514700900763 ], [ 597418.111508995294571, 3132752.880187732167542 ] ] ] ] } },
{ "type": "Feature", "properties": { "t": "river" }, "geometry": { "type": "Polygon", "coordinates": [ [ [ 590574.984814416617155, 3131402.257578050717711 ], [ 593102.407185315154493, 3131855.151352997403592 ], [ 593101.304658649023622, 3131853.945075186900795 ], [ 590557.353683952824213, 3131370.983904094435275 ], [ 590574.984814416617155, 3131402.257578050717711 ] ] ] } },
{ "type": "Feature", "properties": { "t": "river" }, "geometry": { "type": "Polygon", "coordinates": [ [ [ 589762.100332553382032, 3129977.904926149174571 ], [ 589665.127440396579914, 3129833.138701557647437 ], [ 589742.487849344382994, 3129977.756411739625037 ], [ 589762.100332553382032, 3129977.904926149174571 ] ] ] } },
{ "type": "Feature", "properties": { "t": "river" }, "geometry": { "type": "Polygon", "coordinates": [ [ [ 589446.936644476139918, 3128856.504174712114036 ], [ 589356.334361107903533, 3129166.043660541065037 ], [ 589664.959825273253955, 3129855.296234765090048 ], [ 589446.936644476139918, 3128856.504174712114036 ] ] ] } },
{ "type": "Feature", "properties": { "t": "river" }, "geometry": { "type": "MultiPolygon", "coordinates": [ [ [ [ 590279.280711842817254, 3129029.003272626083344 ], [ 590432.375765159144066, 3128795.919549965765327 ], [ 590177.598296386189759, 3129022.668715236242861 ], [ 590279.280711842817254, 3129029.003272626083344 ] ] ], [ [ [ 590547.200922411167994, 3128621.107997848186642 ], [ 589684.312152189901099, 3127296.105332261417061 ], [ 590500.460905813029967, 3128692.264967196621001 ], [ 590547.200922411167994, 3128621.107997848186642 ] ] ] ] } },
{ "type": "Feature", "properties": { "t": "river" }, "geometry": { "type": "MultiPolygon", "coordinates": [ [ [ [ 586682.051614652387798, 3128736.256043089553714 ], [ 586595.577569494955242, 3128458.772400388494134 ], [ 586576.113544562482275, 3128469.579230810049921 ], [ 586557.145573375746608, 3128380.80650666821748 ], [ 586595.079785163630731, 3128457.17511928267777 ], [ 586478.756151189911179, 3128083.931256046984345 ], [ 586593.544082362321205, 3128768.847249971237034 ], [ 586239.841302913613617, 3128854.903796775732189 ], [ 585663.943953023175709, 3128474.034417632501572 ], [ 586249.245470016612671, 3128910.368601396214217 ], [ 586682.051614652387798, 3128736.256043089553714 ] ] ], [ [ [ 587729.728401594096795, 3127647.108600989915431 ], [ 588177.104529352858663, 3126841.635496647562832 ], [ 588486.086657073930837, 3126759.216194036416709 ], [ 588187.324989325832576, 3126786.314900087658316 ], [ 587612.112721311859787, 3127635.160075003746897 ], [ 586424.361108985962346, 3127759.398778207600117 ], [ 586432.150289455312304, 3127805.86945344042033 ], [ 586463.350876772659831, 3127792.920718642883003 ], [ 586482.643749849987216, 3127837.378447638824582 ], [ 586444.540583444526419, 3127879.791479840874672 ], [ 586453.318612707778811, 3127932.162925151642412 ], [ 587729.728401594096795, 3127647.108600989915431 ] ] ], [ [ [ 589606.346515849232674, 3127229.040079759433866 ], [ 588746.098116564564407, 3126834.797870896756649 ], [ 588972.589584717876278, 3126717.970792489591986 ], [ 588975.106432221946307, 3126382.260199925862253 ], [ 588864.633586197975092, 3126724.891653996426612 ], [ 588558.431462483364157, 3126752.65542042767629 ], [ 589606.346515849232674, 3127229.040079759433866 ] ] ], [ [ [ 589169.54239089274779, 3126616.385462590027601 ], [ 589158.108527674805373, 3125742.052590857259929 ], [ 589028.888661673408933, 3125751.142019274178892 ], [ 589107.230762653634883, 3126648.524336644914001 ], [ 589169.54239089274779, 3126616.385462590027601 ] ] ], [ [ [ 589675.409986331360415, 3125877.880932134110481 ], [ 589598.187192342127673, 3125711.107748681679368 ], [ 589319.602918682037853, 3125730.694940868765116 ], [ 589675.409986331360415, 3125877.880932134110481 ] ] ] ] } },
{ "type": "Feature", "properties": { "t": "river" }, "geometry": { "type": "MultiPolygon", "coordinates": [ [ [ [ 591850.908979455125518, 3126458.217494450043887 ], [ 589743.993646049173549, 3125889.478573597967625 ], [ 591642.615158239030279, 3126480.11342411627993 ], [ 591850.908979455125518, 3126458.217494450043887 ] ] ], [ [ [ 593704.382318443618715, 3126263.543855386320502 ], [ 592684.465005069621839, 3126222.297340806573629 ], [ 592845.861729588126764, 3126053.102367117069662 ], [ 593181.283787367749028, 3125417.387154720257968 ], [ 592805.642574829980731, 3125780.066443913150579 ], [ 592857.810892296722159, 3125381.614573088474572 ], [ 592635.417946750065312, 3126221.914446989540011 ], [ 592206.89001158089377, 3126420.805258671287447 ], [ 593704.382318443618715, 3126263.543855386320502 ] ], [ [ 592735.849000287242234, 3125923.55374148208648 ], [ 592834.812003550585359, 3125813.532841183710843 ], [ 592785.070492354338057, 3125901.779486593790352 ], [ 592735.849000287242234, 3125923.55374148208648 ] ] ] ] } },
{ "type": "Feature", "properties": { "t": "river" }, "geometry": { "type": "MultiPolygon", "coordinates": [ [ [ [ 593870.441187800839543, 3126353.491880781482905 ], [ 594458.223301771329716, 3126338.243845905642956 ], [ 594027.653800437692553, 3126321.497853544075042 ], [ 593870.441187800839543, 3126353.491880781482905 ] ] ], [ [ [ 594851.640640218392946, 3126328.05422641383484 ], [ 595226.885644403519109, 3126020.832229287363589 ], [ 595645.932611976168118, 3126367.667106590233743 ], [ 595217.253743997076526, 3125998.595916028134525 ], [ 594769.445649510365911, 3126330.182021343614906 ], [ 594851.640640218392946, 3126328.05422641383484 ] ] ] ] } },
{ "type": "Feature", "properties": { "t": "river" }, "geometry": { "type": "Polygon", "coordinates": [ [ [ 593454.134963776217774, 3125652.200302308425307 ], [ 593196.555278320563957, 3125971.4796252688393 ], [ 593433.904809480998665, 3125729.597289396915585 ], [ 593454.134963776217774, 3125652.200302308425307 ] ] ] } },
{ "type": "Feature", "properties": { "t": "river" }, "geometry": { "type": "Polygon", "coordinates": [ [ [ 597146.316714027663693, 3160915.753289172891527 ], [ 597326.534563309629448, 3161593.136532076634467 ], [ 597482.74007131846156, 3161627.675968256779015 ], [ 597244.820158680551685, 3160793.587355789728463 ], [ 597146.316714027663693, 3160915.753289172891527 ] ] ] } },
{ "type": "Feature", "properties": { "t": "river" }, "geometry": { "type": "MultiPolygon", "coordinates": [ [ [ [ 567181.901546772918664, 3154040.369972954038531 ], [ 567187.798396997503005, 3154035.972047539427876 ], [ 567188.603320924565196, 3154037.823175372555852 ], [ 567201.169155505369417, 3154033.047940083313733 ], [ 567197.647618430084549, 3154024.949252436403185 ], [ 567222.112236463231966, 3154025.089244101196527 ], [ 567423.167296936386265, 3153948.687638781964779 ], [ 568019.338372484780848, 3154085.074828397482634 ], [ 568464.899730426725, 3154874.28522377088666 ], [ 568569.616175347357057, 3154869.852403128519654 ], [ 568097.81756010861136, 3154052.292096418794245 ], [ 567531.258227716083638, 3153871.754575248342007 ], [ 565010.683879640419036, 3154865.731224759481847 ], [ 567181.901546772918664, 3154040.369972954038531 ] ] ], [ [ [ 568924.932447989471257, 3154854.818257494829595 ], [ 569083.450737017556094, 3154523.373975942377001 ], [ 568580.564912293339148, 3154869.388979035895318 ], [ 568924.932447989471257, 3154854.818257494829595 ] ] ] ] } },
{ "type": "Feature", "properties": { "t": "river" }, "geometry": { "type": "Polygon", "coordinates": [ [ [ 561870.60257453052327, 3154671.500866452697664 ], [ 561811.949542372254655, 3154660.112946828827262 ], [ 561880.329417473054491, 3154682.631149418652058 ], [ 563544.656977186095901, 3154536.412844396196306 ], [ 564452.324550835066475, 3154973.4439139473252 ], [ 565010.683879640419036, 3154865.731224759481847 ], [ 564364.68456160929054, 3154895.409534202422947 ], [ 563456.947907183668576, 3154469.464192855171859 ], [ 562066.482772730989382, 3154639.297482261434197 ], [ 561059.754136749077588, 3154412.439349469263107 ], [ 561789.156194176059216, 3154652.606968970503658 ], [ 561870.60257453052327, 3154671.500866452697664 ] ] ] } },
{ "type": "Feature", "properties": { "t": "river" }, "geometry": { "type": "Polygon", "coordinates": [ [ [ 569378.454556050943211, 3154281.370770682115108 ], [ 571408.805159915122204, 3153517.993476964067668 ], [ 571509.972626547561958, 3152975.726392076350749 ], [ 571163.811135221505538, 3153571.902980020735413 ], [ 569388.698413246194832, 3154203.876916453707963 ], [ 569082.212382660829462, 3154733.871385127771646 ], [ 569378.454556050943211, 3154281.370770682115108 ] ] ] } },
{ "type": "Feature", "properties": { "t": "river" }, "geometry": { "type": "MultiPolygon", "coordinates": [ [ [ [ 546160.3479144241428, 3165822.070225300267339 ], [ 546107.144007939146832, 3165757.605057901702821 ], [ 545795.391853130073287, 3166651.552334821317345 ], [ 546160.3479144241428, 3165822.070225300267339 ] ] ], [ [ [ 545839.269321298226714, 3165433.046138443052769 ], [ 546368.756464527919888, 3165036.293453644961119 ], [ 546730.393772518378682, 3165059.890434352215379 ], [ 546952.047482350375503, 3165858.45902531221509 ], [ 547401.415003688423894, 3165937.824421962257475 ], [ 548300.956391881220043, 3165897.189910427201539 ], [ 548410.552599468268454, 3165399.091310994233936 ], [ 548176.930364143336192, 3165154.390368172898889 ], [ 548656.429740379448049, 3165045.585985688492656 ], [ 548109.088679533684626, 3165010.085220367647707 ], [ 548271.995246518636122, 3165808.438875059131533 ], [ 547538.544082473148592, 3165871.907617038115859 ], [ 546962.446072977152653, 3165703.396085444837809 ], [ 546828.06863543856889, 3165082.438857357017696 ], [ 546379.016031734645367, 3164914.466389341279864 ], [ 545829.97083227976691, 3165311.14199032029137 ], [ 545779.528877308941446, 3165709.784249827265739 ], [ 546094.721314557245933, 3165742.553088448010385 ], [ 545839.269321298226714, 3165433.046138443052769 ] ] ] ] } },
{ "type": "Feature", "properties": { "t": "river" }, "geometry": { "type": "Polygon", "coordinates": [ [ [ 593245.891763798776083, 3187498.652257798239589 ], [ 592991.287119771004654, 3187607.412113822996616 ], [ 592863.188281721435487, 3187761.511041920632124 ], [ 593245.891763798776083, 3187498.652257798239589 ] ] ] } },
{ "type": "Feature", "properties": { "t": "river" }, "geometry": { "type": "MultiPolygon", "coordinates": [ [ [ [ 593519.571556674083695, 3187445.453545009717345 ], [ 593619.57079915329814, 3186976.51699703745544 ], [ 593552.241879873909056, 3187024.662293926812708 ], [ 593478.177098001586273, 3187454.893422449473292 ], [ 593519.571556674083695, 3187445.453545009717345 ] ] ], [ [ [ 594985.036010636133142, 3186169.19067771313712 ], [ 594808.783598250010982, 3186126.268257323186845 ], [ 593665.368536865222268, 3186943.768578986171633 ], [ 594985.036010636133142, 3186169.19067771313712 ] ] ], [ [ [ 595411.458533596014604, 3185656.230288635008037 ], [ 595408.03047103935387, 3185654.720640606246889 ], [ 595386.65275090013165, 3185691.185126168653369 ], [ 595411.458533596014604, 3185656.230288635008037 ] ] ], [ [ [ 596012.871203122544102, 3185692.949117798358202 ], [ 596258.70645114663057, 3185473.376104267779738 ], [ 595896.021051588701084, 3185668.254110509064049 ], [ 596012.871203122544102, 3185692.949117798358202 ] ] ] ] } },
{ "type": "Feature", "properties": { "t": "river" }, "geometry": { "type": "Polygon", "coordinates": [ [ [ 597286.117282015271485, 3185171.687350293621421 ], [ 596495.159072884824127, 3185209.408216641284525 ], [ 596268.925957352505066, 3185418.058594828471541 ], [ 597286.117282015271485, 3185171.687350293621421 ] ] ] } },
{ "type": "Feature", "properties": { "t": "river" }, "geometry": { "type": "MultiPolygon", "coordinates": [ [ [ [ 565726.879950142581947, 3194378.903552631381899 ], [ 566022.095259594265372, 3193915.236561827361584 ], [ 566191.496140015078709, 3192804.789862338453531 ], [ 566135.195871864329092, 3192896.549769528675824 ], [ 566022.53774658893235, 3193837.681137399282306 ], [ 565141.385589634533972, 3194442.07036365615204 ], [ 565726.879950142581947, 3194378.903552631381899 ] ], [ [ 565924.129422907019034, 3193992.23597417306155 ], [ 565747.643120176857337, 3194157.427397179882973 ], [ 565894.809329828480259, 3194003.148674997966737 ], [ 565924.129422907019034, 3193992.23597417306155 ] ], [ [ 565679.189109993400052, 3194190.277734528295696 ], [ 565708.697273969417438, 3194146.126457398291677 ], [ 565718.386546417954378, 3194157.261189871933311 ], [ 565679.189109993400052, 3194190.277734528295696 ] ] ], [ [ [ 566749.796574860461988, 3191182.724378413520753 ], [ 566283.091910607065074, 3190914.132292255293578 ], [ 565947.596600114717148, 3189870.730174636468291 ], [ 566311.785920751281083, 3191014.01353661948815 ], [ 566730.28714781999588, 3191182.611971565056592 ], [ 566759.571608143975027, 3191286.874243371188641 ], [ 566749.796574860461988, 3191182.724378413520753 ] ] ] ] } },
{ "type": "Feature", "properties": { "t": "river" }, "geometry": { "type": "MultiPolygon", "coordinates": [ [ [ [ 572848.142809351324104, 3190879.01575386710465 ], [ 572938.632453823811375, 3190533.091409961227328 ], [ 572722.554027103586122, 3190764.409457772038877 ], [ 572786.228111344273202, 3190877.823566315695643 ], [ 572770.842701202025637, 3190842.271462243515998 ], [ 572848.142809351324104, 3190879.01575386710465 ] ] ], [ [ [ 572803.899547608802095, 3190909.299798260908574 ], [ 572828.676792960381135, 3190953.433190315961838 ], [ 572839.408783387392759, 3190912.405306346248835 ], [ 572803.899547608802095, 3190909.299798260908574 ] ] ] ] } },
{ "type": "Feature", "properties": { "t": "river" }, "geometry": { "type": "Polygon", "coordinates": [ [ [ 572939.120679120533168, 3190455.535695361439139 ], [ 572599.76317405665759, 3190121.009930679108948 ], [ 572776.966189144179225, 3189867.285716642159969 ], [ 572570.357287707272917, 3190142.985363385174423 ], [ 572792.92845227161888, 3190432.456680435687304 ], [ 572939.120679120533168, 3190455.535695361439139 ] ] ] } },
{ "type": "Feature", "properties": { "t": "river" }, "geometry": { "type": "MultiPolygon", "coordinates": [ [ [ [ 570017.400727970874868, 3186393.413223186507821 ], [ 569961.278177674394101, 3186641.157940752804279 ], [ 570154.09089262643829, 3186383.15909567521885 ], [ 570058.697195983957499, 3186341.606789720244706 ], [ 570056.703469627653249, 3186349.331666878890246 ], [ 569832.250276940525509, 3186347.978792657144368 ], [ 569783.655989046092145, 3186314.447412208653986 ], [ 569943.16407387657091, 3186291.283461397979409 ], [ 569638.203868370619603, 3186158.458134622313082 ], [ 569316.858407567138784, 3186433.526130883023143 ], [ 569284.949928971822374, 3186460.840606697369367 ], [ 570017.400727970874868, 3186393.413223186507821 ] ] ], [ [ [ 569917.14229912054725, 3186835.996403479482979 ], [ 570048.624664798378944, 3186873.449958888348192 ], [ 569920.603058513952419, 3186820.718604850582778 ], [ 569917.14229912054725, 3186835.996403479482979 ] ] ], [ [ [ 571427.107282818877138, 3187266.223952183499932 ], [ 571459.663063443498686, 3187301.151998980436474 ], [ 571388.484015335910954, 3187199.50777235860005 ], [ 571305.266426631249487, 3187231.499867534264922 ], [ 571427.107282818877138, 3187266.223952183499932 ] ] ], [ [ [ 571870.023630789597519, 3187741.441058838739991 ], [ 571858.838771812617779, 3187691.338107021525502 ], [ 571814.892864973051473, 3187678.56899046106264 ], [ 571856.045106478966773, 3187678.823864106554538 ], [ 571806.506875854451209, 3187456.921991725917906 ], [ 571993.351616010069847, 3187225.405283485073596 ], [ 572283.679170096642338, 3187615.002425629645586 ], [ 572821.054436737438664, 3187507.565958499908447 ], [ 572283.886305889231153, 3187581.764416731894016 ], [ 571993.557889785384759, 3187192.167303659021854 ], [ 571700.917558397748508, 3187559.99577466212213 ], [ 571870.023630789597519, 3187741.441058838739991 ] ] ], [ [ [ 572043.641129297902808, 3188555.289266698528081 ], [ 572111.871324352454394, 3188566.79318612255156 ], [ 572039.902067756745964, 3188484.038915473502129 ], [ 572043.641129297902808, 3188555.289266698528081 ] ] ], [ [ [ 572757.454344376223162, 3189867.163204219192266 ], [ 572605.940012359758839, 3189134.945960413198918 ], [ 572346.880350177991204, 3188837.031297269277275 ], [ 572757.454344376223162, 3189867.163204219192266 ] ] ] ] } },
{ "type": "Feature", "properties": { "t": "river" }, "geometry": { "type": "MultiPolygon", "coordinates": [ [ [ [ 566421.490577021613717, 3189281.446534095332026 ], [ 566340.936224376084283, 3189330.072268073447049 ], [ 566400.298863993491977, 3189186.376760590355843 ], [ 566457.376192389056087, 3189242.574528971221298 ], [ 566478.159363931394182, 3189220.061956581193954 ], [ 565885.225308103603311, 3188828.889633394312114 ], [ 566406.453825845965184, 3188111.687154405750334 ], [ 566684.549725929507986, 3188010.972447309177369 ], [ 566553.957703146734275, 3187913.099375591613352 ], [ 565836.253154250443913, 3188861.850315296091139 ], [ 566361.336735355318524, 3189175.074003197718412 ], [ 565918.581256409059279, 3189826.246522627770901 ], [ 566421.490577021613717, 3189281.446534095332026 ] ] ], [ [ [ 567104.108582539833151, 3187859.04164764424786 ], [ 567100.952694946085103, 3187816.534485694020987 ], [ 567147.305375657160766, 3187755.864721551537514 ], [ 567103.067878692760132, 3187450.918634023051709 ], [ 566715.166405458701774, 3187205.563039829954505 ], [ 567130.738369777915068, 3187728.069716471247375 ], [ 566939.845710872323252, 3187918.522301794961095 ], [ 567104.108582539833151, 3187859.04164764424786 ] ] ], [ [ [ 566922.589478508103639, 3186596.744802702683955 ], [ 567691.638326974119991, 3186557.562384066637605 ], [ 567577.188599100220017, 3186467.583104900084436 ], [ 566962.135277501773089, 3186508.335996702313423 ], [ 567043.596759032923728, 3185921.586708099581301 ], [ 566761.728676897124387, 3185720.529039591550827 ], [ 566657.239115515374579, 3185221.346677776891738 ], [ 566702.981806699186563, 3185753.430090184789151 ], [ 567004.624139309162274, 3185910.28203560365364 ], [ 566617.274577160715126, 3187082.490985172335058 ], [ 566714.30663394741714, 3187204.482098258566111 ], [ 566922.589478508103639, 3186596.744802702683955 ] ], [ [ 566971.574199626687914, 3186563.788568146526814 ], [ 566893.505367168691009, 3186563.338239641394466 ], [ 566864.676458296831697, 3186485.614759450312704 ], [ 566864.931826095213182, 3186441.297767331358045 ], [ 566894.080204573809169, 3186463.624997449573129 ], [ 566971.574199626687914, 3186563.788568146526814 ] ], [ [ 566744.576884618261829, 3187005.66533874347806 ], [ 566695.276185759343207, 3187094.01877684565261 ], [ 566705.798778349068016, 3186961.123829490039498 ], [ 566744.576884618261829, 3187005.66533874347806 ] ] ], [ [ [ 568091.668741932488047, 3186935.935938716400415 ], [ 568863.233160709962249, 3186829.693247171118855 ], [ 568130.897167116519995, 3186902.927279714960605 ], [ 567755.903295008698478, 3186608.088010024279356 ], [ 568091.668741932488047, 3186935.935938716400415 ] ] ] ] } },
{ "type": "Feature", "properties": { "t": "river" }, "geometry": { "type": "Polygon", "coordinates": [ [ [ 566278.609516557306051, 3183158.379195262677968 ], [ 566558.073438892140985, 3183791.511976026929915 ], [ 566628.02351734903641, 3185210.099374099634588 ], [ 566587.546764632686973, 3183758.442192791495472 ], [ 566259.465713602490723, 3183091.792690111789852 ], [ 565492.427810712484643, 3182356.194788632914424 ], [ 565365.681533067720011, 3182350.519750680308789 ], [ 566278.609516557306051, 3183158.379195262677968 ] ] ] } },
{ "type": "Feature", "properties": { "t": "river" }, "geometry": { "type": "MultiPolygon", "coordinates": [ [ [ [ 561985.647836130810902, 3182746.901282021775842 ], [ 562520.394453856511973, 3181907.264226308558136 ], [ 562322.002687153639272, 3181917.741655455902219 ], [ 561966.242530102026649, 3182724.638884803280234 ], [ 560783.448222998180427, 3183028.615444980561733 ], [ 561985.647836130810902, 3182746.901282021775842 ] ] ], [ [ [ 563454.022686077631079, 3182001.422668406739831 ], [ 563753.53965526772663, 3181842.215897688642144 ], [ 563702.608456593938172, 3181844.899912429507822 ], [ 563698.932333377189934, 3181847.649634946137667 ], [ 563702.171690905699506, 3181844.92293044179678 ], [ 562588.811970140901394, 3181903.651762226130813 ], [ 563454.022686077631079, 3182001.422668406739831 ] ] ], [ [ [ 564799.62660882587079, 3182296.913696844596416 ], [ 564605.984712449717335, 3182007.768657037988305 ], [ 564755.38310200732667, 3181476.784219690598547 ], [ 564607.154744180268608, 3181797.264752979390323 ], [ 564190.796526969410479, 3181819.182197493966669 ], [ 564799.62660882587079, 3182296.913696844596416 ] ] ] ] } },
{ "type": "Feature", "properties": { "t": "river" }, "geometry": { "type": "MultiPolygon", "coordinates": [ [ [ [ 545406.12959817785304, 3193716.264138121157885 ], [ 545556.076813143794425, 3192786.192898021545261 ], [ 545148.694268140941858, 3192208.474625453352928 ], [ 545179.338176836725324, 3191854.05757517227903 ], [ 545337.880404003313743, 3191796.400027460418642 ], [ 545357.744401608360931, 3191756.511809309478849 ], [ 545376.18048882635776, 3191734.515563844703138 ], [ 545407.848051358014345, 3191714.966196485795081 ], [ 545150.249386857263744, 3191809.62706652097404 ], [ 545041.749903776915744, 3192119.423973303288221 ], [ 545497.558356235385872, 3192785.962759358808398 ], [ 545386.929179285652936, 3193638.633745847269893 ], [ 544984.325967707205564, 3194346.13660243479535 ], [ 545406.12959817785304, 3193716.264138121157885 ] ] ], [ [ [ 546860.991989089758135, 3190874.684033981524408 ], [ 546948.089698749477975, 3190853.938679742626846 ], [ 547009.58117180224508, 3190779.787338708527386 ], [ 546851.46132116264198, 3190819.249096437357366 ], [ 546254.077099732588977, 3191404.049955702852458 ], [ 545858.581852428265847, 3191549.350616428535432 ], [ 546090.190421287436038, 3191490.315857147797942 ], [ 546163.495916429441422, 3191460.818344459403306 ], [ 546256.417027792427689, 3191442.832100676838309 ], [ 546272.024261613609269, 3191434.584440555423498 ], [ 546860.991989089758135, 3190874.684033981524408 ] ] ], [ [ [ 548084.789825856103562, 3189805.007859516423196 ], [ 547801.328624529531226, 3189936.786566117312759 ], [ 547681.481498206267133, 3190612.129106081090868 ], [ 547540.638014318537898, 3190647.269934964831918 ], [ 547541.901945129036903, 3190647.233122794888914 ], [ 547635.577654399094172, 3190633.235520643182099 ], [ 547699.750930146197788, 3190629.490312837064266 ], [ 547749.725310114445165, 3190619.82137490157038 ], [ 548084.789825856103562, 3189805.007859516423196 ] ], [ [ 547820.336718057864346, 3190058.737082277424634 ], [ 547810.76416004949715, 3190014.380456248298287 ], [ 547849.694410341326147, 3190036.699703908991069 ], [ 547820.336718057864346, 3190058.737082277424634 ] ] ], [ [ [ 545697.209237390547059, 3191608.642081285826862 ], [ 545718.687953474698588, 3191603.790817691013217 ], [ 545757.048875717562623, 3191586.655491611920297 ], [ 545697.209237390547059, 3191608.642081285826862 ] ] ] ] } },
{ "type": "Feature", "properties": { "t": "lake" }, "geometry": { "type": "Polygon", "coordinates": [ [ [ 538309.370393309625797, 3189868.28370697889477 ], [ 538133.298174179741181, 3190011.731727371923625 ], [ 538260.227311792084947, 3189978.912701301742345 ], [ 538309.370393309625797, 3189868.28370697889477 ] ] ] } },
{ "type": "Feature", "properties": { "t": "river" }, "geometry": { "type": "Polygon", "coordinates": [ [ [ 548231.861780058010481, 3189628.3504623840563 ], [ 548559.231481920462102, 3188333.44181509129703 ], [ 548085.065633034100756, 3189738.533308838028461 ], [ 548231.861780058010481, 3189628.3504623840563 ] ] ] } },
{ "type": "Feature", "properties": { "t": "river" }, "geometry": { "type": "MultiPolygon", "coordinates": [ [ [ [ 537068.959669345756993, 3181156.114178804680705 ], [ 537124.53428549610544, 3181067.708644551690668 ], [ 536385.808329371386208, 3181076.403303009923548 ], [ 537068.959669345756993, 3181156.114178804680705 ] ] ], [ [ [ 537235.778349736821838, 3180890.751525418832898 ], [ 537100.121424101875164, 3180569.02741489186883 ], [ 537127.554618706577457, 3181062.904083701316267 ], [ 537235.778349736821838, 3180890.751525418832898 ] ] ] ] } },
{ "type": "Feature", "properties": { "t": "river" }, "geometry": { "type": "MultiPolygon", "coordinates": [ [ [ [ 514071.896452901186422, 3193979.188706399872899 ], [ 514078.913850460725371, 3193936.727130894549191 ], [ 514036.147986823925748, 3193936.562832163646817 ], [ 513972.910244637634605, 3193933.813492473214865 ], [ 513877.986961532267742, 3193939.56411209050566 ], [ 513840.055058099038433, 3193937.067509945016354 ], [ 513833.870427810354158, 3193935.720779701136053 ], [ 513681.796467928215861, 3194000.878804699983448 ], [ 513038.538047690293752, 3193678.846152049023658 ], [ 512415.271537574531976, 3192869.397225697990507 ], [ 512348.148190462205093, 3191794.668498619925231 ], [ 511968.01801027811598, 3191539.454110249876976 ], [ 512240.857710589363705, 3191794.554592226166278 ], [ 512239.885589136509225, 3192714.105236289091408 ], [ 512638.992564091167878, 3193412.507918848190457 ], [ 513018.846893536159769, 3193845.008407878223807 ], [ 513798.673039435525425, 3194122.886261673644185 ], [ 514071.896452901186422, 3193979.188706399872899 ] ] ], [ [ [ 515216.551904999592807, 3191127.107528456952423 ], [ 515214.839157709444407, 3191127.633403459563851 ], [ 515153.100358666968532, 3191146.629016232676804 ], [ 515102.323855703813024, 3191169.627671191468835 ], [ 515064.143855374422856, 3191201.118289927951992 ], [ 515019.647573274560273, 3191228.363193391822278 ], [ 514975.128415884217247, 3191264.104330911766738 ], [ 514881.449923750245944, 3191384.335424388758838 ], [ 514866.45505548332585, 3191416.078138463199139 ], [ 514838.709110292431433, 3191460.3167599956505 ], [ 514834.394872983742971, 3191473.065864252392203 ], [ 514778.966655047610402, 3191555.297663819976151 ], [ 514766.087614849733654, 3191587.043180110864341 ], [ 514719.136496098246425, 3191667.277995111886412 ], [ 514701.886841373634525, 3191718.267631240189075 ], [ 514699.63758483302081, 3191737.258271893486381 ], [ 514676.02667204500176, 3191806.787321072537452 ], [ 515216.551904999592807, 3191127.107528456952423 ] ] ] ] } },
{ "type": "Feature", "properties": { "t": "river" }, "geometry": { "type": "Polygon", "coordinates": [ [ [ 519213.035082592745312, 3192834.368004579097033 ], [ 519515.07399125630036, 3193012.137037868145853 ], [ 519953.92561499326257, 3193023.964225830044597 ], [ 520013.393493101582862, 3192884.698087562341243 ], [ 519904.749840067932382, 3192892.277295971289277 ], [ 519892.129926184716169, 3192890.02592027047649 ], [ 519876.251073786057532, 3192881.196001227013767 ], [ 519798.015476453234442, 3192946.143581140786409 ], [ 519398.58021160250064, 3192690.65066162776202 ], [ 519507.561176425253507, 3191682.646998879034072 ], [ 519042.6745240491, 3189676.583265907596797 ], [ 519409.893176673096605, 3191760.035670229699463 ], [ 519220.45032308367081, 3192793.896495969966054 ], [ 519261.817669577198103, 3192823.370090036652982 ], [ 519222.824707812687848, 3192812.22629044437781 ], [ 519218.082280408241786, 3192806.820963030215353 ], [ 519213.035082592745312, 3192834.368004579097033 ] ] ] } },
{ "type": "Feature", "properties": { "t": "river" }, "geometry": { "type": "Polygon", "coordinates": [ [ [ 520090.616887962794863, 3192935.568736686371267 ], [ 520121.571268408850301, 3192857.822217025794089 ], [ 520090.735807630000636, 3192867.050658787135035 ], [ 520090.616887962794863, 3192935.568736686371267 ] ] ] } },
{ "type": "Feature", "properties": { "t": "river" }, "geometry": { "type": "MultiPolygon", "coordinates": [ [ [ [ 521452.267148695886135, 3190481.650660121347755 ], [ 521398.297239897307009, 3190486.765814228449017 ], [ 521360.299543821485713, 3190494.762612755410373 ], [ 521252.659249256073963, 3190532.253861036617309 ], [ 521176.707392569689546, 3190554.750488161109388 ], [ 521075.566184561350383, 3190579.49379253340885 ], [ 521018.637463697057683, 3190598.238459427375346 ], [ 520980.639285200333688, 3190616.989904492627829 ], [ 520891.965961481037084, 3190669.226228337269276 ], [ 520828.571247241343372, 3190717.464853518642485 ], [ 520726.9665507239406, 3190818.447462483309209 ], [ 520510.90637504030019, 3191064.396660670172423 ], [ 520468.442890411824919, 3191127.381677231285721 ], [ 520459.910948755859863, 3191146.380849740467966 ], [ 520408.985502046125475, 3191220.118488224688917 ], [ 520387.6739985862514, 3191264.348387351259589 ], [ 520357.990995892614592, 3191302.352387598715723 ], [ 520320.932361873215996, 3191357.335973723325878 ], [ 520277.34623854374513, 3191422.071521502919495 ], [ 520274.26012435631128, 3191427.310242828913033 ], [ 521452.267148695886135, 3190481.650660121347755 ] ] ], [ [ [ 522378.946676282037515, 3189737.940060845576227 ], [ 522196.627295595477335, 3189797.942000056616962 ], [ 522192.613246640888974, 3189807.402228675317019 ], [ 522192.198958756751381, 3189870.890804805792868 ], [ 522195.822054727235809, 3189884.894054893404245 ], [ 522378.946676282037515, 3189737.940060845576227 ] ] ] ] } },
{ "type": "Feature", "properties": { "t": "river" }, "geometry": { "type": "Polygon", "coordinates": [ [ [ 517003.664231435104739, 3189750.964821049477905 ], [ 516697.358375184121542, 3189743.346805187407881 ], [ 516634.641160106752068, 3189751.414816538337618 ], [ 516508.413625533343293, 3189745.909462193958461 ], [ 516463.250402672740165, 3189737.529860805720091 ], [ 516057.419575026782695, 3189727.45729136839509 ], [ 516027.923436388664413, 3189893.600238929037005 ], [ 516720.581307188782375, 3189872.421089103445411 ], [ 516446.960787644959055, 3190204.397260278463364 ], [ 517003.664231435104739, 3189750.964821049477905 ] ] ] } },
{ "type": "Feature", "properties": { "t": "river" }, "geometry": { "type": "Polygon", "coordinates": [ [ [ 516028.183919260511175, 3189705.258986998815089 ], [ 515803.884068314509932, 3189649.556374535430223 ], [ 515901.195833329227753, 3189826.952146909199655 ], [ 516028.183919260511175, 3189705.258986998815089 ] ] ] } },
{ "type": "Feature", "properties": { "t": "river" }, "geometry": { "type": "Polygon", "coordinates": [ [ [ 523178.758839047513902, 3187359.236852395813912 ], [ 523153.138109904655721, 3187362.149131809361279 ], [ 523121.519497041124851, 3187370.395232978276908 ], [ 523064.560549346613698, 3187388.638241273351014 ], [ 523051.877223191433586, 3187397.136899973731488 ], [ 522969.51427801331738, 3187429.884878089651465 ], [ 522918.835963013058063, 3187454.878438411280513 ], [ 522917.415909183968324, 3187455.177373037207872 ], [ 522641.016092110308819, 3187642.193044768180698 ], [ 522637.381128497421741, 3187646.586727753281593 ], [ 522610.358812371443491, 3187685.905139988288283 ], [ 523178.758839047513902, 3187359.236852395813912 ] ] ] } },
{ "type": "Feature", "properties": { "t": "river" }, "geometry": { "type": "Polygon", "coordinates": [ [ [ 519211.924627452041022, 3189494.111649514641613 ], [ 519215.859488613205031, 3189478.717721019405872 ], [ 519228.6404511865112, 3189459.724684601649642 ], [ 519275.352474346989766, 3189411.733601400628686 ], [ 519319.811862549453508, 3189380.232604493852705 ], [ 519438.168403474905062, 3189318.000680866651237 ], [ 519469.941103475808632, 3189293.008777083363384 ], [ 519503.748896292527206, 3189276.260231205262244 ], [ 519527.088646896765567, 3189255.263354557566345 ], [ 519552.428450456936844, 3189245.023446372710168 ], [ 519586.267712386907078, 3189224.266078750602901 ], [ 519713.059925815905444, 3189162.030415768735111 ], [ 519738.338557439914439, 3189155.78613851685077 ], [ 519812.454575811803807, 3189101.54273283155635 ], [ 519837.791575620241929, 3189093.297611297573894 ], [ 519854.687060390831903, 3189083.050821923650801 ], [ 519871.572290378157049, 3189078.793594331946224 ], [ 519905.497611599159427, 3189047.553868417162448 ], [ 519922.577122111921199, 3189034.813962639309466 ], [ 520098.053843468078412, 3188648.024444459937513 ], [ 518945.155857780773658, 3189654.26557556912303 ], [ 519211.924627452041022, 3189494.111649514641613 ] ] ] } },
{ "type": "Feature", "properties": { "t": "river" }, "geometry": { "type": "MultiPolygon", "coordinates": [ [ [ [ 517766.081107437668834, 3188777.163478554692119 ], [ 518824.180396889743861, 3188303.319763856939971 ], [ 518211.632541411672719, 3188473.561778325587511 ], [ 518153.498324293585028, 3188492.407680844888091 ], [ 518109.162321949086618, 3188511.1656154836528 ], [ 518052.108789623656776, 3188540.158792926929891 ], [ 518014.112716109550092, 3188552.404177493881434 ], [ 517956.997647871728987, 3188589.90086036734283 ], [ 517904.223087242397014, 3188608.646381758153439 ], [ 517783.304748171940446, 3188723.868004040326923 ], [ 517745.152382769156247, 3188755.114413068629801 ], [ 517721.781104975554626, 3188782.360406855586916 ], [ 517694.28559709165711, 3188799.102949224412441 ], [ 517666.69825120375026, 3188824.099248331971467 ], [ 517641.324927581241354, 3188840.845234365668148 ], [ 517605.208867182547692, 3188880.840548402629793 ], [ 517573.402119264588691, 3188910.082164622377604 ], [ 517543.622209225315601, 3188945.828922362532467 ], [ 517490.28809949150309, 3189029.809551218524575 ], [ 517424.72206633008318, 3189158.793622923549265 ], [ 517766.081107437668834, 3188777.163478554692119 ] ] ], [ [ [ 519738.350916399387643, 3187894.039978120941669 ], [ 520069.590150789008476, 3188182.660342717077583 ], [ 520099.206039323587902, 3187983.291096069384366 ], [ 519862.755165348178707, 3187720.783032091800123 ], [ 519838.388283019186929, 3187732.322358859237283 ], [ 519787.673294929263648, 3187765.811678714584559 ], [ 519751.589095154893585, 3187805.807410533539951 ], [ 519679.628494830103591, 3187864.541755000129342 ], [ 519637.195800456916913, 3187908.785552228800952 ], [ 519597.010740680911113, 3187940.278638838790357 ], [ 519575.012258608709089, 3187967.160293159075081 ], [ 519738.350916399387643, 3187894.039978120941669 ] ] ] ] } },
{ "type": "Feature", "properties": { "t": "river" }, "geometry": { "type": "Polygon", "coordinates": [ [ [ 515959.972039630520158, 3189649.770269904285669 ], [ 515300.472597539133858, 3189043.213654192630202 ], [ 515282.015061259560753, 3189052.30112294992432 ], [ 515161.28435814473778, 3189131.536846432834864 ], [ 515148.503100803180132, 3189146.28275840356946 ], [ 515123.076277085696347, 3189165.2844308023341 ], [ 515093.291912232118193, 3189196.772108644247055 ], [ 515074.080639678053558, 3189228.266558535862714 ], [ 515061.14076956541976, 3189262.012729993090034 ], [ 515058.611538044642657, 3189312.750743623357266 ], [ 515063.188806445279624, 3189352.530731159262359 ], [ 515131.347748646279797, 3189194.423585804644972 ], [ 515686.818094186717644, 3189649.397332567721605 ], [ 515959.972039630520158, 3189649.770269904285669 ] ] ] } },
{ "type": "Feature", "properties": { "t": "river" }, "geometry": { "type": "Polygon", "coordinates": [ [ [ 520254.503966196265537, 3188448.876018073409796 ], [ 520108.962958145828452, 3187983.30801043054089 ], [ 520097.631316458631773, 3188891.760153526905924 ], [ 520254.503966196265537, 3188448.876018073409796 ] ] ] } },
{ "type": "Feature", "properties": { "t": "river" }, "geometry": { "type": "Polygon", "coordinates": [ [ [ 523131.249075681436807, 3184277.50651897629723 ], [ 523932.007144080242142, 3184068.630192785989493 ], [ 523982.161179578339215, 3183928.362934784032404 ], [ 523957.388102568569593, 3183940.086585368961096 ], [ 523849.845333994657267, 3183970.581499856431037 ], [ 523792.853203111677431, 3183993.32868600031361 ], [ 523773.884070667845663, 3183995.076289250515401 ], [ 523756.983308143215254, 3184005.57356820255518 ], [ 523712.705966865352821, 3184015.571796770673245 ], [ 523700.025116528151557, 3184023.820452491287142 ], [ 523668.340148767339997, 3184036.067182273138314 ], [ 523643.065070147626102, 3184040.066418642178178 ], [ 523592.603310011210851, 3184037.568025844171643 ], [ 523561.109493334079161, 3184030.822142067365348 ], [ 523529.45777036761865, 3184038.817881157621741 ], [ 523478.930963164311834, 3184038.320898987352848 ], [ 523453.563974019314628, 3184048.566076632123441 ], [ 523396.63072851562174, 3184060.81117142084986 ], [ 523377.605999638501089, 3184069.06122165825218 ], [ 523358.637104904628359, 3184070.809512045700103 ], [ 523276.33940750855254, 3184095.30865030316636 ], [ 523257.27986354357563, 3184105.802370497491211 ], [ 523219.288035899575334, 3184118.051587813533843 ], [ 523187.574927786190528, 3184132.55009225429967 ], [ 523168.577248430112377, 3184136.548998354468495 ], [ 523155.884733040584251, 3184144.798213503789157 ], [ 523105.181924544740468, 3184165.546360038686544 ], [ 523073.436768784245942, 3184184.040330590680242 ], [ 523041.78524213063065, 3184192.293606508988887 ], [ 522978.198879979609046, 3184238.027290001511574 ], [ 522940.111722431960516, 3184258.7733337986283 ], [ 522908.42772700561909, 3184271.26456961221993 ], [ 522876.619899978104513, 3184294.017394482158124 ], [ 522856.627119182434399, 3184311.011834506411105 ], [ 522802.350649730942678, 3184356.757882381323725 ], [ 522785.327047700237017, 3184377.753568353597075 ], [ 522725.896220518217888, 3184429.991752402391285 ], [ 522721.616141041275114, 3184438.237150814384222 ], [ 522638.625378990487661, 3184532.467112855054438 ], [ 522589.605911024147645, 3184595.459017072338611 ], [ 522490.725846467190422, 3184744.445632003713399 ], [ 523131.249075681436807, 3184277.50651897629723 ] ] ] } },
{ "type": "Feature", "properties": { "t": "river" }, "geometry": { "type": "Polygon", "coordinates": [ [ [ 585061.39792285556905, 3135892.824311072006822 ], [ 585093.352377418894321, 3135538.515069822780788 ], [ 585037.38266012375243, 3135861.515258152037859 ], [ 585061.39792285556905, 3135892.824311072006822 ] ] ] } },
{ "type": "Feature", "properties": { "t": "river" }, "geometry": { "type": "Polygon", "coordinates": [ [ [ 585389.318070241133682, 3135274.743644311558455 ], [ 585343.825892999419011, 3134786.92415670864284 ], [ 585182.284314564894885, 3135439.44110026396811 ], [ 585389.318070241133682, 3135274.743644311558455 ] ] ] } },
{ "type": "Feature", "properties": { "t": "river" }, "geometry": { "type": "Polygon", "coordinates": [ [ [ 574881.065833732136525, 3135336.503614041488618 ], [ 576295.342400077148341, 3134902.377885308582336 ], [ 576454.248859721934423, 3134582.110214779619128 ], [ 576275.952900003641844, 3134869.015599751379341 ], [ 574858.989342045271769, 3135333.912684410344809 ], [ 574881.065833732136525, 3135336.503614041488618 ] ] ] } },
{ "type": "Feature", "properties": { "t": "river" }, "geometry": { "type": "Polygon", "coordinates": [ [ [ 585373.552171917632222, 3134742.821260178461671 ], [ 585541.311031493125483, 3134588.922160836867988 ], [ 585433.485361555824056, 3134588.143098955973983 ], [ 585373.552171917632222, 3134742.821260178461671 ] ] ] } },
{ "type": "Feature", "properties": { "t": "river" }, "geometry": { "type": "Polygon", "coordinates": [ [ [ 577373.600379204028286, 3133402.622723129112273 ], [ 576644.508280011592433, 3133962.912344036623836 ], [ 576405.810379728442058, 3134493.164645809680223 ], [ 577373.600379204028286, 3133402.622723129112273 ] ] ] } },
{ "type": "Feature", "properties": { "t": "river" }, "geometry": { "type": "Polygon", "coordinates": [ [ [ 578640.637282484793104, 3133045.361515489872545 ], [ 578548.261363404104486, 3132191.656516559887677 ], [ 578825.875310388626531, 3131728.17844997625798 ], [ 579666.535081482608803, 3132110.493492245208472 ], [ 580305.465523760416545, 3131871.067446435336024 ], [ 580233.619002942112274, 3131613.894168986473233 ], [ 580209.221262270235457, 3131604.51574973622337 ], [ 580190.28686340036802, 3131504.675259489100426 ], [ 580226.202399223227985, 3131587.347283957991749 ], [ 580085.280221056309529, 3131082.957674603443593 ], [ 580334.764897705288604, 3130442.056881052441895 ], [ 580686.637339314911515, 3130610.634636554867029 ], [ 581052.880724182236008, 3131543.783653693739325 ], [ 581472.199634972843342, 3131879.035768019966781 ], [ 580784.466066644759849, 3130644.538622850552201 ], [ 580355.536378527991474, 3130375.323678147513419 ], [ 580295.76744455168955, 3130408.555186588782817 ], [ 580217.171938313986175, 3130430.181155958212912 ], [ 580266.725564501015469, 3130352.962800172157586 ], [ 580331.155235200887546, 3130360.021856832783669 ], [ 580266.950676115462556, 3130319.726942487061024 ], [ 580018.140765980817378, 3130860.921421757899225 ], [ 580207.195651663234457, 3131903.638997879810631 ], [ 579794.587752410094254, 3132022.722476113587618 ], [ 578835.974830920109525, 3131683.929235991090536 ], [ 578499.534203094895929, 3132147.016998342238367 ], [ 578630.980972444987856, 3133023.139131512492895 ], [ 577383.982932255370542, 3133314.057854258455336 ], [ 578640.637282484793104, 3133045.361515489872545 ] ] ] } },
{ "type": "Feature", "properties": { "t": "river" }, "geometry": { "type": "MultiPolygon", "coordinates": [ [ [ [ 582339.693352420232259, 3131209.203421153128147 ], [ 582414.107975386548787, 3130378.781190843787044 ], [ 582684.714883276843466, 3130144.310028314590454 ], [ 582474.330293678911403, 3130179.77474162215367 ], [ 582224.569791095680557, 3130842.790445472113788 ], [ 582330.04226638074033, 3131186.97794844256714 ], [ 581472.275843346375041, 3131867.957107716239989 ], [ 582339.693352420232259, 3131209.203421153128147 ] ] ], [ [ [ 583562.86669645877555, 3130176.320640340913087 ], [ 583606.89369843469467, 3130885.701643388252705 ], [ 583959.96530472568702, 3130877.119087074883282 ], [ 583961.153623342514038, 3130809.215289090294391 ], [ 583636.935402392526157, 3130797.279812845401466 ], [ 583670.262835105299018, 3130243.553700040094554 ], [ 583357.954784746747464, 3130030.847846916411072 ], [ 583141.377916650730185, 3130067.343489752151072 ], [ 583562.86669645877555, 3130176.320640340913087 ] ] ] ] } },
{ "type": "Feature", "properties": { "t": "river" }, "geometry": { "type": "MultiPolygon", "coordinates": [ [ [ [ 584684.624115193728358, 3129641.399844108149409 ], [ 584823.62337442021817, 3129011.826382714789361 ], [ 584645.556683502625674, 3129618.962322186212987 ], [ 583937.218909948947839, 3129935.223004792816937 ], [ 584684.624115193728358, 3129641.399844108149409 ] ] ], [ [ [ 585516.193868888542056, 3128561.602098458446562 ], [ 584947.131282453658059, 3128590.749822160694748 ], [ 584909.966223617782816, 3128717.453887172508985 ], [ 585516.193868888542056, 3128561.602098458446562 ] ] ] ] } },
{ "type": "Feature", "properties": { "t": "river" }, "geometry": { "type": "MultiPolygon", "coordinates": [ [ [ [ 573548.296670896699652, 3191312.534866116475314 ], [ 572994.581773042213172, 3190943.397541449870914 ], [ 573508.99653983337339, 3191356.604806544724852 ], [ 574047.231432758737355, 3192359.890478580724448 ], [ 573548.296670896699652, 3191312.534866116475314 ] ] ], [ [ [ 574338.012150078779086, 3192902.000167345162481 ], [ 575230.499936697073281, 3193650.121058351825923 ], [ 575276.741269971127622, 3194038.219596818555146 ], [ 575322.775438735960051, 3194051.326825912110507 ], [ 575278.975558607606217, 3193694.756022680085152 ], [ 574218.942776776268147, 3192680.008900661021471 ], [ 574338.012150078779086, 3192902.000167345162481 ] ] ], [ [ [ 575761.317041132249869, 3194506.740385043434799 ], [ 575753.741211255197413, 3194174.29201129404828 ], [ 575715.086440330720507, 3194165.042313125915825 ], [ 575761.317041132249869, 3194506.740385043434799 ] ] ] ] } },
{ "type": "Feature", "properties": { "t": "river" }, "geometry": { "type": "Polygon", "coordinates": [ [ [ 572977.863266606582329, 3190500.098958566784859 ], [ 572939.26017006370239, 3190433.376921216957271 ], [ 572938.632453823811375, 3190533.091409961227328 ], [ 572977.863266606582329, 3190500.098958566784859 ] ] ] } },
{ "type": "Feature", "properties": { "t": "river" }, "geometry": { "type": "MultiPolygon", "coordinates": [ [ [ [ 550751.327662325114943, 3193921.629660946317017 ], [ 550727.458570868009701, 3193926.822635896969587 ], [ 550667.714154617395252, 3193946.067582975607365 ], [ 550648.033343067276292, 3193966.817532442044467 ], [ 550624.218801177572459, 3193985.06357903778553 ], [ 550598.475100641837344, 3193997.055176119785756 ], [ 550572.979279484949075, 3194002.559665492270142 ], [ 550547.172068188432604, 3194016.55229828087613 ], [ 550534.110350970760919, 3194029.049602313432842 ], [ 550527.17400881042704, 3194045.804607389494777 ], [ 550500.619543708045967, 3194083.040063147898763 ], [ 550465.810134132392704, 3194113.785776340868324 ], [ 550448.690701339393854, 3194121.778339643031359 ], [ 550438.972530397353694, 3194133.401951387990266 ], [ 550751.327662325114943, 3193921.629660946317017 ] ] ], [ [ [ 551250.091568302595988, 3193251.541761273518205 ], [ 551217.381197560578585, 3193290.454477066639811 ], [ 551197.006922408356331, 3193332.445253478828818 ], [ 551170.265216554282233, 3193373.936959390994161 ], [ 551163.232397388550453, 3193394.239079032558948 ], [ 551250.091568302595988, 3193251.541761273518205 ] ] ], [ [ [ 551738.899670333135873, 3192448.576054238248616 ], [ 551700.55206306441687, 3192479.866883198264986 ], [ 551674.305229275370948, 3192506.610271187499166 ], [ 551656.624976346618496, 3192531.612279844935983 ], [ 551634.127655094955117, 3192573.343524076975882 ], [ 551620.317272798391059, 3192606.838717703707516 ], [ 551591.56960080540739, 3192646.333161416463554 ], [ 551578.010706412722357, 3192671.32602247595787 ], [ 551555.262670058989897, 3192721.566651585511863 ], [ 551541.140463967691176, 3192763.557003583293408 ], [ 551525.646171009168029, 3192786.553905869368464 ], [ 551519.047977953683585, 3192809.710583826526999 ], [ 551738.899670333135873, 3192448.576054238248616 ] ] ] ] } },
{ "type": "Feature", "properties": { "t": "river" }, "geometry": { "type": "Polygon", "coordinates": [ [ [ 555033.160867754835635, 3185226.899942457210273 ], [ 554951.768534031114541, 3185289.804912776686251 ], [ 554942.750715080532245, 3185302.800638758111745 ], [ 555033.160867754835635, 3185226.899942457210273 ] ] ] } },
{ "type": "Feature", "properties": { "t": "river" }, "geometry": { "type": "MultiPolygon", "coordinates": [ [ [ [ 549725.570545739610679, 3187108.584676507394761 ], [ 549880.492481255787425, 3187020.146067296620458 ], [ 549881.280502940993756, 3187019.222501462325454 ], [ 549922.461980200605467, 3186984.728462649509311 ], [ 549935.959406357025728, 3186969.617038403172046 ], [ 549520.276232436066493, 3187196.340672432910651 ], [ 548558.674715280532837, 3188466.390725682489574 ], [ 549725.570545739610679, 3187108.584676507394761 ] ] ], [ [ [ 550677.465928256278858, 3186565.240296283271164 ], [ 550163.818565310677513, 3186845.347205395344645 ], [ 550191.10376402665861, 3186832.758076353929937 ], [ 550210.285484310239553, 3186827.010642253793776 ], [ 550220.537800959544256, 3186826.040020154323429 ], [ 550677.465928256278858, 3186565.240296283271164 ] ] ], [ [ [ 550977.746906933374703, 3186393.865805071778595 ], [ 550980.180303705506958, 3185839.912550607696176 ], [ 550465.747780876234174, 3185195.067219648044556 ], [ 550541.797915448551066, 3185660.727015308104455 ], [ 550930.947811185964383, 3185939.409876109100878 ], [ 550851.275366319459863, 3186466.043296197894961 ], [ 550977.746906933374703, 3186393.865805071778595 ] ] ] ] } },
{ "type": "Feature", "properties": { "t": "river" }, "geometry": { "type": "Polygon", "coordinates": [ [ [ 556689.01683020836208, 3183905.343914502300322 ], [ 556690.100291149108671, 3183840.802909448742867 ], [ 556676.260613703401759, 3183849.360907958820462 ], [ 556573.278051747940481, 3183896.603936945088208 ], [ 556551.532166200107895, 3183914.84818917978555 ], [ 556498.854717006906867, 3183972.336028926540166 ], [ 556470.045018754317425, 3184009.332557881716639 ], [ 556454.862325069960207, 3184021.577529426664114 ], [ 556428.991638957057148, 3184037.572347191628069 ], [ 556326.0056355582783, 3184084.817458339501172 ], [ 556300.449893899960443, 3184092.559919549617916 ], [ 556270.204466971801594, 3184112.556946845725179 ], [ 556237.204811377101578, 3184149.554533981718123 ], [ 556191.211967506911606, 3184196.543702607508749 ], [ 556145.284085925435647, 3184241.532253883313388 ], [ 556097.478525026934221, 3184280.023573259357363 ], [ 556073.23595882859081, 3184309.017507562413812 ], [ 556045.054805052699521, 3184331.261748832650483 ], [ 555998.622355042956769, 3184388.754245561081916 ], [ 555951.940785264596343, 3184454.991409097332507 ], [ 555929.142615127144381, 3184479.690580254420638 ], [ 556689.01683020836208, 3183905.343914502300322 ] ] ] } },
{ "type": "Feature", "properties": { "t": "river" }, "geometry": { "type": "MultiPolygon", "coordinates": [ [ [ [ 550305.787118468666449, 3183820.546852415427566 ], [ 550541.296691662399098, 3183533.509147294331342 ], [ 550610.347559202113189, 3183516.789623627904803 ], [ 550636.533021297189407, 3183471.196937510278076 ], [ 550682.2747747390531, 3183428.194374981801957 ], [ 550693.33763658546377, 3183413.701110847759992 ], [ 550719.082924276241101, 3183399.701277407351881 ], [ 550731.376979178749025, 3183386.409380193334073 ], [ 550561.252523314906284, 3183433.882900619879365 ], [ 550227.653809365816414, 3183831.287945649120957 ], [ 550368.440972768585198, 3185128.16910606296733 ], [ 550305.787118468666449, 3183820.546852415427566 ] ] ], [ [ [ 552158.612655584816821, 3182033.880373132880777 ], [ 552135.729911711066961, 3181974.897476153448224 ], [ 552129.574507238576189, 3181978.353904749266803 ], [ 552134.314943216508254, 3181971.250254488084465 ], [ 552076.390349471592344, 3181821.946060261689126 ], [ 551460.393915714113973, 3183183.008500642608851 ], [ 551010.99689373828005, 3183308.387208549771458 ], [ 551013.095022147987038, 3183308.470085213426501 ], [ 551070.340879728551954, 3183299.719787820708007 ], [ 551134.080021279165521, 3183284.973875446710736 ], [ 551228.620914206258021, 3183292.72352427477017 ], [ 551254.122230431064963, 3183287.227084414567798 ], [ 551347.599765102961101, 3183264.982859559357166 ], [ 551423.843596798018552, 3183254.981729655060917 ], [ 551485.513501074747182, 3183235.138447710778564 ], [ 552158.612655584816821, 3182033.880373132880777 ] ] ], [ [ [ 551878.722714758245274, 3181312.477821660693735 ], [ 550729.90282719291281, 3180576.181170693133026 ], [ 551999.237722471123561, 3181623.087076956871897 ], [ 551878.722714758245274, 3181312.477821660693735 ] ] ] ] } },
{ "type": "Feature", "properties": { "t": "river" }, "geometry": { "type": "MultiPolygon", "coordinates": [ [ [ [ 557369.309631342999637, 3184506.970333773642778 ], [ 558042.264555928180926, 3184610.029055180028081 ], [ 558087.887695112265646, 3184554.106798076536506 ], [ 557208.00879189290572, 3184357.84254620783031 ], [ 557369.309631342999637, 3184506.970333773642778 ] ] ], [ [ [ 558297.605089561431669, 3184297.056247854139656 ], [ 558297.640482126036659, 3184290.005902427248657 ], [ 558298.486466140951961, 3184295.97597651463002 ], [ 558474.38730569393374, 3184080.385997193399817 ], [ 559540.220315570826642, 3183709.101099902763963 ], [ 559678.580328008509241, 3183377.428803433198482 ], [ 560763.693490388221107, 3183072.829821606632322 ], [ 559698.273471430526115, 3183344.291759892366827 ], [ 559432.737143507460132, 3183730.709471478592604 ], [ 558494.131631192052737, 3184036.167846648488194 ], [ 558171.897273831185885, 3184451.134478983934969 ], [ 558297.605089561431669, 3184297.056247854139656 ] ] ] ] } },
{ "type": "Feature", "properties": { "t": "river" }, "geometry": { "type": "Polygon", "coordinates": [ [ [ 555979.833224670961499, 3181009.779661457519978 ], [ 555988.872841608827002, 3181013.176825361326337 ], [ 556020.173536784597673, 3181018.523471240885556 ], [ 555979.833224670961499, 3181009.779661457519978 ] ] ] } },
{ "type": "Feature", "properties": { "t": "river" }, "geometry": { "type": "MultiPolygon", "coordinates": [ [ [ [ 532309.136286000255495, 3183069.648938295431435 ], [ 531623.927229917258956, 3183776.816792299039662 ], [ 530784.786313410033472, 3183674.851863895077258 ], [ 530492.375281181070022, 3183518.975328549277037 ], [ 531625.525780352181755, 3183189.636456253938377 ], [ 530365.572602068888955, 3183485.406338167376816 ], [ 529868.343446275568567, 3183262.538497135043144 ], [ 529461.10831675643567, 3182186.843224598094821 ], [ 528973.264570153551176, 3182085.906637828331441 ], [ 528321.212812863988802, 3181264.46125874761492 ], [ 528885.324609271832742, 3182118.92446713661775 ], [ 529412.18692862149328, 3182231.034968954510987 ], [ 529546.598520691157319, 3183117.689659568481147 ], [ 530384.398603667854331, 3183751.350239241495728 ], [ 531359.734905812540092, 3184019.837605054490268 ], [ 530150.778315359610133, 3183507.00472671026364 ], [ 531969.253951769554988, 3184218.468413075432181 ], [ 531408.955960098304786, 3183864.865162472706288 ], [ 531821.096490924013779, 3183814.596275357529521 ], [ 532309.136286000255495, 3183069.648938295431435 ] ], [ [ 529624.545800115680322, 3183173.282803177367896 ], [ 529567.220155397662893, 3182685.664030223619193 ], [ 529683.47989469289314, 3183029.407145972829312 ], [ 529624.545800115680322, 3183173.282803177367896 ] ] ], [ [ [ 532010.988793695229106, 3184996.564230573363602 ], [ 532149.462341894861311, 3184332.208068320062011 ], [ 532032.15835390414577, 3184258.170345642603934 ], [ 532010.988793695229106, 3184996.564230573363602 ] ] ] ] } },
{ "type": "Feature", "properties": { "t": "river" }, "geometry": { "type": "Polygon", "coordinates": [ [ [ 534154.226983711239882, 3183738.799678997136652 ], [ 533353.259131463943049, 3183183.389173799660057 ], [ 532659.010699865408242, 3183613.496511292643845 ], [ 532640.485484290285967, 3183258.91748893680051 ], [ 532356.399006750434637, 3183623.728599867317826 ], [ 532824.785607043886557, 3183669.35864742519334 ], [ 533372.717561041703448, 3183205.602997655048966 ], [ 534064.158268640632741, 3183750.4800532781519 ], [ 534154.226983711239882, 3183738.799678997136652 ] ], [ [ 532795.535005715209991, 3183658.197051983326674 ], [ 532658.917251601233147, 3183646.733159566298127 ], [ 532844.557471641106531, 3183580.782758621033281 ], [ 532795.535005715209991, 3183658.197051983326674 ] ] ] } },
{ "type": "Feature", "properties": { "t": "river" }, "geometry": { "type": "Polygon", "coordinates": [ [ [ 531341.230671512545086, 3183643.103070629760623 ], [ 531653.933388619101606, 3183511.003509090747684 ], [ 531507.371876326389611, 3183565.99983873218298 ], [ 531341.230671512545086, 3183643.103070629760623 ] ] ] } },
{ "type": "Feature", "properties": { "t": "river" }, "geometry": { "type": "Polygon", "coordinates": [ [ [ 534057.288170991814695, 3182764.430568620562553 ], [ 534986.022077740170062, 3182301.872595661785454 ], [ 535456.953913353499956, 3181527.771345934830606 ], [ 536297.908229699358344, 3181087.207532602827996 ], [ 535874.828878468251787, 3181132.556437606923282 ], [ 535907.189978805370629, 3181152.468145541846752 ], [ 535633.492969190119766, 3181262.415789910126477 ], [ 535722.308597759460099, 3181148.908596369437873 ], [ 535594.747548518120311, 3181162.58637156477198 ], [ 534927.617797391838394, 3182246.302032785490155 ], [ 532309.475182348978706, 3182947.781352751888335 ], [ 534057.288170991814695, 3182764.430568620562553 ] ], [ [ 533637.67642026359681, 3182718.892373731359839 ], [ 533295.994577380828559, 3182728.98723559640348 ], [ 533481.653124489472248, 3182663.046923169400543 ], [ 533637.67642026359681, 3182718.892373731359839 ] ] ] } },
{ "type": "Feature", "properties": { "t": "river" }, "geometry": { "type": "Polygon", "coordinates": [ [ [ 525442.819272086606361, 3180537.680143114645034 ], [ 524991.56205899908673, 3180700.997971509117633 ], [ 524977.787461598287337, 3180709.739778789225966 ], [ 524909.021095199743286, 3180730.873371057212353 ], [ 524865.285408154944889, 3180746.703642423730344 ], [ 524837.747775862226263, 3180761.240339359734207 ], [ 524735.702941760537215, 3180805.476689710747451 ], [ 524678.087086090119556, 3180837.967623120639473 ], [ 524652.277277834713459, 3180860.465221237391233 ], [ 524634.969374545500614, 3180879.207157436292619 ], [ 524595.599081156309694, 3180937.447073158342391 ], [ 524544.605361019144766, 3181114.157716341782361 ], [ 524531.360115466522984, 3181139.403413628228009 ], [ 524513.582944391178899, 3181188.641574904322624 ], [ 525442.819272086606361, 3180537.680143114645034 ] ] ] } },
{ "type": "Feature", "properties": { "t": "river" }, "geometry": { "type": "Polygon", "coordinates": [ [ [ 527600.462505447561853, 3180553.679775792174041 ], [ 527278.53659854340367, 3180442.131505899131298 ], [ 527656.041054010856897, 3180781.247468180488795 ], [ 527600.462505447561853, 3180553.679775792174041 ] ] ] } },
{ "type": "Feature", "properties": { "t": "river" }, "geometry": { "type": "Polygon", "coordinates": [ [ [ 507880.142606196866836, 3192998.368748936336488 ], [ 507394.869456893240567, 3192931.890877612866461 ], [ 507290.572588933107909, 3192994.295897907111794 ], [ 507274.564148156670853, 3193009.005059534683824 ], [ 507262.423812057299074, 3193029.384137288667262 ], [ 507880.142606196866836, 3192998.368748936336488 ] ] ] } },
{ "type": "Feature", "properties": { "t": "river" }, "geometry": { "type": "Polygon", "coordinates": [ [ [ 505607.448582483979408, 3194049.62986145215109 ], [ 505469.723707967845257, 3194138.277420015074313 ], [ 505452.541315967391711, 3194153.772969798650593 ], [ 505394.520126277173404, 3194216.258612706325948 ], [ 505371.029276901739649, 3194232.755353474989533 ], [ 505326.032954391732346, 3194259.910305830650032 ], [ 506055.735342442640103, 3194260.269228083081543 ], [ 505607.448582483979408, 3194049.62986145215109 ] ] ] } },
{ "type": "Feature", "properties": { "t": "river" }, "geometry": { "type": "MultiPolygon", "coordinates": [ [ [ [ 508709.185032855486497, 3192910.33136639976874 ], [ 508773.225153522274923, 3192806.750977327115834 ], [ 508718.837741734401789, 3192818.28881944809109 ], [ 508542.980405302892905, 3192823.358618176076561 ], [ 507899.655477594700642, 3192987.303118046373129 ], [ 508709.185032855486497, 3192910.33136639976874 ] ] ], [ [ [ 509360.05592783895554, 3191857.696618456859142 ], [ 509352.828680790029466, 3191863.731852192431688 ], [ 509282.655911127396394, 3191941.71943954192102 ], [ 509266.123266848153435, 3191949.717591510619968 ], [ 509250.811664261622354, 3191978.46213344251737 ], [ 509204.135887878073845, 3192030.952839485369623 ], [ 509175.515069097513333, 3192139.178135268390179 ], [ 509157.363459000887815, 3192167.671169206965715 ], [ 509146.035706419730559, 3192203.800118120852858 ], [ 509360.05592783895554, 3191857.696618456859142 ] ] ], [ [ [ 510865.859299758449197, 3191505.130855497438461 ], [ 511948.430211674422026, 3191616.986356928013265 ], [ 510475.902934218815062, 3191283.193246706854552 ], [ 510076.142784743336961, 3190867.050133991520852 ], [ 510067.631507651007269, 3190880.514167453162372 ], [ 510095.821125881571788, 3190906.172774544451386 ], [ 510056.660842264478561, 3190897.24144046055153 ], [ 509966.173001658637077, 3191018.951318524312228 ], [ 510865.859299758449197, 3191505.130855497438461 ] ] ] ] } },
{ "type": "Feature", "properties": { "t": "river" }, "geometry": { "type": "Polygon", "coordinates": [ [ [ 593467.649201041902415, 3123934.992313669994473 ], [ 593793.784381356090307, 3123638.417822410352528 ], [ 593408.78128653136082, 3123934.529292208142579 ], [ 593293.459831675398163, 3124875.375153640285134 ], [ 592848.693861832260154, 3125292.907789940014482 ], [ 593282.779019057634287, 3124986.085685478523374 ], [ 593289.455915455473587, 3125384.998251144308597 ], [ 593467.649201041902415, 3123934.992313669994473 ] ] ] } },
{ "type": "Feature", "properties": { "t": "river" }, "geometry": { "type": "Polygon", "coordinates": [ [ [ 597140.200194948585704, 3124784.343115063384175 ], [ 597150.554671768797562, 3124717.950394579675049 ], [ 597071.163050911389291, 3124828.096890371758491 ], [ 597140.200194948585704, 3124784.343115063384175 ] ] ] } },
{ "type": "Feature", "properties": { "t": "river" }, "geometry": { "type": "MultiPolygon", "coordinates": [ [ [ [ 594246.171419428894296, 3123509.044332610443234 ], [ 594253.568288483540528, 3123235.599878055974841 ], [ 593793.347073266864754, 3123693.81157766468823 ], [ 594246.171419428894296, 3123509.044332610443234 ] ] ], [ [ [ 594287.822634690208361, 3121969.332070112694055 ], [ 594726.212412533699535, 3121141.858973587863147 ], [ 595603.395605528843589, 3121703.8153165881522 ], [ 594766.349851102684624, 3121031.384400445502251 ], [ 594228.593622997985221, 3122013.180193127132952 ], [ 594238.738193440018222, 3122323.484754573088139 ], [ 594245.760102558066137, 3122323.540426216088235 ], [ 594245.408745874883607, 3122367.855387509800494 ], [ 594239.76284844474867, 3122354.828658001497388 ], [ 594260.353790555498563, 3122984.758415106683969 ], [ 594287.822634690208361, 3121969.332070112694055 ] ] ], [ [ [ 595829.531145098386332, 3121848.705618815030903 ], [ 597030.34646600834094, 3121415.264470926485956 ], [ 597017.732366010546684, 3121279.625733632128686 ], [ 597010.900270327925682, 3121392.946774994954467 ], [ 595764.571489916881546, 3121807.083640963304788 ], [ 595829.531145098386332, 3121848.705618815030903 ] ] ], [ [ [ 596994.255174679681659, 3121027.187094268389046 ], [ 596298.821238033939153, 3120855.343368078116328 ], [ 597010.222930943127722, 3121198.879026187118143 ], [ 596994.255174679681659, 3121027.187094268389046 ] ], [ [ 596680.573857056326233, 3120980.314927376341075 ], [ 596935.372367822797969, 3121026.707005710341036 ], [ 596974.175880164955743, 3121082.420894353184849 ], [ 596856.591283056070097, 3121059.30365132773295 ], [ 596680.573857056326233, 3120980.314927376341075 ] ] ] ] } },
{ "type": "Feature", "properties": { "t": "river" }, "geometry": { "type": "Polygon", "coordinates": [ [ [ 596665.267953018774278, 3120448.374825173057616 ], [ 597863.430602052016184, 3120358.456073337700218 ], [ 596606.922170059988275, 3120381.423909051343799 ], [ 596250.289537729113363, 3120788.473630747757852 ], [ 596665.267953018774278, 3120448.374825173057616 ] ] ] } },
{ "type": "Feature", "properties": { "t": "river" }, "geometry": { "type": "Polygon", "coordinates": [ [ [ 596720.401235487661324, 3148491.545374480541795 ], [ 597029.786840178305283, 3148970.528513146564364 ], [ 597674.774457922205329, 3149119.903528226539493 ], [ 596720.401235487661324, 3148491.545374480541795 ] ] ] } },
{ "type": "Feature", "properties": { "t": "river" }, "geometry": { "type": "MultiPolygon", "coordinates": [ [ [ [ 594077.481675935327075, 3147162.706704442854971 ], [ 593648.215990527998656, 3146959.849060185719281 ], [ 594197.042102952487767, 3147599.923085743095726 ], [ 594077.481675935327075, 3147162.706704442854971 ] ] ], [ [ [ 594327.371819130843505, 3147751.935843363404274 ], [ 594911.102789692464285, 3147289.285302563104779 ], [ 594253.366960299783386, 3147665.618068601936102 ], [ 594327.371819130843505, 3147751.935843363404274 ] ] ], [ [ [ 595464.300788569496945, 3147136.550022033508867 ], [ 595194.13840017572511, 3147127.361059278249741 ], [ 595017.903859014506452, 3147228.183262144215405 ], [ 595464.300788569496945, 3147136.550022033508867 ] ] ], [ [ [ 596446.807456805487163, 3147226.192711608950049 ], [ 596516.809347305679694, 3147620.343118630349636 ], [ 596620.792268188903108, 3147504.616215764079243 ], [ 596476.637546709389426, 3147171.037649449426681 ], [ 596228.759910117601976, 3147162.585047501605004 ], [ 596446.807456805487163, 3147226.192711608950049 ] ] ], [ [ [ 596185.968078586854972, 3147988.570928949862719 ], [ 596661.6550062635215, 3148491.062785267364234 ], [ 596247.704109944170341, 3147925.912558367941529 ], [ 596185.968078586854972, 3147988.570928949862719 ] ] ] ] } },
{ "type": "Feature", "properties": { "t": "river" }, "geometry": { "type": "MultiPolygon", "coordinates": [ [ [ [ 589607.910439212224446, 3146418.750774909742177 ], [ 589536.667187278158963, 3146772.757713079918176 ], [ 589769.531962940120138, 3146356.870810696855187 ], [ 589607.910439212224446, 3146418.750774909742177 ] ] ], [ [ [ 590908.687864098115824, 3146033.184941792860627 ], [ 590884.796237360686064, 3145929.947771523147821 ], [ 590208.855902934446931, 3146188.681450067553669 ], [ 590908.687864098115824, 3146033.184941792860627 ] ] ], [ [ [ 591342.316710382816382, 3147551.123128571081907 ], [ 591597.968636025907472, 3147643.354871148243546 ], [ 591254.101540640695021, 3147230.914998582564294 ], [ 591342.316710382816382, 3147551.123128571081907 ] ] ], [ [ [ 591781.734198855701834, 3147709.656473045703024 ], [ 592775.485157033195719, 3147108.058252554386854 ], [ 593609.047024046769366, 3146959.537663185503334 ], [ 592972.289281383622438, 3146987.732941270805895 ], [ 591613.780827029957436, 3147649.059679155703634 ], [ 591781.734198855701834, 3147709.656473045703024 ] ] ] ] } },
{ "type": "Feature", "properties": { "t": "river" }, "geometry": { "type": "MultiPolygon", "coordinates": [ [ [ [ 585475.136290119145997, 3145080.655061250552535 ], [ 587662.909128142986447, 3144587.065653298050165 ], [ 587950.530681298812851, 3145420.176174663938582 ], [ 588880.820483426679857, 3145438.235918681137264 ], [ 589036.263474674662575, 3146206.827029436826706 ], [ 589174.035703830304556, 3145518.008527766913176 ], [ 588735.170851910836063, 3145270.944188348483294 ], [ 587941.646758288145065, 3145298.234512324910611 ], [ 587663.48587820737157, 3144509.513041051570326 ], [ 586859.549891077913344, 3144614.357072927989066 ], [ 587148.900580260204151, 3143896.322905362118036 ], [ 586722.351786258979701, 3144624.426401644479483 ], [ 586113.23403795924969, 3144847.219526974949986 ], [ 585946.280863146064803, 3144940.047914370894432 ], [ 585912.536962683079764, 3144920.635914942249656 ], [ 585475.136290119145997, 3145080.655061250552535 ] ], [ [ 589017.509647237719037, 3145494.665782008785754 ], [ 589115.359444339293987, 3145506.485006719827652 ], [ 589055.929476163117215, 3145594.672625421080738 ], [ 589017.509647237719037, 3145494.665782008785754 ] ] ], [ [ [ 589154.599619070417248, 3146792.018648336175829 ], [ 589254.514489338151179, 3146746.55835286853835 ], [ 589071.607993462588638, 3146381.604573810938746 ], [ 589154.599619070417248, 3146792.018648336175829 ] ] ] ] } },
{ "type": "Feature", "properties": { "t": "river" }, "geometry": { "type": "Polygon", "coordinates": [ [ [ 586651.105687462026253, 3144989.526933772023767 ], [ 586612.58211760292761, 3144900.60751322330907 ], [ 586582.875160549185239, 3144944.707361083477736 ], [ 586651.105687462026253, 3144989.526933772023767 ] ] ] } },
{ "type": "Feature", "properties": { "t": "river" }, "geometry": { "type": "Polygon", "coordinates": [ [ [ 586915.944893685285933, 3144936.079372693318874 ], [ 586837.594680045731366, 3144935.501833444461226 ], [ 586788.217884104233235, 3144990.535815526265651 ], [ 586915.944893685285933, 3144936.079372693318874 ] ] ] } },
{ "type": "Feature", "properties": { "t": "river" }, "geometry": { "type": "Polygon", "coordinates": [ [ [ 572002.502844423288479, 3152458.009984079282731 ], [ 572804.09549468383193, 3152618.057962405961007 ], [ 573178.075393358478323, 3152288.002844776492566 ], [ 572696.848448889912106, 3152550.918510168790817 ], [ 571924.543989430647343, 3152402.136456962209195 ], [ 571500.455492476234213, 3152931.35155789507553 ], [ 572002.502844423288479, 3152458.009984079282731 ] ] ] } },
{ "type": "Feature", "properties": { "t": "river" }, "geometry": { "type": "Polygon", "coordinates": [ [ [ 564592.565485793398693, 3152603.292296639177948 ], [ 564503.93527751439251, 3152702.516994183883071 ], [ 564553.052382875815965, 3152669.549529836047441 ], [ 564592.565485793398693, 3152603.292296639177948 ] ] ] } },
{ "type": "Feature", "properties": { "t": "river" }, "geometry": { "type": "Polygon", "coordinates": [ [ [ 572266.281304485397413, 3152537.183707888238132 ], [ 572080.596864103339612, 3152491.726406512781978 ], [ 572178.264806242776103, 3152525.563562675379217 ], [ 572266.281304485397413, 3152537.183707888238132 ] ] ] } },
{ "type": "Feature", "properties": { "t": "river" }, "geometry": { "type": "Polygon", "coordinates": [ [ [ 569852.700723670073785, 3148578.411533768288791 ], [ 569950.934206961188465, 3148523.599337777588516 ], [ 569735.215626263525337, 3148577.71483982168138 ], [ 569852.700723670073785, 3148578.411533768288791 ] ] ] } },
{ "type": "Feature", "properties": { "t": "river" }, "geometry": { "type": "Polygon", "coordinates": [ [ [ 571796.276659942814149, 3146152.693385796155781 ], [ 571834.906098074279726, 3146241.561980640050024 ], [ 571893.795745302806608, 3146219.762964057270437 ], [ 571796.276659942814149, 3146152.693385796155781 ] ] ] } },
{ "type": "Feature", "properties": { "t": "river" }, "geometry": { "type": "MultiPolygon", "coordinates": [ [ [ [ 537170.376266245963052, 3179970.987042395863682 ], [ 537844.833473366918042, 3179740.503342804964632 ], [ 539171.390760014066473, 3180143.738643242046237 ], [ 539895.002509232144803, 3179824.906909869983792 ], [ 539918.072233927319758, 3179688.215852501802146 ], [ 539670.356847979244776, 3179846.296627236530185 ], [ 539103.343230041791685, 3180054.877669054549187 ], [ 537903.778274878393859, 3179629.905485190916806 ], [ 537053.316906642518006, 3179937.376644528470933 ], [ 536983.279314512154087, 3180468.944444393739104 ], [ 537170.376266245963052, 3179970.987042395863682 ] ] ], [ [ [ 540067.985535674029961, 3178800.036090874578804 ], [ 539966.889170794631355, 3178794.80666065402329 ], [ 539799.902618787833489, 3179082.288139708805829 ], [ 539938.24620618193876, 3179568.685042649973184 ], [ 540067.985535674029961, 3178800.036090874578804 ] ] ] ] } },
{ "type": "Feature", "properties": { "t": "river" }, "geometry": { "type": "MultiPolygon", "coordinates": [ [ [ [ 541305.962723036063835, 3178433.875486447475851 ], [ 540947.462025349144824, 3177451.044894811697304 ], [ 541024.688205989310518, 3177890.009692296385765 ], [ 540566.286407113890164, 3177722.218407439533621 ], [ 541236.561109457165003, 3178466.157213622238487 ], [ 541305.962723036063835, 3178433.875486447475851 ] ], [ [ 541063.984904727083631, 3177823.674283180385828 ], [ 541034.649025931255892, 3177834.649830728303641 ], [ 541034.961447073728777, 3177746.018988410942256 ], [ 541063.984904727083631, 3177823.674283180385828 ] ] ], [ [ [ 540983.013263380154967, 3177238.367655887734145 ], [ 540919.369829932111315, 3177291.373633614275604 ], [ 540925.056602477794513, 3177323.695900709368289 ], [ 540983.013263380154967, 3177238.367655887734145 ] ] ], [ [ [ 542339.248308550217189, 3176201.76296711480245 ], [ 542310.376231158152223, 3176133.05072101065889 ], [ 541390.334200628683902, 3176899.146536810789257 ], [ 542339.248308550217189, 3176201.76296711480245 ] ] ], [ [ [ 542590.581704897223972, 3176964.996696358546615 ], [ 543768.602946634171531, 3177955.398469490464777 ], [ 544432.235973775503226, 3178068.703146645799279 ], [ 543798.024578395066783, 3177922.272023065946996 ], [ 542688.001467442372814, 3177031.827449258882552 ], [ 542543.349310307647102, 3176687.525958330836147 ], [ 542590.581704897223972, 3176964.996696358546615 ] ] ] ] } },
{ "type": "Feature", "properties": { "t": "river" }, "geometry": { "type": "Polygon", "coordinates": [ [ [ 546008.544004217605107, 3177044.473821078427136 ], [ 546038.148793635657057, 3176992.107555959373713 ], [ 544529.890355710522272, 3178069.076323051005602 ], [ 546008.544004217605107, 3177044.473821078427136 ] ] ] } },
{ "type": "Feature", "properties": { "t": "river" }, "geometry": { "type": "Polygon", "coordinates": [ [ [ 539885.572590804193169, 3176877.864610712975264 ], [ 540357.73742823721841, 3175904.542693344410509 ], [ 539877.247705517918803, 3176456.835631579626352 ], [ 539768.07322999520693, 3176966.09445371478796 ], [ 540458.748322258936241, 3177755.081124593969434 ], [ 539885.572590804193169, 3176877.864610712975264 ] ] ] } },
{ "type": "Feature", "properties": { "t": "river" }, "geometry": { "type": "Polygon", "coordinates": [ [ [ 547253.540969104622491, 3175897.236161460634321 ], [ 547146.145617999951355, 3175885.721970117185265 ], [ 547194.892345610191114, 3175908.077474599704146 ], [ 547253.540969104622491, 3175897.236161460634321 ] ] ] } },
{ "type": "Feature", "properties": { "t": "river" }, "geometry": { "type": "Polygon", "coordinates": [ [ [ 548026.428706453298219, 3175478.576733920257539 ], [ 547870.83782240760047, 3175423.356487465556711 ], [ 547224.284009892260656, 3175886.038462172728032 ], [ 548026.428706453298219, 3175478.576733920257539 ] ] ] } },
{ "type": "Feature", "properties": { "t": "river" }, "geometry": { "type": "Polygon", "coordinates": [ [ [ 547224.284009892260656, 3175886.038462172728032 ], [ 546814.54722962831147, 3175762.515104785561562 ], [ 546667.548076154896989, 3175883.794893324375153 ], [ 546804.690811012987979, 3175784.633607293944806 ], [ 547146.145617999951355, 3175885.721970117185265 ], [ 547224.284009892260656, 3175886.038462172728032 ] ] ] } },
{ "type": "Feature", "properties": { "t": "river" }, "geometry": { "type": "Polygon", "coordinates": [ [ [ 540396.95994608278852, 3175860.362818967085332 ], [ 540475.829265931504779, 3175650.136440630070865 ], [ 540289.520214489777572, 3175859.990747775416821 ], [ 540396.95994608278852, 3175860.362818967085332 ] ] ] } },
{ "type": "Feature", "properties": { "t": "river" }, "geometry": { "type": "Polygon", "coordinates": [ [ [ 540887.732926320633851, 3175175.179660722613335 ], [ 540683.536827560630627, 3174908.570214698091149 ], [ 540612.064044590224512, 3175012.019843311049044 ], [ 540663.768778813071549, 3174974.974892276339233 ], [ 540712.337808275828138, 3175052.697101168334484 ], [ 540584.269413270871155, 3175052.250372685492039 ], [ 540477.368758756201714, 3175206.98379513155669 ], [ 540799.938850058475509, 3175141.635078594088554 ], [ 540475.829265931504779, 3175650.136440630070865 ], [ 540887.732926320633851, 3175175.179660722613335 ] ] ] } },
{ "type": "Feature", "properties": { "t": "river" }, "geometry": { "type": "MultiPolygon", "coordinates": [ [ [ [ 538198.566816851147451, 3173105.37872526049614 ], [ 539458.087833593483083, 3173331.15048770327121 ], [ 539889.986017164308578, 3172734.359060326125473 ], [ 540457.637340865330771, 3172448.262741594109684 ], [ 539714.467996692750603, 3172634.049995398148894 ], [ 540008.060412507737055, 3172491.027661222964525 ], [ 539701.706273950752802, 3172511.687802135478705 ], [ 539468.194676112500019, 3173231.474559000693262 ], [ 537876.603928006021306, 3172971.382007624488324 ], [ 537891.390282608335838, 3173343.258833358064294 ], [ 538198.566816851147451, 3173105.37872526049614 ] ], [ [ 538003.248301011743024, 3173082.582813605666161 ], [ 538022.968019498395734, 3173027.252690591383725 ], [ 538071.816023516934365, 3173027.412059315480292 ], [ 538071.74368699407205, 3173049.569585110060871 ], [ 538003.248301011743024, 3173082.582813605666161 ] ] ], [ [ [ 539813.755619951873086, 3172169.074879202060401 ], [ 540478.446172569179907, 3172082.731137614231557 ], [ 539823.639416022808291, 3172135.87193997297436 ], [ 539798.953651694930159, 3172211.955078036058694 ], [ 539813.755619951873086, 3172169.074879202060401 ] ] ], [ [ [ 537912.728561651543714, 3173879.967925644479692 ], [ 537951.840168513939716, 3173869.016291696112603 ], [ 538282.927521734847687, 3174191.386863787192851 ], [ 538409.700652419123799, 3174258.277316245250404 ], [ 538438.787165806745179, 3174324.846623380668461 ], [ 538399.640102404169738, 3174346.875403033569455 ], [ 538321.637809733627364, 3174302.303081835620105 ], [ 538135.92691567458678, 3174334.930715953465551 ], [ 538028.581787312286906, 3174301.343307565432042 ], [ 538116.244989935890771, 3174379.181943063158542 ], [ 538106.367862461134791, 3174412.386352765839547 ], [ 537969.970589633565396, 3174301.152236893307418 ], [ 537925.419370798510499, 3174199.201118184719235 ], [ 537930.78830412926618, 3174334.261362371500582 ], [ 538944.862108022789471, 3174891.55121847614646 ], [ 539893.311036801547743, 3174617.786076183430851 ], [ 540056.667980374651961, 3175404.950943482108414 ], [ 540113.372074028593488, 3175352.96109151141718 ], [ 540086.504468066385016, 3175249.948357190005481 ], [ 540186.100859086029232, 3175286.279881969094276 ], [ 540478.022983499919064, 3175018.643999762367457 ], [ 540213.714725527795963, 3175183.913028613198549 ], [ 539942.532134794280864, 3174507.165363076608628 ], [ 539035.112037688377313, 3174193.881432876456529 ], [ 538907.750026121386327, 3174304.244734948966652 ], [ 539551.684256596141495, 3174539.069273923523724 ], [ 539189.435852213064209, 3174781.581878549419343 ], [ 538127.680283717345446, 3173869.590043079108 ], [ 537892.183760570827872, 3173363.215628081467003 ], [ 537912.728561651543714, 3173879.967925644479692 ] ], [ [ 539013.646403758786619, 3174769.913162228651345 ], [ 539072.25530235725455, 3174770.109507332090288 ], [ 539062.375751278712414, 3174803.313150536734611 ], [ 539013.646403758786619, 3174769.913162228651345 ] ], [ [ 538984.416073589352891, 3174747.657510293647647 ], [ 538993.924760585417971, 3174825.24175737798214 ], [ 538720.822794525534846, 3174702.463102059904486 ], [ 538730.701448683161288, 3174669.259183693211526 ], [ 538857.762335478211753, 3174647.524290272966027 ], [ 538984.416073589352891, 3174747.657510293647647 ] ], [ [ 538994.332513809902593, 3174703.375011125579476 ], [ 538926.066087189363316, 3174669.910051689948887 ], [ 538926.177094047889113, 3174636.673672773409635 ], [ 538994.332513809902593, 3174703.375011125579476 ] ], [ [ 538487.337101252167486, 3174413.638078430201858 ], [ 538487.556590543710627, 3174347.165364162065089 ], [ 538770.327169376658276, 3174503.207232866901904 ], [ 538857.873146622325294, 3174614.287913867272437 ], [ 538760.153520288411528, 3174625.04143850132823 ], [ 538682.191221124492586, 3174569.387862437870353 ], [ 538487.337101252167486, 3174413.638078430201858 ] ], [ [ 538478.153804869391024, 3174236.345270163845271 ], [ 538488.068715819390491, 3174192.062387030571699 ], [ 538604.925352284801193, 3174303.237867501564324 ], [ 538517.081739939167164, 3174280.789455539081246 ], [ 538478.153804869391024, 3174236.345270163845271 ] ], [ [ 538174.964656053227372, 3174346.137404059525579 ], [ 538233.611978556844406, 3174335.250724727287889 ], [ 538331.114883709233254, 3174390.965473764110357 ], [ 538223.734480311279185, 3174368.455037092324346 ], [ 538174.964656053227372, 3174346.137404059525579 ] ] ] ] } },
{ "type": "Feature", "properties": { "t": "river" }, "geometry": { "type": "MultiPolygon", "coordinates": [ [ [ [ 540488.293487614952028, 3172060.607509305234998 ], [ 540751.514701841166243, 3172227.707587860990316 ], [ 540486.986121372203343, 3172437.285668020136654 ], [ 541378.211119400220923, 3172147.351704672910273 ], [ 540488.293487614952028, 3172060.607509305234998 ] ] ], [ [ [ 542060.455396734294482, 3172309.906123291235417 ], [ 542468.223769816220738, 3173020.435571540612727 ], [ 543113.594179578940384, 3172867.698287129867822 ], [ 544203.917326741386205, 3171320.726018512621522 ], [ 542830.067037126165815, 3172922.048343680799007 ], [ 542138.937485875561833, 3172221.557951299007982 ], [ 541446.568866896210238, 3172154.017699296120554 ], [ 542060.455396734294482, 3172309.906123291235417 ] ] ] ] } },
{ "type": "Feature", "properties": { "t": "river" }, "geometry": { "type": "Polygon", "coordinates": [ [ [ 544360.844395559164695, 3171166.216273551806808 ], [ 544557.833820540225133, 3170757.045780415181071 ], [ 544125.99995201791171, 3171253.957467320840806 ], [ 544360.844395559164695, 3171166.216273551806808 ] ] ] } },
{ "type": "Feature", "properties": { "t": "river" }, "geometry": { "type": "Polygon", "coordinates": [ [ [ 544695.569053732091561, 3170513.835674344561994 ], [ 544560.371205897419713, 3170092.319246045313776 ], [ 544557.833820540225133, 3170757.045780415181071 ], [ 544695.569053732091561, 3170513.835674344561994 ] ] ] } },
{ "type": "Feature", "properties": { "t": "river" }, "geometry": { "type": "MultiPolygon", "coordinates": [ [ [ [ 544510.98359655495733, 3167665.848830098286271 ], [ 544344.90708651044406, 3167643.059617766644806 ], [ 543293.363896224182099, 3169179.081799483858049 ], [ 543324.246548110037111, 3169254.262861358933151 ], [ 544510.98359655495733, 3167665.848830098286271 ] ], [ [ 543873.042848925106227, 3168361.406345163006335 ], [ 543922.160587093909271, 3168295.117535272147506 ], [ 543912.220394728356041, 3168339.395750588737428 ], [ 543873.042848925106227, 3168361.406345163006335 ] ] ], [ [ [ 543448.328419757657684, 3169556.340023822151124 ], [ 544559.821480514132418, 3170236.343278804793954 ], [ 543326.647516665398143, 3169260.107850529253483 ], [ 543448.328419757657684, 3169556.340023822151124 ] ] ] ] } },
{ "type": "Feature", "properties": { "t": "river" }, "geometry": { "type": "Polygon", "coordinates": [ [ [ 545804.862989480374381, 3166729.141752992756665 ], [ 545097.945995053974912, 3167535.152545853983611 ], [ 544949.414121272275224, 3168033.13096011383459 ], [ 544589.303648221655749, 3167632.910735070239753 ], [ 544939.469818822108209, 3168077.408338333014399 ], [ 545804.862989480374381, 3166729.141752992756665 ] ] ] } },
{ "type": "Feature", "properties": { "t": "river" }, "geometry": { "type": "Polygon", "coordinates": [ [ [ 564813.583837593672797, 3200722.438742240425199 ], [ 565178.136345074046403, 3201754.912740431260318 ], [ 565440.51812064985279, 3201889.355670732446015 ], [ 564813.583837593672797, 3200722.438742240425199 ] ] ] } },
{ "type": "Feature", "properties": { "t": "river" }, "geometry": { "type": "Polygon", "coordinates": [ [ [ 563941.480020304094069, 3199797.954972015228122 ], [ 563711.148722924292088, 3199142.977224467787892 ], [ 563912.176477655419149, 3199808.872479021083564 ], [ 564735.362178532057442, 3200766.31889254739508 ], [ 563941.480020304094069, 3199797.954972015228122 ] ] ] } },
{ "type": "Feature", "properties": { "t": "river" }, "geometry": { "type": "MultiPolygon", "coordinates": [ [ [ [ 563686.425106116104871, 3198322.941142645198852 ], [ 563406.207295792060904, 3197867.131674401462078 ], [ 563661.024881792603992, 3197624.779164912179112 ], [ 563545.739888235926628, 3197313.912920239847153 ], [ 563829.454322254285216, 3197138.201087274588645 ], [ 563941.480497771059163, 3196274.603602960705757 ], [ 564262.632975579588674, 3196066.29839900135994 ], [ 563942.21578355669044, 3196141.651342405006289 ], [ 563839.938316675834358, 3197005.302536860108376 ], [ 563477.18915058823768, 3197368.934702451806515 ], [ 563367.089668469270691, 3197889.076494171284139 ], [ 563672.706637894152664, 3199043.047642866149545 ], [ 563686.425106116104871, 3198322.941142645198852 ] ], [ [ 563657.423363078618422, 3198278.462426091078669 ], [ 563666.927813864196651, 3198322.833676517941058 ], [ 563637.742906655184925, 3198311.593156598508358 ], [ 563637.925996648729779, 3198278.355010273400694 ], [ 563657.423363078618422, 3198278.462426091078669 ] ], [ [ 563637.13259408227168, 3198422.386988238897175 ], [ 563627.445055359159596, 3198411.253907357808203 ], [ 563637.315689888549969, 3198389.1488370411098 ], [ 563637.13259408227168, 3198422.386988238897175 ] ], [ [ 563607.27685846935492, 3198533.019765953999013 ], [ 563587.840910522732884, 3198521.833042047452182 ], [ 563627.078915782389231, 3198477.730212457943708 ], [ 563607.27685846935492, 3198533.019765953999013 ] ] ], [ [ [ 564381.851638815831393, 3195988.975213608238846 ], [ 564404.532580819446594, 3195756.510985930450261 ], [ 564350.642044508596882, 3195823.775079419370741 ], [ 564264.753937934408896, 3196064.922759435139596 ], [ 564381.851638815831393, 3195988.975213608238846 ] ] ], [ [ [ 564415.825847393251024, 3195640.765682891942561 ], [ 564392.219437714433298, 3195707.042116618715227 ], [ 564410.351320650079288, 3195696.874156250618398 ], [ 564415.825847393251024, 3195640.765682891942561 ] ] ], [ [ [ 564697.652709192596376, 3195314.87604783475399 ], [ 564591.317622142494656, 3195148.086291124112904 ], [ 564546.87408065982163, 3195272.853970848489553 ], [ 564697.652709192596376, 3195314.87604783475399 ] ] ] ] } },
{ "type": "Feature", "properties": { "t": "river" }, "geometry": { "type": "Polygon", "coordinates": [ [ [ 564864.106597348698415, 3195193.931673572398722 ], [ 564786.592639021691866, 3195104.859648678451777 ], [ 564785.909991834312677, 3195226.732498650904745 ], [ 564864.106597348698415, 3195193.931673572398722 ] ] ] } },
{ "type": "Feature", "properties": { "t": "river" }, "geometry": { "type": "Polygon", "coordinates": [ [ [ 564778.888751514954492, 3194739.186605166178197 ], [ 564642.055602549342439, 3194793.819620341993868 ], [ 564786.406464883126318, 3195138.097696723416448 ], [ 564778.888751514954492, 3194739.186605166178197 ] ] ] } },
{ "type": "Feature", "properties": { "t": "river" }, "geometry": { "type": "Polygon", "coordinates": [ [ [ 565141.073676352156326, 3194497.467084278352559 ], [ 564827.647181862848811, 3194739.459744468796998 ], [ 564983.238505546352826, 3194817.890598585363477 ], [ 565141.073676352156326, 3194497.467084278352559 ] ] ] } },
{ "type": "Feature", "properties": { "t": "river" }, "geometry": { "type": "Polygon", "coordinates": [ [ [ 540354.572181600844488, 3207602.096768994815648 ], [ 540121.90246550377924, 3207704.90758590772748 ], [ 540120.015255791600794, 3207711.526469419244677 ], [ 540132.013122009579092, 3207762.519829893950373 ], [ 540146.102404925040901, 3207791.988514175638556 ], [ 540354.572181600844488, 3207602.096768994815648 ] ] ] } },
{ "type": "Feature", "properties": { "t": "river" }, "geometry": { "type": "MultiPolygon", "coordinates": [ [ [ [ 541470.815799804287963, 3205988.466594327241182 ], [ 541470.759130845195614, 3205988.235326388385147 ], [ 541438.435033244313672, 3206016.127130153123289 ], [ 541423.56108796573244, 3206024.37625966547057 ], [ 541355.069858618662693, 3206093.611900961026549 ], [ 541307.954917417024262, 3206148.099083091132343 ], [ 541256.587558673461899, 3206198.340207011904567 ], [ 541235.149245747597888, 3206225.581051472108811 ], [ 541202.532612232957035, 3206295.320137269794941 ], [ 541168.328814476262778, 3206398.796401729807258 ], [ 541470.815799804287963, 3205988.466594327241182 ] ] ], [ [ [ 541494.464554827311076, 3204317.940845697652549 ], [ 541484.611773157259449, 3204328.220956411678344 ], [ 541450.058071506209671, 3204382.704191654920578 ], [ 541442.540256837150082, 3204400.40693391347304 ], [ 541494.464554827311076, 3204317.940845697652549 ] ] ] ] } },
{ "type": "Feature", "properties": { "t": "river" }, "geometry": { "type": "Polygon", "coordinates": [ [ [ 543235.679702401859686, 3203638.004660546779633 ], [ 543199.276362191769294, 3203625.360795431304723 ], [ 543168.187408820143901, 3203604.041191325057298 ], [ 542775.492447551107034, 3203566.844199762213975 ], [ 543037.627897171536461, 3203822.646080497652292 ], [ 543235.679702401859686, 3203638.004660546779633 ] ] ] } },
{ "type": "Feature", "properties": { "t": "river" }, "geometry": { "type": "MultiPolygon", "coordinates": [ [ [ [ 543683.224555447581224, 3201596.187173215672374 ], [ 543672.594112478778698, 3201589.624350927770138 ], [ 543646.22780110151507, 3201597.403754327911884 ], [ 543683.224555447581224, 3201596.187173215672374 ] ] ], [ [ [ 543932.83215483976528, 3201587.982318714261055 ], [ 544018.517181657371111, 3201384.527853493578732 ], [ 544011.396453889203258, 3201386.812175341881812 ], [ 543963.22461979126092, 3201397.45871593663469 ], [ 543903.848188000964001, 3201521.395658791530877 ], [ 543784.806236668839119, 3201556.516854821704328 ], [ 543781.753818108816631, 3201592.9477703506127 ], [ 543932.83215483976528, 3201587.982318714261055 ] ] ] ] } },
{ "type": "Feature", "properties": { "t": "river" }, "geometry": { "type": "Polygon", "coordinates": [ [ [ 542775.492447551107034, 3203566.844199762213975 ], [ 542386.63050557684619, 3203321.661418448667973 ], [ 542206.111776379286312, 3203407.68535502627492 ], [ 542203.233920377912, 3203411.368304558098316 ], [ 542308.433374114101753, 3203387.850595058873296 ], [ 542454.635620725341141, 3203377.30856963340193 ], [ 542200.486381608177908, 3203414.884482858236879 ], [ 542182.502381178434007, 3203437.899677949026227 ], [ 542178.254218241898343, 3203442.156659809872508 ], [ 542174.50544450210873, 3203446.394629460759461 ], [ 542165.381526487297378, 3203456.644365937449038 ], [ 542150.25883624528069, 3203481.891564062330872 ], [ 542141.391407041111961, 3203513.629339496139437 ], [ 542122.072811021236703, 3203538.875120298005641 ], [ 542114.640917744487524, 3203564.411424030084163 ], [ 542775.492447551107034, 3203566.844199762213975 ] ] ] } },
{ "type": "Feature", "properties": { "t": "river" }, "geometry": { "type": "MultiPolygon", "coordinates": [ [ [ [ 544893.713844522368163, 3200394.709303748328239 ], [ 544809.397886321065016, 3200383.514352147001773 ], [ 544758.845334597746842, 3200382.771189267747104 ], [ 544676.357552982983179, 3200396.757897083181888 ], [ 544671.669464867096394, 3200399.26026895083487 ], [ 544631.737350504961796, 3200421.507008490152657 ], [ 544606.302947151358239, 3200429.752811930142343 ], [ 544582.809754336369224, 3200452.748773225117475 ], [ 544562.017512557562441, 3200493.353595938999206 ], [ 544677.446348910685629, 3200571.537123501300812 ], [ 544893.713844522368163, 3200394.709303748328239 ] ] ], [ [ [ 545389.638100062962621, 3200397.045326021499932 ], [ 545485.065349602838978, 3200221.206549474038184 ], [ 545475.980664410046302, 3200220.047854318283498 ], [ 545451.720137040130794, 3200219.809594277758151 ], [ 545438.981910841306672, 3200242.127909813076258 ], [ 545162.762716925819404, 3200294.381053355988115 ], [ 545389.638100062962621, 3200397.045326021499932 ] ] ] ] } },
{ "type": "Feature", "properties": { "t": "river" }, "geometry": { "type": "Polygon", "coordinates": [ [ [ 548325.518085570889525, 3199899.308303908444941 ], [ 548510.52696053031832, 3199944.401917695999146 ], [ 548287.874239798868075, 3199715.774268120061606 ], [ 548325.518085570889525, 3199899.308303908444941 ] ] ] } },
{ "type": "Feature", "properties": { "t": "river" }, "geometry": { "type": "MultiPolygon", "coordinates": [ [ [ [ 548187.455290307989344, 3196302.283124058973044 ], [ 548140.36716850171797, 3196329.084243564400822 ], [ 548108.371307726367377, 3196356.081746211275458 ], [ 547945.408683794317767, 3196525.449135321192443 ], [ 548187.455290307989344, 3196302.283124058973044 ] ] ], [ [ [ 546685.346252353279851, 3198486.960904827341437 ], [ 546820.376352405874059, 3198497.101927547249943 ], [ 546906.851076246821322, 3198807.675803754478693 ], [ 546970.607077654451132, 3198823.321089849341661 ], [ 546888.659249484771863, 3198486.299493885599077 ], [ 546643.163057727040723, 3198449.281972079072148 ], [ 546639.17136385734193, 3198453.653273521922529 ], [ 546635.351413377560675, 3198460.185355472844094 ], [ 546685.346252353279851, 3198486.960904827341437 ] ] ], [ [ [ 547090.400607724441215, 3198852.718671462498605 ], [ 547161.976336939260364, 3198765.320375152397901 ], [ 547000.760632702149451, 3198830.720703512430191 ], [ 547090.400607724441215, 3198852.718671462498605 ] ] ], [ [ [ 547140.712994921486825, 3198830.786698578391224 ], [ 547102.157726058503613, 3198855.603968022856861 ], [ 547549.581597769050859, 3198965.415577232372016 ], [ 547326.469688226352446, 3198698.593480905052274 ], [ 547175.81816872023046, 3198759.705302367452532 ], [ 547140.712994921486825, 3198830.786698578391224 ] ] ] ] } },
{ "type": "Feature", "properties": { "t": "river" }, "geometry": { "type": "MultiPolygon", "coordinates": [ [ [ [ 540695.312497666920535, 3198478.810416288673878 ], [ 540722.483977557276376, 3198440.158088111784309 ], [ 540731.16521267069038, 3198423.161170665640384 ], [ 540732.0447342133848, 3198419.841063357889652 ], [ 540532.47455280914437, 3198533.464037455618382 ], [ 540544.137384493951686, 3198537.388665192294866 ], [ 540560.032756904838607, 3198539.184912839904428 ], [ 540695.312497666920535, 3198478.810416288673878 ] ] ], [ [ [ 542324.298362351721153, 3197882.661800427827984 ], [ 542328.661975238355808, 3197870.407538766972721 ], [ 542326.47381075983867, 3197880.1838493142277 ], [ 542612.760103991487995, 3197554.101358250249177 ], [ 542628.359592997934669, 3197494.600322655867785 ], [ 542649.864469509571791, 3197461.109350205399096 ], [ 542675.609072979539633, 3197429.614543151110411 ], [ 542699.044815271976404, 3197412.867535604629666 ], [ 542724.792177188559435, 3197385.624402635730803 ], [ 542782.34226565179415, 3197339.878944341093302 ], [ 542814.462463020579889, 3197306.386089528445154 ], [ 542837.89870486583095, 3197289.639356447849423 ], [ 542880.267988036153838, 3197249.430554556660354 ], [ 542994.380396759137511, 3197119.472077318001539 ], [ 543032.915339767700061, 3197107.686123331077397 ], [ 543043.272309263586067, 3197096.560128394514322 ], [ 542857.765609122463502, 3197152.202602450735867 ], [ 542172.164788140566088, 3198055.953643442131579 ], [ 542324.298362351721153, 3197882.661800427827984 ] ] ] ] } },
{ "type": "Feature", "properties": { "t": "river" }, "geometry": { "type": "MultiPolygon", "coordinates": [ [ [ [ 544629.54588558524847, 3196600.881941126659513 ], [ 544664.79063567169942, 3196583.032489699777216 ], [ 544686.422450070851482, 3196567.535819889511913 ], [ 544688.230989495408721, 3196566.289501942228526 ], [ 544690.49260681506712, 3196563.336436524055898 ], [ 544458.708187580341473, 3196626.442333936691284 ], [ 544629.54588558524847, 3196600.881941126659513 ] ] ], [ [ [ 545524.144514560699463, 3195943.670182777568698 ], [ 545371.572553299833089, 3195448.605664035771042 ], [ 545435.911879893625155, 3196065.195780681911856 ], [ 545192.858180037117563, 3196412.818371283821762 ], [ 545243.755517793935724, 3196412.817786337342113 ], [ 545524.144514560699463, 3195943.670182777568698 ] ] ], [ [ [ 545052.329399880138226, 3194412.877016196958721 ], [ 544982.473516273545101, 3194822.539428998716176 ], [ 545323.880168711999431, 3195293.863202647771686 ], [ 545052.329399880138226, 3194412.877016196958721 ] ] ] ] } },
{ "type": "Feature", "properties": { "t": "river" }, "geometry": { "type": "Polygon", "coordinates": [ [ [ 512228.458624189719558, 3203505.061303216964006 ], [ 511955.448417647799943, 3203682.040638784412295 ], [ 511955.356507990101818, 3203770.67338401125744 ], [ 512228.458624189719558, 3203505.061303216964006 ] ] ] } },
{ "type": "Feature", "properties": { "t": "river" }, "geometry": { "type": "MultiPolygon", "coordinates": [ [ [ [ 513009.312372414104175, 3202309.373356156051159 ], [ 513129.892670317436568, 3202270.816249187570065 ], [ 513154.695533737190999, 3202254.885960087645799 ], [ 513201.969148829579353, 3202213.393466251902282 ], [ 513221.172122056945227, 3202194.952302745077759 ], [ 512950.880812471325044, 3202276.070341151207685 ], [ 512179.751327389327344, 3203493.930646014865488 ], [ 513009.312372414104175, 3202309.373356156051159 ] ] ], [ [ [ 514267.694913156505208, 3201258.347925698384643 ], [ 516014.143768422713038, 3199842.517400624230504 ], [ 514160.478568649850786, 3201269.294940408319235 ], [ 513764.385268115787767, 3202024.888497000560164 ], [ 513777.535137809289154, 3202023.6792500205338 ], [ 513809.44025578192668, 3202011.682722099591047 ], [ 513860.305371827387717, 3201999.937629961408675 ], [ 513862.35622534196591, 3201999.775762697216123 ], [ 514267.694913156505208, 3201258.347925698384643 ] ] ] ] } },
{ "type": "Feature", "properties": { "t": "river" }, "geometry": { "type": "Polygon", "coordinates": [ [ [ 516352.06732593732886, 3199577.216463186312467 ], [ 516451.047921841091011, 3199464.195228949654847 ], [ 516464.111592762405053, 3199445.448705424088985 ], [ 516496.477313598385081, 3199412.209191393107176 ], [ 516518.194347989570815, 3199383.213112726807594 ], [ 516619.426475606509484, 3199285.730984908994287 ], [ 516664.388104631216265, 3199254.989109181333333 ], [ 516683.541140366171021, 3199246.991394051816314 ], [ 516722.03635036945343, 3199222.499990376178175 ], [ 516837.243741688609589, 3199163.601845423690975 ], [ 516609.565650068048853, 3199245.08901894511655 ], [ 516014.2513344148756, 3199764.964081520214677 ], [ 516352.06732593732886, 3199577.216463186312467 ] ] ] } },
{ "type": "Feature", "properties": { "t": "river" }, "geometry": { "type": "MultiPolygon", "coordinates": [ [ [ [ 519658.241641316912137, 3198225.540965537074953 ], [ 519692.625608361500781, 3198156.965692981146276 ], [ 519728.3090711212717, 3198068.733323225285858 ], [ 519734.778031273977831, 3198062.484692928846925 ], [ 519750.209665643400513, 3198031.240455433260649 ], [ 519774.178551828837954, 3197995.74532238021493 ], [ 519787.12473741453141, 3197979.977839649189264 ], [ 519594.361397941363975, 3198019.990648611448705 ], [ 518948.739470836182591, 3198711.233966222964227 ], [ 518965.089614565018564, 3198715.351999708451331 ], [ 518996.70821305946447, 3198716.096455198712647 ], [ 519022.10758721770253, 3198712.350602604914457 ], [ 519097.942453916708473, 3198718.340750665869564 ], [ 519129.782196322805248, 3198710.603392862249166 ], [ 519133.636090425308794, 3198708.75877450266853 ], [ 519658.241641316912137, 3198225.540965537074953 ] ] ], [ [ [ 517555.687953474640381, 3198836.563149430789053 ], [ 517615.797440234862734, 3198839.443394992966205 ], [ 517689.042382159386761, 3198790.583027886226773 ], [ 517729.221967714023776, 3198766.589219155255705 ], [ 517774.998025815933943, 3198739.427847858052701 ], [ 517555.687953474640381, 3198836.563149430789053 ] ] ] ] } },
{ "type": "Feature", "properties": { "t": "river" }, "geometry": { "type": "Polygon", "coordinates": [ [ [ 573410.726082492037676, 3151081.814413533546031 ], [ 573647.174305742024444, 3150839.549381024204195 ], [ 573928.884741603513248, 3151184.774182208813727 ], [ 574547.516221057856455, 3150878.460287217050791 ], [ 575151.628300535143353, 3149785.456307652406394 ], [ 575985.884050671127625, 3149458.436332935933024 ], [ 576060.069477828918025, 3148583.651803941465914 ], [ 576335.641421978245489, 3148363.850119300652295 ], [ 576011.045276296907105, 3148594.414372358471155 ], [ 575986.241797016002238, 3149403.042175257112831 ], [ 575053.874527433421463, 3149762.673701839987189 ], [ 574607.161513095721602, 3150734.807945506181568 ], [ 573880.360775124281645, 3151117.993605825584382 ], [ 573696.881070640985854, 3150717.989000234287232 ], [ 573283.131603820133023, 3151136.414745244197547 ], [ 573178.075393358478323, 3152288.002844776492566 ], [ 573410.726082492037676, 3151081.814413533546031 ] ], [ [ 574322.098520448897034, 3150921.35052338289097 ], [ 574233.931603809585795, 3150931.872880140319467 ], [ 574351.674329241970554, 3150888.299672424793243 ], [ 574322.098520448897034, 3150921.35052338289097 ] ] ] } },
{ "type": "Feature", "properties": { "t": "river" }, "geometry": { "type": "Polygon", "coordinates": [ [ [ 576933.708884387160651, 3147848.931783440988511 ], [ 576828.792735880706459, 3147813.093870806042105 ], [ 576267.249965042574331, 3148341.248208275996149 ], [ 576933.708884387160651, 3147848.931783440988511 ] ] ] } },
{ "type": "Feature", "properties": { "t": "river" }, "geometry": { "type": "MultiPolygon", "coordinates": [ [ [ [ 578590.542645341600291, 3147924.436685998924077 ], [ 578405.027756680501625, 3147845.644340980798006 ], [ 579259.471950785024092, 3147463.588294865097851 ], [ 579456.937760346219875, 3147128.35842596553266 ], [ 578729.396485892008059, 3147659.460203689523041 ], [ 577366.361655235989019, 3147960.645241746678948 ], [ 578590.542645341600291, 3147924.436685998924077 ] ] ], [ [ [ 579742.155542611377314, 3147357.368163997773081 ], [ 579526.461829706677236, 3147077.61099402885884 ], [ 579473.753203922067769, 3147116.08431797567755 ], [ 579742.155542611377314, 3147357.368163997773081 ] ] ], [ [ [ 579827.605798463686369, 3147434.188233817461878 ], [ 580875.988091368926689, 3147341.627914536744356 ], [ 581040.138058350421488, 3147111.852973222732544 ], [ 580700.26981255877763, 3147262.866584256291389 ], [ 580937.174667432671413, 3146987.507630375679582 ], [ 581102.43224224972073, 3147024.657291313167661 ], [ 581340.710680078947917, 3146691.144013101235032 ], [ 580426.101787609630264, 3147260.990836509037763 ], [ 579752.576239619753323, 3147366.736317310947925 ], [ 579827.605798463686369, 3147434.188233817461878 ] ] ] ] } },
{ "type": "Feature", "properties": { "t": "river" }, "geometry": { "type": "MultiPolygon", "coordinates": [ [ [ [ 582213.2227650990244, 3146553.169495514594018 ], [ 582849.023600093321875, 3146657.339443603996187 ], [ 584976.665425827726722, 3146295.794521430041641 ], [ 584965.320194842410274, 3146246.057604362256825 ], [ 584839.568944522878155, 3146294.806340993847698 ], [ 584654.066787817748263, 3146215.915355978067964 ], [ 584704.225004606996663, 3146050.083538649138063 ], [ 584927.388299848535098, 3146079.769521216861904 ], [ 584862.74533995683305, 3145796.396023783832788 ], [ 585425.606005035690032, 3145157.852419041097164 ], [ 585091.585023553809151, 3145299.469280770048499 ], [ 584565.77373014902696, 3146237.440177449956536 ], [ 583134.406795983784832, 3146459.920193565543741 ], [ 582645.10543475812301, 3146467.773290315642953 ], [ 583104.404169560060836, 3146548.344074963126332 ], [ 583054.973646850092337, 3146614.472117228899151 ], [ 582917.725433415733278, 3146635.664007151033729 ], [ 582663.359399012872018, 3146600.637734634801745 ], [ 582536.602858133148402, 3146522.192779336124659 ], [ 582389.872323714429513, 3146499.006662745494395 ], [ 582258.056203341227956, 3146473.999680181965232 ], [ 581938.709129326511174, 3146479.146535005886108 ], [ 582105.507066725287586, 3146552.418148699682206 ], [ 582016.836034174077213, 3146629.356316977646202 ], [ 581634.78404426551424, 3146648.860959223937243 ], [ 581664.698483626823872, 3146571.51246905233711 ], [ 581861.523688706220128, 3146480.391817165073007 ], [ 581694.690138283302076, 3146483.085178069770336 ], [ 581768.155659584212117, 3145704.968657464254647 ], [ 581368.173721137922257, 3146968.318809846881777 ], [ 582213.2227650990244, 3146553.169495514594018 ] ], [ [ 584793.476591194747016, 3145895.612710445653647 ], [ 584841.643436514306813, 3146006.754396914038807 ], [ 584763.061552057624795, 3146039.427225810475647 ], [ 584724.129314955207519, 3146005.908705527894199 ], [ 584793.476591194747016, 3145895.612710445653647 ] ], [ [ 583781.101672912249342, 3146409.104850343894213 ], [ 584036.180642913444899, 3146344.445027329493314 ], [ 584280.598023804370314, 3146401.588657852262259 ], [ 583996.457445356994867, 3146421.718024796340615 ], [ 583781.101672912249342, 3146409.104850343894213 ] ], [ [ 581585.822816196130589, 3146648.521710958797485 ], [ 581614.969243858242407, 3146681.96186563372612 ], [ 581585.439105200115591, 3146703.916093010921031 ], [ 581585.822816196130589, 3146648.521710958797485 ] ] ], [ [ [ 581789.820488845231012, 3145475.519635341595858 ], [ 582035.885184955783188, 3145299.959734931122512 ], [ 581438.412989498348907, 3145306.894953521899879 ], [ 581778.831081514828838, 3145591.90592706669122 ], [ 581789.820488845231012, 3145475.519635341595858 ] ] ] ] } },
{ "type": "Feature", "properties": { "t": "river" }, "geometry": { "type": "Polygon", "coordinates": [ [ [ 581382.177505731815472, 3144940.886945371050388 ], [ 581184.396327465306967, 3145216.507220054976642 ], [ 581379.576337187550962, 3145317.567871556151658 ], [ 581382.177505731815472, 3144940.886945371050388 ] ] ] } },
{ "type": "Feature", "properties": { "t": "river" }, "geometry": { "type": "Polygon", "coordinates": [ [ [ 581529.312346934922971, 3144908.66570634720847 ], [ 581657.935180435888469, 3144721.206658833194524 ], [ 581382.177505731815472, 3144940.886945371050388 ], [ 581529.312346934922971, 3144908.66570634720847 ] ] ] } },
{ "type": "Feature", "properties": { "t": "river" }, "geometry": { "type": "Polygon", "coordinates": [ [ [ 550953.179348191712052, 3180495.1780138858594 ], [ 550952.043035181588493, 3180494.289125240407884 ], [ 550937.98329757724423, 3180474.797442933544517 ], [ 550916.860793720115907, 3180416.809259419329464 ], [ 550914.542844712617807, 3180404.057960824575275 ], [ 550921.237441950826906, 3180399.808004556689411 ], [ 550935.298894813633524, 3180391.061582797206938 ], [ 550944.293965339427814, 3180338.073195742443204 ], [ 550987.5364312347956, 3180286.328960432205349 ], [ 550991.212953431066126, 3180283.752236716449261 ], [ 550867.898879532353021, 3180277.645781827624887 ], [ 550642.273408847046085, 3180520.403285546693951 ], [ 550953.179348191712052, 3180495.1780138858594 ] ] ] } },
{ "type": "Feature", "properties": { "t": "river" }, "geometry": { "type": "Polygon", "coordinates": [ [ [ 549752.597611007047817, 3176228.935226487461478 ], [ 549665.261087729944848, 3176095.61322336550802 ], [ 549197.280082456301898, 3175894.203592908103019 ], [ 549752.597611007047817, 3176228.935226487461478 ] ] ] } },
{ "type": "Feature", "properties": { "t": "river" }, "geometry": { "type": "Polygon", "coordinates": [ [ [ 548953.842089603189379, 3175715.912633795756847 ], [ 548612.30456054629758, 3175636.928943815175444 ], [ 549197.280082456301898, 3175894.203592908103019 ], [ 548953.842089603189379, 3175715.912633795756847 ] ] ] } },
{ "type": "Feature", "properties": { "t": "river" }, "geometry": { "type": "MultiPolygon", "coordinates": [ [ [ [ 525260.438559528440237, 3178031.191058783791959 ], [ 525207.316896595410071, 3178057.028075152542442 ], [ 525188.067337726824917, 3178073.777801439166069 ], [ 525179.446819989942014, 3178086.271283124107867 ], [ 525177.633586741285399, 3178221.996614642906934 ], [ 525173.408993567107245, 3178238.800042477902025 ], [ 526332.766171849449165, 3178158.130465143360198 ], [ 525260.438559528440237, 3178031.191058783791959 ] ] ], [ [ [ 525953.027303666458465, 3179408.765253260731697 ], [ 527278.53659854340367, 3180442.131505899131298 ], [ 527473.802560532116331, 3180442.591164683923125 ], [ 526128.75724685320165, 3179420.237435448914766 ], [ 525556.52893559995573, 3179358.710339323151857 ], [ 525572.880216548684984, 3179421.504167452920228 ], [ 525595.096929410356097, 3179473.642201271373779 ], [ 525953.027303666458465, 3179408.765253260731697 ] ] ], [ [ [ 526492.93119175999891, 3178146.995139014907181 ], [ 526536.455099585000426, 3177951.602029051631689 ], [ 526468.73875899030827, 3177967.299223176669329 ], [ 526460.009003173559904, 3177968.17046127282083 ], [ 526427.609540359699167, 3178151.536298300605267 ], [ 526492.93119175999891, 3178146.995139014907181 ] ] ] ] } },
{ "type": "Feature", "properties": { "t": "river" }, "geometry": { "type": "Polygon", "coordinates": [ [ [ 526590.861781237996183, 3178025.3513836520724 ], [ 526572.943141586729325, 3177943.14398729102686 ], [ 526570.065263536060229, 3177943.811083786189556 ], [ 526541.908862853306346, 3178080.633774654008448 ], [ 526590.861781237996183, 3178025.3513836520724 ] ] ] } },
{ "type": "Feature", "properties": { "t": "river" }, "geometry": { "type": "Polygon", "coordinates": [ [ [ 526608.757481022272259, 3177926.733388831838965 ], [ 526603.571121646673419, 3177929.859066361561418 ], [ 526610.569712694152258, 3177947.844659657217562 ], [ 526608.757481022272259, 3177926.733388831838965 ] ] ] } },
{ "type": "Feature", "properties": { "t": "river" }, "geometry": { "type": "Polygon", "coordinates": [ [ [ 526417.583789589582011, 3175062.084528130013496 ], [ 526377.689062214689329, 3175061.635920786298811 ], [ 526339.572787262499332, 3175073.881769929546863 ], [ 526324.700957811321132, 3175082.129611592274159 ], [ 526267.077150966390036, 3175138.86833111429587 ], [ 526228.311607948271558, 3175187.312943789642304 ], [ 526417.583789589582011, 3175062.084528130013496 ] ] ] } },
{ "type": "Feature", "properties": { "t": "river" }, "geometry": { "type": "MultiPolygon", "coordinates": [ [ [ [ 576974.07339199713897, 3196919.108435565140098 ], [ 577270.422452969825827, 3196910.224716322030872 ], [ 577261.414692452992313, 3196883.846697030588984 ], [ 577198.620689756819047, 3196876.285796745214611 ], [ 577164.560072654508986, 3196866.363338543567806 ], [ 576974.07339199713897, 3196919.108435565140098 ] ] ], [ [ [ 577260.802243390120566, 3196882.053226939868182 ], [ 577247.593297763378359, 3196843.372857541311532 ], [ 577165.892153751221485, 3196865.994502642657608 ], [ 577260.802243390120566, 3196882.053226939868182 ] ] ], [ [ [ 577535.191299183527008, 3197576.581717771012336 ], [ 578848.881559892557561, 3197951.113709745462984 ], [ 579323.474579803878441, 3198408.646834573242813 ], [ 579459.577356396592222, 3198464.982775749173015 ], [ 578810.186961366562173, 3197906.529332344420254 ], [ 578048.15492293110583, 3197668.675385942216963 ], [ 578022.068575175129808, 3197668.499225903768092 ], [ 577915.048823099583387, 3197634.536939529236406 ], [ 577995.557701502693817, 3197652.260382710490376 ], [ 577505.158654106780887, 3197499.226185887586325 ], [ 577535.191299183527008, 3197576.581717771012336 ] ] ] ] } },
{ "type": "Feature", "properties": { "t": "river" }, "geometry": { "type": "MultiPolygon", "coordinates": [ [ [ [ 576048.853006920893677, 3195273.145169518422335 ], [ 575780.240587224019691, 3194595.504023350775242 ], [ 576039.02873926050961, 3195284.160557524301112 ], [ 576292.663258027285337, 3195526.674815869424492 ], [ 576048.853006920893677, 3195273.145169518422335 ] ] ], [ [ [ 576619.927199585130438, 3196269.76617815811187 ], [ 576649.329281512065791, 3195897.589129992295057 ], [ 576611.334269228274934, 3195858.07457873178646 ], [ 576619.927199585130438, 3196269.76617815811187 ] ] ], [ [ [ 576632.968432010849938, 3196894.681909067556262 ], [ 576964.102017778321169, 3196952.282129613216966 ], [ 576629.63071059260983, 3196734.73153561912477 ], [ 576632.968432010849938, 3196894.681909067556262 ] ] ] ] } },
{ "type": "Feature", "properties": { "t": "river" }, "geometry": { "type": "MultiPolygon", "coordinates": [ [ [ [ 549491.322412066860124, 3200347.425166096072644 ], [ 548530.160815224400721, 3199911.246104173827916 ], [ 549450.142419259413145, 3200347.248690761625767 ], [ 549491.322412066860124, 3200347.425166096072644 ] ] ], [ [ [ 549493.805963994702324, 3200367.944610612932593 ], [ 550417.228687172406353, 3200805.690755231771618 ], [ 552552.650138815515675, 3202743.056477341335267 ], [ 550378.48500817513559, 3200750.124146141577512 ], [ 549515.966640570084564, 3200358.610313468612731 ], [ 549493.805963994702324, 3200367.944610612932593 ] ] ] ] } },
{ "type": "Feature", "properties": { "t": "river" }, "geometry": { "type": "Polygon", "coordinates": [ [ [ 549619.087687338818796, 3196015.914717575069517 ], [ 549661.41486081131734, 3195893.465264217928052 ], [ 549583.829399335896596, 3195872.176718972157687 ], [ 549573.202616691123694, 3195874.679433055687696 ], [ 549570.140100645716302, 3195875.428037366364151 ], [ 549501.711235617054626, 3195867.949446066748351 ], [ 549443.675244043348357, 3195993.004485756158829 ], [ 548868.822157585411333, 3195890.84610289381817 ], [ 548526.624834218760952, 3196110.992591989226639 ], [ 549619.087687338818796, 3196015.914717575069517 ] ] ] } },
{ "type": "Feature", "properties": { "t": "river" }, "geometry": { "type": "MultiPolygon", "coordinates": [ [ [ [ 530090.097713095019571, 3199338.820627553854138 ], [ 530154.525643282569945, 3199339.978325742296875 ], [ 530162.466938810190186, 3199332.225745037663728 ], [ 530178.091617347090505, 3199307.234523090068251 ], [ 530214.89647742593661, 3199283.233552303165197 ], [ 530258.768329287064262, 3199235.998764076735824 ], [ 530264.256839094567113, 3199231.841438697651029 ], [ 530051.223397133057006, 3199294.40270207170397 ], [ 529640.806853737914935, 3199692.192214582115412 ], [ 529502.622565125115216, 3199783.756713028997183 ], [ 529550.690865045879036, 3199782.134163027163595 ], [ 529609.742170731187798, 3199788.385939402971417 ], [ 529645.838463054271415, 3199780.549371168483049 ], [ 530090.097713095019571, 3199338.820627553854138 ] ] ], [ [ [ 530948.70127781573683, 3199030.872660216409713 ], [ 530594.706428458215669, 3199134.807833327446133 ], [ 530596.460050048772246, 3199135.015451912768185 ], [ 530655.266164885833859, 3199147.510890041012317 ], [ 530766.741433481452987, 3199166.261047566309571 ], [ 530880.881248260382563, 3199189.366311484016478 ], [ 530948.70127781573683, 3199030.872660216409713 ] ] ] ] } },
{ "type": "Feature", "properties": { "t": "river" }, "geometry": { "type": "Polygon", "coordinates": [ [ [ 531624.263288378715515, 3197946.943127996753901 ], [ 531691.676508149830624, 3197960.120193386916071 ], [ 531707.099503773264587, 3197933.018755678553134 ], [ 531715.005248727044091, 3197922.585046086460352 ], [ 531604.917624037363566, 3197891.494339813943952 ], [ 530988.018961920635775, 3198909.10711145401001 ], [ 531624.263288378715515, 3197946.943127996753901 ] ] ] } },
{ "type": "Feature", "properties": { "t": "river" }, "geometry": { "type": "Polygon", "coordinates": [ [ [ 525396.064873335650191, 3197410.856834140606225 ], [ 524278.035750384093262, 3198581.137393202167004 ], [ 524288.883827947778627, 3198578.822045745328069 ], [ 525107.181306640617549, 3197835.572090970352292 ], [ 525108.02498192479834, 3197834.026125580072403 ], [ 525162.76285870524589, 3197778.54189244704321 ], [ 525216.252441436750814, 3197697.808754270430654 ], [ 525244.811046560062096, 3197666.815056161489338 ], [ 525253.93678334064316, 3197648.062833750620484 ], [ 525300.237856013234705, 3197592.325416249223053 ], [ 525372.601442564744502, 3197516.342924846336246 ], [ 525402.909233713056892, 3197493.849676534533501 ], [ 525431.46829717757646, 3197463.105718269944191 ], [ 525479.461198411998339, 3197420.113739533349872 ], [ 525503.274230531416833, 3197387.414078963454813 ], [ 525396.064873335650191, 3197410.856834140606225 ] ] ] } },
{ "type": "Feature", "properties": { "t": "river" }, "geometry": { "type": "Polygon", "coordinates": [ [ [ 532833.561805160832591, 3197784.128600226715207 ], [ 533080.831913424190134, 3196543.966116753406823 ], [ 533243.573465265799314, 3196426.993659438099712 ], [ 533257.040921187144704, 3196407.320834015961736 ], [ 533300.905285759828985, 3196362.327146183699369 ], [ 533374.523203071672469, 3196314.088887559715658 ], [ 533392.083416584180668, 3196295.838191704824567 ], [ 533423.451840937370434, 3196246.100257038138807 ], [ 533460.822350581176579, 3196207.10587084852159 ], [ 533547.932012044126168, 3196136.375420669093728 ], [ 533663.973732744110748, 3196083.380377803463489 ], [ 533715.780275020399131, 3196053.389124414883554 ], [ 533728.905756531166844, 3196041.143335281871259 ], [ 533754.900463140686043, 3196025.147457247134298 ], [ 533780.516980228479952, 3196017.639998061582446 ], [ 533799.89375533524435, 3196007.898520168848336 ], [ 533864.666439475142397, 3195965.963324432726949 ], [ 533764.999895617482252, 3195969.827315214090049 ], [ 533022.396467263344675, 3196521.640709890983999 ], [ 532765.352025518543087, 3197772.855796734802425 ], [ 532528.599369074916467, 3197930.161745096091181 ], [ 532553.336474554729648, 3197932.256027549039572 ], [ 532578.474830971565098, 3197928.124421546701342 ], [ 532833.561805160832591, 3197784.128600226715207 ] ] ] } },
{ "type": "Feature", "properties": { "t": "river" }, "geometry": { "type": "MultiPolygon", "coordinates": [ [ [ [ 506890.853795282950159, 3204710.246016698889434 ], [ 506925.524712609301787, 3204710.883768847677857 ], [ 506988.986392471299041, 3204701.387084638699889 ], [ 507008.04326752567431, 3204695.388320317491889 ], [ 507039.726697725127451, 3204693.641863050404936 ], [ 507147.646061399078462, 3204674.395989874843508 ], [ 507173.021108124812599, 3204672.646068268921226 ], [ 507198.454763498506509, 3204664.643357244785875 ], [ 507287.217475695710164, 3204655.648931468371302 ], [ 507344.428950688568875, 3204641.649381675757468 ], [ 507367.967553825757932, 3204634.252101982012391 ], [ 506890.853795282950159, 3204710.246016698889434 ] ] ], [ [ [ 505933.265760308888275, 3204862.831743945833296 ], [ 505742.517981975106522, 3205008.640280775725842 ], [ 505838.916330961685162, 3204969.83773484826088 ], [ 505877.258619977044873, 3204947.338872906286269 ], [ 505896.345112507638987, 3204941.088974273763597 ], [ 505934.681535771873314, 3204918.597239105496556 ], [ 505960.151521800726186, 3204908.348382138647139 ], [ 506062.288113271759357, 3204855.111146669369191 ], [ 506094.097127919958439, 3204844.859018708579242 ], [ 506119.536947077489458, 3204833.144031968899071 ], [ 505933.265760308888275, 3204862.831743945833296 ] ] ], [ [ [ 504998.931680948240682, 3205577.106888992711902 ], [ 505028.455328040407039, 3205575.711225870065391 ], [ 505066.604989873012528, 3205567.716345985420048 ], [ 505123.96927371295169, 3205549.717412314377725 ], [ 505200.643813425849658, 3205512.72669894201681 ], [ 505260.378864361729939, 3205477.730011011473835 ], [ 505279.819883515883703, 3205452.485458815935999 ], [ 505303.818014079122804, 3205408.249325233045965 ], [ 505331.780387695122045, 3205376.998367342632264 ], [ 505355.591280559601728, 3205343.508915370795876 ], [ 505428.762463529594243, 3205264.01597605785355 ], [ 505471.571292745240498, 3205230.784965489525348 ], [ 505501.721560965233948, 3205197.292032776866108 ], [ 505521.032624602550641, 3205178.542881999630481 ], [ 505529.559056477446575, 3205174.544703817926347 ], [ 505534.847271882114001, 3205167.392600366380066 ], [ 504998.931680948240682, 3205577.106888992711902 ] ] ] ] } },
{ "type": "Feature", "properties": { "t": "river" }, "geometry": { "type": "MultiPolygon", "coordinates": [ [ [ [ 511955.356507990101818, 3203770.67338401125744 ], [ 511301.16478836647002, 3204137.466266661416739 ], [ 511326.858833996229805, 3204131.49685736047104 ], [ 511377.730663949390873, 3204113.259500059764832 ], [ 511455.088972361641936, 3204093.161625819280744 ], [ 511955.356507990101818, 3203770.67338401125744 ] ] ], [ [ [ 509417.199280040513258, 3204121.660038333851844 ], [ 509444.69275060313521, 3204113.009341451805085 ], [ 509495.682661668106448, 3204088.261802070774138 ], [ 509527.582921757246368, 3204069.765169949736446 ], [ 509545.324205739714671, 3204056.865049831103534 ], [ 509417.199280040513258, 3204121.660038333851844 ] ] ], [ [ [ 509187.760061811713967, 3204237.696802434045821 ], [ 509208.884912731184158, 3204229.987033328041434 ], [ 509237.083614233823027, 3204212.751288219355047 ], [ 509187.760061811713967, 3204237.696802434045821 ] ] ], [ [ [ 508834.257146081130486, 3204416.491169085726142 ], [ 508839.127853024750948, 3204416.698969503398985 ], [ 508883.499408998817671, 3204411.200373336672783 ], [ 508915.275728852313478, 3204400.949072802904993 ], [ 508991.417525468859822, 3204385.45597886480391 ], [ 509065.844259538978804, 3204344.210002194158733 ], [ 509145.146128853433765, 3204260.729227081406862 ], [ 509151.101047210104298, 3204256.237400899175555 ], [ 508834.257146081130486, 3204416.491169085726142 ] ] ] ] } },
{ "type": "Feature", "properties": { "t": "river" }, "geometry": { "type": "Polygon", "coordinates": [ [ [ 501516.519094837305602, 3202987.247951903846115 ], [ 501518.382469496049453, 3202984.983981704339385 ], [ 501565.317003326839767, 3202955.990743516944349 ], [ 501608.4309880285291, 3202899.500381617806852 ], [ 501642.674170026148204, 3202870.256453108042479 ], [ 501664.237439252145123, 3202843.01198254711926 ], [ 501702.701456223381683, 3202814.018175738863647 ], [ 501747.443965792073868, 3202789.27695295214653 ], [ 501766.531776111514773, 3202783.283373777288944 ], [ 501792.186779455572832, 3202764.535921228583902 ], [ 501797.252298720006365, 3202761.68950576800853 ], [ 501773.486915570741985, 3202734.257231997326016 ], [ 500921.240119113295805, 3203268.055297303944826 ], [ 500929.301861342915799, 3203265.80460045998916 ], [ 501516.519094837305602, 3202987.247951903846115 ] ] ] } },
{ "type": "Feature", "properties": { "t": "river" }, "geometry": { "type": "MultiPolygon", "coordinates": [ [ [ [ 500740.749042063136585, 3200053.015760113019496 ], [ 500855.532387840794399, 3199968.30516359442845 ], [ 500835.524314473732375, 3199975.845259815454483 ], [ 500771.968293244892266, 3199991.843080463819206 ], [ 500740.291114564344753, 3199995.587156997993588 ], [ 500696.016503314371221, 3199994.843481982126832 ], [ 500654.690896572778001, 3200001.151258222293109 ], [ 499854.8665177601506, 3200159.707114478573203 ], [ 499846.245904567767866, 3200164.827139007393271 ], [ 500214.42467884538928, 3200197.021326716057956 ], [ 500740.749042063136585, 3200053.015760113019496 ] ] ], [ [ [ 501693.337392221845221, 3199350.073995132930577 ], [ 501623.774296030576807, 3199377.96680820453912 ], [ 501534.446819809672888, 3199423.205456519499421 ], [ 501502.448812059417833, 3199443.704332560300827 ], [ 501463.98606874741381, 3199474.942246824037284 ], [ 501367.502126932085957, 3199568.928922224789858 ], [ 501284.016167360590771, 3199641.660048314835876 ], [ 501277.643847053637728, 3199643.660526528488845 ], [ 501174.937657476402819, 3199731.146131203044206 ], [ 501130.045414780557621, 3199765.723091111052781 ], [ 501693.337392221845221, 3199350.073995132930577 ] ] ] ] } },
{ "type": "Feature", "properties": { "t": "river" }, "geometry": { "type": "Polygon", "coordinates": [ [ [ 502810.244661743985489, 3198088.996464572381228 ], [ 502806.899913311528508, 3198090.723132842220366 ], [ 502777.028429819096345, 3198111.468308939598501 ], [ 502738.59476851177169, 3198140.46537732006982 ], [ 502715.004040460742544, 3198165.46369971614331 ], [ 502693.663646704924759, 3198182.208757851272821 ], [ 502676.453072325326502, 3198203.199440271127969 ], [ 502656.893449539202265, 3198238.945495593361557 ], [ 502629.037720092572272, 3198304.09299806272611 ], [ 502810.244661743985489, 3198088.996464572381228 ] ] ] } },
{ "type": "Feature", "properties": { "t": "river" }, "geometry": { "type": "MultiPolygon", "coordinates": [ [ [ [ 504348.720087886438705, 3195555.739066298585385 ], [ 504355.599940294225235, 3195545.931990650016814 ], [ 504323.035592940577772, 3195553.986760849598795 ], [ 504291.29031039995607, 3195557.727960428688675 ], [ 504246.731391371518839, 3195571.982622040435672 ], [ 504176.430014288751408, 3195606.731052025686949 ], [ 504138.028771613142453, 3195631.471790423616767 ], [ 504118.753478456870653, 3195648.221931618172675 ], [ 504084.290021274995524, 3195687.962396360933781 ], [ 504062.639587975456379, 3195718.456539401318878 ], [ 504060.511669123894535, 3195721.45399119425565 ], [ 504056.201084123400506, 3195727.705174148548394 ], [ 504050.952129556972068, 3195733.450537685770541 ], [ 504017.550859790761024, 3195769.445585684850812 ], [ 503991.614138919743709, 3195807.188087949994951 ], [ 503986.957962785032578, 3195819.235439880285412 ], [ 504348.720087886438705, 3195555.739066298585385 ] ] ], [ [ [ 505207.844313875306398, 3194331.237732482142746 ], [ 505200.396840405126568, 3194335.732389476150274 ], [ 505189.772018881456461, 3194339.73675001366064 ], [ 505181.023716723488178, 3194358.733224869240075 ], [ 505174.460218468448147, 3194371.228701636195183 ], [ 505160.184749083011411, 3194399.157940484583378 ], [ 505207.844313875306398, 3194331.237732482142746 ] ] ] ] } },
{ "type": "Feature", "properties": { "t": "river" }, "geometry": { "type": "MultiPolygon", "coordinates": [ [ [ [ 506987.506065487570595, 3194428.48584771854803 ], [ 506954.024589538224973, 3194419.717967201955616 ], [ 506902.00131988839712, 3194408.220030977856368 ], [ 506854.475123244745191, 3194408.219486146699637 ], [ 506777.611672494793311, 3194403.971103791613132 ], [ 506725.591418953263201, 3194397.224130657035857 ], [ 506673.564319384866394, 3194381.226529269013554 ], [ 506587.391205139807425, 3194318.422797183971852 ], [ 506163.002819354238454, 3194260.325870179571211 ], [ 506513.9040762950317, 3194537.491824472788721 ], [ 506987.506065487570595, 3194428.48584771854803 ] ] ], [ [ [ 507138.079733458929695, 3194393.833752320148051 ], [ 507126.209136515797582, 3194392.207913002930582 ], [ 507125.868160914804321, 3194392.471377302892506 ], [ 507115.93924652953865, 3194398.92889147810638 ], [ 507138.079733458929695, 3194393.833752320148051 ] ] ] ] } },
{ "type": "Feature", "properties": { "t": "river" }, "geometry": { "type": "Polygon", "coordinates": [ [ [ 499717.351999592676293, 3200307.813075651414692 ], [ 499256.372812568733934, 3200527.584208949934691 ], [ 499229.837863825203385, 3200544.977365109138191 ], [ 499161.671135488373693, 3200577.969874980859458 ], [ 499129.980292129970621, 3200587.84634202439338 ], [ 498858.622585381846875, 3200717.232606060337275 ], [ 498829.333920092263725, 3200737.190673823468387 ], [ 498788.659781725844368, 3200772.931723113637418 ], [ 498749.978452529408969, 3200814.925414461176842 ], [ 498667.990410890139174, 3200926.403522276785225 ], [ 498635.808123431692366, 3200957.892526086419821 ], [ 498601.693485938420054, 3200976.39166817907244 ], [ 498567.693746093427762, 3200986.637032761238515 ], [ 498508.046357555664144, 3201015.637067585252225 ], [ 498437.535644907387905, 3201065.626658069435507 ], [ 498402.814508910232689, 3201098.363053566776216 ], [ 498358.293185097514652, 3201132.61045321309939 ], [ 498347.514000161318108, 3201147.354074236471206 ], [ 498338.086549039580859, 3201162.27753864787519 ], [ 499717.351999592676293, 3200307.813075651414692 ] ] ] } }
]
}
