{
"type": "FeatureCollection",
"name": "7_water_utm",
"crs": { "type": "name", "properties": { "name": "urn:ogc:def:crs:EPSG::32644" } },
"features": [
{ "type": "Feature", "properties": { "t": "lake" }, "geometry": { "type": "Polygon", "coordinates": [ [ [ 537398.65571852424182, 3320001.060395275708288 ], [ 537149.693952949717641, 3320190.439739720895886 ], [ 537152.109175703022629, 3320199.687961347866803 ], [ 537388.336775890667923, 3320200.484976281877607 ], [ 537398.65571852424182, 3320001.060395275708288 ] ] ] } },
{ "type": "Feature", "properties": { "t": "river" }, "geometry": { "type": "MultiPolygon", "coordinates": [ [ [ [ 477535.254827303695492, 3322542.457393033895642 ], [ 477607.754690412199125, 3322500.599667053669691 ], [ 476775.405042068625335, 3322006.241407949477434 ], [ 476750.674914708244614, 3322040.503368921112269 ], [ 476713.430152728222311, 3322096.492271171417087 ], [ 476705.867335264047142, 3322107.774356971960515 ], [ 477535.254827303695492, 3322542.457393033895642 ] ] ], [ [ [ 479056.958291268965695, 3321664.070755712687969 ], [ 481120.525105309905484, 3321726.834708891343325 ], [ 482063.575042948185001, 3320561.767363364808261 ], [ 483991.615532053634524, 3320137.731163641903549 ], [ 482063.521059138234705, 3320528.524765133392066 ], [ 481072.294892575009726, 3321715.836370361968875 ], [ 479095.485560054599773, 3321641.835873815231025 ], [ 478430.532962692144793, 3321831.490897561423481 ], [ 477685.792353297409136, 3322455.54558963002637 ], [ 479056.958291268965695, 3321664.070755712687969 ] ] ], [ [ [ 485837.374027994752396, 3330617.786306689027697 ], [ 485214.1384615789284, 3330700.541903012432158 ], [ 485195.214586903573945, 3330716.756412049289793 ], [ 485140.835236249666195, 3330777.506238274276257 ], [ 485108.852554462035187, 3330813.236229868140072 ], [ 485097.020650692866184, 3330824.133387903682888 ], [ 485066.514421287400182, 3330852.229789975564927 ], [ 485036.01983677764656, 3330885.971373647451401 ], [ 485022.638210466946475, 3330903.291939126793295 ], [ 485019.099676602054387, 3330907.87212312174961 ], [ 485837.374027994752396, 3330617.786306689027697 ] ] ], [ [ [ 483829.534222557616886, 3329545.165933136828244 ], [ 483800.344035777379759, 3329565.470058415550739 ], [ 483824.812157239473891, 3329567.042805139441043 ], [ 483829.534222557616886, 3329545.165933136828244 ] ] ], [ [ [ 483984.947856639919337, 3328825.200443326961249 ], [ 484340.929332944331691, 3328436.853320795111358 ], [ 484215.513669222476892, 3328337.303338487632573 ], [ 483984.867279706115369, 3328769.795514881145209 ], [ 483946.064025786763523, 3329005.323493398725986 ], [ 483984.947856639919337, 3328825.200443326961249 ] ] ], [ [ [ 489714.286973197187763, 3332573.60341580864042 ], [ 489481.059710380795877, 3332563.960688789840788 ], [ 489637.390020028338768, 3332180.201824679970741 ], [ 489384.710966501501389, 3332541.891190833877772 ], [ 487741.199009946431033, 3332771.209654713049531 ], [ 487753.869623735314235, 3332771.59521027142182 ], [ 487794.989842561248224, 3332772.595265171956271 ], [ 487800.667603203619365, 3332771.814849890302867 ], [ 487844.10840519372141, 3332765.843687272164971 ], [ 487897.49930986459367, 3332764.493374777957797 ], [ 487903.377194018044975, 3332764.344700382091105 ], [ 487918.230342622846365, 3332772.799187501892447 ], [ 487927.094181637861766, 3332777.844517288263887 ], [ 487935.068661128985696, 3332779.545434371568263 ], [ 487942.341289279749617, 3332781.096648787148297 ], [ 487994.833364236576017, 3332776.094367200043052 ], [ 488032.110668172012083, 3332781.095443742349744 ], [ 488036.953132400522009, 3332785.060013273265213 ], [ 489714.286973197187763, 3332573.60341580864042 ] ] ], [ [ [ 490799.039141896704677, 3330523.871350707486272 ], [ 492156.890251929929946, 3329658.502386850304902 ], [ 493821.22513249295298, 3327642.444720115512609 ], [ 493668.481358072895091, 3327662.955038064159453 ], [ 492147.231265625800006, 3329625.266312941908836 ], [ 490856.77260369900614, 3330435.175206745043397 ], [ 490774.020972454512957, 3330553.576931896619499 ], [ 490799.039141896704677, 3330523.871350707486272 ] ] ], [ [ [ 494815.181994758197106, 3327440.736707503907382 ], [ 495437.41199171874905, 3326833.171835597138852 ], [ 495383.50808745197719, 3326797.789342974312603 ], [ 494569.461090784810949, 3327490.234505202621222 ], [ 494815.181994758197106, 3327440.736707503907382 ] ] ], [ [ [ 495788.408825539750978, 3327096.812474542297423 ], [ 496356.915628735034261, 3326775.262685836758465 ], [ 495788.396119568264112, 3327063.569660662673414 ], [ 495585.95454626576975, 3326930.677633001003414 ], [ 495788.408825539750978, 3327096.812474542297423 ] ] ], [ [ [ 490887.549050713831093, 3332695.677715702913702 ], [ 491764.615083531592973, 3333359.848250790964812 ], [ 494413.237846615491435, 3332992.509087529033422 ], [ 495569.186794891080353, 3333158.197975175920874 ], [ 495767.898752070846967, 3333282.187686447519809 ], [ 495569.173398028651718, 3333124.954883763566613 ], [ 494442.112492410524283, 3332948.17032723268494 ], [ 491841.663121808844153, 3333348.709760593716055 ], [ 490791.157929766864982, 3332618.190757586155087 ], [ 490423.355318126210477, 3332602.950163362082094 ], [ 490887.549050713831093, 3332695.677715702913702 ] ] ], [ [ [ 496580.764600786264054, 3333789.455892215017229 ], [ 496862.257543450337835, 3333724.597164744976908 ], [ 496462.158285217708908, 3333715.433045518584549 ], [ 496580.764600786264054, 3333789.455892215017229 ] ] ], [ [ [ 499287.265180119080469, 3333899.757595314178616 ], [ 499595.473201091517694, 3333855.417771408334374 ], [ 499626.352751954284031, 3333788.305950457695872 ], [ 498466.999539034150075, 3333761.499656149186194 ], [ 499287.265180119080469, 3333899.757595314178616 ] ] ], [ [ [ 487262.657464147079736, 3338394.961799157783389 ], [ 488370.445463061449118, 3338969.951064477209002 ], [ 488902.141772625443991, 3339798.662119814194739 ], [ 488910.337222647969611, 3339733.991135417018086 ], [ 488408.953950081835501, 3338969.910313898231834 ], [ 487349.306128799333237, 3338394.861567623447627 ], [ 486800.852938205760438, 3337681.206387981306762 ], [ 486743.055889544484671, 3337738.729948842898011 ], [ 487262.657464147079736, 3338394.961799157783389 ] ] ], [ [ [ 487099.499016264977399, 3337286.466804703231901 ], [ 487065.014044807699975, 3337311.432958613615483 ], [ 487014.209027868113481, 3337370.673150486312807 ], [ 487009.495677330414765, 3337383.804050101432949 ], [ 487099.499016264977399, 3337286.466804703231901 ] ] ], [ [ [ 488843.7749948768178, 3340542.983175606001168 ], [ 490010.176048733992502, 3342392.414535760879517 ], [ 490044.239068800292443, 3342407.585164793767035 ], [ 488844.588471471623052, 3340534.054135005455464 ], [ 488843.7749948768178, 3340542.983175606001168 ] ] ], [ [ [ 490481.940458240569569, 3342602.537176292389631 ], [ 491271.914727437251713, 3343621.349340849090368 ], [ 491312.240132257225923, 3343633.134577915538102 ], [ 490558.960521439381409, 3342635.714110795874149 ], [ 490464.468025936628692, 3342594.754493821412325 ], [ 490481.940458240569569, 3342602.537176292389631 ] ] ], [ [ [ 491801.297528253577184, 3343776.077116405125707 ], [ 492966.47906595247332, 3345038.524767120368779 ], [ 497556.115258403064217, 3345247.081144427414984 ], [ 498547.265899983874988, 3346199.889749937225133 ], [ 499692.133327521092724, 3346111.147832097951323 ], [ 499384.264784074213821, 3346077.917144785635173 ], [ 498508.773816630244255, 3346133.407560441177338 ], [ 497748.531179558776785, 3345169.471381425391883 ], [ 499720.913085151696578, 3342864.354920729529113 ], [ 498479.626687227399088, 3344083.387401415966451 ], [ 497690.817571020917967, 3345247.051900241989642 ], [ 493004.95911438704934, 3345027.418892969377339 ], [ 492032.392084283463191, 3343975.368236031848937 ], [ 492148.284763886185829, 3343845.121839840430766 ], [ 491485.044675109966192, 3343683.639264554250985 ], [ 491801.297528253577184, 3343776.077116405125707 ] ] ], [ [ [ 493540.383661988133099, 3342280.94682432198897 ], [ 493484.427292301377747, 3342301.148571688681841 ], [ 492638.042396217351779, 3343110.61096942005679 ], [ 492448.366127153683919, 3343507.894581384025514 ], [ 493540.383661988133099, 3342280.94682432198897 ] ] ], [ [ [ 494754.612977224052884, 3341868.301323659718037 ], [ 495235.61001588893123, 3341336.18590493965894 ], [ 494744.977786244358867, 3341846.143605863675475 ], [ 493602.969912783883046, 3342258.351940008345991 ], [ 494754.612977224052884, 3341868.301323659718037 ] ] ] ] } },
{ "type": "Feature", "properties": { "t": "lake" }, "geometry": { "type": "Polygon", "coordinates": [ [ [ 488789.196846451843157, 3324763.631977569311857 ], [ 488721.663249517325312, 3324708.29621768090874 ], [ 488625.484296815935522, 3324918.932577771134675 ], [ 488789.196846451843157, 3324763.631977569311857 ] ] ] } },
{ "type": "Feature", "properties": { "t": "lake" }, "geometry": { "type": "Polygon", "coordinates": [ [ [ 489010.586578802845906, 3324442.062446321360767 ], [ 489135.849959171668161, 3324386.533762624487281 ], [ 489010.409931730886456, 3324264.767953829374164 ], [ 489010.586578802845906, 3324442.062446321360767 ] ] ] } },
{ "type": "Feature", "properties": { "t": "lake" }, "geometry": { "type": "Polygon", "coordinates": [ [ [ 488305.832609469303861, 3323456.585854911245406 ], [ 488074.311944084300194, 3323323.862798385787755 ], [ 488151.688410445349291, 3323556.478474744595587 ], [ 488305.832609469303861, 3323456.585854911245406 ] ] ] } },
{ "type": "Feature", "properties": { "t": "river" }, "geometry": { "type": "Polygon", "coordinates": [ [ [ 546937.889240225194953, 3217476.822454189881682 ], [ 546996.191750974277966, 3217499.220531735569239 ], [ 546975.356623542960733, 3217499.135187069419771 ], [ 548433.516515711206011, 3218225.380492034368217 ], [ 548240.142896718578413, 3217925.41328192781657 ], [ 546840.748054104857147, 3217432.106664894614369 ], [ 546951.556380878435448, 3217487.283650299999863 ], [ 546937.889240225194953, 3217476.822454189881682 ] ] ] } },
{ "type": "Feature", "properties": { "t": "river" }, "geometry": { "type": "Polygon", "coordinates": [ [ [ 545509.318980088923126, 3216541.606494119390845 ], [ 545520.810881129582413, 3216507.182088067755103 ], [ 545549.614118516212329, 3216607.013151332736015 ], [ 545533.211173620657064, 3216643.958764970302582 ], [ 545597.045947943232022, 3216917.431578618474305 ], [ 546608.695349603425711, 3217336.063626405782998 ], [ 546617.491585945361294, 3217287.161471669562161 ], [ 546772.802990954252891, 3217387.510722714941949 ], [ 546722.649276416981593, 3217383.226608531549573 ], [ 546840.748054104857147, 3217432.106664894614369 ], [ 547103.518911563442089, 3217433.182685585226864 ], [ 545646.238275548093952, 3216784.671430675312877 ], [ 545591.846947808749974, 3215776.208205479662865 ], [ 545290.969348508864641, 3215606.305302707944065 ], [ 545509.318980088923126, 3216541.606494119390845 ] ] ] } },
{ "type": "Feature", "properties": { "t": "river" }, "geometry": { "type": "Polygon", "coordinates": [ [ [ 542990.989549638703465, 3213694.291822290513664 ], [ 543144.924394338391721, 3214182.369762625079602 ], [ 543116.68164205935318, 3214235.457638861145824 ], [ 544386.97488462086767, 3215228.584836055990309 ], [ 544203.392105908947997, 3214873.329418950714171 ], [ 544368.791190636460669, 3214896.12657088926062 ], [ 543708.878019285970367, 3214361.775468101259321 ], [ 543714.037432961980812, 3214296.937767762225121 ], [ 543707.450753849348985, 3214292.704937878530473 ], [ 543665.461577668902464, 3214256.387830478139222 ], [ 543640.818468631245196, 3214339.357474441174418 ], [ 543543.470061722095124, 3214338.98794967122376 ], [ 543591.976037824526429, 3214383.490276270080358 ], [ 543329.679810804082081, 3214238.463177595753223 ], [ 543213.52774097060319, 3214060.752454906702042 ], [ 543263.538517022388987, 3213706.394675264600664 ], [ 543283.176256468635984, 3213662.150409379974008 ], [ 543331.184581753797829, 3213839.604420545976609 ], [ 543332.518548117252067, 3213806.577146997209638 ], [ 543293.261803816072643, 3213695.574827066622674 ], [ 543305.576873101643287, 3213521.360516848042607 ], [ 543297.613834950141609, 3213280.354141142684966 ], [ 542857.793976554181427, 3212862.827915546949953 ], [ 542680.198357206303626, 3213493.700923568103462 ], [ 542863.147864348022267, 3214037.280359010212123 ], [ 543048.674099643016234, 3214182.297610816080123 ], [ 542940.821459461934865, 3214092.968309975229204 ], [ 542816.330852747778408, 3213538.52571461815387 ], [ 542990.989549638703465, 3213694.291822290513664 ] ], [ [ 544018.948330119019374, 3214739.665735315531492 ], [ 544067.790943925385363, 3214695.53472683345899 ], [ 544057.928865310386755, 3214728.735649183392525 ], [ 544018.948330119019374, 3214739.665735315531492 ] ], [ [ 543078.317122101783752, 3213772.175905732437968 ], [ 542981.917464459547773, 3213516.984979801811278 ], [ 543069.163387940614484, 3213617.027761336416006 ], [ 542953.373682698234916, 3213339.605372273363173 ], [ 542953.953615393256769, 3213184.493837736081332 ], [ 543284.428629775880836, 3213329.768365083262324 ], [ 543264.456534131546505, 3213462.647817412391305 ], [ 543215.570234068552963, 3213517.861596822272986 ], [ 543137.602762421825901, 3213539.727664613164961 ], [ 543127.700863603851758, 3213584.008714607451111 ], [ 543078.317122101783752, 3213772.175905732437968 ] ], [ [ 542846.281193049275316, 3213339.205464066471905 ], [ 542874.935667728539556, 3213360.120304644107819 ], [ 542856.14086533698719, 3213306.003591797780246 ], [ 542885.761570914648473, 3213195.318636647425592 ], [ 542914.637892183498479, 3213284.062856865115464 ], [ 542875.779174498748034, 3213360.735980714671314 ], [ 542953.083706737612374, 3213417.161151605192572 ], [ 542933.281217112322338, 3213505.723550613969564 ], [ 542836.049759170156904, 3213472.121916374191642 ], [ 542846.281193049275316, 3213339.205464066471905 ] ], [ [ 542885.968355549965054, 3213139.921669775154442 ], [ 542886.133780907723121, 3213095.604099231772125 ], [ 542944.010733785573393, 3213239.85441483091563 ], [ 542885.968355549965054, 3213139.921669775154442 ] ], [ [ 542767.983282063389197, 3213449.709206712897867 ], [ 542797.355142439599149, 3213405.50039184326306 ], [ 542777.636353945126757, 3213471.904249241109937 ], [ 542767.983282063389197, 3213449.709206712897867 ] ], [ [ 542728.999728375812992, 3213460.643690328579396 ], [ 542719.47015419206582, 3213405.210502834059298 ], [ 542748.841936325421557, 3213361.001567454542965 ], [ 542758.206457806401886, 3213460.752362760249525 ], [ 542728.999728375812992, 3213460.643690328579396 ] ] ] } },
{ "type": "Feature", "properties": { "t": "river" }, "geometry": { "type": "Polygon", "coordinates": [ [ [ 544513.90475611446891, 3215129.359868557658046 ], [ 544505.883355919737369, 3214982.671246564947069 ], [ 544388.217110885656439, 3214907.281252413522452 ], [ 544513.90475611446891, 3215129.359868557658046 ] ] ] } },
{ "type": "Feature", "properties": { "t": "river" }, "geometry": { "type": "Polygon", "coordinates": [ [ [ 543091.543120456044562, 3212841.543065125588328 ], [ 543146.275303173228167, 3212914.777704546228051 ], [ 543144.349046523566358, 3212910.242857901379466 ], [ 543094.870979026891291, 3212839.396779404487461 ], [ 543091.543120456044562, 3212841.543065125588328 ] ] ] } },
{ "type": "Feature", "properties": { "t": "river" }, "geometry": { "type": "Polygon", "coordinates": [ [ [ 540611.740521110012196, 3209253.83809560071677 ], [ 540641.231818172498606, 3209176.386042366735637 ], [ 540673.776553710107692, 3209166.414807187858969 ], [ 540698.675032395869493, 3209080.504815419204533 ], [ 540832.525985498679802, 3208924.038588976487517 ], [ 540839.617530907737091, 3208913.072104211430997 ], [ 540586.313222557771951, 3208179.042009465396404 ], [ 540749.853775252122432, 3208755.751008038874716 ], [ 540387.46857766166795, 3209330.604834046214819 ], [ 540550.103248605970293, 3210162.136527686845511 ], [ 540344.509708184399642, 3210471.638624145183712 ], [ 540548.071924061747268, 3210738.261930851731449 ], [ 541375.51127880718559, 3210818.765782087575644 ], [ 542051.199329613009468, 3212449.905182145070285 ], [ 542731.472102948464453, 3212795.880198175553232 ], [ 542896.986488292226568, 3212796.496909901499748 ], [ 542819.881789594190195, 3212585.698066102806479 ], [ 542081.341668926761486, 3212195.186489643063396 ], [ 542382.891600102884695, 3212273.851234417874366 ], [ 542385.799379846430384, 3212253.97215141588822 ], [ 542343.482322792173363, 3212237.866057937499136 ], [ 542303.356441487092525, 3212212.623107209801674 ], [ 542278.175889387028292, 3212175.884829606395215 ], [ 542253.687175192055292, 3212074.758165128994733 ], [ 542149.904479571967386, 3212084.642520063091069 ], [ 542230.958861732855439, 3211980.902829257305712 ], [ 542220.370355515275151, 3211937.178732180036604 ], [ 542202.440928054507822, 3211869.190670097246766 ], [ 541994.88581540598534, 3211873.56425964133814 ], [ 541473.288877837825567, 3210708.323113980703056 ], [ 541285.667450879467651, 3210585.735959954094142 ], [ 541149.226589037571102, 3210579.214010083116591 ], [ 540973.382612315006554, 3210544.461372681427747 ], [ 540856.532363378442824, 3210417.233984683640301 ], [ 540828.76055172260385, 3210287.228356847073883 ], [ 540637.748389550368302, 3210162.445858876686543 ], [ 540445.357597159338184, 3209485.920563901308924 ], [ 540614.69300834974274, 3209252.730407244060189 ], [ 540611.740521110012196, 3209253.83809560071677 ] ], [ [ 541084.010613757302053, 3210640.448853529524058 ], [ 540811.544665191555396, 3210584.081276142038405 ], [ 540734.268598499242216, 3210406.535683653317392 ], [ 541084.010613757302053, 3210640.448853529524058 ] ], [ [ 540700.254766190890223, 3209010.402858586516231 ], [ 540749.304506834596395, 3208910.86137911491096 ], [ 540768.704820357263088, 3208933.089001826941967 ], [ 540739.172841271851212, 3209021.620034941937774 ], [ 540700.254766190890223, 3209010.402858586516231 ] ], [ [ 540452.174216091516428, 3210316.904241035692394 ], [ 540608.611575749702752, 3210140.184012879151851 ], [ 540661.447744326200336, 3210384.752157682552934 ], [ 540714.949202244635671, 3210362.149377571418881 ], [ 540685.460296619799919, 3210439.601335921790451 ], [ 540670.293467409792356, 3210425.698348143137991 ], [ 540714.007828102330677, 3210628.053456191904843 ], [ 540490.424952521454543, 3210516.469320689793676 ], [ 540452.174216091516428, 3210316.904241035692394 ] ] ] } },
{ "type": "Feature", "properties": { "t": "river" }, "geometry": { "type": "Polygon", "coordinates": [ [ [ 542577.083517155144364, 3212290.36705288104713 ], [ 542567.838799293152988, 3212287.441370496060699 ], [ 542567.681418337277137, 3212329.931833982467651 ], [ 542606.58647530246526, 3212341.155532684642822 ], [ 542577.083517155144364, 3212290.36705288104713 ] ] ] } },
{ "type": "Feature", "properties": { "t": "river" }, "geometry": { "type": "Polygon", "coordinates": [ [ [ 541752.348323849379085, 3211628.931504726875573 ], [ 541704.265626116772182, 3211462.564381137955934 ], [ 541636.104815883794799, 3211462.317320200614631 ], [ 541752.348323849379085, 3211628.931504726875573 ] ] ] } },
{ "type": "Feature", "properties": { "t": "river" }, "geometry": { "type": "MultiPolygon", "coordinates": [ [ [ [ 540141.47932225978002, 3210049.908548742067069 ], [ 540276.459521258366294, 3210438.161694498732686 ], [ 540334.786478652269579, 3209592.544942288193852 ], [ 540229.861509061651304, 3209839.707586213480681 ], [ 540233.330561919487081, 3209759.881638447288424 ], [ 540141.47932225978002, 3210049.908548742067069 ] ] ], [ [ [ 540335.269263300346211, 3209585.546046570409089 ], [ 540348.279244611854665, 3209396.944053133018315 ], [ 540286.854738540598191, 3209590.882121299859136 ], [ 540335.269263300346211, 3209585.546046570409089 ] ] ] ] } },
{ "type": "Feature", "properties": { "t": "river" }, "geometry": { "type": "Polygon", "coordinates": [ [ [ 514719.480556871509179, 3221356.640614110045135 ], [ 513659.727922509773634, 3220790.279821699950844 ], [ 513397.532877459074371, 3220368.954417750705034 ], [ 512891.573029223654885, 3220390.532709897495806 ], [ 511968.103848117403686, 3219591.81790708983317 ], [ 512852.630180670763366, 3220412.64767647581175 ], [ 513348.872379225387704, 3220379.976984248962253 ], [ 513620.784932563023176, 3220812.392189711332321 ], [ 514699.980531494715251, 3221389.853714786469936 ], [ 515000.814231485303026, 3221966.371894611045718 ], [ 514719.480556871509179, 3221356.640614110045135 ] ] ] } },
{ "type": "Feature", "properties": { "t": "river" }, "geometry": { "type": "Polygon", "coordinates": [ [ [ 512194.277730855217669, 3217354.032493983861059 ], [ 511941.255360652809031, 3217342.687001037877053 ], [ 511941.209226681326982, 3217387.004185788799077 ], [ 512194.277730855217669, 3217354.032493983861059 ] ] ] } },
{ "type": "Feature", "properties": { "t": "river" }, "geometry": { "type": "Polygon", "coordinates": [ [ [ 512554.691841365245637, 3217055.279965277761221 ], [ 512385.755028710642364, 3216795.626191788353026 ], [ 512370.0284714064328, 3216822.413987767416984 ], [ 512321.472929434443358, 3216722.648030885495245 ], [ 512367.654201085562818, 3216767.806299140676856 ], [ 512078.57754152873531, 3216323.535095517523587 ], [ 511942.247100318956655, 3216389.868168015498668 ], [ 512447.672298127145041, 3217021.925431162584573 ], [ 511941.255360652809031, 3217342.687001037877053 ], [ 512554.691841365245637, 3217055.279965277761221 ] ] ] } },
{ "type": "Feature", "properties": { "t": "river" }, "geometry": { "type": "MultiPolygon", "coordinates": [ [ [ [ 512790.922109046950936, 3214673.493660306092352 ], [ 512801.54564340505749, 3213875.798354591242969 ], [ 512946.349139216297772, 3213703.72853603772819 ], [ 512694.386900573386811, 3213942.154980211053044 ], [ 512718.027918306761421, 3214402.568947035819292 ], [ 512752.181577781506348, 3214496.182245594915003 ], [ 512722.640944804181345, 3214492.413230848964304 ], [ 512732.503732433309779, 3214684.508004989475012 ], [ 511943.584369640564546, 3215104.672606883570552 ], [ 512790.922109046950936, 3214673.493660306092352 ] ] ], [ [ [ 513220.725536840385757, 3213377.70658318977803 ], [ 513221.363005427527241, 3212823.744799606967717 ], [ 513111.275588182208594, 3213507.755159217398614 ], [ 513220.725536840385757, 3213377.70658318977803 ] ] ] ] } },
{ "type": "Feature", "properties": { "t": "river" }, "geometry": { "type": "MultiPolygon", "coordinates": [ [ [ [ 514079.073953494546004, 3212049.216617605183274 ], [ 513983.675467137771193, 3210431.533114061690867 ], [ 514148.677465077082161, 3209749.04649155959487 ], [ 513896.007176113314927, 3210453.58527864003554 ], [ 514030.45869260589825, 3211993.7609782977961 ], [ 513221.477739084803034, 3212724.031722367275506 ], [ 514079.073953494546004, 3212049.216617605183274 ] ], [ [ 513954.380967590026557, 3210497.972819273825735 ], [ 513915.442813431553077, 3210486.846422745380551 ], [ 513954.434741325036157, 3210453.656025434844196 ], [ 513954.380967590026557, 3210497.972819273825735 ] ] ], [ [ [ 514599.232834907830693, 3208803.654881143011153 ], [ 514297.988163868954871, 3208260.396452522836626 ], [ 514511.662724460824393, 3208737.068963035941124 ], [ 514380.35952360247029, 3209103.111276706680655 ], [ 514599.232834907830693, 3208803.654881143011153 ] ] ] ] } },
{ "type": "Feature", "properties": { "t": "river" }, "geometry": { "type": "MultiPolygon", "coordinates": [ [ [ [ 522353.222207159269601, 3237944.009653615299612 ], [ 522838.018407714378554, 3238410.318756171036512 ], [ 523168.368909363343846, 3238377.74731274927035 ], [ 523245.358619406877551, 3238732.45455985981971 ], [ 523750.344191365351435, 3238799.975422966293991 ], [ 524059.852801164030097, 3239432.169106943532825 ], [ 523769.86450293508824, 3238755.697361832484603 ], [ 523284.305003592686262, 3238688.215379815548658 ], [ 523168.436566217045765, 3238344.508372751995921 ], [ 522702.284781324386131, 3238277.090956870932132 ], [ 522355.970600834582001, 3237869.80536157079041 ], [ 522353.222207159269601, 3237944.009653615299612 ] ] ], [ [ [ 522482.639860338240396, 3236359.871862011495978 ], [ 522412.917583932983689, 3236332.474538636393845 ], [ 522365.007816379482392, 3237625.814160057343543 ], [ 522482.639860338240396, 3236359.871862011495978 ] ] ] ] } },
{ "type": "Feature", "properties": { "t": "river" }, "geometry": { "type": "Polygon", "coordinates": [ [ [ 507695.026135721302126, 3221870.497278633993119 ], [ 507850.920830915565602, 3221516.063625164795667 ], [ 507383.66568152763648, 3221958.927177084144205 ], [ 507695.026135721302126, 3221870.497278633993119 ] ] ] } },
{ "type": "Feature", "properties": { "t": "river" }, "geometry": { "type": "Polygon", "coordinates": [ [ [ 507918.997558738687076, 3221549.348560425918549 ], [ 507880.091174886270892, 3221538.242369594983757 ], [ 507880.037814466748387, 3221615.797829790506512 ], [ 507918.997558738687076, 3221549.348560425918549 ] ] ] } },
{ "type": "Feature", "properties": { "t": "river" }, "geometry": { "type": "MultiPolygon", "coordinates": [ [ [ [ 509964.006281908601522, 3219224.282523415051401 ], [ 510297.530813815596048, 3219292.059250654187053 ], [ 510655.241143879888114, 3218826.048403367865831 ], [ 510666.198196475801524, 3217507.620104415807873 ], [ 511892.560489649185911, 3217375.874337301589549 ], [ 510695.476658354455139, 3217419.012930475175381 ], [ 510529.788313473283779, 3217684.762965021189302 ], [ 510596.845982871716842, 3218837.073604890145361 ], [ 509675.844476762926206, 3219345.908276873640716 ], [ 509730.371303586056456, 3219345.954434066545218 ], [ 507880.152156783209648, 3221449.607567864935845 ], [ 509964.006281908601522, 3219224.282523415051401 ] ], [ [ 510324.133849809702951, 3219113.807925642002374 ], [ 510343.63498728122795, 3219069.508194610476494 ], [ 510499.395822394464631, 3218992.094503526110202 ], [ 510499.365381179901306, 3219025.332456505857408 ], [ 510324.133849809702951, 3219113.807925642002374 ] ] ], [ [ [ 509302.603366756229661, 3218891.346992091275752 ], [ 509287.034452670253813, 3218888.852329730521888 ], [ 509379.235260883579031, 3219186.119432734325528 ], [ 509399.656616065301932, 3219201.647215840872377 ], [ 509399.615466517570894, 3219251.830013007391244 ], [ 509428.72963807877386, 3219345.702344564255327 ], [ 509501.707459017867222, 3219345.762606049422175 ], [ 509302.603366756229661, 3218891.346992091275752 ] ] ], [ [ [ 508816.124950939032715, 3218813.407339858356863 ], [ 508508.725122516858391, 3218454.726665044669062 ], [ 508748.000711585744284, 3218824.434474742971361 ], [ 508869.279680788633414, 3218821.922305624466389 ], [ 508816.124950939032715, 3218813.407339858356863 ] ] ], [ [ [ 508398.056471797521226, 3218325.603693418204784 ], [ 508105.845147837186232, 3218713.169318505562842 ], [ 507921.049706947465893, 3218580.088401725050062 ], [ 508086.281741024693474, 3218857.18660710612312 ], [ 508437.482917647226714, 3218371.604154827538878 ], [ 508398.056471797521226, 3218325.603693418204784 ] ] ], [ [ [ 511880.509317123156507, 3219613.885458402335644 ], [ 511073.227640997676644, 3219280.697018350940198 ], [ 510477.31814803252928, 3219328.598847864195704 ], [ 511880.509317123156507, 3219613.885458402335644 ] ] ] ] } },
{ "type": "Feature", "properties": { "t": "river" }, "geometry": { "type": "Polygon", "coordinates": [ [ [ 505429.115787507849745, 3220251.614777368027717 ], [ 504961.994248837349005, 3220484.068948707077652 ], [ 505088.427268530242145, 3220594.917748187668622 ], [ 505429.115787507849745, 3220251.614777368027717 ] ] ] } },
{ "type": "Feature", "properties": { "t": "river" }, "geometry": { "type": "Polygon", "coordinates": [ [ [ 505672.438052051118575, 3220085.54269123962149 ], [ 505653.14252635667799, 3219753.153358574025333 ], [ 505448.638204113754909, 3220118.672081908211112 ], [ 505672.438052051118575, 3220085.54269123962149 ] ] ] } },
{ "type": "Feature", "properties": { "t": "river" }, "geometry": { "type": "MultiPolygon", "coordinates": [ [ [ [ 506256.555188603815623, 3219476.483798269182444 ], [ 506222.183063520176802, 3219412.802407916635275 ], [ 505672.624507991538849, 3219708.845689511392266 ], [ 506256.555188603815623, 3219476.483798269182444 ] ] ], [ [ [ 507073.979038911638781, 3219344.007271681912243 ], [ 507558.649743914429564, 3218644.207239706069231 ], [ 507473.364899991429411, 3218668.422354910057038 ], [ 507064.255494124081451, 3219332.921953923534602 ], [ 506120.497203017235734, 3219166.189416279550642 ], [ 506132.410409243078902, 3219193.357978602871299 ], [ 507073.979038911638781, 3219344.007271681912243 ] ] ] ] } },
{ "type": "Feature", "properties": { "t": "river" }, "geometry": { "type": "Polygon", "coordinates": [ [ [ 511941.255360652809031, 3217342.687001037877053 ], [ 511941.324560519191436, 3217276.211228866130114 ], [ 511610.364571356738452, 3217342.347319907043129 ], [ 511941.255360652809031, 3217342.687001037877053 ] ] ] } },
{ "type": "Feature", "properties": { "t": "river" }, "geometry": { "type": "Polygon", "coordinates": [ [ [ 511631.075338417023886, 3216112.566291295457631 ], [ 511933.83887244539801, 3215115.741747033782303 ], [ 511533.79976316599641, 3216057.071679098997265 ], [ 511805.986633361084387, 3216389.727169716730714 ], [ 511631.075338417023886, 3216112.566291295457631 ] ] ] } },
{ "type": "Feature", "properties": { "t": "river" }, "geometry": { "type": "Polygon", "coordinates": [ [ [ 508160.314935784088448, 3237803.112969328183681 ], [ 508043.70765210094396, 3237847.348384799901396 ], [ 507868.714188669400755, 3238035.579310639295727 ], [ 508160.314935784088448, 3237803.112969328183681 ] ] ] } },
{ "type": "Feature", "properties": { "t": "river" }, "geometry": { "type": "Polygon", "coordinates": [ [ [ 546203.548360633547418, 3235412.036248772870749 ], [ 546115.781906818621792, 3235489.240246755536646 ], [ 546329.5984488442773, 3235479.027669303584844 ], [ 546203.548360633547418, 3235412.036248772870749 ] ] ] } },
{ "type": "Feature", "properties": { "t": "river" }, "geometry": { "type": "Polygon", "coordinates": [ [ [ 546008.940911730052903, 3235477.728411232121289 ], [ 545815.226717270095833, 3235321.828897045459598 ], [ 545717.611945145996287, 3235432.236105156131089 ], [ 546008.940911730052903, 3235477.728411232121289 ] ] ] } },
{ "type": "Feature", "properties": { "t": "river" }, "geometry": { "type": "Polygon", "coordinates": [ [ [ 544718.159902166575193, 3235073.712946184445173 ], [ 545222.35643777041696, 3235352.700404474977404 ], [ 545717.611945145996287, 3235432.236105156131089 ], [ 544718.159902166575193, 3235073.712946184445173 ] ] ] } },
{ "type": "Feature", "properties": { "t": "river" }, "geometry": { "type": "Polygon", "coordinates": [ [ [ 543737.528499669977464, 3234859.389350160956383 ], [ 543872.420419975882396, 3235159.064848765730858 ], [ 543759.231984180863947, 3234865.350830909796059 ], [ 543737.528499669977464, 3234859.389350160956383 ] ] ] } },
{ "type": "Feature", "properties": { "t": "river" }, "geometry": { "type": "Polygon", "coordinates": [ [ [ 544640.508910571224988, 3235051.248707387596369 ], [ 544436.835641402518377, 3234950.733630340080708 ], [ 544310.295016952208243, 3235005.640427679754794 ], [ 544640.508910571224988, 3235051.248707387596369 ] ] ] } },
{ "type": "Feature", "properties": { "t": "lake" }, "geometry": { "type": "Polygon", "coordinates": [ [ [ 546071.631448125233874, 3234392.149093119893223 ], [ 545509.10377772571519, 3234112.891793618444353 ], [ 545685.671404019580223, 3233703.641593567561358 ], [ 545440.724105748231523, 3234201.258254861459136 ], [ 546071.631448125233874, 3234392.149093119893223 ] ] ] } },
{ "type": "Feature", "properties": { "t": "lake" }, "geometry": { "type": "Polygon", "coordinates": [ [ [ 544694.134108547470532, 3233766.191131301689893 ], [ 544839.691329688183032, 3233822.162071214988828 ], [ 544752.92250526486896, 3233644.542995773721486 ], [ 544694.134108547470532, 3233766.191131301689893 ] ] ] } },
{ "type": "Feature", "properties": { "t": "river" }, "geometry": { "type": "MultiPolygon", "coordinates": [ [ [ [ 536839.442711529554799, 3226946.866382644511759 ], [ 536895.868663682369515, 3226954.194865257944912 ], [ 536834.598071837914176, 3226912.984615516848862 ], [ 536839.442711529554799, 3226946.866382644511759 ] ] ], [ [ [ 536844.107891401275992, 3226979.493273192550987 ], [ 537115.985309753217734, 3227102.249269262887537 ], [ 537068.090264799422584, 3227070.033509616274387 ], [ 536839.749238636577502, 3226949.01013656007126 ], [ 536844.107891401275992, 3226979.493273192550987 ] ] ] ] } },
{ "type": "Feature", "properties": { "t": "river" }, "geometry": { "type": "MultiPolygon", "coordinates": [ [ [ [ 520669.676706214493606, 3234195.910560807213187 ], [ 520922.644114663009532, 3234030.177868612576276 ], [ 520602.713342942588497, 3233608.570241438690573 ], [ 520169.523673247313127, 3231270.004234488587826 ], [ 520023.058556721080095, 3231646.451522023417056 ], [ 520313.493273555242922, 3232300.659774702042341 ], [ 520041.77836345997639, 3232056.428509954363108 ], [ 520342.315583606658038, 3232489.064014488365501 ], [ 520641.145204335509334, 3233852.391022984404117 ], [ 520018.701982862781733, 3234128.271197063848376 ], [ 520592.314678592258133, 3233985.257993855979294 ], [ 520668.871550649811979, 3234639.945934627670795 ], [ 520669.676706214493606, 3234195.910560807213187 ] ], [ [ 520448.512115410878323, 3232888.119000361766666 ], [ 520467.870377014914993, 3232932.472083364147693 ], [ 520467.751074624888133, 3232998.949413263704628 ], [ 520448.512115410878323, 3232888.119000361766666 ] ], [ [ 520169.249524196959101, 3231425.117649836000055 ], [ 520149.515777567925397, 3231591.27628658246249 ], [ 520130.212593769014347, 3231513.685247371438891 ], [ 520149.985309104609769, 3231325.367536616045982 ], [ 520169.249524196959101, 3231425.117649836000055 ] ] ], [ [ [ 520689.738629774481524, 3234818.407755417283624 ], [ 520769.154156199132558, 3234909.290390461217612 ], [ 520684.699969868175685, 3234775.315011769533157 ], [ 520689.738629774481524, 3234818.407755417283624 ] ] ], [ [ [ 520716.714951244532131, 3235049.126478433143348 ], [ 521346.870701065810863, 3235825.863830673508346 ], [ 520885.48734392086044, 3235093.84384954161942 ], [ 520689.802459246653598, 3234818.953654177486897 ], [ 520716.714951244532131, 3235049.126478433143348 ] ] ] ] } },
{ "type": "Feature", "properties": { "t": "river" }, "geometry": { "type": "Polygon", "coordinates": [ [ [ 520018.6630711039179, 3234150.430338715668768 ], [ 519892.331418141431641, 3234150.209197885822505 ], [ 519765.942139174381737, 3234183.228167927358299 ], [ 520018.6630711039179, 3234150.430338715668768 ] ] ] } },
{ "type": "Feature", "properties": { "t": "river" }, "geometry": { "type": "Polygon", "coordinates": [ [ [ 520457.356503156828694, 3233375.636956275440753 ], [ 520399.560908013896551, 3233087.463970299810171 ], [ 520215.238944363605697, 3232898.782740734983236 ], [ 520457.356503156828694, 3233375.636956275440753 ] ] ] } },
{ "type": "Feature", "properties": { "t": "river" }, "geometry": { "type": "MultiPolygon", "coordinates": [ [ [ [ 519984.896664752974175, 3231236.440738787408918 ], [ 519926.51681349996943, 3231269.577338315080851 ], [ 519992.499771119735669, 3231412.294054872356355 ], [ 519984.896664752974175, 3231236.440738787408918 ] ] ], [ [ [ 519954.456951173022389, 3231967.638866188470274 ], [ 520022.261376834358089, 3232100.712538039311767 ], [ 519999.682836014952045, 3231578.437722853384912 ], [ 519954.456951173022389, 3231967.638866188470274 ] ] ] ] } },
{ "type": "Feature", "properties": { "t": "river" }, "geometry": { "type": "Polygon", "coordinates": [ [ [ 520121.039505339518655, 3231203.441274316050112 ], [ 520033.731565335183404, 3231103.571633830666542 ], [ 520082.158180583443027, 3231203.372789666522294 ], [ 520121.039505339518655, 3231203.441274316050112 ] ] ] } },
{ "type": "Feature", "properties": { "t": "river" }, "geometry": { "type": "Polygon", "coordinates": [ [ [ 519597.187921595643274, 3230593.154263560194522 ], [ 520025.85759584477637, 3230051.000401574186981 ], [ 519548.4888084672275, 3230648.468506201636046 ], [ 519936.353217341820709, 3231203.117152020800859 ], [ 519597.187921595643274, 3230593.154263560194522 ] ] ] } },
{ "type": "Feature", "properties": { "t": "river" }, "geometry": { "type": "Polygon", "coordinates": [ [ [ 520025.430046699999366, 3230294.749656271189451 ], [ 519752.779018145170994, 3230560.183792078867555 ], [ 519762.135437335411552, 3230770.711458379402757 ], [ 520025.430046699999366, 3230294.749656271189451 ] ] ] } },
{ "type": "Feature", "properties": { "t": "river" }, "geometry": { "type": "Polygon", "coordinates": [ [ [ 520269.5984633496264, 3229652.56698875548318 ], [ 520163.540570363635197, 3229153.800138877239078 ], [ 520650.72608567296993, 3228556.375992761924863 ], [ 520583.666027380269952, 3228002.278894436080009 ], [ 520944.576699853059836, 3227371.402403061278164 ], [ 521013.986210588656832, 3226640.282451651990414 ], [ 520968.660304062417708, 3226766.027987175155431 ], [ 520984.36609517672332, 3226883.977078328840435 ], [ 520945.206115817418322, 3227027.938811225350946 ], [ 520916.156092745717615, 3226961.408587164711207 ], [ 520913.394199917034712, 3226919.354108975734562 ], [ 520535.110470515792258, 3227968.952975623309612 ], [ 520621.838322023337241, 3228401.210463131777942 ], [ 520096.109825665073004, 3228799.136386599391699 ], [ 520230.574446713086218, 3229730.054564223624766 ], [ 520025.585522531182505, 3230206.113554388750345 ], [ 520269.5984633496264, 3229652.56698875548318 ] ], [ [ 520915.446460488368757, 3227349.19003464281559 ], [ 520944.597004550509155, 3227360.322929876856506 ], [ 520886.235115881892852, 3227371.295632626395673 ], [ 520915.446460488368757, 3227349.19003464281559 ] ], [ [ 520173.360495880595408, 3229098.419824527110904 ], [ 520183.709117512800731, 3228743.893209557048976 ], [ 520572.945385928498581, 3228556.235651534982026 ], [ 520173.360495880595408, 3229098.419824527110904 ] ] ] } },
{ "type": "Feature", "properties": { "t": "river" }, "geometry": { "type": "Polygon", "coordinates": [ [ [ 522618.526786996342707, 3226621.18553240923211 ], [ 522531.074098309909459, 3226587.774302213918418 ], [ 522560.159456259571016, 3226632.14970979699865 ], [ 522618.526786996342707, 3226621.18553240923211 ] ] ] } },
{ "type": "Feature", "properties": { "t": "river" }, "geometry": { "type": "MultiPolygon", "coordinates": [ [ [ [ 520257.342246613930911, 3225597.444865811150521 ], [ 520073.070885851047933, 3225309.053580726031214 ], [ 520596.303883578802925, 3226384.693904018960893 ], [ 520907.262944511661772, 3226507.132789734285325 ], [ 520412.231910490605514, 3225996.581666691228747 ], [ 520597.457022155926097, 3225607.988325151149184 ], [ 520257.342246613930911, 3225597.444865811150521 ] ], [ [ 520364.081626217579469, 3225730.588204687461257 ], [ 520364.140815794351511, 3225697.349865850526839 ], [ 520451.765055886935443, 3225642.108831799589097 ], [ 520364.081626217579469, 3225730.588204687461257 ] ] ], [ [ [ 521588.593925265537109, 3226176.014107732102275 ], [ 522277.596416660118848, 3226239.088005082216114 ], [ 522084.720669440634083, 3226088.325632806867361 ], [ 521540.033455425698776, 3226142.684030307456851 ], [ 521433.706156905682292, 3225799.01992559293285 ], [ 521015.859657131775748, 3225620.972589587792754 ], [ 520644.896372395160142, 3225609.459736722521484 ], [ 521588.593925265537109, 3226176.014107732102275 ] ] ], [ [ [ 522531.074098309909459, 3226587.774302213918418 ], [ 522618.590286697028205, 3226505.645540953613818 ], [ 522488.416321166558191, 3226403.884860754944384 ], [ 522531.074098309909459, 3226587.774302213918418 ] ] ], [ [ [ 523961.332035496132448, 3226213.978968473151326 ], [ 523105.836210014473181, 3226079.263993651140481 ], [ 523071.111368470243178, 3226116.039856899995357 ], [ 523961.332035496132448, 3226213.978968473151326 ] ] ] ] } },
{ "type": "Feature", "properties": { "t": "river" }, "geometry": { "type": "Polygon", "coordinates": [ [ [ 520034.538224127376452, 3225098.476062146481127 ], [ 519927.460924976214301, 3225153.686360183171928 ], [ 520034.111274789669551, 3225342.223690730985254 ], [ 520034.538224127376452, 3225098.476062146481127 ] ] ] } },
{ "type": "Feature", "properties": { "t": "river" }, "geometry": { "type": "Polygon", "coordinates": [ [ [ 520180.733871294651181, 3224921.461551500950009 ], [ 520151.705475975410081, 3224837.035970592405647 ], [ 520151.634911527740769, 3224877.092381061986089 ], [ 520102.928453264699783, 3224921.324551050085574 ], [ 520143.114434692368377, 3224812.050223203841597 ], [ 520054.94102617551107, 3224555.61798645183444 ], [ 520034.674065451778006, 3225020.920015282928944 ], [ 520180.733871294651181, 3224921.461551500950009 ] ] ] } },
{ "type": "Feature", "properties": { "t": "river" }, "geometry": { "type": "MultiPolygon", "coordinates": [ [ [ [ 517702.812634112080559, 3223543.507661897223443 ], [ 516788.603803365142085, 3223464.574103646446019 ], [ 516040.626158129365649, 3222754.418831299059093 ], [ 516681.543302049802151, 3223508.735254735220224 ], [ 518206.942548592574894, 3223824.484857102390379 ], [ 517702.812634112080559, 3223543.507661897223443 ] ] ], [ [ [ 519054.086967710289173, 3223999.934757203329355 ], [ 519208.408145666995551, 3224775.75450592674315 ], [ 519313.908773765142541, 3224679.091459049843252 ], [ 519015.383665993053, 3223877.996476403903216 ], [ 518724.636115418572444, 3223931.694936656393111 ], [ 519054.086967710289173, 3223999.934757203329355 ] ] ], [ [ [ 519698.676636962452903, 3224326.576954507268965 ], [ 519608.05829363403609, 3224255.69801560882479 ], [ 519384.44445057498524, 3224614.46587320882827 ], [ 519698.676636962452903, 3224326.576954507268965 ] ] ] ] } },
{ "type": "Feature", "properties": { "t": "river" }, "geometry": { "type": "MultiPolygon", "coordinates": [ [ [ [ 515175.275151822541375, 3222454.095189092680812 ], [ 515049.455066518217791, 3221966.435714858118445 ], [ 515126.59247246850282, 3222487.268966866191477 ], [ 515358.821602132113185, 3222448.690176087897271 ], [ 515175.275151822541375, 3222454.095189092680812 ] ] ], [ [ [ 515875.212547948525753, 3222787.426481042057276 ], [ 515895.159721131552942, 3222432.913163898512721 ], [ 515800.602872849616688, 3222435.692836763337255 ], [ 515875.212547948525753, 3222787.426481042057276 ] ] ] ] } },
{ "type": "Feature", "properties": { "t": "river" }, "geometry": { "type": "MultiPolygon", "coordinates": [ [ [ [ 512408.553151817817707, 3261728.228543442673981 ], [ 512475.913010923948605, 3261858.499304848257452 ], [ 512456.550800201541279, 3261706.689676553942263 ], [ 512427.929330577433575, 3261739.329840780235827 ], [ 512437.733416926173959, 3261639.620872061699629 ], [ 512456.03198526770575, 3261702.621960644144565 ], [ 512386.957994577009231, 3261161.081518696155399 ], [ 512392.582857634930406, 3261308.799636268988252 ], [ 512399.297192151774652, 3261329.339381977450103 ], [ 512393.094425891991705, 3261322.234464335720986 ], [ 512408.553151817817707, 3261728.228543442673981 ] ], [ [ 512428.039150207478087, 3261639.61019190819934 ], [ 512408.662799781246576, 3261628.508896474726498 ], [ 512418.442422239284497, 3261550.959843700286001 ], [ 512428.039150207478087, 3261639.61019190819934 ] ] ], [ [ [ 513185.253321705269627, 3260731.911924367304891 ], [ 513554.383472787449136, 3260134.031212797388434 ], [ 513156.194000865914859, 3260709.718094763811678 ], [ 512380.284862106840592, 3260985.839558647945523 ], [ 512384.842601507843938, 3261105.528914936818182 ], [ 513185.253321705269627, 3260731.911924367304891 ] ] ], [ [ [ 512642.29026580468053, 3262180.279788254760206 ], [ 512680.236276178911794, 3262209.261924877762794 ], [ 512485.400003180897329, 3261876.846973593812436 ], [ 512642.29026580468053, 3262180.279788254760206 ] ] ], [ [ [ 512872.850338953488972, 3262626.227312569972128 ], [ 512736.154041022120509, 3263501.391880398616195 ], [ 512911.649383502022829, 3262604.111671655904502 ], [ 512685.451521933078766, 3262218.160102732013911 ], [ 512667.242170802957844, 3262228.539619313087314 ], [ 512872.850338953488972, 3262626.227312569972128 ] ] ] ] } },
{ "type": "Feature", "properties": { "t": "river" }, "geometry": { "type": "MultiPolygon", "coordinates": [ [ [ [ 503838.425127791822888, 3234432.647520799655467 ], [ 504295.003047790203709, 3234820.59445100883022 ], [ 504631.037221663165838, 3235696.010800159070641 ], [ 504637.587641689926386, 3235696.013464549556375 ], [ 504353.306262798549142, 3234820.6165715996176 ], [ 504326.208129305508919, 3234800.196561925578862 ], [ 504324.158858903392684, 3234809.525928800925612 ], [ 504265.868028145923745, 3234776.26532285567373 ], [ 504284.874713415803853, 3234769.049710544291884 ], [ 503838.425127791822888, 3234432.647520799655467 ] ] ], [ [ [ 504673.569502773461863, 3235806.82378129567951 ], [ 504639.565192775742617, 3235702.103503056336194 ], [ 504633.09138497011736, 3235701.362633384298533 ], [ 504673.569502773461863, 3235806.82378129567951 ] ] ] ] } },
{ "type": "Feature", "properties": { "t": "river" }, "geometry": { "type": "MultiPolygon", "coordinates": [ [ [ [ 503255.964702683617361, 3232360.595249859150499 ], [ 503061.647128691663966, 3232105.712792279664427 ], [ 502770.007869708584622, 3232327.228374006226659 ], [ 502624.286788738914765, 3232028.047279096208513 ], [ 502974.396757923415862, 3231241.488862600643188 ], [ 502468.783081910863984, 3231983.694559670519084 ], [ 502789.427557643735781, 3232404.789663588628173 ], [ 503149.079948892176617, 3232260.849673271644861 ], [ 503022.610533487284556, 3232703.995871623978019 ], [ 503057.562282510101795, 3232781.796835649292916 ], [ 503255.964702683617361, 3232360.595249859150499 ] ] ], [ [ [ 503328.405204057460651, 3233384.720508775673807 ], [ 503304.381443727004807, 3232981.06191911874339 ], [ 503084.472983647545334, 3232841.699604901019484 ], [ 503328.405204057460651, 3233384.720508775673807 ] ] ], [ [ [ 503395.900269419013057, 3233534.982354486826807 ], [ 503508.277901814726647, 3233623.735153696965426 ], [ 503547.123215421859641, 3233712.383400435559452 ], [ 503654.00507334357826, 3233767.814801346044987 ], [ 503644.272808547539171, 3233812.129808521363884 ], [ 503498.522284093021881, 3233745.606972444336861 ], [ 503484.719265835010447, 3233732.723605427425355 ], [ 503818.97521404561121, 3234476.959150603972375 ], [ 503615.065926815324929, 3233978.313491123262793 ], [ 503673.416284027451184, 3233845.377754380460829 ], [ 503673.43056294991402, 3233801.059634803328663 ], [ 503686.383214565517846, 3233815.83652315614745 ], [ 503699.159520561806858, 3233786.729737311135978 ], [ 503683.166529586422257, 3233745.665124228224158 ], [ 503634.597129535977729, 3233679.172361955512315 ], [ 503683.188003959599882, 3233679.187954765744507 ], [ 503722.049853151140269, 3233712.439162174705416 ], [ 503728.120977716927882, 3233720.750792809762061 ], [ 503751.218873532372527, 3233668.130604876670986 ], [ 503374.992706869496033, 3233488.436126967892051 ], [ 503395.900269419013057, 3233534.982354486826807 ] ], [ [ 503634.586534050817136, 3233712.41094584017992 ], [ 503585.999286043865141, 3233701.316031912807375 ], [ 503547.143896351568401, 3233645.906234513036907 ], [ 503586.013224424037617, 3233656.997921193484217 ], [ 503634.586534050817136, 3233712.41094584017992 ] ] ] ] } },
{ "type": "Feature", "properties": { "t": "river" }, "geometry": { "type": "MultiPolygon", "coordinates": [ [ [ [ 500515.196787558903452, 3230720.377030288334936 ], [ 499844.474027583491988, 3231097.068954475224018 ], [ 500670.729846715461463, 3230687.146663838531822 ], [ 500670.746453473926522, 3230404.519210090395063 ], [ 500515.196787558903452, 3230720.377030288334936 ] ] ], [ [ [ 501497.161234694300219, 3229390.926867904607207 ], [ 501999.918542404542677, 3229391.003845817875117 ], [ 502041.595397084485739, 3229324.534444890916348 ], [ 502079.094088962185197, 3229324.541210043244064 ], [ 502061.195106951228809, 3228460.340424517169595 ], [ 502780.720136041578371, 3228249.983388906344771 ], [ 503004.277480475895572, 3228504.867310840636492 ], [ 502660.713288023369387, 3228948.863488755188882 ], [ 502663.883782330842223, 3228947.961011151783168 ], [ 502643.044994218682405, 3228971.697863915935159 ], [ 502498.560263820458204, 3229158.433359769638628 ], [ 502770.494680281728506, 3230321.840326371137053 ], [ 502537.091355106036644, 3230764.965298434719443 ], [ 502945.25030064600287, 3231186.083847561385483 ], [ 503129.948127396404743, 3231141.815045202616602 ], [ 502575.968981826968957, 3230787.132974612992257 ], [ 502809.38427092769416, 3230299.690875424537808 ], [ 502547.150619268650189, 3229247.079778710380197 ], [ 502955.604373770649545, 3228737.523114677052945 ], [ 503431.887974373705219, 3229114.357835678849369 ], [ 503801.389055902021937, 3228926.124032227322459 ], [ 503451.352188348362688, 3229047.886941885575652 ], [ 503091.753725065267645, 3228604.60571464151144 ], [ 503451.59991126821842, 3228228.007478562649339 ], [ 503422.643849656335078, 3227518.914494867436588 ], [ 503355.556743371358607, 3227513.962687253020704 ], [ 503393.276170012715738, 3228183.672220456413925 ], [ 503169.582881919050124, 3228427.355827373918146 ], [ 502916.864767473889515, 3228150.302322003990412 ], [ 502100.107985508802813, 3228338.473580283112824 ], [ 501886.127601362066343, 3228825.932088527362794 ], [ 502031.87745645531686, 3229302.373787912540138 ], [ 501506.897680219146423, 3229280.133529257029295 ], [ 501049.934815188986249, 3229634.625209838617593 ], [ 500740.071446654153988, 3230263.75482735177502 ], [ 501497.161234694300219, 3229390.926867904607207 ] ], [ [ 503052.843012127559632, 3228682.151419513393193 ], [ 503072.29085298901191, 3228671.077180211432278 ], [ 503111.168542309780605, 3228715.405517287552357 ], [ 503082.004324979381636, 3228704.318157416768372 ], [ 503052.843012127559632, 3228682.151419513393193 ] ], [ [ 502897.275694461190142, 3228715.349263463634998 ], [ 502936.170998742454685, 3228693.200287749059498 ], [ 503033.39520899404306, 3228693.225692059379071 ], [ 503062.553560747299343, 3228726.471833847463131 ], [ 502975.054911591752898, 3228715.369255996774882 ], [ 502897.275694461190142, 3228715.349263463634998 ] ], [ [ 502916.120545696583577, 3231064.201979397330433 ], [ 502877.247316033346578, 3231030.953647356946021 ], [ 502857.81477763823932, 3230997.710300728213042 ], [ 502916.120545696583577, 3231064.201979397330433 ] ], [ [ 502800.01365052908659, 3228870.43737553153187 ], [ 502731.949810320860706, 3228903.659261802211404 ], [ 502809.754998274380341, 3228792.883579873479903 ], [ 502800.01365052908659, 3228870.43737553153187 ] ] ], [ [ [ 503121.223863373976201, 3227496.669323495123535 ], [ 502975.455923332308885, 3227175.3268778398633 ], [ 501721.1036984520033, 3227130.751441461034119 ], [ 501174.198916728957556, 3226912.303076723590493 ], [ 501341.877455384994391, 3227130.700627609156072 ], [ 502868.486742374196183, 3227208.537823596969247 ], [ 503053.150907830742653, 3227529.889242013450712 ], [ 503261.238453370984644, 3227507.001575412228703 ], [ 503121.223863373976201, 3227496.669323495123535 ] ] ], [ [ [ 500583.448164281493519, 3226676.380313996691257 ], [ 500719.56584345374722, 3226997.691375499591231 ], [ 501091.758225930680055, 3226879.377064386382699 ], [ 500583.448164281493519, 3226676.380313996691257 ] ] ], [ [ [ 502005.473871816706378, 3229391.004820038564503 ], [ 502080.470818969071843, 3229391.018236509058625 ], [ 502079.119120562507305, 3229325.749883198179305 ], [ 502005.473871816706378, 3229391.004820038564503 ] ] ] ] } },
{ "type": "Feature", "properties": { "t": "river" }, "geometry": { "type": "Polygon", "coordinates": [ [ [ 504414.081800399115309, 3228427.768895030021667 ], [ 504210.245025561016519, 3227508.098082400858402 ], [ 504754.973791732976679, 3226987.578336558304727 ], [ 504735.672922810772434, 3226633.028634638525546 ], [ 504161.656115213292651, 3227430.524227785412222 ], [ 504234.861928349360824, 3228531.467872731387615 ], [ 504414.081800399115309, 3228427.768895030021667 ] ] ] } },
{ "type": "Feature", "properties": { "t": "river" }, "geometry": { "type": "MultiPolygon", "coordinates": [ [ [ [ 504852.607558297924697, 3226056.947780253831297 ], [ 505649.991853516781703, 3226134.869922928046435 ], [ 505699.133846411947161, 3225093.42961159767583 ], [ 505388.116600011941046, 3224672.261668107006699 ], [ 506331.731971298635472, 3224296.04554751329124 ], [ 506516.743645007023588, 3223919.45013460656628 ], [ 506452.027423220977653, 3223694.132606896571815 ], [ 506370.766175490920432, 3224063.399989239871502 ], [ 505349.259849492518697, 3224572.528867148794234 ], [ 505329.642812196572777, 3224927.060449658427387 ], [ 505669.896973814349622, 3225215.288534122519195 ], [ 505582.103543558507226, 3225758.136418796144426 ], [ 505397.194082550413441, 3226046.112452217843384 ], [ 505076.294547624478582, 3226012.72723312722519 ], [ 505154.157099070667755, 3225868.729663637001067 ], [ 504716.453098290890921, 3226079.0496406997554 ], [ 504609.285443503235001, 3226566.500429698266089 ], [ 504852.607558297924697, 3226056.947780253831297 ] ], [ [ 505757.810193247860298, 3224450.853841435629874 ], [ 505699.459517371782567, 3224439.745230163447559 ], [ 505806.462847876129672, 3224406.560853159986436 ], [ 505757.810193247860298, 3224450.853841435629874 ] ], [ [ 505124.893236393516418, 3226068.145996746141464 ], [ 505017.931739377090707, 3226045.939721568021923 ], [ 505047.12532725406345, 3226001.634904254227877 ], [ 505124.893236393516418, 3226068.145996746141464 ] ] ], [ [ [ 506322.587298003025353, 3223243.49886850360781 ], [ 506945.287192912888713, 3222966.875349165871739 ], [ 506920.60981121606892, 3222607.699711004272103 ], [ 506906.378010382759385, 3222966.851808183360845 ], [ 506235.104114250396378, 3223132.657112535554916 ], [ 506411.121944261249155, 3223551.719949001446366 ], [ 506322.587298003025353, 3223243.49886850360781 ] ] ], [ [ [ 507432.284873176948167, 3221992.196713185869157 ], [ 506926.134228019742295, 3222468.292040194850415 ], [ 506923.358747168444097, 3222538.330392526928335 ], [ 507432.284873176948167, 3221992.196713185869157 ] ] ] ] } },
{ "type": "Feature", "properties": { "t": "river" }, "geometry": { "type": "Polygon", "coordinates": [ [ [ 500593.197594348399434, 3226188.886414991691709 ], [ 500525.131336507096421, 3226067.00953620672226 ], [ 500505.659976323193405, 3226565.582398500759155 ], [ 500593.197594348399434, 3226188.886414991691709 ] ] ] } },
{ "type": "Feature", "properties": { "t": "river" }, "geometry": { "type": "Polygon", "coordinates": [ [ [ 510167.65764215978561, 3263432.303709579631686 ], [ 510041.593086536682677, 3263498.670707754790783 ], [ 510196.675694984558504, 3263498.809861106332392 ], [ 510167.65764215978561, 3263432.303709579631686 ] ] ] } },
{ "type": "Feature", "properties": { "t": "river" }, "geometry": { "type": "Polygon", "coordinates": [ [ [ 508113.024451685254462, 3263120.398976972326636 ], [ 508258.378646686207503, 3263175.904371187090874 ], [ 508306.835168409976177, 3263187.019936745986342 ], [ 508256.738876721181441, 3263234.670776806771755 ], [ 508275.55994831607677, 3263244.859073852654546 ], [ 508306.818847537506372, 3263209.179888278245926 ], [ 508442.552734182856511, 3263164.960745680611581 ], [ 508500.710411409789231, 3263165.004428255371749 ], [ 508384.337401053402573, 3263242.477194780483842 ], [ 508287.982907564146444, 3263251.583946765866131 ], [ 508393.980802605510689, 3263308.964266923256218 ], [ 509159.911771496816073, 3263065.800672649871558 ], [ 509867.125156884896569, 3263498.516709390096366 ], [ 509285.930322129570413, 3263054.82373350020498 ], [ 507861.076376274344511, 3263020.50075776129961 ], [ 508065.599671004863922, 3263131.205376893747598 ], [ 508113.024451685254462, 3263120.398976972326636 ] ], [ [ 508471.581638862844557, 3263231.462405627127737 ], [ 508423.100644061691128, 3263253.586060377769172 ], [ 508461.897062652220484, 3263220.375152845401317 ], [ 508471.581638862844557, 3263231.462405627127737 ] ] ] } },
{ "type": "Feature", "properties": { "t": "river" }, "geometry": { "type": "MultiPolygon", "coordinates": [ [ [ [ 505351.055309180635959, 3261999.67400761321187 ], [ 504507.97003610257525, 3261279.108966225758195 ], [ 503839.030314960633405, 3261323.181385012809187 ], [ 504498.244564298598561, 3261356.664699103683233 ], [ 505292.881260650989134, 3262021.80648286268115 ], [ 505308.912024934426881, 3262172.726796166971326 ], [ 505351.055309180635959, 3261999.67400761321187 ] ] ], [ [ [ 505341.135820508585311, 3262476.107590354047716 ], [ 505835.540400657104328, 3262409.872705982998013 ], [ 506207.98155382508412, 3262693.995639886707067 ], [ 506127.034667699132115, 3262606.243365751579404 ], [ 505796.800195919873659, 3262343.37295604404062 ], [ 505332.050708225462586, 3262390.571325254160911 ], [ 505341.135820508585311, 3262476.107590354047716 ] ] ], [ [ [ 506227.965670951351058, 3262709.241612308192998 ], [ 506533.170931855856907, 3262942.093641336075962 ], [ 506911.420406058838125, 3262587.759976223111153 ], [ 507240.947567376715597, 3262665.526463842950761 ], [ 507754.34597161464626, 3263175.546579885296524 ], [ 507851.391019607428461, 3263009.414034144487232 ], [ 507337.895713095378596, 3262643.42916719801724 ], [ 506872.660148719267454, 3262565.576359470840544 ], [ 506465.357096574618481, 3262875.574732720851898 ], [ 506196.928948140644934, 3262661.882836148142815 ], [ 506227.965670951351058, 3262709.241612308192998 ] ], [ [ 507609.131325447349809, 3262909.528219164349139 ], [ 507657.567058379645459, 3262953.88090018555522 ], [ 507618.787070421560202, 3262964.934616208542138 ], [ 507609.131325447349809, 3262909.528219164349139 ] ] ] ] } },
{ "type": "Feature", "properties": { "t": "river" }, "geometry": { "type": "Polygon", "coordinates": [ [ [ 500620.510218796611298, 3260214.552241520490497 ], [ 499825.478076152037829, 3259992.938083186745644 ], [ 500562.335730206919834, 3260247.788968787062913 ], [ 500707.725014061201364, 3260923.672886384651065 ], [ 501095.472227528051008, 3261411.221174319740385 ], [ 501376.594902628974523, 3261544.211288346443325 ], [ 502724.224525229714345, 3261056.938675593119115 ], [ 503233.210136052570306, 3261201.072215144522488 ], [ 503247.702753943216521, 3261190.036434558220208 ], [ 503315.55543946911348, 3261223.295986422337592 ], [ 503309.04920973215485, 3261222.550456835888326 ], [ 503703.303374823997729, 3261334.215978196356446 ], [ 502733.930009254836477, 3261012.621269434224814 ], [ 501366.908624113129918, 3261477.730444982182235 ], [ 500746.50666519801598, 3260890.435579420998693 ], [ 500636.900854682782665, 3260302.471910510677844 ], [ 500630.201980437152088, 3260281.032328730914742 ], [ 500633.259281009319238, 3260282.938321728724986 ], [ 500620.510218796611298, 3260214.552241520490497 ] ], [ [ 501328.13107410306111, 3261477.725814983248711 ], [ 501289.354789954377338, 3261466.641374653670937 ], [ 501279.666674433508888, 3261411.24055594811216 ], [ 501328.13107410306111, 3261477.725814983248711 ] ], [ [ 501114.863305623061024, 3261389.06318803364411 ], [ 501260.272836211253889, 3261455.558146129362285 ], [ 501182.719906374055427, 3261433.389865954872221 ], [ 501114.863305623061024, 3261389.06318803364411 ] ] ] } },
{ "type": "Feature", "properties": { "t": "river" }, "geometry": { "type": "Polygon", "coordinates": [ [ [ 553750.956771417986602, 3221550.862824039999396 ], [ 552133.350010879570618, 3219981.13130016066134 ], [ 550918.213779858546332, 3219720.832943651359528 ], [ 550367.575264916638844, 3218809.85927563579753 ], [ 549678.969720073393546, 3218275.027286645956337 ], [ 549066.314754733582959, 3218194.844332392793149 ], [ 549038.853798835654743, 3218196.669064439367503 ], [ 548952.307628398411907, 3218196.666378348134458 ], [ 548914.552082622423768, 3218188.869477551896125 ], [ 548912.415230886661448, 3218188.428114535752684 ], [ 548886.94307050597854, 3218183.167987306602299 ], [ 548845.937767056049779, 3218166.010160428937525 ], [ 548453.447839965461753, 3218114.667557435575873 ], [ 548802.657155430177227, 3218382.06161076342687 ], [ 549581.654018043889664, 3218274.60610677395016 ], [ 550647.722027350915596, 3219276.443555917125195 ], [ 550878.948047816171311, 3219798.217026962898672 ], [ 552113.688171258196235, 3220025.361098566092551 ], [ 553362.68076282099355, 3221360.68975448794663 ], [ 554801.215120873297565, 3222238.782776004634798 ], [ 554842.56108020839747, 3222233.602821363136172 ], [ 554929.688292980892584, 3222210.405188738834113 ], [ 553750.956771417986602, 3221550.862824039999396 ] ] ] } },
{ "type": "Feature", "properties": { "t": "river" }, "geometry": { "type": "Polygon", "coordinates": [ [ [ 573529.520812629139982, 3263744.993144634179771 ], [ 572475.609749811002985, 3263328.176580470055342 ], [ 573190.262874995358288, 3263742.786175208631903 ], [ 573529.520812629139982, 3263744.993144634179771 ] ] ] } },
{ "type": "Feature", "properties": { "t": "river" }, "geometry": { "type": "Polygon", "coordinates": [ [ [ 572655.67223317141179, 3246162.770665595773607 ], [ 572655.118888096301816, 3246160.28105546021834 ], [ 572639.160872951033525, 3246133.333963477518409 ], [ 572585.636507274466567, 3246164.744363125879318 ], [ 572655.67223317141179, 3246162.770665595773607 ] ] ] } },
{ "type": "Feature", "properties": { "t": "river" }, "geometry": { "type": "MultiPolygon", "coordinates": [ [ [ [ 570161.086690135998651, 3252022.236874558962882 ], [ 570124.914659332367592, 3250027.492616857402027 ], [ 571295.598990441532806, 3247519.485681074671447 ], [ 571555.373560669948347, 3247246.644336085300893 ], [ 571207.749474506359547, 3247596.498417631722987 ], [ 570086.575091321137734, 3249949.690909240394831 ], [ 570112.845623339526355, 3251977.615398546680808 ], [ 569418.489801985095255, 3252859.791953928302974 ], [ 569459.93785728502553, 3252977.299698725342751 ], [ 570161.086690135998651, 3252022.236874558962882 ] ] ], [ [ [ 572585.636507274466567, 3246164.744363125879318 ], [ 572079.616898623295128, 3246349.890538705512881 ], [ 572031.301982589415275, 3246746.825424222741276 ], [ 572585.636507274466567, 3246164.744363125879318 ] ] ], [ [ [ 569637.827107055461966, 3253481.657432665582746 ], [ 569296.496502828784287, 3255352.200788078363985 ], [ 569486.961052280385047, 3255929.566736886277795 ], [ 568745.942369682132266, 3256556.638665571808815 ], [ 568359.743379377177916, 3259468.529155633412302 ], [ 568482.306141953566112, 3260045.471122415736318 ], [ 569502.734197054756805, 3261248.431905078236014 ], [ 569633.543852960923687, 3262047.056957858148962 ], [ 569865.483196528744884, 3262156.104362372308969 ], [ 569663.242934235953726, 3261947.512864167336375 ], [ 569523.284706580452621, 3261060.184753171168268 ], [ 568455.635549811879173, 3259646.402037137653679 ], [ 568843.001612559659407, 3256546.148491904139519 ], [ 569573.917774726520292, 3255985.5049968380481 ], [ 569354.154329120297916, 3255441.199871136341244 ], [ 569705.330513163469732, 3253548.557087039574981 ], [ 569482.04594712506514, 3253039.978585477452725 ], [ 569637.827107055461966, 3253481.657432665582746 ] ] ], [ [ [ 572475.253737727296539, 3263383.578869832213968 ], [ 571035.895752165582962, 3262587.679461325518787 ], [ 570601.15247697068844, 3262502.02872700849548 ], [ 572475.253737727296539, 3263383.578869832213968 ] ] ] ] } },
{ "type": "Feature", "properties": { "t": "river" }, "geometry": { "type": "MultiPolygon", "coordinates": [ [ [ [ 525288.519039411097765, 3241650.782347073312849 ], [ 525484.690668642404489, 3241638.359563028439879 ], [ 524859.046934218611568, 3240829.787823326420039 ], [ 525288.519039411097765, 3241650.782347073312849 ] ], [ [ 525356.523888151277788, 3241639.854061549529433 ], [ 525308.040594495134428, 3241606.506747593637556 ], [ 525211.490827086614445, 3241351.457815948873758 ], [ 525356.523888151277788, 3241639.854061549529433 ] ] ], [ [ [ 526133.542510493076406, 3241597.294608301017433 ], [ 526976.812776042846963, 3242286.210707304999232 ], [ 528601.452150509692729, 3242510.931441847234964 ], [ 528588.435204584849998, 3242445.267375063616782 ], [ 527161.320181208779104, 3242286.650131025351584 ], [ 526065.739837385015562, 3241519.580589349847287 ], [ 525683.405686001759022, 3241625.779194082133472 ], [ 526133.542510493076406, 3241597.294608301017433 ] ] ], [ [ [ 528596.891318507492542, 3242943.880002850200981 ], [ 528692.745607131277211, 3242971.484489974565804 ], [ 528607.010303268674761, 3242538.969824158586562 ], [ 528596.891318507492542, 3242943.880002850200981 ] ] ], [ [ [ 528946.210445239208639, 3243044.482824528124183 ], [ 529046.1139839211246, 3243215.841226294171065 ], [ 529062.847174654016271, 3243000.461281351745129 ], [ 528718.506815853761509, 3242978.903463212773204 ], [ 528946.210445239208639, 3243044.482824528124183 ] ] ], [ [ [ 530686.007305952138267, 3246029.529833291191608 ], [ 532031.755609697196633, 3247318.516892790794373 ], [ 533231.629180650110357, 3248081.700992052908987 ], [ 533194.446253087720834, 3248042.054969760589302 ], [ 533350.897772024851292, 3248157.574873147066683 ], [ 533746.602544049033895, 3248409.322717802599072 ], [ 533888.448567416751757, 3248661.162125530652702 ], [ 533881.853753701318055, 3248620.245140451006591 ], [ 534073.736551477573812, 3248893.609313635155559 ], [ 533824.182281609042548, 3248431.713750078342855 ], [ 532128.884856217540801, 3247296.631717712618411 ], [ 530744.313777974341065, 3246007.527856520842761 ], [ 530086.181551447021775, 3245000.170947549398988 ], [ 530686.007305952138267, 3246029.529833291191608 ] ] ], [ [ [ 534008.594185958034359, 3248874.48406168539077 ], [ 534615.415669642970897, 3249952.057734946720302 ], [ 537705.743362150620669, 3251579.602848950307816 ], [ 538749.881531257880852, 3252691.133937414735556 ], [ 540552.450085074058734, 3253262.532142511103302 ], [ 541084.270436158985831, 3253751.97535344818607 ], [ 541245.233184338663705, 3254838.414572634734213 ], [ 542215.758506898069754, 3254709.032436323817819 ], [ 542988.380766304791905, 3255609.436243123374879 ], [ 543733.75400983390864, 3256000.100857726763934 ], [ 543905.071817730087787, 3256842.860899154096842 ], [ 544221.632015217561275, 3257065.712129687424749 ], [ 543782.422185844392516, 3255955.968355034478009 ], [ 542978.849533345783129, 3255565.07927557779476 ], [ 542177.245996001525782, 3254631.327680486720055 ], [ 541313.216127441031858, 3254816.502318689599633 ], [ 541103.95454266294837, 3253674.485914410091937 ], [ 540678.770394061459228, 3253207.584786296822131 ], [ 538837.162477259407751, 3252702.513064175844193 ], [ 537657.485967016662471, 3251501.881973671261221 ], [ 534615.584866469493136, 3249896.65832834970206 ], [ 534103.6078840844566, 3248948.900582243688405 ], [ 534008.594185958034359, 3248874.48406168539077 ] ] ], [ [ [ 544588.995115568046458, 3258031.123301178216934 ], [ 544320.2935313800117, 3258288.132279531098902 ], [ 545054.125835097860545, 3258121.610244916751981 ], [ 544656.352761317510158, 3258164.352289672009647 ], [ 544457.762829522020184, 3257662.439968369435519 ], [ 544588.995115568046458, 3258031.123301178216934 ] ] ], [ [ [ 543966.021651536808349, 3258627.015466253273189 ], [ 543895.774129622499458, 3259236.156124562956393 ], [ 542545.450890467851423, 3259895.80361359519884 ], [ 542504.456399229704402, 3260482.902409801725298 ], [ 542261.074516989057884, 3260747.914793685078621 ], [ 542365.517918960889801, 3261335.560006300453097 ], [ 542294.472409824142233, 3261445.376689762808383 ], [ 542433.589273240300827, 3261280.414403123781085 ], [ 542290.077185783768073, 3260770.183911444153637 ], [ 542533.375803427305073, 3260527.332335678860545 ], [ 542554.938079529209062, 3259951.240587427746505 ], [ 543963.606804834795184, 3259247.500195542816073 ], [ 544160.109877298586071, 3258441.354074900504202 ], [ 543966.021651536808349, 3258627.015466253273189 ] ] ], [ [ [ 542150.992516092024744, 3261667.16468906076625 ], [ 542448.857078327215277, 3261768.538724173326045 ], [ 542229.889842001255602, 3261545.205679656006396 ], [ 542150.992516092024744, 3261667.16468906076625 ] ] ], [ [ [ 542485.032598728896119, 3262096.905138688161969 ], [ 542557.365004678373225, 3261879.215021156240255 ], [ 542480.516263662953861, 3261800.830234665423632 ], [ 542485.032598728896119, 3262096.905138688161969 ] ] ], [ [ [ 542487.961447519832291, 3262288.923732785042375 ], [ 542749.948836341500282, 3262223.431658875662833 ], [ 543087.248728491249494, 3262745.488427073694766 ], [ 542880.483250995050184, 3263586.80331600876525 ], [ 543097.02690930350218, 3262723.365187252406031 ], [ 542866.192233614972793, 3262246.033262412063777 ], [ 542485.828271034639329, 3262149.06923943804577 ], [ 542487.961447519832291, 3262288.923732785042375 ] ] ] ] } },
{ "type": "Feature", "properties": { "t": "river" }, "geometry": { "type": "MultiPolygon", "coordinates": [ [ [ [ 528488.138628438231535, 3241965.894260650034994 ], [ 528317.388808522722684, 3242101.115050153806806 ], [ 528374.853148775175214, 3242422.572528275195509 ], [ 528488.138628438231535, 3241965.894260650034994 ] ] ], [ [ [ 528735.609602645621635, 3241847.329277412034571 ], [ 528731.090961331035942, 3241773.504567363299429 ], [ 528624.271623128908686, 3241858.091487677302212 ], [ 528735.609602645621635, 3241847.329277412034571 ] ] ], [ [ [ 528698.302594629814848, 3241237.846494641155005 ], [ 528339.904035753570497, 3240860.235017143655568 ], [ 528905.010495102149434, 3240152.551557731814682 ], [ 528703.530500588007271, 3239165.942412126809359 ], [ 528870.010717363096774, 3238634.535397788509727 ], [ 528884.073361241375096, 3238622.260245186742395 ], [ 528831.098396152374335, 3238656.596256907563657 ], [ 528674.613083481555805, 3239077.231464292388409 ], [ 528827.252329664188437, 3240174.51377408625558 ], [ 528310.740024128346704, 3240871.242152279242873 ], [ 528649.799316529300995, 3241215.564604462590069 ], [ 528727.642715182388201, 3241717.168492388911545 ], [ 528698.302594629814848, 3241237.846494641155005 ] ] ], [ [ [ 530135.770178865641356, 3237529.841071983799338 ], [ 530429.736579920630902, 3236588.844802431762218 ], [ 531597.415820277994499, 3235949.39916268363595 ], [ 530439.778093624277972, 3236466.994551649317145 ], [ 529853.958941615652293, 3237775.761739748995751 ], [ 530135.770178865641356, 3237529.841071983799338 ] ] ] ] } },
{ "type": "Feature", "properties": { "t": "river" }, "geometry": { "type": "MultiPolygon", "coordinates": [ [ [ [ 573636.144765256671235, 3263745.688871882855892 ], [ 573190.262874995358288, 3263742.786175208631903 ], [ 573698.880164563190192, 3264163.02537937881425 ], [ 573636.144765256671235, 3263745.688871882855892 ] ] ], [ [ [ 574501.420607239473611, 3264826.227497152518481 ], [ 575320.233536001993343, 3264780.159662689082325 ], [ 574521.244459852343425, 3264759.872585005126894 ], [ 573815.134095908491872, 3264259.086607180535793 ], [ 574501.420607239473611, 3264826.227497152518481 ] ] ], [ [ [ 575232.996559794992208, 3265584.595458939671516 ], [ 576038.485475077526644, 3266864.322829159907997 ], [ 576696.229045948479325, 3267046.079477577470243 ], [ 576503.154464512015693, 3268363.416066307108849 ], [ 577005.771965375402942, 3269282.503868507221341 ], [ 576571.656909924815409, 3268264.151877137832344 ], [ 576802.822397154406644, 3267046.805814189370722 ], [ 576010.236596283153631, 3266742.240485583432019 ], [ 575339.158980609267019, 3265651.790841905400157 ], [ 575703.548700154293329, 3264789.912525061983615 ], [ 575550.657968751853332, 3264786.020891449414194 ], [ 575232.996559794992208, 3265584.595458939671516 ] ] ], [ [ [ 577261.262046805117279, 3272258.077045121230185 ], [ 576419.089132222579792, 3273604.222998253069818 ], [ 576394.425377068226226, 3274423.291752035729587 ], [ 576397.062401629285887, 3274423.475008534267545 ], [ 576520.337138806004077, 3274380.595062085893005 ], [ 576515.558367662015371, 3273660.285409163217992 ], [ 577318.919741926714778, 3272324.96054562041536 ], [ 577334.157442555413581, 3270108.832150964066386 ], [ 577548.353887277306058, 3270049.175395063124597 ], [ 577531.730230951565318, 3269993.72444834979251 ], [ 577519.70721505896654, 3269942.517657002434134 ], [ 577305.931889965315349, 3269986.745550641790032 ], [ 577222.678848937153816, 3269791.405377293471247 ], [ 577261.262046805117279, 3272258.077045121230185 ] ] ], [ [ [ 575190.81373379949946, 3274792.701017578598112 ], [ 574934.488831295981072, 3275378.610524769406766 ], [ 574963.323497550212778, 3275371.392346069682389 ], [ 574981.495959116262384, 3275369.438992714043707 ], [ 575043.042244164738804, 3275168.472166221123189 ], [ 575252.062277502031066, 3274975.824763780925423 ], [ 575256.469337990158238, 3274968.474813624285161 ], [ 575288.835187791148201, 3274900.237868526950479 ], [ 575303.215379262343049, 3274882.963150874711573 ], [ 575345.312823771964759, 3274832.392746085301042 ], [ 575360.828505974961445, 3274813.754358903970569 ], [ 575403.944699794286862, 3274770.764808799140155 ], [ 575411.808746960363351, 3274764.305527217220515 ], [ 575482.944653075304814, 3274705.877439408563077 ], [ 575190.81373379949946, 3274792.701017578598112 ] ] ], [ [ [ 574579.247762546059676, 3275430.871697638183832 ], [ 574618.002365644089878, 3275436.133135865442455 ], [ 574656.780665153870359, 3275434.128191987983882 ], [ 574579.247762546059676, 3275430.871697638183832 ] ] ] ] } },
{ "type": "Feature", "properties": { "t": "lake" }, "geometry": { "type": "Polygon", "coordinates": [ [ [ 553503.173902180162258, 3280053.668874724302441 ], [ 553560.240315170842223, 3280264.475494374986738 ], [ 553744.026525276247412, 3280287.516711759846658 ], [ 553814.276327561703511, 3279767.058766765519977 ], [ 553503.173902180162258, 3280053.668874724302441 ] ] ] } },
{ "type": "Feature", "properties": { "t": "lake" }, "geometry": { "type": "Polygon", "coordinates": [ [ [ 552889.206694710766897, 3276837.351353683974594 ], [ 552811.024694809573703, 3276992.112674824893475 ], [ 553101.151096472633071, 3277059.965869309380651 ], [ 552889.206694710766897, 3276837.351353683974594 ] ] ] } },
{ "type": "Feature", "properties": { "t": "lake" }, "geometry": { "type": "Polygon", "coordinates": [ [ [ 552711.033330369275063, 3275606.559181457385421 ], [ 552362.254558029584587, 3275649.249790370929986 ], [ 552777.196501009282656, 3275950.370464854873717 ], [ 552711.033330369275063, 3275606.559181457385421 ] ] ] } },
{ "type": "Feature", "properties": { "t": "river" }, "geometry": { "type": "MultiPolygon", "coordinates": [ [ [ [ 526307.392682957346551, 3275325.284073371905833 ], [ 525979.083091403590515, 3274936.710217900574207 ], [ 525649.105774431489408, 3275268.359745795838535 ], [ 525485.255998206441291, 3274935.578709164634347 ], [ 523994.849965337547474, 3274577.727493651676923 ], [ 525427.083438061643392, 3274968.687636204063892 ], [ 525668.192351959762163, 3275390.286337455268949 ], [ 525930.48957597988192, 3275014.159786847420037 ], [ 526374.910282773780636, 3275436.245241971686482 ], [ 526536.960755507345311, 3275382.830392303876579 ], [ 526307.392682957346551, 3275325.284073371905833 ] ] ], [ [ [ 527013.552658079890534, 3275603.96785058779642 ], [ 528079.328153675422072, 3275318.494985142722726 ], [ 529046.266730715986341, 3275830.648753555957228 ], [ 529430.065551091101952, 3277161.287380628287792 ], [ 529244.018376468215138, 3277969.665785376913846 ], [ 529751.223041187156923, 3280175.99273227294907 ], [ 530165.574561592075042, 3280853.004243052564561 ], [ 530076.957385199842975, 3281417.866586141753942 ], [ 530385.519651134149171, 3281828.674483247101307 ], [ 530479.937260911683552, 3282693.204074684996158 ], [ 530547.467018527444452, 3282736.42368498025462 ], [ 530491.845646534115076, 3281873.285068458877504 ], [ 530106.167988121393137, 3281351.462600191123784 ], [ 530223.402331844670698, 3280941.803264540154487 ], [ 529847.741385218687356, 3280275.972811573650688 ], [ 529321.113155753002502, 3278102.831202870700508 ], [ 529507.07640529749915, 3277327.694689569063485 ], [ 529114.127875850070268, 3275797.583596318028867 ], [ 528089.066157846944407, 3275296.358753073960543 ], [ 527110.563103566877544, 3275526.639660040382296 ], [ 526824.562195330974646, 3275454.931530753150582 ], [ 527013.552658079890534, 3275603.96785058779642 ] ] ], [ [ [ 532044.631407363922335, 3283694.813176937866956 ], [ 531868.55034550675191, 3284370.218984198756516 ], [ 532141.353263370809145, 3283706.170930429361761 ], [ 530585.50079144386109, 3282760.765946638770401 ], [ 532044.631407363922335, 3283694.813176937866956 ] ] ] ] } },
{ "type": "Feature", "properties": { "t": "river" }, "geometry": { "type": "MultiPolygon", "coordinates": [ [ [ [ 542938.175946807255968, 3263708.90621405467391 ], [ 542907.031835908186622, 3264251.72295542480424 ], [ 543038.561234550201334, 3264350.495536341331899 ], [ 542938.175946807255968, 3263708.90621405467391 ] ] ], [ [ [ 543813.535779820405878, 3265429.725184448994696 ], [ 543908.415861752233468, 3265517.18890772620216 ], [ 543873.365227447473444, 3264997.824464517645538 ], [ 543769.049844199209474, 3264919.534021406900138 ], [ 543813.535779820405878, 3265429.725184448994696 ] ] ], [ [ [ 544441.192862860276364, 3266008.361668911762536 ], [ 543846.435794583754614, 3266936.782080924604088 ], [ 543775.634428228833713, 3267701.052625567652285 ], [ 543872.475012938259169, 3267787.585059251636267 ], [ 543885.065978480037302, 3266970.173643416725099 ], [ 544547.615656251553446, 3266053.103406224865466 ], [ 544097.551498079090379, 3265691.54716371698305 ], [ 544441.192862860276364, 3266008.361668911762536 ] ] ], [ [ [ 544634.948293192079291, 3268468.973776068072766 ], [ 544457.00808912771754, 3269365.782924988307059 ], [ 544030.569763108040206, 3269408.427991456352174 ], [ 543906.827312312554568, 3269629.849791747052222 ], [ 544146.866826937766746, 3269397.803214689251035 ], [ 544485.589786303695291, 3269487.780483902897686 ], [ 544654.589235328021459, 3268402.569229621905833 ], [ 544051.573674003011547, 3267947.625419660005718 ], [ 544634.948293192079291, 3268468.973776068072766 ] ] ], [ [ [ 543845.206357606104575, 3269740.116580117493868 ], [ 544066.77053708746098, 3269951.490682150237262 ], [ 543889.70046689233277, 3269660.496946887578815 ], [ 543845.206357606104575, 3269740.116580117493868 ] ] ], [ [ [ 544006.729991079075262, 3270549.617977684363723 ], [ 544086.519397272379138, 3270583.789771774318069 ], [ 544201.946588856284507, 3270173.648826378397644 ], [ 544118.642440974479541, 3270036.739480495452881 ], [ 544006.729991079075262, 3270549.617977684363723 ] ] ], [ [ [ 544179.482358922366984, 3270960.271217639092356 ], [ 544413.007589082815684, 3270695.260429760906845 ], [ 544266.511296408716589, 3270665.933700831606984 ], [ 544179.482358922366984, 3270960.271217639092356 ] ] ] ] } },
{ "type": "Feature", "properties": { "t": "river" }, "geometry": { "type": "MultiPolygon", "coordinates": [ [ [ [ 510293.582100655417889, 3263521.057882681954652 ], [ 510690.591865849215537, 3263931.387167013715953 ], [ 510734.52698874543421, 3263916.286474912427366 ], [ 510293.582100655417889, 3263521.057882681954652 ] ] ], [ [ [ 511301.417322316556238, 3263721.462806454859674 ], [ 511717.87134467298165, 3264032.127987247891724 ], [ 512072.290298869542312, 3263710.75901163648814 ], [ 511902.42095267563127, 3263655.601136340294033 ], [ 511698.544406070606783, 3263976.707887741271406 ], [ 511175.55789842287777, 3263577.297390270512551 ], [ 510751.784642748942133, 3263910.355002391617745 ], [ 511301.417322316556238, 3263721.462806454859674 ] ] ], [ [ [ 512629.038330464507453, 3263944.471656032837927 ], [ 512914.794453822309151, 3263869.126427696552128 ], [ 512949.049214998842217, 3263800.794492243789136 ], [ 512997.536813863494899, 3263778.690259793307632 ], [ 512919.279616534244269, 3263867.943892005831003 ], [ 513424.05653095577145, 3263734.869908072985709 ], [ 514034.116715623065829, 3264189.893318931572139 ], [ 514372.237639427243266, 3265054.561443709302694 ], [ 514982.453205128374975, 3265310.19698553532362 ], [ 514972.291010339686181, 3265664.744892325717956 ], [ 516162.369774033955764, 3266984.916513881646097 ], [ 517052.981941439211369, 3267540.233883243054152 ], [ 517789.764559102070052, 3267286.531681624706835 ], [ 518738.296423103602137, 3267908.555502926930785 ], [ 518999.410589286591858, 3268197.075882096774876 ], [ 518891.53367836936377, 3268972.502368785906583 ], [ 519155.488940831040964, 3268946.928323910105973 ], [ 518998.176330595335457, 3268928.361391955055296 ], [ 519038.202676584478468, 3268174.98119602072984 ], [ 518815.863175484235398, 3267875.444549673236907 ], [ 518281.386664333462249, 3267524.925436672754586 ], [ 518186.727074496273417, 3267475.527299602981657 ], [ 518176.64763466239674, 3267456.241298746783286 ], [ 517867.332747708423994, 3267253.414214989170432 ], [ 517082.251262480043806, 3267407.317211332730949 ], [ 516356.163465275254566, 3266985.196272083558142 ], [ 515887.46988063515164, 3266519.922635284252465 ], [ 515852.970415372750722, 3266508.033857812173665 ], [ 515765.899135539424606, 3266408.19109352119267 ], [ 515788.295357358874753, 3266421.479254752863199 ], [ 515432.36497881723335, 3266068.194431257899851 ], [ 515494.924632199516054, 3266152.973771635908633 ], [ 515427.167708891676739, 3266097.480507840402424 ], [ 515400.729391843313351, 3266036.795614677481353 ], [ 515059.463927147444338, 3265698.101196931209415 ], [ 515011.570841441047378, 3265276.995608136989176 ], [ 514323.992159425222781, 3264888.299532966688275 ], [ 514160.016350205172785, 3264267.610881863161922 ], [ 513520.994511164317373, 3263723.905713584739715 ], [ 513201.298360981512815, 3263590.566827688366175 ], [ 512493.419976652308833, 3263877.840526530053467 ], [ 512900.827997110260185, 3263590.219092120882124 ], [ 512736.154041022120509, 3263501.391880398616195 ], [ 512862.04499178082915, 3263601.254796837922186 ], [ 512415.942228602129035, 3263822.354915095027536 ], [ 512286.911652973678429, 3263780.452645790297538 ], [ 512629.038330464507453, 3263944.471656032837927 ] ], [ [ 516898.154100907268003, 3267407.039460702333599 ], [ 517043.460426168341655, 3267429.418606907594949 ], [ 516946.534025901637506, 3267451.432499619666487 ], [ 516898.154100907268003, 3267407.039460702333599 ] ], [ [ 516685.268049549893476, 3267218.360644936561584 ], [ 516811.099046370654833, 3267307.188422158360481 ], [ 516733.600233981502242, 3267295.992920306976885 ], [ 516685.268049549893476, 3267218.360644936561584 ] ] ], [ [ [ 519528.285100301669445, 3269604.347877950873226 ], [ 519569.65419451991329, 3268995.82128510531038 ], [ 519460.600683815369848, 3268982.945799554698169 ], [ 519528.285100301669445, 3269604.347877950873226 ] ] ], [ [ [ 519548.89233428100124, 3269793.55466475058347 ], [ 520382.018733348115347, 3269783.952878389507532 ], [ 521250.526402523857541, 3270150.088996674865484 ], [ 521233.998830703087151, 3270051.452123837545514 ], [ 520420.888565233442932, 3269717.5424994090572 ], [ 519541.621328296489082, 3269726.794639053288847 ], [ 519548.89233428100124, 3269793.55466475058347 ] ] ], [ [ [ 521271.007973547326401, 3270971.175388689152896 ], [ 521406.597999107209034, 3271081.617003428284079 ], [ 521253.552863414515741, 3270168.151171546895057 ], [ 521271.007973547326401, 3270971.175388689152896 ] ] ], [ [ [ 522102.699317369260825, 3271648.670078356750309 ], [ 522160.055449506442528, 3272154.203060171101242 ], [ 522150.691216060600709, 3271870.368252751883119 ], [ 522613.968324942339677, 3272680.145000020042062 ], [ 523358.800697703787591, 3273113.79660432972014 ], [ 522614.12437513563782, 3272602.583888650871813 ], [ 522073.903249334427528, 3271515.65130967553705 ], [ 521617.55820172757376, 3271253.457218718249351 ], [ 522102.699317369260825, 3271648.670078356750309 ] ] ], [ [ [ 520539.191752602171618, 3273894.983771527651697 ], [ 520478.523391842842102, 3275302.060528238769621 ], [ 520931.921612976468168, 3275864.881934297271073 ], [ 520536.82127496052999, 3275191.364732021465898 ], [ 520548.774172940582503, 3273950.402328814379871 ], [ 522168.969693066785112, 3272424.413908557966352 ], [ 522162.969539363053627, 3272242.534042754210532 ], [ 520539.191752602171618, 3273894.983771527651697 ] ] ], [ [ [ 520155.41801898664562, 3277295.919095512013882 ], [ 520435.515957443974912, 3277650.994036309421062 ], [ 520490.218122120306361, 3279501.500023521948606 ], [ 520779.640852259646636, 3280011.726355878636241 ], [ 520490.420621154888067, 3279390.697494860272855 ], [ 520493.558558126271237, 3277673.260435897391289 ], [ 520203.842061892559286, 3277284.92592803761363 ], [ 521115.924672956753056, 3276178.579927335958928 ], [ 521055.4153466563439, 3276075.418178280349821 ], [ 520155.41801898664562, 3277295.919095512013882 ] ] ] ] } },
{ "type": "Feature", "properties": { "t": "river" }, "geometry": { "type": "Polygon", "coordinates": [ [ [ 523222.004865329421591, 3273700.764765397179872 ], [ 523627.005582230107393, 3274521.546476733405143 ], [ 523985.143121078086551, 3274588.787005272693932 ], [ 523723.861279221891891, 3274510.67039248906076 ], [ 523237.365050238615368, 3273605.376407420262694 ], [ 523222.004865329421591, 3273700.764765397179872 ] ] ] } },
{ "type": "Feature", "properties": { "t": "river" }, "geometry": { "type": "Polygon", "coordinates": [ [ [ 510051.265998891671188, 3263520.839309197384864 ], [ 509867.125156884896569, 3263498.516709390096366 ], [ 509915.568986256257631, 3263520.719182302709669 ], [ 510051.265998891671188, 3263520.839309197384864 ] ] ] } },
{ "type": "Feature", "properties": { "t": "lake" }, "geometry": { "type": "Polygon", "coordinates": [ [ [ 575216.461199842044152, 3308303.082880273927003 ], [ 575014.614146702922881, 3308168.73628198960796 ], [ 574849.5125957201235, 3308311.682913309428841 ], [ 575216.461199842044152, 3308303.082880273927003 ] ] ] } },
{ "type": "Feature", "properties": { "t": "lake" }, "geometry": { "type": "Polygon", "coordinates": [ [ [ 572312.027489561703987, 3308039.977578403893858 ], [ 572197.324016196536832, 3307861.925212554167956 ], [ 572186.659865020075813, 3308016.998079826589674 ], [ 572312.027489561703987, 3308039.977578403893858 ] ] ] } },
{ "type": "Feature", "properties": { "t": "river" }, "geometry": { "type": "MultiPolygon", "coordinates": [ [ [ [ 556596.258062574081123, 3307549.7636385159567 ], [ 555840.49636614730116, 3308077.833091935142875 ], [ 556625.109803000697866, 3307572.073256077710539 ], [ 557695.481499048997648, 3307832.455066263210028 ], [ 559734.237595292506739, 3307544.0479661016725 ], [ 560456.999863986391574, 3307213.641053256113082 ], [ 558944.945348211796954, 3307529.554840252269059 ], [ 558913.563895495492034, 3307539.660967202391475 ], [ 558897.012499940465204, 3307539.573114316444844 ], [ 558126.378067213925533, 3307700.67152729909867 ], [ 558198.22387470875401, 3307702.105355782434344 ], [ 557734.21564234723337, 3307810.494034931994975 ], [ 557445.20480735739693, 3307687.100469874683768 ], [ 557646.736225234577432, 3307691.11123341601342 ], [ 556596.258062574081123, 3307549.7636385159567 ] ] ], [ [ [ 561372.80556036636699, 3307081.521885766647756 ], [ 560528.419289362267591, 3306122.801986115053296 ], [ 561223.85756096849218, 3307053.506801284849644 ], [ 561030.77313791483175, 3307093.82102963514626 ], [ 561372.80556036636699, 3307081.521885766647756 ] ] ], [ [ [ 561494.087047882610932, 3307077.163261427544057 ], [ 562115.382288750610314, 3306482.231133317109197 ], [ 562072.791328521445394, 3307130.391988776624203 ], [ 562240.909606005530804, 3306482.934164530131966 ], [ 562496.902624735375866, 3306322.506362549494952 ], [ 562135.004265266587026, 3306426.934325949754566 ], [ 561385.655374214868061, 3307081.060025172308087 ], [ 561494.087047882610932, 3307077.163261427544057 ] ] ], [ [ [ 563191.35571413510479, 3305887.353630866855383 ], [ 562968.562222150503658, 3305877.563925312366337 ], [ 562903.136173852835782, 3306067.946123440284282 ], [ 563191.35571413510479, 3305887.353630866855383 ] ] ], [ [ [ 563888.414920635870658, 3305450.645470328629017 ], [ 563987.300118415965699, 3305975.264166185632348 ], [ 564014.529056582017802, 3305351.639520552940667 ], [ 564431.770992205711082, 3305010.530190021730959 ], [ 565310.973119080415927, 3304949.176556675694883 ], [ 565547.280690688057803, 3304768.191311737056822 ], [ 565243.371821871493012, 3304948.779300179798156 ], [ 564548.108868905459531, 3304933.636134892702103 ], [ 563676.344975822838023, 3305382.939516303595155 ], [ 563334.56048397521954, 3305797.629381936974823 ], [ 563888.414920635870658, 3305450.645470328629017 ] ] ], [ [ [ 566267.710176441818476, 3304844.028961070813239 ], [ 566458.93624756555073, 3305166.531955510843545 ], [ 566724.107343767536804, 3305325.430064186919481 ], [ 566507.222036738414317, 3305166.820969573687762 ], [ 566306.538339517544955, 3304811.016472737304866 ], [ 566404.611808396060951, 3304258.82617887435481 ], [ 566361.144335884717293, 3304284.648754619061947 ], [ 566267.710176441818476, 3304844.028961070813239 ] ] ], [ [ [ 568548.146262952825055, 3303084.837080424651504 ], [ 571035.436091482639313, 3302604.809359113685787 ], [ 570666.850964672164991, 3302566.193832225166261 ], [ 568364.557119151810184, 3303094.787872110493481 ], [ 567543.09045081178192, 3303582.596754758153111 ], [ 568548.146262952825055, 3303084.837080424651504 ] ] ], [ [ [ 570919.808989404002205, 3303797.849179639481008 ], [ 571085.861428230535239, 3305017.875814311672002 ], [ 571161.084919984801672, 3305158.876255659852177 ], [ 570938.48920396505855, 3303897.701852573081851 ], [ 571342.588646213058382, 3302636.99833793239668 ], [ 571204.636774951359257, 3302622.540180957876146 ], [ 570919.808989404002205, 3303797.849179639481008 ] ] ], [ [ [ 571524.819252181332558, 3305840.727063721045852 ], [ 571375.837853288743645, 3306482.497840878553689 ], [ 571609.299404791789129, 3306218.04403630644083 ], [ 571544.346736331353895, 3305807.608236733358353 ], [ 571306.32847689720802, 3305431.135718523990363 ], [ 571524.819252181332558, 3305840.727063721045852 ] ] ], [ [ [ 568997.06719063653145, 3307010.452479074243456 ], [ 569241.912358664209023, 3307086.064874616451561 ], [ 568997.20494954905007, 3306988.290349254850298 ], [ 568889.64665299130138, 3306909.585201776586473 ], [ 568997.06719063653145, 3307010.452479074243456 ] ] ], [ [ [ 570278.806465339148417, 3307406.34725469071418 ], [ 570415.105123136425391, 3307229.906643234658986 ], [ 570202.126750329625793, 3307382.657971027772874 ], [ 570278.806465339148417, 3307406.34725469071418 ] ] ], [ [ [ 564141.4046053661732, 3306792.948549953754991 ], [ 564329.137184986495413, 3306957.543795726727694 ], [ 564041.20350287319161, 3306261.262497791554779 ], [ 564141.4046053661732, 3306792.948549953754991 ] ] ], [ [ [ 564612.147754111210816, 3307205.689853517804295 ], [ 568066.324809635756537, 3307625.268617713823915 ], [ 569337.883442712947726, 3308098.564210201147944 ], [ 568076.183779837796465, 3307592.084653528872877 ], [ 564460.855335675762035, 3307073.033067832700908 ], [ 564612.147754111210816, 3307205.689853517804295 ] ] ], [ [ [ 562030.950655346387066, 3307767.193309505004436 ], [ 562140.401131263235584, 3307944.161056583281606 ], [ 562047.621108623454347, 3307513.467523857485503 ], [ 562030.950655346387066, 3307767.193309505004436 ] ] ], [ [ [ 562406.12267674645409, 3308373.828378935344517 ], [ 562414.027194887632504, 3308323.408934789709747 ], [ 562801.769278079969808, 3308048.562922214623541 ], [ 564119.582041277782992, 3308898.28628590144217 ], [ 562879.257218388840556, 3308004.676325082313269 ], [ 562207.682755357120186, 3308052.950470045674592 ], [ 562406.12267674645409, 3308373.828378935344517 ] ] ], [ [ [ 562255.017720540170558, 3309131.454771971795708 ], [ 562635.46769946324639, 3310142.002492503263056 ], [ 559967.530435610562563, 3310825.375570476986468 ], [ 562296.624586698715575, 3310317.395564094185829 ], [ 562236.558931841398589, 3310526.636352210771292 ], [ 562644.744805199559778, 3310208.543247402645648 ], [ 562792.119700061739422, 3310307.352687754668295 ], [ 562693.133685096516274, 3310186.653981622774154 ], [ 562542.904597405344248, 3309348.706443083006889 ], [ 562283.854199759545736, 3309153.779399950988591 ], [ 562316.432637975784019, 3308945.951483785174787 ], [ 562255.017720540170558, 3309131.454771971795708 ] ] ], [ [ [ 563648.563764855731279, 3310225.341992569621652 ], [ 564662.765297032194212, 3311771.532263439148664 ], [ 563648.81822303449735, 3310181.017798755783588 ], [ 563080.318016505101696, 3309753.134367987979203 ], [ 563648.563764855731279, 3310225.341992569621652 ] ] ], [ [ [ 563250.93883938959334, 3311055.701453233137727 ], [ 563268.313387793023139, 3310888.05016161641106 ], [ 563198.526721241185442, 3310802.943162682466209 ], [ 563250.93883938959334, 3311055.701453233137727 ] ] ], [ [ [ 563146.931268188403919, 3311862.522948418278247 ], [ 562526.998271646094508, 3312257.938267803750932 ], [ 563166.170655970927328, 3311873.714038983453065 ], [ 563221.450261370278895, 3311340.254134821239859 ], [ 563146.931268188403919, 3311862.522948418278247 ] ] ], [ [ [ 561801.376142042805441, 3310846.529877473134547 ], [ 561656.565143041079864, 3312585.501902800053358 ], [ 561840.046540002105758, 3310835.664170872885734 ], [ 561863.508371391799301, 3310817.377975060138851 ], [ 561801.376142042805441, 3310846.529877473134547 ] ] ], [ [ [ 560212.106467847130261, 3303103.044379339553416 ], [ 560409.054405569680966, 3305963.076540624257177 ], [ 560484.791917093330994, 3306064.422297556418926 ], [ 560212.106467847130261, 3303103.044379339553416 ] ] ] ] } },
{ "type": "Feature", "properties": { "t": "lake" }, "geometry": { "type": "Polygon", "coordinates": [ [ [ 565086.579994364292361, 3311918.072735208552331 ], [ 564740.623765480704606, 3311661.172267847694457 ], [ 565007.6144322816981, 3312216.808952852152288 ], [ 565086.579994364292361, 3311918.072735208552331 ] ] ] } },
{ "type": "Feature", "properties": { "t": "lake" }, "geometry": { "type": "Polygon", "coordinates": [ [ [ 555257.906505454913713, 3310679.003145270980895 ], [ 555353.875143970944919, 3310790.294387478381395 ], [ 555345.606148084043525, 3310513.222058773972094 ], [ 555257.906505454913713, 3310679.003145270980895 ] ] ] } },
{ "type": "Feature", "properties": { "t": "river" }, "geometry": { "type": "Polygon", "coordinates": [ [ [ 567522.068606749060564, 3308209.261709462385625 ], [ 567264.956449358374812, 3307620.382355665788054 ], [ 567568.586569770239294, 3308497.663344866596162 ], [ 567522.068606749060564, 3308209.261709462385625 ] ] ] } },
{ "type": "Feature", "properties": { "t": "river" }, "geometry": { "type": "Polygon", "coordinates": [ [ [ 571081.32988440641202, 3307234.153321312740445 ], [ 571406.049769732635468, 3307790.315770396497101 ], [ 571839.446827857405879, 3307959.336748817935586 ], [ 571081.32988440641202, 3307234.153321312740445 ] ] ] } },
{ "type": "Feature", "properties": { "t": "lake" }, "geometry": { "type": "Polygon", "coordinates": [ [ [ 572186.659865020075813, 3308016.998079826589674 ], [ 571754.344792814226821, 3307681.746704183984548 ], [ 571839.446827857405879, 3307959.336748817935586 ], [ 572186.659865020075813, 3308016.998079826589674 ] ] ] } },
{ "type": "Feature", "properties": { "t": "lake" }, "geometry": { "type": "Polygon", "coordinates": [ [ [ 555776.145372583414428, 3307434.799472572281957 ], [ 555496.038741876604035, 3307455.557654589414597 ], [ 556064.116836667060852, 3307768.686762845143676 ], [ 555776.145372583414428, 3307434.799472572281957 ] ] ] } },
{ "type": "Feature", "properties": { "t": "lake" }, "geometry": { "type": "Polygon", "coordinates": [ [ [ 570783.283425545319915, 3307032.780831658747047 ], [ 570743.389723098953255, 3307231.994210679549724 ], [ 571061.87712019123137, 3307256.1918562236242 ], [ 570783.283425545319915, 3307032.780831658747047 ] ] ] } },
{ "type": "Feature", "properties": { "t": "river" }, "geometry": { "type": "Polygon", "coordinates": [ [ [ 555622.831127330195159, 3307201.324894006829709 ], [ 555691.918866848107427, 3306902.479117910377681 ], [ 555564.955221493844874, 3307189.953806452918798 ], [ 555622.831127330195159, 3307201.324894006829709 ] ] ] } },
{ "type": "Feature", "properties": { "t": "river" }, "geometry": { "type": "Polygon", "coordinates": [ [ [ 570734.581705519813113, 3307098.959598818328232 ], [ 570589.959929762873799, 3307064.794305413961411 ], [ 570396.075393111212179, 3307185.459804380312562 ], [ 570734.581705519813113, 3307098.959598818328232 ] ] ] } },
{ "type": "Feature", "properties": { "t": "river" }, "geometry": { "type": "MultiPolygon", "coordinates": [ [ [ [ 561048.872790776193142, 3305512.242996984627098 ], [ 561408.720815951470286, 3306799.657818709500134 ], [ 561484.686534675187431, 3306809.425613267347217 ], [ 561050.466404763399623, 3305507.245506319683045 ], [ 561048.872790776193142, 3305512.242996984627098 ] ] ], [ [ [ 561388.061285228002816, 3307043.332419699989259 ], [ 561533.384442694368772, 3306955.486560539808124 ], [ 561528.93142061016988, 3306942.130314707290381 ], [ 561388.061285228002816, 3307043.332419699989259 ] ] ] ] } },
{ "type": "Feature", "properties": { "t": "river" }, "geometry": { "type": "Polygon", "coordinates": [ [ [ 571344.661904006963596, 3306825.82542337756604 ], [ 571278.707758376840502, 3306570.526163508649915 ], [ 571267.913533353595994, 3306747.761592726223171 ], [ 571344.661904006963596, 3306825.82542337756604 ] ] ] } },
{ "type": "Feature", "properties": { "t": "river" }, "geometry": { "type": "MultiPolygon", "coordinates": [ [ [ [ 550553.092119211563841, 3303099.24369956087321 ], [ 550826.477664607344195, 3302936.651315130293369 ], [ 550234.153674702276476, 3303142.121874568518251 ], [ 550542.224094414385036, 3303365.139146682806313 ], [ 550499.914092717459425, 3304173.863010853063315 ], [ 550560.784955901210196, 3303531.439163770992309 ], [ 550553.092119211563841, 3303099.24369956087321 ] ] ], [ [ [ 551201.653049359796569, 3302713.539420010522008 ], [ 551189.967014371999539, 3302686.386514286976308 ], [ 551153.722962929867208, 3302742.041614832356572 ], [ 551201.653049359796569, 3302713.539420010522008 ] ] ] ] } },
{ "type": "Feature", "properties": { "t": "lake" }, "geometry": { "type": "Polygon", "coordinates": [ [ [ 561919.441531317541376, 3303522.430879401043057 ], [ 561970.637733364827, 3303001.896569550503045 ], [ 561648.204015773488209, 3303664.979513528756797 ], [ 561919.441531317541376, 3303522.430879401043057 ] ] ] } },
{ "type": "Feature", "properties": { "t": "river" }, "geometry": { "type": "MultiPolygon", "coordinates": [ [ [ [ 548493.615143082570285, 3301372.515536060556769 ], [ 548780.456544359680265, 3302049.709709539078176 ], [ 548744.052145897992887, 3301539.824897659942508 ], [ 549688.06537269661203, 3302142.376282301731408 ], [ 550185.86021794215776, 3303141.903725431766361 ], [ 550340.098181306384504, 3303209.08736761379987 ], [ 549717.143122106324881, 3302120.344247472006828 ], [ 550042.563399501261301, 3302022.780174409039319 ], [ 548493.615143082570285, 3301372.515536060556769 ] ], [ [ 548908.078367583104409, 3301584.868913379032165 ], [ 548869.340873589157127, 3301606.860593645367771 ], [ 548782.789614923996851, 3301517.832783230580389 ], [ 548908.078367583104409, 3301584.868913379032165 ] ] ], [ [ [ 550336.208659745519981, 3301934.752178171183914 ], [ 551521.626100586727262, 3300444.243045391049236 ], [ 550139.467495864490047, 3301993.72957820771262 ], [ 550336.208659745519981, 3301934.752178171183914 ] ] ] ] } },
{ "type": "Feature", "properties": { "t": "river" }, "geometry": { "type": "Polygon", "coordinates": [ [ [ 560126.794996773940511, 3302803.389541155193001 ], [ 560060.019276515813544, 3302647.891512985341251 ], [ 560106.937540704384446, 3302903.013154796790332 ], [ 560126.794996773940511, 3302803.389541155193001 ] ] ] } },
{ "type": "Feature", "properties": { "t": "lake" }, "geometry": { "type": "Polygon", "coordinates": [ [ [ 559693.80076803243719, 3302490.782204036600888 ], [ 559578.244463702430949, 3302423.675150650087744 ], [ 559537.589091387228109, 3302800.218372433912009 ], [ 559693.80076803243719, 3302490.782204036600888 ] ] ] } },
{ "type": "Feature", "properties": { "t": "river" }, "geometry": { "type": "Polygon", "coordinates": [ [ [ 572165.654979453189299, 3302332.028321303427219 ], [ 571624.925229932065122, 3302295.287483572028577 ], [ 571353.243699999060482, 3302481.925928728654981 ], [ 572165.654979453189299, 3302332.028321303427219 ] ] ] } },
{ "type": "Feature", "properties": { "t": "river" }, "geometry": { "type": "Polygon", "coordinates": [ [ [ 549214.502115308772773, 3302195.675194394774735 ], [ 549435.537524082814343, 3302451.518764545675367 ], [ 549138.988830339279957, 3301796.425509064458311 ], [ 549214.502115308772773, 3302195.675194394774735 ] ] ] } },
{ "type": "Feature", "properties": { "t": "river" }, "geometry": { "type": "MultiPolygon", "coordinates": [ [ [ [ 555930.271548805059865, 3301750.939660114236176 ], [ 556049.37401586654596, 3301119.915733599103987 ], [ 556296.416606077458709, 3300814.542352827265859 ], [ 556026.791443386115134, 3301130.075229569803923 ], [ 555930.271548805059865, 3301750.939660114236176 ] ] ], [ [ [ 557235.377766894642264, 3300147.345561334397644 ], [ 555679.433808128815144, 3299755.083494775928557 ], [ 556556.621689373627305, 3300158.426349031738937 ], [ 554935.075911619933322, 3301790.303536415565759 ], [ 556478.824596372782253, 3300257.761156613007188 ], [ 556846.40603276505135, 3300170.984084933530539 ], [ 556507.993632137775421, 3300566.958134887740016 ], [ 557235.377766894642264, 3300147.345561334397644 ] ] ], [ [ [ 557572.15459318307694, 3299953.092833038419485 ], [ 557585.886539797415026, 3299166.404507760424167 ], [ 557983.827573034795932, 3298824.95559948682785 ], [ 558104.620958311483264, 3298832.737387447617948 ], [ 557710.069065499119461, 3298600.816536891739815 ], [ 557867.93468644132372, 3298813.271486020181328 ], [ 557537.288968347827904, 3299221.558765960391611 ], [ 557563.352764144539833, 3299786.830467383377254 ], [ 557414.073304063407704, 3300044.271946460939944 ], [ 557572.15459318307694, 3299953.092833038419485 ] ] ], [ [ [ 557065.377138421521522, 3297454.978662835434079 ], [ 557100.840100054978393, 3297656.877545620780438 ], [ 556067.957141912425868, 3297430.008936914149672 ], [ 555056.661713513778523, 3296737.940561621449888 ], [ 556038.798722058767453, 3297463.10536361951381 ], [ 557033.025079928222112, 3297689.773311183322221 ], [ 557367.049170412938111, 3298139.21814699890092 ], [ 557065.377138421521522, 3297454.978662835434079 ] ] ], [ [ [ 556660.230751521303318, 3294984.094432584941387 ], [ 557308.425452561816201, 3292992.822677753865719 ], [ 557191.84634738555178, 3293103.034561317414045 ], [ 556631.233188113663346, 3294983.947096425574273 ], [ 556737.184692150913179, 3295586.883865549229085 ], [ 556660.230751521303318, 3294984.094432584941387 ] ] ], [ [ [ 559342.7023031959543, 3299496.984897981863469 ], [ 559732.094952825806104, 3298956.091053320094943 ], [ 562378.927193279145285, 3299092.500857491511852 ], [ 560878.129968428402208, 3301422.325170957483351 ], [ 561763.986852086964063, 3300208.2741225566715 ], [ 561981.383655348792672, 3301073.818834824021906 ], [ 561803.063233293476515, 3300130.922561057377607 ], [ 562388.341154109686613, 3299136.878474880475551 ], [ 563899.480973141733557, 3299936.455766439437866 ], [ 562417.700942758936435, 3299070.555766533128917 ], [ 561258.519560172921047, 3299008.71060709701851 ], [ 561069.477026871638373, 3298805.755011592060328 ], [ 561075.906108933733776, 3298830.408292962238193 ], [ 560930.300307399709709, 3298951.503421134315431 ], [ 559477.177359096123837, 3298937.606951623689383 ], [ 559342.7023031959543, 3299496.984897981863469 ] ] ], [ [ [ 560943.65280113730114, 3296817.120434090960771 ], [ 560932.095101040787995, 3296857.173174052033573 ], [ 560154.910582573502325, 3295811.324126934632659 ], [ 560931.549667247687466, 3296956.900533428881317 ], [ 560841.908864544820972, 3297443.981292550452054 ], [ 559742.912761169485748, 3296939.381782975979149 ], [ 559198.293046393897384, 3295761.87759678112343 ], [ 559723.465552226058207, 3296961.439759262371808 ], [ 560725.701870123739354, 3297487.671759875491261 ], [ 560992.815865391748957, 3298511.795489261858165 ], [ 560943.65280113730114, 3296817.120434090960771 ] ] ], [ [ [ 561335.222550071193837, 3295607.215541165787727 ], [ 561714.380951479193754, 3295210.387269176077098 ], [ 561276.925677393330261, 3295662.300581740215421 ], [ 561047.030780742294155, 3296458.881045477464795 ], [ 561335.222550071193837, 3295607.215541165787727 ] ] ], [ [ [ 564103.068341838545166, 3300044.203012260142714 ], [ 564856.994126469595358, 3299993.165088966023177 ], [ 564842.103049151017331, 3300131.03578461939469 ], [ 565061.349065128015354, 3300098.567052058409899 ], [ 564761.151657294831239, 3299859.631534278392792 ], [ 564076.20377367909532, 3300029.984784292522818 ], [ 564103.068341838545166, 3300044.203012260142714 ] ] ], [ [ [ 566674.244915906456299, 3299859.84734458103776 ], [ 567712.23450149805285, 3299179.070954446680844 ], [ 568937.858921722741798, 3297867.911666682455689 ], [ 570253.219325105194002, 3297698.829277974087745 ], [ 571126.561797197675332, 3297139.220884089823812 ], [ 572227.309224361786619, 3298786.356032217852771 ], [ 571319.491226790240034, 3297195.861378134228289 ], [ 571512.354788164258935, 3295756.516350359190255 ], [ 571105.717313282191753, 3294346.581536856945604 ], [ 570597.805071887094527, 3293645.230372540187091 ], [ 570818.150433480972424, 3292438.762700061313808 ], [ 570302.484671592828818, 3291416.02292440040037 ], [ 570759.438127616769634, 3292549.203408604953438 ], [ 570539.941864855238236, 3293622.701636224985123 ], [ 571066.909567424678244, 3294368.496853365097195 ], [ 571464.31192554696463, 3295711.882668752223253 ], [ 571272.446501151891425, 3296996.095101236831397 ], [ 570224.367940738913603, 3297676.484566789120436 ], [ 568560.981052946182899, 3297865.585174146108329 ], [ 568075.724945198395289, 3296621.500504333991557 ], [ 567962.110550410114229, 3294648.336683185305446 ], [ 568046.595785327954218, 3296643.485190548468381 ], [ 568560.708188164629973, 3297909.908865149132907 ], [ 568306.194729992887005, 3298440.249290174804628 ], [ 567751.153786474722438, 3299134.982394188642502 ], [ 566597.017056037322618, 3299848.30360778234899 ], [ 565996.43930697045289, 3299960.137569859623909 ], [ 566674.244915906456299, 3299859.84734458103776 ] ] ], [ [ [ 564724.237190502230078, 3301222.415553485974669 ], [ 563356.544179375749081, 3302189.693700371310115 ], [ 563182.165934652090073, 3302277.35173616791144 ], [ 563879.059131027082913, 3302037.54505259077996 ], [ 564850.341266094590537, 3301134.499612377025187 ], [ 564788.62113745091483, 3300626.228687804657966 ], [ 564724.237190502230078, 3301222.415553485974669 ] ] ] ] } },
{ "type": "Feature", "properties": { "t": "river" }, "geometry": { "type": "Polygon", "coordinates": [ [ [ 548417.201673538191244, 3301172.725211169105023 ], [ 548215.678460391005501, 3300861.582951847463846 ], [ 548512.452246183063835, 3301483.407404064200819 ], [ 548417.201673538191244, 3301172.725211169105023 ] ] ] } },
{ "type": "Feature", "properties": { "t": "river" }, "geometry": { "type": "Polygon", "coordinates": [ [ [ 548083.063155175652355, 3300251.556632412131876 ], [ 548234.615395519882441, 3300950.312719610985368 ], [ 548417.249905211851001, 3301161.644454400986433 ], [ 548083.063155175652355, 3300251.556632412131876 ] ] ] } },
{ "type": "Feature", "properties": { "t": "river" }, "geometry": { "type": "Polygon", "coordinates": [ [ [ 563882.312822584062815, 3296419.369392123073339 ], [ 564690.530073720263317, 3295382.397652404382825 ], [ 563833.925775877549313, 3296430.173299133311957 ], [ 563380.974986793007702, 3299596.816899341996759 ], [ 563882.312822584062815, 3296419.369392123073339 ] ] ] } },
{ "type": "Feature", "properties": { "t": "river" }, "geometry": { "type": "Polygon", "coordinates": [ [ [ 548503.515875995741226, 3299100.963126256596297 ], [ 549190.21638858364895, 3298948.843141599558294 ], [ 548088.520836731884629, 3298988.353352760430425 ], [ 548503.515875995741226, 3299100.963126256596297 ] ] ] } },
{ "type": "Feature", "properties": { "t": "lake" }, "geometry": { "type": "Polygon", "coordinates": [ [ [ 549365.169980235397816, 3298716.917669766582549 ], [ 549085.982689540018328, 3298482.983527552802116 ], [ 549238.969078193418682, 3298849.330149607732892 ], [ 549365.169980235397816, 3298716.917669766582549 ] ] ] } },
{ "type": "Feature", "properties": { "t": "river" }, "geometry": { "type": "Polygon", "coordinates": [ [ [ 548694.946526639629155, 3297306.688788540661335 ], [ 549454.079272184986621, 3296102.213276654016227 ], [ 548685.428076588083059, 3297273.404445056803524 ], [ 548094.981418839422986, 3297492.457531896885484 ], [ 548694.946526639629155, 3297306.688788540661335 ] ] ] } },
{ "type": "Feature", "properties": { "t": "river" }, "geometry": { "type": "Polygon", "coordinates": [ [ [ 548694.946526639629155, 3297306.688788540661335 ], [ 549404.871025165077299, 3296301.451365920249373 ], [ 549484.45125481847208, 3295792.082729671616107 ], [ 549434.946299893897958, 3296057.8047567140311 ], [ 548694.946526639629155, 3297306.688788540661335 ] ] ] } },
{ "type": "Feature", "properties": { "t": "river" }, "geometry": { "type": "Polygon", "coordinates": [ [ [ 549435.634433947037905, 3295902.675128658302128 ], [ 549842.355961041292176, 3295727.192104852758348 ], [ 549561.821036928449757, 3295781.345612750854343 ], [ 549435.634433947037905, 3295902.675128658302128 ] ] ] } },
{ "type": "Feature", "properties": { "t": "river" }, "geometry": { "type": "Polygon", "coordinates": [ [ [ 549716.264505407889374, 3295826.357109243515879 ], [ 550133.107139203348197, 3295551.201519895344973 ], [ 549842.355961041292176, 3295727.192104852758348 ], [ 549716.264505407889374, 3295826.357109243515879 ] ] ] } },
{ "type": "Feature", "properties": { "t": "river" }, "geometry": { "type": "Polygon", "coordinates": [ [ [ 550512.563574429950677, 3294998.868964043911546 ], [ 550766.34556793840602, 3294457.057085008826107 ], [ 550016.924894590862095, 3295595.003203998319805 ], [ 550512.563574429950677, 3294998.868964043911546 ] ] ] } },
{ "type": "Feature", "properties": { "t": "lake" }, "geometry": { "type": "Polygon", "coordinates": [ [ [ 561999.308321728371084, 3294380.882735556457192 ], [ 561795.207475285627879, 3294579.210179047659039 ], [ 561979.051555494894274, 3294546.987154759932309 ], [ 561999.308321728371084, 3294380.882735556457192 ] ] ] } },
{ "type": "Feature", "properties": { "t": "lake" }, "geometry": { "type": "Polygon", "coordinates": [ [ [ 551058.920012420858257, 3293893.266650010365993 ], [ 550895.040719692362472, 3293792.789507620967925 ], [ 550459.031546544167213, 3294012.426285165827721 ], [ 550727.630215259734541, 3294467.961796347051859 ], [ 551058.920012420858257, 3293893.266650010365993 ] ] ] } },
{ "type": "Feature", "properties": { "t": "lake" }, "geometry": { "type": "Polygon", "coordinates": [ [ [ 556183.078955622855574, 3293762.768519878853112 ], [ 556172.742356508970261, 3293895.688475233502686 ], [ 556346.856581885949709, 3293874.404759166296571 ], [ 556183.078955622855574, 3293762.768519878853112 ] ] ] } },
{ "type": "Feature", "properties": { "t": "river" }, "geometry": { "type": "Polygon", "coordinates": [ [ [ 566529.47569405019749, 3291736.416526971850544 ], [ 567400.101353303994983, 3293270.849769679363817 ], [ 567181.018294241977856, 3292726.547797641251236 ], [ 566529.47569405019749, 3291736.416526971850544 ] ] ] } },
{ "type": "Feature", "properties": { "t": "river" }, "geometry": { "type": "Polygon", "coordinates": [ [ [ 560537.946512594236992, 3292910.14944972936064 ], [ 561944.993156629381701, 3291975.978975391481072 ], [ 561652.733343145810068, 3292373.280049977824092 ], [ 563058.690933347330429, 3291660.863321159500629 ], [ 561935.570581486448646, 3291931.602298793848604 ], [ 560858.491840219357982, 3292634.86621417850256 ], [ 560537.946512594236992, 3292910.14944972936064 ] ] ] } },
{ "type": "Feature", "properties": { "t": "lake" }, "geometry": { "type": "Polygon", "coordinates": [ [ [ 556131.377150073647499, 3292510.356318208388984 ], [ 555938.683891706168652, 3292376.416967673692852 ], [ 555860.39606632955838, 3292564.401368468534201 ], [ 556131.377150073647499, 3292510.356318208388984 ] ] ] } },
{ "type": "Feature", "properties": { "t": "lake" }, "geometry": { "type": "Polygon", "coordinates": [ [ [ 516776.316677810158581, 3316127.602540936786681 ], [ 516651.054212503309827, 3316027.685920780990273 ], [ 516583.291219175851438, 3316182.715609211474657 ], [ 516776.316677810158581, 3316127.602540936786681 ] ] ] } },
{ "type": "Feature", "properties": { "t": "lake" }, "geometry": { "type": "Polygon", "coordinates": [ [ [ 523329.124455466750078, 3314998.151774878613651 ], [ 523241.75598665868165, 3315252.82756067533046 ], [ 523396.216323462489527, 3315208.829618003685027 ], [ 523329.124455466750078, 3314998.151774878613651 ] ] ] } },
{ "type": "Feature", "properties": { "t": "lake" }, "geometry": { "type": "Polygon", "coordinates": [ [ [ 502991.896677144104615, 3311317.328654149547219 ], [ 503406.898318582447246, 3311328.529163412749767 ], [ 503426.255670851562172, 3311151.243968951515853 ], [ 502991.896677144104615, 3311317.328654149547219 ] ] ] } },
{ "type": "Feature", "properties": { "t": "river" }, "geometry": { "type": "MultiPolygon", "coordinates": [ [ [ [ 468514.051292262680363, 3219972.281390602700412 ], [ 468533.632884058868513, 3220016.545601728372276 ], [ 468522.133853433246259, 3220023.134436126798391 ], [ 468700.282249547191896, 3220470.348743441980332 ], [ 469148.317835441383068, 3220646.405597251839936 ], [ 469237.297818427032325, 3221155.001447275280952 ], [ 469265.129779729002621, 3220668.250642875675112 ], [ 469222.487539648194797, 3220652.195032855961472 ], [ 469206.842978611995932, 3220701.645656725391746 ], [ 469167.746770317433402, 3220635.27379442891106 ], [ 469171.124423152767122, 3220632.856118185445666 ], [ 468797.637872891093139, 3220492.242214385885745 ], [ 468396.344754684367217, 3219629.140976907685399 ], [ 467381.467302421922795, 3218601.590952465776354 ], [ 467714.634549624461215, 3219420.530474548228085 ], [ 467684.381334214762319, 3219043.912835629656911 ], [ 468347.571142029715702, 3219584.957589082419872 ], [ 468495.649790217343252, 3219956.653427261859179 ], [ 468514.051292262680363, 3219972.281390602700412 ] ] ], [ [ [ 469247.128474548633676, 3221211.194681272376329 ], [ 469703.20334454375552, 3221291.413680030498654 ], [ 469237.451896654907614, 3221155.882173122372478 ], [ 469247.128474548633676, 3221211.194681272376329 ] ] ], [ [ [ 469900.216347376583144, 3221685.878660676069558 ], [ 469840.911865023779683, 3221331.490458610001951 ], [ 469745.664611080137547, 3221303.77081203693524 ], [ 469900.216347376583144, 3221685.878660676069558 ] ] ] ] } },
{ "type": "Feature", "properties": { "t": "river" }, "geometry": { "type": "Polygon", "coordinates": [ [ [ 467068.257695454987697, 3217970.955344488378614 ], [ 466610.385667915339582, 3217806.086923389229923 ], [ 466550.767078262695577, 3217385.240188529714942 ], [ 466561.72663729469059, 3217806.228684877511114 ], [ 467068.353139250946697, 3218004.193526518996805 ], [ 467332.937943661701865, 3218646.047081127762794 ], [ 467068.257695454987697, 3217970.955344488378614 ] ] ] } },
{ "type": "Feature", "properties": { "t": "river" }, "geometry": { "type": "Polygon", "coordinates": [ [ [ 465181.86163858580403, 3218486.184812781400979 ], [ 465318.065489303029608, 3218474.69251697184518 ], [ 465201.256870840559714, 3218463.966904039029032 ], [ 465181.86163858580403, 3218486.184812781400979 ] ] ] } },
{ "type": "Feature", "properties": { "t": "river" }, "geometry": { "type": "Polygon", "coordinates": [ [ [ 465823.529002278752159, 3218284.823195420671254 ], [ 465910.815233831002843, 3218184.847855826839805 ], [ 465891.286345328844618, 3218162.746920661535114 ], [ 465784.603377320803702, 3218284.939274496864527 ], [ 465823.529002278752159, 3218284.823195420671254 ] ] ] } },
{ "type": "Feature", "properties": { "t": "river" }, "geometry": { "type": "Polygon", "coordinates": [ [ [ 466403.519211053731851, 3216953.570746588055044 ], [ 467014.789204794797115, 3216531.541356781963259 ], [ 467034.860352012445219, 3216508.560648686718196 ], [ 467034.886513200879563, 3216517.666982067748904 ], [ 467112.596561312151607, 3216464.01973770186305 ], [ 467296.006924298708327, 3215931.681658138986677 ], [ 467054.135296832770109, 3216442.028513226192445 ], [ 466364.58908682706533, 3216953.68481384916231 ], [ 466482.641932115657255, 3217385.439042841084301 ], [ 466403.519211053731851, 3216953.570746588055044 ] ] ] } },
{ "type": "Feature", "properties": { "t": "river" }, "geometry": { "type": "Polygon", "coordinates": [ [ [ 467421.723374600929674, 3215643.258462187834084 ], [ 467324.07163776474772, 3215532.741570396814495 ], [ 467324.891677904059179, 3215820.804879687726498 ], [ 467421.723374600929674, 3215643.258462187834084 ] ] ] } },
{ "type": "Feature", "properties": { "t": "river" }, "geometry": { "type": "Polygon", "coordinates": [ [ [ 467323.567031109938398, 3215355.471896909642965 ], [ 467187.356057211349253, 3215378.019315992482007 ], [ 467324.13471538759768, 3215554.900282546877861 ], [ 467323.567031109938398, 3215355.471896909642965 ] ] ] } },
{ "type": "Feature", "properties": { "t": "river" }, "geometry": { "type": "Polygon", "coordinates": [ [ [ 467711.582303308648989, 3214877.958274029195309 ], [ 467360.896199414855801, 3214790.314343168865889 ], [ 467662.942102478118613, 3214889.174594082869589 ], [ 467323.567031109938398, 3215355.471896909642965 ], [ 467711.582303308648989, 3214877.958274029195309 ] ] ] } },
{ "type": "Feature", "properties": { "t": "river" }, "geometry": { "type": "MultiPolygon", "coordinates": [ [ [ [ 465333.774025834340136, 3214009.614505002740771 ], [ 464972.901907431194559, 3213789.12040196172893 ], [ 464834.539962791488506, 3213113.697040562517941 ], [ 465047.884960098774172, 3212836.060153509024531 ], [ 464785.62326062831562, 3213036.290788824204355 ], [ 464993.149036754970439, 3214043.886018560733646 ], [ 465255.927251214918215, 3214020.929181635845453 ], [ 465383.885238110786304, 3214485.879702699836344 ], [ 465439.158863986027427, 3214482.567197666037828 ], [ 465333.774025834340136, 3214009.614505002740771 ] ] ], [ [ [ 465967.864551676786505, 3214450.895826500840485 ], [ 466251.407010900729802, 3214871.077950370963663 ], [ 466283.363455347542185, 3214861.359868538100272 ], [ 465928.6958220184315, 3214373.455854093190283 ], [ 465516.711625975207426, 3214477.919973424635828 ], [ 465967.864551676786505, 3214450.895826500840485 ] ] ], [ [ [ 467067.624353591178078, 3214622.896146759856492 ], [ 467039.121698645874858, 3214602.883116587530822 ], [ 466507.651473580452148, 3214793.15596550097689 ], [ 467067.624353591178078, 3214622.896146759856492 ] ] ] ] } },
{ "type": "Feature", "properties": { "t": "river" }, "geometry": { "type": "Polygon", "coordinates": [ [ [ 475322.89421996177407, 3214449.140767087228596 ], [ 475010.205985483189579, 3213906.928991621360183 ], [ 474278.563585928524844, 3213232.7041608504951 ], [ 474462.50629138678778, 3212766.961788887623698 ], [ 474239.596224533161148, 3213221.712130330502987 ], [ 475176.851381530228537, 3214438.376183109357953 ], [ 475322.89421996177407, 3214449.140767087228596 ] ] ] } },
{ "type": "Feature", "properties": { "t": "river" }, "geometry": { "type": "Polygon", "coordinates": [ [ [ 464502.461656467756256, 3212771.255569411907345 ], [ 464181.585018921992742, 3212905.204646714963019 ], [ 464385.97194288962055, 3212882.410437033046037 ], [ 464502.461656467756256, 3212771.255569411907345 ] ] ] } },
{ "type": "Feature", "properties": { "t": "river" }, "geometry": { "type": "MultiPolygon", "coordinates": [ [ [ [ 464364.095047189970501, 3212106.917723775841296 ], [ 465114.958100126124918, 3211411.007564360741526 ], [ 464383.328031262208242, 3212029.302099370397627 ], [ 464103.281812293222174, 3212772.495673888828605 ], [ 464364.095047189970501, 3212106.917723775841296 ] ] ], [ [ [ 466634.201785303535871, 3210652.960520331282169 ], [ 466618.751737842161674, 3210637.668507480993867 ], [ 466646.038174135726877, 3210647.281037740409374 ], [ 467270.369928070984315, 3210347.731810799334198 ], [ 465607.072104767488781, 3210995.190369149670005 ], [ 465194.184122753038537, 3211344.06116504361853 ], [ 466634.201785303535871, 3210652.960520331282169 ] ] ] ] } },
{ "type": "Feature", "properties": { "t": "river" }, "geometry": { "type": "Polygon", "coordinates": [ [ [ 465086.627107896027155, 3212769.46577928494662 ], [ 465047.312043841462582, 3212647.711562116164714 ], [ 464444.045099977985956, 3212771.436181885190308 ], [ 465086.627107896027155, 3212769.46577928494662 ] ] ] } },
{ "type": "Feature", "properties": { "t": "river" }, "geometry": { "type": "MultiPolygon", "coordinates": [ [ [ [ 472419.25316874840064, 3209259.538954350631684 ], [ 471445.24229705426842, 3209217.59782348992303 ], [ 472448.496719014889095, 3209270.548186973202974 ], [ 472837.428855879057664, 3209003.720414376817644 ], [ 473130.407527453033254, 3209346.490504941437393 ], [ 474230.806894583220128, 3209299.656093335710466 ], [ 474509.532857640006114, 3210045.928739264141768 ], [ 474621.611821466940455, 3209863.83077644277364 ], [ 474289.438730086083524, 3209388.159169076476246 ], [ 475330.430343252955936, 3208887.312847886700183 ], [ 474337.91075168090174, 3209288.33742595417425 ], [ 473130.35577797179576, 3209324.332042563240975 ], [ 472846.854351316345856, 3208870.746707546990365 ], [ 472819.021442389872391, 3208896.052215330768377 ], [ 472886.072743900178466, 3208981.447110769804567 ], [ 472895.942469744477421, 3209036.8203034712933 ], [ 472774.808520183956716, 3208936.25070032896474 ], [ 472419.25316874840064, 3209259.538954350631684 ] ], [ [ 474474.280906886560842, 3209299.113347860053182 ], [ 474318.556463933200575, 3209343.777011794038117 ], [ 474445.0640267849667, 3209299.178205267526209 ], [ 474474.280906886560842, 3209299.113347860053182 ] ] ], [ [ [ 474489.255228617519606, 3211658.970184608828276 ], [ 474603.409348576969933, 3211864.195384666789323 ], [ 474720.628234417818021, 3210605.925195887684822 ], [ 474676.369674450659659, 3210536.806007963139564 ], [ 474489.255228617519606, 3211658.970184608828276 ] ] ], [ [ [ 474188.802709109440912, 3212280.082859907764941 ], [ 474248.028251349460334, 3212402.447234989609569 ], [ 474587.457669806608465, 3212035.449397799093276 ], [ 474590.518402573419735, 3212002.589561476837844 ], [ 474188.802709109440912, 3212280.082859907764941 ] ] ] ] } },
{ "type": "Feature", "properties": { "t": "river" }, "geometry": { "type": "Polygon", "coordinates": [ [ [ 467980.975142134469934, 3210246.017268504481763 ], [ 468225.01180354738608, 3210455.848277421202511 ], [ 468505.836961597553454, 3209878.949498882517219 ], [ 468913.896371937356889, 3209867.819212451111525 ], [ 468914.824397607124411, 3209866.757649704348296 ], [ 468917.393258169118781, 3209867.723893544636667 ], [ 469859.402277427259833, 3209842.085179717279971 ], [ 470384.256101696752012, 3209441.866265035234392 ], [ 471328.428927530650981, 3209240.046937760431319 ], [ 470374.431646736222319, 3209408.65359744662419 ], [ 469869.024726521223783, 3209797.742643088102341 ], [ 468534.870656833401881, 3209812.393961793277413 ], [ 468244.334889628924429, 3210400.398110821843147 ], [ 467854.099806350830477, 3210146.65694164391607 ], [ 467309.227942319354042, 3210314.383188887499273 ], [ 467980.975142134469934, 3210246.017268504481763 ] ] ] } },
{ "type": "Feature", "properties": { "t": "river" }, "geometry": { "type": "Polygon", "coordinates": [ [ [ 447486.993024116614833, 3222065.87257130490616 ], [ 447330.880201680236496, 3221966.870911451522261 ], [ 447243.783333844912704, 3222066.99045972712338 ], [ 447486.993024116614833, 3222065.87257130490616 ] ] ] } },
{ "type": "Feature", "properties": { "t": "river" }, "geometry": { "type": "Polygon", "coordinates": [ [ [ 440674.193433828942943, 3217777.961260307114571 ], [ 440498.497984471265227, 3217679.152111923322082 ], [ 440586.546967803617008, 3217767.335025606211275 ], [ 440674.193433828942943, 3217777.961260307114571 ] ] ] } },
{ "type": "Feature", "properties": { "t": "river" }, "geometry": { "type": "Polygon", "coordinates": [ [ [ 440216.494994740991388, 3217724.938195178750902 ], [ 440284.447132699540816, 3217691.344441412482411 ], [ 440390.695198036206421, 3217535.672899757511914 ], [ 440216.494994740991388, 3217724.938195178750902 ] ] ] } },
{ "type": "Feature", "properties": { "t": "river" }, "geometry": { "type": "Polygon", "coordinates": [ [ [ 422689.0168698784546, 3222206.442657669074833 ], [ 422756.145844829559792, 3222061.944198739714921 ], [ 422620.916290718538221, 3222206.902639389503747 ], [ 422689.0168698784546, 3222206.442657669074833 ] ] ] } },
{ "type": "Feature", "properties": { "t": "river" }, "geometry": { "type": "Polygon", "coordinates": [ [ [ 422737.660136961145326, 3222206.114347308408469 ], [ 422756.519531699537765, 3222117.343765608966351 ], [ 422689.0168698784546, 3222206.442657669074833 ], [ 422737.660136961145326, 3222206.114347308408469 ] ] ] } },
{ "type": "Feature", "properties": { "t": "river" }, "geometry": { "type": "Polygon", "coordinates": [ [ [ 423095.239206541562453, 3221849.134233451914042 ], [ 422756.519531699537765, 3222117.343765608966351 ], [ 423026.884489340125583, 3221949.611707687843591 ], [ 423050.251151353120804, 3221920.173288595862687 ], [ 423131.453150285757147, 3221842.9926054966636 ], [ 423095.239206541562453, 3221849.134233451914042 ] ] ] } },
{ "type": "Feature", "properties": { "t": "river" }, "geometry": { "type": "MultiPolygon", "coordinates": [ [ [ [ 425513.708958886680193, 3221212.650595801416785 ], [ 425192.275379509199411, 3221159.343515191227198 ], [ 423599.758193825022317, 3221749.305444162804633 ], [ 423603.506272880244069, 3221750.207959706895053 ], [ 423653.128167268354446, 3221732.210803966037929 ], [ 423692.211460045771673, 3221718.709162808489054 ], [ 423752.328391445160378, 3221709.714510459918529 ], [ 423845.565339684020728, 3221690.216099749319255 ], [ 423896.673480074328836, 3221691.718483459204435 ], [ 423968.833704730786849, 3221676.716981182340533 ], [ 424066.561849829566199, 3221637.481245678383857 ], [ 424104.150038255320396, 3221623.98417053045705 ], [ 424153.733739530667663, 3221611.986606060992926 ], [ 424280.023614121717401, 3221583.491646241862327 ], [ 424370.231796217209194, 3221577.487029480282217 ], [ 424454.437593684939202, 3221575.989542445167899 ], [ 424573.197788248129655, 3221560.996223212685436 ], [ 424639.345276014995761, 3221548.753404974937439 ], [ 424705.488048798695672, 3221517.258694993332028 ], [ 424750.577018168754876, 3221494.760193702299148 ], [ 424785.164629989070818, 3221479.761485435068607 ], [ 424917.454689934151247, 3221445.015408396720886 ], [ 424950.546331366989762, 3221442.014473426621407 ], [ 425043.748199299152475, 3221443.516419354826212 ], [ 425114.39519706874853, 3221437.521070027258247 ], [ 425179.04244533018209, 3221430.021103817038238 ], [ 425260.243933436577208, 3221398.528363733552396 ], [ 425350.453278978238814, 3221370.031414029654115 ], [ 425416.593893102835864, 3221351.782025323715061 ], [ 425485.739508149097674, 3221345.784912306815386 ], [ 425569.949187682708725, 3221350.285881150513887 ], [ 425646.588347639539279, 3221367.032006506808102 ], [ 425651.109568564628717, 3221368.859955671709031 ], [ 425513.708958886680193, 3221212.650595801416785 ] ] ], [ [ [ 422756.145844829559792, 3222061.944198739714921 ], [ 422978.24812319263583, 3222010.923355387989432 ], [ 422982.796476993418764, 3222005.156414587050676 ], [ 423013.401829475769773, 3221966.597889304626733 ], [ 422756.145844829559792, 3222061.944198739714921 ] ] ] ] } },
{ "type": "Feature", "properties": { "t": "river" }, "geometry": { "type": "Polygon", "coordinates": [ [ [ 426477.065801383228973, 3221228.58755892328918 ], [ 426622.652160907280631, 3221172.252555459272116 ], [ 426796.29563000932103, 3220938.455429903697222 ], [ 426477.065801383228973, 3221228.58755892328918 ] ] ] } },
{ "type": "Feature", "properties": { "t": "river" }, "geometry": { "type": "Polygon", "coordinates": [ [ [ 416577.375079869059846, 3217961.157895042095333 ], [ 416522.606478071189485, 3217922.785122284665704 ], [ 416934.001098101842217, 3218822.85063450364396 ], [ 416960.869009460730013, 3218501.320602334104478 ], [ 416449.401355386013165, 3217762.639832044951618 ], [ 416500.958629430853762, 3217875.427270408254117 ], [ 416577.375079869059846, 3217961.157895042095333 ] ] ] } },
{ "type": "Feature", "properties": { "t": "river" }, "geometry": { "type": "Polygon", "coordinates": [ [ [ 416280.470865842478815, 3217287.408643142785877 ], [ 415888.731070215348154, 3216682.898836228065193 ], [ 415940.253629299695604, 3216836.947237248066813 ], [ 415979.965481548919342, 3216955.270987196825445 ], [ 416280.470865842478815, 3217287.408643142785877 ] ] ] } },
{ "type": "Feature", "properties": { "t": "lake" }, "geometry": { "type": "Polygon", "coordinates": [ [ [ 421009.650722632068209, 3215691.537340644281358 ], [ 420709.726945079455618, 3215959.534303130581975 ], [ 420981.439659191179089, 3215835.776337537448853 ], [ 421009.650722632068209, 3215691.537340644281358 ] ] ] } },
{ "type": "Feature", "properties": { "t": "river" }, "geometry": { "type": "Polygon", "coordinates": [ [ [ 415306.100446462049149, 3210546.530740633141249 ], [ 415284.433477230777498, 3210529.11074864724651 ], [ 415227.429729978844989, 3210658.410226809792221 ], [ 415232.868950725591276, 3210673.694552362430841 ], [ 415236.557298685249407, 3210684.178854924626648 ], [ 415306.100446462049149, 3210546.530740633141249 ] ] ] } },
{ "type": "Feature", "properties": { "t": "river" }, "geometry": { "type": "MultiPolygon", "coordinates": [ [ [ [ 495836.408332354913, 3248703.347922372166067 ], [ 496981.803922641382087, 3249323.451632972806692 ], [ 497057.345470600295812, 3249240.684351805597544 ], [ 495836.408332354913, 3248703.347922372166067 ] ] ], [ [ [ 497457.22286693577189, 3248802.586394045967609 ], [ 498122.943090333836153, 3248682.056663081049919 ], [ 497418.396795235050377, 3248780.435659403447062 ], [ 497145.467807698471006, 3249144.135074840858579 ], [ 497457.22286693577189, 3248802.586394045967609 ] ] ], [ [ [ 498626.813039401255082, 3248706.780272152274847 ], [ 498689.767381292476784, 3248602.941442087292671 ], [ 498460.253364670788869, 3248634.972604864276946 ], [ 498626.813039401255082, 3248706.780272152274847 ] ] ], [ [ [ 498874.191393568995409, 3248813.436918059829623 ], [ 498806.273331262113061, 3248990.719942277763039 ], [ 499524.477774474944454, 3249644.372961873188615 ], [ 498845.093711030378472, 3248990.715921441558748 ], [ 498903.306061929382849, 3248802.354311258066446 ], [ 498807.665659289632458, 3248784.753761429339647 ], [ 498874.191393568995409, 3248813.436918059829623 ] ] ] ] } },
{ "type": "Feature", "properties": { "t": "river" }, "geometry": { "type": "Polygon", "coordinates": [ [ [ 487723.325780974410009, 3249252.138809274882078 ], [ 488830.043293503345922, 3249616.627253059763461 ], [ 489353.507572118833195, 3248995.655773658771068 ], [ 490372.214140529977158, 3248606.953007605392486 ], [ 491614.632524084940087, 3248772.162648459896445 ], [ 490352.793845484266058, 3248595.889746415428817 ], [ 489266.17212385503808, 3249006.817897146567702 ], [ 488829.999620718357619, 3249572.308146816678345 ], [ 487723.325780974410009, 3249252.138809274882078 ] ] ] } },
{ "type": "Feature", "properties": { "t": "river" }, "geometry": { "type": "MultiPolygon", "coordinates": [ [ [ [ 492342.529258376918733, 3248771.64770771889016 ], [ 492600.101610593555961, 3248550.815907032229006 ], [ 492194.82329441368347, 3248779.652974287047982 ], [ 492342.529258376918733, 3248771.64770771889016 ] ] ], [ [ [ 493196.455068951298017, 3248538.428231309168041 ], [ 493865.864000492496416, 3248039.457515214569867 ], [ 494026.798880598973483, 3248091.032611792907119 ], [ 493989.697355787677225, 3248057.185963775031269 ], [ 493836.728197576361708, 3248006.234066037926823 ], [ 493157.619748036784586, 3248516.292083418928087 ], [ 492817.870876585016958, 3248427.86411733739078 ], [ 492779.600875778356567, 3248449.470732234418392 ], [ 493196.455068951298017, 3248538.428231309168041 ] ] ], [ [ [ 494060.011281740386039, 3248094.752915171906352 ], [ 494038.442690940166358, 3248094.764231961686164 ], [ 495729.624524732760619, 3248636.909109243191779 ], [ 494000.320162814401556, 3248060.724366661161184 ], [ 494060.011281740386039, 3248094.752915171906352 ] ] ] ] } },
{ "type": "Feature", "properties": { "t": "river" }, "geometry": { "type": "Polygon", "coordinates": [ [ [ 489032.584135290642735, 3238259.735263762529939 ], [ 488916.05591676098993, 3238304.166606201790273 ], [ 488867.52804447314702, 3238348.532437324989587 ], [ 489032.584135290642735, 3238259.735263762529939 ] ] ] } },
{ "type": "Feature", "properties": { "t": "river" }, "geometry": { "type": "Polygon", "coordinates": [ [ [ 489556.372696105798241, 3237406.112809749785811 ], [ 489856.491973391966894, 3236231.404755516909063 ], [ 490866.663749007624574, 3235864.923987860791385 ], [ 489827.25489708193345, 3236131.714585777372122 ], [ 489526.534780169371516, 3236652.727672499604523 ], [ 489498.133742495730985, 3237461.564387983642519 ], [ 488886.740113408595789, 3238126.921327229123563 ], [ 487701.392290192306973, 3237950.866372317075729 ], [ 488343.040338788530789, 3238426.614843603689224 ], [ 489090.816728688019793, 3238204.28122523939237 ], [ 489556.372696105798241, 3237406.112809749785811 ] ], [ [ 488644.034985544509254, 3238282.275504479650408 ], [ 488644.012878310692031, 3238260.11628997977823 ], [ 488731.408508341817651, 3238226.790582619141787 ], [ 488644.034985544509254, 3238282.275504479650408 ] ], [ [ 488527.497331274673343, 3238315.631223201751709 ], [ 488381.851663331442978, 3238382.256675556302071 ], [ 488216.515644850907847, 3238194.073094436433166 ], [ 488226.207064326619729, 3238171.903828805312514 ], [ 488323.3961072533275, 3238216.122192646376789 ], [ 488527.497331274673343, 3238315.631223201751709 ] ] ] } },
{ "type": "Feature", "properties": { "t": "river" }, "geometry": { "type": "MultiPolygon", "coordinates": [ [ [ [ 493063.20619918446755, 3236938.093671437352896 ], [ 493578.059913541073911, 3236826.995885175652802 ], [ 493625.248967713327147, 3236471.841435868758708 ], [ 493568.256822507944889, 3236671.887299676425755 ], [ 493218.580028176831547, 3236816.124682261608541 ], [ 493295.847590814577416, 3236040.508639686740935 ], [ 493072.234299058967736, 3235807.971487714443356 ], [ 493227.906884621595964, 3236162.42410520510748 ], [ 493089.576693056034856, 3236813.89258663309738 ], [ 493131.160539653210435, 3236849.415817812085152 ], [ 493078.178055152238812, 3236867.578122535720468 ], [ 493063.20619918446755, 3236938.093671437352896 ] ] ], [ [ [ 494588.229089490836486, 3236316.810616079252213 ], [ 494844.878250444831792, 3236031.788382411003113 ], [ 494811.574315907317214, 3236050.797044537961483 ], [ 494879.537597790360451, 3235939.970635476056486 ], [ 494851.977239638450556, 3236023.904872718267143 ], [ 494947.541512451949529, 3235917.781143948435783 ], [ 493704.012256798509043, 3236195.389729963615537 ], [ 493669.283036145672668, 3236317.284271966665983 ], [ 494588.229089490836486, 3236316.810616079252213 ] ], [ [ 494423.025768074847292, 3236250.41287555359304 ], [ 494549.328266771917697, 3236239.272169387433678 ], [ 494481.321676073072013, 3236250.384483745321631 ], [ 494423.025768074847292, 3236250.41287555359304 ] ], [ [ 494539.575096117099747, 3236161.719853652175516 ], [ 494374.41301475756336, 3236183.959358796477318 ], [ 494442.414493800024502, 3236161.76684104045853 ], [ 494539.575096117099747, 3236161.719853652175516 ] ] ] ] } },
{ "type": "Feature", "properties": { "t": "river" }, "geometry": { "type": "Polygon", "coordinates": [ [ [ 443149.799304535845295, 3247748.147855136543512 ], [ 443425.064602911705151, 3248444.831526747904718 ], [ 443404.657425939338282, 3248245.487590224016458 ], [ 443149.799304535845295, 3247748.147855136543512 ] ] ] } },
{ "type": "Feature", "properties": { "t": "river" }, "geometry": { "type": "MultiPolygon", "coordinates": [ [ [ [ 439136.292380155646242, 3246893.621630892157555 ], [ 439098.474070326890796, 3247082.191182589158416 ], [ 439170.047443874645978, 3247053.040521174669266 ], [ 439136.292380155646242, 3246893.621630892157555 ] ] ], [ [ [ 439702.674152800056618, 3247522.179432574193925 ], [ 439884.893157798796892, 3247475.651075193658471 ], [ 440012.881170615495648, 3247442.972207628190517 ], [ 440241.439968007034622, 3246956.340271804481745 ], [ 439780.151996363245416, 3247488.52673488529399 ], [ 439602.834046679199673, 3247001.932522156275809 ], [ 439493.051625628490001, 3247022.472717665601522 ], [ 439702.674152800056618, 3247522.179432574193925 ] ] ], [ [ [ 440314.959416174679063, 3247662.986371831968427 ], [ 440363.498743669129908, 3247672.831110666040331 ], [ 440346.617349865671713, 3247355.954495579469949 ], [ 440342.447910027462058, 3247352.591378234792501 ], [ 440346.243775931186974, 3247348.942475615534931 ], [ 440320.469763686647639, 3246865.170880676712841 ], [ 440253.73085046291817, 3246942.161278496496379 ], [ 440314.959416174679063, 3247662.986371831968427 ] ] ], [ [ [ 441593.958568515256047, 3247922.467746200971305 ], [ 441519.612500745803118, 3247856.158323145005852 ], [ 441392.235508148442023, 3247881.532138491049409 ], [ 441593.958568515256047, 3247922.467746200971305 ] ] ], [ [ [ 441744.73945538100088, 3248220.651407161261886 ], [ 442045.290672651201021, 3248152.629519668873399 ], [ 441909.381963964959141, 3247717.323093690443784 ], [ 441858.714368610584643, 3247732.531302989926189 ], [ 441890.161539607797749, 3248186.664324391633272 ], [ 441663.956849309615791, 3247984.90053017437458 ], [ 441744.73945538100088, 3248220.651407161261886 ] ] ], [ [ [ 442792.445365495455917, 3248104.514911171514541 ], [ 442383.544738730823155, 3247862.817377939354628 ], [ 442435.095471670967527, 3247559.542520955670625 ], [ 441917.696414663048927, 3247714.82747423928231 ], [ 442792.445365495455917, 3248104.514911171514541 ] ] ], [ [ [ 442449.522510686074384, 3247474.670901237521321 ], [ 442043.669627590803429, 3247062.895331178791821 ], [ 442059.836217254691292, 3247199.646166691090912 ], [ 442439.380949535756372, 3247534.331710979808122 ], [ 442449.522510686074384, 3247474.670901237521321 ] ] ], [ [ [ 442205.953981782367919, 3246850.777468188200146 ], [ 442019.252899840765167, 3246856.363303089980036 ], [ 442030.842561157187447, 3246954.395039589609951 ], [ 442205.953981782367919, 3246850.777468188200146 ] ] ], [ [ [ 443142.526243490923662, 3246296.664290063083172 ], [ 442789.171542187163141, 3246368.313750989735126 ], [ 442745.624855993199162, 3246520.265697525348514 ], [ 442639.121258691360708, 3246576.205066396389157 ], [ 442609.606359880650416, 3246498.792128254659474 ], [ 442727.712367475265637, 3246380.777000053785741 ], [ 442638.225193763792049, 3246398.924672103021294 ], [ 442539.332593535131309, 3246653.522288342937827 ], [ 443142.526243490923662, 3246296.664290063083172 ] ] ] ] } },
{ "type": "Feature", "properties": { "t": "river" }, "geometry": { "type": "Polygon", "coordinates": [ [ [ 443149.799304535845295, 3247748.147855136543512 ], [ 443091.170919964206405, 3247670.87962178979069 ], [ 443150.07696115114959, 3247803.548047128133476 ], [ 443149.799304535845295, 3247748.147855136543512 ] ] ] } },
{ "type": "Feature", "properties": { "t": "river" }, "geometry": { "type": "MultiPolygon", "coordinates": [ [ [ [ 443302.558181338070426, 3246527.473478813655674 ], [ 443305.732632351573557, 3246516.398430151864886 ], [ 443279.65356094710296, 3246539.744602187070996 ], [ 443302.558181338070426, 3246527.473478813655674 ] ] ], [ [ [ 443947.725078476360068, 3246181.856229301542044 ], [ 444091.651364206394646, 3245837.657944996375591 ], [ 444262.695545353111811, 3245897.715958368964493 ], [ 444101.195843476103619, 3245804.370135614648461 ], [ 443312.295594369468745, 3246510.523244360927492 ], [ 443319.339815441751853, 3246518.482784727122635 ], [ 443947.725078476360068, 3246181.856229301542044 ] ] ], [ [ [ 444558.455065756919794, 3246001.572299574501812 ], [ 444488.819223835889716, 3245658.424575750250369 ], [ 444498.698034513392486, 3245980.5877675563097 ], [ 444558.455065756919794, 3246001.572299574501812 ] ] ] ] } },
{ "type": "Feature", "properties": { "t": "river" }, "geometry": { "type": "Polygon", "coordinates": [ [ [ 444507.585920610232279, 3245525.369745254516602 ], [ 444574.679440612031613, 3245347.757939906325191 ], [ 444507.315122238942422, 3245469.969793940428644 ], [ 444507.585920610232279, 3245525.369745254516602 ] ] ] } },
{ "type": "Feature", "properties": { "t": "river" }, "geometry": { "type": "MultiPolygon", "coordinates": [ [ [ [ 442991.095640904211905, 3275348.749010933563113 ], [ 443044.076744590187445, 3275311.975068645086139 ], [ 442886.785711262607947, 3275289.812524675857276 ], [ 442866.07272520812694, 3275330.394999655429274 ], [ 442859.325743206776679, 3275354.531427314504981 ], [ 442991.095640904211905, 3275348.749010933563113 ] ] ], [ [ [ 443230.510445940017235, 3275338.246821478474885 ], [ 443115.927623501804192, 3275322.099727162159979 ], [ 442997.918429219804239, 3275348.449650975875556 ], [ 443230.510445940017235, 3275338.246821478474885 ] ] ] ] } },
{ "type": "Feature", "properties": { "t": "river" }, "geometry": { "type": "MultiPolygon", "coordinates": [ [ [ [ 443523.894013993558474, 3275912.965414779726416 ], [ 443523.824779817718081, 3275913.109876676462591 ], [ 443557.9122247704654, 3276073.563700213562697 ], [ 443599.404605750693008, 3275524.760231635998935 ], [ 443385.044873180682771, 3275259.901512895710766 ], [ 443523.701978180324659, 3275912.531842192169279 ], [ 443523.894013993558474, 3275912.965414779726416 ] ] ], [ [ [ 443613.150121625862084, 3276333.584750083740801 ], [ 444458.564658653747756, 3276109.188489725347608 ], [ 444424.790436592767946, 3275997.115276260301471 ], [ 443591.595163161691744, 3276232.117824124637991 ], [ 443613.150121625862084, 3276333.584750083740801 ] ] ], [ [ [ 444573.416674599633552, 3276683.385161596816033 ], [ 445359.033943092566915, 3276967.631416972260922 ], [ 445445.700454862671904, 3276911.749963216017932 ], [ 444631.506664879037999, 3276683.098435171414167 ], [ 444474.202865041559562, 3276161.081613332498819 ], [ 444573.416674599633552, 3276683.385161596816033 ] ] ], [ [ [ 445947.785377297841478, 3276588.036427889484912 ], [ 446610.360270156059414, 3277471.320396665483713 ], [ 446092.851656433951575, 3276554.096662568394095 ], [ 445773.139496947813313, 3276511.313958409242332 ], [ 445446.211950743687339, 3276911.420160918496549 ], [ 445947.785377297841478, 3276588.036427889484912 ] ] ] ] } },
{ "type": "Feature", "properties": { "t": "river" }, "geometry": { "type": "Polygon", "coordinates": [ [ [ 447336.431962972215842, 3277467.888966084923595 ], [ 447123.137675149191637, 3277402.408000680617988 ], [ 446910.469959953974467, 3277469.896374802105129 ], [ 447336.431962972215842, 3277467.888966084923595 ] ] ] } },
{ "type": "Feature", "properties": { "t": "river" }, "geometry": { "type": "MultiPolygon", "coordinates": [ [ [ [ 450295.048439959005918, 3277288.306157814338803 ], [ 450298.063505852303933, 3277288.169532136060297 ], [ 450297.763395923306234, 3277288.777359693776816 ], [ 450384.235940776299685, 3277303.785711287520826 ], [ 450426.099139796278905, 3277296.750694029498845 ], [ 450350.399577380681876, 3277282.262078387662768 ], [ 450336.787791748938616, 3277287.998072554823011 ], [ 450324.137320682173595, 3277277.235707700252533 ], [ 448398.788663500512484, 3276908.919933255296201 ], [ 448343.034650761517696, 3276949.698899047449231 ], [ 450295.048439959005918, 3277288.306157814338803 ] ] ], [ [ [ 450498.688421168131754, 3277323.651402801740915 ], [ 451228.168472528690472, 3277450.297418847214431 ], [ 450625.680157816736028, 3277334.952385188546032 ], [ 450498.688421168131754, 3277323.651402801740915 ] ] ] ] } },
{ "type": "Feature", "properties": { "t": "river" }, "geometry": { "type": "Polygon", "coordinates": [ [ [ 475507.875096596602816, 3214459.824091632850468 ], [ 475468.842096848995425, 3214415.590023530181497 ], [ 475459.202185378933791, 3214459.928006002213806 ], [ 475507.875096596602816, 3214459.824091632850468 ] ] ] } },
{ "type": "Feature", "properties": { "t": "river" }, "geometry": { "type": "MultiPolygon", "coordinates": [ [ [ [ 475585.086366506468039, 3209562.605042398907244 ], [ 475608.590481821622234, 3208956.217070064507425 ], [ 475584.428034118667711, 3209252.38687133975327 ], [ 475585.086366506468039, 3209562.605042398907244 ] ] ], [ [ [ 475712.269961218116805, 3208545.259402487426996 ], [ 475641.384500432235654, 3208554.272623146418482 ], [ 475637.779441960388795, 3208598.457040057517588 ], [ 475712.269961218116805, 3208545.259402487426996 ] ] ], [ [ [ 476741.845224101503845, 3208496.599801588337868 ], [ 476822.808467778726481, 3208326.875848918221891 ], [ 476663.905750698409975, 3208485.67832620954141 ], [ 476780.490799407300074, 3208341.412331613712013 ], [ 476836.061609186464921, 3208299.093713708221912 ], [ 476916.425221990793943, 3208130.633306374307722 ], [ 476527.460464580450207, 3208441.63880797335878 ], [ 476428.158014441432897, 3208454.258162225596607 ], [ 476741.845224101503845, 3208496.599801588337868 ] ] ] ] } },
{ "type": "Feature", "properties": { "t": "river" }, "geometry": { "type": "MultiPolygon", "coordinates": [ [ [ [ 462166.235513111751061, 3221764.214379006065428 ], [ 462185.194507597363554, 3221639.132709940895438 ], [ 461883.371994398708921, 3221543.560210200957954 ], [ 461281.767364363127854, 3222010.922013406641781 ], [ 462166.235513111751061, 3221764.214379006065428 ] ], [ [ 461835.393193787895143, 3221743.152898422908038 ], [ 461747.873657401592936, 3221754.524493799544871 ], [ 461845.010962508386001, 3221709.882029514294118 ], [ 461835.393193787895143, 3221743.152898422908038 ] ] ], [ [ [ 462295.52374442841392, 3220911.295667314436287 ], [ 462251.016902503848542, 3220921.885296491906047 ], [ 462038.920598826429341, 3221509.804797550663352 ], [ 462185.8961475584656, 3221634.50370775628835 ], [ 462295.52374442841392, 3220911.295667314436287 ] ] ], [ [ [ 462348.563783789461013, 3220999.121406981255859 ], [ 462737.224476768111344, 3220842.73641844978556 ], [ 462573.202595859649591, 3221264.295418340712786 ], [ 462711.535552519722842, 3221917.54029686562717 ], [ 462887.342690357123502, 3221882.425420273561031 ], [ 462681.70064526371425, 3221718.204725068528205 ], [ 463018.657763222698122, 3220620.23295019660145 ], [ 462801.609364408417605, 3220286.469313516747206 ], [ 462912.100095903093461, 3220764.611898597795516 ], [ 462327.294831313251052, 3220903.736407650168985 ], [ 462348.563783789461013, 3220999.121406981255859 ] ] ], [ [ [ 462889.183559947588947, 3220256.217243142426014 ], [ 462773.945771781844087, 3220166.762857561465353 ], [ 462792.301595785364043, 3220246.192271172069013 ], [ 462889.183559947588947, 3220256.217243142426014 ] ] ] ] } },
{ "type": "Feature", "properties": { "t": "river" }, "geometry": { "type": "Polygon", "coordinates": [ [ [ 435115.549704677425325, 3220965.878322314005345 ], [ 435039.473006412037648, 3221276.552013468928635 ], [ 435482.899572429538239, 3220542.76075861370191 ], [ 435115.549704677425325, 3220965.878322314005345 ] ] ] } },
{ "type": "Feature", "properties": { "t": "river" }, "geometry": { "type": "Polygon", "coordinates": [ [ [ 427465.607433181023225, 3220612.87031661439687 ], [ 427781.807085552369244, 3219835.255057727452368 ], [ 427378.13022006500978, 3220652.515636963769794 ], [ 427465.607433181023225, 3220612.87031661439687 ] ] ] } },
{ "type": "Feature", "properties": { "t": "river" }, "geometry": { "type": "Polygon", "coordinates": [ [ [ 436180.178055427502841, 3219951.612975988071412 ], [ 435538.660919272340834, 3220077.084071946330369 ], [ 436014.947837843734305, 3219985.77444665087387 ], [ 436180.178055427502841, 3219951.612975988071412 ] ] ] } },
{ "type": "Feature", "properties": { "t": "river" }, "geometry": { "type": "Polygon", "coordinates": [ [ [ 436218.914429105818272, 3219918.157189226709306 ], [ 436325.763796956976876, 3219884.322908640839159 ], [ 436471.166970289545134, 3219783.79563254583627 ], [ 436218.914429105818272, 3219918.157189226709306 ] ] ] } },
{ "type": "Feature", "properties": { "t": "river" }, "geometry": { "type": "Polygon", "coordinates": [ [ [ 436616.082506358623505, 3219594.632707129698247 ], [ 436626.241975133307278, 3219672.136758643202484 ], [ 436644.906965747009963, 3219527.993157760705799 ], [ 436616.082506358623505, 3219594.632707129698247 ] ] ] } },
{ "type": "Feature", "properties": { "t": "river" }, "geometry": { "type": "Polygon", "coordinates": [ [ [ 428750.387671475415118, 3219108.978488362394273 ], [ 428128.564673800079618, 3219267.983251528348774 ], [ 427770.400751922163181, 3219569.400989937130362 ], [ 428750.387671475415118, 3219108.978488362394273 ] ] ] } },
{ "type": "Feature", "properties": { "t": "river" }, "geometry": { "type": "Polygon", "coordinates": [ [ [ 436808.740682566014584, 3219239.008121652994305 ], [ 436721.896201771742199, 3219372.447483099065721 ], [ 437303.200458623177838, 3218903.892834235914052 ], [ 436808.740682566014584, 3219239.008121652994305 ] ] ] } },
{ "type": "Feature", "properties": { "t": "river" }, "geometry": { "type": "Polygon", "coordinates": [ [ [ 438485.652785360638518, 3218011.089531209785491 ], [ 438397.88666938059032, 3217978.320715250913054 ], [ 438476.039708320866339, 3218033.301031705457717 ], [ 438485.652785360638518, 3218011.089531209785491 ] ] ] } },
{ "type": "Feature", "properties": { "t": "lake" }, "geometry": { "type": "Polygon", "coordinates": [ [ [ 433685.077267291606404, 3210824.748739488888532 ], [ 433636.962158797949087, 3210924.746046080254018 ], [ 433822.303628007357474, 3210979.077711628749967 ], [ 433685.077267291606404, 3210824.748739488888532 ] ] ] } },
{ "type": "Feature", "properties": { "t": "river" }, "geometry": { "type": "MultiPolygon", "coordinates": [ [ [ [ 479569.872983300476335, 3248521.551754924934357 ], [ 480026.42395847546868, 3248742.334848682861775 ], [ 480957.539364581578411, 3248649.767903834581375 ], [ 479569.872983300476335, 3248521.551754924934357 ] ], [ [ 480210.690343478694558, 3248664.453005735762417 ], [ 479929.193899173289537, 3248642.78812520345673 ], [ 480084.383650631643832, 3248587.115390880033374 ], [ 480210.690343478694558, 3248664.453005735762417 ] ] ], [ [ [ 481841.040944280743133, 3248562.006618736311793 ], [ 482975.275869698612951, 3249180.406223408412188 ], [ 481899.061723485181574, 3248428.956168103497475 ], [ 482955.808084606658667, 3247651.733091644011438 ], [ 483499.536763660958968, 3247772.806776711717248 ], [ 483392.606677726842463, 3247662.164969287347049 ], [ 483303.787329978193156, 3247650.50834788614884 ], [ 483373.226628930307925, 3247684.352930763270706 ], [ 483276.115162472473457, 3247651.25633229361847 ], [ 483270.052226034807973, 3247646.081152645871043 ], [ 482975.154119696235284, 3247607.384889880660921 ], [ 481607.411906861118041, 3248585.206973498221487 ], [ 481841.040944280743133, 3248562.006618736311793 ] ] ], [ [ [ 483327.595454647787847, 3249656.624468857422471 ], [ 483181.533926807809621, 3249324.445825065020472 ], [ 483024.646627290931065, 3249214.883445714134723 ], [ 483327.595454647787847, 3249656.624468857422471 ] ] ] ] } },
{ "type": "Feature", "properties": { "t": "river" }, "geometry": { "type": "Polygon", "coordinates": [ [ [ 483703.223057393101044, 3247672.794244010467082 ], [ 485170.069740569393616, 3248590.403628540225327 ], [ 485678.426420435542241, 3248666.6482332511805 ], [ 483703.223057393101044, 3247672.794244010467082 ] ] ] } },
{ "type": "Feature", "properties": { "t": "river" }, "geometry": { "type": "Polygon", "coordinates": [ [ [ 478570.787835494440515, 3248833.631088831927627 ], [ 478191.983387702319305, 3248679.235612522810698 ], [ 478425.1664028877276, 3248811.747568003367633 ], [ 478570.787835494440515, 3248833.631088831927627 ] ] ] } },
{ "type": "Feature", "properties": { "t": "river" }, "geometry": { "type": "MultiPolygon", "coordinates": [ [ [ [ 476914.126397478336003, 3245512.93588864710182 ], [ 476612.238446753006428, 3245059.28208392765373 ], [ 476846.214653228642419, 3245535.233795081265271 ], [ 476353.039790131908376, 3246466.954514879733324 ], [ 476404.871757351676933, 3246527.044497046619654 ], [ 476914.126397478336003, 3245512.93588864710182 ] ] ], [ [ [ 476839.559183398901951, 3247031.021904847584665 ], [ 476861.662515560339671, 3248349.476851623039693 ], [ 477152.900698078505229, 3248382.125891102943569 ], [ 477177.020329157589003, 3248042.295638907235116 ], [ 476871.277836291235872, 3248305.137870148289949 ], [ 476887.91280914156232, 3246942.284732314292341 ], [ 476432.971288229513448, 3246559.621289127040654 ], [ 476839.559183398901951, 3247031.021904847584665 ] ] ], [ [ [ 477559.24576459324453, 3247727.604428250342607 ], [ 477784.302768961642869, 3248291.343105506151915 ], [ 478114.211730202368926, 3248612.906434372067451 ], [ 479055.990607785526663, 3248799.484964463394135 ], [ 479167.519782946270425, 3248764.30752908764407 ], [ 479036.498046721098945, 3248755.201660867780447 ], [ 479191.722628431452904, 3248721.676250976044685 ], [ 479191.786816235457081, 3248756.653634820599109 ], [ 479550.681681604066398, 3248643.464418587740511 ], [ 479472.216919067956042, 3248634.420845743268728 ], [ 479298.38063172477996, 3248666.081881820224226 ], [ 479388.427619294030592, 3248624.764200680889189 ], [ 478594.820581935346127, 3248533.33317880006507 ], [ 478686.834727378212847, 3248611.815694066695869 ], [ 478491.55537308374187, 3248521.440242931246758 ], [ 478036.288942891056649, 3248469.019235340412706 ], [ 477607.667583750910126, 3247672.109604019671679 ], [ 477483.63829357776558, 3247778.721468541305512 ], [ 477559.24576459324453, 3247727.604428250342607 ] ], [ [ 479007.340973511920311, 3248733.09594238223508 ], [ 478987.93023727228865, 3248733.131895697675645 ], [ 478987.889173592091538, 3248710.972309826873243 ], [ 479007.340973511920311, 3248733.09594238223508 ] ] ] ] } },
{ "type": "Feature", "properties": { "t": "river" }, "geometry": { "type": "MultiPolygon", "coordinates": [ [ [ [ 475811.185170949611347, 3242734.205671767238528 ], [ 475519.98902017599903, 3242790.228076150175184 ], [ 475830.653332065034192, 3242756.323783159255981 ], [ 475843.823769834358245, 3242516.972853915765882 ], [ 475811.185170949611347, 3242734.205671767238528 ] ] ], [ [ [ 476288.83493282913696, 3242309.287411125376821 ], [ 475887.788007661292795, 3242224.373810554388911 ], [ 475883.897376993321814, 3242250.266823991201818 ], [ 476288.83493282913696, 3242309.287411125376821 ] ] ], [ [ [ 476383.25365486915689, 3242323.051320150494576 ], [ 477101.098569128080271, 3241944.870990036055446 ], [ 477216.944410289230291, 3241601.166256804484874 ], [ 477799.503083705843892, 3241533.535333774983883 ], [ 477753.092362718540244, 3242630.520402936264873 ], [ 478103.6771705619758, 3243150.587770031765103 ], [ 477705.995917372172698, 3243372.9562848797068 ], [ 477532.202746900497004, 3243871.888103016652167 ], [ 476833.568168077443261, 3244094.886977478861809 ], [ 476553.987303487199824, 3245059.402220277115703 ], [ 476748.157775818021037, 3245059.002927983179688 ], [ 476660.052303845528513, 3244704.630358451511711 ], [ 476901.894116748240776, 3244272.024294317699969 ], [ 477619.763189826975577, 3243960.353407559450716 ], [ 477764.299042140308302, 3243395.001548533793539 ], [ 478297.647326071106363, 3243028.338354826439172 ], [ 477801.580403745581862, 3242597.186341198161244 ], [ 477925.752977318014018, 3241533.289504379499704 ], [ 478231.827802418149076, 3241399.74261118657887 ], [ 478110.016054991923738, 3241399.976484119426459 ], [ 478109.973391444014851, 3241377.817110928241163 ], [ 478284.698654757579789, 3241333.163151955697685 ], [ 478294.452657231711783, 3241355.303978085983545 ], [ 478258.7881032381556, 3241387.979811458848417 ], [ 478818.491173325979616, 3241143.800953044556081 ], [ 479333.622376573446672, 3241364.44735032459721 ], [ 479356.116208341321908, 3241330.095102885738015 ], [ 479294.695000482955948, 3241320.199302212335169 ], [ 479255.686465028265957, 3241231.632668201811612 ], [ 479436.384784299065359, 3241207.51220204308629 ], [ 479537.009070107305888, 3241053.847484006546438 ], [ 479100.135044240858406, 3241143.279788700863719 ], [ 478439.182481176045258, 3240856.441163019277155 ], [ 478396.756484180281404, 3240902.512962394859642 ], [ 478448.936581527115777, 3240878.582108050119132 ], [ 478526.675116331723984, 3240900.59448245447129 ], [ 478555.873999081610236, 3240933.778534606099129 ], [ 478526.884338991600089, 3241011.391266758553684 ], [ 478556.082939811283723, 3241044.575322709977627 ], [ 478711.536271838005632, 3241077.522380950860679 ], [ 478701.865861981932539, 3241099.699927011039108 ], [ 478536.868187875719741, 3241155.408774924930185 ], [ 478459.278338977950625, 3241210.954107394907624 ], [ 478284.211967204988468, 3241078.330439625307918 ], [ 478242.707701085833833, 3241069.804169444832951 ], [ 478210.465935842890758, 3241104.818414933979511 ], [ 478264.851669369963929, 3241111.606595837511122 ], [ 478449.671534588036593, 3241266.370925020426512 ], [ 478381.773511352250353, 3241310.818714023102075 ], [ 478109.802739918697625, 3241289.179624792654067 ], [ 478032.173059011227451, 3241322.568527518305928 ], [ 478021.320191622595303, 3241310.235115381889045 ], [ 477877.065969113435131, 3241466.905752930324525 ], [ 477148.964078251970932, 3241601.302693179808557 ], [ 476358.207901879271958, 3242319.400190594606102 ], [ 476383.25365486915689, 3242323.051320150494576 ] ], [ [ 476804.82479044678621, 3244283.301902553066611 ], [ 476833.681160249980167, 3244150.285641893744469 ], [ 476920.997316057095304, 3244116.868549196515232 ], [ 476804.82479044678621, 3244283.301902553066611 ] ], [ [ 476518.999738104292192, 3242223.052280484233052 ], [ 476538.330154231574852, 3242178.693352336063981 ], [ 476644.991641177621204, 3242100.915433223359287 ], [ 476518.999738104292192, 3242223.052280484233052 ] ] ] ] } },
{ "type": "Feature", "properties": { "t": "river" }, "geometry": { "type": "MultiPolygon", "coordinates": [ [ [ [ 480547.694243810139596, 3241428.7836510152556 ], [ 480002.986896074609831, 3240942.221394917462021 ], [ 479536.909377493488137, 3240998.449106359854341 ], [ 480450.597230797051452, 3241440.029902515932918 ], [ 479644.137838697410189, 3241219.850886968430132 ], [ 480178.749764710315503, 3241484.81944054318592 ], [ 481352.238310065178666, 3241365.935015162918717 ], [ 481081.721926857426297, 3241361.404274199157953 ], [ 481146.940447809232865, 3241344.754411759786308 ], [ 480547.694243810139596, 3241428.7836510152556 ] ], [ [ 480149.131481704243924, 3241207.878321135882288 ], [ 479925.662341900810134, 3241152.872103992383927 ], [ 480090.666701936104801, 3241097.18344854703173 ], [ 480149.131481704243924, 3241207.878321135882288 ] ], [ [ 480090.589104349375702, 3241052.864751839544624 ], [ 479789.637431096343789, 3241119.873930181376636 ], [ 479983.640858688158914, 3240986.574260778725147 ], [ 480090.589104349375702, 3241052.864751839544624 ] ] ], [ [ [ 481683.862722692312673, 3241371.498009180184454 ], [ 481408.099851400242187, 3241366.871413812972605 ], [ 481587.033324999501929, 3241548.929668482858688 ], [ 483586.817815742455423, 3241002.961998042650521 ], [ 481567.399839542689733, 3241285.815146812237799 ], [ 481683.862722692312673, 3241371.498009180184454 ] ] ] ] } },
{ "type": "Feature", "properties": { "t": "river" }, "geometry": { "type": "Polygon", "coordinates": [ [ [ 483586.817815742455423, 3241002.961998042650521 ], [ 483896.863070235587656, 3240481.773811613209546 ], [ 483586.657894900185056, 3240892.165393796283752 ], [ 483586.817815742455423, 3241002.961998042650521 ] ] ] } },
{ "type": "Feature", "properties": { "t": "river" }, "geometry": { "type": "MultiPolygon", "coordinates": [ [ [ [ 485071.036010203242768, 3239780.826816253829747 ], [ 484847.674656143528409, 3239727.050207258202136 ], [ 483867.647290333348792, 3240426.416842155624181 ], [ 485071.036010203242768, 3239780.826816253829747 ] ] ], [ [ [ 486285.899177913786843, 3240301.367621244397014 ], [ 486625.747091782162897, 3240223.405336405150592 ], [ 486780.415000089560635, 3239591.684421592857689 ], [ 487033.020050694234669, 3239646.791940662544221 ], [ 487226.69751457858365, 3239125.829711146187037 ], [ 486964.03829018160468, 3238782.658872710540891 ], [ 487594.580552188388538, 3237995.300739402417094 ], [ 486896.105192539573181, 3238838.135060216300189 ], [ 487071.595484369667247, 3239402.995873631443828 ], [ 486673.6352316866396, 3239647.207230550702661 ], [ 486586.805187589779962, 3240145.893598964437842 ], [ 485247.773655104683712, 3239823.381742555648088 ], [ 486285.899177913786843, 3240301.367621244397014 ] ], [ [ 485858.147653431165963, 3239980.581303709186614 ], [ 485770.732257579802535, 3239980.690313004888594 ], [ 485760.991698525263928, 3239958.543187485542148 ], [ 485858.147653431165963, 3239980.581303709186614 ] ] ] ] } },
{ "type": "Feature", "properties": { "t": "river" }, "geometry": { "type": "MultiPolygon", "coordinates": [ [ [ [ 429689.506417765747756, 3248309.975219049490988 ], [ 429673.36315648566233, 3248314.592753463890404 ], [ 429587.24781188351335, 3248373.828426082618535 ], [ 429689.506417765747756, 3248309.975219049490988 ] ] ], [ [ [ 430902.750459631672129, 3245784.532596341799945 ], [ 430837.387939056090545, 3245816.599162586499006 ], [ 430758.179002801014576, 3245893.579652656335384 ], [ 430715.375758683250751, 3245934.326336742844433 ], [ 430593.397174439392984, 3246069.042642169632018 ], [ 430554.555722999037243, 3246133.28436065884307 ], [ 430501.344304916448891, 3246221.015142002608627 ], [ 430432.859805119689554, 3246332.240450411103666 ], [ 430415.434041703934781, 3246358.575202423613518 ], [ 430902.750459631672129, 3245784.532596341799945 ] ] ] ] } },
{ "type": "Feature", "properties": { "t": "river" }, "geometry": { "type": "MultiPolygon", "coordinates": [ [ [ [ 430038.491116679273546, 3248198.178023235406727 ], [ 430038.057470491738059, 3248127.878370786085725 ], [ 429970.557339329854585, 3248157.878297603689134 ], [ 429867.824134348426014, 3248230.613318824674934 ], [ 429825.016908898542169, 3248262.852671712636948 ], [ 429765.090519722609315, 3248288.355893438216299 ], [ 429745.37246884778142, 3248293.995792027562857 ], [ 429434.391743385582231, 3248508.973186313174665 ], [ 429430.68449424917344, 3248530.703922541812062 ], [ 430038.491116679273546, 3248198.178023235406727 ] ] ], [ [ [ 430994.370754972216673, 3245765.675126005895436 ], [ 430695.190175550989807, 3245956.619499041233212 ], [ 430593.397174439392984, 3246069.042642169632018 ], [ 430554.555722999037243, 3246133.28436065884307 ], [ 430501.344304916448891, 3246221.015142002608627 ], [ 430432.859805119689554, 3246332.240450411103666 ], [ 430367.878506050503347, 3246430.444469024427235 ], [ 430327.999825168517418, 3246490.712896688375622 ], [ 430283.042506768659223, 3246561.447548284195364 ], [ 430248.060464404465165, 3246645.324304068926722 ], [ 430994.370754972216673, 3245765.675126005895436 ] ] ] ] } },
{ "type": "Feature", "properties": { "t": "river" }, "geometry": { "type": "MultiPolygon", "coordinates": [ [ [ [ 438393.54272222390864, 3245977.95699770655483 ], [ 438792.852809129981324, 3245762.499437029939145 ], [ 438364.47850553621538, 3245989.195173134561628 ], [ 438544.805002767127007, 3247018.694154677912593 ], [ 438686.337696223752573, 3246978.188416856806725 ], [ 438822.483096843352541, 3246845.269815157167614 ], [ 438553.492207434726879, 3246830.28028424596414 ], [ 438465.575710281962529, 3246361.784353472292423 ], [ 438414.522120285313576, 3246265.933347608428448 ], [ 438456.476324551156722, 3246313.296970282681286 ], [ 438393.54272222390864, 3245977.95699770655483 ] ] ], [ [ [ 438974.362337563943584, 3245664.568931843154132 ], [ 438477.192993502714671, 3245290.519518504384905 ], [ 438934.59289694216568, 3245686.02548824576661 ], [ 438974.362337563943584, 3245664.568931843154132 ] ] ], [ [ [ 439097.284636107215192, 3246860.589766089804471 ], [ 438847.943600173806772, 3246846.68893516715616 ], [ 438798.146887767128646, 3246946.19081139517948 ], [ 439097.284636107215192, 3246860.589766089804471 ] ] ] ] } },
{ "type": "Feature", "properties": { "t": "river" }, "geometry": { "type": "Polygon", "coordinates": [ [ [ 437088.354710013663862, 3245209.48702611355111 ], [ 437263.664186365436763, 3245308.240642332937568 ], [ 437292.239573717641179, 3245208.359142061322927 ], [ 437244.124264250451233, 3245286.187819449231029 ], [ 437088.354710013663862, 3245209.48702611355111 ] ] ] } },
{ "type": "Feature", "properties": { "t": "river" }, "geometry": { "type": "Polygon", "coordinates": [ [ [ 432848.230802467325702, 3244037.079319495242089 ], [ 432897.710672750603408, 3243979.939408579841256 ], [ 432844.979599287733436, 3243990.964428076054901 ], [ 432782.323128221207298, 3243993.257170998025686 ], [ 432751.066473167506047, 3244026.573661213275045 ], [ 432218.182190062303562, 3244072.813439274672419 ], [ 432192.172698239912279, 3244078.687406543642282 ], [ 432175.0139628094621, 3244076.560372869484127 ], [ 431834.973182562505826, 3244106.081201946362853 ], [ 431828.323485229397193, 3244110.692680078558624 ], [ 431816.614590151351877, 3244126.259157380089164 ], [ 431807.455367903748993, 3244138.436107782181352 ], [ 431754.952449171687476, 3244208.156888006720692 ], [ 432848.230802467325702, 3244037.079319495242089 ] ] ] } },
{ "type": "Feature", "properties": { "t": "river" }, "geometry": { "type": "MultiPolygon", "coordinates": [ [ [ [ 431415.609812098788098, 3244691.770875812973827 ], [ 431402.077094265900087, 3244707.076434973161668 ], [ 431402.059662512561772, 3244707.096270908135921 ], [ 431344.621541859349236, 3244772.059733768459409 ], [ 431316.812897684983909, 3244827.796762313693762 ], [ 431310.965660003130324, 3244856.984956496860832 ], [ 431307.505788328009658, 3244874.25598869798705 ], [ 431415.609812098788098, 3244691.770875812973827 ] ] ], [ [ [ 432858.202652703505009, 3244081.342328468803316 ], [ 432953.986395692219958, 3243968.173511094879359 ], [ 432944.920799622894265, 3243970.068886095657945 ], [ 432925.497849812498316, 3243974.129769533406943 ], [ 432897.710672750603408, 3243979.939408579841256 ], [ 432848.230802467325702, 3244037.079319495242089 ], [ 431754.952449171687476, 3244208.156888006720692 ], [ 431736.307612405740656, 3244232.916403000243008 ], [ 431727.431847259111237, 3244246.871626792941242 ], [ 432858.202652703505009, 3244081.342328468803316 ] ] ], [ [ [ 434111.93499800277641, 3242600.30104964133352 ], [ 434402.499946645461023, 3242465.655063087120652 ], [ 434996.656907315482385, 3242772.492997386027128 ], [ 434460.575410893652588, 3242432.078740426339209 ], [ 433799.793012876296416, 3242681.912268517073244 ], [ 433803.823389177501667, 3242698.223647987470031 ], [ 433840.197054136777297, 3242843.948240958154202 ], [ 433841.102230524178594, 3242895.183137303218246 ], [ 433841.534982710087206, 3242919.680793758481741 ], [ 434111.93499800277641, 3242600.30104964133352 ] ] ] ] } },
{ "type": "Feature", "properties": { "t": "river" }, "geometry": { "type": "Polygon", "coordinates": [ [ [ 438272.948542499274481, 3245225.14582038577646 ], [ 438331.080816083063837, 3245202.669163809157908 ], [ 438166.091691001143772, 3245214.64688245812431 ], [ 438272.948542499274481, 3245225.14582038577646 ] ] ] } },
{ "type": "Feature", "properties": { "t": "river" }, "geometry": { "type": "MultiPolygon", "coordinates": [ [ [ [ 435254.570852629258297, 3243723.936789924278855 ], [ 435325.210311875387561, 3243764.214956869836897 ], [ 435257.602849546936341, 3243709.223641621414572 ], [ 435254.570852629258297, 3243723.936789924278855 ] ] ], [ [ [ 435415.674729666265193, 3243024.953389988280833 ], [ 435152.158058042579796, 3242793.765422770287842 ], [ 435396.316329701454379, 3243036.143847076687962 ], [ 435344.816749909135979, 3243286.02514161914587 ], [ 435415.674729666265193, 3243024.953389988280833 ] ] ], [ [ [ 436181.512535520945676, 3244516.481334961950779 ], [ 436920.22750949067995, 3244656.399475299753249 ], [ 436888.197634322161321, 3244789.54229578608647 ], [ 436920.596786118287127, 3244722.879847459495068 ], [ 436892.885395788529422, 3244977.883170184213668 ], [ 436854.912526914267801, 3244927.906538442242891 ], [ 436834.816273466101848, 3245011.447279922664165 ], [ 437039.810688325262163, 3245209.756109639070928 ], [ 436929.567576123925392, 3244589.865182529669255 ], [ 436249.478405920381192, 3244516.099612647201866 ], [ 436142.694075045641512, 3244429.222550237551332 ], [ 436181.512535520945676, 3244516.481334961950779 ] ] ] ] } },
{ "type": "Feature", "properties": { "t": "river" }, "geometry": { "type": "MultiPolygon", "coordinates": [ [ [ [ 437852.642237962340005, 3244621.934118741657585 ], [ 437223.114025645423681, 3244998.213468714151531 ], [ 437272.821969553886447, 3245208.466401831246912 ], [ 437852.642237962340005, 3244621.934118741657585 ] ] ], [ [ [ 438088.058913392771501, 3245148.589809003751725 ], [ 438070.977044529514387, 3244662.793267379514873 ], [ 438066.223939905758016, 3244705.493617922998965 ], [ 438065.740517942933366, 3244616.853231820743531 ], [ 438068.906455661752261, 3244603.908859777264297 ], [ 438065.075832453439943, 3244494.972718073520809 ], [ 437985.633851544815116, 3244542.450585071463138 ], [ 438088.058913392771501, 3245148.589809003751725 ] ] ] ] } },
{ "type": "Feature", "properties": { "t": "river" }, "geometry": { "type": "Polygon", "coordinates": [ [ [ 438457.295095493667759, 3245201.984334426932037 ], [ 438417.798891260288656, 3245080.314336847048253 ], [ 438272.82806613179855, 3245202.985712182242423 ], [ 438457.295095493667759, 3245201.984334426932037 ] ] ] } },
{ "type": "Feature", "properties": { "t": "river" }, "geometry": { "type": "MultiPolygon", "coordinates": [ [ [ [ 437003.591131196124479, 3269661.202833943534642 ], [ 437038.771586164133623, 3269676.284463544376194 ], [ 437086.484517255797982, 3269688.033217833843082 ], [ 437104.107332120649517, 3269689.299930091947317 ], [ 437128.232879986986518, 3269691.034074351191521 ], [ 437167.004895840655081, 3269688.033429361414164 ], [ 437167.482899021997582, 3269687.963329324498773 ], [ 437003.591131196124479, 3269661.202833943534642 ] ] ], [ [ [ 436601.970928408787586, 3269179.714107316918671 ], [ 436564.629915699828416, 3269208.131708573549986 ], [ 436548.22561847534962, 3269227.380076372995973 ], [ 436503.488147854222916, 3269284.116716677322984 ], [ 436487.079128085402772, 3269300.359405221883208 ], [ 436475.174199405242689, 3269330.358660018537194 ], [ 436474.078651846037246, 3269336.925768636632711 ], [ 436601.970928408787586, 3269179.714107316918671 ] ] ], [ [ [ 439224.375873851357028, 3270461.510169089771807 ], [ 439083.409711190499365, 3270504.264341317117214 ], [ 439138.159399761003442, 3270509.618958778679371 ], [ 439185.447583869623486, 3270514.375658764969558 ], [ 439224.375873851357028, 3270461.510169089771807 ] ] ] ] } },
{ "type": "Feature", "properties": { "t": "river" }, "geometry": { "type": "MultiPolygon", "coordinates": [ [ [ [ 435834.137266050965991, 3264910.51015793858096 ], [ 435868.309816170833074, 3264881.25041386205703 ], [ 435916.016598943853751, 3264845.506856034509838 ], [ 435968.196593796776142, 3264803.76837862841785 ], [ 435999.534903210413177, 3264775.265482989605516 ], [ 436012.624481219972949, 3264768.425478927325457 ], [ 435975.564742576039862, 3264728.61076626740396 ], [ 435530.585764678777196, 3265017.39566168282181 ], [ 435536.960936036484782, 3265018.598256355151534 ], [ 435834.137266050965991, 3264910.51015793858096 ] ] ], [ [ [ 436905.550118144950829, 3268102.990888363216072 ], [ 436884.07022694486659, 3268100.584209343418479 ], [ 436858.368961156113073, 3268106.104128703009337 ], [ 436843.464461448951624, 3268101.603049230296165 ], [ 436832.920482325716875, 3268094.853389400523156 ], [ 436388.96553083031904, 3268045.122648691758513 ], [ 436388.002742526819929, 3268047.659023980144411 ], [ 436378.246081487217452, 3268073.362236007116735 ], [ 436373.780389675637707, 3268094.358000122010708 ], [ 436370.059953703021165, 3268107.583639816381037 ], [ 436809.529121193219908, 3268258.660072847735137 ], [ 436921.279653805249836, 3268090.192664152476937 ], [ 436907.684305702568963, 3268095.259379115886986 ], [ 436905.550118144950829, 3268102.990888363216072 ] ] ] ] } },
{ "type": "Feature", "properties": { "t": "river" }, "geometry": { "type": "MultiPolygon", "coordinates": [ [ [ [ 490867.147818382189143, 3235189.630505413282663 ], [ 490633.098624962032773, 3235410.851195391733199 ], [ 490798.595820613089018, 3235798.501316755078733 ], [ 490867.147818382189143, 3235189.630505413282663 ] ] ], [ [ [ 490943.320101177785546, 3234513.156016570050269 ], [ 491098.747742387640756, 3234446.556265151128173 ], [ 491672.713373275415506, 3235310.327939091715962 ], [ 491137.548944131180178, 3234357.889620752539486 ], [ 490836.383370349125471, 3234457.843717259354889 ], [ 490893.309351613745093, 3234957.284547403920442 ], [ 490943.320101177785546, 3234513.156016570050269 ] ] ] ] } },
{ "type": "Feature", "properties": { "t": "river" }, "geometry": { "type": "Polygon", "coordinates": [ [ [ 492683.344940169306938, 3235442.588946583215147 ], [ 491769.897287186351605, 3235332.416460066102445 ], [ 493072.234299058967736, 3235807.971487714443356 ], [ 492683.344940169306938, 3235442.588946583215147 ] ] ] } },
{ "type": "Feature", "properties": { "t": "river" }, "geometry": { "type": "Polygon", "coordinates": [ [ [ 495161.097066249523778, 3235441.267330577597022 ], [ 495676.047134925262071, 3235352.423839641734958 ], [ 495393.72831545304507, 3235298.886095332447439 ], [ 495403.960283869411796, 3235308.212115061003715 ], [ 495209.647830506670289, 3235363.689921491779387 ], [ 495323.681882086209953, 3235285.603947902098298 ], [ 495209.605911001679488, 3235263.973943747580051 ], [ 494860.040117901109625, 3235795.945084087084979 ], [ 495161.097066249523778, 3235441.267330577597022 ] ] ] } },
{ "type": "Feature", "properties": { "t": "river" }, "geometry": { "type": "MultiPolygon", "coordinates": [ [ [ [ 495743.952652885520365, 3235053.250356446485966 ], [ 495732.071243163780309, 3235039.713127439375967 ], [ 495724.626723005785607, 3235341.325954348780215 ], [ 496083.971650776220486, 3234831.537482211831957 ], [ 496073.941557020531036, 3233923.018679321743548 ], [ 497502.356489768950269, 3233346.480869122315198 ], [ 497609.194486132008024, 3233036.231403594370931 ], [ 497395.334527682338376, 3232825.767427551094443 ], [ 497638.24053298617946, 3232504.40868540527299 ], [ 497935.446248430700507, 3232618.938442806247622 ], [ 497928.350100863783155, 3232606.360214855056256 ], [ 497579.916080116061494, 3232460.102871895767748 ], [ 497393.621281304338481, 3232631.708461733534932 ], [ 497395.291515326825902, 3232637.415707631036639 ], [ 497383.89749793021474, 3232640.66575842583552 ], [ 497327.271062914282084, 3232692.829006235580891 ], [ 497560.626945294032339, 3233158.116395581513643 ], [ 496025.343995317700319, 3233900.876452506519854 ], [ 496064.514310612692498, 3234765.066908373497427 ], [ 495734.198324171593413, 3234953.538057586178184 ], [ 495732.387428764952347, 3235026.903319097589701 ], [ 495743.952652885520365, 3235053.250356446485966 ] ], [ [ 497376.019090329122264, 3233357.588763048872352 ], [ 497298.282004762499128, 3233401.925009049009532 ], [ 497337.147884769598022, 3233368.677296839188784 ], [ 497376.019090329122264, 3233357.588763048872352 ] ] ], [ [ [ 497981.810752708290238, 3232636.80615107761696 ], [ 498299.182427908002865, 3232759.119748558849096 ], [ 498862.866507405124139, 3232603.936456920113415 ], [ 499232.161341056926176, 3232149.645828296430409 ], [ 499484.827218013466336, 3231252.192369040567428 ], [ 498833.704706744058058, 3232559.621360172051936 ], [ 498133.949270559183788, 3232692.668507615569979 ], [ 497976.107359803223517, 3232626.407744435593486 ], [ 497981.810752708290238, 3232636.80615107761696 ] ] ] ] } },
{ "type": "Feature", "properties": { "t": "river" }, "geometry": { "type": "Polygon", "coordinates": [ [ [ 495724.535271581611596, 3235097.575827200897038 ], [ 495724.481235065672081, 3234953.541698878630996 ], [ 495685.659017306461465, 3235075.431377076543868 ], [ 495724.535271581611596, 3235097.575827200897038 ] ] ] } },
{ "type": "Feature", "properties": { "t": "river" }, "geometry": { "type": "Polygon", "coordinates": [ [ [ 499756.992083554447163, 3231163.547412080224603 ], [ 499582.023543183982838, 3231085.9960608179681 ], [ 499455.663323701883201, 3231185.716784440912306 ], [ 499756.992083554447163, 3231163.547412080224603 ] ] ] } },
{ "type": "Feature", "properties": { "t": "lake" }, "geometry": { "type": "Polygon", "coordinates": [ [ [ 447952.287719925458077, 3223836.524187084753066 ], [ 448351.089567428163718, 3223834.717335429508239 ], [ 448165.576407041342463, 3223680.438105340581387 ], [ 447952.287719925458077, 3223836.524187084753066 ] ] ] } },
{ "type": "Feature", "properties": { "t": "river" }, "geometry": { "type": "MultiPolygon", "coordinates": [ [ [ [ 439006.934162887046114, 3222695.141424391884357 ], [ 439358.373423808137886, 3222925.95494298171252 ], [ 439426.301623006584123, 3222912.041111215949059 ], [ 439358.256039790867362, 3222903.795521577820182 ], [ 439279.787328808219172, 3222782.331213136203587 ], [ 439192.059771457395982, 3222749.5567741766572 ], [ 439282.836788571148645, 3222682.348110309801996 ], [ 439006.934162887046114, 3222695.141424391884357 ] ] ], [ [ [ 439833.869271602015942, 3222701.845793541520834 ], [ 440047.652064143621828, 3222656.404284480493516 ], [ 440223.102885519503616, 3222721.966871839947999 ], [ 439999.418605393148027, 3222734.216993995010853 ], [ 439775.85127642354928, 3222768.630901847034693 ], [ 439472.77819779352285, 3222902.521499321330339 ], [ 439917.674557940103114, 3222811.405527582857758 ], [ 439737.114668289606925, 3222802.074775605462492 ], [ 440009.262641974375583, 3222756.325416700914502 ], [ 440077.415938846184872, 3222767.048494373448193 ], [ 439966.164836821088102, 3222801.475723877549171 ], [ 440135.783282112563029, 3222766.743139589671046 ], [ 440633.86044771928573, 3222878.32160326698795 ], [ 440301.272955409716815, 3222788.038979909382761 ], [ 440349.854573640681338, 3222776.70574897993356 ], [ 440651.238129524805117, 3222882.214953867252916 ], [ 441156.514587814104743, 3222995.43135168030858 ], [ 441299.275309674500022, 3222941.861009111162275 ], [ 440086.506022980029229, 3222645.120888212695718 ], [ 439932.281032923376188, 3222652.260436875279993 ], [ 439824.083085341553669, 3222690.817218765616417 ], [ 439598.093877120874822, 3222667.73814963363111 ], [ 439534.692512995796278, 3222670.675658614374697 ], [ 439833.869271602015942, 3222701.845793541520834 ] ] ], [ [ [ 441621.259833569929469, 3223021.309713330119848 ], [ 441622.671169139503036, 3223021.01368248090148 ], [ 441620.220642795495223, 3223020.413866124115884 ], [ 441621.259833569929469, 3223021.309713330119848 ] ] ], [ [ [ 441262.442421063722577, 3223019.169518734328449 ], [ 441440.849995331605896, 3223059.152651134412736 ], [ 441605.34801942773629, 3223024.647265713196248 ], [ 441262.442421063722577, 3223019.169518734328449 ] ] ] ] } },
{ "type": "Feature", "properties": { "t": "river" }, "geometry": { "type": "MultiPolygon", "coordinates": [ [ [ [ 447644.369662933866493, 3222441.866676685865968 ], [ 448276.393411643221043, 3222372.515073218382895 ], [ 449046.837412042194046, 3222801.173751594498754 ], [ 449369.770133752957918, 3222776.745149559807032 ], [ 449036.961703395238146, 3222767.978229564614594 ], [ 449309.093963019142393, 3222711.370937059167773 ], [ 449393.591712242225185, 3222774.943505151662976 ], [ 449574.330513699736912, 3222761.275724282488227 ], [ 448315.005800992599688, 3222305.86171139869839 ], [ 448204.797288161702454, 3222321.5839101402089 ], [ 448247.058827149041463, 3222339.40812061028555 ], [ 448033.240767898387276, 3222384.695901914034039 ], [ 448051.098361334472429, 3222343.512239525094628 ], [ 447673.351318391854875, 3222397.414803361985832 ], [ 447506.449797047127504, 3222065.783363398630172 ], [ 447623.682243689603638, 3222385.454070179257542 ], [ 447644.21767332602758, 3222408.627829983830452 ], [ 447630.264625822834205, 3222403.403531692922115 ], [ 447644.369662933866493, 3222441.866676685865968 ] ] ], [ [ [ 450448.926371140172705, 3223094.173935779836029 ], [ 451070.064016540942248, 3222759.108235348481685 ], [ 450324.478434322983958, 3223024.013592958915979 ], [ 450448.926371140172705, 3223094.173935779836029 ] ] ] ] } },
{ "type": "Feature", "properties": { "t": "river" }, "geometry": { "type": "Polygon", "coordinates": [ [ [ 445330.198758395912591, 3222685.360261563677341 ], [ 445840.363669160287827, 3222371.041748626623303 ], [ 444620.710286751040258, 3222507.173769761808217 ], [ 445330.198758395912591, 3222685.360261563677341 ] ], [ [ 445310.690055933606345, 3222674.373540692497045 ], [ 444940.390488317701966, 3222543.189589208457619 ], [ 445562.983196934917942, 3222540.212468083947897 ], [ 445310.690055933606345, 3222674.373540692497045 ] ] ] } },
{ "type": "Feature", "properties": { "t": "river" }, "geometry": { "type": "Polygon", "coordinates": [ [ [ 447253.817932735313661, 3222133.423332587815821 ], [ 447272.968499483133201, 3222066.85604035621509 ], [ 447079.117585918051191, 3222222.868212654720992 ], [ 447253.817932735313661, 3222133.423332587815821 ] ] ] } },
{ "type": "Feature", "properties": { "t": "river" }, "geometry": { "type": "Polygon", "coordinates": [ [ [ 426688.100953492335975, 3230293.940479776356369 ], [ 426670.676557462837081, 3230302.47486908826977 ], [ 426659.876519454526715, 3230306.111355419736356 ], [ 426402.144964018836617, 3230532.276163183618337 ], [ 426401.093875561782625, 3230534.191138634458184 ], [ 426384.383596340136137, 3230583.363011273555458 ], [ 426688.100953492335975, 3230293.940479776356369 ] ] ] } },
{ "type": "Feature", "properties": { "t": "river" }, "geometry": { "type": "MultiPolygon", "coordinates": [ [ [ [ 422728.006252001039684, 3222217.259908431675285 ], [ 422395.363968014309648, 3222692.619764276780188 ], [ 422422.474469200358726, 3222685.260249983519316 ], [ 422460.749127739225514, 3222671.837606478482485 ], [ 422728.006252001039684, 3222217.259908431675285 ] ] ], [ [ [ 421555.849853037507273, 3222956.539985419716686 ], [ 420832.030977905145846, 3223467.789328492246568 ], [ 420846.041671360260807, 3223470.105676904786378 ], [ 420916.152885950054042, 3223456.359003711491823 ], [ 421033.760934190126136, 3223393.122323200572282 ], [ 421067.374712732853368, 3223364.644096747972071 ], [ 421108.402034532045946, 3223329.885205062571913 ], [ 421212.421200283104554, 3223230.157608727458864 ], [ 421323.278255886572879, 3223130.675099299289286 ], [ 421456.689772062352858, 3223040.19422045443207 ], [ 421510.993247124075424, 3223015.451584466733038 ], [ 421633.678004540735856, 3222935.677727699745446 ], [ 421555.849853037507273, 3222956.539985419716686 ] ] ] ] } },
{ "type": "Feature", "properties": { "t": "river" }, "geometry": { "type": "MultiPolygon", "coordinates": [ [ [ [ 421094.257622748962604, 3223341.868497289251536 ], [ 421108.402034532045946, 3223329.885205062571913 ], [ 421193.866950219846331, 3223247.946156286634505 ], [ 420751.930226885306183, 3223450.176213579718024 ], [ 420824.852727125864476, 3223466.602575538679957 ], [ 420830.768909720878582, 3223467.580675207078457 ], [ 421094.257622748962604, 3223341.868497289251536 ] ] ], [ [ [ 422689.0168698784546, 3222206.442657669074833 ], [ 422403.757866396394093, 3222690.341118478216231 ], [ 422422.474469200358726, 3222685.260249983519316 ], [ 422460.760348852607422, 3222671.833671340718865 ], [ 422689.0168698784546, 3222206.442657669074833 ] ] ] ] } },
{ "type": "Feature", "properties": { "t": "river" }, "geometry": { "type": "Polygon", "coordinates": [ [ [ 426804.863844269828405, 3222279.117178416345268 ], [ 426585.890911707887426, 3222247.542088859248906 ], [ 426650.244166682474315, 3222299.347051803953946 ], [ 426697.458079882839229, 3222308.594544891733676 ], [ 426735.577139142609667, 3222308.593024668283761 ], [ 426804.985068418027367, 3222298.081380142364651 ], [ 426804.863844269828405, 3222279.117178416345268 ] ] ] } },
{ "type": "Feature", "properties": { "t": "river" }, "geometry": { "type": "MultiPolygon", "coordinates": [ [ [ [ 489947.973693191306666, 3262667.681067193858325 ], [ 490082.872682627639733, 3261747.923982210457325 ], [ 490053.410122655739542, 3261639.119086725171655 ], [ 489899.546490187000018, 3262712.04424305818975 ], [ 489367.154446429107338, 3263499.212663622107357 ], [ 489947.973693191306666, 3262667.681067193858325 ] ] ], [ [ [ 489761.889858664595522, 3260562.655179628171027 ], [ 489810.667387838591821, 3260070.405816089827567 ], [ 489713.524981997965369, 3260684.578589436598122 ], [ 490050.317384394526016, 3261627.697765880264342 ], [ 489761.889858664595522, 3260562.655179628171027 ] ] ], [ [ [ 490245.290178962983191, 3258988.876386074814945 ], [ 489906.337179755268153, 3259465.611072519328445 ], [ 489863.041708148200996, 3259739.303306747693568 ], [ 490245.290178962983191, 3258988.876386074814945 ] ] ] ] } },
{ "type": "Feature", "properties": { "t": "river" }, "geometry": { "type": "MultiPolygon", "coordinates": [ [ [ [ 496441.49276340455981, 3259361.942073250189424 ], [ 495733.67391696368577, 3259373.267173912376165 ], [ 497401.529273582214955, 3259849.196732119191438 ], [ 497502.361224860942457, 3259798.468755684792995 ], [ 496441.49276340455981, 3259361.942073250189424 ] ] ], [ [ [ 498768.641199848905671, 3259904.364506233483553 ], [ 499718.829100096772891, 3260125.899301302619278 ], [ 499427.955354502948467, 3259981.871303059160709 ], [ 499767.304101521382108, 3259992.93913213443011 ], [ 499641.257673794170842, 3259904.303068879060447 ], [ 498826.814480701694265, 3259893.278392666950822 ], [ 498438.909507717762608, 3259350.409469774924219 ], [ 498383.086760286940262, 3259377.949226247612387 ], [ 498768.641199848905671, 3259904.364506233483553 ] ], [ [ 499476.436796779104043, 3260048.348480420187116 ], [ 499369.783177778474055, 3260015.114163813646883 ], [ 499398.869518252671696, 3260004.032656446099281 ], [ 499476.436796779104043, 3260048.348480420187116 ] ], [ [ 499350.389978669933043, 3259981.875498842913657 ], [ 499263.126038684742525, 3259937.561173083260655 ], [ 499301.907508937583771, 3259915.398868484422565 ], [ 499350.389978669933043, 3259981.875498842913657 ] ] ] ] } },
{ "type": "Feature", "properties": { "t": "river" }, "geometry": { "type": "MultiPolygon", "coordinates": [ [ [ [ 494482.712952349858824, 3259063.571358664426953 ], [ 494673.118858982867096, 3259116.581148992292583 ], [ 494589.342212554707658, 3258997.040308908559382 ], [ 493280.628197236685082, 3259529.579049192368984 ], [ 492562.718064784188755, 3258920.633414114359766 ], [ 493212.78903069003718, 3259585.019228533376008 ], [ 494482.712952349858824, 3259063.571358664426953 ] ] ], [ [ [ 495714.294136520184111, 3259406.514257094822824 ], [ 495093.619040763413068, 3259129.768963154871017 ], [ 494953.826077267352957, 3259194.737963578663766 ], [ 495714.294136520184111, 3259406.514257094822824 ] ] ] ] } },
{ "type": "Feature", "properties": { "t": "river" }, "geometry": { "type": "MultiPolygon", "coordinates": [ [ [ [ 491291.346124203002546, 3257470.07407712796703 ], [ 491544.02049043396255, 3258178.995903685688972 ], [ 491311.482974783750251, 3258434.010230448562652 ], [ 491583.213858438073657, 3258721.882265384774655 ], [ 491379.353588650119491, 3258422.87833095388487 ], [ 491592.490142715687398, 3258156.79992271354422 ], [ 491368.85267076198943, 3257370.29556078882888 ], [ 491141.929849639011081, 3257321.868075312115252 ], [ 491219.376224972249474, 3257567.686008410062641 ], [ 491291.346124203002546, 3257470.07407712796703 ] ], [ [ 491262.201219813665375, 3257403.617192402947694 ], [ 491271.95045025984291, 3257470.08903827611357 ], [ 491262.235482010175474, 3257447.936751022934914 ], [ 491262.201219813665375, 3257403.617192402947694 ] ] ], [ [ [ 491009.500826210074592, 3256705.782206802628934 ], [ 490359.446665487426799, 3256407.160904348362237 ], [ 489417.444454146723729, 3255100.577768001705408 ], [ 488165.291404522256926, 3254270.828450845554471 ], [ 488689.743409672344569, 3254890.764417572878301 ], [ 489349.555769387923647, 3255111.721348770428449 ], [ 490446.89457143319305, 3256595.444728228263557 ], [ 490951.318734336760826, 3256716.908510624896735 ], [ 491031.147619115654379, 3256970.260312050580978 ], [ 491009.500826210074592, 3256705.782206802628934 ] ], [ [ 490602.025947227259167, 3256539.915286754257977 ], [ 490524.464712548768148, 3256573.21967942500487 ], [ 490437.139754152216483, 3256528.973658724687994 ], [ 490495.322316910198424, 3256517.844712901860476 ], [ 490602.025947227259167, 3256539.915286754257977 ] ] ] ] } },
{ "type": "Feature", "properties": { "t": "river" }, "geometry": { "type": "Polygon", "coordinates": [ [ [ 492155.33049258205574, 3258732.55042304797098 ], [ 491699.566861827392131, 3258710.716264141257852 ], [ 492436.640143670607358, 3258887.477378677111119 ], [ 492155.33049258205574, 3258732.55042304797098 ] ] ] } },
{ "type": "Feature", "properties": { "t": "river" }, "geometry": { "type": "Polygon", "coordinates": [ [ [ 487912.602731936261989, 3253827.901226314716041 ], [ 487650.519400758203119, 3253684.146057060919702 ], [ 488087.686696242599282, 3254270.909880369435996 ], [ 487912.602731936261989, 3253827.901226314716041 ] ] ] } },
{ "type": "Feature", "properties": { "t": "river" }, "geometry": { "type": "Polygon", "coordinates": [ [ [ 499776.800490230962168, 3249888.120070978533477 ], [ 499524.477774474944454, 3249644.372961873188615 ], [ 499776.804854207555763, 3250109.715491649694741 ], [ 499776.800490230962168, 3249888.120070978533477 ] ] ] } },
{ "type": "Feature", "properties": { "t": "river" }, "geometry": { "type": "Polygon", "coordinates": [ [ [ 474662.295234768069349, 3254403.806684442330152 ], [ 474768.754055334720761, 3254292.769292776007205 ], [ 474526.31314381462289, 3254326.552327710203826 ], [ 474662.295234768069349, 3254403.806684442330152 ] ] ] } },
{ "type": "Feature", "properties": { "t": "river" }, "geometry": { "type": "Polygon", "coordinates": [ [ [ 474884.964873393939342, 3254203.871185333933681 ], [ 474710.302660551969893, 3254182.100281557068229 ], [ 474545.639575214998331, 3254293.268980681430548 ], [ 474884.964873393939342, 3254203.871185333933681 ] ] ] } },
{ "type": "Feature", "properties": { "t": "river" }, "geometry": { "type": "MultiPolygon", "coordinates": [ [ [ [ 448482.480281193798874, 3255118.340671143028885 ], [ 448338.336134163720999, 3255257.915568469557911 ], [ 448380.965564752055798, 3255290.64783952338621 ], [ 448482.480281193798874, 3255118.340671143028885 ] ] ], [ [ [ 448590.386207955423743, 3255223.526290451176465 ], [ 449065.240602948179003, 3255121.655374314170331 ], [ 449085.46711060567759, 3255080.954308574087918 ], [ 448629.085858149046544, 3255201.189834073185921 ], [ 448579.779594340943731, 3255024.128697438165545 ], [ 448539.903488106851, 3255062.739226093050092 ], [ 448590.386207955423743, 3255223.526290451176465 ] ] ], [ [ [ 448864.077712312864605, 3255661.621510835364461 ], [ 448863.94177433277946, 3255654.418930049519986 ], [ 448775.502916085126344, 3255593.60306599130854 ], [ 448864.077712312864605, 3255661.621510835364461 ] ] ], [ [ [ 448848.000641112215817, 3256419.033864677418023 ], [ 449322.582252069551032, 3256763.564779697451741 ], [ 449363.340004152269103, 3256704.802844441961497 ], [ 448876.697001166408882, 3256330.261396145448089 ], [ 448869.765776244807057, 3255963.002874103840441 ], [ 448848.000641112215817, 3256419.033864677418023 ] ], [ [ 448896.596009691478685, 3256440.974801690783352 ], [ 448876.897383927367628, 3256374.581831785850227 ], [ 448896.445776615815703, 3256407.734472297132015 ], [ 448896.596009691478685, 3256440.974801690783352 ] ] ], [ [ [ 449064.824138440191746, 3257182.598431438207626 ], [ 449396.266165423672646, 3257459.406746924389154 ], [ 449114.007201269385405, 3257118.564562811516225 ], [ 449064.824138440191746, 3257182.598431438207626 ] ] ], [ [ [ 449658.64624095230829, 3257678.553467353340238 ], [ 449881.7769098218414, 3257661.283974314574152 ], [ 449601.951911706302781, 3257631.199646602850407 ], [ 449658.64624095230829, 3257678.553467353340238 ] ] ], [ [ [ 450114.303193955332972, 3257643.292042406275868 ], [ 451264.492642733966932, 3256740.769043310079724 ], [ 450066.742923410492949, 3257646.971667282283306 ], [ 450114.303193955332972, 3257643.292042406275868 ] ] ] ] } },
{ "type": "Feature", "properties": { "t": "river" }, "geometry": { "type": "MultiPolygon", "coordinates": [ [ [ [ 448102.238317009003367, 3253835.174858712591231 ], [ 448069.926177283516154, 3253840.863227636087686 ], [ 448149.239733440917917, 3253945.54443243611604 ], [ 448515.780983306991402, 3253750.183847905136645 ], [ 448644.338125074049458, 3253330.531747839879245 ], [ 448457.673885857628193, 3253772.608922556042671 ], [ 448118.394398414704483, 3253832.330709035042673 ], [ 448118.534075898234732, 3253862.800925579387695 ], [ 448099.029966455185786, 3253840.729726886376739 ], [ 448102.238317009003367, 3253835.174858712591231 ] ] ], [ [ [ 448668.741289632278495, 3253250.875769348815084 ], [ 447791.954958455520682, 3252468.183974105864763 ], [ 448656.074881628097501, 3253292.220873771701008 ], [ 448668.741289632278495, 3253250.875769348815084 ] ] ], [ [ [ 448187.051498131477274, 3253995.450781636871397 ], [ 448449.739039107167628, 3254160.455813391134143 ], [ 448529.912818509270437, 3254128.088747055735439 ], [ 448161.589741725707427, 3253961.844689702615142 ], [ 448187.051498131477274, 3253995.450781636871397 ] ] ], [ [ [ 448854.301850343297701, 3253997.13694042339921 ], [ 448807.773241982213221, 3253959.385080137290061 ], [ 448670.840187296445947, 3254071.196602196898311 ], [ 448854.301850343297701, 3253997.13694042339921 ] ] ] ] } },
{ "type": "Feature", "properties": { "t": "river" }, "geometry": { "type": "Polygon", "coordinates": [ [ [ 447236.64415186480619, 3251983.224532144609839 ], [ 447578.347308693104424, 3252435.929941022302955 ], [ 447704.479455552936997, 3252435.346729592885822 ], [ 447236.64415186480619, 3251983.224532144609839 ] ], [ [ 447529.167517093010247, 3252292.113817283883691 ], [ 447539.126765018154401, 3252347.469172399491072 ], [ 447519.516268649720587, 3252303.238839643076062 ], [ 447529.167517093010247, 3252292.113817283883691 ] ] ] } },
{ "type": "Feature", "properties": { "t": "river" }, "geometry": { "type": "MultiPolygon", "coordinates": [ [ [ [ 444025.826200483948924, 3250203.621611686889082 ], [ 443686.171037700609304, 3250205.304269971791655 ], [ 443461.476647117757238, 3249907.253694534767419 ], [ 443598.775978742283769, 3250194.658529260195792 ], [ 444051.91868507192703, 3250257.040539562236518 ], [ 444025.826200483948924, 3250203.621611686889082 ] ] ], [ [ [ 444126.148614483769052, 3250867.946880725212395 ], [ 444717.609752408461645, 3251620.09145586611703 ], [ 444068.059440551674925, 3250290.085651589091867 ], [ 444126.148614483769052, 3250867.946880725212395 ] ] ], [ [ [ 444829.197458262031432, 3251762.00893923593685 ], [ 445343.88864762254525, 3251848.156272824387997 ], [ 445362.651899534568656, 3251810.603662673849612 ], [ 444807.228847929392941, 3251734.068849033210427 ], [ 444829.197458262031432, 3251762.00893923593685 ] ] ], [ [ [ 445722.456466761068441, 3251090.549777444917709 ], [ 445679.349657449696679, 3250982.277362258173525 ], [ 445462.724719480378553, 3251610.323664291296154 ], [ 445722.456466761068441, 3251090.549777444917709 ] ] ], [ [ [ 446128.851409161696211, 3251385.837987339124084 ], [ 446117.493566708290018, 3251290.433788442052901 ], [ 446092.150021842098795, 3251291.458875544369221 ], [ 446098.139339906279929, 3251301.60617239959538 ], [ 446085.057612518197857, 3251291.74575709970668 ], [ 446019.311859829176683, 3251294.405325596686453 ], [ 446128.851409161696211, 3251385.837987339124084 ] ] ], [ [ [ 446236.669990139140282, 3251866.043840106576681 ], [ 446808.469137787469663, 3251719.30005300976336 ], [ 447217.186782105127349, 3251972.234896232374012 ], [ 446798.713997841172386, 3251708.26556439185515 ], [ 446222.655602899496444, 3251793.269332626834512 ], [ 446236.669990139140282, 3251866.043840106576681 ] ] ] ] } },
{ "type": "Feature", "properties": { "t": "river" }, "geometry": { "type": "Polygon", "coordinates": [ [ [ 426747.706809570896439, 3257096.909420151729137 ], [ 426747.532561110274401, 3257097.074808970559388 ], [ 426747.489146049425472, 3257097.276484244503081 ], [ 426747.706809570896439, 3257096.909420151729137 ] ] ] } },
{ "type": "Feature", "properties": { "t": "river" }, "geometry": { "type": "MultiPolygon", "coordinates": [ [ [ [ 426626.682539322646335, 3253779.686445882543921 ], [ 426612.177736856392585, 3253790.487409112975001 ], [ 426606.250813156599179, 3253801.137663326691836 ], [ 426626.682539322646335, 3253779.686445882543921 ] ] ], [ [ [ 426985.286408022162504, 3253403.208812955301255 ], [ 426891.674299541744404, 3253491.518258698284626 ], [ 426890.262171551410574, 3253493.800405090209097 ], [ 426886.313539076654706, 3253501.134878845885396 ], [ 426878.914062152442057, 3253514.879157429095358 ], [ 426985.286408022162504, 3253403.208812955301255 ] ] ] ] } },
{ "type": "Feature", "properties": { "t": "river" }, "geometry": { "type": "Polygon", "coordinates": [ [ [ 472521.171796495153103, 3287988.561329952441156 ], [ 472474.556487505324185, 3287937.680643995758146 ], [ 471661.995985473622568, 3287884.308813926763833 ], [ 472416.663220567861572, 3287993.225766947027296 ], [ 472920.795466639916413, 3288490.614561815280467 ], [ 473384.933075385459233, 3288456.25805072626099 ], [ 474401.7807646561414, 3289052.228062865324318 ], [ 474732.113022013101727, 3289727.385356470942497 ], [ 475583.469406131247524, 3289902.779544705525041 ], [ 474761.07325404137373, 3289705.158912329468876 ], [ 474450.134206670627464, 3289052.117381147574633 ], [ 473423.486160926287994, 3288400.763909580651671 ], [ 472930.33244718099013, 3288435.189042210113257 ], [ 472586.178833294077776, 3288059.517713760025799 ], [ 472590.942542227683589, 3288070.360378116369247 ], [ 472474.638350080931559, 3287970.921880754642189 ], [ 472521.171796495153103, 3287988.561329952441156 ] ] ] } },
{ "type": "Feature", "properties": { "t": "river" }, "geometry": { "type": "Polygon", "coordinates": [ [ [ 464709.053454931825399, 3289574.395451638847589 ], [ 464829.137650714779738, 3289510.404555140994489 ], [ 464858.148734429501928, 3289510.313251612707973 ], [ 464711.667791967047378, 3289573.801430366467685 ], [ 465438.061767689068802, 3289408.778728740289807 ], [ 464529.497160962608177, 3289555.674364836886525 ], [ 463552.034887090383563, 3289326.128229740541428 ], [ 464597.329902951198164, 3289599.781550829764456 ], [ 464709.053454931825399, 3289574.395451638847589 ] ] ] } },
{ "type": "Feature", "properties": { "t": "river" }, "geometry": { "type": "Polygon", "coordinates": [ [ [ 469250.262971568270586, 3286627.506197532173246 ], [ 469861.592055635992438, 3287346.073839761316776 ], [ 469996.761564822401851, 3287389.663517196197063 ], [ 469250.262971568270586, 3286627.506197532173246 ] ] ] } },
{ "type": "Feature", "properties": { "t": "river" }, "geometry": { "type": "MultiPolygon", "coordinates": [ [ [ [ 468450.436303913127631, 3284269.59100307431072 ], [ 467579.312994481239002, 3284139.114821145310998 ], [ 468470.098195940605365, 3284380.340266748331487 ], [ 468521.912683903879952, 3284468.378121986519545 ], [ 468450.436303913127631, 3284269.59100307431072 ] ] ], [ [ [ 469179.683228048495948, 3285586.134802705608308 ], [ 468948.92881628946634, 3286096.475228041876107 ], [ 469250.262971568270586, 3286627.506197532173246 ], [ 468978.010130643611774, 3286118.555506254546344 ], [ 469228.143278638133779, 3285619.242830050643533 ], [ 469184.260650183889084, 3285491.938133584801108 ], [ 469179.439011576236226, 3285497.491654668934643 ], [ 469121.059795906534418, 3285375.767399447970092 ], [ 469162.531995561672375, 3285428.90383807849139 ], [ 469052.606883324275259, 3285110.025158734060824 ], [ 468783.673451193491928, 3284913.159838635008782 ], [ 469179.683228048495948, 3285586.134802705608308 ] ], [ [ 469004.205511564970948, 3285099.078666913788766 ], [ 469052.821421275206376, 3285187.587876823265105 ], [ 468887.900096588768065, 3285021.838154724799097 ], [ 469004.205511564970948, 3285099.078666913788766 ] ] ] ] } },
{ "type": "Feature", "properties": { "t": "river" }, "geometry": { "type": "MultiPolygon", "coordinates": [ [ [ [ 463581.563747081381734, 3284284.927069466095418 ], [ 463506.500663008191623, 3284262.458463705144823 ], [ 463577.949576508195605, 3284285.767300305888057 ], [ 463581.563747081381734, 3284284.927069466095418 ] ] ], [ [ [ 463591.268715101876296, 3284290.11247473442927 ], [ 464717.121898916782811, 3284657.475065641570836 ], [ 466223.309967956098262, 3283644.502856935374439 ], [ 467443.766502628626768, 3284106.266839419491589 ], [ 467113.74170085368678, 3283741.575907256454229 ], [ 466261.878089406294748, 3283600.064625053666532 ], [ 464678.283760813821573, 3284613.275516443420202 ], [ 463596.997471822192892, 3284289.546914209611714 ], [ 463591.268715101876296, 3284290.11247473442927 ] ] ] ] } },
{ "type": "Feature", "properties": { "t": "river" }, "geometry": { "type": "Polygon", "coordinates": [ [ [ 439385.109896583482623, 3288087.825117390137166 ], [ 439372.928595530858729, 3288088.164598837960511 ], [ 439320.155248903611209, 3288146.070359033532441 ], [ 439385.109896583482623, 3288087.825117390137166 ] ] ] } },
{ "type": "Feature", "properties": { "t": "river" }, "geometry": { "type": "MultiPolygon", "coordinates": [ [ [ [ 439990.22664607281331, 3285924.993169272318482 ], [ 439975.246926221763715, 3285931.76224527368322 ], [ 439949.787396063678898, 3285943.425324134528637 ], [ 439940.873847113223746, 3285947.508551413659006 ], [ 439927.124645243166015, 3285963.25509737432003 ], [ 439912.379132646077778, 3285977.005372295621783 ], [ 439875.071239411015995, 3286088.985166882164776 ], [ 439873.256251863087527, 3286096.670775067061186 ], [ 439990.22664607281331, 3285924.993169272318482 ] ] ], [ [ [ 440508.390745521464851, 3284239.186332982499152 ], [ 440502.353124252753332, 3284196.196210433263332 ], [ 440479.289094026142266, 3284216.85602892935276 ], [ 440468.97925064485753, 3284230.595836352091283 ], [ 440444.921597084437963, 3284256.348448752425611 ], [ 440413.985086165776011, 3284280.344077708665282 ], [ 440395.085126793535892, 3284292.342911016196012 ], [ 440353.838715041871183, 3284309.592588478233665 ], [ 440324.655459189321846, 3284319.838740958832204 ], [ 440286.849809975479729, 3284343.836681489367038 ], [ 440252.483617336023599, 3284376.577209813054651 ], [ 440240.453091219242197, 3284395.319752476643771 ], [ 440224.037721496191807, 3284424.521769845392555 ], [ 440508.390745521464851, 3284239.186332982499152 ] ] ], [ [ [ 440983.623300473671407, 3282618.858667911961675 ], [ 440981.918738012260292, 3282612.773953661788255 ], [ 440978.895897922513541, 3282614.425867248792201 ], [ 440923.90667114360258, 3282638.428909617941827 ], [ 440874.756854359933641, 3282660.670027062762529 ], [ 440864.638189615507144, 3282665.169568159617484 ], [ 440844.854719134746119, 3282675.420014375820756 ], [ 440786.460752773098648, 3282703.915749744046479 ], [ 440758.962534054764546, 3282719.151924981735647 ], [ 440693.731215340143535, 3282757.839051992632449 ], [ 440643.041092928906437, 3282809.170100117102265 ], [ 440636.111507583817001, 3282819.890640195459127 ], [ 440625.799736338667572, 3282830.139809625223279 ], [ 440608.611673989798874, 3282864.380939283408225 ], [ 440589.613850115449168, 3282910.869188915472478 ], [ 440582.900088937254623, 3282930.116315664257854 ], [ 440576.8412764329114, 3282958.839065810665488 ], [ 440572.978964641864877, 3282977.149322243407369 ], [ 440983.623300473671407, 3282618.858667911961675 ] ] ] ] } },
{ "type": "Feature", "properties": { "t": "river" }, "geometry": { "type": "MultiPolygon", "coordinates": [ [ [ [ 441850.58545204391703, 3281608.580942309927195 ], [ 441817.984962009766605, 3281617.134236788842827 ], [ 441784.61473395844223, 3281629.87746962858364 ], [ 441705.192611814010888, 3281644.127720595337451 ], [ 441628.951143857906573, 3281648.873939746525139 ], [ 441603.521825417177752, 3281652.122799857519567 ], [ 441571.74154287960846, 3281655.377434570807964 ], [ 441542.016761412320193, 3281661.795751676429063 ], [ 441520.826460354262963, 3281718.490013694390655 ], [ 441191.467604751873296, 3281754.517044415697455 ], [ 441184.146938919031527, 3281761.84972879011184 ], [ 441166.651278938050382, 3281788.847338739782572 ], [ 441149.182428771746345, 3281822.091669972985983 ], [ 441117.41011124040233, 3281880.828041559550911 ], [ 441095.158866242039949, 3281952.312750622630119 ], [ 441083.339146211743355, 3281992.383701785001904 ], [ 441850.58545204391703, 3281608.580942309927195 ] ] ], [ [ [ 442332.52665773575427, 3281481.584522327873856 ], [ 442430.46338864392601, 3281330.381413886789232 ], [ 442418.884336112707388, 3281337.089418902527541 ], [ 442341.291851003479678, 3281304.245925237424672 ], [ 442441.533683593501337, 3281313.290463529527187 ], [ 442491.58861935621826, 3281236.01361729297787 ], [ 441879.605495654628612, 3281213.84996548620984 ], [ 441878.352001405146439, 3281237.461059691384435 ], [ 441891.693347339867614, 3281274.855873561929911 ], [ 442332.52665773575427, 3281481.584522327873856 ] ] ], [ [ [ 443315.657040211954154, 3280689.829240867868066 ], [ 443002.294743143720552, 3280646.604271227493882 ], [ 442998.295728844241239, 3280653.074066730681807 ], [ 442992.171065123926383, 3280683.755058818962425 ], [ 443315.657040211954154, 3280689.829240867868066 ] ] ] ] } },
{ "type": "Feature", "properties": { "t": "river" }, "geometry": { "type": "Polygon", "coordinates": [ [ [ 441240.182974522642326, 3281719.958507558330894 ], [ 441336.840553023328539, 3281697.29020649753511 ], [ 441288.453646181034856, 3281697.543686664663255 ], [ 441240.182974522642326, 3281719.958507558330894 ] ] ] } },
{ "type": "Feature", "properties": { "t": "river" }, "geometry": { "type": "Polygon", "coordinates": [ [ [ 441588.336884106742218, 3281673.814355454407632 ], [ 441565.659712621418294, 3281656.690645437221974 ], [ 441503.121132678352296, 3281670.194412637501955 ], [ 441588.336884106742218, 3281673.814355454407632 ] ] ] } },
{ "type": "Feature", "properties": { "t": "river" }, "geometry": { "type": "Polygon", "coordinates": [ [ [ 443328.414840959594585, 3280563.61962756421417 ], [ 443318.14600836468162, 3280561.560077569913119 ], [ 443315.096600069955457, 3280579.023963676765561 ], [ 443328.414840959594585, 3280563.61962756421417 ] ] ] } },
{ "type": "Feature", "properties": { "t": "river" }, "geometry": { "type": "Polygon", "coordinates": [ [ [ 443859.214579501189291, 3279069.297989935148507 ], [ 443859.247382599278353, 3279068.613516609650105 ], [ 443848.197768938378431, 3279073.89167838729918 ], [ 443818.012092280783691, 3279086.640265204012394 ], [ 443754.458419829956256, 3279116.884024791885167 ], [ 443736.995787368970923, 3279129.631406202912331 ], [ 443695.691141929593869, 3279158.1362817985937 ], [ 443659.132510064693633, 3279188.369547372683883 ], [ 443628.947914424759801, 3279216.867341730743647 ], [ 443595.605609155492857, 3279259.855250437743962 ], [ 443576.550373896490782, 3279280.602890249807388 ], [ 443566.989254861138761, 3279293.352344986516982 ], [ 443544.019891785748769, 3279337.882102515082806 ], [ 443859.214579501189291, 3279069.297989935148507 ] ] ] } },
{ "type": "Feature", "properties": { "t": "river" }, "geometry": { "type": "Polygon", "coordinates": [ [ [ 451335.139195098308846, 3277560.639063432812691 ], [ 451228.168472528690472, 3277450.297418847214431 ], [ 451347.4630496193422, 3278170.019535696133971 ], [ 451335.139195098308846, 3277560.639063432812691 ] ] ] } },
{ "type": "Feature", "properties": { "t": "river" }, "geometry": { "type": "Polygon", "coordinates": [ [ [ 447462.958842209714931, 3277611.344678187277168 ], [ 447675.316933460533619, 3277477.384149217046797 ], [ 447336.431962972215842, 3277467.888966084923595 ], [ 447462.958842209714931, 3277611.344678187277168 ] ] ] } },
{ "type": "Feature", "properties": { "t": "river" }, "geometry": { "type": "Polygon", "coordinates": [ [ [ 447046.055636768753175, 3277480.336342273280025 ], [ 446610.360270156059414, 3277471.320396665483713 ], [ 446717.008674540324137, 3277504.055518010165542 ], [ 447046.055636768753175, 3277480.336342273280025 ] ] ] } },
{ "type": "Feature", "properties": { "t": "river" }, "geometry": { "type": "Polygon", "coordinates": [ [ [ 447336.74401305912761, 3277534.371607708744705 ], [ 447336.431962972215842, 3277467.888966084923595 ], [ 447171.855753568466753, 3277468.662638645153493 ], [ 447336.74401305912761, 3277534.371607708744705 ] ] ] } },
{ "type": "Feature", "properties": { "t": "river" }, "geometry": { "type": "Polygon", "coordinates": [ [ [ 453404.334509608452208, 3225042.881470105610788 ], [ 453314.677344866562635, 3224522.497269777581096 ], [ 452923.987031584023498, 3224125.226033791899681 ], [ 453394.473296438227408, 3225009.682290169410408 ], [ 452647.007340701529756, 3225356.225941293872893 ], [ 453404.334509608452208, 3225042.881470105610788 ] ] ] } },
{ "type": "Feature", "properties": { "t": "river" }, "geometry": { "type": "MultiPolygon", "coordinates": [ [ [ [ 452739.136398055125028, 3224114.908245369326323 ], [ 452607.68235580768669, 3223932.735042750835419 ], [ 452603.089296963647939, 3223953.179388378281146 ], [ 452631.639477504009847, 3223993.475129544269294 ], [ 452602.505308916035574, 3224004.675549620296806 ], [ 452598.097623924782965, 3223975.398111048154533 ], [ 452564.103834988665767, 3224126.712301638908684 ], [ 452739.136398055125028, 3224114.908245369326323 ] ] ], [ [ [ 452853.116715316020418, 3223449.651535123120993 ], [ 452238.179752688098233, 3222942.531433127820492 ], [ 451196.146962116414215, 3222669.931752661708742 ], [ 451664.018225028237794, 3222889.542461525183171 ], [ 451616.129319256928284, 3223067.021310231648386 ], [ 452228.498404362064321, 3222953.651603356935084 ], [ 452736.024931555613875, 3223361.496298500802368 ], [ 452670.472269699559547, 3223653.256304352078587 ], [ 452853.116715316020418, 3223449.651535123120993 ] ], [ [ 451673.465231359470636, 3222823.023889170959592 ], [ 451790.430829033313785, 3222877.929626096971333 ], [ 451732.111675978288986, 3222889.255152131896466 ], [ 451654.10342645063065, 3222845.265201852656901 ], [ 451673.465231359470636, 3222823.023889170959592 ] ] ] ] } },
{ "type": "Feature", "properties": { "t": "river" }, "geometry": { "type": "Polygon", "coordinates": [ [ [ 461593.44396148098167, 3222120.668607213068753 ], [ 461641.899323546269443, 3222065.108110993634909 ], [ 461573.615799311606679, 3222009.93896546959877 ], [ 461593.44396148098167, 3222120.668607213068753 ] ] ] } },
{ "type": "Feature", "properties": { "t": "river" }, "geometry": { "type": "Polygon", "coordinates": [ [ [ 428020.277444204315543, 3231434.861345105804503 ], [ 427619.669748414307833, 3232645.162924052681774 ], [ 427192.351455283001997, 3232742.91523057827726 ], [ 427227.055071000533644, 3232751.230996515136212 ], [ 427315.227395366353448, 3232760.731151275802404 ], [ 427403.405734318599571, 3232754.982563771307468 ], [ 427440.92488663084805, 3232754.986178256105632 ], [ 427497.234448823030107, 3232751.234770379494876 ], [ 427531.006375585158821, 3232749.48277063248679 ], [ 427559.158853809756692, 3232741.983831183053553 ], [ 427645.457187760621309, 3232713.741960371844471 ], [ 427677.359724074252881, 3232694.993783059064299 ], [ 427735.539580397598911, 3232651.750617461279035 ], [ 427737.722307114629075, 3232649.714808397460729 ], [ 428020.277444204315543, 3231434.861345105804503 ] ] ] } },
{ "type": "Feature", "properties": { "t": "river" }, "geometry": { "type": "Polygon", "coordinates": [ [ [ 427734.761737077729777, 3232400.663473440334201 ], [ 427845.865150594385341, 3231524.606159794609994 ], [ 427309.34593145432882, 3232757.940822708886117 ], [ 427215.888529185380321, 3232748.555229431483895 ], [ 427227.055071000533644, 3232751.230996515136212 ], [ 427315.227395366353448, 3232760.731151275802404 ], [ 427403.405734318599571, 3232754.982563771307468 ], [ 427440.92488663084805, 3232754.986178256105632 ], [ 427476.988327263796236, 3232752.583557993173599 ], [ 427734.761737077729777, 3232400.663473440334201 ] ] ] } },
{ "type": "Feature", "properties": { "t": "river" }, "geometry": { "type": "MultiPolygon", "coordinates": [ [ [ [ 428207.252758312562946, 3231217.564105277415365 ], [ 428213.995943584537599, 3231210.795644476078451 ], [ 428270.264351354679093, 3231147.054915438871831 ], [ 428309.666428119409829, 3231111.315427763387561 ], [ 428394.123669942258857, 3231072.073185162153095 ], [ 428407.779885206720792, 3231069.624300737399608 ], [ 428251.275737825315446, 3231067.75315559329465 ], [ 427806.28167008998571, 3231414.052265858277678 ], [ 428207.252758312562946, 3231217.564105277415365 ] ] ], [ [ [ 430413.116089351242408, 3230079.297516877762973 ], [ 430580.898232776729856, 3230026.387933551799506 ], [ 430602.55700629891362, 3230000.785371191333979 ], [ 430645.702573352784384, 3229961.298732495401055 ], [ 430648.995708857895806, 3229958.788565282244235 ], [ 430266.815072582918219, 3230002.627732094377279 ], [ 429466.538780329283327, 3231082.339066341053694 ], [ 428872.45561416685814, 3231075.192554589826614 ], [ 428874.450307817896828, 3231075.821783713065088 ], [ 429039.583927133586258, 3231103.817688608542085 ], [ 429107.101684144407045, 3231115.06025242805481 ], [ 429197.185473522637039, 3231130.31126067833975 ], [ 429300.385914959886577, 3231139.560810428578407 ], [ 429356.654217628121842, 3231141.560004737693816 ], [ 429416.711509339394979, 3231149.05546162230894 ], [ 429531.157990255625919, 3231158.306699824519455 ], [ 429539.500683563703205, 3231158.845048873219639 ], [ 430413.116089351242408, 3230079.297516877762973 ] ] ] ] } },
{ "type": "Feature", "properties": { "t": "river" }, "geometry": { "type": "MultiPolygon", "coordinates": [ [ [ [ 428072.687188985350076, 3231407.65354287950322 ], [ 428073.265134771994781, 3231406.004374785348773 ], [ 428090.140759966569021, 3231387.25516233406961 ], [ 428127.664564271399286, 3231319.774701103102416 ], [ 428142.691534171812236, 3231306.522074982989579 ], [ 428151.099191699526273, 3231293.775104509200901 ], [ 428157.82039759773761, 3231283.563154893927276 ], [ 428189.591694774280768, 3231235.29142601089552 ], [ 428213.995943584537599, 3231210.795644476078451 ], [ 428229.131868304335512, 3231193.649602590128779 ], [ 428164.553713165863883, 3231190.183160573244095 ], [ 427922.93040558625944, 3231413.314927583094686 ], [ 428072.687188985350076, 3231407.65354287950322 ] ] ], [ [ [ 430413.116089351242408, 3230079.297516877762973 ], [ 429539.500683563703205, 3231158.845048873219639 ], [ 429589.338722779415548, 3231162.061195953283459 ], [ 429623.113997377746273, 3231162.053766328841448 ], [ 429688.758209154359065, 3231141.559090287890285 ], [ 429756.315001599607058, 3231100.069606123492122 ], [ 429837.016138733597472, 3231040.078564149327576 ], [ 429855.760520815616474, 3231023.328982286155224 ], [ 429921.441403740085661, 3230963.09158619120717 ], [ 429955.221627178485505, 3230933.098707056604326 ], [ 430011.491411646595225, 3230863.861406459473073 ], [ 430067.795591945003252, 3230798.12832177663222 ], [ 430120.317876977729611, 3230726.892406041733921 ], [ 430216.020049131591804, 3230610.413373220246285 ], [ 430277.948581680189818, 3230542.929596134927124 ], [ 430328.595639511069749, 3230469.690998776815832 ], [ 430367.718600593740121, 3230401.957435720600188 ], [ 430384.898458585143089, 3230372.214466660283506 ], [ 430429.922940966498572, 3230276.482849773950875 ], [ 430474.948408166121226, 3230182.752765032462776 ], [ 430497.474464317143429, 3230147.006333617959172 ], [ 430518.097283044597134, 3230100.017798752523959 ], [ 430572.530362290737685, 3230036.279530200175941 ], [ 430573.382283791084774, 3230035.272479124367237 ], [ 430413.116089351242408, 3230079.297516877762973 ] ] ] ] } },
{ "type": "Feature", "properties": { "t": "river" }, "geometry": { "type": "MultiPolygon", "coordinates": [ [ [ [ 427194.904479717661161, 3230055.043486902490258 ], [ 428014.490931448468473, 3228975.049025908578187 ], [ 428017.045237452257425, 3228960.717534407507628 ], [ 428015.214860090927687, 3228967.248988252133131 ], [ 427991.624252964975312, 3228995.250983170699328 ], [ 427970.970181159907952, 3229029.231747533660382 ], [ 427848.585974785499275, 3229181.202938105911016 ], [ 427786.655274959863164, 3229238.693066491279751 ], [ 427692.265766211785376, 3229319.678540412336588 ], [ 427656.895990742836148, 3229356.668719758745283 ], [ 427605.280641414108686, 3229400.908674106933177 ], [ 427586.096058929979336, 3229422.907127298880368 ], [ 427549.257077010464855, 3229468.646649543661624 ], [ 427522.695326787303202, 3229506.890183738432825 ], [ 427497.637293347273953, 3229537.880490386392921 ], [ 427475.519630745402537, 3229565.874286586884409 ], [ 427432.746447211189661, 3229639.602125418838114 ], [ 427410.620479839679319, 3229685.352488424628973 ], [ 427400.31180168245919, 3229703.098266913555562 ], [ 427361.974710665876046, 3229751.83952913293615 ], [ 427354.756856602383777, 3229765.374673325568438 ], [ 427338.381308774463832, 3229796.082835517823696 ], [ 427328.039096924243495, 3229818.074030451942235 ], [ 427258.740414361935109, 3229890.309408749453723 ], [ 427238.085725169046782, 3229903.557556878309697 ], [ 427205.653373568202369, 3229937.552532986272126 ], [ 427168.78481697832467, 3229955.28773491922766 ], [ 427130.445860938751139, 3229992.035442019812763 ], [ 427087.732891267572995, 3230021.283457459881902 ], [ 427056.149552444694564, 3230033.029485492967069 ], [ 426955.508867632830516, 3230111.221892283763736 ], [ 427194.904479717661161, 3230055.043486902490258 ] ] ], [ [ [ 428136.153792100027204, 3228292.477592987939715 ], [ 428102.231715046043973, 3228390.86067928140983 ], [ 428088.945379323675297, 3228440.854506337549537 ], [ 428072.73704522405751, 3228488.096630514133722 ], [ 428055.021070326329209, 3228582.571483685169369 ], [ 428043.238138725864701, 3228750.541064413730055 ], [ 428035.866032057558186, 3228850.768011344596744 ], [ 428035.519807639764622, 3228857.063121065497398 ], [ 428136.153792100027204, 3228292.477592987939715 ] ] ] ] } },
{ "type": "Feature", "properties": { "t": "river" }, "geometry": { "type": "MultiPolygon", "coordinates": [ [ [ [ 428862.659809187578503, 3225044.261150964535773 ], [ 428855.735412256093696, 3225052.288282675202936 ], [ 428802.650146359286737, 3225117.272129151038826 ], [ 428771.683115864288993, 3225166.017424958758056 ], [ 428742.193113559274934, 3225211.755016371142119 ], [ 428689.110119898337871, 3225311.981713708955795 ], [ 428668.484914004104212, 3225344.229258720763028 ], [ 428657.002698760014027, 3225381.654335564933717 ], [ 428862.659809187578503, 3225044.261150964535773 ] ] ], [ [ [ 429157.867224956222344, 3223627.190128955058753 ], [ 427857.982844393816777, 3223644.741592264268547 ], [ 427904.141103795613162, 3223662.819233585614711 ], [ 427961.507109242666047, 3223683.565955362748355 ], [ 427995.310507394315209, 3223689.315842823125422 ], [ 428055.586437656078488, 3223701.062786441762 ], [ 428109.983349341375288, 3223712.805319834500551 ], [ 428195.250671745685395, 3223720.296233830973506 ], [ 428239.364900535845663, 3223717.2980642830953 ], [ 428317.29228898283327, 3223715.812427953351289 ], [ 428343.755321579345036, 3223711.560959551017731 ], [ 428452.555237405642401, 3223715.804043098818511 ], [ 428536.3532928773202, 3223727.551858842838556 ], [ 428662.80113974417327, 3223742.30308777699247 ], [ 428709.856062366103288, 3223746.802118365187198 ], [ 428768.66159528424032, 3223751.048035325016826 ], [ 428859.804365278105251, 3223748.299830538686365 ], [ 428945.102218914020341, 3223751.052306946367025 ], [ 429018.585216640669387, 3223764.294432765804231 ], [ 429050.957673348195385, 3223771.794442216400057 ], [ 429068.578827996156178, 3223776.047973879147321 ], [ 429127.390788348391652, 3223801.036685542203486 ], [ 429143.574927678506356, 3223812.785437031649053 ], [ 429192.091057458485011, 3223842.284190975129604 ], [ 429245.023516866087448, 3223882.025792803615332 ], [ 429259.699816171720158, 3223896.768862866796553 ], [ 429287.002360114536714, 3223918.044228955637664 ], [ 429320.008544208889361, 3223943.764373445417732 ], [ 429344.926850533171091, 3223977.048087236471474 ], [ 429157.867224956222344, 3223627.190128955058753 ] ] ] ] } },
{ "type": "Feature", "properties": { "t": "river" }, "geometry": { "type": "MultiPolygon", "coordinates": [ [ [ [ 431472.665437516756356, 3225186.488018014002591 ], [ 432598.526659613649826, 3224780.910859656054527 ], [ 432889.015512982732616, 3224557.599146652035415 ], [ 432083.953882681613322, 3224939.077223997097462 ], [ 433332.181041270203423, 3223931.689193372614682 ], [ 431860.58200187998591, 3224995.806707809213549 ], [ 431337.780067248328123, 3225135.280518177431077 ], [ 431472.665437516756356, 3225186.488018014002591 ] ] ], [ [ [ 434355.116152972739656, 3223810.759259244892746 ], [ 433729.957205865590367, 3223644.123500691261142 ], [ 433558.179609809885733, 3223768.303752331994474 ], [ 434355.116152972739656, 3223810.759259244892746 ] ] ], [ [ [ 434849.724648749222979, 3223837.136776797007769 ], [ 434926.47012094972888, 3223648.337852756027132 ], [ 434456.26990616711555, 3223816.152050859294832 ], [ 434849.724648749222979, 3223837.136776797007769 ] ] ] ] } },
{ "type": "Feature", "properties": { "t": "river" }, "geometry": { "type": "Polygon", "coordinates": [ [ [ 430466.512910831195768, 3224472.343498981092125 ], [ 429415.356914101168513, 3224367.977337452117354 ], [ 430349.726363283931278, 3224461.973601841367781 ], [ 430878.243046301940922, 3225001.700427635107189 ], [ 430466.512910831195768, 3224472.343498981092125 ] ] ] } },
{ "type": "Feature", "properties": { "t": "river" }, "geometry": { "type": "Polygon", "coordinates": [ [ [ 435652.834620081761386, 3223079.145206834655255 ], [ 436546.922011341142934, 3222919.033039543777704 ], [ 437745.250094578193966, 3223244.855419095139951 ], [ 438900.28130308969412, 3222762.190287951845676 ], [ 437841.743132075294852, 3223100.290255117230117 ], [ 437305.933908151637297, 3222959.171399036422372 ], [ 437976.429343894880731, 3222822.55837535392493 ], [ 437625.68250961380545, 3222724.743496994953603 ], [ 435740.072856063721702, 3223023.254629326052964 ], [ 435206.677759883808903, 3223314.344358702655882 ], [ 434927.352119805349503, 3223803.454702532384545 ], [ 435652.834620081761386, 3223079.145206834655255 ] ], [ [ 437939.199741551245097, 3223133.001638683490455 ], [ 437043.710665167309344, 3223038.171014799270779 ], [ 437510.640398169285618, 3223035.61257546627894 ], [ 437939.199741551245097, 3223133.001638683490455 ] ] ] } },
{ "type": "Feature", "properties": { "t": "river" }, "geometry": { "type": "MultiPolygon", "coordinates": [ [ [ [ 483599.69180294504622, 3249911.063283609692007 ], [ 483891.451919056591578, 3250353.837642464786768 ], [ 483956.29905136564048, 3250317.048147900961339 ], [ 483599.69180294504622, 3249911.063283609692007 ] ] ], [ [ [ 484909.600329480250366, 3249776.285822780337185 ], [ 485583.10142173449276, 3249956.905189312063158 ], [ 484938.566452491504606, 3249665.449220204725862 ], [ 484150.607153543736786, 3250206.815688140690327 ], [ 484909.600329480250366, 3249776.285822780337185 ] ] ], [ [ [ 486182.544885018782225, 3251137.479439727496356 ], [ 486330.637580910348333, 3252122.793944088276476 ], [ 486387.379034266516101, 3252023.617700872011483 ], [ 486201.816498866071925, 3251026.657736955210567 ], [ 485695.954313930298667, 3250007.942104288842529 ], [ 485611.501787209359463, 3249969.748902651015669 ], [ 486182.544885018782225, 3251137.479439727496356 ] ] ], [ [ [ 485602.6442038473906, 3252944.215301570016891 ], [ 485564.275265531265177, 3253287.739671527873725 ], [ 486323.108844850969035, 3253572.37679110839963 ], [ 486311.607598007540219, 3253552.727847571950406 ], [ 486398.918484098103363, 3253552.622594843618572 ], [ 486371.365759220556356, 3253590.480079502798617 ], [ 486447.504130693501793, 3253619.043463746551424 ], [ 486467.317134473996703, 3253962.495442473795265 ], [ 486599.53440377372317, 3253936.714070292189717 ], [ 486486.202911563799717, 3253530.358333269134164 ], [ 485651.616306555515621, 3253309.788341626059264 ], [ 486239.265486331016291, 3252282.504076272714883 ], [ 485602.6442038473906, 3252944.215301570016891 ] ] ], [ [ [ 487553.581577899749391, 3253750.731370133347809 ], [ 487087.868622182984836, 3253695.853814064059407 ], [ 486734.904040391207673, 3253910.319734050892293 ], [ 487553.581577899749391, 3253750.731370133347809 ] ] ] ] } },
{ "type": "Feature", "properties": { "t": "river" }, "geometry": { "type": "Polygon", "coordinates": [ [ [ 483512.159339120844379, 3249778.23247217386961 ], [ 483327.595454647787847, 3249656.624468857422471 ], [ 483599.8200645801262, 3249999.70164667442441 ], [ 483512.159339120844379, 3249778.23247217386961 ] ] ] } },
{ "type": "Feature", "properties": { "t": "river" }, "geometry": { "type": "MultiPolygon", "coordinates": [ [ [ [ 456809.149640084244311, 3261267.241962634958327 ], [ 456763.017847132054158, 3261615.871766316704452 ], [ 456794.291513076750562, 3261634.406217376235873 ], [ 456809.149640084244311, 3261267.241962634958327 ] ] ], [ [ [ 457104.652695811819285, 3259675.522320457268506 ], [ 456772.269524810952134, 3258967.65390107780695 ], [ 457008.028583828825504, 3259764.531725920271128 ], [ 457005.973340631346218, 3259780.058714658487588 ], [ 457104.652695811819285, 3259675.522320457268506 ] ] ], [ [ [ 458026.104045568208676, 3262364.561498960014433 ], [ 458248.744176539126784, 3263216.707623423077166 ], [ 458074.573225840635132, 3262364.381282424088567 ], [ 457529.841623259126209, 3261867.806197384372354 ], [ 456935.965588865627069, 3261718.371714311651886 ], [ 458026.104045568208676, 3262364.561498960014433 ] ] ], [ [ [ 458321.095227061945479, 3263493.656188172288239 ], [ 458670.322496958891861, 3263569.932924542576075 ], [ 458305.064562718733214, 3263432.292121259029955 ], [ 458321.095227061945479, 3263493.656188172288239 ] ] ] ] } },
{ "type": "Feature", "properties": { "t": "river" }, "geometry": { "type": "Polygon", "coordinates": [ [ [ 456829.899677297682501, 3258823.390406847931445 ], [ 456537.884720119996928, 3258536.423823078162968 ], [ 456198.785510476096533, 3258615.295070657972246 ], [ 455352.775599714834243, 3258020.272963502444327 ], [ 456111.597919945023023, 3258637.793920119758695 ], [ 456470.218195244553499, 3258592.085524794645607 ], [ 456733.482459044083953, 3258967.802392876241356 ], [ 456829.899677297682501, 3258823.390406847931445 ] ] ] } },
{ "type": "Feature", "properties": { "t": "river" }, "geometry": { "type": "MultiPolygon", "coordinates": [ [ [ [ 451381.020439097774215, 3256773.508218945004046 ], [ 451867.748480601469055, 3257192.476637551095337 ], [ 451923.204937758098822, 3257190.12834103172645 ], [ 451381.020439097774215, 3256773.508218945004046 ] ] ], [ [ [ 452353.926618859637529, 3257489.584722586907446 ], [ 452484.046897285443265, 3257579.483034078963101 ], [ 452431.651176110724919, 3257522.498212308622897 ], [ 452546.678845624672249, 3257200.686398665886372 ], [ 452440.228312088933308, 3257199.233622304163873 ], [ 452353.926618859637529, 3257489.584722586907446 ] ] ], [ [ [ 452850.840084354160354, 3258041.515244701877236 ], [ 453579.571245707396884, 3258381.986919137183577 ], [ 453659.451161856180988, 3258319.526897334028035 ], [ 453589.132013609982096, 3258348.70679372549057 ], [ 452918.76947172783548, 3258052.312311839312315 ], [ 452871.138139866117854, 3258000.503005545586348 ], [ 452850.840084354160354, 3258041.515244701877236 ] ] ], [ [ [ 454405.853990390372928, 3258877.23475198680535 ], [ 454440.669693956500851, 3258814.987499290611595 ], [ 453966.69593925512163, 3258192.038397459778935 ], [ 453891.732518787554, 3258223.142763269133866 ], [ 454405.853990390372928, 3258877.23475198680535 ] ] ], [ [ [ 454737.067839514347725, 3258285.087985521648079 ], [ 454529.862025145615917, 3258367.042437538970262 ], [ 454463.749954548256937, 3258773.722579534165561 ], [ 454737.067839514347725, 3258285.087985521648079 ] ] ] ] } },
{ "type": "Feature", "properties": { "t": "river" }, "geometry": { "type": "Polygon", "coordinates": [ [ [ 432461.588422674976755, 3262222.69549397053197 ], [ 432578.395826974418014, 3262198.232382407411933 ], [ 432584.055768302700017, 3262188.364278168883175 ], [ 432611.475178489461541, 3262140.558851689565927 ], [ 432622.680073265102692, 3262128.35579522466287 ], [ 432509.595954306540079, 3262144.842829041182995 ], [ 432140.939747794356663, 3262508.120724535547197 ], [ 432177.296555238484871, 3262528.480643149465322 ], [ 432218.290782963682432, 3262543.470359805040061 ], [ 432254.719879615935497, 3262550.191627820488065 ], [ 432259.871006773551926, 3262534.166604168713093 ], [ 432317.436928624578286, 3262434.094073651824147 ], [ 432263.747973542311229, 3262551.857355242595077 ], [ 432276.527589211356826, 3262554.215269913896918 ], [ 432280.047082737321034, 3262554.582649853080511 ], [ 432461.588422674976755, 3262222.69549397053197 ] ] ] } },
{ "type": "Feature", "properties": { "t": "river" }, "geometry": { "type": "Polygon", "coordinates": [ [ [ 432621.736925726116169, 3262129.382959366310388 ], [ 432625.875877218088135, 3262124.875307617243379 ], [ 432383.702074113301933, 3262167.758093820419163 ], [ 432241.053994117712136, 3262394.942204668186605 ], [ 432621.736925726116169, 3262129.382959366310388 ] ] ] } },
{ "type": "Feature", "properties": { "t": "river" }, "geometry": { "type": "Polygon", "coordinates": [ [ [ 432113.129250382538885, 3259088.931949604302645 ], [ 431997.621842646505684, 3259154.228924057912081 ], [ 431949.924421675794292, 3259202.648995392024517 ], [ 431895.871667917759623, 3259286.634338808711618 ], [ 431839.664680204819888, 3259386.118329205084592 ], [ 431802.884750137163792, 3259478.843838044442236 ], [ 431788.692761298734695, 3259517.441991532221437 ], [ 432113.129250382538885, 3259088.931949604302645 ] ] ] } },
{ "type": "Feature", "properties": { "t": "river" }, "geometry": { "type": "Polygon", "coordinates": [ [ [ 428327.684524461859837, 3258259.229961449746042 ], [ 428333.500848065013997, 3258257.838823881465942 ], [ 428338.376828443899285, 3258254.550152102485299 ], [ 428327.684524461859837, 3258259.229961449746042 ] ] ] } },
{ "type": "Feature", "properties": { "t": "river" }, "geometry": { "type": "MultiPolygon", "coordinates": [ [ [ [ 428182.205364396853838, 3258258.819688875693828 ], [ 428198.405473758117296, 3258263.219993425998837 ], [ 428490.616980702616274, 3258144.776195511687547 ], [ 428526.265317204175517, 3258116.440164152532816 ], [ 428556.763324229454156, 3258092.198161954060197 ], [ 428182.205364396853838, 3258258.819688875693828 ] ] ], [ [ [ 429471.103494090319145, 3258113.780361768789589 ], [ 429476.630922568845563, 3258111.86662935372442 ], [ 429514.340327106416225, 3258091.852915267460048 ], [ 429488.368879000481684, 3258052.335697458125651 ], [ 429398.878218979109079, 3258104.203306271694601 ], [ 429471.103494090319145, 3258113.780361768789589 ] ] ] ] } },
{ "type": "Feature", "properties": { "t": "river" }, "geometry": { "type": "MultiPolygon", "coordinates": [ [ [ [ 430076.984020513249561, 3258460.164248899556696 ], [ 430015.488057575712446, 3258603.097701512742788 ], [ 430136.935393062303774, 3258868.081749679520726 ], [ 430076.984020513249561, 3258460.164248899556696 ] ] ], [ [ [ 430318.119081971934065, 3258265.106363465078175 ], [ 430320.494203573151026, 3258255.434762490447611 ], [ 430158.895001293276437, 3258269.787108572199941 ], [ 430153.583477384177968, 3258282.13190728565678 ], [ 430318.119081971934065, 3258265.106363465078175 ] ] ], [ [ [ 430963.399662318697665, 3258198.358735801186413 ], [ 430734.308994046295993, 3258218.692740212194622 ], [ 430750.363014040456619, 3258220.39101439807564 ], [ 430963.399662318697665, 3258198.358735801186413 ] ] ] ] } },
{ "type": "Feature", "properties": { "t": "river" }, "geometry": { "type": "Polygon", "coordinates": [ [ [ 430264.95680651528528, 3258399.48943411000073 ], [ 430277.007329308777116, 3258369.063958208076656 ], [ 430297.052498187113088, 3258324.270571194123477 ], [ 430301.502701268414967, 3258314.326172487810254 ], [ 430304.295031669491436, 3258306.368832477368414 ], [ 430110.680507746699732, 3258314.408306792844087 ], [ 430104.560903062403668, 3258424.815037679858506 ], [ 430264.95680651528528, 3258399.48943411000073 ] ] ] } },
{ "type": "Feature", "properties": { "t": "river" }, "geometry": { "type": "Polygon", "coordinates": [ [ [ 431885.22198531543836, 3258281.410298323724419 ], [ 431672.371286358800717, 3258456.352635455783457 ], [ 431681.844392885861453, 3258460.049981229007244 ], [ 431744.554858451767359, 3258466.298598017543554 ], [ 431819.760441745747812, 3258462.049308360554278 ], [ 431877.748406671569683, 3258443.049272493459284 ], [ 431916.95479608187452, 3258413.310652097221464 ], [ 431926.401585374609567, 3258400.808763578534126 ], [ 431954.677410490519833, 3258319.326567607466131 ], [ 431955.24534331029281, 3258317.009922267869115 ], [ 431885.22198531543836, 3258281.410298323724419 ] ] ] } },
{ "type": "Feature", "properties": { "t": "river" }, "geometry": { "type": "MultiPolygon", "coordinates": [ [ [ [ 431785.672147403878625, 3258252.679487837012857 ], [ 431602.51974034961313, 3258419.908715121913701 ], [ 431622.351133404590655, 3258433.552884027827531 ], [ 431653.660082270100247, 3258449.049698053859174 ], [ 431664.447644926840439, 3258453.260052578523755 ], [ 431785.672147403878625, 3258252.679487837012857 ] ] ], [ [ [ 431960.197889628587291, 3258296.808117137756199 ], [ 431970.42576125258347, 3258255.088119434192777 ], [ 431971.856266352755483, 3258248.220103624276817 ], [ 431826.634762906120159, 3258215.279244877863675 ], [ 431789.520056437177118, 3258249.16620056796819 ], [ 431960.197889628587291, 3258296.808117137756199 ] ] ] ] } },
{ "type": "Feature", "properties": { "t": "river" }, "geometry": { "type": "Polygon", "coordinates": [ [ [ 429476.387484966602642, 3251994.684578556101769 ], [ 429444.734201592509635, 3252000.601260029710829 ], [ 429344.089438895171043, 3252010.100133004132658 ], [ 429298.505935725523159, 3252019.59555614227429 ], [ 429274.627070334914606, 3252024.575935495086014 ], [ 429265.115626874379814, 3252026.559731914196163 ], [ 427999.205888134078123, 3252759.99159869318828 ], [ 427982.18292740220204, 3252783.19390340289101 ], [ 427957.726740057230927, 3252818.939963665325195 ], [ 429476.387484966602642, 3251994.684578556101769 ] ] ] } },
{ "type": "Feature", "properties": { "t": "river" }, "geometry": { "type": "Polygon", "coordinates": [ [ [ 429379.776295036193915, 3252006.731896033510566 ], [ 429377.302023286814801, 3252006.965421834029257 ], [ 429376.335989725543186, 3252008.592872154898942 ], [ 429379.776295036193915, 3252006.731896033510566 ] ] ] } },
{ "type": "Feature", "properties": { "t": "river" }, "geometry": { "type": "MultiPolygon", "coordinates": [ [ [ [ 462017.575535279815085, 3287414.294511860236526 ], [ 462015.067882988951169, 3287408.510586339980364 ], [ 461642.070738303125836, 3287914.203797148074955 ], [ 461643.656875580840278, 3287918.993895634077489 ], [ 462017.575535279815085, 3287414.294511860236526 ] ] ], [ [ [ 461817.979695166228339, 3288445.470740913413465 ], [ 463503.718426750740036, 3289337.366575351916254 ], [ 461755.367630857916083, 3288256.36852249968797 ], [ 461817.979695166228339, 3288445.470740913413465 ] ] ] ] } },
{ "type": "Feature", "properties": { "t": "river" }, "geometry": { "type": "MultiPolygon", "coordinates": [ [ [ [ 462292.988228418398649, 3285906.403333957772702 ], [ 462249.712117040995508, 3285486.994732769206166 ], [ 461724.792318159074057, 3286650.732174098026007 ], [ 462292.988228418398649, 3285906.403333957772702 ] ] ], [ [ [ 462132.96242481993977, 3284355.665723161306232 ], [ 462894.352628892171197, 3284346.355473408009857 ], [ 463003.551645724743139, 3284308.431833575014025 ], [ 463139.609630279068369, 3284343.367514165583998 ], [ 463241.510263101139572, 3284342.127642573323101 ], [ 463230.455868099816144, 3284325.367528692353517 ], [ 461987.312892472778913, 3284201.031803105957806 ], [ 461408.915603617264424, 3284812.441910966299474 ], [ 459530.587435580790043, 3284409.095683008432388 ], [ 461409.030244676978327, 3284845.683207851368934 ], [ 462065.088286212296225, 3284311.573388955090195 ], [ 462177.703194025962148, 3284789.188048236072063 ], [ 462132.96242481993977, 3284355.665723161306232 ] ] ], [ [ [ 463380.980574237939436, 3284340.432148023508489 ], [ 463291.717845555394888, 3284331.498421779833734 ], [ 463279.965994337399025, 3284341.659975330810994 ], [ 463380.980574237939436, 3284340.432148023508489 ] ] ] ] } },
{ "type": "Feature", "properties": { "t": "river" }, "geometry": { "type": "MultiPolygon", "coordinates": [ [ [ [ 457832.317298324953299, 3283041.371249044314027 ], [ 457824.945531351491809, 3283058.429629297461361 ], [ 458308.257766665017698, 3283527.134775972925127 ], [ 458509.748633223469369, 3284054.80725762154907 ], [ 458523.050538481038529, 3284047.124660073313862 ], [ 458548.905637208546977, 3284061.803006291389465 ], [ 458220.39175688882824, 3283316.931149927899241 ], [ 457249.514056771295145, 3282456.309745849575847 ], [ 456756.310295178322122, 3282535.767419096082449 ], [ 456609.918382350879256, 3282214.996301358565688 ], [ 456164.267544907750562, 3282083.764362818561494 ], [ 456756.438650262192823, 3282569.008718141820282 ], [ 457249.683240316750016, 3282500.63145786896348 ], [ 457760.225647176848724, 3282995.670312389731407 ], [ 457754.700105374329723, 3282986.260868786368519 ], [ 457832.317298324953299, 3283041.371249044314027 ] ] ], [ [ [ 458620.908054788364097, 3284345.938524612225592 ], [ 459462.90381277463166, 3284420.421221273485571 ], [ 458727.918858951714355, 3284302.925716792233288 ], [ 458678.834639499487821, 3284312.482717650476843 ], [ 458711.938888314878568, 3284300.371704104822129 ], [ 458649.728020904760342, 3284290.429026389028877 ], [ 458560.414103832270484, 3284087.899229434784502 ], [ 458554.125013678334653, 3284171.028976316563785 ], [ 458620.908054788364097, 3284345.938524612225592 ] ], [ [ 458688.591353420168161, 3284334.607891023159027 ], [ 458649.891773353563622, 3284334.750805508811027 ], [ 458620.785153673263267, 3284312.697188857477158 ], [ 458688.591353420168161, 3284334.607891023159027 ] ] ] ] } },
{ "type": "Feature", "properties": { "t": "river" }, "geometry": { "type": "Polygon", "coordinates": [ [ [ 455999.499663012975361, 3282017.926780598703772 ], [ 455456.446240022196434, 3281731.97730549518019 ], [ 455699.646442050056066, 3282052.350476740393788 ], [ 455999.499663012975361, 3282017.926780598703772 ] ] ] } },
{ "type": "Feature", "properties": { "t": "river" }, "geometry": { "type": "MultiPolygon", "coordinates": [ [ [ [ 452076.75215419504093, 3278931.44248580140993 ], [ 451395.624485495151021, 3278114.407647726591676 ], [ 452028.401389389997348, 3278942.729837511666119 ], [ 452158.607867582992185, 3279388.440226865932345 ], [ 452076.75215419504093, 3278931.44248580140993 ] ] ], [ [ [ 452283.796982944535557, 3279817.00946094840765 ], [ 455117.744998157781083, 3281733.329166315961629 ], [ 455417.781627257645596, 3281743.211717123631388 ], [ 452242.315425072330981, 3279674.998878704383969 ], [ 452283.796982944535557, 3279817.00946094840765 ] ] ] ] } },
{ "type": "Feature", "properties": { "t": "river" }, "geometry": { "type": "Polygon", "coordinates": [ [ [ 439243.202232715731952, 3288224.055506684817374 ], [ 439058.955275717249606, 3288136.410513225477189 ], [ 439021.586342325841542, 3288156.58566006924957 ], [ 439006.178025611792691, 3288172.063044012058526 ], [ 438986.506374047894496, 3288200.039366259239614 ], [ 438973.840303561883047, 3288218.05272534256801 ], [ 438941.533705129229929, 3288265.295787733979523 ], [ 438912.912701468972955, 3288318.786549265030771 ], [ 438886.82326826377539, 3288369.770204877015203 ], [ 438885.492475443403237, 3288373.878470764029771 ], [ 439243.202232715731952, 3288224.055506684817374 ] ] ] } },
{ "type": "Feature", "properties": { "t": "river" }, "geometry": { "type": "Polygon", "coordinates": [ [ [ 439255.820174129505176, 3291300.506685664411634 ], [ 439267.32273818703834, 3291285.436782855074853 ], [ 439272.731694235466421, 3291270.608869064133614 ], [ 439153.293385108292568, 3291249.667997073382139 ], [ 439055.689212497905828, 3291316.241425151005387 ], [ 439061.296212916146033, 3291321.679631710983813 ], [ 439090.975419782684185, 3291338.183380303438753 ], [ 439255.820174129505176, 3291300.506685664411634 ] ] ] } },
{ "type": "Feature", "properties": { "t": "river" }, "geometry": { "type": "Polygon", "coordinates": [ [ [ 477424.552629707904998, 3289862.464096727315336 ], [ 477604.153872542257886, 3289732.3380147209391 ], [ 480256.380295981711242, 3291212.115509202238172 ], [ 477749.183016940485686, 3289720.967706797178835 ], [ 475593.042498939670622, 3289858.436703581828624 ], [ 477343.443760022288188, 3289921.231677070725709 ], [ 477378.618420330458321, 3289895.745663058012724 ], [ 477353.068744683987461, 3289899.051226864568889 ], [ 477424.552629707904998, 3289862.464096727315336 ] ] ] } },
{ "type": "Feature", "properties": { "t": "river" }, "geometry": { "type": "MultiPolygon", "coordinates": [ [ [ [ 486642.538027219765354, 3270848.191323442384601 ], [ 486604.283431849675253, 3270512.9929667301476 ], [ 486141.142533555685077, 3272710.260343997739255 ], [ 486217.787191386567429, 3272877.931994698010385 ], [ 486642.538027219765354, 3270848.191323442384601 ] ] ], [ [ [ 486349.330936632642988, 3268279.525326053611934 ], [ 486300.400013077771291, 3268289.099980634637177 ], [ 486546.658714396413416, 3270008.104955437593162 ], [ 486349.330936632642988, 3268279.525326053611934 ] ] ], [ [ [ 487259.403678682108875, 3268143.932844209019095 ], [ 487404.176029800728429, 3267645.16685453010723 ], [ 488197.950983631948475, 3266946.263382727280259 ], [ 488180.02653221890796, 3266604.80934404861182 ], [ 488178.548319426481612, 3266924.123628775589168 ], [ 487433.094958017929457, 3267512.173778434284031 ], [ 487269.04223678202834, 3268099.601650176569819 ], [ 486969.277907942596357, 3268158.235832144971937 ], [ 487259.403678682108875, 3268143.932844209019095 ] ] ], [ [ [ 488074.618503176607192, 3264597.226925052236766 ], [ 487982.319789666391443, 3264641.844236073549837 ], [ 488093.422223568777554, 3264955.309039424639195 ], [ 488074.618503176607192, 3264597.226925052236766 ] ] ], [ [ [ 488747.642166498058941, 3264319.733988951891661 ], [ 489328.499124528840184, 3263621.129123720806092 ], [ 488786.343884711735882, 3264253.215378196444362 ], [ 488531.228650173987262, 3264376.517391143366694 ], [ 488747.642166498058941, 3264319.733988951891661 ] ] ], [ [ [ 486616.935557903372683, 3273751.218091629911214 ], [ 487101.445962398836855, 3274027.655411138664931 ], [ 488195.914770958537702, 3274236.975116559769958 ], [ 490025.904600241687149, 3274035.758446231950074 ], [ 488089.338359503541142, 3274181.686811233870685 ], [ 487430.477881672850344, 3273838.919734628405422 ], [ 487033.545608197920956, 3273928.012119200080633 ], [ 486322.454791349184234, 3273106.916949223726988 ], [ 486616.935557903372683, 3273751.218091629911214 ] ] ] ] } },
{ "type": "Feature", "properties": { "t": "lake" }, "geometry": { "type": "Polygon", "coordinates": [ [ [ 490584.4487700900645, 3316141.050580482929945 ], [ 490777.19650026113959, 3315908.191754966974258 ], [ 490478.302212971204426, 3316107.899073250591755 ], [ 490584.4487700900645, 3316141.050580482929945 ] ] ] } },
{ "type": "Feature", "properties": { "t": "lake" }, "geometry": { "type": "Polygon", "coordinates": [ [ [ 494249.465326153731439, 3314454.262368178926408 ], [ 494230.260639724088833, 3314631.564388959202915 ], [ 494558.278838866506703, 3314575.994506039191037 ], [ 494249.465326153731439, 3314454.262368178926408 ] ] ] } },
{ "type": "Feature", "properties": { "t": "river" }, "geometry": { "type": "MultiPolygon", "coordinates": [ [ [ [ 457475.574163459590636, 3304270.217742206528783 ], [ 457467.222556471882854, 3304273.5726541983895 ], [ 457429.451845122792292, 3304304.314508120995015 ], [ 457409.142233851656783, 3304336.312242332845926 ], [ 457400.551122913369909, 3304353.190031060948968 ], [ 457475.574163459590636, 3304270.217742206528783 ] ] ], [ [ [ 465940.357515611511189, 3314117.338084036950022 ], [ 465980.755166982067749, 3314090.846847884356976 ], [ 466017.092903961543925, 3314060.352818137966096 ], [ 466033.678577302664053, 3314047.273504234384745 ], [ 465919.857706002658233, 3314061.992806163616478 ], [ 464450.653798022423871, 3314981.532610722351819 ], [ 464451.809081170009449, 3314981.671667385846376 ], [ 464461.258949468552601, 3314982.12670781975612 ], [ 465940.357515611511189, 3314117.338084036950022 ] ] ], [ [ [ 468399.529224837955553, 3314010.313719206489623 ], [ 468203.421111604373436, 3314104.3826380870305 ], [ 468234.730850912863389, 3314113.847211867570877 ], [ 468282.481170786253642, 3314111.584207243286073 ], [ 468455.642065832100343, 3314108.346913851331919 ], [ 468460.705721689329948, 3314107.591366739012301 ], [ 468484.229819227242842, 3314098.597247418481857 ], [ 468495.471680487680715, 3314092.473099763505161 ], [ 468399.529224837955553, 3314010.313719206489623 ] ] ] ] } },
{ "type": "Feature", "properties": { "t": "river" }, "geometry": { "type": "Polygon", "coordinates": [ [ [ 451645.593462033139076, 3297837.089027771260589 ], [ 451645.408620552916545, 3297836.768108368385583 ], [ 451644.775526527082548, 3297837.468499668873847 ], [ 451645.593462033139076, 3297837.089027771260589 ] ] ] } },
{ "type": "Feature", "properties": { "t": "river" }, "geometry": { "type": "Polygon", "coordinates": [ [ [ 445833.887686030124314, 3297048.065595621243119 ], [ 445689.380760590254795, 3297122.114290452562273 ], [ 445484.056303573423065, 3297367.319278927519917 ], [ 445509.773526981996838, 3297409.950538044795394 ], [ 445541.921516343951225, 3297424.198712095152587 ], [ 445551.347057124134153, 3297425.136546682566404 ], [ 445833.887686030124314, 3297048.065595621243119 ] ] ] } },
{ "type": "Feature", "properties": { "t": "river" }, "geometry": { "type": "Polygon", "coordinates": [ [ [ 448697.124247776169796, 3296882.964687107596546 ], [ 448743.07437896518968, 3296857.557222745846957 ], [ 448748.415921908861492, 3296856.671555003616959 ], [ 448824.781810494605452, 3296817.525554603897035 ], [ 448857.620981842279434, 3296789.076839211396873 ], [ 448891.769105475163087, 3296779.078865637071431 ], [ 448933.953114743926562, 3296755.082222705241293 ], [ 448980.19229178794194, 3296732.846982648130506 ], [ 449021.37403398816241, 3296712.844393473118544 ], [ 449049.52410718734609, 3296694.847477492876351 ], [ 449105.766336206230335, 3296668.605709330644459 ], [ 449127.868248754821252, 3296662.168023716192693 ], [ 449715.898212236585096, 3296360.788892259355634 ], [ 449760.45283871225547, 3296362.527444329578429 ], [ 449761.881443631951697, 3296361.165502867195755 ], [ 449771.137380901083816, 3296348.67156936135143 ], [ 449609.48761620168807, 3296339.107737195678055 ], [ 448367.976663433481008, 3296995.294868359342217 ], [ 448439.622042545117438, 3296986.035227494314313 ], [ 448530.040755142574199, 3296958.046380321960896 ], [ 448578.287131857534405, 3296941.797707707155496 ], [ 448607.914102406124584, 3296928.696446443442255 ], [ 448697.124247776169796, 3296882.964687107596546 ] ] ] } },
{ "type": "Feature", "properties": { "t": "river" }, "geometry": { "type": "Polygon", "coordinates": [ [ [ 441300.904788485262543, 3292379.514743627980351 ], [ 441334.025659866922069, 3292360.470575499814004 ], [ 441364.180486721801572, 3292326.224091885611415 ], [ 441404.360062379506417, 3292294.231149942148477 ], [ 441436.512185052328277, 3292263.991244642995298 ], [ 441470.696231039066333, 3292239.745338786393404 ], [ 441489.272039214032702, 3292223.903063470032066 ], [ 441488.725577228935435, 3292223.393984571099281 ], [ 440922.334187067637686, 3292307.583863489329815 ], [ 440985.397541671991348, 3292330.229221602901816 ], [ 441047.695298942038789, 3292352.470525817014277 ], [ 441139.260985656874254, 3292380.366185533348471 ], [ 441300.904788485262543, 3292379.514743627980351 ] ] ] } },
{ "type": "Feature", "properties": { "t": "river" }, "geometry": { "type": "Polygon", "coordinates": [ [ [ 513860.753578700416256, 3166547.910218404140323 ], [ 513890.170339270494878, 3166470.395198822952807 ], [ 513812.154084960580803, 3166315.202920614276081 ], [ 513860.753578700416256, 3166547.910218404140323 ] ] ] } },
{ "type": "Feature", "properties": { "t": "river" }, "geometry": { "type": "MultiPolygon", "coordinates": [ [ [ [ 512083.764643158472609, 3164573.958214439451694 ], [ 512181.21833394235, 3164873.17953805392608 ], [ 512539.731175062654074, 3165033.240340358577669 ], [ 512083.764643158472609, 3164573.958214439451694 ] ] ], [ [ [ 513118.671318872773554, 3165826.947896900586784 ], [ 513812.154084960580803, 3166315.202920614276081 ], [ 512859.001410324941389, 3165354.864480081014335 ], [ 513118.671318872773554, 3165826.947896900586784 ] ] ] ] } },
{ "type": "Feature", "properties": { "t": "river" }, "geometry": { "type": "Polygon", "coordinates": [ [ [ 523647.700355894165114, 3165433.592157494276762 ], [ 523745.436346601287369, 3165444.868804091587663 ], [ 523608.664055635337718, 3165400.277458165306598 ], [ 523647.700355894165114, 3165433.592157494276762 ] ] ] } },
{ "type": "Feature", "properties": { "t": "river" }, "geometry": { "type": "Polygon", "coordinates": [ [ [ 524214.653745138086379, 3165456.909535522572696 ], [ 521674.622025102435146, 3164543.481860476080328 ], [ 520582.197574739693664, 3163090.217134569305927 ], [ 520142.406753300921991, 3162967.588045103475451 ], [ 521176.497676757862791, 3164276.683750732336193 ], [ 521791.693362435617018, 3164676.642353889532387 ], [ 523280.121161245391704, 3165155.889524887315929 ], [ 523315.873676477000117, 3165155.960741495713592 ], [ 523301.663236229680479, 3165162.827371905557811 ], [ 524214.653745138086379, 3165456.909535522572696 ] ], [ [ 521118.676646169216838, 3163811.279277794528753 ], [ 521118.35674349765759, 3163988.535794928204268 ], [ 520972.137920469162054, 3163744.544344092253596 ], [ 521118.676646169216838, 3163811.279277794528753 ] ], [ [ 520855.126859623356722, 3163567.078224421478808 ], [ 520337.695086432911921, 3163123.025413168594241 ], [ 520494.216862286906689, 3163078.984210034832358 ], [ 520855.126859623356722, 3163567.078224421478808 ] ] ] } },
{ "type": "Feature", "properties": { "t": "river" }, "geometry": { "type": "MultiPolygon", "coordinates": [ [ [ [ 523329.448862178891432, 3163250.470289702992886 ], [ 523398.003290219116025, 3163195.214251496363431 ], [ 523452.379088418034371, 3163241.609485347289592 ], [ 523417.647383021831047, 3163150.939233813434839 ], [ 523133.829764192225412, 3163283.317740930709988 ], [ 522088.542084885935765, 3162793.841619705315679 ], [ 521473.988211607735138, 3161995.042658320628107 ], [ 521229.420066096296068, 3162049.989427517168224 ], [ 521941.871407925267704, 3162793.565791743807495 ], [ 523568.676027386041824, 3163545.224351921584457 ], [ 523463.219213747303002, 3163269.908926159143448 ], [ 523387.982062726456206, 3163317.058567262720317 ], [ 523329.448862178891432, 3163250.470289702992886 ] ], [ [ 523397.671089908748399, 3163361.392244535963982 ], [ 523514.8684836931061, 3163428.098600934725255 ], [ 523475.73616854212014, 3163439.098622777499259 ], [ 523397.671089908748399, 3163361.392244535963982 ] ], [ [ 523221.718644351698458, 3163338.884665130637586 ], [ 523309.76114013424376, 3163316.902523671276867 ], [ 523348.738995872670785, 3163383.451682379469275 ], [ 523221.718644351698458, 3163338.884665130637586 ] ] ], [ [ [ 523777.488470882410184, 3164104.423035329207778 ], [ 524187.777284414041787, 3164271.442946509923786 ], [ 523741.012708021735307, 3163953.665880988817662 ], [ 523777.488470882410184, 3164104.423035329207778 ] ] ] ] } },
{ "type": "Feature", "properties": { "t": "river" }, "geometry": { "type": "Polygon", "coordinates": [ [ [ 524219.308760561805684, 3163207.9634516723454 ], [ 524150.270427019044291, 3163495.863999832421541 ], [ 524218.437609500891995, 3163628.947921365965158 ], [ 524219.308760561805684, 3163207.9634516723454 ] ] ] } },
{ "type": "Feature", "properties": { "t": "river" }, "geometry": { "type": "MultiPolygon", "coordinates": [ [ [ [ 523740.823645431315526, 3162992.451949669513851 ], [ 523379.178029136965051, 3162829.583723659161478 ], [ 522833.272361471375916, 3161975.457117371726781 ], [ 523252.129752828623168, 3162796.094973531085998 ], [ 523716.12985924736131, 3162993.673516470007598 ], [ 523740.823645431315526, 3162992.451949669513851 ] ] ], [ [ [ 523785.228894644649699, 3163023.099125461652875 ], [ 524219.308760561805684, 3163207.9634516723454 ], [ 523831.038825399882626, 3163033.083094520028681 ], [ 523785.228894644649699, 3163023.099125461652875 ] ] ] ] } },
{ "type": "Feature", "properties": { "t": "river" }, "geometry": { "type": "Polygon", "coordinates": [ [ [ 519745.815655022277497, 3162694.172261738684028 ], [ 519722.536090523353778, 3162623.438289423938841 ], [ 519800.59285936440574, 3162723.276914309244603 ], [ 519770.048012696264777, 3162716.301203163806349 ], [ 520142.254246483324096, 3163056.216168115381151 ], [ 519683.609647695324384, 3162512.587393014226109 ], [ 519713.802448404836468, 3162003.025628038682044 ], [ 519547.638630256406032, 3161958.432954231742769 ], [ 519644.886924642545637, 3162279.87310707103461 ], [ 519469.408788575965445, 3161958.302627475466579 ], [ 519601.689169962424785, 3162562.559027814306319 ], [ 519745.815655022277497, 3162694.172261738684028 ] ] ] } },
{ "type": "Feature", "properties": { "t": "river" }, "geometry": { "type": "Polygon", "coordinates": [ [ [ 523904.686297487933189, 3162420.887446754146367 ], [ 523889.599694146192633, 3162402.161366955842823 ], [ 523839.689829980721697, 3162340.211877686437219 ], [ 523812.695159119553864, 3162295.674947772640735 ], [ 523768.788948172237724, 3162223.237376034725457 ], [ 523678.870502121804748, 3162101.509480988141149 ], [ 523615.76852574601071, 3162034.437551995273679 ], [ 523559.454816295416094, 3161974.581982916221023 ], [ 523087.541272885981016, 3161964.877115711104125 ], [ 523634.88262306706747, 3162098.91176450625062 ], [ 523770.74886026448803, 3162608.800851889420301 ], [ 524141.72683037671959, 3162897.602935294155031 ], [ 523904.686297487933189, 3162420.887446754146367 ] ], [ [ 523458.978183539700694, 3162043.165236927568913 ], [ 523419.863464293302968, 3162043.086941389832646 ], [ 523459.044765981845558, 3162009.929692828096449 ], [ 523458.978183539700694, 3162043.165236927568913 ] ] ] } },
{ "type": "Feature", "properties": { "t": "river" }, "geometry": { "type": "MultiPolygon", "coordinates": [ [ [ [ 521321.178191722545307, 3159989.550044483505189 ], [ 521906.67558785964502, 3160699.655325163621455 ], [ 521927.749564251862466, 3160817.627468715887517 ], [ 521975.113360634539276, 3160710.862021571956575 ], [ 522238.915184438345022, 3160844.302176654804498 ], [ 522479.3590072208317, 3160850.951790216378868 ], [ 522423.912754803255666, 3160789.262156741227955 ], [ 522375.936425013816915, 3160789.17042499082163 ], [ 522219.607975247025024, 3160711.323172561824322 ], [ 522316.221977081266232, 3160669.447774009313434 ], [ 522240.783471387985628, 3160585.518629217520356 ], [ 522222.630716660292819, 3160565.323123371694237 ], [ 522107.521480988769326, 3160454.846325397025794 ], [ 522077.90504601795692, 3160431.481067684479058 ], [ 522036.596055636066012, 3160398.891793746035546 ], [ 522112.364884573500603, 3160533.863827284891158 ], [ 521686.354289002832957, 3160235.713644085451961 ], [ 521682.519401970377658, 3160278.254482227377594 ], [ 521512.869783580419607, 3160114.306645471137017 ], [ 520842.550243309291545, 3159645.255316014867276 ], [ 520236.263680566044059, 3159577.721831274218857 ], [ 520294.64107111422345, 3159755.078766487073153 ], [ 521047.387179470737465, 3159955.819578741677105 ], [ 521048.902761792647652, 3160038.785695537924767 ], [ 521321.178191722545307, 3159989.550044483505189 ] ], [ [ 522346.533866528305225, 3160822.349900215864182 ], [ 522229.198573727626354, 3160811.048140844330192 ], [ 522151.107587816775776, 3160733.350515502970666 ], [ 522346.533866528305225, 3160822.349900215864182 ] ] ], [ [ [ 522824.659521183522884, 3161377.198690900579095 ], [ 522726.6522330037551, 3161487.793557889759541 ], [ 522521.567239600000903, 3161343.376350065227598 ], [ 522440.167827299330384, 3161339.926497620996088 ], [ 522580.157364694226999, 3161387.803322938736528 ], [ 522833.4235718906275, 3161897.907543152105063 ], [ 522935.098828953166958, 3161770.432677367236465 ], [ 522872.863328889885452, 3161731.806241860613227 ], [ 522794.933715200808365, 3161576.554623043630272 ], [ 522785.348623391182628, 3161476.829054841306061 ], [ 522863.711573719105218, 3161410.510491779074073 ], [ 522961.177839567826595, 3161576.879365867935121 ], [ 522973.703726674313657, 3161722.0329296332784 ], [ 523009.877277896390297, 3161676.681888877879828 ], [ 522851.212847992952447, 3161150.078572391532362 ], [ 522829.53631536726607, 3161130.456736286170781 ], [ 522816.145943529030774, 3161121.9856450939551 ], [ 522824.659521183522884, 3161377.198690900579095 ] ] ], [ [ [ 521957.47409426048398, 3160984.029672202188522 ], [ 521993.778532689320855, 3161187.273901283740997 ], [ 522081.736624060897157, 3161217.351431562099606 ], [ 521957.47409426048398, 3160984.029672202188522 ] ] ] ] } },
{ "type": "Feature", "properties": { "t": "river" }, "geometry": { "type": "Polygon", "coordinates": [ [ [ 520370.593521366943605, 3161073.553400581236929 ], [ 520147.170613590453286, 3160197.964463854208589 ], [ 520272.702926562400535, 3161128.776183640118688 ], [ 521376.261790204152931, 3161961.628228207584471 ], [ 520370.593521366943605, 3161073.553400581236929 ] ] ] } },
{ "type": "Feature", "properties": { "t": "river" }, "geometry": { "type": "Polygon", "coordinates": [ [ [ 521219.922457357868552, 3161894.872642695438117 ], [ 521161.289746548922267, 3161872.609466223511845 ], [ 521141.572119462653063, 3161961.20216691121459 ], [ 521219.922457357868552, 3161894.872642695438117 ] ] ] } },
{ "type": "Feature", "properties": { "t": "river" }, "geometry": { "type": "MultiPolygon", "coordinates": [ [ [ [ 517499.399355573405046, 3158410.076549360062927 ], [ 518135.088857827649917, 3158488.591749512124807 ], [ 518711.26738448953256, 3159076.656278441660106 ], [ 519551.695165287994314, 3161316.006957469508052 ], [ 519588.124623300449457, 3161138.689927802886814 ], [ 519023.094893840083387, 3159797.259845920838416 ], [ 520146.922987334895879, 3160341.984638731461018 ], [ 519189.599751950474456, 3159653.510886079631746 ], [ 519027.670881474739872, 3159451.080456511117518 ], [ 519052.832697528821882, 3159553.581342622637749 ], [ 518988.323050591920037, 3159401.892377482261509 ], [ 518408.678536544670351, 3158677.352096326649189 ], [ 518214.081729022378568, 3158012.340200649574399 ], [ 518496.973865818581544, 3158511.313984196633101 ], [ 518585.552614914020523, 3158168.021527692209929 ], [ 518878.973640931304544, 3158190.647171187680215 ], [ 519454.578347493079491, 3159111.101729757152498 ], [ 520128.65672556811478, 3159588.61503373272717 ], [ 519846.14146866207011, 3158923.423813934903592 ], [ 519376.732334431901108, 3158867.246161036659032 ], [ 519259.920770037570037, 3158523.620850883424282 ], [ 519598.747491319198161, 3158530.086317058652639 ], [ 519590.617812670068815, 3158521.484355840366334 ], [ 519573.45864936261205, 3158516.989730514120311 ], [ 519558.3510171129019, 3158502.808240802958608 ], [ 519318.683357034868095, 3158479.403618147131056 ], [ 518971.405858689045999, 3157922.441081176977605 ], [ 519055.245354409096763, 3158069.069123129826039 ], [ 519055.119345879065804, 3158146.618196429219097 ], [ 519045.28345968737267, 3158179.837625292595476 ], [ 518986.717727294424549, 3158102.193377421237528 ], [ 518931.791514887067024, 3157861.964344667736441 ], [ 518804.846745084563736, 3157747.618509982246906 ], [ 518850.233450280153193, 3157813.933114822488278 ], [ 518937.843777432688512, 3158079.957415571901947 ], [ 518888.916111465194263, 3158090.956972911953926 ], [ 518781.403318775817752, 3158035.391965914517641 ], [ 518703.147312323388178, 3158035.266900146380067 ], [ 518536.730726290261373, 3158112.551925973035395 ], [ 518458.63217917305883, 3158012.722564058844 ], [ 518273.032751053222455, 3157846.254998566582799 ], [ 518077.577459581487346, 3157724.089071836322546 ], [ 518019.037091229285579, 3157624.292893387842923 ], [ 518029.057825669297017, 3157469.209945794660598 ], [ 518656.073960036679637, 3157602.107224562205374 ], [ 518569.494791691366117, 3157505.264082816895097 ], [ 517892.30602824036032, 3157336.059149008244276 ], [ 517946.324141199293081, 3157484.204373332671821 ], [ 517970.464840298052877, 3157402.649325776845217 ], [ 517999.710416372923646, 3157469.16487496253103 ], [ 517971.616997094417457, 3157553.571685202419758 ], [ 518272.204176645900588, 3158378.019941232632846 ], [ 517919.977880082093179, 3158432.868690892588347 ], [ 517307.412177925405558, 3157933.642166376113892 ], [ 517499.399355573405046, 3158410.076549360062927 ] ], [ [ 519415.600707217177842, 3159022.409229417797178 ], [ 519484.142621556646191, 3158978.209010655526072 ], [ 519366.841217842127662, 3158933.700709973927587 ], [ 519787.379083407809958, 3158967.638427854515612 ], [ 519924.033844996418338, 3159134.047202147077769 ], [ 519708.924382382771, 3159089.369619003031403 ], [ 519415.600707217177842, 3159022.409229417797178 ] ], [ [ 519483.940080694737844, 3159100.072008423507214 ], [ 519513.357191734423395, 3159055.806995655875653 ], [ 519542.608308489026967, 3159111.248152071610093 ], [ 519483.940080694737844, 3159100.072008423507214 ] ], [ [ 518340.329596275347285, 3158599.695681478828192 ], [ 518320.783850494073704, 3158588.586653324775398 ], [ 518330.617347097082529, 3158555.366611656267196 ], [ 518340.329596275347285, 3158599.695681478828192 ] ], [ [ 518244.272168811236043, 3157469.542708806227893 ], [ 518195.342631958657876, 3157480.545160766690969 ], [ 518097.603484376159031, 3157425.001693005673587 ], [ 518097.620576561603229, 3157413.923267510253936 ], [ 518205.176675170660019, 3157447.325059851165861 ], [ 518244.272168811236043, 3157469.542708806227893 ] ], [ [ 517617.079139017558191, 3158210.840448590926826 ], [ 517636.492879764409736, 3158310.575782493688166 ], [ 517538.758066314447206, 3158255.036888584494591 ], [ 517538.890621296712197, 3158166.40940667828545 ], [ 517617.079139017558191, 3158210.840448590926826 ] ], [ [ 517567.954125282820314, 3158354.786746651399881 ], [ 517548.357508258835878, 3158376.914327972568572 ], [ 517548.407246264570858, 3158343.679015552159399 ], [ 517567.954125282820314, 3158354.786746651399881 ] ] ], [ [ [ 518264.009602056117728, 3157358.788895823992789 ], [ 518447.887414464028552, 3157380.329065155237913 ], [ 518439.227704615623225, 3157371.466235108673573 ], [ 518419.371944936865475, 3157348.978952103294432 ], [ 518264.009602056117728, 3157358.788895823992789 ] ] ], [ [ [ 519449.851328479824588, 3161958.270127445925027 ], [ 519655.204665967670735, 3161958.613006864674389 ], [ 519505.589087139174808, 3161761.666901434306055 ], [ 519449.851328479824588, 3161958.270127445925027 ] ] ] ] } },
{ "type": "Feature", "properties": { "t": "river" }, "geometry": { "type": "MultiPolygon", "coordinates": [ [ [ [ 516489.517219965520781, 3160092.540194768458605 ], [ 516177.083674029738177, 3159704.358029562048614 ], [ 516479.674625430547167, 3160136.840275838505477 ], [ 517245.690024788898882, 3160389.696699846535921 ], [ 516489.517219965520781, 3160092.540194768458605 ] ] ], [ [ [ 517506.756622440065257, 3160512.29633415536955 ], [ 517501.198259307711851, 3160490.119362621102482 ], [ 517477.011226977978367, 3160480.612795021384954 ], [ 517506.756622440065257, 3160512.29633415536955 ] ] ], [ [ [ 517535.360179239010904, 3160526.119674147106707 ], [ 517527.775799466879107, 3160534.685224191751331 ], [ 518863.127585203154013, 3161957.310315231326967 ], [ 517564.716539092012681, 3160515.085152708459646 ], [ 517513.389679365325719, 3160494.911151812877506 ], [ 517535.360179239010904, 3160526.119674147106707 ] ] ] ] } },
{ "type": "Feature", "properties": { "t": "river" }, "geometry": { "type": "Polygon", "coordinates": [ [ [ 521368.685987603617832, 3160754.054331827443093 ], [ 521720.859525183623191, 3160699.30934951454401 ], [ 521280.748778959619813, 3160709.580175401177257 ], [ 521368.685987603617832, 3160754.054331827443093 ] ] ] } },
{ "type": "Feature", "properties": { "t": "river" }, "geometry": { "type": "Polygon", "coordinates": [ [ [ 520146.542003624490462, 3160563.554192375857383 ], [ 520078.04474965488771, 3160585.593632882460952 ], [ 520146.103842028067447, 3160818.359259740449488 ], [ 520146.542003624490462, 3160563.554192375857383 ] ] ] } },
{ "type": "Feature", "properties": { "t": "river" }, "geometry": { "type": "Polygon", "coordinates": [ [ [ 520108.068812831828836, 3160186.818793091922998 ], [ 519941.824066164845135, 3160175.456190415192395 ], [ 520147.113469989970326, 3160231.199886379297823 ], [ 520108.068812831828836, 3160186.818793091922998 ] ] ] } },
{ "type": "Feature", "properties": { "t": "river" }, "geometry": { "type": "MultiPolygon", "coordinates": [ [ [ [ 513086.935632332635578, 3159235.205017578788102 ], [ 512059.910257708106656, 3159256.260297894477844 ], [ 513086.828995838237461, 3159330.719117887783796 ], [ 513086.935632332635578, 3159235.205017578788102 ] ] ], [ [ [ 513027.584812064189464, 3159833.37548789428547 ], [ 513086.208817870356143, 3159886.15899232821539 ], [ 513086.546010345802642, 3159584.175872348248959 ], [ 513027.584812064189464, 3159833.37548789428547 ] ] ], [ [ [ 513310.929281323507894, 3160088.49852888006717 ], [ 515463.582449889741838, 3159337.805489435791969 ], [ 515747.938812694221269, 3159347.944519715383649 ], [ 515669.986856884439476, 3159240.956674244254827 ], [ 513350.075590267486405, 3160066.386131273582578 ], [ 513097.970895560807548, 3159896.749349291436374 ], [ 513310.929281323507894, 3160088.49852888006717 ] ] ], [ [ [ 515522.663940423808526, 3159038.765088225249201 ], [ 515467.458443233335856, 3159016.535199316218495 ], [ 515454.225097342103254, 3159016.517746666446328 ], [ 515459.716192227962893, 3159013.417613857891411 ], [ 514584.142178045003675, 3158660.892546576447785 ], [ 513534.008198168303352, 3157753.058638127986342 ], [ 513763.266596548899543, 3158006.272186939138919 ], [ 514662.269186335732229, 3158760.69604768557474 ], [ 515636.8595301444293, 3159195.490690665319562 ], [ 515522.663940423808526, 3159038.765088225249201 ] ] ], [ [ [ 513626.962076842784882, 3157452.191443060990423 ], [ 513401.788127940963022, 3157607.029997766483575 ], [ 513519.976729857327882, 3157737.561530375853181 ], [ 513626.962076842784882, 3157452.191443060990423 ] ] ] ] } },
{ "type": "Feature", "properties": { "t": "river" }, "geometry": { "type": "Polygon", "coordinates": [ [ [ 516778.121854308818001, 3156614.314197384286672 ], [ 516728.95324073563097, 3156791.49891966721043 ], [ 516684.281299596419558, 3156766.121376414317638 ], [ 516698.83145353657892, 3157334.29947314132005 ], [ 516826.974191859480925, 3156658.697883826680481 ], [ 516651.647949161531869, 3156115.604796409606934 ], [ 517130.769104090053588, 3156304.627665027976036 ], [ 518127.087963125784881, 3157336.419607969000936 ], [ 518000.407371984212659, 3157014.949550628662109 ], [ 518047.474984575237613, 3156913.602627068758011 ], [ 518024.691947452374734, 3156885.888545118272305 ], [ 517951.476178198936395, 3157025.953021816909313 ], [ 517316.507281677681021, 3156404.606157365255058 ], [ 517072.616425172658637, 3155927.876423791516572 ], [ 517033.50163424044149, 3155913.892430452164263 ], [ 517033.481421754346229, 3155927.819561684969813 ], [ 516984.562668122060131, 3155927.748667560052127 ], [ 516955.259428846882656, 3155894.471030620392412 ], [ 516995.124768326932099, 3155900.172413433901966 ], [ 516730.35886796558043, 3155805.520926254335791 ], [ 516427.540116116928402, 3155461.662314319983125 ], [ 516359.220982530503534, 3155339.704378110356629 ], [ 516398.961431495670695, 3154907.701925776898861 ], [ 516593.089792804734316, 3154957.33475444605574 ], [ 516572.278578363242559, 3154886.219977660104632 ], [ 516542.397694138810039, 3154823.605962946079671 ], [ 516076.555066487053409, 3154552.747243313118815 ], [ 516231.719512148352806, 3155561.095621692016721 ], [ 516671.026283240818884, 3156248.573406288400292 ], [ 516682.934412882139441, 3156713.529175428673625 ], [ 516778.121854308818001, 3156614.314197384286672 ] ], [ [ 516916.140283115208149, 3155883.336161389015615 ], [ 517013.849681097315624, 3155972.10478040156886 ], [ 517082.045428427052684, 3156171.615501537453383 ], [ 516857.103402024600655, 3156115.898109930101782 ], [ 516739.810897062765434, 3156038.181253435090184 ], [ 516671.466925089072902, 3155938.378172286320478 ], [ 516622.83064043574268, 3155738.897635316476226 ], [ 516808.534488951379899, 3155872.10314295720309 ], [ 516916.140283115208149, 3155883.336161389015615 ] ], [ [ 516709.781599799753167, 3156514.510798904113472 ], [ 516758.650434947398026, 3156547.815783403813839 ], [ 516699.887970269483048, 3156592.045727771241218 ], [ 516709.781599799753167, 3156514.510798904113472 ] ], [ [ 516564.174103056546301, 3155705.579459090251476 ], [ 516612.889929538301658, 3155849.667749491985887 ], [ 516612.811525491473731, 3155905.059738723095506 ], [ 516583.42891487153247, 3155927.175026721321046 ], [ 516563.86141591303749, 3155927.147394943516701 ], [ 516407.538242707727477, 3155771.829960199538618 ], [ 516368.510874736064579, 3155694.22655359050259 ], [ 516310.099689683644101, 3155483.655376381706446 ], [ 516329.775803371274378, 3155406.133847493678331 ], [ 516349.35959837277187, 3155395.082694893237203 ], [ 516564.174103056546301, 3155705.579459090251476 ] ], [ [ 516514.973846268374473, 3155904.921662019565701 ], [ 516534.432131270819809, 3155982.498002131469548 ], [ 516505.096601491328329, 3155971.378289598505944 ], [ 516436.796792204550002, 3155838.341404660604894 ], [ 516514.973846268374473, 3155904.921662019565701 ] ], [ [ 516320.730842484743334, 3154874.35770964436233 ], [ 516340.20758720493177, 3154940.855224017519504 ], [ 516301.069304917706177, 3154940.80081965168938 ], [ 516262.038431023946032, 3154863.197869088035077 ], [ 516271.869125009397976, 3154829.976280327886343 ], [ 516320.730842484743334, 3154874.35770964436233 ] ] ] } },
{ "type": "Feature", "properties": { "t": "river" }, "geometry": { "type": "Polygon", "coordinates": [ [ [ 516093.983209866040852, 3156114.82679089717567 ], [ 516395.819328704150394, 3157156.61701280483976 ], [ 516468.145036654896103, 3157229.62596435751766 ], [ 516093.983209866040852, 3156114.82679089717567 ] ] ] } },
{ "type": "Feature", "properties": { "t": "river" }, "geometry": { "type": "Polygon", "coordinates": [ [ [ 513607.911172801163048, 3157009.032367794774473 ], [ 513265.724849436781369, 3156820.307352853473276 ], [ 512003.775610909739044, 3156763.556331967469305 ], [ 513226.542921727697831, 3156864.576782593969256 ], [ 513607.80931231402792, 3157096.849004262592643 ], [ 513607.846922643133439, 3157064.42439883435145 ], [ 513607.872622830618639, 3157042.267585929017514 ], [ 513607.911172801163048, 3157009.032367794774473 ] ] ] } },
{ "type": "Feature", "properties": { "t": "river" }, "geometry": { "type": "Polygon", "coordinates": [ [ [ 515957.344313173205592, 3155870.915010513737798 ], [ 513659.120206748251803, 3155037.135534381959587 ], [ 513307.54434634547215, 3154449.577318745199591 ], [ 513239.911247625597753, 3153685.092953039798886 ], [ 512623.858593223209027, 3153274.51526011293754 ], [ 512095.37191868503578, 3153318.272712149191648 ], [ 512623.822881217405666, 3153307.750305863562971 ], [ 513210.566889200301375, 3153673.981544892769307 ], [ 513278.214491909660865, 3154427.387355759274215 ], [ 513659.081540410697926, 3155070.370665806811303 ], [ 515879.073962464462966, 3155870.808856147807091 ], [ 516074.279460203659255, 3156214.505577157717198 ], [ 515957.344313173205592, 3155870.915010513737798 ] ] ] } },
{ "type": "Feature", "properties": { "t": "river" }, "geometry": { "type": "Polygon", "coordinates": [ [ [ 515097.951943998399656, 3154640.075388823635876 ], [ 515723.290064478700515, 3155305.600181157700717 ], [ 515527.971102218492888, 3155028.38011780846864 ], [ 515097.951943998399656, 3154640.075388823635876 ] ] ] } },
{ "type": "Feature", "properties": { "t": "river" }, "geometry": { "type": "Polygon", "coordinates": [ [ [ 514883.261635709553957, 3154185.587365698069334 ], [ 514931.905890018620994, 3154407.216859878972173 ], [ 515088.152892394398805, 3154651.141186931170523 ], [ 514883.261635709553957, 3154185.587365698069334 ] ] ] } },
{ "type": "Feature", "properties": { "t": "river" }, "geometry": { "type": "Polygon", "coordinates": [ [ [ 515755.659598791855387, 3153056.730378884356469 ], [ 515569.943183338909876, 3152890.307233335450292 ], [ 515785.092430665565189, 3153001.378018063958734 ], [ 515833.918844871514011, 3153078.992332520894706 ], [ 515970.758661620959174, 3153647.330707082524896 ], [ 515892.935258971760049, 3152857.504553687758744 ], [ 515360.167350778996479, 3152806.179271865170449 ], [ 515310.47718399373116, 3152816.892813755199313 ], [ 515243.614761793112848, 3152819.388497635256499 ], [ 515161.813459478085861, 3152809.644536886829883 ], [ 515117.791244356951211, 3152796.896125611383468 ], [ 515080.6599368826719, 3152779.262200155761093 ], [ 514493.657944756676443, 3152722.754896068014205 ], [ 514581.488191788259428, 3152922.274105569347739 ], [ 515648.100606944353785, 3152990.116400997154415 ], [ 515675.729386795894243, 3154286.323889835271984 ], [ 516076.327555409865454, 3154718.92291162442416 ], [ 515984.872266168124042, 3153790.580982380546629 ], [ 515920.882838152116165, 3153898.910037252586335 ], [ 515852.967864675738383, 3153466.761225588154048 ], [ 515755.659598791855387, 3153056.730378884356469 ] ], [ [ 515940.107896226283628, 3154153.739056897815317 ], [ 515910.767229833232705, 3154142.620880571193993 ], [ 515872.150262732233386, 3153754.825069861486554 ], [ 515940.107896226283628, 3154153.739056897815317 ] ], [ [ 515871.401717342552729, 3154308.743488325271755 ], [ 515734.454910860047676, 3154275.324031964410096 ], [ 515842.614284125622362, 3153887.725820373278111 ], [ 515871.401717342552729, 3154308.743488325271755 ] ], [ [ 514689.289239910256583, 3152800.546365129761398 ], [ 514669.564404866367113, 3152922.383737307973206 ], [ 514601.129515680018812, 3152866.906671540345997 ], [ 514591.467035964829847, 3152767.189394094049931 ], [ 514689.289239910256583, 3152800.546365129761398 ] ] ] } },
{ "type": "Feature", "properties": { "t": "river" }, "geometry": { "type": "MultiPolygon", "coordinates": [ [ [ [ 513787.515084025508258, 3154018.074191906489432 ], [ 514180.617893613118213, 3154278.36080732755363 ], [ 513231.032083741389215, 3153256.537700835149735 ], [ 513787.515084025508258, 3154018.074191906489432 ] ] ], [ [ [ 514256.834404174296651, 3154328.829201407264918 ], [ 514805.008011518977582, 3154163.331687856931239 ], [ 514247.93102213635575, 3154322.93358822632581 ], [ 514256.834404174296651, 3154328.829201407264918 ] ] ] ] } },
{ "type": "Feature", "properties": { "t": "river" }, "geometry": { "type": "Polygon", "coordinates": [ [ [ 516096.565153445175383, 3153968.758682687301189 ], [ 516096.731771744147409, 3153930.057534400373697 ], [ 516077.419508150254842, 3153921.280038223601878 ], [ 516096.565153445175383, 3153968.758682687301189 ] ] ] } },
{ "type": "Feature", "properties": { "t": "river" }, "geometry": { "type": "MultiPolygon", "coordinates": [ [ [ [ 546234.303245061310008, 3191470.446663456503302 ], [ 546272.02428675442934, 3191434.584416650701314 ], [ 546256.416984903393313, 3191442.83211584109813 ], [ 546163.495899100205861, 3191460.818256740923971 ], [ 546090.190380008192733, 3191490.315886409953237 ], [ 545858.582111720694229, 3191549.350521161220968 ], [ 545757.048297460074537, 3191586.655704075470567 ], [ 545718.687904979917221, 3191603.79079366568476 ], [ 545697.209500307799317, 3191608.641984683461487 ], [ 545407.847911456250586, 3191714.966247893869877 ], [ 545380.008833462605253, 3191732.152150985784829 ], [ 545376.180469337501563, 3191734.515516004059464 ], [ 545357.74442971625831, 3191756.51178031321615 ], [ 545337.880391261889599, 3191796.400032095611095 ], [ 546234.303245061310008, 3191470.446663456503302 ] ] ], [ [ [ 547730.027938434970565, 3190667.725449732970446 ], [ 547749.725321305682883, 3190619.821347687393427 ], [ 547699.750946518382989, 3190629.490307070314884 ], [ 547672.942588691832498, 3190631.054787444882095 ], [ 547635.57766262430232, 3190633.23552712239325 ], [ 547541.901904823258519, 3190647.233161170501262 ], [ 547540.637849474791437, 3190647.269976095762104 ], [ 547009.581121738650836, 3190779.787351202219725 ], [ 546948.089658927056007, 3190853.938689227681607 ], [ 547730.027938434970565, 3190667.725449732970446 ] ] ] ] } },
{ "type": "Feature", "properties": { "t": "river" }, "geometry": { "type": "Polygon", "coordinates": [ [ [ 514366.665580285014585, 3192195.83866692520678 ], [ 514676.026596431504004, 3191806.787416158709675 ], [ 514699.637555849854834, 3191737.258273544721305 ], [ 514699.862861115369014, 3191735.355922908522189 ], [ 514701.886798117891885, 3191718.267642453778535 ], [ 514719.136484109156299, 3191667.278051355388016 ], [ 514766.087568964867387, 3191587.043196463491768 ], [ 514778.966688050248194, 3191555.297574867494404 ], [ 514817.082686201960314, 3191498.749725148081779 ], [ 514834.39482435566606, 3191473.06577417626977 ], [ 514838.709070453536697, 3191460.316684696823359 ], [ 514866.455030818236992, 3191416.078117480501533 ], [ 514881.449896794860251, 3191384.335430079139769 ], [ 514975.128457241575234, 3191264.104294135700911 ], [ 515019.647542000107933, 3191228.363174350000918 ], [ 515064.143834459420759, 3191201.118197370320559 ], [ 515089.297168689139653, 3191180.371897345408797 ], [ 515089.703669992333744, 3191180.036655962001532 ], [ 515102.323840768134687, 3191169.62766510527581 ], [ 515127.155510740354657, 3191158.380356323905289 ], [ 515132.104822346591391, 3191156.138650255277753 ], [ 515153.100292987306602, 3191146.629007317591459 ], [ 515214.839172274107113, 3191127.633466159459203 ], [ 515216.551849013078026, 3191127.107598851900548 ], [ 515343.629740699601825, 3190967.329633136745542 ], [ 514789.312413674546406, 3189648.217295390553772 ], [ 515275.524341991171241, 3190834.292457631323487 ], [ 514406.120037530665286, 3191841.361527192872018 ], [ 514014.673263518488966, 3192915.538925577420741 ], [ 514042.802260491414927, 3193846.205734524410218 ], [ 513833.870551850297488, 3193935.720726555678993 ], [ 513840.055045192071702, 3193937.067407608963549 ], [ 513877.986913227767218, 3193939.564074457157403 ], [ 513935.259175231680274, 3193936.094347554259002 ], [ 513944.297066431143321, 3193935.546777888201177 ], [ 513972.910278169554658, 3193933.813460070174187 ], [ 514036.148019859916531, 3193936.562821120489389 ], [ 514078.913845342583954, 3193936.727161868009716 ], [ 514366.665580285014585, 3192195.83866692520678 ] ] ] } },
{ "type": "Feature", "properties": { "t": "river" }, "geometry": { "type": "Polygon", "coordinates": [ [ [ 520091.02067879436072, 3192702.910663575399667 ], [ 519876.251119362656027, 3192881.19596339110285 ], [ 519892.129903444787487, 3192890.025854729115963 ], [ 519904.749844643694814, 3192892.277297528460622 ], [ 519922.287213035626337, 3192891.053749641869217 ], [ 520013.393486035289243, 3192884.698104108218104 ], [ 520091.02067879436072, 3192702.910663575399667 ] ] ] } },
{ "type": "Feature", "properties": { "t": "river" }, "geometry": { "type": "Polygon", "coordinates": [ [ [ 520090.7358076403616, 3192867.050652801059186 ], [ 520121.571278898278251, 3192857.822190679609776 ], [ 520355.109866721613798, 3192271.291540037374943 ], [ 520170.202261264959816, 3192038.309365458786488 ], [ 520091.02067879436072, 3192702.910663575399667 ], [ 520090.7358076403616, 3192867.050652801059186 ] ] ] } },
{ "type": "Feature", "properties": { "t": "river" }, "geometry": { "type": "Polygon", "coordinates": [ [ [ 520092.251113035657909, 3191993.857935016974807 ], [ 520093.346757570223417, 3191362.358414845075458 ], [ 519887.312559475190938, 3192059.97800650075078 ], [ 520092.251113035657909, 3191993.857935016974807 ] ] ] } },
{ "type": "Feature", "properties": { "t": "river" }, "geometry": { "type": "MultiPolygon", "coordinates": [ [ [ [ 520092.981564810150303, 3191572.858195636887103 ], [ 520274.260101785534061, 3191427.310260951053351 ], [ 520277.346211744763423, 3191422.071549738291651 ], [ 520320.932337703125086, 3191357.33596825087443 ], [ 520357.990954296779819, 3191302.352371003013104 ], [ 520387.673956207989249, 3191264.348362595308572 ], [ 520408.985509465623181, 3191220.118393934797496 ], [ 520459.910863477154635, 3191146.380848244298249 ], [ 520468.442901087808423, 3191127.381764301098883 ], [ 520510.90638030343689, 3191064.396715944167227 ], [ 520678.123832192504779, 3190874.045607385225594 ], [ 520726.966487402445637, 3190818.447470611426979 ], [ 520828.571184708736837, 3190717.464931224007159 ], [ 520891.965984600246884, 3190669.226241891738027 ], [ 520980.639219415490516, 3190616.989839884918183 ], [ 521018.63741408783244, 3190598.238454300910234 ], [ 521075.566111950494815, 3190579.493815634865314 ], [ 521111.588585535180755, 3190570.68097516335547 ], [ 521111.639050830795895, 3190570.668712311424315 ], [ 521176.707361412991304, 3190554.750422017648816 ], [ 521252.659241777553689, 3190532.253890873864293 ], [ 521360.299516817496624, 3190494.762595468200743 ], [ 521398.297209443408065, 3190486.765817036852241 ], [ 521452.267163732321933, 3190481.650648052338511 ], [ 521621.104689698084258, 3190346.136731764767319 ], [ 520757.894458947936073, 3190654.476458408869803 ], [ 520093.346757570223417, 3191362.358414845075458 ], [ 520092.981564810150303, 3191572.858195636887103 ] ] ], [ [ [ 522195.822043896885589, 3189884.894063584972173 ], [ 522192.198902088101022, 3189870.890703052747995 ], [ 522192.613244187668897, 3189807.402238147333264 ], [ 522196.627277229155879, 3189797.942006101831794 ], [ 521910.391687492490746, 3189892.150168541353196 ], [ 521745.433641423063818, 3190246.350295217707753 ], [ 522195.822043896885589, 3189884.894063584972173 ] ] ] ] } },
{ "type": "Feature", "properties": { "t": "river" }, "geometry": { "type": "Polygon", "coordinates": [ [ [ 516463.250414744601585, 3189737.529861106071621 ], [ 516508.413656558375806, 3189745.909484953153878 ], [ 516634.641089101613034, 3189751.414880584925413 ], [ 516697.358302844979335, 3189743.346803389489651 ], [ 516463.250414744601585, 3189737.529861106071621 ] ] ] } },
{ "type": "Feature", "properties": { "t": "river" }, "geometry": { "type": "MultiPolygon", "coordinates": [ [ [ [ 522877.502635819837451, 3189218.202334204688668 ], [ 522390.62809653399745, 3188740.856816871091723 ], [ 522490.103349590615835, 3187755.023745074402541 ], [ 522610.358685820829123, 3187685.905212724581361 ], [ 522637.381108402099926, 3187646.586668858770281 ], [ 522641.015950568253174, 3187642.193140540737659 ], [ 522294.726620405621361, 3187876.514771396294236 ], [ 522360.824981424142607, 3189017.772992382291704 ], [ 522633.648562108457554, 3189195.565710848197341 ], [ 522340.074352012423333, 3189660.31234485283494 ], [ 522877.502635819837451, 3189218.202334204688668 ] ] ], [ [ [ 523642.79902152181603, 3187092.580083027947694 ], [ 523498.071612400468439, 3186283.524533582851291 ], [ 522210.921708537382074, 3185782.438802937977016 ], [ 522026.724183358834125, 3185139.511890906840563 ], [ 521967.140917099022772, 3185682.264763138722628 ], [ 523263.737565083429217, 3186349.525886438786983 ], [ 523535.576852006372064, 3187036.967403159476817 ], [ 522917.415970376634505, 3187455.177331634331495 ], [ 522918.836005240329541, 3187454.878395712468773 ], [ 522969.514258040173445, 3187429.884900464676321 ], [ 523051.877207678335253, 3187397.136867983266711 ], [ 523064.56053071905626, 3187388.638183619827032 ], [ 523121.519459324656054, 3187370.395276547409594 ], [ 523153.138127610785887, 3187362.149162057321519 ], [ 523178.758804107492324, 3187359.236872475128621 ], [ 523642.79902152181603, 3187092.580083027947694 ] ], [ [ 523497.959440443548374, 3186338.91890122089535 ], [ 523478.465216801909264, 3186327.800522933714092 ], [ 523488.268396091938484, 3186305.662523914594203 ], [ 523497.959440443548374, 3186338.91890122089535 ] ] ] ] } },
{ "type": "Feature", "properties": { "t": "river" }, "geometry": { "type": "Polygon", "coordinates": [ [ [ 519902.184887435927521, 3189079.764800471719354 ], [ 519922.577169731783215, 3189034.813857669942081 ], [ 519905.497630145633593, 3189047.553861522115767 ], [ 519871.572262409841642, 3189078.793588233646005 ], [ 519854.686972067749593, 3189083.050765734165907 ], [ 519837.79153198498534, 3189093.297525163274258 ], [ 519812.45459558517905, 3189101.54275235440582 ], [ 519738.338554546469823, 3189155.786089823581278 ], [ 519713.059890112373978, 3189162.030458042863756 ], [ 519586.267666606174316, 3189224.266122250352055 ], [ 519552.428393137000967, 3189245.023401018697768 ], [ 519527.088635657215491, 3189255.263345465995371 ], [ 519503.74894190300256, 3189276.260146974120289 ], [ 519469.941005648928694, 3189293.008793307002634 ], [ 519438.168337536975741, 3189318.000689150765538 ], [ 519382.529737910430413, 3189347.255289146210998 ], [ 519319.811781037540641, 3189380.232584042940289 ], [ 519275.35246715741232, 3189411.733583235647529 ], [ 519228.640370238863397, 3189459.7246407228522 ], [ 519215.859472391544841, 3189478.717743462417275 ], [ 519211.924555026576854, 3189494.111692994832993 ], [ 519902.184887435927521, 3189079.764800471719354 ] ] ] } },
{ "type": "Feature", "properties": { "t": "river" }, "geometry": { "type": "MultiPolygon", "coordinates": [ [ [ [ 517424.722049822099507, 3189158.79364138096571 ], [ 517490.288027679314837, 3189029.8095419453457 ], [ 517543.622167727269698, 3188945.828873079270124 ], [ 517573.402131766895764, 3188910.082053456455469 ], [ 517605.208833615353797, 3188880.840476570185274 ], [ 517641.324897902028169, 3188840.84525034436956 ], [ 517666.69825120351743, 3188824.099158093333244 ], [ 517694.285578453214839, 3188799.102926729712635 ], [ 517721.781090943375602, 3188782.360393245238811 ], [ 517745.152294659463223, 3188755.114355183206499 ], [ 517783.304646740609314, 3188723.867961271200329 ], [ 517796.60118350526318, 3188711.197641415055841 ], [ 517904.22307896707207, 3188608.646324730478227 ], [ 517956.997569746745285, 3188589.900793384760618 ], [ 518014.112647408037446, 3188552.404144111089408 ], [ 518052.108706830709707, 3188540.158803957514465 ], [ 518109.162273596331943, 3188511.165683940984309 ], [ 518153.498325466061942, 3188492.407668474130332 ], [ 518211.631802311749198, 3188473.561983761843294 ], [ 517717.553864962304942, 3188610.90553472051397 ], [ 517141.288639786769636, 3189042.116747998166829 ], [ 516984.299520810658578, 3189651.226122910156846 ], [ 517424.722049822099507, 3189158.79364138096571 ] ] ], [ [ [ 519575.012163151230197, 3187967.160335891880095 ], [ 519597.010732462862507, 3187940.278638459742069 ], [ 519637.195791637466755, 3187908.785598388407379 ], [ 519679.62850089604035, 3187864.541723053902388 ], [ 519751.5890589436749, 3187805.807407317683101 ], [ 519787.673256082285661, 3187765.81172077730298 ], [ 519838.388256638369057, 3187732.322327029425651 ], [ 519862.755142860871274, 3187720.78300712723285 ], [ 519719.402027732692659, 3187561.640412183478475 ], [ 519088.771058043523226, 3188184.850505138747394 ], [ 519575.012163151230197, 3187967.160335891880095 ] ], [ [ 519719.062976859684568, 3187761.060216402634978 ], [ 519670.258667393529322, 3187772.056251544505358 ], [ 519680.090959306224249, 3187727.757287302985787 ], [ 519719.062976859684568, 3187761.060216402634978 ] ], [ [ 519680.12855766172288, 3187705.59952993132174 ], [ 519553.1735361199826, 3187771.858262193389237 ], [ 519660.651817716250662, 3187683.408677074126899 ], [ 519680.12855766172288, 3187705.59952993132174 ] ] ] ] } },
{ "type": "Feature", "properties": { "t": "river" }, "geometry": { "type": "Polygon", "coordinates": [ [ [ 515199.958488390431739, 3188950.777485243044794 ], [ 514711.577824394160416, 3189404.382403918076307 ], [ 514935.644847236108035, 3189648.4049505260773 ], [ 515063.188798523973674, 3189352.530749538447708 ], [ 515058.611496622324921, 3189312.75066726282239 ], [ 515058.980659236607607, 3189305.345672745257616 ], [ 515061.140787273121532, 3189262.012717503588647 ], [ 515074.080607347539626, 3189228.266612555831671 ], [ 515093.291900340234861, 3189196.772069753613323 ], [ 515123.076227364072111, 3189165.284473889973015 ], [ 515148.503066151635721, 3189146.282801522873342 ], [ 515161.284354470029939, 3189131.536888858769089 ], [ 515280.102510519558564, 3189053.556227429769933 ], [ 515282.015010896662716, 3189052.301055672578514 ], [ 515300.472545408178121, 3189043.213606250472367 ], [ 515199.958488390431739, 3188950.777485243044794 ] ] ] } },
{ "type": "Feature", "properties": { "t": "river" }, "geometry": { "type": "Polygon", "coordinates": [ [ [ 522490.725708944024518, 3184744.445732265245169 ], [ 522589.605894667445682, 3184595.459086743649095 ], [ 522638.625365576706827, 3184532.467153606936336 ], [ 522721.616068031464238, 3184438.237077272031456 ], [ 522725.896148226223886, 3184429.991701630409807 ], [ 522785.327007148065604, 3184377.75363474804908 ], [ 522802.350631564098876, 3184356.757819621358067 ], [ 522856.627168221457396, 3184311.0117685389705 ], [ 522876.619834034703672, 3184294.017363253980875 ], [ 522908.427673415571917, 3184271.264583227224648 ], [ 522940.111705379618797, 3184258.773336959537119 ], [ 522978.198901853640564, 3184238.027244735509157 ], [ 523041.78514515759889, 3184192.293604889884591 ], [ 523073.436805162578821, 3184184.040325619280338 ], [ 523105.181914300774224, 3184165.546350605320185 ], [ 523155.88465895166155, 3184144.7982456847094 ], [ 523168.577235090779141, 3184136.549085310194641 ], [ 523187.574879164632875, 3184132.549995712470263 ], [ 523219.288011058000848, 3184118.051524975802749 ], [ 523257.279809417377692, 3184105.802414963487536 ], [ 523276.339355825039092, 3184095.308697093743831 ], [ 523358.637051686586346, 3184070.80952206812799 ], [ 523377.605939350556582, 3184069.061236375477165 ], [ 523396.630678109242581, 3184060.811222520191222 ], [ 523453.563940483087208, 3184048.566053743008524 ], [ 523478.930963884398807, 3184038.320843165274709 ], [ 523529.457694519078359, 3184038.817851843778044 ], [ 523561.109522065322381, 3184030.822157911490649 ], [ 523592.603294345259201, 3184037.568003991153091 ], [ 523595.246066405205056, 3184037.698813108727336 ], [ 523643.065037457155995, 3184040.06644159834832 ], [ 523668.34008449857356, 3184036.067167397588491 ], [ 523700.025096026656684, 3184023.820399216841906 ], [ 523712.705906449409667, 3184015.571806310210377 ], [ 523756.983265049173497, 3184005.573564481455833 ], [ 523765.423719733080361, 3184000.331107795238495 ], [ 523773.88404483377235, 3183995.076343168504536 ], [ 523792.853212507674471, 3183993.328635162673891 ], [ 523849.845324663212523, 3183970.581517283339053 ], [ 523957.388115898647811, 3183940.08651613490656 ], [ 523982.161207378725521, 3183928.36285703536123 ], [ 524177.442652118799742, 3183382.247588946949691 ], [ 523932.39523637027014, 3183880.289897521026433 ], [ 522818.99277826823527, 3184243.652099397499114 ], [ 522085.469789794122335, 3185039.913495856337249 ], [ 522490.725708944024518, 3184744.445732265245169 ] ] ] } },
{ "type": "Feature", "properties": { "t": "river" }, "geometry": { "type": "Polygon", "coordinates": [ [ [ 523287.876422045112122, 3184045.162962211295962 ], [ 523414.893649759353139, 3183978.94504260038957 ], [ 523258.662242107384373, 3184011.867770317941904 ], [ 523287.876422045112122, 3184045.162962211295962 ] ] ] } },
{ "type": "Feature", "properties": { "t": "river" }, "geometry": { "type": "Polygon", "coordinates": [ [ [ 523502.915733233327046, 3183890.491763473022729 ], [ 523668.955051067750901, 3183835.434521466959268 ], [ 523581.111224701686297, 3183835.255843781400472 ], [ 523502.915733233327046, 3183890.491763473022729 ] ] ] } },
{ "type": "Feature", "properties": { "t": "river" }, "geometry": { "type": "Polygon", "coordinates": [ [ [ 524181.292275518295355, 3181532.084718909580261 ], [ 524015.217668493511155, 3181587.134710596408695 ], [ 524180.162958127097227, 3182074.946404917631298 ], [ 524181.292275518295355, 3181532.084718909580261 ] ] ] } },
{ "type": "Feature", "properties": { "t": "river" }, "geometry": { "type": "Polygon", "coordinates": [ [ [ 524490.51094951457344, 3164438.251745396759361 ], [ 524236.730245615588501, 3164238.308454578742385 ], [ 524275.49284977541538, 3164404.567813858855516 ], [ 526159.524712398648262, 3165693.749523897189647 ], [ 526421.564408800564706, 3166536.315722701139748 ], [ 526618.863846280961297, 3166585.402297721244395 ], [ 526619.465326276840642, 3166536.86394561547786 ], [ 526611.651996665983461, 3166485.621063081547618 ], [ 526597.090736035606824, 3166473.373745222575963 ], [ 526595.967226987006143, 3166470.372940366156399 ], [ 526582.093151819426566, 3166432.632576665375382 ], [ 526544.103450519498438, 3166274.419227670878172 ], [ 526543.261801899992861, 3166239.046212547458708 ], [ 526500.768429134041071, 3166093.349030117038637 ], [ 526528.887266599806026, 3166042.920439081266522 ], [ 526528.875873645418324, 3166031.046897816937417 ], [ 526528.786540519329719, 3165937.981389299500734 ], [ 526522.7941925766645, 3165886.244383868761361 ], [ 526449.866144180996343, 3165701.031347567681223 ], [ 526444.867448310367763, 3165666.288499864283949 ], [ 526407.929874474531971, 3165626.108264794107527 ], [ 526364.738352396758273, 3165727.446312212385237 ], [ 526013.58003701409325, 3165383.222217155154794 ], [ 525989.902544892276637, 3165351.772477620281279 ], [ 525871.772405561059713, 3165315.357875871937722 ], [ 525864.926101335557178, 3165310.999673799145967 ], [ 525915.698245476698503, 3165438.398061509709805 ], [ 525730.151943113422021, 3165349.359338766895235 ], [ 525554.572485294891521, 3165171.71637478005141 ], [ 525587.429758349549957, 3165076.209629734512419 ], [ 525550.258244475233369, 3165029.916711212601513 ], [ 525549.897835940006189, 3165029.318980013020337 ], [ 525535.117074935580604, 3165127.359390265773982 ], [ 525058.057023308705539, 3164206.802828724496067 ], [ 525063.415566949523054, 3164113.294321110472083 ], [ 525007.222808449529111, 3163998.875640195794404 ], [ 524994.474789746571332, 3163967.883579748217016 ], [ 524994.492111157160252, 3163967.019306540489197 ], [ 524994.676134703564458, 3163957.809739885851741 ], [ 524970.537934832274914, 3163985.043667601421475 ], [ 524968.015653066337109, 3163912.219644245225936 ], [ 524963.978900815593079, 3163903.652691519353539 ], [ 524937.692617729306221, 3163857.864925783127546 ], [ 524931.722615440259688, 3163847.46595800248906 ], [ 524931.358854672289453, 3164018.195927980355918 ], [ 524804.280839530285448, 3164006.847256382927299 ], [ 524726.228331771795638, 3163929.131870384328067 ], [ 524697.177574894856662, 3163796.127358412835747 ], [ 524678.183809702517465, 3163530.201039088424295 ], [ 524600.616251067025587, 3163219.837247843388468 ], [ 524604.807110029621981, 3163224.923955421429127 ], [ 524572.789527299697511, 3163166.548424321226776 ], [ 524509.608669250970706, 3163069.312170649878681 ], [ 524480.989862160640769, 3163034.320157275535166 ], [ 524450.118285273667425, 3163012.825458420906216 ], [ 524444.619773114332929, 3163012.07998473662883 ], [ 524434.12434719898738, 3163010.327063333708793 ], [ 524428.745969291427173, 3162998.828651896677911 ], [ 524395.591823955997825, 3162971.605470896232873 ], [ 524395.563908420270309, 3162971.582497332710773 ], [ 524395.518996214843355, 3162971.529399442486465 ], [ 524343.572821218869649, 3162910.207792461384088 ], [ 524229.843216910318006, 3162842.392101019155234 ], [ 524628.900228315033019, 3163718.433296743314713 ], [ 524306.617923822253942, 3163540.502023267559707 ], [ 524278.043966779834591, 3163174.849383705295622 ], [ 524276.38929194904631, 3163972.504352574236691 ], [ 524379.575123983668163, 3164098.020613875705749 ], [ 524490.51094951457344, 3164438.251745396759361 ] ], [ [ 524647.591382974060252, 3164128.380748010240495 ], [ 524559.994183245580643, 3163939.86038312735036 ], [ 524579.594929026206955, 3163917.744345520623028 ], [ 524716.147006875020452, 3164073.132359419949353 ], [ 524735.349681398132816, 3164239.351959645282477 ], [ 524705.972336538252421, 3164261.447095197159797 ], [ 524655.640153649495915, 3164213.717972132377326 ], [ 524647.452968705329113, 3164194.088019724935293 ], [ 524647.591382974060252, 3164128.380748010240495 ] ], [ [ 525213.651482957880944, 3164594.888418500777334 ], [ 525135.439016306539997, 3164594.720111503265798 ], [ 525096.475379278883338, 3164528.164796133991331 ], [ 525125.900393210584298, 3164483.913515139836818 ], [ 525213.651482957880944, 3164594.888418500777334 ] ], [ [ 525095.707668904331513, 3164406.298447574023157 ], [ 525116.195093772723339, 3164450.656847071833909 ], [ 525067.311702098348178, 3164450.552005513105541 ], [ 525008.84108538494911, 3164361.798009648919106 ], [ 525067.406650862540118, 3164406.237775271292776 ], [ 525095.707668904331513, 3164406.298447574023157 ] ], [ [ 524881.224955652025528, 3164605.255284289829433 ], [ 525105.871584482258186, 3164705.442741316277534 ], [ 524998.377815455198288, 3164683.055315147619694 ], [ 524881.224955652025528, 3164605.255284289829433 ] ], [ [ 525076.755920442286879, 3164605.672784549184144 ], [ 524891.072218429995701, 3164572.040404444560409 ], [ 524842.306965982425027, 3164516.543708918616176 ], [ 524920.61433622345794, 3164472.395821054000407 ], [ 525076.755920442286879, 3164605.672784549184144 ] ], [ [ 524979.794664904009551, 3164228.792688806541264 ], [ 525009.148934364435263, 3164217.776791552547365 ], [ 525018.68890843889676, 3164328.58324391907081 ], [ 524999.230034990934655, 3164284.227225481532514 ], [ 524979.794664904009551, 3164228.792688806541264 ] ], [ [ 524980.125792441191152, 3164073.692945999559015 ], [ 525019.186386159970425, 3164095.933606910984963 ], [ 524999.561427061678842, 3164129.127469937317073 ], [ 524980.125792441191152, 3164073.692945999559015 ] ], [ [ 524921.086293510394171, 3164250.824703542049974 ], [ 524969.757721652975306, 3164350.635925026610494 ], [ 524950.25145043397788, 3164328.437098464462906 ], [ 524921.086293510394171, 3164250.824703542049974 ] ], [ [ 524940.946978746913373, 3164106.845176252536476 ], [ 524960.406374988262542, 3164151.201083576306701 ], [ 524862.825424338690937, 3164062.364509876351804 ], [ 524940.946978746913373, 3164106.845176252536476 ] ], [ [ 524901.108178185299039, 3164450.197072039358318 ], [ 524842.518686658004299, 3164416.836695462465286 ], [ 524891.378641921910457, 3164428.019153377972543 ], [ 524901.108178185299039, 3164450.197072039358318 ] ], [ [ 524862.590017822338268, 3164173.150029926095158 ], [ 524901.674075271817856, 3164184.311748940497637 ], [ 524891.850037671392784, 3164206.448051733430475 ], [ 524862.590017822338268, 3164173.150029926095158 ] ], [ [ 524901.744809337309562, 3164151.076090160757303 ], [ 524823.646909088012762, 3164095.517130278982222 ], [ 524804.16341682174243, 3164062.240008887369186 ], [ 524901.744809337309562, 3164151.076090160757303 ] ], [ [ 524881.931796539807692, 3164272.898579385597259 ], [ 524881.766873097163625, 3164350.448464062064886 ], [ 524842.777448053122498, 3164294.972585850860924 ], [ 524813.447027574409731, 3164294.910344665404409 ], [ 524862.213351652375422, 3164350.406895940657705 ], [ 524784.093139629461803, 3164305.926731332670897 ], [ 524794.057751689688303, 3164217.319015372078866 ], [ 524823.388366330065764, 3164217.381206557620317 ], [ 524881.931796539807692, 3164272.898579385597259 ] ], [ [ 524794.198609511950053, 3164150.847699432633817 ], [ 524813.752463653101586, 3164150.889151492156088 ], [ 524803.952051188913174, 3164161.946973672602326 ], [ 524794.198609511950053, 3164150.847699432633817 ] ], [ [ 524461.088240869692527, 3164482.504605401773006 ], [ 524802.8716424315935, 3164671.560555633157492 ], [ 524587.998393324320205, 3164571.399488834198564 ], [ 524461.088240869692527, 3164482.504605401773006 ] ], [ [ 524677.412862992030568, 3163895.793029495514929 ], [ 524648.011438023298979, 3163928.966853875666857 ], [ 524609.042782919364981, 3163862.413256500381976 ], [ 524618.959793499670923, 3163795.962542425841093 ], [ 524677.412862992030568, 3163895.793029495514929 ] ], [ [ 524384.098697946406901, 3163895.178143021650612 ], [ 524325.551018512342125, 3163839.663319074548781 ], [ 524325.666165842674673, 3163784.270594221074134 ], [ 524364.890418956405483, 3163728.95923469401896 ], [ 524355.205368110560812, 3163684.624707895331085 ], [ 524531.057686918997206, 3163751.463567914441228 ], [ 524579.850903785321862, 3163795.880330490879714 ], [ 524589.441889536334202, 3163884.529244201257825 ], [ 524472.023436661576852, 3163928.597478352952749 ], [ 524384.098697946406901, 3163895.178143021650612 ] ], [ [ 524493.246972911525518, 3163130.983394726645201 ], [ 524502.955175423296168, 3163164.239467196166515 ], [ 524454.1821542927064, 3163108.744547905866057 ], [ 524493.246972911525518, 3163130.983394726645201 ] ] ] } },
{ "type": "Feature", "properties": { "t": "river" }, "geometry": { "type": "Polygon", "coordinates": [ [ [ 524470.219783126027323, 3165548.665431530214846 ], [ 524214.883127386681736, 3165346.123856679070741 ], [ 524671.733372578397393, 3166587.884976103436202 ], [ 524536.954043994424865, 3165601.603372209705412 ], [ 524487.345014032325707, 3165562.25019180867821 ], [ 524448.555703828111291, 3165800.833420703187585 ], [ 524370.974715504446067, 3165501.548720206134021 ], [ 524470.219783126027323, 3165548.665431530214846 ] ] ] } },
{ "type": "Feature", "properties": { "t": "river" }, "geometry": { "type": "MultiPolygon", "coordinates": [ [ [ [ 505655.397846699343063, 3164040.511640461161733 ], [ 505474.806688755517825, 3164646.548058322630823 ], [ 505514.072749059007037, 3164767.310165544040501 ], [ 505655.397846699343063, 3164040.511640461161733 ] ] ], [ [ [ 505719.927116776874755, 3163195.38240096019581 ], [ 505465.563230445666704, 3163505.458491585217416 ], [ 505530.361237646837253, 3163538.65472454810515 ], [ 505719.927116776874755, 3163195.38240096019581 ] ] ], [ [ [ 505774.654176649928559, 3165568.791241952218115 ], [ 505816.690182693768293, 3165233.87413644278422 ], [ 505515.018025040335488, 3164770.217378633562475 ], [ 505774.654176649928559, 3165568.791241952218115 ] ] ], [ [ [ 505591.271148729021661, 3166430.244758241344243 ], [ 505297.982447110523935, 3166518.736426041927189 ], [ 505649.856605990673415, 3166563.215328195132315 ], [ 505768.405957294628024, 3165618.574866008944809 ], [ 505591.271148729021661, 3166430.244758241344243 ] ] ] ] } },
{ "type": "Feature", "properties": { "t": "river" }, "geometry": { "type": "Polygon", "coordinates": [ [ [ 511995.832790828600992, 3164518.475095675792545 ], [ 511712.600831059855409, 3164230.146561549510807 ], [ 511849.128243704501074, 3164573.718207681085914 ], [ 511995.832790828600992, 3164518.475095675792545 ] ] ] } },
{ "type": "Feature", "properties": { "t": "river" }, "geometry": { "type": "MultiPolygon", "coordinates": [ [ [ [ 505426.648831388971303, 3163084.45791799435392 ], [ 505612.38884805951966, 3163162.094888855237514 ], [ 505589.747664095135406, 3163069.551874332595617 ], [ 505426.648831388971303, 3163084.45791799435392 ] ] ], [ [ [ 505827.58060251182178, 3162996.022796763107181 ], [ 505773.233452910732012, 3162179.230856247246265 ], [ 505720.425121516280342, 3162176.162713362835348 ], [ 505783.708134542393964, 3162990.477532641030848 ], [ 505827.58060251182178, 3162996.022796763107181 ] ] ], [ [ [ 506336.423078429186717, 3162265.107633040286601 ], [ 506365.896902765671257, 3162010.318791948258877 ], [ 506297.339137976872735, 3162209.694186697248369 ], [ 506065.795621836325154, 3162196.232945316471159 ], [ 506336.423078429186717, 3162265.107633040286601 ] ] ] ] } },
{ "type": "Feature", "properties": { "t": "river" }, "geometry": { "type": "Polygon", "coordinates": [ [ [ 508096.364994445466436, 3162520.997341965325177 ], [ 509113.14496239827713, 3162721.157379826530814 ], [ 507920.506884170987178, 3162299.307474370580167 ], [ 508096.364994445466436, 3162520.997341965325177 ] ] ] } },
{ "type": "Feature", "properties": { "t": "river" }, "geometry": { "type": "Polygon", "coordinates": [ [ [ 507725.114157783740666, 3162033.29353756736964 ], [ 507539.377272887097206, 3161944.54470569640398 ], [ 507920.506884170987178, 3162299.307474370580167 ], [ 507725.114157783740666, 3162033.29353756736964 ] ] ] } },
{ "type": "Feature", "properties": { "t": "river" }, "geometry": { "type": "Polygon", "coordinates": [ [ [ 510863.797818355553318, 3162312.746938185300678 ], [ 510140.455116484372411, 3162012.979110997635871 ], [ 510863.777259996393695, 3162334.903893570881337 ], [ 511450.85951779561583, 3161947.716299063991755 ], [ 510863.797818355553318, 3162312.746938185300678 ] ] ] } },
{ "type": "Feature", "properties": { "t": "river" }, "geometry": { "type": "Polygon", "coordinates": [ [ [ 510052.504319276544265, 3161946.432403383776546 ], [ 508674.568333066650666, 3160782.091719335876405 ], [ 508658.500822381000035, 3160779.19034719420597 ], [ 510052.504319276544265, 3161946.432403383776546 ] ] ] } },
{ "type": "Feature", "properties": { "t": "river" }, "geometry": { "type": "Polygon", "coordinates": [ [ [ 506816.15304839698365, 3161257.236641982570291 ], [ 507207.003658396715764, 3161778.158399463631213 ], [ 507539.377272887097206, 3161944.54470569640398 ], [ 506816.15304839698365, 3161257.236641982570291 ] ] ] } },
{ "type": "Feature", "properties": { "t": "river" }, "geometry": { "type": "MultiPolygon", "coordinates": [ [ [ [ 505448.620011195482221, 3157888.677634435705841 ], [ 505644.13373477908317, 3158154.651902270969003 ], [ 505732.046800662355963, 3158049.333905347622931 ], [ 505438.853339589142706, 3157855.43788315076381 ], [ 505155.089310275157914, 3158043.642634334973991 ], [ 505180.841972654103301, 3158213.307959470432252 ], [ 505448.620011195482221, 3157888.677634435705841 ] ] ], [ [ [ 505810.524203734763432, 3157955.32179711619392 ], [ 506465.749152664619032, 3158265.860259762965143 ], [ 506485.404597227985505, 3158099.694922593887895 ], [ 505438.966361362952739, 3157611.713048948440701 ], [ 505748.021537328895647, 3158030.196783097926527 ], [ 505810.524203734763432, 3157955.32179711619392 ] ], [ [ 505732.311289093806408, 3157866.656050113029778 ], [ 505693.182877000770532, 3157866.63699070783332 ], [ 505663.857968199648894, 3157822.309168110135943 ], [ 505732.311289093806408, 3157866.656050113029778 ] ] ], [ [ [ 505252.621020264341496, 3158686.233860501553863 ], [ 505282.923370671574958, 3158712.799055265262723 ], [ 505198.438066886679735, 3158329.238564914558083 ], [ 505252.621020264341496, 3158686.233860501553863 ] ] ], [ [ [ 505699.751522705715615, 3159078.240531952586025 ], [ 505712.153387232217938, 3159085.271910711191595 ], [ 505707.768762286927085, 3159085.269775031600147 ], [ 505967.825459931744263, 3159313.286235108971596 ], [ 506005.495173910399899, 3159262.673338782507926 ], [ 505865.847746300918516, 3159162.896785995922983 ], [ 505829.487860734516289, 3159162.878648040816188 ], [ 505809.942289263242856, 3159129.633667946793139 ], [ 505839.183404229406733, 3159143.845790660008788 ], [ 505490.197041657869704, 3158894.515250600408763 ], [ 505699.751522705715615, 3159078.240531952586025 ] ] ], [ [ [ 505662.953570630459581, 3159694.561623766086996 ], [ 505720.137331986741628, 3159730.336511235218495 ], [ 505692.300685128080659, 3159683.497407309710979 ], [ 505796.696351702441461, 3159543.221765951719135 ], [ 505662.953570630459581, 3159694.561623766086996 ] ] ], [ [ [ 505921.412791970768012, 3160163.86117541603744 ], [ 505926.782649142376613, 3160182.143317614682019 ], [ 505919.486875206232071, 3160186.27057388657704 ], [ 505916.985695422743447, 3160215.373690237756819 ], [ 506409.082386705209501, 3160391.151392594445497 ], [ 506435.308985186100472, 3160259.960657013114542 ], [ 505995.238180989748798, 3160193.256582751404494 ], [ 505928.533555678382982, 3160081.006813697982579 ], [ 505921.412791970768012, 3160163.86117541603744 ] ] ], [ [ [ 505975.581811033538543, 3160381.580067718401551 ], [ 506297.482129435928073, 3161943.810989580117166 ], [ 506063.550257556315046, 3160481.331265746150166 ], [ 506366.661619450023863, 3160603.354971858207136 ], [ 506374.39089101657737, 3160564.689856063574553 ], [ 505975.581811033538543, 3160381.580067718401551 ] ] ] ] } },
{ "type": "Feature", "properties": { "t": "river" }, "geometry": { "type": "Polygon", "coordinates": [ [ [ 502239.544243014475796, 3160779.094248636625707 ], [ 502464.660728137067053, 3159903.942825252655894 ], [ 503765.77073650440434, 3158918.308780297171324 ], [ 502327.730726741021499, 3159926.071691056713462 ], [ 502200.423484361788724, 3160790.165280025918037 ], [ 502513.251388642645907, 3161355.229115628171712 ], [ 502239.544243014475796, 3160779.094248636625707 ] ] ] } },
{ "type": "Feature", "properties": { "t": "river" }, "geometry": { "type": "Polygon", "coordinates": [ [ [ 499921.761981821327936, 3160679.174464013893157 ], [ 499794.617046286293771, 3160213.881576930638403 ], [ 499775.069100969296414, 3160856.431457281112671 ], [ 499921.761981821327936, 3160679.174464013893157 ] ] ] } },
{ "type": "Feature", "properties": { "t": "river" }, "geometry": { "type": "Polygon", "coordinates": [ [ [ 506250.166313642519526, 3158985.840591453015804 ], [ 507139.557730701111723, 3160127.427266443613917 ], [ 507921.615763899462763, 3160659.69540180824697 ], [ 507188.452029634616338, 3160138.535601590294391 ], [ 506260.741172321490012, 3158964.678142624907196 ], [ 506250.166313642519526, 3158985.840591453015804 ] ] ] } },
{ "type": "Feature", "properties": { "t": "river" }, "geometry": { "type": "Polygon", "coordinates": [ [ [ 504617.16032303503016, 3157844.007208884693682 ], [ 504734.72911930445116, 3157389.839643525891006 ], [ 503844.053216802480165, 3158818.628424781374633 ], [ 504617.16032303503016, 3157844.007208884693682 ] ] ] } },
{ "type": "Feature", "properties": { "t": "river" }, "geometry": { "type": "Polygon", "coordinates": [ [ [ 509693.532826974056661, 3158511.80960332788527 ], [ 509341.713955186889507, 3158112.700810372363776 ], [ 507972.383045766502619, 3157912.27849961631 ], [ 509458.989575849554967, 3158245.735871020704508 ], [ 509693.532826974056661, 3158511.80960332788527 ] ] ] } },
{ "type": "Feature", "properties": { "t": "river" }, "geometry": { "type": "Polygon", "coordinates": [ [ [ 507336.915879320877139, 3157324.708193344995379 ], [ 507502.999679029569961, 3157668.243807165883482 ], [ 507923.450248343171552, 3157945.480576236732304 ], [ 507336.915879320877139, 3157324.708193344995379 ] ] ] } },
{ "type": "Feature", "properties": { "t": "river" }, "geometry": { "type": "Polygon", "coordinates": [ [ [ 505370.586529068357777, 3157401.191931089386344 ], [ 505292.361590762622654, 3157323.607589730061591 ], [ 505370.50537203339627, 3157578.446297362912446 ], [ 505370.586529068357777, 3157401.191931089386344 ] ] ] } },
{ "type": "Feature", "properties": { "t": "river" }, "geometry": { "type": "Polygon", "coordinates": [ [ [ 507288.106332147610374, 3157158.501754051074386 ], [ 506652.356748585065361, 3156936.556088356301188 ], [ 507307.568206682684831, 3157324.689874353818595 ], [ 507288.106332147610374, 3157158.501754051074386 ] ] ] } },
{ "type": "Feature", "properties": { "t": "river" }, "geometry": { "type": "MultiPolygon", "coordinates": [ [ [ [ 504412.727231127501, 3155207.273032945115119 ], [ 504031.359419890737627, 3154564.591021158266813 ], [ 504198.026633468689397, 3153656.224849210586399 ], [ 504589.554950361140072, 3153390.491129096597433 ], [ 504237.488724172115326, 3152769.972194558475167 ], [ 504198.236452586890664, 3153069.073039735667408 ], [ 504540.638632757531013, 3153357.237106232903898 ], [ 504129.51956834102748, 3153678.357249499764293 ], [ 504001.982204376428854, 3154631.051104509737343 ], [ 504207.331971891690046, 3154996.708727946970612 ], [ 503903.938984676031396, 3155218.171180333942175 ], [ 504049.875230416306295, 3155326.957459427416325 ], [ 504412.727231127501, 3155207.273032945115119 ] ] ], [ [ [ 504647.327192828641273, 3155772.360400803387165 ], [ 504656.437146276351996, 3155953.002574171870947 ], [ 504761.821497051627375, 3155822.415957503020763 ], [ 504696.237567457603291, 3155794.536616259720176 ], [ 504647.34035202889936, 3155739.125285852700472 ], [ 504647.346268527035136, 3155724.182366430293769 ], [ 504439.230080937151797, 3155617.215809219516814 ], [ 504647.327192828641273, 3155772.360400803387165 ] ] ], [ [ [ 504784.292033452540636, 3155794.572178470902145 ], [ 504736.115579484961927, 3155769.809311250690371 ], [ 504766.825819344900083, 3155816.214966845232993 ], [ 504784.292033452540636, 3155794.572178470902145 ] ] ], [ [ [ 504701.041909659339581, 3156837.557594981044531 ], [ 504891.586292491701897, 3156581.181395534891635 ], [ 505292.361590762622654, 3157323.607589730061591 ], [ 505184.998289218929131, 3156769.639975838363171 ], [ 504666.554814676695969, 3156153.633543432690203 ], [ 504701.041909659339581, 3156837.557594981044531 ] ] ] ] } },
{ "type": "Feature", "properties": { "t": "river" }, "geometry": { "type": "Polygon", "coordinates": [ [ [ 505058.396808840567246, 3155429.100833863485605 ], [ 505616.06069126870716, 3155495.82460877392441 ], [ 505537.855995427933522, 3155351.768642601091415 ], [ 504579.064971046056598, 3155196.258368819952011 ], [ 506525.185469932621345, 3156925.406274897512048 ], [ 505058.396808840567246, 3155429.100833863485605 ] ] ] } },
{ "type": "Feature", "properties": { "t": "river" }, "geometry": { "type": "Polygon", "coordinates": [ [ [ 509686.092565959610511, 3155675.73155944654718 ], [ 509196.930445670266636, 3155631.02455944661051 ], [ 509666.49732090724865, 3155708.950561004690826 ], [ 510028.038148254272528, 3156252.095016558654606 ], [ 510918.2194767309702, 3156374.751848847605288 ], [ 510008.518474225187674, 3156196.68638199288398 ], [ 509945.747538113500923, 3156095.260820224881172 ], [ 509940.109015575377271, 3156108.00109599577263 ], [ 509940.127497668436263, 3156086.180036435369402 ], [ 509686.092565959610511, 3155675.73155944654718 ] ] ] } },
{ "type": "Feature", "properties": { "t": "river" }, "geometry": { "type": "Polygon", "coordinates": [ [ [ 508473.380228992842603, 3154987.934154614806175 ], [ 508668.73498733935412, 3155442.290137990377843 ], [ 508971.899062224605586, 3155630.850399633869529 ], [ 508473.380228992842603, 3154987.934154614806175 ] ] ] } },
{ "type": "Feature", "properties": { "t": "river" }, "geometry": { "type": "Polygon", "coordinates": [ [ [ 508414.943124851270113, 3154611.227614343166351 ], [ 508268.26440731191542, 3154478.183051023166627 ], [ 508434.425233923015185, 3154733.103619686793536 ], [ 508414.943124851270113, 3154611.227614343166351 ] ] ] } },
{ "type": "Feature", "properties": { "t": "river" }, "geometry": { "type": "Polygon", "coordinates": [ [ [ 507828.215696926112287, 3154067.982191506773233 ], [ 507358.841862629458774, 3153558.074597890954465 ], [ 507759.726104864035733, 3154056.858385953586549 ], [ 507828.215696926112287, 3154067.982191506773233 ] ] ] } },
{ "type": "Feature", "properties": { "t": "river" }, "geometry": { "type": "Polygon", "coordinates": [ [ [ 507349.063096271071117, 3153546.99012949410826 ], [ 507084.996019307407551, 3153303.104325481224805 ], [ 507290.355734194396064, 3153535.875202211085707 ], [ 507349.063096271071117, 3153546.99012949410826 ] ] ] } },
{ "type": "Feature", "properties": { "t": "river" }, "geometry": { "type": "Polygon", "coordinates": [ [ [ 505783.393872191314586, 3153457.488237231504172 ], [ 506037.863969048892614, 3153380.067879854235798 ], [ 505881.296025370247662, 3153368.910113761201501 ], [ 505783.393872191314586, 3153457.488237231504172 ] ] ] } },
{ "type": "Feature", "properties": { "t": "river" }, "geometry": { "type": "Polygon", "coordinates": [ [ [ 506548.88765297975624, 3153144.86756661022082 ], [ 506439.229273711331189, 3153114.400860968511552 ], [ 506096.579028378764633, 3153380.098203452769667 ], [ 506548.88765297975624, 3153144.86756661022082 ] ] ] } },
{ "type": "Feature", "properties": { "t": "river" }, "geometry": { "type": "Polygon", "coordinates": [ [ [ 511596.881086724693887, 3152719.53900281060487 ], [ 511625.725099722563755, 3153240.250073128379881 ], [ 511673.443999314738903, 3153254.15289920847863 ], [ 511596.881086724693887, 3152719.53900281060487 ] ] ] } },
{ "type": "Feature", "properties": { "t": "river" }, "geometry": { "type": "Polygon", "coordinates": [ [ [ 500097.863014492497314, 3152824.600169216282666 ], [ 500029.359181141830049, 3152713.816542376298457 ], [ 500000.0, 3152747.051480783615261 ], [ 500097.863014492497314, 3152824.600169216282666 ] ] ] } },
{ "type": "Feature", "properties": { "t": "river" }, "geometry": { "type": "MultiPolygon", "coordinates": [ [ [ [ 550438.972500999108888, 3194133.401971320156008 ], [ 550448.690705435583368, 3194121.778292272705585 ], [ 550465.810143079492263, 3194113.785743537824601 ], [ 550500.619564397493377, 3194083.040041361469775 ], [ 550527.174027778673917, 3194045.804549058433622 ], [ 550534.110319503350183, 3194029.049588816706091 ], [ 550547.171992703108117, 3194016.552276880014688 ], [ 550572.979225140530616, 3194002.559691626578569 ], [ 550598.475151771330275, 3193997.055177568458021 ], [ 550624.218746601720341, 3193985.063584302086383 ], [ 550648.033341421280056, 3193966.817509117536247 ], [ 550667.714126224862412, 3193946.067576768808067 ], [ 550727.458588681533001, 3193926.822629562579095 ], [ 550751.327791409799829, 3193921.629573433194309 ], [ 550906.092879440286197, 3193816.707041549496353 ], [ 551163.232264351798221, 3193394.239297596737742 ], [ 551170.265148514648899, 3193373.936956109944731 ], [ 551173.029769825749099, 3193369.647447482682765 ], [ 551197.006834340281785, 3193332.445204640273005 ], [ 551217.381150889093988, 3193290.454439619556069 ], [ 551250.091848005075008, 3193251.541301770601422 ], [ 551519.047996927169152, 3192809.710552660282701 ], [ 551525.646197361289524, 3192786.553874851670116 ], [ 551541.140449958387762, 3192763.557029553689063 ], [ 551549.549809661810286, 3192738.552805016282946 ], [ 551555.262590555241331, 3192721.566614583600312 ], [ 551578.010702840867452, 3192671.326044085901231 ], [ 551591.569639282417484, 3192646.333136214874685 ], [ 551620.317322571296245, 3192606.838688869960606 ], [ 551634.127579756896012, 3192573.343527192715555 ], [ 551656.625022076070309, 3192531.612189530394971 ], [ 551674.305140603333712, 3192506.610264942981303 ], [ 551700.552026430494152, 3192479.866860329639167 ], [ 551738.899699498084374, 3192448.576006332878023 ], [ 551780.487956552766263, 3192380.264939463697374 ], [ 552062.650743091013283, 3191555.425676559098065 ], [ 551820.344867286505178, 3192192.093693327158689 ], [ 550779.361991467536427, 3193805.070843553170562 ], [ 550094.256382530089468, 3194367.133264565840364 ], [ 550438.972500999108888, 3194133.401971320156008 ] ] ], [ [ [ 552620.70708806719631, 3189924.429831922519952 ], [ 552316.63378952734638, 3190288.672095621470362 ], [ 552380.907155741471797, 3190625.219954743981361 ], [ 552620.70708806719631, 3189924.429831922519952 ] ] ] ] } },
{ "type": "Feature", "properties": { "t": "river" }, "geometry": { "type": "Polygon", "coordinates": [ [ [ 552620.70708806719631, 3189924.429831922519952 ], [ 552738.530197519925423, 3189758.774926425889134 ], [ 552621.008926119655371, 3189857.955010611563921 ], [ 552620.70708806719631, 3189924.429831922519952 ] ] ] } },
{ "type": "Feature", "properties": { "t": "river" }, "geometry": { "type": "Polygon", "coordinates": [ [ [ 553781.526663797907531, 3187846.836900365073234 ], [ 554298.29232784640044, 3185843.882129082921892 ], [ 554942.750691534602083, 3185302.800658525433391 ], [ 554948.135735424584709, 3185295.040187491569668 ], [ 554951.768494662013836, 3185289.804943203460425 ], [ 554249.54899003833998, 3185832.574858977459371 ], [ 553811.775323003646918, 3187636.469451710116118 ], [ 552660.484512713039294, 3189758.420037161558867 ], [ 553781.526663797907531, 3187846.836900365073234 ] ] ] } },
{ "type": "Feature", "properties": { "t": "river" }, "geometry": { "type": "Polygon", "coordinates": [ [ [ 550220.537896720226854, 3186826.039965494535863 ], [ 550210.285504040191881, 3186827.010614904109389 ], [ 550191.103770848014392, 3186832.75805667694658 ], [ 550163.818758949288167, 3186845.347099791280925 ], [ 549935.959290344500914, 3186969.617101676296443 ], [ 549922.461947626899928, 3186984.728380773216486 ], [ 549881.280394722474739, 3187019.222496470436454 ], [ 549880.492265141801909, 3187020.146190665196627 ], [ 550220.537896720226854, 3186826.039965494535863 ] ] ] } },
{ "type": "Feature", "properties": { "t": "river" }, "geometry": { "type": "Polygon", "coordinates": [ [ [ 555929.142327018547803, 3184479.69079804001376 ], [ 555951.940755095914938, 3184454.991397608071566 ], [ 555998.622382054687478, 3184388.754297091625631 ], [ 556045.054738027392887, 3184331.261692253407091 ], [ 556073.235983488033526, 3184309.017511055339128 ], [ 556097.478464956511743, 3184280.023554270155728 ], [ 556145.284042187267914, 3184241.532259918283671 ], [ 556191.211989647941664, 3184196.543678703717887 ], [ 556237.20484298444353, 3184149.554538001306355 ], [ 556270.204489335650578, 3184112.556890332140028 ], [ 556300.449887064518407, 3184092.559845403302461 ], [ 556326.005609816522337, 3184084.817455685697496 ], [ 556428.991569372243248, 3184037.572334620635957 ], [ 556454.862286073272116, 3184021.577456491999328 ], [ 556470.045026047155261, 3184009.332491792272776 ], [ 556498.854682442033663, 3183972.335930264089257 ], [ 556551.532102532335557, 3183914.84817551728338 ], [ 556573.278014280716889, 3183896.603948310948908 ], [ 556673.092302145203575, 3183850.814378537237644 ], [ 556676.260617729043588, 3183849.3609589189291 ], [ 556690.100290936767124, 3183840.802922160830349 ], [ 556716.542078130762093, 3182265.7354975361377 ], [ 556513.755740694468841, 3183815.855023981072009 ], [ 555043.288128137472086, 3185149.392565655056387 ], [ 555929.142327018547803, 3184479.69079804001376 ] ] ] } },
{ "type": "Feature", "properties": { "t": "river" }, "geometry": { "type": "Polygon", "coordinates": [ [ [ 551440.282794009428471, 3183315.870371888857335 ], [ 551485.513536685029976, 3183235.138384148944169 ], [ 551423.843604541034438, 3183254.981672984082252 ], [ 551347.599735305528156, 3183264.982884619850665 ], [ 551254.122218270087615, 3183287.227002670522779 ], [ 551241.643198102479801, 3183289.916783293709159 ], [ 551228.620889155659825, 3183292.723547896835953 ], [ 551225.050267533399165, 3183292.430809444747865 ], [ 551134.080048241768964, 3183284.973879815079272 ], [ 551070.340805775485933, 3183299.719719031825662 ], [ 551013.094953998341225, 3183308.470102269668132 ], [ 551010.99684588436503, 3183308.387221900746226 ], [ 550731.377012175042182, 3183386.409370985813439 ], [ 550719.082880906527862, 3183399.701231786981225 ], [ 550693.337623509811237, 3183413.70118347927928 ], [ 550682.274794586584903, 3183428.194379995111376 ], [ 550636.533034343156032, 3183471.196939677465707 ], [ 550610.347574940300547, 3183516.789619817398489 ], [ 551440.282794009428471, 3183315.870371888857335 ] ] ] } },
{ "type": "Feature", "properties": { "t": "river" }, "geometry": { "type": "Polygon", "coordinates": [ [ [ 556770.080250766826794, 3183296.375490603968501 ], [ 556712.432452507433482, 3183107.745067700278014 ], [ 556710.864042997243814, 3183429.038440430071205 ], [ 556770.080250766826794, 3183296.375490603968501 ] ] ] } },
{ "type": "Feature", "properties": { "t": "river" }, "geometry": { "type": "Polygon", "coordinates": [ [ [ 556714.487389989662915, 3182686.740165362600237 ], [ 556748.695083868457004, 3181678.688109137583524 ], [ 556716.542078130762093, 3182265.7354975361377 ], [ 556714.487389989662915, 3182686.740165362600237 ] ] ] } },
{ "type": "Feature", "properties": { "t": "river" }, "geometry": { "type": "Polygon", "coordinates": [ [ [ 556400.037895979592577, 3181100.867047051899135 ], [ 556020.173369323951192, 3181018.523434943519533 ], [ 555988.872845464269631, 3181013.176814801059663 ], [ 555979.833291771938093, 3181009.779676001984626 ], [ 553786.109165777219459, 3180534.518631615210325 ], [ 556350.79313410888426, 3181189.262730174697936 ], [ 556718.542455938062631, 3181855.810125229880214 ], [ 556400.037895979592577, 3181100.867047051899135 ] ] ] } },
{ "type": "Feature", "properties": { "t": "river" }, "geometry": { "type": "Polygon", "coordinates": [ [ [ 524176.543342564196791, 3183814.322210557293147 ], [ 524529.977967226412147, 3182840.121517694555223 ], [ 524209.587141016323585, 3182008.534488318022341 ], [ 524177.442652118799742, 3183382.247588946949691 ], [ 524176.543342564196791, 3183814.322210557293147 ] ] ] } },
{ "type": "Feature", "properties": { "t": "river" }, "geometry": { "type": "MultiPolygon", "coordinates": [ [ [ [ 524513.582890111138113, 3181188.641612933482975 ], [ 524531.360092602553777, 3181139.403412728570402 ], [ 524544.605282279779203, 3181114.157768252771348 ], [ 524571.340323944576085, 3181021.511270135641098 ], [ 524595.599052592529915, 3180937.447102585807443 ], [ 524634.969303750549443, 3180879.20708752470091 ], [ 524652.277277294546366, 3180860.46515317959711 ], [ 524653.077389834565111, 3180859.767813738435507 ], [ 524678.087118806433864, 3180837.967627718113363 ], [ 524735.702867282554507, 3180805.476681357715279 ], [ 524837.747754874173552, 3180761.240268104244024 ], [ 524865.285182698280551, 3180746.703724028076977 ], [ 524377.817172603914514, 3180923.158373485784978 ], [ 524181.522726737021003, 3181421.296668031252921 ], [ 524513.582890111138113, 3181188.641612933482975 ] ] ], [ [ [ 524909.021621342166327, 3180730.873180619440973 ], [ 524977.787386304466054, 3180709.739744665101171 ], [ 524991.561798584763892, 3180700.998065763618797 ], [ 524909.021621342166327, 3180730.873180619440973 ] ] ] ] } },
{ "type": "Feature", "properties": { "t": "river" }, "geometry": { "type": "MultiPolygon", "coordinates": [ [ [ [ 506963.199781450908631, 3193319.06983956694603 ], [ 507223.985098533506971, 3193034.138722950126976 ], [ 506914.497432880860288, 3193219.330246218014508 ], [ 507069.90062962542288, 3194260.844501109328121 ], [ 506963.199781450908631, 3193319.06983956694603 ] ] ], [ [ [ 507262.423753728973679, 3193029.384140218608081 ], [ 507269.252032641379628, 3193017.922023563180119 ], [ 507274.564125197764952, 3193009.005016086157411 ], [ 507290.57241763942875, 3192994.296000401489437 ], [ 507229.136360564443748, 3193031.056426316965371 ], [ 507262.423753728973679, 3193029.384140218608081 ] ] ] ] } },
{ "type": "Feature", "properties": { "t": "river" }, "geometry": { "type": "Polygon", "coordinates": [ [ [ 505607.264283218188211, 3194049.543268740642816 ], [ 505178.092392674705479, 3194259.84314871719107 ], [ 505326.032835612480994, 3194259.910305776167661 ], [ 505371.029251281812321, 3194232.755291634704918 ], [ 505394.520032970351167, 3194216.258630305994302 ], [ 505452.541274661023635, 3194153.772997826803476 ], [ 505469.723661264695693, 3194138.277345621492714 ], [ 505607.448531001631636, 3194049.629837263841182 ], [ 505607.264283218188211, 3194049.543268740642816 ] ] ] } },
{ "type": "Feature", "properties": { "t": "river" }, "geometry": { "type": "Polygon", "coordinates": [ [ [ 509146.035686781920958, 3192203.800149878486991 ], [ 509157.363498340244405, 3192167.671091177035123 ], [ 509175.515013369556982, 3192139.178038532380015 ], [ 509204.13583929464221, 3192030.952903599012643 ], [ 509250.8116414717515, 3191978.462135127745569 ], [ 509266.123294390214141, 3191949.717574753798544 ], [ 509282.655889920541085, 3191941.719450893811882 ], [ 509352.828679918136913, 3191863.731790223624557 ], [ 509360.055999735021032, 3191857.696502195205539 ], [ 509900.66640142374672, 3190983.556688656564802 ], [ 509966.172964144265279, 3191018.951298253145069 ], [ 510003.178999417694286, 3190969.176305943634361 ], [ 510056.660802292928565, 3190897.241431345697492 ], [ 510047.058623539400287, 3190895.051472956314683 ], [ 510047.087449605285656, 3190861.814777825493366 ], [ 510067.631471127970144, 3190880.514134209603071 ], [ 510076.142743433651049, 3190867.050090991891921 ], [ 510017.87197410169756, 3190806.394946564454585 ], [ 508914.589528101263568, 3192134.962818699888885 ], [ 508680.01822066528257, 3192788.441213164944202 ], [ 508542.980690416821744, 3192823.358545526862144 ], [ 508718.837760325346608, 3192818.288766113575548 ], [ 508726.826627875328995, 3192816.593912260141224 ], [ 508773.22520923189586, 3192806.750887224450707 ], [ 509146.035686781920958, 3192203.800149878486991 ] ] ] } },
{ "type": "Feature", "properties": { "t": "river" }, "geometry": { "type": "Polygon", "coordinates": [ [ [ 508407.131976315868087, 3192522.345548711251467 ], [ 508699.906850343744736, 3192278.825510628987104 ], [ 507899.935215321078431, 3192577.382968185003847 ], [ 508407.131976315868087, 3192522.345548711251467 ] ] ] } },
{ "type": "Feature", "properties": { "t": "river" }, "geometry": { "type": "MultiPolygon", "coordinates": [ [ [ [ 512039.731088466476649, 3150315.986196025740355 ], [ 512310.621878555743024, 3150574.704328188207 ], [ 512225.584160413243808, 3150438.039399948436767 ], [ 512352.855418217543047, 3150416.015753037296236 ], [ 512509.36257190752076, 3150515.886051785666496 ], [ 512724.476160880934913, 3150726.604958049021661 ], [ 512763.424015285505448, 3150914.978701816871762 ], [ 512753.62408850772772, 3150926.046395704615861 ], [ 512665.66422954556765, 3150804.089738110080361 ], [ 512538.526500485488214, 3150704.248574778437614 ], [ 512411.339846559392754, 3150648.722042520530522 ], [ 512376.167455368500669, 3150637.307239020708948 ], [ 512449.672385072743054, 3150707.513404732570052 ], [ 512567.831559142970946, 3150759.671474482864141 ], [ 512665.604567771020811, 3150859.481300597079098 ], [ 512694.884717189823277, 3150937.061159914825112 ], [ 512689.247656214283779, 3150936.346062445547432 ], [ 512782.879402616526932, 3151025.783114749006927 ], [ 512808.51374701235909, 3151185.934014913626015 ], [ 512821.885708851448726, 3151158.765543439425528 ], [ 512841.557920340506826, 3151070.160370284691453 ], [ 512744.016279097180814, 3150759.861090909224004 ], [ 512773.380399757472333, 3150759.892950283829123 ], [ 512861.387946246075444, 3150837.537155796773732 ], [ 512949.321129536314402, 3150981.651921761222184 ], [ 512959.023518094385508, 3151059.210916950833052 ], [ 512949.125919588666875, 3151158.904989019036293 ], [ 513017.455893880105577, 3151325.155436470173299 ], [ 513027.157536224112846, 3151402.714526022784412 ], [ 513007.533495513314847, 3151447.006140041630715 ], [ 512909.45199472270906, 3151635.229756774846464 ], [ 512882.073609810788184, 3151645.525392709299922 ], [ 512931.31975167489145, 3151953.229034780990332 ], [ 513044.539315140165854, 3152106.151325536426157 ], [ 513026.457763315003831, 3152034.179132713470608 ], [ 513055.806398419954348, 3152045.29004064342007 ], [ 513104.642439057002775, 3152133.971154970582575 ], [ 513114.416975155705586, 3152145.060403986368328 ], [ 513124.240974599088077, 3152111.836330196820199 ], [ 513182.887914908351377, 3152178.372045564465225 ], [ 513182.813358407351188, 3152244.842050056904554 ], [ 513153.465341232717037, 3152233.730819702614099 ], [ 513063.051203778130002, 3152131.15526902070269 ], [ 513319.56496280367719, 3152477.641603558324277 ], [ 513465.450320069154259, 3152455.385269092861563 ], [ 513427.255667239020113, 3152444.529095290694386 ], [ 513329.489791963482276, 3152355.790987586602569 ], [ 513016.81800376996398, 3151901.22832920961082 ], [ 512958.242009827285074, 3151768.223510848358274 ], [ 512958.364131145353895, 3151657.440249053761363 ], [ 512978.024330190615728, 3151579.91356903873384 ], [ 513046.646488935162779, 3151480.284489716868848 ], [ 513066.319872601830866, 3151391.67965048039332 ], [ 512998.174684984842315, 3151059.254132017027587 ], [ 512959.084566622623242, 3151003.819336162414402 ], [ 512959.17003290518187, 3150926.271129900589585 ], [ 513008.036011533637065, 3150992.79505895730108 ], [ 513017.872917938511819, 3150948.492629455868155 ], [ 513221.444687999552116, 3150996.403541456907988 ], [ 513182.793844774132594, 3150941.821541832759976 ], [ 513057.073660411755554, 3150904.222779655363411 ], [ 512969.055682411883026, 3150837.65540928998962 ], [ 512929.989046542963479, 3150760.064105317927897 ], [ 512978.904795353126246, 3150782.274643749929965 ], [ 513096.250021218729671, 3150882.109690309967846 ], [ 513047.384076118818484, 3150815.585404295939952 ], [ 512988.717290511936881, 3150760.128826170694083 ], [ 512851.745258504175581, 3150704.586709642317146 ], [ 512802.853069837437943, 3150660.220083600841463 ], [ 512910.534589760936797, 3150649.25948459142819 ], [ 512922.587380912329536, 3150654.019642712082714 ], [ 512886.67107202927582, 3150615.841214575339109 ], [ 512749.225286328291986, 3150493.109901442658156 ], [ 512662.774123479728587, 3150427.128243429586291 ], [ 512648.29334641143214, 3150416.098807050846517 ], [ 512558.457569434307516, 3150371.920226292219013 ], [ 512549.689673943677917, 3150335.780484850518405 ], [ 512442.334021385409869, 3150259.456538370810449 ], [ 512218.745421404310036, 3150290.848945029079914 ], [ 512274.652874738792889, 3150316.229023678228259 ], [ 512343.113599300966598, 3150371.692255032714456 ], [ 512343.090346243814565, 3150393.848865266889334 ], [ 512206.019045102933887, 3150426.940760520286858 ], [ 512186.453892956080381, 3150415.842153933364898 ], [ 512147.35780447506113, 3150360.410125568974763 ], [ 512147.415014271973632, 3150305.018605967983603 ], [ 512151.614955461642239, 3150300.27509507117793 ], [ 512039.731088466476649, 3150315.986196025740355 ] ] ], [ [ [ 513936.87031804776052, 3151846.891470115631819 ], [ 514073.731094734102953, 3151979.994710658676922 ], [ 514171.534598114725668, 3152035.503971723839641 ], [ 514406.313563663337845, 3152124.41620535729453 ], [ 514569.508452128851786, 3152124.617368530016392 ], [ 514569.413814399915282, 3152124.529505358543247 ], [ 514504.359423626505304, 3152081.541262840852141 ], [ 514306.915762758464552, 3151999.305628584232181 ], [ 514234.523948408314027, 3151977.815708706155419 ], [ 514128.195426334976219, 3151925.570653578732163 ], [ 514108.914016219670884, 3151916.075467898510396 ], [ 513935.535861263226252, 3151776.600031315814704 ], [ 513842.918948530452326, 3151708.290323586203158 ], [ 513936.87031804776052, 3151846.891470115631819 ] ] ], [ [ [ 515746.318840123421978, 3152724.366724072955549 ], [ 515744.87439502729103, 3152718.404658661689609 ], [ 515741.269190147402696, 3152718.193895392585546 ], [ 515746.318840123421978, 3152724.366724072955549 ] ] ], [ [ [ 514112.426931848807726, 3152356.705069976393133 ], [ 514660.026946323690936, 3152722.96127698244527 ], [ 514288.533932152495254, 3152401.231284553185105 ], [ 514551.938044229173101, 3152403.97865452663973 ], [ 514474.562698243476916, 3152334.988794491626322 ], [ 514357.189553186122794, 3152279.45304612768814 ], [ 514337.615992540901061, 3152279.429151264950633 ], [ 514347.37572450528387, 3152301.597771266009659 ], [ 514386.454966048360802, 3152357.037321415729821 ], [ 514141.933712581230793, 3152234.878646506927907 ], [ 514092.999629257654306, 3152234.81986747821793 ], [ 513799.278073782043066, 3152334.176502629648894 ], [ 513730.719171268050559, 3152378.409614572301507 ], [ 513703.733124036749359, 3152419.03681505843997 ], [ 514112.426931848807726, 3152356.705069976393133 ] ] ] ] } },
{ "type": "Feature", "properties": { "t": "river" }, "geometry": { "type": "Polygon", "coordinates": [ [ [ 512177.009648366365582, 3150083.482932522892952 ], [ 512049.814575907599647, 3150027.960385617800057 ], [ 512010.637363259098493, 3150050.076938891317695 ], [ 512177.009648366365582, 3150083.482932522892952 ] ] ] } },
{ "type": "Feature", "properties": { "t": "river" }, "geometry": { "type": "Polygon", "coordinates": [ [ [ 540363.147298542666249, 3207934.509719810448587 ], [ 540440.407444225507788, 3208123.131273129489273 ], [ 540683.713502365048043, 3208179.385864913463593 ], [ 540363.147298542666249, 3207934.509719810448587 ] ] ] } },
{ "type": "Feature", "properties": { "t": "river" }, "geometry": { "type": "Polygon", "coordinates": [ [ [ 540051.652635753853247, 3207878.024574480950832 ], [ 540146.102406655438244, 3207791.988512597046793 ], [ 540132.013145239441656, 3207762.519757478497922 ], [ 540120.015204125200398, 3207711.526470467448235 ], [ 540121.902417905395851, 3207704.907606940250844 ], [ 539857.038905023597181, 3207821.951988787855953 ], [ 540353.057509985752404, 3208034.189240158069879 ], [ 540051.652635753853247, 3207878.024574480950832 ] ] ] } },
{ "type": "Feature", "properties": { "t": "river" }, "geometry": { "type": "Polygon", "coordinates": [ [ [ 541168.32886504183989, 3206398.796333135105669 ], [ 541202.532641476485878, 3206295.320127750746906 ], [ 541235.149276412092149, 3206225.580973600503057 ], [ 541256.58756529330276, 3206198.340231507550925 ], [ 541307.954942809417844, 3206148.099086568225175 ], [ 541355.069855558802374, 3206093.61180114839226 ], [ 541423.561095391749404, 3206024.376269430853426 ], [ 541438.435014678048901, 3206016.127190821804106 ], [ 541470.75913164159283, 3205988.23532964522019 ], [ 541306.170436276937835, 3205316.585512194316834 ], [ 541259.073145094676875, 3205267.544567395932972 ], [ 541152.65745565306861, 3205056.655376840848476 ], [ 541163.112463413155638, 3204857.263530962634832 ], [ 541172.38030951411929, 3204990.249424755107611 ], [ 541237.436776355374604, 3205036.123722192365676 ], [ 541182.756515172193758, 3204813.01612142007798 ], [ 541442.540224777301773, 3204400.406984830740839 ], [ 541450.058061131974682, 3204382.704217263963073 ], [ 541484.611724779009819, 3204328.22093093348667 ], [ 541494.464722917182371, 3204317.940578742418438 ], [ 541687.431746295071207, 3204011.4829425457865 ], [ 541692.431975799496286, 3203972.814392952714115 ], [ 541744.992039039963856, 3203920.073189804796129 ], [ 541927.527328846044838, 3203630.205830023624003 ], [ 540988.017128741252236, 3204779.083692032843828 ], [ 541009.29520398308523, 3204843.754349885508418 ], [ 541007.30583088262938, 3204834.549282473977655 ], [ 541066.078823960968293, 3204746.1233986816369 ], [ 541153.923498437972739, 3204702.119162353686988 ], [ 541163.547758317901753, 3204735.391719918232411 ], [ 541124.180627619032748, 3204846.045142619870603 ], [ 541104.460466951015405, 3205133.000742932315916 ], [ 541150.465640761656687, 3205272.835081153083593 ], [ 541190.75685001630336, 3205300.538364999461919 ], [ 541185.798936320934445, 3205380.234387387987226 ], [ 541363.893712130608037, 3205921.605666449293494 ], [ 540354.921694663586095, 3207502.383157239761204 ], [ 541168.32886504183989, 3206398.796333135105669 ] ], [ [ 541201.687725217547268, 3204968.195370792411268 ], [ 541182.241819160641171, 3204957.046462594065815 ], [ 541182.400189421256073, 3204912.729431590996683 ], [ 541201.687725217547268, 3204968.195370792411268 ] ] ] } },
{ "type": "Feature", "properties": { "t": "river" }, "geometry": { "type": "Polygon", "coordinates": [ [ [ 543262.523746227961965, 3203612.978981391061097 ], [ 543168.18738048535306, 3203604.041188640519977 ], [ 543199.276323419297114, 3203625.360819149762392 ], [ 543235.679718343773857, 3203638.004645681940019 ], [ 543262.523746227961965, 3203612.978981391061097 ] ] ] } },
{ "type": "Feature", "properties": { "t": "river" }, "geometry": { "type": "MultiPolygon", "coordinates": [ [ [ [ 543323.13788432860747, 3201692.737455055117607 ], [ 543162.347055772319436, 3201740.185738337691873 ], [ 543293.152320914552547, 3202165.679224331397563 ], [ 543323.13788432860747, 3201692.737455055117607 ] ] ], [ [ [ 544375.432654144708067, 3200537.133960658684373 ], [ 543963.224622489651665, 3201397.458710303064436 ], [ 544011.396422246936709, 3201386.812135354615748 ], [ 544018.517201141570695, 3201384.527807232458144 ], [ 544375.432654144708067, 3200537.133960658684373 ] ] ] ] } },
{ "type": "Feature", "properties": { "t": "river" }, "geometry": { "type": "MultiPolygon", "coordinates": [ [ [ [ 541879.049344085040502, 3203563.553305572830141 ], [ 542114.640905217849649, 3203564.411423984915018 ], [ 542122.072774822823703, 3203538.875061668921262 ], [ 542141.39142056577839, 3203513.629369384609163 ], [ 542150.258799807867035, 3203481.89155481941998 ], [ 542165.381550469668582, 3203456.644314871169627 ], [ 542174.505457187187858, 3203446.39459707820788 ], [ 542178.254237804212607, 3203442.156596029642969 ], [ 542182.502415091497824, 3203437.899698133114725 ], [ 542200.486411927267909, 3203414.884478375315666 ], [ 542186.739777216105722, 3203416.917082032188773 ], [ 541879.049344085040502, 3203563.553305572830141 ] ] ], [ [ [ 542194.097183769452386, 3203413.410904069896787 ], [ 542203.233948637265712, 3203411.368298240937293 ], [ 542206.111807709792629, 3203407.685340096242726 ], [ 542194.097183769452386, 3203413.410904069896787 ] ] ] ] } },
{ "type": "Feature", "properties": { "t": "river" }, "geometry": { "type": "MultiPolygon", "coordinates": [ [ [ [ 544972.365787458373234, 3200330.403081834781915 ], [ 544463.578152253525332, 3200426.679333173669875 ], [ 544562.01750729396008, 3200493.353592374362051 ], [ 544582.809770449530333, 3200452.748763109091669 ], [ 544606.302943133749068, 3200429.752886680886149 ], [ 544631.737363189226016, 3200421.507001064252108 ], [ 544671.66943179233931, 3200399.260245565325022 ], [ 544676.35752918291837, 3200396.75791163276881 ], [ 544758.845307594747283, 3200382.77123352792114 ], [ 544809.397816249751486, 3200383.514274737332016 ], [ 544893.713899006717838, 3200394.70925920130685 ], [ 544972.365787458373234, 3200330.403081834781915 ] ] ], [ [ [ 546145.709456905955449, 3199004.038803988602012 ], [ 545451.720143684186041, 3200219.80958263669163 ], [ 545475.980616587679833, 3200220.047857619822025 ], [ 545485.065342029556632, 3200221.206563428044319 ], [ 546145.709456905955449, 3199004.038803988602012 ] ] ] ] } },
{ "type": "Feature", "properties": { "t": "river" }, "geometry": { "type": "MultiPolygon", "coordinates": [ [ [ [ 546589.495643747039139, 3198435.626853802707046 ], [ 547342.845132238348015, 3197081.06949952384457 ], [ 547945.409209573408589, 3196525.448650539852679 ], [ 548061.292858204920776, 3196405.009774644393474 ], [ 548108.37133091443684, 3196356.081710050813854 ], [ 548140.367182935355231, 3196329.084207002539188 ], [ 548180.778394747758284, 3196306.083318472374231 ], [ 548187.455467391293496, 3196302.28296079300344 ], [ 548527.136326249223202, 3195989.121517949271947 ], [ 547500.202638512477279, 3196749.333759204950184 ], [ 547261.507601220160723, 3197126.037673527840525 ], [ 547244.98806558479555, 3197169.304098948370665 ], [ 547231.746899585356005, 3197173.007485998794436 ], [ 546155.988594999769703, 3198871.127235138788819 ], [ 546508.520804004278034, 3198473.683385803364217 ], [ 546572.309529968886636, 3198478.472855765838176 ], [ 546557.485520932357758, 3198418.483693540096283 ], [ 546589.495643747039139, 3198435.626853802707046 ] ], [ [ 546920.828699931851588, 3197766.269928696099669 ], [ 546911.394662196515128, 3197688.675954397302121 ], [ 547029.013424837263301, 3197534.042713656555861 ], [ 546969.753307145670988, 3197722.151169349905103 ], [ 546920.828699931851588, 3197766.269928696099669 ] ] ], [ [ [ 546635.351404615794308, 3198460.185350779443979 ], [ 546639.171331971883774, 3198453.653320976067334 ], [ 546643.163070740178227, 3198449.281974041368812 ], [ 546603.954375393223017, 3198443.370336441788822 ], [ 546635.351404615794308, 3198460.185350779443979 ] ] ] ] } },
{ "type": "Feature", "properties": { "t": "river" }, "geometry": { "type": "MultiPolygon", "coordinates": [ [ [ [ 537749.287506872671656, 3197078.992097034584731 ], [ 536416.275634992285632, 3196232.695210949052125 ], [ 537690.718973361887038, 3197100.9594193152152 ], [ 538311.886465217452496, 3197945.02465740358457 ], [ 538405.814860839396715, 3197962.815278105903417 ], [ 537749.287506872671656, 3197078.992097034584731 ] ] ], [ [ [ 539383.558953077881597, 3198148.054768116679043 ], [ 540356.434529486810789, 3198716.455957870464772 ], [ 539315.734223946346901, 3198025.951786207500845 ], [ 538441.556952464277856, 3197969.585267314687371 ], [ 539383.558953077881597, 3198148.054768116679043 ] ] ] ] } },
{ "type": "Feature", "properties": { "t": "river" }, "geometry": { "type": "MultiPolygon", "coordinates": [ [ [ [ 540560.032776526990347, 3198539.184904082212597 ], [ 540544.137395475641824, 3198537.388650781009346 ], [ 540532.474585439427756, 3198533.464018878061324 ], [ 540386.027221720432863, 3198616.845740009099245 ], [ 540560.032776526990347, 3198539.184904082212597 ] ] ], [ [ [ 541469.817354248487391, 3198133.196352598257363 ], [ 541986.006114432122558, 3198268.012440612539649 ], [ 542093.545746228541248, 3198145.509587681852281 ], [ 541353.072989206528291, 3198066.302097004372627 ], [ 540732.044743234175257, 3198419.841058222111315 ], [ 540731.16525873565115, 3198423.161058521829545 ], [ 540722.483927056659013, 3198440.158082274254411 ], [ 540695.312462357338518, 3198478.810432048048824 ], [ 541469.817354248487391, 3198133.196352598257363 ] ] ], [ [ [ 542880.267800253583118, 3197249.430768418125808 ], [ 542837.898746484424919, 3197289.639357364736497 ], [ 542814.462442493881099, 3197306.386065526399761 ], [ 542782.34229950257577, 3197339.878926336765289 ], [ 542724.792153648100793, 3197385.624358739703894 ], [ 542699.044739242643118, 3197412.867459394503385 ], [ 542675.609062290866859, 3197429.614546705037355 ], [ 542649.864407216897234, 3197461.109347539488226 ], [ 542628.359504838823341, 3197494.600262125022709 ], [ 542612.760112102492712, 3197554.101349010597914 ], [ 542880.267800253583118, 3197249.430768418125808 ] ] ], [ [ [ 544390.204127306118608, 3196692.655018861871213 ], [ 543043.272234642063268, 3197096.560150776524097 ], [ 543032.915271507459693, 3197107.686144209001213 ], [ 544390.204127306118608, 3196692.655018861871213 ] ] ] ] } },
{ "type": "Feature", "properties": { "t": "river" }, "geometry": { "type": "Polygon", "coordinates": [ [ [ 545180.628614116227254, 3196518.448010873049498 ], [ 545243.755517002311535, 3196412.817787659354508 ], [ 545192.858181734918617, 3196412.818368852604181 ], [ 545180.9750129529275, 3196429.81468983925879 ], [ 544690.492493884987198, 3196563.33646726841107 ], [ 544688.230935387196951, 3196566.289462146814913 ], [ 544686.422454799874686, 3196567.535828093998134 ], [ 544664.790619622333907, 3196583.032454290427268 ], [ 544629.546012447564863, 3196600.881922146771103 ], [ 545180.628614116227254, 3196518.448010873049498 ] ] ] } },
{ "type": "Feature", "properties": { "t": "river" }, "geometry": { "type": "Polygon", "coordinates": [ [ [ 513909.90934922901215, 3207007.974443768616766 ], [ 513257.400426042964682, 3206896.413131153210998 ], [ 512839.478837830247357, 3206053.924189563374966 ], [ 511972.955924268229865, 3205587.667216160334647 ], [ 512693.427382883673999, 3205987.287469463422894 ], [ 513159.927761628699955, 3206951.697117818053812 ], [ 513831.969292432477232, 3207018.959720918908715 ], [ 514229.987730290740728, 3208116.282812945079058 ], [ 513909.90934922901215, 3207007.974443768616766 ] ] ] } },
{ "type": "Feature", "properties": { "t": "river" }, "geometry": { "type": "Polygon", "coordinates": [ [ [ 513837.940489886736032, 3202044.439461474306881 ], [ 513862.35619832953671, 3201999.775812106207013 ], [ 513860.305333773954771, 3201999.937684027012438 ], [ 513809.440238021081313, 3202011.682635812088847 ], [ 513777.535153676639311, 3202023.679304608143866 ], [ 513764.385273340973072, 3202024.888487030752003 ], [ 513759.993391558353323, 3202033.267138519324362 ], [ 513221.172051577828825, 3202194.952323895413429 ], [ 513201.969106634729542, 3202213.393528460990638 ], [ 513154.695459878421389, 3202254.88592733303085 ], [ 513129.892526990908664, 3202270.816295017488301 ], [ 513837.940489886736032, 3202044.439461474306881 ] ] ] } },
{ "type": "Feature", "properties": { "t": "river" }, "geometry": { "type": "Polygon", "coordinates": [ [ [ 517565.334620333916973, 3198903.052189568057656 ], [ 516837.243389572307933, 3199163.601971443276852 ], [ 516752.482787423708942, 3199206.934496681205928 ], [ 516722.036319866369013, 3199222.500014693010598 ], [ 516683.541080014547333, 3199246.991371886339039 ], [ 516664.388100989803206, 3199254.989135326817632 ], [ 516619.426407083170488, 3199285.731036591809243 ], [ 516550.466632850817405, 3199352.136045183055103 ], [ 516518.194331689854153, 3199383.213079058099538 ], [ 516496.47727992455475, 3199412.209225015249103 ], [ 516464.111569011001848, 3199445.448687409982085 ], [ 516451.047909791581333, 3199464.195202680304646 ], [ 516352.067182472965214, 3199577.216542915906757 ], [ 517565.334620333916973, 3198903.052189568057656 ] ] ] } },
{ "type": "Feature", "properties": { "t": "river" }, "geometry": { "type": "Polygon", "coordinates": [ [ [ 518510.897723678033799, 3198882.370797482319176 ], [ 518627.834716116311029, 3198904.716941378079355 ], [ 518783.83409899979597, 3198882.811453091911972 ], [ 518510.897723678033799, 3198882.370797482319176 ] ] ] } },
{ "type": "Feature", "properties": { "t": "river" }, "geometry": { "type": "MultiPolygon", "coordinates": [ [ [ [ 519076.467236643424258, 3198761.421288509853184 ], [ 519133.636145866475999, 3198708.758723432663828 ], [ 519129.78217470261734, 3198710.603382025379688 ], [ 519097.942417687154375, 3198718.340775337070227 ], [ 519055.809374888951425, 3198715.012576750479639 ], [ 519022.107621959992684, 3198712.350634561385959 ], [ 518996.70815216813935, 3198716.096415993291885 ], [ 518965.089581178326625, 3198715.351984241511673 ], [ 518948.739549732941668, 3198711.233881746418774 ], [ 518881.474383012740873, 3198783.259027474559844 ], [ 518004.395872662717011, 3198637.83074619807303 ], [ 517774.998018018784933, 3198739.427851310931146 ], [ 517729.22199431824265, 3198766.589202530216426 ], [ 517689.042352865450084, 3198790.582925434689969 ], [ 517615.797312200360466, 3198839.443388859275728 ], [ 518510.897723678033799, 3198882.370797482319176 ], [ 519076.467236643424258, 3198761.421288509853184 ] ] ], [ [ [ 519964.936911016120575, 3197943.071612375788391 ], [ 519787.124704699323047, 3197979.977846439927816 ], [ 519774.178570278163534, 3197995.745341404341161 ], [ 519750.209623063972685, 3198031.240485950838774 ], [ 519734.777932248893194, 3198062.484623823780566 ], [ 519728.309052418975625, 3198068.733336882200092 ], [ 519692.625594056735281, 3198156.965621061623096 ], [ 519658.241559640620835, 3198225.541040765121579 ], [ 519964.936911016120575, 3197943.071612375788391 ] ] ] ] } },
{ "type": "Feature", "properties": { "t": "river" }, "geometry": { "type": "MultiPolygon", "coordinates": [ [ [ [ 523123.993472837144509, 3197683.064161500893533 ], [ 520179.520603042154107, 3197876.970006288494915 ], [ 522967.903170022938866, 3197738.148268640972674 ], [ 523423.207119521219283, 3198457.807765160221606 ], [ 523123.993472837144509, 3197683.064161500893533 ] ] ], [ [ [ 523599.532766375283245, 3198736.539767953567207 ], [ 524096.720725064515136, 3198715.408079440239817 ], [ 523477.340341501869261, 3198543.378720853477716 ], [ 523599.532766375283245, 3198736.539767953567207 ] ] ] ] } },
{ "type": "Feature", "properties": { "t": "river" }, "geometry": { "type": "MultiPolygon", "coordinates": [ [ [ [ 508972.346694976440631, 3148544.595003748312593 ], [ 509499.26656531880144, 3148625.113717981148511 ], [ 509476.534126888727769, 3148618.662841467186809 ], [ 509339.555866724287625, 3148518.848828624933958 ], [ 509584.294245566881727, 3148530.123864984605461 ], [ 509633.252748411730863, 3148519.085556645411998 ], [ 509623.471910522028338, 3148507.99927574954927 ], [ 509388.523020459979307, 3148496.731231595389545 ], [ 509212.391276913811453, 3148385.809279724024236 ], [ 509261.393610275583342, 3148319.378081910777837 ], [ 509388.699758606846444, 3148275.165840062312782 ], [ 509682.430063465842977, 3148242.168972930405289 ], [ 509976.077536252269056, 3148308.883851850870997 ], [ 510308.842962077993434, 3148419.953391931485385 ], [ 510387.123697815230116, 3148464.335340162739158 ], [ 510582.703417445241939, 3148708.231815396808088 ], [ 510641.301619564357679, 3148863.380672186147422 ], [ 510651.000987583771348, 3148963.094046611338854 ], [ 510699.827752100303769, 3149096.077831351663917 ], [ 510621.452400476089679, 3149162.476575077977031 ], [ 510415.836544292804319, 3149206.605932561680675 ], [ 510347.330745511455461, 3149184.388905030209571 ], [ 510288.643112685764208, 3149128.945986180566251 ], [ 510337.716589931980707, 3148984.971230631228536 ], [ 510279.202093532832805, 3148730.119377328082919 ], [ 510112.976724865729921, 3148497.331428507342935 ], [ 509995.516556637361646, 3148475.074525580275804 ], [ 509897.570637880417053, 3148530.383150778710842 ], [ 509858.299730500206351, 3148663.289566586259753 ], [ 509779.360606707981788, 3148667.924993965774775 ], [ 510112.786336580466013, 3148718.896912544034421 ], [ 510288.584991546231322, 3149195.415682350751013 ], [ 511912.638877622433938, 3150160.760395760182291 ], [ 512010.671298935543746, 3150016.842041288502514 ], [ 511257.284060836187564, 3149661.59114537993446 ], [ 510768.901104615128133, 3148497.913315271027386 ], [ 510377.568172693485394, 3148198.448208512272686 ], [ 508889.538612439413555, 3148097.525913316756487 ], [ 509163.510244978242554, 3148297.144919803366065 ], [ 508665.832640294800512, 3148426.703656356781721 ], [ 508972.346694976440631, 3148544.595003748312593 ] ], [ [ 511746.41077239374863, 3149983.340250947978348 ], [ 511834.430903374624904, 3150060.976646286435425 ], [ 511805.076164375001099, 3150049.868838477879763 ], [ 511746.41077239374863, 3149983.340250947978348 ] ], [ [ 511071.387846543220803, 3149561.710022716317326 ], [ 511120.28065127535956, 3149617.147638680413365 ], [ 511100.713131546741351, 3149606.050858055707067 ], [ 511071.387846543220803, 3149561.710022716317326 ] ], [ [ 511042.093532673199661, 3149484.134396134875715 ], [ 511051.809781597054098, 3149561.691614728420973 ], [ 511032.294047395582311, 3149495.203501686919481 ], [ 511042.093532673199661, 3149484.134396134875715 ] ], [ [ 510954.197945483436342, 3149262.486294825095683 ], [ 511032.429093031503726, 3149351.18575692968443 ], [ 510993.261911913461518, 3149362.227392440661788 ], [ 510954.197945483436342, 3149262.486294825095683 ] ], [ [ 510807.572411682922393, 3149029.70654984517023 ], [ 510807.419783666497096, 3149195.880795159842819 ], [ 510846.45457833603723, 3149328.856250119395554 ], [ 510856.131360764906276, 3149450.726437719538808 ], [ 510826.743598705681507, 3149472.855952540412545 ], [ 510777.8285157570499, 3149439.57614859379828 ], [ 510670.318846561771352, 3149251.147133536636829 ], [ 510709.586921931419056, 3149129.321585646364838 ], [ 510778.112661424034741, 3149129.384155021980405 ], [ 510738.985427944164257, 3149096.113503592088819 ], [ 510690.118848555430304, 3149007.442678607068956 ], [ 510651.17144693096634, 3148774.763301708735526 ], [ 510563.153765611932613, 3148674.979396035894752 ], [ 510484.973788992676418, 3148519.813513789325953 ], [ 510592.642723951197695, 3148542.066491694189608 ], [ 510710.040627651731484, 3148630.799012815579772 ], [ 510749.129021719447337, 3148708.382648896425962 ], [ 510788.125494877167512, 3148885.67093456722796 ], [ 510807.572411682922393, 3149029.70654984517023 ] ], [ [ 510436.161823023518082, 3148364.674194157589227 ], [ 510465.561454403738026, 3148331.46545927785337 ], [ 510504.692010228347499, 3148364.73515764111653 ], [ 510455.741876424581278, 3148364.69157157978043 ], [ 510436.161823023518082, 3148364.674194157589227 ] ], [ [ 510377.392360499943607, 3148397.857071485836059 ], [ 510436.152000185858924, 3148375.752465499565005 ], [ 510494.872348959557712, 3148397.961239014752209 ], [ 510396.962572329444811, 3148408.952623061370105 ], [ 510377.392360499943607, 3148397.857071485836059 ] ], [ [ 509917.085067944950424, 3148607.947545782662928 ], [ 509926.921612237871159, 3148552.56443207943812 ], [ 510005.297072715882678, 3148486.161116086412221 ], [ 510064.027147397573572, 3148497.289469929877669 ], [ 510142.28919048543321, 3148563.826340089086443 ], [ 510112.881532262370456, 3148608.114162381272763 ], [ 509966.034183396783192, 3148607.988894548267126 ], [ 509917.085067944950424, 3148607.947545782662928 ] ] ], [ [ [ 508986.425861897005234, 3149426.993184119928628 ], [ 507948.874451069510542, 3149282.228720106650144 ], [ 508849.369577317789663, 3149437.967588113155216 ], [ 508998.141073819831945, 3149713.975448568817228 ], [ 508888.500989144784398, 3149471.231958535034209 ], [ 508986.256622932560276, 3149648.558900244534016 ], [ 509261.114653551077936, 3148673.882753138896078 ], [ 509216.530080975499004, 3148658.815313560888171 ], [ 508986.425861897005234, 3149426.993184119928628 ] ] ], [ [ [ 509171.944449006870855, 3150036.442611737642437 ], [ 511159.286604258581065, 3151371.046945132315159 ], [ 511138.23224953369936, 3151334.30324492463842 ], [ 509123.117047921114136, 3149945.848325318656862 ], [ 509171.944449006870855, 3150036.442611737642437 ] ] ], [ [ [ 511616.968588043877389, 3152198.876637786626816 ], [ 511557.735466091253329, 3152719.500435071997344 ], [ 511646.307149166474119, 3152221.062355758622289 ], [ 511405.165246391843539, 3151800.170167988166213 ], [ 511616.968588043877389, 3152198.876637786626816 ] ] ] ] } },
{ "type": "Feature", "properties": { "t": "river" }, "geometry": { "type": "MultiPolygon", "coordinates": [ [ [ [ 503885.520760853134561, 3151739.566715145017952 ], [ 504329.875627701345365, 3152212.085950241424143 ], [ 504345.372047588927671, 3152138.547110173851252 ], [ 503947.396845239272807, 3151677.498524991795421 ], [ 503885.520760853134561, 3151739.566715145017952 ] ] ], [ [ [ 504335.875286894093733, 3151351.983320300001651 ], [ 504321.012607775162905, 3151302.743738955818117 ], [ 504134.885733813862316, 3151489.433558620512486 ], [ 504335.875286894093733, 3151351.983320300001651 ] ] ], [ [ [ 504213.216366654902231, 3150945.631277448963374 ], [ 504189.196539802185725, 3150975.267768580000848 ], [ 504239.289848102664109, 3151032.006632295437157 ], [ 504213.216366654902231, 3150945.631277448963374 ] ] ], [ [ [ 504419.913793025014456, 3150774.839246774557978 ], [ 504372.881247041630559, 3150748.63630666770041 ], [ 504249.516559612820856, 3150900.843225270975381 ], [ 504419.913793025014456, 3150774.839246774557978 ] ] ], [ [ [ 504611.495867886173073, 3151392.749924725852907 ], [ 504561.18186298944056, 3150853.544858449138701 ], [ 504478.046362565306481, 3150807.226694467011839 ], [ 504611.495867886173073, 3151392.749924725852907 ] ] ], [ [ [ 504707.535680759639945, 3151814.171821070834994 ], [ 505030.458061790210195, 3152127.742041863501072 ], [ 504666.780847196525428, 3151635.336119089275599 ], [ 504707.535680759639945, 3151814.171821070834994 ] ] ], [ [ [ 504199.229636624571867, 3150288.416917990893126 ], [ 504262.420434643456247, 3150329.452846085652709 ], [ 504383.969918112154119, 3150112.708773644641042 ], [ 504346.104985834623221, 3150155.530777007807046 ], [ 504326.527934210607782, 3150155.523559552617371 ], [ 504387.646711769048125, 3150106.152549691963941 ], [ 504441.511124104203191, 3150010.10593932820484 ], [ 504019.806541053869296, 3150339.611997156403959 ], [ 504101.345486212288961, 3150288.382377533707768 ], [ 504042.595957206911407, 3150343.75349960802123 ], [ 504014.518793906958308, 3150343.743882392533123 ], [ 503915.321346296870615, 3150421.258493430446833 ], [ 504009.150954924465623, 3150476.522747330833226 ], [ 504199.229636624571867, 3150288.416917990893126 ] ] ], [ [ [ 504502.818938212993089, 3149900.789083923213184 ], [ 503935.157381324796006, 3149645.784949185792357 ], [ 504448.832081183150876, 3149997.051948822569102 ], [ 504502.818938212993089, 3149900.789083923213184 ] ] ], [ [ [ 504933.160962318594102, 3150765.068620089907199 ], [ 504766.535594152868725, 3151329.993417186662555 ], [ 504991.898482978635002, 3150742.936807001009583 ], [ 504519.975212604680564, 3150496.714702270925045 ], [ 504933.160962318594102, 3150765.068620089907199 ] ] ] ] } },
{ "type": "Feature", "properties": { "t": "river" }, "geometry": { "type": "MultiPolygon", "coordinates": [ [ [ [ 502309.919838570174761, 3151030.139916001819074 ], [ 501879.614350196381565, 3148792.249855314381421 ], [ 501840.518086009542458, 3148393.426145120058209 ], [ 502075.505195916921366, 3148238.369585509877652 ], [ 501781.816717394045554, 3148138.617134453263134 ], [ 501889.366655575868208, 3149024.895074747968465 ], [ 501605.452529546164442, 3149168.870449667796493 ], [ 501928.497279368108138, 3149191.075508415699005 ], [ 502290.346404018171597, 3151019.057786217425019 ], [ 502310.925863910000771, 3151031.140957068651915 ], [ 502309.919838570174761, 3151030.139916001819074 ] ] ], [ [ [ 502623.751348302990664, 3151474.620687315240502 ], [ 502632.845173590583727, 3151351.478593618609011 ], [ 502584.2694991035969, 3151303.13989142794162 ], [ 502623.751348302990664, 3151474.620687315240502 ] ] ], [ [ [ 501996.537260300770868, 3152049.286882407031953 ], [ 502670.078414745163172, 3152041.133510442450643 ], [ 502583.761427595571149, 3152016.166352074593306 ], [ 502605.653950329113286, 3151719.690431926865131 ], [ 501996.537260300770868, 3152049.286882407031953 ] ] ], [ [ [ 502818.569137227314059, 3152348.56986424094066 ], [ 503138.01529091258999, 3152396.866869376040995 ], [ 503043.714854037156329, 3152149.216265057213604 ], [ 502880.843016562168486, 3152102.100211173295975 ], [ 502818.569137227314059, 3152348.56986424094066 ] ] ] ] } },
{ "type": "Feature", "properties": { "t": "river" }, "geometry": { "type": "MultiPolygon", "coordinates": [ [ [ [ 500117.442370629112702, 3152148.822740590199828 ], [ 499990.213550928514451, 3152647.346564009785652 ], [ 500208.100613897317089, 3152075.148230496328324 ], [ 500117.442370629112702, 3152148.822740590199828 ] ] ], [ [ [ 500528.50312125106575, 3151871.876174338627607 ], [ 500481.804390198609326, 3151389.325066846329719 ], [ 500469.792506032972597, 3151572.759305079933256 ], [ 500303.405944486556109, 3151639.223684287630022 ], [ 500499.143247971776873, 3151838.639954366255552 ], [ 500369.855210724577773, 3151943.700463529210538 ], [ 500528.50312125106575, 3151871.876174338627607 ] ] ], [ [ [ 500783.058334729052149, 3150509.259171944577247 ], [ 500752.517791840306018, 3150478.290056999307126 ], [ 500528.556906709971372, 3150675.419384183362126 ], [ 500509.638294365082402, 3150964.293945184443146 ], [ 500783.058334729052149, 3150509.259171944577247 ] ] ], [ [ [ 500255.189762916939799, 3149614.005394865758717 ], [ 500156.621992376225535, 3149733.75408090185374 ], [ 500292.817325011186767, 3149885.524799236562103 ], [ 500255.189762916939799, 3149614.005394865758717 ] ] ], [ [ [ 501118.732404885231517, 3149044.111140452325344 ], [ 500949.590568298706785, 3148869.685935031156987 ], [ 501488.11346197349485, 3148116.419824331533164 ], [ 500832.85052079858724, 3148912.278924287296832 ], [ 501118.732404885231517, 3149044.111140452325344 ] ] ], [ [ [ 501348.07219587295549, 3149852.751923250965774 ], [ 501390.068620268721133, 3149323.938870616257191 ], [ 501342.39995773875853, 3149274.776984089519829 ], [ 501348.07219587295549, 3149852.751923250965774 ] ] ], [ [ [ 500929.844981214380823, 3150974.558289923239499 ], [ 501135.310494411969557, 3151794.370935862883925 ], [ 500694.833954656613059, 3152713.837048753164709 ], [ 501086.358314873301424, 3151971.619314062874764 ], [ 501174.378321806027088, 3152603.091947483830154 ], [ 501272.280361954472028, 3152259.674191016703844 ], [ 500975.563805739220697, 3150883.118199392687529 ], [ 500929.844981214380823, 3150974.558289923239499 ] ] ] ] } },
{ "type": "Feature", "properties": { "t": "river" }, "geometry": { "type": "Polygon", "coordinates": [ [ [ 503200.711836107948329, 3150653.686488931532949 ], [ 503151.747532201174181, 3150742.299639062955976 ], [ 503259.39750887977425, 3150808.798772623762488 ], [ 503200.711836107948329, 3150653.686488931532949 ] ] ] } },
{ "type": "Feature", "properties": { "t": "river" }, "geometry": { "type": "MultiPolygon", "coordinates": [ [ [ [ 502506.301104238373227, 3148094.436064634937793 ], [ 502664.423150234331843, 3148218.035989969037473 ], [ 502653.129720290016849, 3148205.250831549521536 ], [ 502662.919867261836771, 3148205.253042332362384 ], [ 502506.301104238373227, 3148094.436064634937793 ] ] ], [ [ [ 502917.411517659435049, 3148415.800336212385446 ], [ 503005.334536133741494, 3149146.988179915584624 ], [ 503580.802885796292685, 3149139.109305539168417 ], [ 503113.023400350881275, 3149124.859630242455751 ], [ 502976.148548575758468, 3148426.893305302597582 ], [ 502691.395689246302936, 3148225.401809614617378 ], [ 502700.647006053826772, 3148246.351911481935531 ], [ 502917.411517659435049, 3148415.800336212385446 ] ] ], [ [ [ 503426.154595119704027, 3149568.077731776516885 ], [ 503634.893001162679866, 3149872.001851222943515 ], [ 503652.896676127798855, 3149867.641601460520178 ], [ 503494.687564155086875, 3149534.863048638682812 ], [ 503847.219845405721571, 3149147.233327066991478 ], [ 503790.216353834432084, 3149145.494575182907283 ], [ 503426.154595119704027, 3149568.077731776516885 ] ] ], [ [ [ 503670.769321551197208, 3149922.656583590433002 ], [ 503669.806440078420565, 3149922.837894402444363 ], [ 503700.121539479820058, 3149966.978925575036556 ], [ 503676.155021152168047, 3149916.565208149142563 ], [ 503670.769321551197208, 3149922.656583590433002 ] ] ] ] } },
{ "type": "Feature", "properties": { "t": "river" }, "geometry": { "type": "Polygon", "coordinates": [ [ [ 506392.737683830724563, 3148627.662002677563578 ], [ 506745.005389292142354, 3148915.893768369220197 ], [ 507929.288469514576718, 3149293.293789887335151 ], [ 506392.737683830724563, 3148627.662002677563578 ] ] ] } },
{ "type": "Feature", "properties": { "t": "river" }, "geometry": { "type": "Polygon", "coordinates": [ [ [ 500567.833834073215257, 3148094.182941908016801 ], [ 499804.202048500941601, 3148504.066488082986325 ], [ 499774.835535027494188, 3148670.240974298212677 ], [ 500567.833834073215257, 3148094.182941908016801 ] ] ] } },
{ "type": "Feature", "properties": { "t": "river" }, "geometry": { "type": "MultiPolygon", "coordinates": [ [ [ [ 502443.431929799262434, 3148463.443526467774063 ], [ 502398.54526461660862, 3148404.604897646699101 ], [ 502404.837391049426515, 3148450.956614176277071 ], [ 502443.431929799262434, 3148463.443526467774063 ] ] ], [ [ [ 502404.851888977980707, 3148451.063415373209864 ], [ 502437.645529814762995, 3148692.647808785084635 ], [ 502584.501383154885843, 3148648.366077812388539 ], [ 502444.179381422174629, 3148464.423312312457711 ], [ 502404.851888977980707, 3148451.063415373209864 ] ] ] ] } },
{ "type": "Feature", "properties": { "t": "river" }, "geometry": { "type": "Polygon", "coordinates": [ [ [ 503426.470718507305719, 3148482.407111786305904 ], [ 503377.549745587748475, 3148382.688596840482205 ], [ 502946.861865837941878, 3148094.538112529553473 ], [ 503426.470718507305719, 3148482.407111786305904 ] ] ] } },
{ "type": "Feature", "properties": { "t": "river" }, "geometry": { "type": "Polygon", "coordinates": [ [ [ 500695.087308537797071, 3148426.537548519205302 ], [ 500802.781425573455635, 3148360.074833412189037 ], [ 500881.121467831195332, 3148094.202223725616932 ], [ 500695.087308537797071, 3148426.537548519205302 ] ] ] } },
{ "type": "Feature", "properties": { "t": "river" }, "geometry": { "type": "MultiPolygon", "coordinates": [ [ [ [ 507941.685058944800403, 3145426.99041483970359 ], [ 508850.419278125395067, 3148042.105084355920553 ], [ 509075.553275259095244, 3148097.66786045068875 ], [ 508674.569526539475191, 3147532.373968980275095 ], [ 508684.776948922895826, 3146967.390352555550635 ], [ 508896.68253989686491, 3147218.685892910696566 ], [ 508911.208279786980711, 3147141.795026106294245 ], [ 508912.348809976538178, 3147051.478982030414045 ], [ 508596.826112521288451, 3146734.682536027859896 ], [ 508547.941587107197847, 3146634.94271345436573 ], [ 508753.463459062564652, 3146768.032667479012161 ], [ 508587.107430185133126, 3146634.971204227767885 ], [ 508469.904649982461706, 3146224.991270775906742 ], [ 508626.524795153469313, 3146291.574385633226484 ], [ 508746.968423033948056, 3146533.112088869325817 ], [ 508743.735106627980713, 3146511.919342077337205 ], [ 508748.174480829504319, 3146467.180398657452315 ], [ 508750.526543961663265, 3146424.848837742581964 ], [ 508724.409438049246091, 3146335.959454706404358 ], [ 508728.06818490033038, 3146339.786174012813717 ], [ 508710.612900893203914, 3146276.092156776227057 ], [ 508685.291610376676545, 3146269.461083514615893 ], [ 508518.935761649801861, 3146125.322455829009414 ], [ 508538.543619984877296, 3146092.101930713746697 ], [ 508509.239903029170819, 3145992.376572459470481 ], [ 508519.039909033104777, 3145981.305416638497263 ], [ 508655.526123261777684, 3146075.203879955690354 ], [ 508632.568157821428031, 3146005.270687083248049 ], [ 508630.07367792254081, 3145989.252895378042012 ], [ 507941.685058944800403, 3145426.99041483970359 ] ], [ [ 508489.280657108814921, 3146513.0395662272349 ], [ 508499.064225072856061, 3146524.12486828211695 ], [ 508469.681600428069942, 3146535.18194896588102 ], [ 508489.280657108814921, 3146513.0395662272349 ] ], [ [ 508450.416412724007387, 3146092.038383045699447 ], [ 508479.736325562931597, 3146169.607136361766607 ], [ 508469.944478132820223, 3146169.600091676227748 ], [ 508450.384624646219891, 3146136.351321312133223 ], [ 508450.416412724007387, 3146092.038383045699447 ] ], [ [ 508450.106461408489849, 3146524.089642280712724 ], [ 508459.95371374883689, 3146446.54899093741551 ], [ 508479.536948136345018, 3146446.563072972465307 ], [ 508469.713465887703933, 3146490.868987123016268 ], [ 508450.106461408489849, 3146524.089642280712724 ] ], [ [ 508440.433987251715735, 3146357.909031186718494 ], [ 508430.586791636364069, 3146435.449689595028758 ], [ 508391.459748588793445, 3146380.030527016613632 ], [ 508401.330435555195436, 3146269.255131083540618 ], [ 508440.433987251715735, 3146357.909031186718494 ] ], [ [ 508391.586023411946371, 3146202.778733797371387 ], [ 508391.570239416731056, 3146224.935205669607967 ], [ 508381.778438159322832, 3146224.92823415948078 ], [ 508391.586023411946371, 3146202.778733797371387 ] ], [ [ 508274.208688462967984, 3146025.443864764645696 ], [ 508284.008445579675026, 3146014.372513543814421 ], [ 508332.92914437194122, 3146069.798210602253675 ], [ 508342.705383184365928, 3146091.961609000340104 ], [ 508313.337466186436359, 3146080.862607612740248 ], [ 508274.208688462967984, 3146025.443864764645696 ] ], [ [ 508342.768147762166336, 3146003.335741682909429 ], [ 508244.879308141593356, 3145958.953873863443732 ], [ 508195.950026794802397, 3145914.606783840805292 ], [ 508166.61992706876481, 3145848.116999262478203 ], [ 508225.349407529749442, 3145881.392564443871379 ], [ 508186.26573666970944, 3145759.504754574969411 ], [ 508254.756716136238538, 3145837.100189222022891 ], [ 508303.709524853737094, 3145848.212826687376946 ], [ 508342.783838652656414, 3145981.179276482202113 ], [ 508342.768147762166336, 3146003.335741682909429 ] ], [ [ 508127.573748544789851, 3145670.838251599110663 ], [ 508215.704100790433586, 3145670.899376584682614 ], [ 508176.527367016708013, 3145681.950356232468039 ], [ 508127.573748544789851, 3145670.838251599110663 ] ], [ [ 508117.720422958780546, 3145759.457325994968414 ], [ 508147.081664329045452, 3145781.634061759803444 ], [ 508127.474398565478623, 3145814.855223312508315 ], [ 508117.720422958780546, 3145759.457325994968414 ] ] ], [ [ [ 509800.03148905839771, 3148098.248726211488247 ], [ 509788.575981558125932, 3148086.028267467394471 ], [ 509775.185205341957044, 3148086.17387655377388 ], [ 509800.03148905839771, 3148098.248726211488247 ] ] ] ] } },
{ "type": "Feature", "properties": { "t": "river" }, "geometry": { "type": "Polygon", "coordinates": [ [ [ 508145.4800137844868, 3148096.987519913818687 ], [ 508253.444542321958579, 3147709.323414959013462 ], [ 508057.853082631656434, 3147387.918373025022447 ], [ 508119.257019054959528, 3147884.784203602001071 ], [ 508155.431431808101479, 3147864.350806426256895 ], [ 508123.432955939555541, 3147918.576446698512882 ], [ 508145.4800137844868, 3148096.987519913818687 ] ], [ [ 508155.5849205176346, 3147642.785642484668642 ], [ 508204.507149214448873, 3147687.132683196570724 ], [ 508175.135393788048532, 3147687.112250888720155 ], [ 508155.5849205176346, 3147642.785642484668642 ] ], [ [ 508126.266579979914241, 3147565.217540829442441 ], [ 508165.421642423723824, 3147576.322892195079476 ], [ 508145.840287980390713, 3147576.309327960480005 ], [ 508126.266579979914241, 3147565.217540829442441 ] ] ] } },
{ "type": "Feature", "properties": { "t": "river" }, "geometry": { "type": "Polygon", "coordinates": [ [ [ 502506.301104238373227, 3148094.436064634937793 ], [ 502570.712370621738955, 3147875.956027581356466 ], [ 502281.19859590876149, 3147717.729619926773012 ], [ 502209.496799874934368, 3147823.782655424904078 ], [ 502506.301104238373227, 3148094.436064634937793 ] ], [ [ 502310.557206954574212, 3147784.204861495178193 ], [ 502271.399494066659827, 3147762.040735283866525 ], [ 502300.773205205332488, 3147750.968186475336552 ], [ 502310.557206954574212, 3147784.204861495178193 ] ] ] } },
{ "type": "Feature", "properties": { "t": "river" }, "geometry": { "type": "Polygon", "coordinates": [ [ [ 500332.876880678290036, 3147783.98282532999292 ], [ 500320.321350341488142, 3147775.864063179120421 ], [ 500332.875001190637704, 3147850.452341808471829 ], [ 500636.379278154228814, 3147839.386582911014557 ], [ 500538.463118467654567, 3148094.181561727076769 ], [ 501488.193284534965642, 3147484.959420099854469 ], [ 501772.033186393149663, 3148094.302626791410148 ], [ 501556.738755685568321, 3147407.420549684204161 ], [ 501086.75636281556217, 3147662.167512707412243 ], [ 500293.719040483701974, 3147617.808017633855343 ], [ 500317.212802692316473, 3147757.394587873481214 ], [ 500332.876880678290036, 3147783.98282532999292 ] ], [ [ 501625.237722885562107, 3147673.307784697506577 ], [ 501625.234664230141789, 3147695.464286769274622 ], [ 501605.655034305702429, 3147684.383348801638931 ], [ 501625.237722885562107, 3147673.307784697506577 ] ], [ [ 501566.514826055208687, 3147518.204325855709612 ], [ 501586.088799584715161, 3147573.598192420788109 ], [ 501566.501560048724059, 3147617.908569625578821 ], [ 501566.514826055208687, 3147518.204325855709612 ] ], [ [ 500714.707589748606551, 3147761.843309637159109 ], [ 500939.892087453743443, 3147728.624378527048975 ], [ 500773.449223851785064, 3147784.003526721149683 ], [ 500714.707589748606551, 3147761.843309637159109 ] ], [ [ 500587.433659285481554, 3147706.445013053715229 ], [ 500753.874615352251567, 3147684.297992426902056 ], [ 500616.803601071471348, 3147739.681269417516887 ], [ 500587.433659285481554, 3147706.445013053715229 ] ] ] } },
{ "type": "Feature", "properties": { "t": "river" }, "geometry": { "type": "Polygon", "coordinates": [ [ [ 500910.493897347711027, 3148072.047945433296263 ], [ 500851.755561731057242, 3148027.730523508507758 ], [ 500881.121467831195332, 3148094.202223725616932 ], [ 500910.493897347711027, 3148072.047945433296263 ] ] ] } },
{ "type": "Feature", "properties": { "t": "river" }, "geometry": { "type": "MultiPolygon", "coordinates": [ [ [ [ 507196.192058442858979, 3147498.142780328635126 ], [ 507643.934962331841234, 3147505.179991010576487 ], [ 507685.729096275696065, 3147498.452163639012724 ], [ 507676.125609840499237, 3147505.686590399127454 ], [ 507930.490165142866317, 3147509.692742305807769 ], [ 507284.363553987583145, 3147409.570947209838778 ], [ 507273.629704576393124, 3147293.41273931087926 ], [ 507196.192058442858979, 3147498.142780328635126 ] ] ], [ [ [ 507666.739021969377063, 3146590.023141596000642 ], [ 507846.301014864060562, 3145434.210363030899316 ], [ 507794.798106444533914, 3145426.892329250462353 ], [ 507765.442619043926243, 3145393.638262411113828 ], [ 507847.359047881909646, 3145427.400645656045526 ], [ 507873.248844751855358, 3145260.771078632213175 ], [ 507823.797358045761939, 3145246.451894295401871 ], [ 507760.583924157894216, 3145245.673811947461218 ], [ 507728.177898778521921, 3145234.17954663420096 ], [ 507694.468759985466022, 3145212.44416138343513 ], [ 507691.456575701013207, 3145208.132459558080882 ], [ 507413.080212030385155, 3145127.533917922060937 ], [ 507053.509078010625672, 3144546.253305087331682 ], [ 507002.950779278296977, 3144508.829961158335209 ], [ 506884.003870128071867, 3144365.608653465285897 ], [ 506861.284908901900053, 3144310.363600911572576 ], [ 506813.009773368365131, 3144235.88999189529568 ], [ 506590.985048571310472, 3143996.68226475501433 ], [ 506571.925028481637128, 3143951.188718321267515 ], [ 506488.156108068360481, 3143810.719132638070732 ], [ 506447.228725571301766, 3143712.744534140918404 ], [ 506395.10497404873604, 3143552.972181848715991 ], [ 506287.798879577196203, 3143476.22677783947438 ], [ 506483.394194747903384, 3143997.008106757421046 ], [ 506219.222780326439533, 3143509.424997495952994 ], [ 505974.388276556448545, 3143476.063819139264524 ], [ 506238.418130908044986, 3144251.674652277957648 ], [ 507579.114489851170219, 3145814.489691521041095 ], [ 507627.723695892374963, 3146357.35470164520666 ], [ 507368.986189724644646, 3147041.319291436113417 ], [ 507666.739021969377063, 3146590.023141596000642 ] ], [ [ 507745.937742806330789, 3145271.764929797500372 ], [ 507794.908032336388715, 3145260.718995972070843 ], [ 507853.619340423145331, 3145327.227338589727879 ], [ 507814.434461580822244, 3145349.357741235755384 ], [ 507785.071516365685966, 3145327.181851087138057 ], [ 507745.937742806330789, 3145271.764929797500372 ] ], [ [ 507696.598469047283288, 3145847.800558807794005 ], [ 507677.01424228871474, 3145847.787780734710395 ], [ 507598.748787751770578, 3145736.954708795063198 ], [ 507608.591072566458024, 3145659.413438450079411 ], [ 507647.731387880456168, 3145703.751706136390567 ], [ 507696.598469047283288, 3145847.800558807794005 ] ], [ [ 507589.127836774569005, 3145471.07097950624302 ], [ 507638.118693684751634, 3145426.789722899440676 ], [ 507696.851763466314878, 3145460.062626745086163 ], [ 507696.808343604381662, 3145526.531972362659872 ], [ 507638.075605691468809, 3145493.259065062273294 ], [ 507589.127836774569005, 3145471.07097950624302 ] ], [ [ 507667.178869889583439, 3145914.250783453695476 ], [ 507686.669015913386829, 3146058.280554929748178 ], [ 507647.54441267834045, 3145991.785670716315508 ], [ 507667.178869889583439, 3145914.250783453695476 ] ], [ [ 507608.483758032147307, 3145825.586855483241379 ], [ 507628.046502664277796, 3145858.834207443520427 ], [ 507608.455139942816459, 3145869.89977287966758 ], [ 507608.483758032147307, 3145825.586855483241379 ] ], [ [ 507432.581785664544441, 3145260.48488849774003 ], [ 507540.279131064831745, 3145293.787986882496625 ], [ 507540.229508067015558, 3145371.335538625251502 ], [ 507501.087680597323924, 3145326.997650920879096 ], [ 507432.581785664544441, 3145260.48488849774003 ] ], [ [ 507510.746056347328704, 3145537.490127618424594 ], [ 507520.49600084166741, 3145603.96572472108528 ], [ 507491.147227628738619, 3145559.634109182748944 ], [ 507510.746056347328704, 3145537.490127618424594 ] ], [ [ 507491.224704029853456, 3145437.773644651286304 ], [ 507461.826295903301798, 3145470.989674139767885 ], [ 507452.054888940998353, 3145437.748806827701628 ], [ 507471.639796461560763, 3145437.76120946276933 ], [ 507491.224704029853456, 3145437.773644651286304 ] ], [ [ 507442.199459934432525, 3145537.446632050443441 ], [ 507442.213454596465454, 3145515.290183280594647 ], [ 507461.79121746175224, 3145526.3807941689156 ], [ 507442.199459934432525, 3145537.446632050443441 ] ], [ [ 507324.90449258411536, 3145193.948118468280882 ], [ 507383.653488150273915, 3145205.063006905838847 ], [ 507354.247891765495297, 3145249.35751522378996 ], [ 507334.669567005999852, 3145238.267088300548494 ], [ 507324.90449258411536, 3145193.948118468280882 ] ], [ [ 507217.151351088832598, 3145249.272750901058316 ], [ 507236.756981236743741, 3145216.050103101879358 ], [ 507285.733868170005735, 3145193.923835264518857 ], [ 507285.706470580073074, 3145238.236713673919439 ], [ 507236.736571038141847, 3145249.284762434661388 ], [ 507217.151351088832598, 3145249.272750901058316 ] ], [ [ 506972.499970690871123, 3144972.169912700075656 ], [ 506992.098795783997048, 3144950.025085773319006 ], [ 507129.212215522187762, 3144927.950793996918947 ], [ 507227.147777946607675, 3144916.932225615717471 ], [ 507246.70630218583392, 3144961.257114510517567 ], [ 507246.651804957480635, 3145049.882846141699702 ], [ 507187.888393911416642, 3145060.925078950356692 ], [ 507021.404765799932647, 3145071.902931151911616 ], [ 507001.832416018703952, 3145049.734844252001494 ], [ 507001.858744240365922, 3145005.421978485304862 ], [ 506972.499970690871123, 3144972.169912700075656 ] ], [ [ 506845.225227139657363, 3144916.704205205198377 ], [ 506874.590959874389227, 3144938.877735430840403 ], [ 506864.798092566314153, 3144938.872027062345296 ], [ 506845.225227139657363, 3144916.704205205198377 ] ], [ [ 506639.861705941031687, 3144406.988864358514547 ], [ 506600.707080954685807, 3144373.732243655249476 ], [ 506757.39411465433659, 3144384.899234930984676 ], [ 506786.742205022659618, 3144440.307149580679834 ], [ 506718.201863294001669, 3144418.111464033834636 ], [ 506639.861705941031687, 3144406.988864358514547 ] ], [ [ 506757.317904531839304, 3144517.837726730853319 ], [ 506737.725138061563484, 3144528.904723084531724 ], [ 506688.777959106315393, 3144495.642209223005921 ], [ 506698.583785764698405, 3144473.491354487836361 ], [ 506747.543712770857383, 3144484.597491389140487 ], [ 506757.317904531839304, 3144517.837726730853319 ] ], [ [ 506346.193652375484817, 3144163.10652664816007 ], [ 506414.736173377605155, 3144185.300037492532283 ], [ 506385.349694723379798, 3144196.362289999611676 ], [ 506346.193652375484817, 3144163.10652664816007 ] ] ] ] } },
{ "type": "Feature", "properties": { "t": "river" }, "geometry": { "type": "Polygon", "coordinates": [ [ [ 501439.253099303808995, 3147374.170861881226301 ], [ 501454.811224153963849, 3147309.658281821757555 ], [ 501449.05348033842165, 3147296.624341778922826 ], [ 501456.046003259951249, 3147304.538236898370087 ], [ 501459.81462688522879, 3147288.911565740127116 ], [ 501435.237960882892366, 3147292.512022620998323 ], [ 501412.736656706023496, 3147296.989827933721244 ], [ 501439.253099303808995, 3147374.170861881226301 ] ] ] } },
{ "type": "Feature", "properties": { "t": "river" }, "geometry": { "type": "Polygon", "coordinates": [ [ [ 502737.564223405264784, 3145532.849598923698068 ], [ 502716.909687686187681, 3145517.624302315525711 ], [ 502568.499871327483561, 3145405.901774086523801 ], [ 502537.724234339606483, 3145382.426264598965645 ], [ 501916.011179888213519, 3145176.896989141590893 ], [ 501903.596203740453348, 3145191.326614727731794 ], [ 502369.750414034817368, 3145546.412796976510435 ], [ 502737.564223405264784, 3145532.849598923698068 ] ], [ [ 502311.011479586712085, 3145468.853591480758041 ], [ 502506.845775085210335, 3145535.362947532441467 ], [ 502418.71674937766511, 3145524.266306661069393 ], [ 502311.011479586712085, 3145468.853591480758041 ] ] ] } },
{ "type": "Feature", "properties": { "t": "river" }, "geometry": { "type": "Polygon", "coordinates": [ [ [ 503652.769042452040594, 3144837.734844387508929 ], [ 503466.823607608966995, 3144427.784982989076525 ], [ 503320.122570758278016, 3144342.270077004563063 ], [ 503327.73745727178175, 3144480.802885327953845 ], [ 503478.195383044017944, 3144600.305938178673387 ], [ 503461.351040048000868, 3144642.799721696879715 ], [ 503437.738339035073295, 3144702.289718871004879 ], [ 503436.482658029126469, 3144705.785924217198044 ], [ 503352.934733789763413, 3144945.238191494252533 ], [ 503273.917236122535542, 3145170.692237591836601 ], [ 503260.145502297556959, 3145217.301146035082638 ], [ 503652.769042452040594, 3144837.734844387508929 ] ] ] } },
{ "type": "Feature", "properties": { "t": "river" }, "geometry": { "type": "Polygon", "coordinates": [ [ [ 502046.644954366551246, 3145302.631440043449402 ], [ 501919.347090210416354, 3145269.375369184184819 ], [ 502350.167908929113764, 3145535.330654474906623 ], [ 502046.644954366551246, 3145302.631440043449402 ] ] ] } },
{ "type": "Feature", "properties": { "t": "river" }, "geometry": { "type": "Polygon", "coordinates": [ [ [ 504112.805578002124093, 3145502.579412057064474 ], [ 504054.085511519399006, 3145402.855074010789394 ], [ 503907.213035752414726, 3145358.492578116711229 ], [ 504112.805578002124093, 3145502.579412057064474 ] ] ] } },
{ "type": "Feature", "properties": { "t": "river" }, "geometry": { "type": "Polygon", "coordinates": [ [ [ 508059.209777357871644, 3145404.913754335138947 ], [ 508077.858115005248692, 3145379.633840535301715 ], [ 508029.563336512772366, 3145348.31011860538274 ], [ 507931.93733971065376, 3145360.514479872304946 ], [ 508059.209777357871644, 3145404.913754335138947 ] ] ] } },
{ "type": "Feature", "properties": { "t": "river" }, "geometry": { "type": "Polygon", "coordinates": [ [ [ 501929.14511852589203, 3145236.142322115600109 ], [ 501896.663448759529274, 3145199.384408830665052 ], [ 501851.988376049615908, 3145251.309662510640919 ], [ 501929.14511852589203, 3145236.142322115600109 ] ] ] } },
{ "type": "Feature", "properties": { "t": "river" }, "geometry": { "type": "Polygon", "coordinates": [ [ [ 504113.470502717071213, 3143597.127923261374235 ], [ 504182.028351365297567, 3143597.152039825450629 ], [ 504084.13077568274457, 3143475.257604090031236 ], [ 504113.470502717071213, 3143597.127923261374235 ] ] ] } },
{ "type": "Feature", "properties": { "t": "river" }, "geometry": { "type": "Polygon", "coordinates": [ [ [ 505759.362093321862631, 3142567.545410959050059 ], [ 505759.389138310623821, 3142512.154519144911319 ], [ 505798.595892445591744, 3142456.782825768459588 ], [ 505808.363545343687292, 3142512.178532713558525 ], [ 505868.650645690562669, 3142597.500565878581256 ], [ 505827.953308227355592, 3142512.188195074908435 ], [ 506092.586754186835606, 3142179.976544199511409 ], [ 506085.923779264499899, 3142219.682333124335855 ], [ 506197.799772857106291, 3142134.557589037809521 ], [ 506266.36396632832475, 3142047.454958503134549 ], [ 506283.839484835159965, 3142025.254577246960253 ], [ 506293.814820800849702, 3142012.582371516153216 ], [ 506300.200078771682456, 3142008.036743833683431 ], [ 506392.828512375825085, 3141942.095367927104235 ], [ 506426.756404440675396, 3141913.171004996169358 ], [ 506347.409858939703554, 3141903.156522520352155 ], [ 506435.598563128849491, 3141847.81343232607469 ], [ 506460.075036483583972, 3141884.766284993849695 ], [ 506489.284509858582169, 3141859.864885602612048 ], [ 506577.018304076627828, 3141754.643062951508909 ], [ 506630.524180964799598, 3141675.599048270843923 ], [ 506602.22631983528845, 3141659.576582858338952 ], [ 506553.340653160761576, 3141493.376802789513022 ], [ 506602.36888032220304, 3141404.778797831851989 ], [ 506700.352060939534567, 3141360.521360327955335 ], [ 506680.729025195352733, 3141415.901065645273775 ], [ 506592.542133783688769, 3141460.164136754814535 ], [ 506582.721658564871177, 3141504.471323535311967 ], [ 506612.121231123746838, 3141482.331425430718809 ], [ 506670.889394692378119, 3141493.442668665666133 ], [ 506670.908182355749886, 3141460.208177142310888 ], [ 506690.499694609607104, 3141460.219268554355949 ], [ 506702.433598568080924, 3141527.92462450498715 ], [ 506707.312188982323278, 3141515.434840067755431 ], [ 506740.208750972058624, 3141459.695850383490324 ], [ 506750.424507888266817, 3141362.803311751689762 ], [ 506622.16561601520516, 3141039.210494072642177 ], [ 505651.666674606560264, 3142467.789694979321212 ], [ 505925.479105637001339, 3143354.179003837518394 ], [ 506287.798879577196203, 3143476.22677783947438 ], [ 506189.965707526367623, 3143271.110569823067635 ], [ 506189.951108113396913, 3143298.923897419124842 ], [ 506180.156879493617453, 3143298.918760405853391 ], [ 506101.877568380208686, 3143154.861502137966454 ], [ 506150.165930657123681, 3143187.668988239020109 ], [ 506052.993535017245449, 3142983.949346183799207 ], [ 506052.991115566284861, 3142988.663467568345368 ], [ 505935.490734641614836, 3142922.13462274428457 ], [ 505866.984053765248973, 3142811.318484799005091 ], [ 505837.633052314980887, 3142744.834813260473311 ], [ 505847.433232705923729, 3142733.76148361666128 ], [ 505925.712891395960469, 3142888.895145849790424 ], [ 506029.145017990551423, 3142933.952700980007648 ], [ 505882.499257461167872, 3142626.531231212429702 ], [ 505847.471676970890258, 3142656.214218435809016 ], [ 505759.362093321862631, 3142567.545410959050059 ] ], [ [ 506484.667058235732839, 3141681.667730700224638 ], [ 506504.258202214841731, 3141681.678513607475907 ], [ 506523.812596000730991, 3141748.158331948332489 ], [ 506494.432143023354001, 3141737.063953251112252 ], [ 506484.667058235732839, 3141681.667730700224638 ] ], [ [ 506396.470877979474608, 3141748.08861209731549 ], [ 506396.488894511538092, 3141714.854110390879214 ], [ 506435.695240679488052, 3141670.562749270349741 ], [ 506455.280342349957209, 3141681.651617328636348 ], [ 506416.061911402270198, 3141748.099248775281012 ], [ 506396.470877979474608, 3141748.08861209731549 ] ], [ [ 506092.048883152601775, 3143221.325568079017103 ], [ 506121.42026093613822, 3143243.497161547187716 ], [ 506111.620245030557271, 3143254.570270719006658 ], [ 506092.048883152601775, 3143221.325568079017103 ] ] ] } },
{ "type": "Feature", "properties": { "t": "lake" }, "geometry": { "type": "Polygon", "coordinates": [ [ [ 504975.653785685775802, 3142855.22152483696118 ], [ 504466.120862809591927, 3143420.005136703606695 ], [ 504613.01108190434752, 3143475.452646840829402 ], [ 504975.653785685775802, 3142855.22152483696118 ] ] ] } },
{ "type": "Feature", "properties": { "t": "river" }, "geometry": { "type": "Polygon", "coordinates": [ [ [ 504309.641550873289816, 3142799.568447884172201 ], [ 503878.538910647854209, 3143220.389825208112597 ], [ 504084.13077568274457, 3143475.257604090031236 ], [ 504309.641550873289816, 3142799.568447884172201 ] ] ] } },
{ "type": "Feature", "properties": { "t": "river" }, "geometry": { "type": "Polygon", "coordinates": [ [ [ 502356.112017878156621, 3142496.83799248514697 ], [ 502348.783877904468682, 3142505.230840717907995 ], [ 502229.301282329135574, 3142651.702773181721568 ], [ 502067.39109545975225, 3142877.155710963532329 ], [ 501917.069810962653719, 3143096.866038089152426 ], [ 501811.058384505042341, 3143253.079418162349612 ], [ 501908.05870058509754, 3143331.967012898530811 ], [ 502356.112017878156621, 3142496.83799248514697 ] ] ] } },
{ "type": "Feature", "properties": { "t": "river" }, "geometry": { "type": "Polygon", "coordinates": [ [ [ 503849.163269374403171, 3143198.223825182765722 ], [ 503761.039216178760398, 3143120.648083653301001 ], [ 503849.141573803150095, 3143264.692945712246001 ], [ 503849.163269374403171, 3143198.223825182765722 ] ] ] } },
{ "type": "Feature", "properties": { "t": "river" }, "geometry": { "type": "Polygon", "coordinates": [ [ [ 503222.590794829651713, 3142234.234334958717227 ], [ 502811.24900059227366, 3142012.565732449758798 ], [ 503075.669930963369552, 3142212.038771528284997 ], [ 503222.590794829651713, 3142234.234334958717227 ] ] ] } },
{ "type": "Feature", "properties": { "t": "river" }, "geometry": { "type": "MultiPolygon", "coordinates": [ [ [ [ 502863.414635897555854, 3141949.636952265165746 ], [ 502851.978139417711645, 3141928.930329359602183 ], [ 502844.069463522406295, 3141938.359863354824483 ], [ 502863.414635897555854, 3141949.636952265165746 ] ] ], [ [ [ 502967.976478251395747, 3142001.525949466042221 ], [ 502940.618899148481432, 3141994.642994317691773 ], [ 503004.701103610277642, 3142032.000210104510188 ], [ 502987.56427783583058, 3142012.609062191098928 ], [ 503036.535041518975049, 3142034.777902792673558 ], [ 503009.453987527056597, 3142034.770963845774531 ], [ 503085.499826785351615, 3142079.103285782039165 ], [ 503092.330064947484061, 3142017.452651798259467 ], [ 503075.719029025000054, 3142023.709883570671082 ], [ 503026.751134844962507, 3141990.462712564971298 ], [ 503046.347478957206476, 3141968.311419009696692 ], [ 503095.711059083289001, 3141986.935591280926019 ], [ 503121.32475399505347, 3141755.749975526239723 ], [ 503036.592064881755505, 3141813.214562612585723 ], [ 502987.807020025793463, 3141767.213295610621572 ], [ 502982.863296102499589, 3141772.878603966906667 ], [ 502862.554690745368134, 3141916.319912833161652 ], [ 502967.976478251395747, 3142001.525949466042221 ] ], [ [ 502987.586719579179771, 3141923.983721140306443 ], [ 503016.969987235905137, 3141935.069365878589451 ], [ 502987.578303993621375, 3141957.218222813680768 ], [ 502987.586719579179771, 3141923.983721140306443 ] ] ], [ [ [ 503122.223275355121586, 3141747.640213539358228 ], [ 503134.593740661104675, 3141635.989552582148463 ], [ 503054.505736179999076, 3141690.779993148520589 ], [ 502997.204248556052335, 3141756.44447129080072 ], [ 503122.223275355121586, 3141747.640213539358228 ] ] ] ] } },
{ "type": "Feature", "properties": { "t": "river" }, "geometry": { "type": "Polygon", "coordinates": [ [ [ 554039.959651945857331, 3180535.695466438308358 ], [ 552693.604005162836984, 3180307.932580227032304 ], [ 553786.109165777219459, 3180534.518631615210325 ], [ 554039.959651945857331, 3180535.695466438308358 ] ] ] } },
{ "type": "Feature", "properties": { "t": "river" }, "geometry": { "type": "Polygon", "coordinates": [ [ [ 552585.953333774697967, 3180362.841456839814782 ], [ 550991.212983339908533, 3180283.752238198183477 ], [ 550987.536472153267823, 3180286.328959886915982 ], [ 550944.293906188919209, 3180338.07308135041967 ], [ 550935.298865189775825, 3180391.061522281263024 ], [ 550921.237437901436351, 3180399.808011928573251 ], [ 550921.169021275010891, 3180399.851453285198659 ], [ 550918.517944969818927, 3180401.534382998012006 ], [ 550914.542828367324546, 3180404.057938317302614 ], [ 550916.860700881690718, 3180416.809247020632029 ], [ 550917.517942464211956, 3180418.613473129924387 ], [ 550920.925701419240795, 3180427.968922606203705 ], [ 550937.983241472858936, 3180474.797384487465024 ], [ 550952.043013328686357, 3180494.289111845660955 ], [ 550953.179344012867659, 3180495.178014224860817 ], [ 552585.953333774697967, 3180362.841456839814782 ] ] ] } },
{ "type": "Feature", "properties": { "t": "river" }, "geometry": { "type": "MultiPolygon", "coordinates": [ [ [ [ 525184.655941671924666, 3178022.22395112644881 ], [ 524725.09781179309357, 3178298.208929343614727 ], [ 524772.814793518860824, 3178819.014695410151035 ], [ 525453.091669594286941, 3180305.046802379656583 ], [ 525551.334144153515808, 3180028.291083361022174 ], [ 525288.799848698428832, 3179529.169630846939981 ], [ 525595.096919640200213, 3179473.642203041817993 ], [ 525572.880197107093409, 3179421.504180244635791 ], [ 525556.528910028515384, 3179358.710336573887616 ], [ 525181.850903860642575, 3179318.439842815045267 ], [ 524909.496101750177331, 3178830.385294871870428 ], [ 524949.789680450572632, 3178254.373174658045173 ], [ 525173.408954371348955, 3178238.800045207608491 ], [ 525177.633525968180038, 3178221.996627199463546 ], [ 525178.391347135184333, 3178165.274020788725466 ], [ 525179.44678231049329, 3178086.271265815012157 ], [ 525188.067332891048864, 3178073.777855068910867 ], [ 525207.316876896307804, 3178057.028075783513486 ], [ 525260.43841254292056, 3178031.191041390411556 ], [ 525184.655941671924666, 3178022.22395112644881 ] ] ], [ [ [ 526729.738285231171176, 3177083.969946400728077 ], [ 526360.983107481617481, 3176041.722117620054632 ], [ 526068.469451778219081, 3175819.488079269882292 ], [ 526602.601653884164989, 3177161.230463814921677 ], [ 526460.009010687237605, 3177968.170418740715832 ], [ 526468.73869573592674, 3177967.299181673675776 ], [ 526536.455094419769011, 3177951.60205224249512 ], [ 526729.738285231171176, 3177083.969946400728077 ] ] ] ] } },
{ "type": "Feature", "properties": { "t": "river" }, "geometry": { "type": "Polygon", "coordinates": [ [ [ 526571.533456133445725, 3177936.676664039026946 ], [ 526570.06525040010456, 3177943.811147617176175 ], [ 526572.943154888693243, 3177943.144048315472901 ], [ 526571.533456133445725, 3177936.676664039026946 ] ] ] } },
{ "type": "Feature", "properties": { "t": "river" }, "geometry": { "type": "Polygon", "coordinates": [ [ [ 526601.057495588203892, 3177837.03470154479146 ], [ 526571.735768635058776, 3177848.046554820612073 ], [ 526603.571115136379376, 3177929.85904963221401 ], [ 526608.757478958927095, 3177926.733364781364799 ], [ 526601.057495588203892, 3177837.03470154479146 ] ] ] } },
{ "type": "Feature", "properties": { "t": "river" }, "geometry": { "type": "Polygon", "coordinates": [ [ [ 526308.118168447632343, 3177825.29016165016219 ], [ 526298.477821712614968, 3177769.874291686341166 ], [ 525936.75814204767812, 3177946.323792799375951 ], [ 526308.118168447632343, 3177825.29016165016219 ] ] ] } },
{ "type": "Feature", "properties": { "t": "river" }, "geometry": { "type": "Polygon", "coordinates": [ [ [ 526552.659678225987591, 3177648.584283578209579 ], [ 526552.432256691157818, 3177748.293129793833941 ], [ 526572.089803054230288, 3177692.943888876587152 ], [ 526552.659678225987591, 3177648.584283578209579 ] ] ] } },
{ "type": "Feature", "properties": { "t": "river" }, "geometry": { "type": "Polygon", "coordinates": [ [ [ 526059.866932705393992, 3175298.766076376661658 ], [ 526228.31150479929056, 3175187.313012038357556 ], [ 526267.077193411299959, 3175138.86832891497761 ], [ 526314.552485782885924, 3175092.122008147649467 ], [ 526324.700865410966799, 3175082.129532030317932 ], [ 526339.572752740932629, 3175073.881768694147468 ], [ 526362.308997808024287, 3175066.577112947124988 ], [ 526377.689094551024027, 3175061.635901976842433 ], [ 526417.583752978593111, 3175062.084552352782339 ], [ 527478.390350170782767, 3174360.328295323532075 ], [ 527925.527513032429852, 3171203.944728371687233 ], [ 527390.604917204473168, 3174304.727794318459928 ], [ 525923.145120017929003, 3175287.382319159340113 ], [ 526068.469451778219081, 3175819.488079269882292 ], [ 526059.866932705393992, 3175298.766076376661658 ] ] ] } },
{ "type": "Feature", "properties": { "t": "river" }, "geometry": { "type": "Polygon", "coordinates": [ [ [ 528073.1591683778679, 3170761.149599119089544 ], [ 528203.506112129776739, 3169387.702384804841131 ], [ 527207.825758900144137, 3167576.049222863279283 ], [ 527165.754179499461316, 3167532.659438058268279 ], [ 527136.759814781486057, 3167493.920538298320025 ], [ 527109.696202270570211, 3167468.175937496125698 ], [ 527080.453898078994825, 3167446.684763874858618 ], [ 526970.098458575317636, 3167334.701202104333788 ], [ 526886.733173365821131, 3167261.466140802018344 ], [ 526855.492516864323989, 3167229.224644453730434 ], [ 526799.185593274887651, 3167183.984415774233639 ], [ 526770.062905484461226, 3167149.739911769516766 ], [ 526682.701762442709878, 3167059.505313360132277 ], [ 526666.079053301480599, 3167038.009350493084639 ], [ 526628.962909970199689, 3166969.777062986511737 ], [ 526620.964592717122287, 3166935.532674411311746 ], [ 526613.280215316568501, 3166876.043645198456943 ], [ 526609.091844296897762, 3166697.826983625534922 ], [ 526614.158328784164041, 3166616.07741776574403 ], [ 526431.214107835083269, 3166591.730798466131091 ], [ 526547.707705624983646, 3166946.51178274769336 ], [ 525863.338662768946961, 3167011.449333891738206 ], [ 524740.15759798407089, 3166588.029586651362479 ], [ 525482.083239963511005, 3167032.769211689475924 ], [ 526508.232407573494129, 3167112.602089259307832 ], [ 527736.027678943704814, 3168710.781907584518194 ], [ 528056.544917918508872, 3169542.450327984988689 ], [ 527837.588088386459276, 3171203.734622390940785 ], [ 528073.1591683778679, 3170761.149599119089544 ] ], [ [ 525667.872155364253558, 3166999.939788545016199 ], [ 525462.582465726649389, 3167010.569411883596331 ], [ 525394.256962428451516, 3166966.10616711853072 ], [ 525667.872155364253558, 3166999.939788545016199 ] ] ] } },
{ "type": "Feature", "properties": { "t": "river" }, "geometry": { "type": "Polygon", "coordinates": [ [ [ 502500.34232378564775, 3175967.848401830531657 ], [ 502305.038147186394781, 3175790.549437859095633 ], [ 502422.188194218731951, 3176056.461245865095407 ], [ 502500.34232378564775, 3175967.848401830531657 ] ] ] } },
{ "type": "Feature", "properties": { "t": "river" }, "geometry": { "type": "Polygon", "coordinates": [ [ [ 499853.493758319411427, 3175823.558315737172961 ], [ 499843.73113420169102, 3176155.918490224517882 ], [ 499873.029614410770591, 3175978.65942361485213 ], [ 499853.493758319411427, 3175823.558315737172961 ] ] ] } },
{ "type": "Feature", "properties": { "t": "river" }, "geometry": { "type": "MultiPolygon", "coordinates": [ [ [ [ 502607.897948537138291, 3175436.096054771915078 ], [ 502314.946129477524664, 3175081.517097944859415 ], [ 502793.59291803126689, 3174959.756808062084019 ], [ 503086.838408922078088, 3174162.168081923853606 ], [ 503360.164113744918723, 3174826.962553903460503 ], [ 503731.430190229497384, 3174561.187877422198653 ], [ 503330.892018986283801, 3174716.167628693860024 ], [ 503184.538307091512252, 3174106.801150233484805 ], [ 502891.295773404883221, 3174193.278014408890158 ], [ 502881.563453605398536, 3174716.047869789414108 ], [ 502295.415083117841277, 3175059.355923101771623 ], [ 502552.967258347838651, 3175493.035533267073333 ], [ 502607.897948537138291, 3175436.096054771915078 ] ], [ [ 502793.598229672643356, 3174937.599500869400799 ], [ 502774.073125739174429, 3174893.280221711378545 ], [ 502822.920494430116378, 3174860.055992312263697 ], [ 502793.598229672643356, 3174937.599500869400799 ] ] ], [ [ [ 502696.240270541689824, 3173552.746101565193385 ], [ 502655.353173986368347, 3173482.35695318877697 ], [ 502344.423066459596157, 3174217.388337884563953 ], [ 502503.561744661827106, 3174207.752796960994601 ], [ 502696.240270541689824, 3173552.746101565193385 ] ], [ [ 502491.011064383492339, 3173929.374075873754919 ], [ 502500.786865156376734, 3173896.140252915676683 ], [ 502549.635206279170234, 3173873.993557321839035 ], [ 502491.011064383492339, 3173929.374075873754919 ] ] ], [ [ [ 502426.169514473294839, 3173087.824533921666443 ], [ 502344.636939763673581, 3173153.839406563900411 ], [ 502556.103152581839822, 3173311.497321594972163 ], [ 502426.169514473294839, 3173087.824533921666443 ] ] ], [ [ [ 503370.463687414478045, 3172987.911376709584147 ], [ 503361.426384386839345, 3172952.569092625752091 ], [ 502686.626979663968086, 3172876.947544335853308 ], [ 502458.631815070053563, 3173061.54099473496899 ], [ 503370.463687414478045, 3172987.911376709584147 ] ] ], [ [ [ 503790.752134430920705, 3172367.637597712688148 ], [ 503314.969187706767116, 3172301.427443908527493 ], [ 503316.282597242912743, 3172314.571164751891047 ], [ 503790.752134430920705, 3172367.637597712688148 ] ] ], [ [ [ 503234.004527404496912, 3171857.853765672072768 ], [ 502582.814874432166107, 3171804.184647489804775 ], [ 503254.202745252463501, 3171972.553992825560272 ], [ 503234.004527404496912, 3171857.853765672072768 ] ] ], [ [ [ 502188.683218234626111, 3171259.366242276970297 ], [ 502442.620130418916233, 3171769.032377038151026 ], [ 502556.669963991967961, 3171797.628958423156291 ], [ 502188.683218234626111, 3171259.366242276970297 ] ] ] ] } },
{ "type": "Feature", "properties": { "t": "river" }, "geometry": { "type": "Polygon", "coordinates": [ [ [ 504004.831589644716587, 3174871.480878156609833 ], [ 504024.436217419395689, 3174672.071875993162394 ], [ 503838.755686151096597, 3174937.896917921490967 ], [ 504004.831589644716587, 3174871.480878156609833 ] ] ] } },
{ "type": "Feature", "properties": { "t": "river" }, "geometry": { "type": "Polygon", "coordinates": [ [ [ 503838.817724614287727, 3174749.559821922332048 ], [ 503789.945374759670813, 3174849.251704899128526 ], [ 503838.755686151096597, 3174937.896917921490967 ], [ 503838.817724614287727, 3174749.559821922332048 ] ] ] } },
{ "type": "Feature", "properties": { "t": "river" }, "geometry": { "type": "Polygon", "coordinates": [ [ [ 504190.41738099581562, 3174882.62478787265718 ], [ 504122.073614277294837, 3174793.971179455053061 ], [ 504209.933117061736993, 3174938.025098776444793 ], [ 504190.41738099581562, 3174882.62478787265718 ] ] ] } },
{ "type": "Feature", "properties": { "t": "river" }, "geometry": { "type": "Polygon", "coordinates": [ [ [ 503868.129033366392832, 3174727.41220891661942 ], [ 503848.625952355563641, 3174627.6978888977319 ], [ 503838.810426146839745, 3174771.717124875634909 ], [ 503868.129033366392832, 3174727.41220891661942 ] ] ] } },
{ "type": "Feature", "properties": { "t": "river" }, "geometry": { "type": "Polygon", "coordinates": [ [ [ 505480.526752583915368, 3173287.835156857036054 ], [ 505343.788253170787357, 3173221.299893908202648 ], [ 505382.829522914718837, 3173298.868281605653465 ], [ 505480.526752583915368, 3173287.835156857036054 ] ] ] } },
{ "type": "Feature", "properties": { "t": "river" }, "geometry": { "type": "Polygon", "coordinates": [ [ [ 505070.321030527120456, 3173054.998320512473583 ], [ 505158.279988286842126, 3172977.486492713913321 ], [ 505109.427778643323109, 3172988.543615299277008 ], [ 505070.321030527120456, 3173054.998320512473583 ] ] ] } },
{ "type": "Feature", "properties": { "t": "river" }, "geometry": { "type": "Polygon", "coordinates": [ [ [ 504718.680689199478365, 3172910.828573117032647 ], [ 504738.251249542518053, 3172833.286125164013356 ], [ 504601.573129881580826, 3172589.501679349225014 ], [ 504718.680689199478365, 3172910.828573117032647 ] ] ] } },
{ "type": "Feature", "properties": { "t": "river" }, "geometry": { "type": "Polygon", "coordinates": [ [ [ 503966.634388985112309, 3172301.22437976533547 ], [ 503898.251539441174828, 3172279.044094252865762 ], [ 503839.616623949899804, 3172323.33911208063364 ], [ 503966.634388985112309, 3172301.22437976533547 ] ] ] } },
{ "type": "Feature", "properties": { "t": "river" }, "geometry": { "type": "Polygon", "coordinates": [ [ [ 509936.505872036097571, 3171861.636939668562263 ], [ 509956.207416094897781, 3171673.317138884216547 ], [ 510395.656141786195803, 3171928.508788466919214 ], [ 509692.816080023068935, 3171174.55757448868826 ], [ 509926.707178663578816, 3171894.86447301087901 ], [ 510473.510677985963412, 3172272.015956114977598 ], [ 510541.570771762169898, 3172637.672238687984645 ], [ 510512.640886751294602, 3172216.6579928859137 ], [ 509936.505872036097571, 3171861.636939668562263 ] ] ] } },
{ "type": "Feature", "properties": { "t": "river" }, "geometry": { "type": "MultiPolygon", "coordinates": [ [ [ [ 506917.724364116089419, 3171394.154720060527325 ], [ 506998.33224879426416, 3171610.580241862218827 ], [ 506949.100272326788399, 3171381.552810689434409 ], [ 506917.724364116089419, 3171394.154720060527325 ] ] ], [ [ [ 507132.329796066915151, 3171970.371824463363737 ], [ 507374.44903399940813, 3171885.339127968065441 ], [ 507095.892032409785315, 3171872.531831528991461 ], [ 507132.329796066915151, 3171970.371824463363737 ] ] ], [ [ [ 507708.617504408117384, 3172214.468041629996151 ], [ 507542.733286766509991, 3171893.079618732444942 ], [ 507430.278770640608855, 3171887.906831584405154 ], [ 507708.617504408117384, 3172214.468041629996151 ] ] ] ] } },
{ "type": "Feature", "properties": { "t": "river" }, "geometry": { "type": "MultiPolygon", "coordinates": [ [ [ [ 508697.949598403472919, 3168791.876199461985379 ], [ 508375.480941165355034, 3168736.247647985350341 ], [ 508356.20433376490837, 3168359.56244122935459 ], [ 508014.342553244146984, 3168060.201665403321385 ], [ 508355.919035978906322, 3168758.390784594696015 ], [ 508658.849460254015867, 3168802.925723295193166 ], [ 508685.789863547077402, 3169029.583349680993706 ], [ 508697.949598403472919, 3168791.876199461985379 ] ] ], [ [ [ 508736.544256869528908, 3169456.619819357991219 ], [ 509322.182114572846331, 3170343.360144978854805 ], [ 509253.376313116459642, 3170852.921170262154192 ], [ 509643.961133922624867, 3171174.517098445445299 ], [ 509282.690085821435787, 3170852.944448094349355 ], [ 509331.99808054958703, 3170287.974989098496735 ], [ 508710.055587697715964, 3169233.745875215157866 ], [ 508736.544256869528908, 3169456.619819357991219 ] ] ] ] } },
{ "type": "Feature", "properties": { "t": "river" }, "geometry": { "type": "Polygon", "coordinates": [ [ [ 507309.617751286714338, 3169699.368252506479621 ], [ 506987.711205936968327, 3168735.334989311173558 ], [ 506382.13468782819109, 3168092.431726628448814 ], [ 506343.37121923698578, 3167483.090138027910143 ], [ 505434.78437033505179, 3166618.506033392623067 ], [ 506274.952715829072986, 3167483.053199353162199 ], [ 506372.336955256410874, 3168136.740614748559892 ], [ 506987.704578300879803, 3168746.413555084727705 ], [ 506967.841284395486582, 3169278.173226487822831 ], [ 507270.515077547810506, 3169721.501008335035294 ], [ 506713.079200278560165, 3170452.354081741999835 ], [ 506725.343394977157004, 3170471.206959781236947 ], [ 507309.617751286714338, 3169699.368252506479621 ] ] ] } },
{ "type": "Feature", "properties": { "t": "river" }, "geometry": { "type": "MultiPolygon", "coordinates": [ [ [ [ 499804.546990276139695, 3169176.389036796055734 ], [ 499775.236715299077332, 3169575.218101967126131 ], [ 499843.63774055725662, 3169187.467015618924052 ], [ 500332.276105217402801, 3168965.899374049622566 ], [ 500356.502633691648953, 3168912.938474170863628 ], [ 499804.546990276139695, 3169176.389036796055734 ] ] ], [ [ [ 500605.94628448743606, 3168367.668121848721057 ], [ 501104.399587856547441, 3168223.683398801833391 ], [ 501452.627212761901319, 3168525.183061484247446 ], [ 501104.402729703229852, 3168190.447738776914775 ], [ 500791.644005701527931, 3168301.207898559980094 ], [ 499794.733664825675078, 3166860.972160854842514 ], [ 500645.046933698176872, 3168234.72755916044116 ], [ 500405.509040432865731, 3168805.808645911514759 ], [ 500605.94628448743606, 3168367.668121848721057 ] ], [ [ 500693.912809707107954, 3168256.887467205524445 ], [ 500664.593180297350045, 3168245.807208532467484 ], [ 500664.597591857833322, 3168168.257335665635765 ], [ 500693.912809707107954, 3168256.887467205524445 ] ] ], [ [ [ 501641.873817655316088, 3168689.045981401577592 ], [ 501974.243935207487084, 3168179.483794779051095 ], [ 501671.050318631983828, 3169686.121257024817169 ], [ 501715.459896532061975, 3169683.610405495390296 ], [ 502032.879062351887114, 3168212.729511803016067 ], [ 501896.07583229674492, 3168057.606768901925534 ], [ 501557.766641689231619, 3168616.219166984315962 ], [ 501641.873817655316088, 3168689.045981401577592 ] ] ], [ [ [ 502235.407682333840057, 3169654.22597650391981 ], [ 502257.415905365953222, 3169520.041276406962425 ], [ 501794.924663305922877, 3169679.118009915575385 ], [ 502235.407682333840057, 3169654.22597650391981 ] ] ], [ [ [ 502052.085282224172261, 3170151.482334462925792 ], [ 502144.557573827740271, 3170208.17465451778844 ], [ 502221.199590615928173, 3169740.854743774048984 ], [ 502052.085282224172261, 3170151.482334462925792 ] ] ], [ [ [ 502410.77228803554317, 3170371.391056165099144 ], [ 502423.375914701609872, 3170339.889437949750572 ], [ 502338.416779172490351, 3170327.028793805744499 ], [ 502410.77228803554317, 3170371.391056165099144 ] ] ] ] } },
{ "type": "Feature", "properties": { "t": "river" }, "geometry": { "type": "Polygon", "coordinates": [ [ [ 499804.56145420280518, 3170040.517803127411753 ], [ 499775.245032497274224, 3170007.28259049076587 ], [ 499775.246738717833068, 3170095.911234289873391 ], [ 499804.56145420280518, 3170040.517803127411753 ] ] ] } },
{ "type": "Feature", "properties": { "t": "river" }, "geometry": { "type": "Polygon", "coordinates": [ [ [ 507133.819332352431957, 3169533.080776464194059 ], [ 507065.412825751467608, 3169533.039185277186334 ], [ 507084.944098076084629, 3169555.208183118142188 ], [ 507133.819332352431957, 3169533.080776464194059 ] ] ] } },
{ "type": "Feature", "properties": { "t": "river" }, "geometry": { "type": "MultiPolygon", "coordinates": [ [ [ [ 508894.809115152165759, 3166952.983118160162121 ], [ 508552.968426182749681, 3166587.135992485098541 ], [ 508815.633419292571489, 3167409.591748921666294 ], [ 508894.809115152165759, 3166952.983118160162121 ] ] ], [ [ [ 508991.778568337671459, 3167961.205950292292982 ], [ 509045.579455006343778, 3168005.743352106306702 ], [ 508901.443788354285061, 3167678.307620326057076 ], [ 508991.778568337671459, 3167961.205950292292982 ] ] ], [ [ [ 509460.601083708635997, 3168349.32604695437476 ], [ 509899.04302425426431, 3168263.685223171953112 ], [ 509097.676364324870519, 3168048.870732036884874 ], [ 509460.601083708635997, 3168349.32604695437476 ] ] ], [ [ [ 511209.46810752642341, 3168938.038083500228822 ], [ 511648.981850483978633, 3169204.354334928095341 ], [ 510428.113691740727518, 3168405.542509789112955 ], [ 510081.936697941913735, 3168312.720559192821383 ], [ 511209.46810752642341, 3168938.038083500228822 ] ] ] ] } },
{ "type": "Feature", "properties": { "t": "river" }, "geometry": { "type": "Polygon", "coordinates": [ [ [ 510242.362550780293532, 3168471.849623025860637 ], [ 510291.277613531972747, 3168416.49973655352369 ], [ 510105.584934242011514, 3168416.337624380830675 ], [ 510242.362550780293532, 3168471.849623025860637 ] ] ] } },
{ "type": "Feature", "properties": { "t": "river" }, "geometry": { "type": "MultiPolygon", "coordinates": [ [ [ [ 506431.453707764216233, 3167272.645865456201136 ], [ 506604.187391686893534, 3167174.881706527434289 ], [ 506386.530230314761866, 3167230.820974875707179 ], [ 506431.453707764216233, 3167272.645865456201136 ] ] ], [ [ [ 506656.046872276056092, 3167649.44232171215117 ], [ 506998.240698948502541, 3167472.385412605013698 ], [ 507565.022719391563442, 3167649.995439612772316 ], [ 507916.606632774986792, 3168060.135031445883214 ], [ 507662.762064024980646, 3167650.05912492563948 ], [ 506978.705766877508722, 3167450.216628664638847 ], [ 506665.839764730830211, 3167616.212246178183705 ], [ 506783.41023770760512, 3167128.823747490998358 ], [ 506702.264354341488797, 3167149.676806884352118 ], [ 506656.046872276056092, 3167649.44232171215117 ] ] ] ] } },
{ "type": "Feature", "properties": { "t": "river" }, "geometry": { "type": "Polygon", "coordinates": [ [ [ 505297.912154462072067, 3166673.835875786840916 ], [ 505346.821361829177476, 3166596.308399298228323 ], [ 505307.737203722237609, 3166563.054985371418297 ], [ 505297.912154462072067, 3166673.835875786840916 ] ] ] } },
{ "type": "Feature", "properties": { "t": "river" }, "geometry": { "type": "Polygon", "coordinates": [ [ [ 550162.182700605597347, 3194444.983288520481437 ], [ 549501.711253848159686, 3195867.94940678216517 ], [ 549570.140117053524591, 3195875.428048448637128 ], [ 549573.202573611051776, 3195874.679433589335531 ], [ 549583.829429598757997, 3195872.17671821732074 ], [ 549661.414856272982433, 3195893.465277346782386 ], [ 550162.182700605597347, 3194444.983288520481437 ] ] ] } },
{ "type": "Feature", "properties": { "t": "river" }, "geometry": { "type": "MultiPolygon", "coordinates": [ [ [ [ 529523.303297216072679, 3199902.395517553202808 ], [ 529645.838553263572976, 3199780.549281466286629 ], [ 529609.742142294067889, 3199788.385882490314543 ], [ 529550.690855058375746, 3199782.134193643461913 ], [ 529502.622523631085642, 3199783.756740525364876 ], [ 529389.308559024240822, 3199858.843832981772721 ], [ 529523.303297216072679, 3199902.395517553202808 ] ] ], [ [ [ 530811.376608286285773, 3199351.801734857261181 ], [ 530880.881285289651714, 3199189.366224945988506 ], [ 530766.741453149938025, 3199166.260951140429825 ], [ 530655.26619400747586, 3199147.510849887970835 ], [ 530596.460088007384911, 3199135.015499272383749 ], [ 530594.706332948175259, 3199134.807861370965838 ], [ 530264.256703927996568, 3199231.841478391550481 ], [ 530258.768301858566701, 3199235.998719029128551 ], [ 530214.896472519496456, 3199283.233568648807704 ], [ 530178.091518931789324, 3199307.234453286975622 ], [ 530162.466950814239681, 3199332.225754090584815 ], [ 530154.52565148298163, 3199339.978325888514519 ], [ 530811.376608286285773, 3199351.801734857261181 ] ] ] ] } },
{ "type": "Feature", "properties": { "t": "river" }, "geometry": { "type": "Polygon", "coordinates": [ [ [ 526864.712765257339925, 3198898.780411590822041 ], [ 527818.33867181756068, 3199587.945216018240899 ], [ 528110.969972067628987, 3199500.020653937477618 ], [ 526864.712765257339925, 3198898.780411590822041 ] ] ] } },
{ "type": "Feature", "properties": { "t": "river" }, "geometry": { "type": "Polygon", "coordinates": [ [ [ 532199.121764191542752, 3198059.322649858891964 ], [ 531715.005169980111532, 3197922.58502384647727 ], [ 531707.09945365076419, 3197933.018687527626753 ], [ 531691.676455173874274, 3197960.120183032006025 ], [ 532199.121764191542752, 3198059.322649858891964 ] ] ] } },
{ "type": "Feature", "properties": { "t": "river" }, "geometry": { "type": "MultiPolygon", "coordinates": [ [ [ [ 525503.274151583085768, 3197387.414096225984395 ], [ 525479.461098081665114, 3197420.113770062569529 ], [ 525431.468323143897578, 3197463.105752234347165 ], [ 525402.909264327725396, 3197493.849640108644962 ], [ 525372.601480707875453, 3197516.342919994611293 ], [ 525300.237918155151419, 3197592.325410987250507 ], [ 525253.93681220151484, 3197648.062789004296064 ], [ 525244.810933860950172, 3197666.81502137798816 ], [ 525216.252328883041628, 3197697.808761519379914 ], [ 525162.762894235551357, 3197778.541853979695588 ], [ 525108.024949403130449, 3197834.026104982476681 ], [ 525107.181216023978777, 3197835.572173265274614 ], [ 525631.562481129541993, 3197359.363574225921184 ], [ 525503.274151583085768, 3197387.414096225984395 ] ] ], [ [ [ 524223.606025927292649, 3198638.119719394017011 ], [ 524288.883873229729943, 3198578.8220046130009 ], [ 524287.941453259962145, 3198579.023148382082582 ], [ 524278.03575778810773, 3198581.137385450303555 ], [ 524223.606025927292649, 3198638.119719394017011 ] ] ] ] } },
{ "type": "Feature", "properties": { "t": "river" }, "geometry": { "type": "MultiPolygon", "coordinates": [ [ [ [ 532578.474885189905763, 3197928.12439093971625 ], [ 532553.3364558739122, 3197932.256086168345064 ], [ 532528.599354167701676, 3197930.161755002103746 ], [ 532267.237532844534144, 3198103.829408579971641 ], [ 532578.474885189905763, 3197928.12439093971625 ] ] ], [ [ [ 533833.154602876864374, 3196003.264045711606741 ], [ 536289.42025935696438, 3196265.533943524584174 ], [ 534827.914266913430765, 3195928.663385972846299 ], [ 533864.66645147674717, 3195965.963323967531323 ], [ 533799.893726035370491, 3196007.898537657223642 ], [ 533780.516891562612727, 3196017.640052559785545 ], [ 533771.766851283260621, 3196020.204466226510704 ], [ 533754.900423507788219, 3196025.147446305025369 ], [ 533728.905761981615797, 3196041.14339742437005 ], [ 533715.780194032122381, 3196053.389110911171883 ], [ 533663.973780827014707, 3196083.380361421965063 ], [ 533547.932058274513111, 3196136.375382534228265 ], [ 533460.822323314263485, 3196207.105819719843566 ], [ 533423.451832187827677, 3196246.100217416416854 ], [ 533392.083359769894741, 3196295.838133815210313 ], [ 533374.523117474862374, 3196314.088923680596054 ], [ 533300.905252816504799, 3196362.327111390419304 ], [ 533257.040900933090597, 3196407.32073936983943 ], [ 533243.573318160139024, 3196426.993765169288963 ], [ 533833.154602876864374, 3196003.264045711606741 ] ] ] ] } },
{ "type": "Feature", "properties": { "t": "river" }, "geometry": { "type": "Polygon", "coordinates": [ [ [ 506225.538940010417718, 3204874.065030402969569 ], [ 507804.055139477772173, 3204564.810925956815481 ], [ 507367.966999741503969, 3204634.252190223895013 ], [ 507344.428932249662466, 3204641.649303891230375 ], [ 507287.217470007599331, 3204655.648925622459501 ], [ 507198.454701725684572, 3204664.643354894593358 ], [ 507173.021123330574483, 3204672.646068977657706 ], [ 507147.646045025321655, 3204674.39596787514165 ], [ 507039.72662566852523, 3204693.641848079394549 ], [ 507008.043310430657584, 3204695.388302369043231 ], [ 506988.986391500628088, 3204701.387121645733714 ], [ 506925.524660216120537, 3204710.883755973540246 ], [ 506890.853930469194893, 3204710.24599516345188 ], [ 506119.537165543762967, 3204833.143997152801603 ], [ 506094.097149386652745, 3204844.859051282517612 ], [ 506072.525473287794739, 3204851.811679871287197 ], [ 506062.288050142873544, 3204855.111143526155502 ], [ 505960.151455463608727, 3204908.348320604301989 ], [ 505934.681589281244669, 3204918.59727033181116 ], [ 505896.345136757008731, 3204941.088937321677804 ], [ 505877.258589064469561, 3204947.338771126233041 ], [ 505838.916295345465187, 3204969.837700808886439 ], [ 505742.518218433542643, 3205008.640100021846592 ], [ 505534.847286336880643, 3205167.392589316703379 ], [ 505529.559050813200884, 3205174.544716655276716 ], [ 505521.032600416976493, 3205178.542841123882681 ], [ 505501.721469506795984, 3205197.292035106569529 ], [ 505471.571291854197625, 3205230.784954733215272 ], [ 505428.762496478389949, 3205264.016016353853047 ], [ 505355.59122606908204, 3205343.508929338306189 ], [ 505331.780365242622793, 3205376.998293098062277 ], [ 505331.392824216221925, 3205377.431434528436512 ], [ 505303.817966286034789, 3205408.249346178490669 ], [ 505279.819878773298115, 3205452.485368155874312 ], [ 505260.378806280088611, 3205477.730041462462395 ], [ 505200.643776647048071, 3205512.726683645509183 ], [ 505123.969223208085168, 3205549.717496630270034 ], [ 505066.604920682730153, 3205567.716341521125287 ], [ 505028.455279560177587, 3205575.711131606716663 ], [ 505004.458395861787722, 3205576.845511024352163 ], [ 504998.931802343402524, 3205577.106796178966761 ], [ 504890.464900268358178, 3205660.037723938468844 ], [ 503887.394040836661588, 3204618.219883834011853 ], [ 504500.812344073725399, 3205593.404241368640214 ], [ 504939.150967661640607, 3205715.454059306997806 ], [ 506225.538940010417718, 3204874.065030402969569 ] ], [ [ 505894.227205147559289, 3204995.76095580495894 ], [ 505728.560199170431588, 3205084.310250340029597 ], [ 505894.238538747886196, 3204973.602752502076328 ], [ 505894.227205147559289, 3204995.76095580495894 ] ], [ [ 504997.626496888231486, 3205660.083711104467511 ], [ 504968.400606804760173, 3205660.071070298552513 ], [ 505017.12972247536527, 3205615.775737630203366 ], [ 504997.626496888231486, 3205660.083711104467511 ] ] ] } },
{ "type": "Feature", "properties": { "t": "river" }, "geometry": { "type": "MultiPolygon", "coordinates": [ [ [ [ 510229.564050241548102, 3205098.505986306350678 ], [ 509947.224337909079622, 3204876.676483351737261 ], [ 510132.753232662857044, 3204400.436323809437454 ], [ 511097.388712938467506, 3204323.770924658048898 ], [ 511455.08896617841674, 3204093.161629804875702 ], [ 511377.730586130172014, 3204113.259468057192862 ], [ 511326.85883064114023, 3204131.49681910732761 ], [ 511301.164838882745244, 3204137.466238336171955 ], [ 511107.206548550573643, 3204246.226611798163503 ], [ 510171.803599428269081, 3204311.83785984152928 ], [ 509567.951347045775037, 3204045.422337541356683 ], [ 509545.324015551188495, 3204056.865146011579782 ], [ 509527.582866156764794, 3204069.765162071678787 ], [ 509495.682626704161521, 3204088.261819556821138 ], [ 509444.692781189922243, 3204113.009366412181407 ], [ 509417.199494533590041, 3204121.65992985945195 ], [ 509237.083077538525686, 3204212.751559652388096 ], [ 509208.884899629629217, 3204229.986970633734018 ], [ 509187.760291297570802, 3204237.696686369366944 ], [ 509151.100808665214572, 3204256.237521545030177 ], [ 509145.146074049873278, 3204260.729181146249175 ], [ 509065.844284682592843, 3204344.210013762116432 ], [ 508991.417481394310016, 3204385.455960404127836 ], [ 508915.275707654305734, 3204400.949027390684932 ], [ 508883.49938695790479, 3204411.200337446294725 ], [ 508839.127810107544065, 3204416.698957855347544 ], [ 508834.257167296484113, 3204416.491158356424421 ], [ 508671.222742764570285, 3204498.956085202749819 ], [ 507960.002652474213392, 3204476.284752571955323 ], [ 508739.36459530092543, 3204576.561288877390325 ], [ 509850.394502230745275, 3204178.609454626217484 ], [ 509830.350525642745197, 3204832.259740945883095 ], [ 510229.446024792036042, 3205231.455317501910031 ], [ 510151.175460550293792, 3205608.076285351999104 ], [ 510297.175154547963757, 3205572.451557261869311 ], [ 510229.564050241548102, 3205098.505986306350678 ] ], [ [ 510074.324057147605345, 3204367.147784284316003 ], [ 510054.828261177404784, 3204378.209868271369487 ], [ 510006.161068855959456, 3204322.771983273793012 ], [ 510074.324057147605345, 3204367.147784284316003 ] ], [ [ 509285.260734545823652, 3204211.377687486354262 ], [ 509295.003930056700483, 3204211.385539922863245 ], [ 509226.774957001849543, 3204244.568031267262995 ], [ 509285.260734545823652, 3204211.377687486354262 ] ] ], [ [ [ 511417.945198322471697, 3205299.046472652349621 ], [ 511953.414372051192913, 3205643.042590750847012 ], [ 511408.268732154974714, 3205232.562133779283613 ], [ 510867.669252018735278, 3205433.267717898823321 ], [ 511417.945198322471697, 3205299.046472652349621 ] ] ] ] } },
{ "type": "Feature", "properties": { "t": "river" }, "geometry": { "type": "Polygon", "coordinates": [ [ [ 502708.66107098973589, 3203975.295395988039672 ], [ 502533.38481302279979, 3203498.855064138770103 ], [ 502698.889153112773784, 3204097.163045237306505 ], [ 503828.907536739076022, 3204706.833074713125825 ], [ 502708.66107098973589, 3203975.295395988039672 ] ] ] } },
{ "type": "Feature", "properties": { "t": "river" }, "geometry": { "type": "MultiPolygon", "coordinates": [ [ [ [ 499873.326136808202136, 3203077.572664297185838 ], [ 500555.398559936904348, 3203443.194744767155498 ], [ 500799.6152227652492, 3203327.32955906027928 ], [ 499873.326136808202136, 3203077.572664297185838 ] ] ], [ [ [ 500929.302174623357132, 3203265.804451837670058 ], [ 500921.240284670726396, 3203268.055193597916514 ], [ 500910.886170989775565, 3203274.541104468051344 ], [ 500929.302174623357132, 3203265.804451837670058 ] ] ], [ [ [ 501792.956836980127264, 3202856.129972463008016 ], [ 502426.205475459166337, 3203487.752935711760074 ], [ 501797.252253617683891, 3202761.689453705679625 ], [ 501792.186722535814624, 3202764.535872770939022 ], [ 501766.531827364466153, 3202783.28330161748454 ], [ 501747.443998780974653, 3202789.277015590574592 ], [ 501702.701379457488656, 3202814.018133428879082 ], [ 501664.237421701545827, 3202843.012018248904496 ], [ 501642.674154143081978, 3202870.256419083103538 ], [ 501608.430973134469241, 3202899.500384494196624 ], [ 501565.316923956328537, 3202955.990640885196626 ], [ 501518.382405924261548, 3202984.983970209956169 ], [ 501516.518978123960551, 3202987.248007263522595 ], [ 501792.956836980127264, 3202856.129972463008016 ] ] ] ] } },
{ "type": "Feature", "properties": { "t": "river" }, "geometry": { "type": "MultiPolygon", "coordinates": [ [ [ [ 501130.045194106758572, 3199765.723253957461566 ], [ 501174.937613979564048, 3199731.146109357010573 ], [ 501277.643808476917911, 3199643.660607620608062 ], [ 501284.016191696573514, 3199641.660024539101869 ], [ 501367.5021068569622, 3199568.928911294788122 ], [ 501463.986079545225948, 3199474.942300675436854 ], [ 501502.448774803837296, 3199443.704268711619079 ], [ 501534.446797296637669, 3199423.20547254756093 ], [ 501623.774249164562207, 3199377.966888133902103 ], [ 501693.337276602396742, 3199350.074080443475395 ], [ 502241.955644920351915, 3198945.307913885451853 ], [ 500672.525383322907146, 3199997.616460757795721 ], [ 500654.691849139227998, 3200001.151069423183799 ], [ 500696.016457553429063, 3199994.843439699150622 ], [ 500712.076700357021764, 3199995.113137668929994 ], [ 500740.291121884598397, 3199995.587187496013939 ], [ 500771.968268959433772, 3199991.843044127803296 ], [ 500835.524320606724359, 3199975.845312226098031 ], [ 500855.532361556193791, 3199968.305182993412018 ], [ 501130.045194106758572, 3199765.723253957461566 ] ] ], [ [ [ 499834.307725679769646, 3200163.783443602267653 ], [ 499846.245856456342153, 3200164.827134801074862 ], [ 499854.866434845025651, 3200159.707130917347968 ], [ 499834.307725679769646, 3200163.783443602267653 ] ] ] ] } },
{ "type": "Feature", "properties": { "t": "river" }, "geometry": { "type": "Polygon", "coordinates": [ [ [ 502629.037651259859558, 3198304.093079771846533 ], [ 502656.89350144303171, 3198238.945520095061511 ], [ 502676.453058490005787, 3198203.199385509360582 ], [ 502693.663636992627289, 3198182.20871119434014 ], [ 502715.004048192233313, 3198165.463720344007015 ], [ 502738.59474073862657, 3198140.465367183089256 ], [ 502777.028406828758307, 3198111.468348014168441 ], [ 502806.899892334127799, 3198090.723109628073871 ], [ 502810.244738897192292, 3198088.996372991707176 ], [ 503022.056157076207455, 3197837.585491245612502 ], [ 503831.877804845455103, 3195754.977578987367451 ], [ 502856.308578129857779, 3197926.175282519776374 ], [ 502349.310302214231342, 3198302.746974553912878 ], [ 502154.241408352158032, 3198867.738158558029681 ], [ 502629.037651259859558, 3198304.093079771846533 ] ] ] } },
{ "type": "Feature", "properties": { "t": "river" }, "geometry": { "type": "Polygon", "coordinates": [ [ [ 503831.819061559275724, 3195932.241001242306083 ], [ 503986.95787540927995, 3195819.235503525938839 ], [ 503991.614100857230369, 3195807.188006829936057 ], [ 504017.550835529225878, 3195769.445569796022028 ], [ 504050.952098708134145, 3195733.450423911679536 ], [ 504056.201041476218961, 3195727.705185003578663 ], [ 504060.511652153625619, 3195721.453968500252813 ], [ 504062.639555806410499, 3195718.456582210492343 ], [ 504084.290017323743086, 3195687.962376430630684 ], [ 504118.753463968401775, 3195648.22190659167245 ], [ 504138.028732308070175, 3195631.471781947650015 ], [ 504176.43000934907468, 3195606.731035195756704 ], [ 504246.731342925864737, 3195571.982537607196718 ], [ 504249.015188369958196, 3195571.251952003221959 ], [ 504291.290235550142825, 3195557.727988654747605 ], [ 504323.03560371050844, 3195553.986740772146732 ], [ 504355.599953850032762, 3195545.93197132460773 ], [ 505160.184521788964048, 3194399.158264407888055 ], [ 505174.460188360710163, 3194371.228644960094243 ], [ 505181.023704493942205, 3194358.733218485489488 ], [ 505189.771978159784339, 3194339.736769144423306 ], [ 505200.396850548568182, 3194335.732411093544215 ], [ 505207.844289394735824, 3194331.237767371814698 ], [ 505226.830311872530729, 3194304.180840836372226 ], [ 504924.489804913464468, 3194403.758704122621566 ], [ 504319.493433416064363, 3195489.254346277099103 ], [ 503831.877804845455103, 3195754.977578987367451 ], [ 503831.819061559275724, 3195932.241001242306083 ] ] ] } },
{ "type": "Feature", "properties": { "t": "river" }, "geometry": { "type": "Polygon", "coordinates": [ [ [ 507115.939222799614072, 3194398.928896939847618 ], [ 507125.868176827556454, 3194392.471370034851134 ], [ 507126.209141327708494, 3194392.207913662306964 ], [ 506587.391206463391427, 3194318.422797365579754 ], [ 506673.564280602848157, 3194381.226480950601399 ], [ 506725.59131891396828, 3194397.224183044862002 ], [ 506777.611618949274998, 3194403.971065455581993 ], [ 506854.475118313217536, 3194408.219371263403445 ], [ 506902.001338205009233, 3194408.21992851421237 ], [ 506954.02450826310087, 3194419.71792518068105 ], [ 506987.506097456091084, 3194428.485840362031013 ], [ 507115.939222799614072, 3194398.928896939847618 ] ] ] } },
{ "type": "Feature", "properties": { "t": "river" }, "geometry": { "type": "MultiPolygon", "coordinates": [ [ [ [ 492864.164699371380266, 3166231.671894146129489 ], [ 493391.595407732238527, 3165478.022092615254223 ], [ 493135.763873045099899, 3164951.304571682587266 ], [ 493058.871489434095565, 3164891.053433003369719 ], [ 493121.892583450826351, 3164922.747255464550108 ], [ 492686.834214283153415, 3164027.156542142853141 ], [ 493267.511458076303825, 3163697.711496124044061 ], [ 492637.914549525245093, 3163971.794715743977576 ], [ 493352.523898483603261, 3165533.436841998714954 ], [ 492805.500346135057043, 3166209.550780916120857 ], [ 492443.748620694153942, 3166098.993655180092901 ], [ 492464.516493676113896, 3166222.076342988759279 ], [ 492864.164699371380266, 3166231.671894146129489 ] ] ], [ [ [ 493468.743863096984569, 3163583.554142827633768 ], [ 493581.522608265746385, 3163055.014945491682738 ], [ 493356.819832020672038, 3163647.04694538237527 ], [ 493468.743863096984569, 3163583.554142827633768 ] ] ], [ [ [ 493624.78292987740133, 3162852.287974190432578 ], [ 493474.716983419726603, 3162659.594894540030509 ], [ 493611.286883877415676, 3162915.532504071947187 ], [ 493624.78292987740133, 3162852.287974190432578 ] ] ], [ [ [ 493115.945579003659077, 3162198.945959693286568 ], [ 492304.185324885474984, 3161977.8818842000328 ], [ 493205.932084961736109, 3162314.480778737924993 ], [ 493115.945579003659077, 3162198.945959693286568 ] ] ] ] } },
{ "type": "Feature", "properties": { "t": "river" }, "geometry": { "type": "MultiPolygon", "coordinates": [ [ [ [ 493822.061985854583327, 3166109.262655731290579 ], [ 493567.729512382182293, 3165788.122520694509149 ], [ 493806.139231142937206, 3165576.124545383267105 ], [ 493548.16630842036102, 3165765.97624896094203 ], [ 493782.978776273783296, 3166142.518960292451084 ], [ 493597.480667597556021, 3166563.603326409123838 ], [ 493822.061985854583327, 3166109.262655731290579 ] ] ], [ [ [ 493929.255830853478983, 3165466.652113649062812 ], [ 493322.665551259880885, 3164602.858612601645291 ], [ 493419.931952541519422, 3163716.523408981971443 ], [ 493293.336109741416294, 3164602.875390116125345 ], [ 493902.950073769898154, 3165490.042301442008466 ], [ 493929.255830853478983, 3165466.652113649062812 ] ] ] ] } },
{ "type": "Feature", "properties": { "t": "river" }, "geometry": { "type": "MultiPolygon", "coordinates": [ [ [ [ 498798.583003605133854, 3162957.559327811934054 ], [ 498679.990702051669359, 3162961.411176105961204 ], [ 498754.390949914406519, 3162995.120124574285001 ], [ 498798.583003605133854, 3162957.559327811934054 ] ] ], [ [ [ 499427.643722340697423, 3162422.937009201385081 ], [ 499413.299778421293013, 3162374.192461947444826 ], [ 499315.524827692715917, 3162518.217857341747731 ], [ 499427.643722340697423, 3162422.937009201385081 ] ] ], [ [ [ 499608.880953680083621, 3162806.244638633914292 ], [ 499775.10101508628577, 3162518.200008941814303 ], [ 499584.389244717778638, 3162752.292979542165995 ], [ 499608.880953680083621, 3162806.244638633914292 ] ] ], [ [ [ 499120.00879557634471, 3163160.782420462463051 ], [ 498865.830982273968402, 3163592.865093822591007 ], [ 498738.878692365309689, 3165010.925555547233671 ], [ 499129.958675143658184, 3165476.187331432010978 ], [ 498993.172650648804847, 3166340.322825888637453 ], [ 499060.600430253602099, 3166314.115493192337453 ], [ 499149.510971350653563, 3165487.2644062791951 ], [ 498787.765104502439499, 3165066.31292041298002 ], [ 498904.940259024384432, 3163592.861368976999074 ], [ 499139.562526986817829, 3163138.62400929722935 ], [ 498941.30593747284729, 3163079.809722966980189 ], [ 499120.00879557634471, 3163160.782420462463051 ] ] ], [ [ [ 499262.114363081869669, 3166235.795565883629024 ], [ 499217.982614908076357, 3166107.656621556729078 ], [ 499109.957181325415149, 3166294.932196356356144 ], [ 499262.114363081869669, 3166235.795565883629024 ] ] ] ] } },
{ "type": "Feature", "properties": { "t": "lake" }, "geometry": { "type": "Polygon", "coordinates": [ [ [ 494573.26899320987286, 3162907.202251985669136 ], [ 494758.88037264655577, 3162530.449456257279962 ], [ 494387.165000451612286, 3162231.502996319904923 ], [ 494573.26899320987286, 3162907.202251985669136 ] ] ] } },
{ "type": "Feature", "properties": { "t": "lake" }, "geometry": { "type": "Polygon", "coordinates": [ [ [ 490827.839534177677706, 3162278.064115521963686 ], [ 491111.514847071724944, 3162410.787099743727595 ], [ 491218.835381734184921, 3162089.430228405632079 ], [ 490915.587538034364115, 3161945.641370959114283 ], [ 490827.839534177677706, 3162278.064115521963686 ] ] ] } },
{ "type": "Feature", "properties": { "t": "lake" }, "geometry": { "type": "Polygon", "coordinates": [ [ [ 491247.922741804562975, 3161757.054231293965131 ], [ 490856.733668078028131, 3161713.039224841631949 ], [ 490915.587538034364115, 3161945.641370959114283 ], [ 491247.922741804562975, 3161757.054231293965131 ] ] ] } },
{ "type": "Feature", "properties": { "t": "river" }, "geometry": { "type": "MultiPolygon", "coordinates": [ [ [ [ 492116.482414887694176, 3159141.923200420569628 ], [ 492566.803301856212784, 3158663.811686972156167 ], [ 492468.308142129157204, 3158687.476401787716895 ], [ 492018.75495937949745, 3159263.852078374475241 ], [ 492107.231065111234784, 3159928.498400597833097 ], [ 492174.250070681155194, 3159962.80267243925482 ], [ 492116.482414887694176, 3159141.923200420569628 ] ] ], [ [ [ 493514.791466311842669, 3158454.204066852573305 ], [ 493514.61378287000116, 3158132.930147766601294 ], [ 493113.642899266444147, 3157775.292528285179287 ], [ 493475.47392722585937, 3158110.795034825801849 ], [ 493485.44046908733435, 3158443.141920431982726 ], [ 492849.727822354703676, 3158595.840611825697124 ], [ 493514.791466311842669, 3158454.204066852573305 ] ] ], [ [ [ 493119.652944497996941, 3157579.606124708428979 ], [ 492878.441630893561523, 3157557.221943757962435 ], [ 493007.80341071850853, 3157677.16017593909055 ], [ 493119.652944497996941, 3157579.606124708428979 ] ] ], [ [ [ 493964.340893199201673, 3157667.39693807112053 ], [ 494345.699874663376249, 3157357.011662330012769 ], [ 493827.377456463989802, 3157645.311409660149366 ], [ 493611.041026179038454, 3157625.222082477994263 ], [ 493964.340893199201673, 3157667.39693807112053 ] ] ], [ [ [ 493036.650799111055676, 3160404.282347372733057 ], [ 493468.924685906153172, 3161088.959934779908508 ], [ 493565.12913419760298, 3161057.608754974789917 ], [ 493007.284389988693874, 3160359.986050973646343 ], [ 492516.185063585406169, 3160137.83423803281039 ], [ 493036.650799111055676, 3160404.282347372733057 ] ] ], [ [ [ 492890.40144591871649, 3161146.626491821371019 ], [ 492607.78539756918326, 3161369.631413795053959 ], [ 493237.002898722770624, 3161164.542730996385217 ], [ 492890.40144591871649, 3161146.626491821371019 ] ] ], [ [ [ 492215.978428989299573, 3161678.821501597296447 ], [ 492206.376453412813134, 3161944.711157073732466 ], [ 492558.553792203892954, 3161408.480358829256147 ], [ 492215.978428989299573, 3161678.821501597296447 ] ] ] ] } },
{ "type": "Feature", "properties": { "t": "lake" }, "geometry": { "type": "Polygon", "coordinates": [ [ [ 491618.79022179642925, 3160737.564352745190263 ], [ 491462.371342498983722, 3160815.226493320893496 ], [ 491609.145403644535691, 3160925.905022434424609 ], [ 491618.79022179642925, 3160737.564352745190263 ] ] ] } },
{ "type": "Feature", "properties": { "t": "lake" }, "geometry": { "type": "Polygon", "coordinates": [ [ [ 491295.63175971666351, 3160161.720485017169267 ], [ 490855.877527951088268, 3160616.271951623260975 ], [ 491110.001404840964824, 3160416.664202798623592 ], [ 491325.284016989753582, 3160582.679630239028484 ], [ 491295.63175971666351, 3160161.720485017169267 ] ] ] } },
{ "type": "Feature", "properties": { "t": "river" }, "geometry": { "type": "MultiPolygon", "coordinates": [ [ [ [ 493004.852786029863637, 3156283.130407478194684 ], [ 493096.096874952898361, 3156317.509193980135024 ], [ 493053.737125831947196, 3156227.70944263599813 ], [ 493113.287636218068656, 3156035.742589588742703 ], [ 493048.283253934409004, 3156142.950149381067604 ], [ 493004.852786029863637, 3156283.130407478194684 ] ] ], [ [ [ 493483.441139297327027, 3154842.666236125864089 ], [ 494034.713072774698958, 3154399.23885264666751 ], [ 494011.58490510750562, 3154399.250623856671154 ], [ 494060.487462676479481, 3154354.912366322707385 ], [ 494044.360702176170889, 3154391.479106839746237 ], [ 494288.640735097287688, 3154195.006779699120671 ], [ 494295.242099112365395, 3154177.542327374685556 ], [ 494379.439151357568335, 3154092.72826020931825 ], [ 494305.643143559515011, 3153993.615181544329971 ], [ 493444.315008910663892, 3154864.844744310714304 ], [ 493091.295940551091917, 3156004.121863980777562 ], [ 493122.046129575057421, 3155928.55287649994716 ], [ 493159.827410370460711, 3155885.72174768242985 ], [ 493483.441139297327027, 3154842.666236125864089 ] ], [ [ 493952.897759659332223, 3154443.594122934155166 ], [ 493992.026252593437675, 3154421.417326143011451 ], [ 493972.461987675982527, 3154432.505708127748221 ], [ 493952.897759659332223, 3154443.594122934155166 ] ] ], [ [ [ 494393.062148770026397, 3154111.02511080680415 ], [ 494380.229565335263032, 3154093.789851781912148 ], [ 494346.412161115964409, 3154148.54343248764053 ], [ 494393.062148770026397, 3154111.02511080680415 ] ] ], [ [ [ 494236.395118370070122, 3153900.61230563884601 ], [ 493228.702310436870903, 3154255.657306887209415 ], [ 493604.262491820496507, 3153909.802186176646501 ], [ 493199.353380959131755, 3154266.752621143590659 ], [ 493453.82170263963053, 3154366.313224825076759 ], [ 494291.18931846920168, 3153974.202958569861948 ], [ 494236.395118370070122, 3153900.61230563884601 ] ] ], [ [ [ 494480.655594830168411, 3153102.854379435069859 ], [ 494374.706433646962978, 3153056.783523801714182 ], [ 494421.218096434487961, 3153157.576452143024653 ], [ 494480.655594830168411, 3153102.854379435069859 ] ] ], [ [ [ 493210.34958683559671, 3156360.558414692059159 ], [ 493620.997815057926346, 3155895.035947252530605 ], [ 493436.168963645584881, 3156332.755711640231311 ], [ 493718.94201611157041, 3156094.393963735550642 ], [ 493681.151661744283047, 3155994.708822117187083 ], [ 493669.970330518961418, 3155994.714847475290298 ], [ 493669.954396840475965, 3155965.172509541269392 ], [ 493630.763527371629607, 3155861.79550797957927 ], [ 493175.573396327265073, 3156347.454960323870182 ], [ 493210.34958683559671, 3156360.558414692059159 ] ] ], [ [ [ 493288.800223627360538, 3156681.786560960579664 ], [ 493346.334927449992392, 3156717.729976861737669 ], [ 493341.653562481631525, 3156556.605106826405972 ], [ 493288.800223627360538, 3156681.786560960579664 ] ] ] ] } },
{ "type": "Feature", "properties": { "t": "river" }, "geometry": { "type": "Polygon", "coordinates": [ [ [ 488413.844914773653727, 3153672.26699893688783 ], [ 487621.618944786139764, 3154060.818027746398002 ], [ 487543.642129285959527, 3154348.938195881433785 ], [ 488413.844914773653727, 3153672.26699893688783 ] ] ] } },
{ "type": "Feature", "properties": { "t": "river" }, "geometry": { "type": "Polygon", "coordinates": [ [ [ 488276.835294289398007, 3153661.324573407415301 ], [ 487543.01939289458096, 3153761.785146098583937 ], [ 487800.357040591945406, 3153780.513778300955892 ], [ 488276.835294289398007, 3153661.324573407415301 ] ] ] } },
{ "type": "Feature", "properties": { "t": "river" }, "geometry": { "type": "Polygon", "coordinates": [ [ [ 489108.530845407804009, 3153571.897110445890576 ], [ 489274.766256278788205, 3153438.803877817932516 ], [ 488746.396502745163161, 3153505.768296476919204 ], [ 489108.530845407804009, 3153571.897110445890576 ] ] ] } },
{ "type": "Feature", "properties": { "t": "river" }, "geometry": { "type": "Polygon", "coordinates": [ [ [ 490370.503762372303754, 3153105.504121526610106 ], [ 490751.890515933511779, 3152761.769092564936727 ], [ 490515.649346624210011, 3152858.388088838197291 ], [ 490517.098238093836699, 3152861.661306459922343 ], [ 490468.202778310165741, 3152906.01424225512892 ], [ 490490.041983793547843, 3152868.861487292684615 ], [ 490127.83053265104536, 3153017.013787504751235 ], [ 490071.614836968947202, 3153105.752891574054956 ], [ 490370.503762372303754, 3153105.504121526610106 ] ] ] } },
{ "type": "Feature", "properties": { "t": "river" }, "geometry": { "type": "Polygon", "coordinates": [ [ [ 468904.799391220323741, 3166093.58658080175519 ], [ 468818.567472909518983, 3165996.381493881810457 ], [ 468818.103214199654758, 3165996.721900618169457 ], [ 468799.324464202160016, 3166018.216232244856656 ], [ 468790.916648293088656, 3166022.469292991794646 ], [ 468775.789309209387284, 3166037.339874872006476 ], [ 468846.294913002464455, 3166149.135789416730404 ], [ 468710.656414453755133, 3166603.724658887367696 ], [ 468904.799391220323741, 3166093.58658080175519 ] ] ] } },
{ "type": "Feature", "properties": { "t": "river" }, "geometry": { "type": "Polygon", "coordinates": [ [ [ 469232.323727734328713, 3164253.659959577023983 ], [ 469174.618520108517259, 3164148.967829360160977 ], [ 469106.3075993033126, 3164152.347459048964083 ], [ 469096.417393209936563, 3164153.080810777377337 ], [ 469232.323727734328713, 3164253.659959577023983 ] ] ] } },
{ "type": "Feature", "properties": { "t": "river" }, "geometry": { "type": "Polygon", "coordinates": [ [ [ 475207.750164896948263, 3165070.368091312702745 ], [ 475189.071634833351709, 3165063.357669494114816 ], [ 475335.260750324407127, 3165269.513597550336272 ], [ 475266.055722283490468, 3164904.065444889478385 ], [ 475139.152225643978454, 3164992.963385389186442 ], [ 475175.759850851667579, 3165044.585839341860265 ], [ 475168.504415370814968, 3165003.979651178698987 ], [ 475207.750164896948263, 3165070.368091312702745 ] ] ] } },
{ "type": "Feature", "properties": { "t": "river" }, "geometry": { "type": "MultiPolygon", "coordinates": [ [ [ [ 469448.630220237013418, 3164718.396994258277118 ], [ 469771.3975426882389, 3164772.951810738071799 ], [ 469839.663681143952999, 3164502.258189890533686 ], [ 469595.162405483832117, 3164673.700563181191683 ], [ 469330.179659020912368, 3164286.639022826217115 ], [ 469366.008197887509596, 3164417.232338747940958 ], [ 469418.808420586108696, 3164530.137602623552084 ], [ 469392.013406287122052, 3164512.021943849511445 ], [ 469448.630220237013418, 3164718.396994258277118 ] ] ], [ [ [ 469897.208537924103439, 3164274.087728205602616 ], [ 469691.779691137082409, 3164230.303445565514266 ], [ 469843.566844741173554, 3164486.78149953391403 ], [ 469897.208537924103439, 3164274.087728205602616 ] ] ] ] } },
{ "type": "Feature", "properties": { "t": "river" }, "geometry": { "type": "MultiPolygon", "coordinates": [ [ [ [ 474440.370304372510873, 3162856.298624989110976 ], [ 475270.565236160473432, 3162411.372246113140136 ], [ 474625.576252433529589, 3162590.009645506273955 ], [ 474342.881554886291269, 3162989.454986920114607 ], [ 474314.350128993275575, 3163355.11120672011748 ], [ 474352.708004139538389, 3163011.5906379558146 ], [ 474586.42442226287676, 3163045.746785534080118 ], [ 474440.370304372510873, 3162856.298624989110976 ] ] ], [ [ [ 475174.308574911265168, 3163131.683767910581082 ], [ 474627.977775653649587, 3163697.863656543660909 ], [ 474654.944888725527562, 3163835.674420450814068 ], [ 474657.405668434570543, 3163742.114293357823044 ], [ 475252.530803222034592, 3163131.518124748021364 ], [ 475149.269576301740017, 3163128.022936353925616 ], [ 475174.308574911265168, 3163131.683767910581082 ] ] ], [ [ [ 474786.157501787645742, 3164506.259937979280949 ], [ 475294.144631969567854, 3164316.839864133391529 ], [ 474825.168674063577782, 3164461.86148504819721 ], [ 474743.430525353702251, 3164287.887674543540925 ], [ 474786.157501787645742, 3164506.259937979280949 ] ] ] ] } },
{ "type": "Feature", "properties": { "t": "river" }, "geometry": { "type": "Polygon", "coordinates": [ [ [ 470576.743020762281958, 3162344.676827547140419 ], [ 471133.214240385626908, 3161977.697485635988414 ], [ 469903.877555227489211, 3162352.48039548844099 ], [ 469913.744381667638663, 3162381.455450061708689 ], [ 469919.41847230354324, 3162402.413850888144225 ], [ 470576.743020762281958, 3162344.676827547140419 ] ], [ [ 470205.189462769776583, 3162356.695052232593298 ], [ 470107.404872441024054, 3162356.944295170716941 ], [ 470244.190678937535267, 3162312.281378468032926 ], [ 470205.189462769776583, 3162356.695052232593298 ] ] ] } },
{ "type": "Feature", "properties": { "t": "river" }, "geometry": { "type": "Polygon", "coordinates": [ [ [ 474399.417295498074964, 3162014.415749117266387 ], [ 474594.895478824910242, 3161969.675719812978059 ], [ 474272.196615311491769, 3161970.380259711295366 ], [ 474399.417295498074964, 3162014.415749117266387 ] ] ] } },
{ "type": "Feature", "properties": { "t": "river" }, "geometry": { "type": "Polygon", "coordinates": [ [ [ 471866.701608884672169, 3162009.1481326459907 ], [ 471944.851880390080623, 3161975.724835691973567 ], [ 471671.046447877946775, 3161976.384020018391311 ], [ 471866.701608884672169, 3162009.1481326459907 ] ] ] } },
{ "type": "Feature", "properties": { "t": "river" }, "geometry": { "type": "Polygon", "coordinates": [ [ [ 471249.906714919838123, 3161711.523881259839982 ], [ 471133.508113706542645, 3161399.436147790402174 ], [ 471120.985352307907306, 3161409.902918926905841 ], [ 471116.375747924670577, 3161412.546142125036567 ], [ 471045.205319945700467, 3161977.914768230170012 ], [ 471249.906714919838123, 3161711.523881259839982 ] ] ] } },
{ "type": "Feature", "properties": { "t": "river" }, "geometry": { "type": "MultiPolygon", "coordinates": [ [ [ [ 471855.523581253597513, 3161852.355816128663719 ], [ 471844.907118336705025, 3161078.598549161572009 ], [ 471645.845257943903562, 3160844.84719542786479 ], [ 471641.749736260098871, 3160849.407422302290797 ], [ 471805.815724381012842, 3161089.771160057280213 ], [ 471671.046447877946775, 3161976.384020018391311 ], [ 471855.523581253597513, 3161852.355816128663719 ] ] ], [ [ [ 472481.408351011632476, 3161431.600690979044884 ], [ 472587.242779198219068, 3160689.087624256499112 ], [ 472307.397927301353775, 3161548.573894814122468 ], [ 472481.408351011632476, 3161431.600690979044884 ] ] ] ] } },
{ "type": "Feature", "properties": { "t": "river" }, "geometry": { "type": "MultiPolygon", "coordinates": [ [ [ [ 474391.755335673457012, 3161941.45010579098016 ], [ 474134.290864904352929, 3161516.462444350123405 ], [ 474445.942210994893685, 3160928.614356524311006 ], [ 474075.689625974511728, 3161549.827729161828756 ], [ 474272.196615311491769, 3161970.380259711295366 ], [ 474391.755335673457012, 3161941.45010579098016 ] ] ], [ [ [ 474780.429328690806869, 3161847.410376873333007 ], [ 475209.50294210127322, 3161281.487457564566284 ], [ 474462.180744339653756, 3161924.409596754703671 ], [ 474780.429328690806869, 3161847.410376873333007 ] ] ] ] } },
{ "type": "Feature", "properties": { "t": "river" }, "geometry": { "type": "Polygon", "coordinates": [ [ [ 474455.190398468985222, 3160684.865884246304631 ], [ 474366.614494402951095, 3160430.252552524674684 ], [ 474387.312916575698182, 3160950.899518608581275 ], [ 474455.190398468985222, 3160684.865884246304631 ] ] ] } },
{ "type": "Feature", "properties": { "t": "river" }, "geometry": { "type": "Polygon", "coordinates": [ [ [ 472792.342025345715228, 3160561.680708982050419 ], [ 472748.043361822492443, 3160523.332441168371588 ], [ 472709.469466241425835, 3160491.90153990779072 ], [ 472667.20803580066422, 3160457.466356130316854 ], [ 472616.142098284326494, 3160500.684295649174601 ], [ 472675.41632208233932, 3160755.3530935337767 ], [ 472792.342025345715228, 3160561.680708982050419 ] ] ] } },
{ "type": "Feature", "properties": { "t": "river" }, "geometry": { "type": "Polygon", "coordinates": [ [ [ 474307.788505391858052, 3160363.910068523138762 ], [ 474122.40440614259569, 3160254.897340047173202 ], [ 474111.269308397138957, 3160262.691998051479459 ], [ 474357.05267200875096, 3160529.980472408235073 ], [ 474307.788505391858052, 3160363.910068523138762 ] ] ] } },
{ "type": "Feature", "properties": { "t": "river" }, "geometry": { "type": "Polygon", "coordinates": [ [ [ 490988.575076319742948, 3180469.024151351768523 ], [ 491134.980776446813252, 3180413.517885345965624 ], [ 491008.058636301895604, 3180413.615327970124781 ], [ 490988.575076319742948, 3180469.024151351768523 ] ] ] } },
{ "type": "Feature", "properties": { "t": "river" }, "geometry": { "type": "Polygon", "coordinates": [ [ [ 471044.977416893001646, 3185487.093369478359818 ], [ 470721.838343449053355, 3185055.824579200241715 ], [ 471015.727868894522544, 3185498.245326079428196 ], [ 470889.304638260335196, 3185675.825061248149723 ], [ 470626.430826915893704, 3185920.224599762819707 ], [ 470701.634150896570645, 3185969.381768464110792 ], [ 471044.977416893001646, 3185487.093369478359818 ] ] ] } },
{ "type": "Feature", "properties": { "t": "river" }, "geometry": { "type": "Polygon", "coordinates": [ [ [ 463986.8533753711381, 3184764.550247487146407 ], [ 463928.604750799597241, 3184864.442327009048313 ], [ 463997.575059122231323, 3185074.729842065833509 ], [ 463986.8533753711381, 3184764.550247487146407 ] ] ] } },
{ "type": "Feature", "properties": { "t": "river" }, "geometry": { "type": "Polygon", "coordinates": [ [ [ 464203.54885467630811, 3185406.46389229549095 ], [ 464203.207214206573553, 3185295.674606200307608 ], [ 464104.929251666762866, 3185074.397421812172979 ], [ 464203.54885467630811, 3185406.46389229549095 ] ] ] } },
{ "type": "Feature", "properties": { "t": "river" }, "geometry": { "type": "MultiPolygon", "coordinates": [ [ [ [ 464054.519864802423399, 3184553.839079674798995 ], [ 463800.036917749501299, 3184321.970108992420137 ], [ 464549.941795924212784, 3183787.864190178457648 ], [ 464840.377588358067442, 3183000.372615030966699 ], [ 466245.315123570617288, 3182763.547567850444466 ], [ 466153.298341395915486, 3182891.142829205375165 ], [ 466660.43872705771355, 3182677.707968612201512 ], [ 464840.176430708728731, 3182933.899280506651849 ], [ 464442.745331871672533, 3183843.586895812302828 ], [ 463595.00519882212393, 3184300.453000476118177 ], [ 464025.205811559455469, 3184542.850836925208569 ], [ 464104.929251666762866, 3185074.397421812172979 ], [ 464054.519864802423399, 3184553.839079674798995 ] ] ], [ [ [ 466908.553550918179099, 3182573.297455537132919 ], [ 466789.29387647646945, 3181831.347660665400326 ], [ 466685.585424061806407, 3181774.846738309599459 ], [ 466840.948866865772288, 3182601.745826133526862 ], [ 466908.553550918179099, 3182573.297455537132919 ] ] ], [ [ [ 466202.629191528190859, 3181511.748989387881011 ], [ 466264.648994184506591, 3181281.730993718840182 ], [ 466163.54715417639818, 3181500.783725946675986 ], [ 466348.3642165659694, 3181591.136994348838925 ], [ 466202.629191528190859, 3181511.748989387881011 ] ] ], [ [ [ 466453.767877362901345, 3180580.390404379460961 ], [ 466131.226417705416679, 3180459.456990992184728 ], [ 466436.569562895572744, 3180644.165981614030898 ], [ 466453.767877362901345, 3180580.390404379460961 ] ] ], [ [ [ 465587.816387350729201, 3183675.348386064637452 ], [ 465642.893554197798949, 3183707.026910366956145 ], [ 465870.886170373065397, 3183282.772668917663395 ], [ 465587.816387350729201, 3183675.348386064637452 ] ] ] ] } },
{ "type": "Feature", "properties": { "t": "river" }, "geometry": { "type": "MultiPolygon", "coordinates": [ [ [ [ 469099.365054246038198, 3180484.428347268607467 ], [ 468670.317613363149576, 3180684.996670403983444 ], [ 468679.067490661633201, 3180782.87675836449489 ], [ 469099.365054246038198, 3180484.428347268607467 ] ] ], [ [ [ 468730.713887228630483, 3181360.647977345623076 ], [ 468782.276808683527634, 3181288.219113473314792 ], [ 468691.238384343043435, 3180919.02843467053026 ], [ 468730.713887228630483, 3181360.647977345623076 ] ] ], [ [ [ 468826.632298045326024, 3181225.915229227393866 ], [ 468818.190590501646511, 3181216.387075810227543 ], [ 468815.474434848874807, 3181186.481283351313323 ], [ 468799.845178660238162, 3181263.541622224729508 ], [ 468826.632298045326024, 3181225.915229227393866 ] ] ], [ [ [ 468959.763642988516949, 3181038.91755348443985 ], [ 468856.61810539115686, 3180983.626847089733928 ], [ 468821.774872694513761, 3181155.417164640966803 ], [ 468837.073805085616186, 3181211.248702697921544 ], [ 468959.763642988516949, 3181038.91755348443985 ] ] ], [ [ [ 469317.022655193286482, 3181569.585177450440824 ], [ 469194.713290294865146, 3181527.885167732369155 ], [ 469326.84349590173224, 3181591.717095120344311 ], [ 469452.997236817143857, 3181303.333133519161493 ], [ 469397.179901218099985, 3181273.408593884203583 ], [ 469317.022655193286482, 3181569.585177450440824 ] ] ], [ [ [ 468994.568773188570049, 3181459.651552293915302 ], [ 469005.040205730416346, 3181725.517740698996931 ], [ 469708.133113393560052, 3181890.866742025129497 ], [ 469063.584196087787859, 3181714.282860521692783 ], [ 469053.979966709914152, 3181479.905676395632327 ], [ 468994.568773188570049, 3181459.651552293915302 ] ] ], [ [ [ 470451.373075934592634, 3182320.012396055273712 ], [ 470524.653237587597687, 3182531.7254280699417 ], [ 470490.476284274132922, 3182342.070870903786272 ], [ 470265.191460735164583, 3182043.514359088614583 ], [ 470235.196234872448258, 3182035.294151569716632 ], [ 470451.373075934592634, 3182320.012396055273712 ] ] ], [ [ [ 470710.396382783714216, 3183801.280894011259079 ], [ 470747.879474889487028, 3183770.601363382302225 ], [ 470720.760842489777133, 3183620.082656238228083 ], [ 470710.396382783714216, 3183801.280894011259079 ] ] ], [ [ [ 470290.212147758342326, 3184192.762823077384382 ], [ 470721.838343449053355, 3185055.824579200241715 ], [ 470315.22984121053014, 3184170.856356191914529 ], [ 470290.212147758342326, 3184192.762823077384382 ] ] ] ] } },
{ "type": "Feature", "properties": { "t": "river" }, "geometry": { "type": "MultiPolygon", "coordinates": [ [ [ [ 473309.499209884845186, 3181415.707405056804419 ], [ 473691.743921397835948, 3181601.945944738108665 ], [ 473710.136527256399859, 3181580.977572564035654 ], [ 473408.040556980355177, 3181381.28451219946146 ], [ 473309.499209884845186, 3181415.707405056804419 ] ] ], [ [ [ 474441.288579278043471, 3181114.034761696588248 ], [ 474352.05566190101672, 3180493.815328028053045 ], [ 474363.040225911536254, 3181047.733877372462302 ], [ 473893.300422109256033, 3181211.786629951093346 ], [ 474441.288579278043471, 3181114.034761696588248 ] ] ], [ [ [ 473485.931320432224311, 3181725.512185399886221 ], [ 473499.291345617908519, 3181821.356627064757049 ], [ 473635.102750309277326, 3181666.520014066714793 ], [ 473485.931320432224311, 3181725.512185399886221 ] ] ], [ [ [ 473555.401149047538638, 3182223.903565570246428 ], [ 473654.22933241847204, 3182216.667835808359087 ], [ 473548.496588176232763, 3182174.366909866221249 ], [ 473555.401149047538638, 3182223.903565570246428 ] ] ], [ [ [ 473516.959897637192626, 3182489.88438084255904 ], [ 473605.758538720547222, 3182510.822679015807807 ], [ 473809.332667156355456, 3182278.722950300667435 ], [ 473696.700194712437224, 3182233.659682562109083 ], [ 473516.959897637192626, 3182489.88438084255904 ] ] ], [ [ [ 474308.063571271835826, 3182676.449425152037293 ], [ 474191.640280844294466, 3182997.995164899155498 ], [ 473879.308630993589759, 3183009.772044433280826 ], [ 473792.883061178203207, 3183641.463884874712676 ], [ 473898.855787492007948, 3183020.807007673196495 ], [ 474211.187155287130736, 3183009.03065137937665 ], [ 474337.347804515913595, 3182676.384713615756482 ], [ 474227.61353275354486, 3182657.47425524611026 ], [ 474308.063571271835826, 3182676.449425152037293 ] ] ] ] } },
{ "type": "Feature", "properties": { "t": "river" }, "geometry": { "type": "MultiPolygon", "coordinates": [ [ [ [ 444588.853053890634328, 3191519.399416618514806 ], [ 444487.618055531056598, 3191134.49927538447082 ], [ 442933.635694845288526, 3190532.680121736135334 ], [ 444468.215106121031567, 3191156.751157154794782 ], [ 444736.558282475511078, 3192196.935407732147723 ], [ 444259.1073595356429, 3192298.939149937126786 ], [ 444707.403022980375681, 3192219.233497270382941 ], [ 444952.053726258745883, 3192421.754543934948742 ], [ 444775.731567748414818, 3192229.986859050579369 ], [ 444609.570122674515005, 3191598.169798472430557 ], [ 444606.951555995037779, 3191610.343944700434804 ], [ 444577.158818334690295, 3191499.692040180787444 ], [ 444588.853053890634328, 3191519.399416618514806 ] ] ], [ [ [ 445226.391715160163585, 3192648.865124581381679 ], [ 446470.327718504471704, 3192923.211236979812384 ], [ 446475.633420607016888, 3192820.292857236228883 ], [ 445118.025322492525447, 3192559.152223715092987 ], [ 445226.391715160163585, 3192648.865124581381679 ] ] ] ] } },
{ "type": "Feature", "properties": { "t": "river" }, "geometry": { "type": "Polygon", "coordinates": [ [ [ 442822.940075067628641, 3189846.299443166237324 ], [ 442756.565735811600462, 3190234.40812023403123 ], [ 442835.756550774909556, 3190466.68585145380348 ], [ 442822.940075067628641, 3189846.299443166237324 ] ] ] } },
{ "type": "Feature", "properties": { "t": "river" }, "geometry": { "type": "Polygon", "coordinates": [ [ [ 442928.834259915456641, 3189557.711802342440933 ], [ 442859.177264477009885, 3189281.068847566377372 ], [ 442861.143519102362916, 3189679.919251947198063 ], [ 442928.834259915456641, 3189557.711802342440933 ] ] ] } },
{ "type": "Feature", "properties": { "t": "river" }, "geometry": { "type": "MultiPolygon", "coordinates": [ [ [ [ 439109.22459320910275, 3186725.097834275104105 ], [ 439331.087938009237405, 3186370.819672284182161 ], [ 439302.433055244386196, 3186385.239885173272341 ], [ 439350.821012830245309, 3186307.43056768970564 ], [ 439384.715949664241634, 3186285.188818494323641 ], [ 439429.407625150866807, 3186213.82830104790628 ], [ 439437.955687387671787, 3186174.02185375476256 ], [ 439467.116608956828713, 3186151.710774103645235 ], [ 439466.995431824878324, 3186153.811576169915497 ], [ 439496.162120139342733, 3186107.241438343189657 ], [ 439383.94286687677959, 3186032.388512659817934 ], [ 439109.22459320910275, 3186725.097834275104105 ] ] ], [ [ [ 439089.778153448947705, 3186774.136064515449107 ], [ 439698.893420392822009, 3187639.121146623976529 ], [ 439678.676990039704833, 3187424.748611867427826 ], [ 439101.825727333547547, 3186743.755553890485317 ], [ 439089.778153448947705, 3186774.136064515449107 ] ] ], [ [ [ 439703.204122426977847, 3188388.536667375359684 ], [ 439769.059521184419282, 3188383.2069819024764 ], [ 439734.235518746310845, 3188013.900855597108603 ], [ 439703.204122426977847, 3188388.536667375359684 ] ] ], [ [ [ 440142.095963818428572, 3188353.024256371427327 ], [ 440192.335356080031488, 3188244.969011086970568 ], [ 439859.200404444418382, 3188375.912484101485461 ], [ 440142.095963818428572, 3188353.024256371427327 ] ] ], [ [ [ 440730.818307434383314, 3187086.941155013628304 ], [ 441388.560419042478316, 3186973.681562009267509 ], [ 441383.935532938747201, 3186950.669510358944535 ], [ 440691.672837325488217, 3187064.982301172334701 ], [ 440664.52625689888373, 3187129.966524349991232 ], [ 440711.30221256101504, 3187087.040878149215132 ], [ 440682.254668915004004, 3187131.507192702032626 ], [ 440663.843328089686111, 3187131.601348531898111 ], [ 440255.857197347446345, 3188108.349088659510016 ], [ 440730.818307434383314, 3187086.941155013628304 ] ] ], [ [ [ 441056.437084854173008, 3187794.367199921049178 ], [ 441214.184881096007302, 3188114.870851546525955 ], [ 442318.409405369427986, 3188162.443079872056842 ], [ 442287.583900928206276, 3188131.638106764294207 ], [ 441262.858526211930439, 3188092.465297150891274 ], [ 441075.895691756275482, 3187783.188864678610116 ], [ 441504.050298748305067, 3187548.353113970719278 ], [ 441492.294896444829646, 3187489.856354001909494 ], [ 441056.437084854173008, 3187794.367199921049178 ] ] ], [ [ [ 442571.967719524749555, 3188418.291610915213823 ], [ 442481.681880765245296, 3188621.130881643854082 ], [ 442640.594869549619034, 3188484.428541292902082 ], [ 442561.395554844406433, 3188405.275922360830009 ], [ 442571.967719524749555, 3188418.291610915213823 ] ] ], [ [ [ 441649.132440867368132, 3189231.699610330630094 ], [ 441684.818918395088986, 3189306.702130873687565 ], [ 441940.271137409145012, 3189086.911932963412255 ], [ 441649.132440867368132, 3189231.699610330630094 ] ] ], [ [ [ 441728.017734965891577, 3189397.494802521541715 ], [ 442859.395726078830194, 3189325.385548759251833 ], [ 441691.303009535127785, 3189320.329904341604561 ], [ 441728.017734965891577, 3189397.494802521541715 ] ] ] ] } },
{ "type": "Feature", "properties": { "t": "river" }, "geometry": { "type": "MultiPolygon", "coordinates": [ [ [ [ 440339.535140791034792, 3182258.31636564200744 ], [ 440325.434312559489626, 3182258.388759745284915 ], [ 440451.944400443171617, 3182180.184144573286176 ], [ 440451.954721339046955, 3182182.19852587999776 ], [ 440644.472323943569791, 3181647.389063220005482 ], [ 440533.683470485033467, 3180983.192877862136811 ], [ 440853.83970594627317, 3180582.703000792302191 ], [ 440484.413910658564419, 3180894.810010365676135 ], [ 440495.433186397771351, 3180968.316629143897444 ], [ 440504.110485083598178, 3180927.947316951584071 ], [ 440513.987070699979085, 3180950.055521766655147 ], [ 440495.818473465624265, 3180970.886790915392339 ], [ 440595.602603490231559, 3181636.559319002088159 ], [ 440344.787931349943392, 3182225.051228424999863 ], [ 440009.57490131870145, 3182264.528705176897347 ], [ 439925.359448030474596, 3182293.688087965827435 ], [ 439876.491690801281948, 3182282.86139260744676 ], [ 439904.771567408228293, 3182276.873260343912989 ], [ 439164.264253272209316, 3182364.123716313391924 ], [ 439087.468400403333362, 3182416.590922119561583 ], [ 439135.210231706558261, 3182408.593519928399473 ], [ 439135.384307746542618, 3182441.830867509357631 ], [ 439057.520905445620883, 3182486.556617276743054 ], [ 439065.275542071962263, 3182431.753348641097546 ], [ 438755.718227359990124, 3182643.255263417027891 ], [ 440339.535140791034792, 3182258.31636564200744 ] ], [ [ 440543.163391137844883, 3180927.747559539042413 ], [ 440523.580268402292859, 3180916.768343969713897 ], [ 440533.060203889559489, 3180861.323022424243391 ], [ 440543.163391137844883, 3180927.747559539042413 ] ], [ [ 439340.270103137765545, 3182418.600776582956314 ], [ 439262.116262742958497, 3182407.929563156329095 ], [ 439271.762475278461352, 3182385.720319238957018 ], [ 439340.270103137765545, 3182418.600776582956314 ] ], [ [ 438940.959768507571425, 3182597.962725936435163 ], [ 438901.912380456458777, 3182598.167963025625795 ], [ 438921.203144174418412, 3182553.748845852445811 ], [ 439028.351346811570693, 3182508.868470453191549 ], [ 438940.959768507571425, 3182597.962725936435163 ] ] ], [ [ [ 440432.703968545654789, 3182235.679685059934855 ], [ 440437.745814665686339, 3182221.672711056657135 ], [ 440399.16315052297432, 3182243.828803241252899 ], [ 440432.703968545654789, 3182235.679685059934855 ] ] ] ] } },
{ "type": "Feature", "properties": { "t": "river" }, "geometry": { "type": "Polygon", "coordinates": [ [ [ 415027.791795989440288, 3193905.911729382816702 ], [ 414433.283286175457761, 3193965.693603213876486 ], [ 415018.364510348357726, 3193950.301820867229253 ], [ 414944.822482237126678, 3194560.254407490603626 ], [ 415027.791795989440288, 3193905.911729382816702 ] ] ] } },
{ "type": "Feature", "properties": { "t": "river" }, "geometry": { "type": "MultiPolygon", "coordinates": [ [ [ [ 425594.070158348244149, 3192957.83601932739839 ], [ 425636.959208825661335, 3192851.82330367853865 ], [ 425574.278528993134387, 3192913.643640505149961 ], [ 425612.152977070072666, 3192736.121802602894604 ], [ 425640.879855165607296, 3192842.132400116883218 ], [ 425805.306601145479362, 3192435.72523606615141 ], [ 425522.090452833333984, 3192382.144116013776511 ], [ 425679.127544411807321, 3191790.060687358956784 ], [ 425596.561724321683869, 3191827.670854156371206 ], [ 425404.25925587140955, 3192261.023789785802364 ], [ 425640.701956404664088, 3192625.139426714740694 ], [ 425486.498049726069439, 3192914.208336676936597 ], [ 424774.78845718910452, 3192963.131073375698179 ], [ 424811.446378676744644, 3193059.375264102127403 ], [ 425594.070158348244149, 3192957.83601932739839 ] ] ], [ [ [ 425052.617638617230114, 3193692.603809676598758 ], [ 424391.458050087676384, 3194007.143029190599918 ], [ 424510.58415127749322, 3194327.683788082562387 ], [ 424960.335619714634959, 3194502.037149339914322 ], [ 424430.540349658986088, 3194017.967677131295204 ], [ 424781.629407614876982, 3194015.680134688969702 ], [ 425227.594250848167576, 3193602.832572184503078 ], [ 424836.685727945528924, 3193125.641321658156812 ], [ 425052.617638617230114, 3193692.603809676598758 ] ] ] ] } },
{ "type": "Feature", "properties": { "t": "river" }, "geometry": { "type": "Polygon", "coordinates": [ [ [ 414504.748696008522529, 3189112.039747952949256 ], [ 414537.321420423570089, 3188984.957773230038583 ], [ 414422.552495973126497, 3189081.617982903495431 ], [ 414504.748696008522529, 3189112.039747952949256 ] ] ] } },
{ "type": "Feature", "properties": { "t": "river" }, "geometry": { "type": "MultiPolygon", "coordinates": [ [ [ [ 425731.652737435651943, 3187029.23057730589062 ], [ 425932.617259536636993, 3186407.477038329932839 ], [ 426214.708252866868861, 3186261.642706529702991 ], [ 425973.490445626550354, 3186695.290922590531409 ], [ 426087.832629439188167, 3186715.476708439178765 ], [ 426495.894002687069587, 3185971.784113693516701 ], [ 426243.70351123844739, 3186217.139248681254685 ], [ 425927.243383788387291, 3185565.447387859690934 ], [ 424676.005188227631152, 3185263.264555954840034 ], [ 425839.478080892411526, 3185577.087559630628675 ], [ 426029.428965339495335, 3186284.981803419999778 ], [ 425793.241728235618211, 3186401.008367525413632 ], [ 425731.652737435651943, 3187029.23057730589062 ] ], [ [ 426046.758291130536236, 3185941.397940179333091 ], [ 426017.268679889733903, 3185908.34652517689392 ], [ 426026.674886731547303, 3185852.88764738291502 ], [ 426046.758291130536236, 3185941.397940179333091 ] ] ], [ [ [ 426586.728453974239528, 3187987.730331631843001 ], [ 426383.91447907424299, 3186781.317988909315318 ], [ 426279.915382252540439, 3186762.955273807048798 ], [ 426586.728453974239528, 3187987.730331631843001 ] ] ] ] } },
{ "type": "Feature", "properties": { "t": "lake" }, "geometry": { "type": "Polygon", "coordinates": [ [ [ 419311.564426836033817, 3187205.065954441204667 ], [ 419810.157075891445857, 3187334.568460925482213 ], [ 419626.739252230210695, 3187257.59401860833168 ], [ 419516.79635573917767, 3187247.960231307893991 ], [ 419565.510878631495871, 3187236.542378785088658 ], [ 419610.63322882069042, 3187250.835035398602486 ], [ 419531.101919205102604, 3187217.459715561941266 ], [ 419516.64262163679814, 3187225.801331381779164 ], [ 419487.213968991942238, 3187203.845570760313421 ], [ 419498.473553565097973, 3187203.767431763000786 ], [ 419134.833647743798792, 3187051.176639080047607 ], [ 419311.564426836033817, 3187205.065954441204667 ] ] ] } },
{ "type": "Feature", "properties": { "t": "river" }, "geometry": { "type": "Polygon", "coordinates": [ [ [ 425760.267911161936354, 3185400.317320822738111 ], [ 425769.177481863356661, 3185267.302946513518691 ], [ 425710.547671441279817, 3185256.598200792912394 ], [ 425760.267911161936354, 3185400.317320822738111 ] ] ] } },
{ "type": "Feature", "properties": { "t": "river" }, "geometry": { "type": "Polygon", "coordinates": [ [ [ 424832.162632924038917, 3185262.252404886763543 ], [ 423775.480645708448719, 3184870.268421471584588 ], [ 423298.064963656768668, 3183521.672901033423841 ], [ 424382.249026207660791, 3182118.512354793958366 ], [ 424348.923765826271847, 3181498.262202359735966 ], [ 424285.27371091482928, 3182218.861657827626914 ], [ 423249.258310118457302, 3183521.995260575786233 ], [ 423785.677193307492416, 3184936.680464221164584 ], [ 424676.005188227631152, 3185263.264555954840034 ], [ 424832.162632924038917, 3185262.252404886763543 ] ] ] } },
{ "type": "Feature", "properties": { "t": "river" }, "geometry": { "type": "Polygon", "coordinates": [ [ [ 426534.73504881025292, 3184398.212133977096528 ], [ 426401.249242034216877, 3183357.561342599801719 ], [ 426555.470762099372223, 3183046.352877688594162 ], [ 426342.47003104200121, 3183324.694656226783991 ], [ 426495.061772126704454, 3184298.745437654666603 ], [ 426037.864960572973359, 3184545.402985117863864 ], [ 425710.547671441279817, 3185256.598200792912394 ], [ 426534.73504881025292, 3184398.212133977096528 ] ], [ [ 426184.482536115043331, 3184577.709337448235601 ], [ 426057.879650589486118, 3184622.833873037714511 ], [ 426145.018181078718044, 3184511.481701577547938 ], [ 426184.482536115043331, 3184577.709337448235601 ] ] ] } },
{ "type": "Feature", "properties": { "t": "lake" }, "geometry": { "type": "Polygon", "coordinates": [ [ [ 421913.823970894620288, 3182356.430893373675644 ], [ 422051.229179465444759, 3182232.239807308185846 ], [ 422018.520638598827645, 3182253.941053393762559 ], [ 421977.200604521553032, 3182285.161346427630633 ], [ 421976.843318196828477, 3182285.431387294083834 ], [ 421976.290426837163977, 3182285.781658958178014 ], [ 421883.353465101972688, 3182344.671675564255565 ], [ 421825.271137902396731, 3182386.410884599667042 ], [ 421787.861297049326822, 3182411.66259216144681 ], [ 421913.823970894620288, 3182356.430893373675644 ] ] ] } },
{ "type": "Feature", "properties": { "t": "river" }, "geometry": { "type": "Polygon", "coordinates": [ [ [ 475631.241984504857101, 3166565.092200462706387 ], [ 475640.624457985220943, 3166376.735894527286291 ], [ 475405.65002642973559, 3166199.969747402239591 ], [ 475450.372988269780762, 3166335.470042372122407 ], [ 475631.241984504857101, 3166565.092200462706387 ] ] ] } },
{ "type": "Feature", "properties": { "t": "river" }, "geometry": { "type": "Polygon", "coordinates": [ [ [ 475393.940005490439944, 3165280.468614416662604 ], [ 475669.488546901440714, 3166155.103205200284719 ], [ 476051.608317190490197, 3166586.380732723046094 ], [ 475393.940005490439944, 3165280.468614416662604 ] ] ] } },
{ "type": "Feature", "properties": { "t": "river" }, "geometry": { "type": "Polygon", "coordinates": [ [ [ 480811.137075902777724, 3166067.983952878043056 ], [ 480566.257554183539469, 3165769.266580506693572 ], [ 480870.62271358811995, 3166577.501620335038751 ], [ 480811.137075902777724, 3166067.983952878043056 ] ] ] } },
{ "type": "Feature", "properties": { "t": "river" }, "geometry": { "type": "MultiPolygon", "coordinates": [ [ [ [ 481208.596153666265309, 3163995.646059977822006 ], [ 481745.848608206375502, 3163684.596269661094993 ], [ 481822.828133712231647, 3162886.821644728071988 ], [ 482115.557315962796565, 3162487.543740272056311 ], [ 481850.874018268601503, 3162055.888624485116452 ], [ 482095.983812450838741, 3162476.495131023228168 ], [ 481851.835666792525444, 3162676.284543264657259 ], [ 481706.739477489842102, 3163684.657338889315724 ], [ 481393.655051418056246, 3163552.208374450914562 ], [ 481159.764540820207912, 3164028.960244124289602 ], [ 481236.013572610390838, 3164353.010942520573735 ], [ 481208.596153666265309, 3163995.646059977822006 ] ] ], [ [ [ 480878.151191557117272, 3165203.744934690650553 ], [ 481045.15151099965442, 3165702.009017275180668 ], [ 481716.580602087196894, 3166257.513483235612512 ], [ 481720.481855414691381, 3166221.627068295609206 ], [ 481064.630954534863122, 3165657.663141574710608 ], [ 480907.388819919840898, 3165148.304305966943502 ], [ 481248.538770935731009, 3164516.27416179748252 ], [ 481241.22070252650883, 3164420.88421344012022 ], [ 480878.151191557117272, 3165203.744934690650553 ] ] ] ] } },
{ "type": "Feature", "properties": { "t": "river" }, "geometry": { "type": "Polygon", "coordinates": [ [ [ 475451.084656373364851, 3164560.238804848399013 ], [ 475333.20506925880909, 3164294.600241678766906 ], [ 475334.279557276226114, 3164804.21388371149078 ], [ 475451.084656373364851, 3164560.238804848399013 ] ] ] } },
{ "type": "Feature", "properties": { "t": "lake" }, "geometry": { "type": "Polygon", "coordinates": [ [ [ 478683.802354676183313, 3162725.938475065398961 ], [ 478293.233069544308819, 3163025.77721215877682 ], [ 478664.609601172152907, 3162925.387412690557539 ], [ 478683.802354676183313, 3162725.938475065398961 ] ] ] } },
{ "type": "Feature", "properties": { "t": "river" }, "geometry": { "type": "Polygon", "coordinates": [ [ [ 475475.65595032623969, 3162289.076558418571949 ], [ 475719.451768493163399, 3161967.289998334366828 ], [ 475329.072108346619643, 3162333.698795303236693 ], [ 475475.65595032623969, 3162289.076558418571949 ] ] ] } },
{ "type": "Feature", "properties": { "t": "river" }, "geometry": { "type": "Polygon", "coordinates": [ [ [ 482506.158862555923406, 3162132.440941621083766 ], [ 482584.733502316055819, 3162364.972710195928812 ], [ 482652.574903919070493, 3161954.966865328606218 ], [ 482506.158862555923406, 3162132.440941621083766 ] ] ] } },
{ "type": "Feature", "properties": { "t": "river" }, "geometry": { "type": "MultiPolygon", "coordinates": [ [ [ [ 476324.569505191990174, 3161389.966042403131723 ], [ 476501.625872812001035, 3161323.883585459087044 ], [ 475444.044122551218607, 3161203.443509498611093 ], [ 476080.292455151560716, 3161490.169348372146487 ], [ 475680.336776224256027, 3161967.37116708420217 ], [ 476324.569505191990174, 3161389.966042403131723 ] ] ], [ [ [ 477428.832017436157912, 3160977.88003512006253 ], [ 477525.947590190044139, 3160623.180259502027184 ], [ 477274.327322207216639, 3160552.446492857765406 ], [ 477467.481498649402056, 3160734.07787416363135 ], [ 476906.375646747474093, 3161172.832390418741852 ], [ 477428.832017436157912, 3160977.88003512006253 ] ], [ [ 477447.687383994751144, 3160612.252110884524882 ], [ 477506.451679161284119, 3160656.453265924006701 ], [ 477486.977168091863859, 3160700.804797902237624 ], [ 477457.57383311225567, 3160667.625740868039429 ], [ 477447.687383994751144, 3160612.252110884524882 ] ], [ [ 477282.224485335347708, 3161022.477584006730467 ], [ 477301.633279060944915, 3160944.890197217464447 ], [ 477331.014933091064449, 3160966.990377772599459 ], [ 477282.224485335347708, 3161022.477584006730467 ] ] ] ] } },
{ "type": "Feature", "properties": { "t": "river" }, "geometry": { "type": "MultiPolygon", "coordinates": [ [ [ [ 482210.91708608774934, 3160892.092602538410574 ], [ 482391.812498859362677, 3161096.392185258679092 ], [ 482269.259427548502572, 3160670.434171870350838 ], [ 482287.228235619841143, 3159617.950477642938495 ], [ 482322.552174876211211, 3159511.936112191993743 ], [ 482287.111038991890382, 3159540.401285754516721 ], [ 482220.612631967465859, 3160836.685380468145013 ], [ 481800.98231176630361, 3161413.412120813503861 ], [ 481809.023949175723828, 3161501.165325517766178 ], [ 482210.91708608774934, 3160892.092602538410574 ] ] ], [ [ [ 483000.494504232192412, 3159118.362920876592398 ], [ 483420.423332179896533, 3158652.465988779440522 ], [ 483420.034809215809219, 3158630.595918203238398 ], [ 482704.171690143528394, 3159205.447329618502408 ], [ 483000.494504232192412, 3159118.362920876592398 ] ] ] ] } },
{ "type": "Feature", "properties": { "t": "river" }, "geometry": { "type": "MultiPolygon", "coordinates": [ [ [ [ 477575.899460980901495, 3159239.167824099771678 ], [ 477590.80004815000575, 3159227.871586792171001 ], [ 477528.65637843782315, 3159248.021308992058039 ], [ 477528.228330895071849, 3159253.429786752909422 ], [ 477575.899460980901495, 3159239.167824099771678 ] ] ], [ [ [ 478510.666439852968324, 3158959.556146338582039 ], [ 479134.379337895661592, 3157673.325291619170457 ], [ 478383.530703500728123, 3158970.868379666469991 ], [ 477592.017734012857545, 3159227.476763252168894 ], [ 477596.829721835209057, 3159232.906106641516089 ], [ 478510.666439852968324, 3158959.556146338582039 ] ] ] ] } },
{ "type": "Feature", "properties": { "t": "river" }, "geometry": { "type": "Polygon", "coordinates": [ [ [ 483497.100628870655783, 3157533.434153818991035 ], [ 483477.364154727314599, 3157411.599065246991813 ], [ 483467.675327453413047, 3157478.08337264508009 ], [ 483497.100628870655783, 3157533.434153818991035 ] ] ] } },
{ "type": "Feature", "properties": { "t": "river" }, "geometry": { "type": "Polygon", "coordinates": [ [ [ 483457.705393597891089, 3157345.156121805775911 ], [ 483428.388993503700476, 3157367.354383763391525 ], [ 483467.612871044955682, 3157433.769689308479428 ], [ 483457.705393597891089, 3157345.156121805775911 ] ] ] } },
{ "type": "Feature", "properties": { "t": "river" }, "geometry": { "type": "MultiPolygon", "coordinates": [ [ [ [ 483818.835253994562663, 3156746.416936407331377 ], [ 485246.619227463845164, 3156312.476384568028152 ], [ 483975.288636984361801, 3156690.810067920945585 ], [ 483896.810896894545294, 3156535.819519780576229 ], [ 484590.868105315486901, 3156113.90759971505031 ], [ 484444.143631856655702, 3156136.258001301437616 ], [ 484737.160929482895881, 3155759.207202935125679 ], [ 484492.30035630549537, 3155560.116773567162454 ], [ 485515.643278659961652, 3155081.41362091479823 ], [ 485479.900209051731508, 3155082.482363934628665 ], [ 485225.197909309412353, 3154839.075414067134261 ], [ 485421.207290534628555, 3155093.63349730335176 ], [ 484316.291044687037356, 3155637.899497613776475 ], [ 484414.778205851092935, 3156125.218544316012412 ], [ 483857.616974467004184, 3156491.559666410088539 ], [ 483477.223714809282683, 3157311.893290497362614 ], [ 483818.835253994562663, 3156746.416936407331377 ] ] ], [ [ [ 486781.306135156366508, 3155147.415304138325155 ], [ 485979.1450701195281, 3155281.286653667222708 ], [ 485656.751193068805151, 3155680.498591041658074 ], [ 485988.955792658729479, 3155303.431735245976597 ], [ 486194.594616014685016, 3155447.20727369422093 ], [ 487009.379767577571329, 3155036.847325774841011 ], [ 486664.485958839708474, 3155047.120480520650744 ], [ 486781.306135156366508, 3155147.415304138325155 ] ] ], [ [ [ 487407.174178425222635, 3154836.532477508764714 ], [ 487543.642129285959527, 3154348.938195881433785 ], [ 487035.231945154431742, 3155023.828486460261047 ], [ 487407.174178425222635, 3154836.532477508764714 ] ] ] ] } },
{ "type": "Feature", "properties": { "t": "river" }, "geometry": { "type": "MultiPolygon", "coordinates": [ [ [ [ 481195.179981014342047, 3155631.406312381848693 ], [ 481301.880438837455586, 3155588.860866570379585 ], [ 481302.733454272209201, 3155586.920782771892846 ], [ 481351.618464332423173, 3155564.686161027289927 ], [ 481362.553590701660141, 3155564.668793668039143 ], [ 481470.180527689459268, 3155521.755961274728179 ], [ 481204.875292638200335, 3155575.998635836411268 ], [ 481137.462838120991364, 3155569.131462103687227 ], [ 481155.955033807898872, 3155576.077068468555808 ], [ 481107.070436268637422, 3155598.312507666181773 ], [ 481009.212175944005139, 3155587.391991277690977 ], [ 480971.86233176587848, 3155552.263742618728429 ], [ 480935.623877040867228, 3155548.57288774009794 ], [ 480940.669909781601746, 3155554.267790923360735 ], [ 480940.68789765634574, 3155565.346192467957735 ], [ 480881.947439934301656, 3155543.284853677265346 ], [ 480842.811117942619603, 3155543.348659540060908 ], [ 480838.693048807035666, 3155538.701128872577101 ], [ 479961.384131333848927, 3155449.390214221552014 ], [ 481195.179981014342047, 3155631.406312381848693 ] ] ], [ [ [ 483171.05614078551298, 3155284.976292836945504 ], [ 483186.725575315591414, 3155228.480959573760629 ], [ 483112.238870328699704, 3155207.511870129499584 ], [ 483190.481949441833422, 3155185.242755758110434 ], [ 483190.524249118519947, 3155214.785125108901411 ], [ 483274.756333303288557, 3154911.101349668577313 ], [ 483268.314842702413443, 3154874.936139635741711 ], [ 483278.083692051761318, 3154863.843816976528615 ], [ 483283.132534027856309, 3154880.903360870666802 ], [ 483289.752465478843078, 3154857.037213665898889 ], [ 483278.036359072022606, 3154830.60866788495332 ], [ 483268.172761590220034, 3154775.230695008765906 ], [ 483287.757950085506309, 3154786.281207149382681 ], [ 483297.526892107562162, 3154775.188902419060469 ], [ 483268.078043140936643, 3154708.760405926499516 ], [ 483287.663342113955878, 3154719.810917468275875 ], [ 483312.362283075926825, 3154775.525176506023854 ], [ 483325.250021396321245, 3154729.063339432235807 ], [ 483307.217105340969283, 3154708.70469953911379 ], [ 483316.954650759755168, 3154675.455651460215449 ], [ 483326.770905434619635, 3154697.598514514043927 ], [ 483326.807610804680735, 3154723.448069862555712 ], [ 483346.277605724870227, 3154653.257221789564937 ], [ 483289.079980563779827, 3154569.327267976943403 ], [ 483307.091112342372071, 3154620.0776575691998 ], [ 483316.923170973488595, 3154653.298891030717641 ], [ 483297.400822814670391, 3154686.561852371320128 ], [ 483277.847031734709162, 3154697.668086186982691 ], [ 483258.245891290018335, 3154675.539210472721606 ], [ 483277.673488115193322, 3154575.80590691883117 ], [ 483286.593108813976869, 3154565.678145995363593 ], [ 483055.609483779466245, 3154226.755520881619304 ], [ 483052.977021148370113, 3154228.574993526563048 ], [ 483170.897330968582537, 3155174.192402800545096 ], [ 482699.901200161955785, 3155270.419812098611146 ], [ 483171.05614078551298, 3155284.976292836945504 ] ], [ [ 483189.403430640348233, 3154431.912729066796601 ], [ 483199.220126545231324, 3154454.055480470880866 ], [ 483160.048440666345414, 3154431.954787779133767 ], [ 483120.84476025699405, 3154387.69747180910781 ], [ 483111.027861661103088, 3154365.554786885157228 ], [ 483110.964132589055225, 3154321.241282268427312 ], [ 483189.403430640348233, 3154431.912729066796601 ] ] ] ] } },
{ "type": "Feature", "properties": { "t": "river" }, "geometry": { "type": "MultiPolygon", "coordinates": [ [ [ [ 484480.305426291539334, 3153887.294702618382871 ], [ 484638.514464367413893, 3153202.607049679849297 ], [ 484632.080705717031378, 3153190.98954915907234 ], [ 484470.432098330580629, 3153820.837448020465672 ], [ 483665.696325497643556, 3153745.21834145532921 ], [ 483659.008791165426373, 3153752.841904343105853 ], [ 484480.305426291539334, 3153887.294702618382871 ] ] ], [ [ [ 484723.573070557496976, 3152834.530121167656034 ], [ 484638.484772825497203, 3153166.038198837544769 ], [ 484642.923278280068189, 3153183.528047820553184 ], [ 484723.573070557496976, 3152834.530121167656034 ] ] ] ] } },
{ "type": "Feature", "properties": { "t": "river" }, "geometry": { "type": "Polygon", "coordinates": [ [ [ 486975.077277476899326, 3153418.971790804062039 ], [ 487151.488734496932011, 3153662.501577498856932 ], [ 487543.078137060103472, 3153817.176923681981862 ], [ 486975.077277476899326, 3153418.971790804062039 ] ] ] } },
{ "type": "Feature", "properties": { "t": "river" }, "geometry": { "type": "Polygon", "coordinates": [ [ [ 486113.099531648564152, 3152722.022173271980137 ], [ 486220.98388238978805, 3152921.305649325251579 ], [ 486416.824018996208906, 3153020.782870882656425 ], [ 486113.099531648564152, 3152722.022173271980137 ] ] ] } },
{ "type": "Feature", "properties": { "t": "river" }, "geometry": { "type": "MultiPolygon", "coordinates": [ [ [ [ 451093.646695854549762, 3166065.890453046187758 ], [ 451247.145567771513015, 3165367.276424097362906 ], [ 452066.251182163832709, 3164854.260621091816574 ], [ 452055.960039196885191, 3164728.741829578764737 ], [ 452056.020579472184181, 3164743.513458736240864 ], [ 451198.264951398945414, 3165367.480287071317434 ], [ 451084.102901805774309, 3166121.325099955778569 ], [ 451418.725553644297179, 3166662.798166346270591 ], [ 451093.646695854549762, 3166065.890453046187758 ] ] ], [ [ [ 452650.063657186808996, 3164164.991425572428852 ], [ 452054.613085187796969, 3164400.073155162855983 ], [ 452054.890537118306383, 3164467.776428471319377 ], [ 452650.063657186808996, 3164164.991425572428852 ] ] ] ] } },
{ "type": "Feature", "properties": { "t": "river" }, "geometry": { "type": "MultiPolygon", "coordinates": [ [ [ [ 482545.399952640058473, 3181808.087414043955505 ], [ 482632.199564525508322, 3181098.914033060893416 ], [ 482357.869273394870106, 3180456.756995531264693 ], [ 482622.403754444152582, 3181076.771075697150081 ], [ 482506.301540772255976, 3181774.909767013043165 ], [ 482547.659142235992476, 3181812.34510188177228 ], [ 482545.399952640058473, 3181808.087414043955505 ] ] ], [ [ [ 482429.678561988053843, 3182749.961125358939171 ], [ 482742.588733917218633, 3182179.724451925139874 ], [ 482703.704548865265679, 3182106.438202152494341 ], [ 482429.678561988053843, 3182749.961125358939171 ] ] ] ] } },
{ "type": "Feature", "properties": { "t": "river" }, "geometry": { "type": "Polygon", "coordinates": [ [ [ 476051.156072505342308, 3180634.217055808752775 ], [ 476070.408737101999577, 3180501.231372874230146 ], [ 476040.982107862771954, 3180434.818944183178246 ], [ 476051.156072505342308, 3180634.217055808752775 ] ] ] } },
{ "type": "Feature", "properties": { "t": "river" }, "geometry": { "type": "MultiPolygon", "coordinates": [ [ [ [ 451364.162817734701093, 3191003.871864696033299 ], [ 451570.30668169085402, 3191313.228852951899171 ], [ 451445.800509001244791, 3190915.120461564511061 ], [ 451364.162817734701093, 3191003.871864696033299 ] ] ], [ [ [ 451956.529368175310083, 3190358.800816409289837 ], [ 451683.015578877646476, 3190271.303783945739269 ], [ 451915.485986593761481, 3189871.482416065875441 ], [ 451653.703675298136659, 3190260.346753286197782 ], [ 451934.759081411000807, 3190380.038299620617181 ], [ 451956.529368175310083, 3190358.800816409289837 ] ] ] ] } },
{ "type": "Feature", "properties": { "t": "river" }, "geometry": { "type": "MultiPolygon", "coordinates": [ [ [ [ 454858.98628637654474, 3191676.639903802424669 ], [ 454456.588869458064437, 3191046.697318975813687 ], [ 454497.591012894292362, 3190992.460601035971195 ], [ 454431.69692256860435, 3191069.786124903243035 ], [ 454858.98628637654474, 3191676.639903802424669 ] ] ], [ [ [ 454808.192561879928689, 3190581.625439177732915 ], [ 454591.41541808610782, 3190602.997862008400261 ], [ 454766.830831637256779, 3190557.994685566518456 ], [ 454812.999510639347136, 3190575.267549544107169 ], [ 455019.470259187335614, 3190302.188554082997143 ], [ 454523.044045310351066, 3190581.107532468624413 ], [ 454625.907668951142114, 3190822.730500431731343 ], [ 454808.192561879928689, 3190581.625439177732915 ] ] ] ] } },
{ "type": "Feature", "properties": { "t": "river" }, "geometry": { "type": "Polygon", "coordinates": [ [ [ 455272.976152995426673, 3190267.969519590958953 ], [ 455329.542776255111676, 3189758.106731610838324 ], [ 455077.571710782125592, 3190191.170777434483171 ], [ 455859.975665319769178, 3190708.887688240036368 ], [ 455272.976152995426673, 3190267.969519590958953 ] ] ] } },
{ "type": "Feature", "properties": { "t": "river" }, "geometry": { "type": "Polygon", "coordinates": [ [ [ 452510.120978420192841, 3189758.237692639697343 ], [ 452549.824008353345562, 3189924.264161223545671 ], [ 452754.102486725838389, 3189779.399034163914621 ], [ 452510.120978420192841, 3189758.237692639697343 ] ] ] } },
{ "type": "Feature", "properties": { "t": "river" }, "geometry": { "type": "Polygon", "coordinates": [ [ [ 452500.274514408200048, 3189736.119500257074833 ], [ 452265.225885147345252, 3189515.499746941495687 ], [ 452141.038079099846072, 3189580.255338446702808 ], [ 452500.274514408200048, 3189736.119500257074833 ] ] ] } },
{ "type": "Feature", "properties": { "t": "river" }, "geometry": { "type": "MultiPolygon", "coordinates": [ [ [ [ 453688.275709831621498, 3186739.91926656011492 ], [ 454142.88223198853666, 3185718.827864817343652 ], [ 454923.173978095175698, 3185604.979545845184475 ], [ 454896.755403774033766, 3185458.358027475886047 ], [ 454103.846119185443968, 3185718.982157120481133 ], [ 453697.768607240403071, 3186673.406136957928538 ], [ 452238.093085304833949, 3187665.375202326569706 ], [ 452259.215094663086347, 3187762.760709546040744 ], [ 453688.275709831621498, 3186739.91926656011492 ] ] ], [ [ [ 452307.716209542704746, 3187986.386864378117025 ], [ 452855.731682973448187, 3188163.206706352997571 ], [ 452874.215576448128559, 3188128.101130680181086 ], [ 452273.89294761500787, 3187830.435619503259659 ], [ 452307.716209542704746, 3187986.386864378117025 ] ] ], [ [ [ 452544.426757903769612, 3188605.853811357170343 ], [ 452585.126488168723881, 3188677.182681911159307 ], [ 452782.847853899293113, 3188301.633902652654797 ], [ 452544.426757903769612, 3188605.853811357170343 ] ] ], [ [ [ 452943.874142117390875, 3189305.954419135116041 ], [ 452956.902175861236174, 3189268.928042287938297 ], [ 452783.61036412831163, 3189025.05276936525479 ], [ 452943.874142117390875, 3189305.954419135116041 ] ] ] ] } },
{ "type": "Feature", "properties": { "t": "river" }, "geometry": { "type": "MultiPolygon", "coordinates": [ [ [ [ 455864.371894263138529, 3189301.809823991730809 ], [ 455874.572687838575803, 3189013.041213029064238 ], [ 455261.125150678271893, 3189725.132963822223246 ], [ 455864.371894263138529, 3189301.809823991730809 ] ] ], [ [ [ 455881.986533753573895, 3188803.178455966059119 ], [ 455140.198727549752221, 3188728.470495706424117 ], [ 455877.875646758941002, 3188919.543575072195381 ], [ 455881.986533753573895, 3188803.178455966059119 ] ] ] ] } },
{ "type": "Feature", "properties": { "t": "river" }, "geometry": { "type": "Polygon", "coordinates": [ [ [ 455050.973016130330507, 3188363.202066300902516 ], [ 454886.185200329811778, 3188640.822391774971038 ], [ 455003.908916317333933, 3188806.553156937472522 ], [ 455050.973016130330507, 3188363.202066300902516 ] ] ] } },
{ "type": "Feature", "properties": { "t": "river" }, "geometry": { "type": "Polygon", "coordinates": [ [ [ 459526.898020117543638, 3187648.729644061997533 ], [ 459195.031186613661703, 3187616.655042725149542 ], [ 459369.499779545818456, 3187283.668637801893055 ], [ 459154.168135609827004, 3187096.079653271939605 ], [ 459330.585677695169579, 3187317.042391407303512 ], [ 459175.47743258823175, 3187605.644715365953743 ], [ 459652.741686020162888, 3187895.814537758473307 ], [ 459526.898020117543638, 3187648.729644061997533 ] ] ] } },
{ "type": "Feature", "properties": { "t": "river" }, "geometry": { "type": "MultiPolygon", "coordinates": [ [ [ [ 455615.340382883150596, 3187962.176934683229774 ], [ 455535.551766782416962, 3187896.254155998583883 ], [ 455050.973016130330507, 3188363.202066300902516 ], [ 455615.340382883150596, 3187962.176934683229774 ] ] ], [ [ [ 455756.119844519882463, 3186499.187003419734538 ], [ 455709.267840071697719, 3186227.724475285969675 ], [ 455164.670956171059515, 3187487.504964561201632 ], [ 455213.419974282151088, 3187525.333270403090864 ], [ 455756.119844519882463, 3186499.187003419734538 ] ] ], [ [ [ 455666.305382741731592, 3185978.808897227048874 ], [ 455160.517598143196665, 3186412.839880660176277 ], [ 455693.596618940879125, 3186136.927475337404758 ], [ 455666.305382741731592, 3185978.808897227048874 ] ] ] ] } },
{ "type": "Feature", "properties": { "t": "river" }, "geometry": { "type": "MultiPolygon", "coordinates": [ [ [ [ 456759.702522653562482, 3186085.475117819849402 ], [ 456629.569281269330531, 3185210.708287314511836 ], [ 456473.45995515899267, 3185222.371690667700022 ], [ 456633.170734888175502, 3186174.580470682587475 ], [ 456901.330534807755612, 3186197.451773469801992 ], [ 456759.702522653562482, 3186085.475117819849402 ] ], [ [ 456691.598404942255002, 3186141.124822108075023 ], [ 456652.439674460561946, 3186108.033569612074643 ], [ 456710.86773734173039, 3186074.578025850933045 ], [ 456691.598404942255002, 3186141.124822108075023 ] ] ], [ [ [ 457249.351309616991784, 3186548.985145028214902 ], [ 457989.388094734225888, 3186333.350450047757477 ], [ 457950.904684900364373, 3186258.364033926278353 ], [ 457317.577877770410851, 3186526.575678368564695 ], [ 457211.448767325025983, 3186442.656940541695803 ], [ 457249.351309616991784, 3186548.985145028214902 ] ] ], [ [ [ 458334.82956401706906, 3187187.626557438168675 ], [ 458499.680843156762421, 3186898.978065871167928 ], [ 458724.942357809864916, 3187130.836276281159371 ], [ 458755.823111192090437, 3187090.216583146248013 ], [ 458519.117598918033764, 3186876.750285772141069 ], [ 458353.828014468366746, 3187043.529510073829442 ], [ 458104.944352830178104, 3186558.522813457064331 ], [ 458334.82956401706906, 3187187.626557438168675 ] ] ], [ [ [ 458755.121759041328914, 3187385.549082349054515 ], [ 459057.606642071215902, 3187384.477475444320589 ], [ 458784.079569826135412, 3187296.813052424695343 ], [ 458967.907540703425184, 3186852.996113644912839 ], [ 458900.348774818878155, 3186933.933225024025887 ], [ 458755.121759041328914, 3187385.549082349054515 ] ] ] ] } },
{ "type": "Feature", "properties": { "t": "river" }, "geometry": { "type": "MultiPolygon", "coordinates": [ [ [ [ 454818.584153022326063, 3186314.453563684597611 ], [ 455043.416392777115107, 3186413.292973800562322 ], [ 454824.72334843268618, 3186249.100690080784261 ], [ 454818.584153022326063, 3186314.453563684597611 ] ] ], [ [ [ 455022.224892242171336, 3185981.287153312470764 ], [ 454846.695834477897733, 3186015.206275757402182 ], [ 454832.777595011284575, 3186163.362995448056608 ], [ 455022.224892242171336, 3185981.287153312470764 ] ] ] ] } },
{ "type": "Feature", "properties": { "t": "river" }, "geometry": { "type": "MultiPolygon", "coordinates": [ [ [ [ 455450.506273519771639, 3185691.576943561900407 ], [ 455457.479888450819999, 3185439.079586158506572 ], [ 455041.742487572191749, 3185981.211529436986893 ], [ 455450.506273519771639, 3185691.576943561900407 ] ] ], [ [ [ 455459.074975838826504, 3185381.327544109895825 ], [ 455137.018119111598935, 3185382.567742079030722 ], [ 455457.553039901715238, 3185436.431033193133771 ], [ 455459.074975838826504, 3185381.327544109895825 ] ] ] ] } },
{ "type": "Feature", "properties": { "t": "river" }, "geometry": { "type": "Polygon", "coordinates": [ [ [ 455037.065241241769399, 3184773.600603302940726 ], [ 454862.034672598005272, 3184940.467132427729666 ], [ 454833.402174564951565, 3185106.765937968622893 ], [ 455037.065241241769399, 3184773.600603302940726 ] ] ] } },
{ "type": "Feature", "properties": { "t": "river" }, "geometry": { "type": "MultiPolygon", "coordinates": [ [ [ [ 456007.674881988205016, 3183351.753791149239987 ], [ 455494.460006853681989, 3184428.384816402569413 ], [ 455046.567694130062591, 3184707.088873667176813 ], [ 455890.163939137186389, 3184593.302928574383259 ], [ 455562.611109472287353, 3184383.807250434998423 ], [ 456018.652348682982847, 3183673.006773988250643 ], [ 456567.147023184516001, 3184004.70262193819508 ], [ 456125.811113620409742, 3183617.205911429133266 ], [ 455879.18313284276519, 3182931.23456105729565 ], [ 455752.448248657630756, 3182909.986864170990884 ], [ 456007.674881988205016, 3183351.753791149239987 ] ] ], [ [ [ 456668.193471210717689, 3185099.772687153425068 ], [ 456461.207848219783045, 3184557.669476941693574 ], [ 456344.181810800626408, 3184583.036907013040036 ], [ 456668.193471210717689, 3185099.772687153425068 ] ] ], [ [ [ 457329.520026769663673, 3184465.813256142195314 ], [ 457914.440177686745301, 3184275.333826962858438 ], [ 457339.239372603944503, 3184454.69842919614166 ], [ 457220.517902572348248, 3184399.879549959208816 ], [ 457329.520026769663673, 3184465.813256142195314 ] ] ] ] } },
{ "type": "Feature", "properties": { "t": "river" }, "geometry": { "type": "Polygon", "coordinates": [ [ [ 457470.422356449242216, 3185628.604254635516554 ], [ 457664.553151590807829, 3185339.837280839215964 ], [ 457480.100255468627438, 3185606.410535683389753 ], [ 456814.586283883021679, 3185099.22720693750307 ], [ 457470.422356449242216, 3185628.604254635516554 ] ] ] } },
{ "type": "Feature", "properties": { "t": "river" }, "geometry": { "type": "Polygon", "coordinates": [ [ [ 454628.518177319841925, 3182625.835330453235656 ], [ 455025.872206674655899, 3181881.989654501900077 ], [ 454569.818501586909406, 3182592.827277590055019 ], [ 455029.687940638745204, 3182868.016661120578647 ], [ 454628.518177319841925, 3182625.835330453235656 ] ] ] } },
{ "type": "Feature", "properties": { "t": "river" }, "geometry": { "type": "Polygon", "coordinates": [ [ [ 455026.515231911733281, 3182048.173890986014158 ], [ 455159.765977454720996, 3181161.330449768807739 ], [ 455509.490392610721756, 3180705.744155774824321 ], [ 455987.343237434630282, 3180559.897681576665491 ], [ 456487.222180062846746, 3181078.733071639668196 ], [ 456691.335266258625779, 3180834.231360415462404 ], [ 456240.939992483938113, 3180492.466218166518956 ], [ 456545.509749052580446, 3181000.961539411451668 ], [ 456026.312821556173731, 3180537.592103285714984 ], [ 455499.599976998521015, 3180672.544734959024936 ], [ 455072.242856076278258, 3181250.301153543870896 ], [ 455025.872206674655899, 3181881.989654501900077 ], [ 455026.515231911733281, 3182048.173890986014158 ] ] ] } },
{ "type": "Feature", "properties": { "t": "river" }, "geometry": { "type": "MultiPolygon", "coordinates": [ [ [ [ 434142.434475720103364, 3193692.704967363271862 ], [ 433994.502807731623761, 3193405.475518588908017 ], [ 434296.98246678331634, 3192525.529311154969037 ], [ 433964.738620200194418, 3193317.007704605348408 ], [ 434000.443105267069768, 3194446.934120696503669 ], [ 434142.434475720103364, 3193692.704967363271862 ] ] ], [ [ [ 434689.206115296343341, 3192071.973690718878061 ], [ 434715.407587196095847, 3191528.922662386670709 ], [ 434342.971297471551225, 3192415.98340847902 ], [ 434689.206115296343341, 3192071.973690718878061 ] ] ] ] } },
{ "type": "Feature", "properties": { "t": "river" }, "geometry": { "type": "MultiPolygon", "coordinates": [ [ [ [ 435684.265189075667877, 3193850.228415822610259 ], [ 435555.694420993910171, 3193529.633352177217603 ], [ 435994.50454501848435, 3193516.118566581513733 ], [ 435465.538329003436957, 3190946.592839563731104 ], [ 435369.570335397263989, 3191636.050186169333756 ], [ 434744.483513965562452, 3191495.519843802787364 ], [ 435546.689249683520757, 3191912.054108236916363 ], [ 435964.817326834541745, 3193438.725201132241637 ], [ 435496.86947298864834, 3193474.562728778459132 ], [ 435631.226670374162495, 3193954.668062589131296 ], [ 435684.265189075667877, 3193850.228415822610259 ] ] ], [ [ [ 435720.916326630394906, 3190825.224794417619705 ], [ 435491.501988974574488, 3190760.079473561607301 ], [ 435480.90795745048672, 3190836.182276471052319 ], [ 435720.916326630394906, 3190825.224794417619705 ] ] ], [ [ [ 436272.148161401040852, 3190800.077447653282434 ], [ 436308.371742629562505, 3190609.385433407966048 ], [ 436053.035175658296794, 3190810.07028633216396 ], [ 436272.148161401040852, 3190800.077447653282434 ] ] ], [ [ [ 436329.034142721618991, 3190500.615341385826468 ], [ 435916.434220996976364, 3189982.148495082277805 ], [ 436393.672026079788338, 3189835.484559305943549 ], [ 435887.167172967456281, 3189982.310375241562724 ], [ 436312.162117797241081, 3190589.432139357086271 ], [ 436329.034142721618991, 3190500.615341385826468 ] ] ] ] } },
{ "type": "Feature", "properties": { "t": "river" }, "geometry": { "type": "Polygon", "coordinates": [ [ [ 434766.051808580523357, 3191861.026983258314431 ], [ 434745.669581486901734, 3191706.026607059873641 ], [ 434746.918151100282557, 3191927.612736883573234 ], [ 434766.051808580523357, 3191861.026983258314431 ] ] ] } },
{ "type": "Feature", "properties": { "t": "river" }, "geometry": { "type": "MultiPolygon", "coordinates": [ [ [ [ 427209.855937077431008, 3190875.632204679306597 ], [ 427220.93159477529116, 3190551.696480265818536 ], [ 427058.423851415980607, 3191013.290320558939129 ], [ 427209.855937077431008, 3190875.632204679306597 ] ] ], [ [ [ 427237.539532563765533, 3190066.006021273322403 ], [ 427018.787362056551501, 3189968.288500287104398 ], [ 427174.741556157998275, 3189945.147784705273807 ], [ 427238.419750662054867, 3190040.266204781830311 ], [ 427242.823884132259991, 3189911.480709884315729 ], [ 426911.193601537845097, 3189924.647289475426078 ], [ 427230.44483401463367, 3190273.479310012888163 ], [ 427237.539532563765533, 3190066.006021273322403 ] ] ] ] } },
{ "type": "Feature", "properties": { "t": "river" }, "geometry": { "type": "MultiPolygon", "coordinates": [ [ [ [ 426858.988310295040719, 3189382.065497884526849 ], [ 427032.142723299679346, 3189365.358719040174037 ], [ 426848.672619849559851, 3189293.492074103094637 ], [ 426664.913022815599106, 3189549.489060984924436 ], [ 426803.529032581020147, 3189869.927680883556604 ], [ 426858.988310295040719, 3189382.065497884526849 ] ] ], [ [ [ 427473.290713340742514, 3189322.806542529724538 ], [ 427165.135619770560879, 3188416.195134805515409 ], [ 426635.375855333113577, 3187965.262886391486973 ], [ 427116.349893959530164, 3188416.501675996929407 ], [ 427404.16344387846766, 3189190.281674539670348 ], [ 427285.082404112268705, 3189340.958612371701747 ], [ 427473.290713340742514, 3189322.806542529724538 ] ] ] ] } },
{ "type": "Feature", "properties": { "t": "river" }, "geometry": { "type": "MultiPolygon", "coordinates": [ [ [ [ 435856.55106632236857, 3189738.728519353084266 ], [ 436315.503869930224027, 3189813.754655862227082 ], [ 435859.785718419356272, 3189673.362695619463921 ], [ 435856.55106632236857, 3189738.728519353084266 ] ] ], [ [ [ 436699.989073018892668, 3188759.088545792270452 ], [ 436493.641941869165748, 3188494.307297019287944 ], [ 436988.716552846657578, 3188026.265056187286973 ], [ 436922.757198525243439, 3187914.040695901028812 ], [ 436474.006690100301057, 3188472.255718796979636 ], [ 436622.177730720606633, 3188803.83191994857043 ], [ 435865.326030387077481, 3189561.406354853417724 ], [ 435860.047613306436688, 3189668.07036799704656 ], [ 436699.989073018892668, 3188759.088545792270452 ] ] ], [ [ [ 436703.094042122655082, 3187540.320127654355019 ], [ 436915.052713298238814, 3187040.586045552045107 ], [ 437363.089739571325481, 3186883.045016830321401 ], [ 437826.894711133674718, 3187844.468706152401865 ], [ 438402.054654921405017, 3187741.684031338430941 ], [ 437806.904518705443479, 3187755.939654046203941 ], [ 437499.70548567653168, 3186882.308258073404431 ], [ 436923.606161366391461, 3186818.948825052939355 ], [ 437019.894269100623205, 3186380.516373347025365 ], [ 436824.333814958867151, 3186509.262001947499812 ], [ 436664.002642758830916, 3187529.45396616216749 ], [ 436811.114046277012676, 3187724.09485085029155 ], [ 436703.094042122655082, 3187540.320127654355019 ] ] ], [ [ [ 437739.025516505120322, 3186016.819696406833827 ], [ 437678.602283399901353, 3185946.907145266886801 ], [ 437192.645282965851948, 3186266.792334499768913 ], [ 437739.025516505120322, 3186016.819696406833827 ] ] ], [ [ [ 437414.947574334975798, 3185641.859516721684486 ], [ 437041.482682499918155, 3185688.204724617302418 ], [ 437663.360310704214498, 3185929.271639593876898 ], [ 437414.947574334975798, 3185641.859516721684486 ] ] ], [ [ [ 437325.139774240728002, 3185276.720439680851996 ], [ 436731.372808035404887, 3185568.008738582953811 ], [ 436882.983809530851431, 3185626.770549322944134 ], [ 437325.139774240728002, 3185276.720439680851996 ] ] ] ] } },
{ "type": "Feature", "properties": { "t": "river" }, "geometry": { "type": "Polygon", "coordinates": [ [ [ 426816.69050597952446, 3185770.321111469063908 ], [ 426930.525252033956349, 3185248.855415530502796 ], [ 426573.547144058917183, 3185904.81394899263978 ], [ 426816.69050597952446, 3185770.321111469063908 ] ] ] } },
{ "type": "Feature", "properties": { "t": "river" }, "geometry": { "type": "Polygon", "coordinates": [ [ [ 438212.793007670261431, 3185183.326215886045247 ], [ 438292.40171610750258, 3185470.969310667365789 ], [ 438771.724630133016035, 3185678.941181970294565 ], [ 438212.793007670261431, 3185183.326215886045247 ] ] ] } },
{ "type": "Feature", "properties": { "t": "river" }, "geometry": { "type": "Polygon", "coordinates": [ [ [ 426739.217005970655009, 3184319.362138522788882 ], [ 426611.349052857258357, 3184165.053057650104165 ], [ 426901.24581222172128, 3185249.039740581065416 ], [ 426739.217005970655009, 3184319.362138522788882 ] ] ] } },
{ "type": "Feature", "properties": { "t": "river" }, "geometry": { "type": "MultiPolygon", "coordinates": [ [ [ [ 437310.59483159618685, 3184390.439321734476835 ], [ 437498.446727509377524, 3184503.871931217610836 ], [ 437314.691242602828424, 3184083.477435536682606 ], [ 437310.59483159618685, 3184390.439321734476835 ] ] ], [ [ [ 438447.390253777615726, 3183409.365994558203965 ], [ 438736.720307140029036, 3182743.070298014674336 ], [ 438242.641206114087254, 3183454.770478017162532 ], [ 438398.525641363870818, 3183398.54555598879233 ], [ 437530.038546077965293, 3183777.044497980270535 ], [ 437502.642376501637045, 3183802.191715115681291 ], [ 437486.299886739579961, 3183796.108811522368342 ], [ 437317.54482655483298, 3183869.666010486427695 ], [ 437315.66099630552344, 3184010.814535912126303 ], [ 438447.390253777615726, 3183409.365994558203965 ] ] ], [ [ [ 437692.497386161761824, 3184621.053097136318684 ], [ 437353.940343600348569, 3185187.928980140481144 ], [ 437741.595229376922362, 3184676.187163668219 ], [ 438333.259260140708648, 3184683.205363122746348 ], [ 438326.731383986072615, 3184584.428774442989379 ], [ 437532.249945404008031, 3184524.284243223723024 ], [ 437692.497386161761824, 3184621.053097136318684 ] ] ], [ [ [ 438183.513952597568277, 3185183.482082063797861 ], [ 438347.957763765996788, 3184905.620729006826878 ], [ 438340.66984041716205, 3184795.340212017297745 ], [ 438183.513952597568277, 3185183.482082063797861 ] ] ] ] } },
{ "type": "Feature", "properties": { "t": "river" }, "geometry": { "type": "MultiPolygon", "coordinates": [ [ [ [ 426809.972100429236889, 3183155.544130857568234 ], [ 426837.940381389053073, 3182971.168667715508491 ], [ 426555.470762099372223, 3183046.352877688594162 ], [ 426809.972100429236889, 3183155.544130857568234 ] ] ], [ [ [ 427927.810945188393816, 3182384.05747036030516 ], [ 428712.637750586611219, 3181415.286740217823535 ], [ 428700.211251803324558, 3181396.313264998141676 ], [ 427937.298351363861002, 3182339.679907226935029 ], [ 426962.953804845921695, 3182644.914500072598457 ], [ 426951.488785163033754, 3182698.566071007866412 ], [ 427927.810945188393816, 3182384.05747036030516 ] ] ], [ [ [ 428698.798411253606901, 3180750.592967252247036 ], [ 428377.146732493012678, 3180841.206811364274472 ], [ 428414.292185643338598, 3180904.17702499171719 ], [ 428698.798411253606901, 3180750.592967252247036 ] ] ] ] } },
{ "type": "Feature", "properties": { "t": "lake" }, "geometry": { "type": "Polygon", "coordinates": [ [ [ 428623.785285854362883, 3182845.108255734667182 ], [ 428437.287504578765947, 3182680.060227304231375 ], [ 428458.312117401161231, 3182923.683636044617742 ], [ 428623.785285854362883, 3182845.108255734667182 ] ] ] } },
{ "type": "Feature", "properties": { "t": "river" }, "geometry": { "type": "Polygon", "coordinates": [ [ [ 409571.337387889274396, 3194601.007700788788497 ], [ 409491.373608615424018, 3193105.780763413291425 ], [ 409303.799308351182844, 3192819.159051737282425 ], [ 408768.932964201492723, 3192757.989522917196155 ], [ 408767.960749872028828, 3192774.080431672744453 ], [ 408815.935128959477879, 3192800.830637824721634 ], [ 408766.320890491013415, 3192801.221526567824185 ], [ 408761.023810122045688, 3192888.89398042159155 ], [ 409217.057853263337165, 3192952.803512868937105 ], [ 409414.212334685493261, 3193217.188132395036519 ], [ 409337.2825883665937, 3194602.839536661747843 ], [ 409571.337387889274396, 3194601.007700788788497 ] ], [ [ 409424.532690690597519, 3194535.673718265257776 ], [ 409511.003903815639205, 3194368.791135657113045 ], [ 409521.709488916909322, 3194490.591754562221467 ], [ 409424.532690690597519, 3194535.673718265257776 ] ] ] } },
{ "type": "Feature", "properties": { "t": "river" }, "geometry": { "type": "MultiPolygon", "coordinates": [ [ [ [ 412545.190171378955711, 3194500.583010999020189 ], [ 412708.013570351758972, 3194069.953184819314629 ], [ 412571.349458970886189, 3194090.414334016852081 ], [ 412533.176399097719695, 3194201.505773956887424 ], [ 412544.268911194521934, 3194378.706681692041457 ], [ 412465.662901639705524, 3194301.739016971085221 ], [ 412455.072126403392758, 3194191.016153052914888 ], [ 412550.504466195823625, 3193913.287169682327658 ], [ 412566.327067189733498, 3193425.634977299254388 ], [ 412691.530842703767121, 3193214.164552311878651 ], [ 412748.547896156203933, 3193014.289706599898636 ], [ 412793.643464081920683, 3192526.41816739179194 ], [ 412852.250624618725851, 3192537.057141877245158 ], [ 412960.87682011135621, 3192713.524160812143236 ], [ 413020.731533287151251, 3192890.358476107940078 ], [ 413003.805593996017706, 3193233.973857758101076 ], [ 412980.921878995141014, 3193348.256101087667048 ], [ 413099.84198664012365, 3193033.807728509418666 ], [ 413583.472817786619999, 3193794.724556790199131 ], [ 413511.164390822814312, 3194559.803064596839249 ], [ 413828.862266920215916, 3194003.419515403918922 ], [ 414105.227722204406746, 3194444.574704124592245 ], [ 414434.102577740792185, 3194076.48989536985755 ], [ 413846.717927483667154, 3193781.68154183216393 ], [ 414056.887762526981533, 3191874.319506274070591 ], [ 414269.846056703361683, 3191651.136937908362597 ], [ 414235.520222060731612, 3191598.643057458102703 ], [ 414162.462588438589592, 3191640.852102303877473 ], [ 414065.326845477800816, 3191696.973479907028377 ], [ 414034.99386710615363, 3191553.155845701228827 ], [ 414063.436073877790477, 3191442.142693718895316 ], [ 414100.893916764354799, 3191392.766919354908168 ], [ 414065.157621178368572, 3191338.118949017487466 ], [ 414014.826335298188496, 3191464.663871198426932 ], [ 414006.223184604023118, 3191619.850691686850041 ], [ 413967.451292899786495, 3191653.37927297828719 ], [ 413916.53693451709114, 3191365.672055618371814 ], [ 413856.853884814307094, 3191210.992808234877884 ], [ 413855.947556260449346, 3191089.117244900669903 ], [ 413928.97459816862829, 3191129.873370124958456 ], [ 413707.392027710564435, 3190791.057221259456128 ], [ 413872.218203775933944, 3190392.827572007197887 ], [ 413789.008319991989993, 3189959.434617101214826 ], [ 413609.507513378746808, 3190747.465870417654514 ], [ 413869.657378869771492, 3191620.865480831824243 ], [ 413633.54054841469042, 3191376.465801358688623 ], [ 413969.508943852677476, 3191930.369378251954913 ], [ 413583.383054345962591, 3192476.175755809061229 ], [ 413760.593400198500603, 3194003.928100683260709 ], [ 412948.457299068220891, 3192359.049278071615845 ], [ 412338.586815578746609, 3191687.754074366297573 ], [ 412204.017370508459862, 3191131.379782544448972 ], [ 412191.342635860550217, 3191566.98655903339386 ], [ 412754.043193640536629, 3192449.154664071742445 ], [ 412368.6416756681283, 3194368.955249820370227 ], [ 412028.907675902184565, 3194582.05938549246639 ], [ 412545.190171378955711, 3194500.583010999020189 ] ], [ [ 414230.663284137146547, 3191629.266632254701108 ], [ 414221.400959255930502, 3191695.816464157775044 ], [ 414143.281771206122357, 3191685.315109173301607 ], [ 414162.462588438589592, 3191640.852102303877473 ], [ 414230.663284137146547, 3191629.266632254701108 ] ], [ [ 414307.154394202807453, 3194055.268855479545891 ], [ 414239.296489690663293, 3194111.172792728990316 ], [ 414268.308006441395264, 3194077.717083177529275 ], [ 414307.154394202807453, 3194055.268855479545891 ] ], [ [ 413791.929491581162438, 3192973.231672264169902 ], [ 413881.607456656813156, 3193227.409650446847081 ], [ 413843.336311761755496, 3193327.416630747262388 ], [ 413762.751339331851341, 3192984.529242192860693 ], [ 413633.640709855768364, 3192675.245032185222954 ], [ 413612.975686675519682, 3192520.275869992561638 ], [ 413670.508045967493672, 3192386.883928860072047 ], [ 413777.4726751766284, 3192341.765975935384631 ], [ 413951.811345332243945, 3192174.265706901904196 ], [ 413885.756578260567039, 3192473.922862051986158 ], [ 413791.929491581162438, 3192973.231672264169902 ] ], [ [ 413802.802922976959962, 3190502.261668767314404 ], [ 413811.15754241036484, 3190313.83612582879141 ], [ 413831.493085487512872, 3190424.486869805492461 ], [ 413802.802922976959962, 3190502.261668767314404 ] ], [ [ 413059.829340283817146, 3192901.145040705334395 ], [ 413031.400812078849413, 3193012.161197871435434 ], [ 413040.821436316589825, 3192967.76937663089484 ], [ 413059.829340283817146, 3192901.145040705334395 ] ], [ [ 413060.744664304831531, 3193023.021038881968707 ], [ 413042.153151523612905, 3193145.043582797516137 ], [ 413041.653750377998222, 3193078.56575067108497 ], [ 413060.744664304831531, 3193023.021038881968707 ] ], [ [ 412989.138990005652886, 3192580.348612217698246 ], [ 412732.781549748033285, 3192216.629399091936648 ], [ 412771.714977730007377, 3192205.255784580949694 ], [ 412948.623898686084431, 3192381.208536863792688 ], [ 412989.138990005652886, 3192580.348612217698246 ] ], [ [ 412699.863697985711042, 3193025.737032578792423 ], [ 412708.614672619965859, 3192892.707775913178921 ], [ 412719.03662615432404, 3192981.271364662796259 ], [ 412699.863697985711042, 3193025.737032578792423 ] ], [ [ 412515.430585503461771, 3194434.326200956944376 ], [ 412417.48763059504563, 3194379.665696305688471 ], [ 412475.918256086762995, 3194368.143235028255731 ], [ 412515.430585503461771, 3194434.326200956944376 ] ], [ [ 412239.696784547704738, 3191511.218741923570633 ], [ 412259.122507656051312, 3191499.991304053924978 ], [ 412269.213038238871377, 3191544.235924814362079 ], [ 412239.696784547704738, 3191511.218741923570633 ] ] ], [ [ [ 413394.307995757320896, 3190671.511029210872948 ], [ 413652.422876008087769, 3189960.4514847304672 ], [ 412550.01091291254852, 3191265.106056054588407 ], [ 413459.452054776018485, 3190249.97623237920925 ], [ 413347.270712043973617, 3190904.547341732308269 ], [ 413456.960298702295404, 3191085.366393422707915 ], [ 413394.307995757320896, 3190671.511029210872948 ] ] ], [ [ [ 412472.853738477861043, 3190091.182857885025442 ], [ 412405.985375480551738, 3190280.052176955156028 ], [ 412237.786278824729379, 3189971.078028148040175 ], [ 412228.167382505780552, 3190301.543615678325295 ], [ 412230.715539438300766, 3190325.699398789089173 ], [ 412225.915287307056133, 3190378.920948172453791 ], [ 412221.256553791463375, 3190538.990977010689676 ], [ 412231.806555477436632, 3190469.734361222479492 ], [ 412251.821414567297325, 3190536.064264431595802 ], [ 412220.005841884412803, 3190581.965631167404354 ], [ 412212.221593438764103, 3190849.445806469302624 ], [ 412472.853738477861043, 3190091.182857885025442 ] ], [ [ 412270.158273594686761, 3190380.80193828465417 ], [ 412280.752838637097739, 3190491.524201264604926 ], [ 412260.90587463718839, 3190447.353479372337461 ], [ 412270.158273594686761, 3190380.80193828465417 ] ] ] ] } },
{ "type": "Feature", "properties": { "t": "river" }, "geometry": { "type": "Polygon", "coordinates": [ [ [ 409375.198626967612654, 3190724.411997985560447 ], [ 409730.543693219893612, 3190001.416684889234602 ], [ 408888.347546475066338, 3190868.895543827675283 ], [ 408880.257804743247107, 3191001.177905969321728 ], [ 408867.452363077900372, 3191188.51640881318599 ], [ 409375.198626967612654, 3190724.411997985560447 ] ], [ [ 409422.936974658572581, 3190591.074592338874936 ], [ 409422.330670104478486, 3190513.516956430859864 ], [ 409442.18851045332849, 3190557.683091089129448 ], [ 409422.936974658572581, 3190591.074592338874936 ] ], [ [ 409209.875172762491275, 3190792.188444645609707 ], [ 409277.38282275525853, 3190691.936493353918195 ], [ 409238.96807204070501, 3190769.799796296283603 ], [ 409209.875172762491275, 3190792.188444645609707 ] ], [ [ 408919.300775312643964, 3191060.39785459684208 ], [ 408977.745390437368769, 3191048.85812619375065 ], [ 408939.159711891668849, 3191104.563184682279825 ], [ 408919.300775312643964, 3191060.39785459684208 ] ] ] } },
{ "type": "Feature", "properties": { "t": "river" }, "geometry": { "type": "Polygon", "coordinates": [ [ [ 412053.176629121939186, 3190072.199760976713151 ], [ 412140.309021248540375, 3189982.896867863833904 ], [ 412110.956643605604768, 3189972.039189735427499 ], [ 412053.176629121939186, 3190072.199760976713151 ] ] ] } },
{ "type": "Feature", "properties": { "t": "river" }, "geometry": { "type": "Polygon", "coordinates": [ [ [ 411886.902655177400447, 3190018.061557023786008 ], [ 411984.126984008704312, 3189973.001739697530866 ], [ 411681.686927929054946, 3189975.302653950639069 ], [ 411886.902655177400447, 3190018.061557023786008 ] ] ] } },
{ "type": "Feature", "properties": { "t": "river" }, "geometry": { "type": "Polygon", "coordinates": [ [ [ 409774.458980172406882, 3189779.65613838750869 ], [ 409767.756791344378144, 3189768.440197440329939 ], [ 409805.919974273943808, 3189657.339999751187861 ], [ 409922.222299224871676, 3189556.712759803049266 ], [ 409931.09521798446076, 3189640.662211340852082 ], [ 410291.169373445387464, 3189321.165178242139518 ], [ 409882.334793931455351, 3189446.219725228380412 ], [ 409639.430812254780903, 3189828.16568060265854 ], [ 409602.849464467028156, 3189891.608792653307319 ], [ 409603.705990661983378, 3189884.342589453794062 ], [ 409535.334113092627376, 3189991.858548081479967 ], [ 409774.458980172406882, 3189779.65613838750869 ] ], [ [ 409990.08776269829832, 3189500.784014818258584 ], [ 409941.391001682495698, 3189512.242576892022043 ], [ 410018.669393465155736, 3189411.919670426286757 ], [ 410057.609993713616859, 3189400.537148399278522 ], [ 410019.013428888109047, 3189456.238213449250907 ], [ 409990.08776269829832, 3189500.784014818258584 ] ] ] } },
{ "type": "Feature", "properties": { "t": "river" }, "geometry": { "type": "Polygon", "coordinates": [ [ [ 412140.225023125531152, 3189971.817259986884892 ], [ 412615.184209773200564, 3189558.257790954317898 ], [ 412461.50759994785767, 3189880.744098506402224 ], [ 412926.30899806774687, 3189411.873575745616108 ], [ 412447.650555651402101, 3189337.917524002958089 ], [ 411739.717445625341497, 3189908.379015291575342 ], [ 411804.891340477799531, 3189497.913566261064261 ], [ 411568.367856820579618, 3189189.468578866682947 ], [ 410358.780936480325181, 3189231.999809804838151 ], [ 411657.445595082826912, 3189354.993135187309235 ], [ 411681.686927929054946, 3189975.302653950639069 ], [ 412140.225023125531152, 3189971.817259986884892 ] ], [ [ 412633.444483236293308, 3189391.916810980066657 ], [ 412555.809564349299762, 3189447.903332548215985 ], [ 412575.071985458896961, 3189414.517364272847772 ], [ 412633.444483236293308, 3189391.916810980066657 ] ], [ [ 412545.551448732265271, 3189381.499382480047643 ], [ 412536.296446930267848, 3189448.050555666442961 ], [ 412419.552592069841921, 3189493.25296775251627 ], [ 412487.095406209293287, 3189393.020787320099771 ], [ 412545.551448732265271, 3189381.499382480047643 ] ], [ [ 410807.933986068703234, 3189272.856367131695151 ], [ 410651.655280913342722, 3189251.899307965766639 ], [ 410856.291689028090332, 3189217.083021535072476 ], [ 410807.933986068703234, 3189272.856367131695151 ] ] ] } },
{ "type": "Feature", "properties": { "t": "river" }, "geometry": { "type": "Polygon", "coordinates": [ [ [ 413769.331236044934485, 3189937.420624237507582 ], [ 413433.899255857279059, 3189441.312299518380314 ], [ 413340.227471100690309, 3189962.781799923162907 ], [ 413769.331236044934485, 3189937.420624237507582 ] ] ] } },
{ "type": "Feature", "properties": { "t": "river" }, "geometry": { "type": "Polygon", "coordinates": [ [ [ 413970.426823915564455, 3189426.237630748655647 ], [ 413843.75640371022746, 3189449.338826070539653 ], [ 414013.39863207237795, 3189957.767544376663864 ], [ 413970.426823915564455, 3189426.237630748655647 ] ] ] } },
{ "type": "Feature", "properties": { "t": "river" }, "geometry": { "type": "Polygon", "coordinates": [ [ [ 411646.506673827185296, 3189199.953014092985541 ], [ 411636.158709011622705, 3189122.470150922890753 ], [ 411568.367856820579618, 3189189.468578866682947 ], [ 411646.506673827185296, 3189199.953014092985541 ] ] ] } },
{ "type": "Feature", "properties": { "t": "river" }, "geometry": { "type": "Polygon", "coordinates": [ [ [ 411363.305656199634541, 3189168.874181415420026 ], [ 411226.116264933312777, 3189092.362127301748842 ], [ 411001.96302395145176, 3189127.321588869672269 ], [ 411363.305656199634541, 3189168.874181415420026 ] ] ] } },
{ "type": "Feature", "properties": { "t": "river" }, "geometry": { "type": "Polygon", "coordinates": [ [ [ 491162.676192669023294, 3152440.181200936902314 ], [ 491129.549941384175327, 3152366.149578836746514 ], [ 491103.036679588549305, 3152378.979214855469763 ], [ 491087.97419437620556, 3152382.729438656941056 ], [ 491056.198156663274858, 3152390.979222019203007 ], [ 491050.461861544463318, 3152393.08788884524256 ], [ 490556.1276166170137, 3152717.61143174348399 ], [ 491162.676192669023294, 3152440.181200936902314 ] ] ] } },
{ "type": "Feature", "properties": { "t": "river" }, "geometry": { "type": "MultiPolygon", "coordinates": [ [ [ [ 494568.126067934965249, 3151795.571135733276606 ], [ 494489.647026052291039, 3151407.866680834908038 ], [ 493885.591712542111054, 3150930.841969295870513 ], [ 493784.713849970896263, 3150965.085856111720204 ], [ 494479.88034808950033, 3151452.184507607482374 ], [ 494538.769729070481844, 3151806.66305446298793 ], [ 493629.056940252485219, 3152715.543577773030847 ], [ 494568.126067934965249, 3151795.571135733276606 ] ] ], [ [ [ 494118.007370764564257, 3150910.127155642490834 ], [ 494097.88626158516854, 3150887.37635833863169 ], [ 494146.820340212085284, 3150876.273594846017659 ], [ 494132.155033272982109, 3150909.515816029161215 ], [ 494391.529100061918143, 3150898.310940307565033 ], [ 494522.665721750818193, 3150814.628559789154679 ], [ 494322.992342318990268, 3150854.030615630093962 ], [ 494655.722086347523145, 3150720.935070275329053 ], [ 494608.420614501461387, 3150759.907121179625392 ], [ 494857.49566139181843, 3150600.975188529118896 ], [ 493921.609944803349208, 3150918.615518783219159 ], [ 494118.007370764564257, 3150910.127155642490834 ] ], [ [ 494225.129202970536426, 3150887.313179808668792 ], [ 494303.427183834486641, 3150876.196684154681861 ], [ 494264.286280683067162, 3150898.372318413574249 ], [ 494225.129202970536426, 3150887.313179808668792 ] ] ], [ [ [ 495654.161115910275839, 3150875.61990293674171 ], [ 495419.069634400249925, 3150410.420621632132679 ], [ 495314.587168221303727, 3150445.871348924469203 ], [ 495654.161115910275839, 3150875.61990293674171 ] ] ] ] } },
{ "type": "Feature", "properties": { "t": "river" }, "geometry": { "type": "Polygon", "coordinates": [ [ [ 490888.684874329832383, 3152484.703774982597679 ], [ 490776.282391692744568, 3152493.880507176741958 ], [ 490727.736880877171643, 3152511.727405965328217 ], [ 490634.304043994983658, 3152573.530452825594693 ], [ 490888.684874329832383, 3152484.703774982597679 ] ] ] } },
{ "type": "Feature", "properties": { "t": "river" }, "geometry": { "type": "Polygon", "coordinates": [ [ [ 490662.255718517058995, 3150800.976202762685716 ], [ 490597.116220891126432, 3150552.958566031418741 ], [ 490573.179606082267128, 3150683.5498953377828 ], [ 490623.050727903842926, 3150734.537530108820647 ], [ 490537.770177244208753, 3150895.72077571740374 ], [ 490522.341522867034655, 3150993.593956286087632 ], [ 490662.255718517058995, 3150800.976202762685716 ] ] ] } },
{ "type": "Feature", "properties": { "t": "river" }, "geometry": { "type": "MultiPolygon", "coordinates": [ [ [ [ 495927.330335894308519, 3150896.548128854483366 ], [ 495693.308764402579982, 3150864.527199052274227 ], [ 495889.110080141515937, 3150986.318433216307312 ], [ 495927.330335894308519, 3150896.548128854483366 ] ] ], [ [ [ 496290.114236590801738, 3150044.53001251956448 ], [ 496554.445851402648259, 3150177.389075853861868 ], [ 496466.452471011551097, 3150520.842239374294877 ], [ 496574.275934562494513, 3150648.106842222623527 ], [ 496583.811371718416922, 3150177.3805101797916 ], [ 496358.610553019272629, 3149966.960597533732653 ], [ 496065.027917355298996, 3150199.699208963662386 ], [ 496034.441578659287188, 3150644.977294927928597 ], [ 496290.114236590801738, 3150044.53001251956448 ] ] ], [ [ [ 496691.656351963058114, 3150786.655844292137772 ], [ 496988.043499971856363, 3150797.758027874864638 ], [ 496581.102991176419891, 3150656.164979772642255 ], [ 496691.656351963058114, 3150786.655844292137772 ] ] ], [ [ [ 497278.941444505704567, 3150808.661879229359329 ], [ 497572.397942252806388, 3149922.334334784187376 ], [ 497493.925372239958961, 3149157.94952748529613 ], [ 498377.349285434873309, 3148684.198517504613847 ], [ 497474.346663484699093, 3149157.953713728580624 ], [ 497562.606928453082219, 3149911.258074804674834 ], [ 497235.327945717144758, 3150807.02663604542613 ], [ 497278.941444505704567, 3150808.661879229359329 ] ] ], [ [ [ 498795.838059565867297, 3148459.813409147318453 ], [ 498668.532568263122812, 3148138.557578496169299 ], [ 498678.278770973498467, 3148522.843917367979884 ], [ 498795.838059565867297, 3148459.813409147318453 ] ] ] ] } },
{ "type": "Feature", "properties": { "t": "river" }, "geometry": { "type": "Polygon", "coordinates": [ [ [ 490974.604554503574036, 3149670.745450167916715 ], [ 490800.354990702471696, 3149479.643746342509985 ], [ 490785.99576667114161, 3149550.284004324581474 ], [ 490817.92968448571628, 3149604.396926627028733 ], [ 490770.546274437045213, 3149626.288825368508697 ], [ 490755.616844869509805, 3149699.736132555175573 ], [ 490974.604554503574036, 3149670.745450167916715 ] ] ] } },
{ "type": "Feature", "properties": { "t": "river" }, "geometry": { "type": "MultiPolygon", "coordinates": [ [ [ [ 491522.010769024025649, 3148595.744600679259747 ], [ 491032.840035952569451, 3149017.081844616681337 ], [ 491128.160088032193016, 3149074.770220605656505 ], [ 491522.010769024025649, 3148595.744600679259747 ] ] ], [ [ [ 491307.068250406184234, 3149183.050337430555373 ], [ 491541.853188901324756, 3148961.313546276651323 ], [ 491600.471733397804201, 3148795.097346907481551 ], [ 491131.810510598879773, 3149076.979509057011455 ], [ 491307.068250406184234, 3149183.050337430555373 ] ] ] ] } },
{ "type": "Feature", "properties": { "t": "river" }, "geometry": { "type": "Polygon", "coordinates": [ [ [ 491708.126813664042857, 3148750.707884445786476 ], [ 491807.670094157860149, 3148806.93886831542477 ], [ 491815.484124543785583, 3148740.21874481625855 ], [ 491708.126813664042857, 3148750.707884445786476 ] ] ] } },
{ "type": "Feature", "properties": { "t": "river" }, "geometry": { "type": "Polygon", "coordinates": [ [ [ 492226.929712302458938, 3148672.805838745087385 ], [ 492175.558027069841046, 3148679.679679275490344 ], [ 492125.142112618836109, 3148725.248221556656063 ], [ 492226.929712302458938, 3148672.805838745087385 ] ] ] } },
{ "type": "Feature", "properties": { "t": "river" }, "geometry": { "type": "Polygon", "coordinates": [ [ [ 493675.826632894400973, 3148694.094591935165226 ], [ 493806.928646827349439, 3148647.654465490020812 ], [ 493762.579423239163589, 3148621.094487678725272 ], [ 493673.160080755944364, 3148567.543665061704814 ], [ 493323.314126621989999, 3148550.2717629596591 ], [ 493675.826632894400973, 3148694.094591935165226 ] ] ] } },
{ "type": "Feature", "properties": { "t": "river" }, "geometry": { "type": "Polygon", "coordinates": [ [ [ 496886.847648852271959, 3148637.415780348237604 ], [ 497072.795755100494716, 3148404.724504675716162 ], [ 496759.543803954205941, 3148504.510956020094454 ], [ 496886.847648852271959, 3148637.415780348237604 ] ] ] } },
{ "type": "Feature", "properties": { "t": "river" }, "geometry": { "type": "Polygon", "coordinates": [ [ [ 491698.219892199442256, 3148584.540708234068006 ], [ 491840.463451381830964, 3148526.937913810834289 ], [ 491841.77214117028052, 3148515.764155611395836 ], [ 491842.779694030468818, 3148507.153063867706805 ], [ 491629.67526110628387, 3148562.432706295512617 ], [ 491698.219892199442256, 3148584.540708234068006 ] ] ] } },
{ "type": "Feature", "properties": { "t": "river" }, "geometry": { "type": "Polygon", "coordinates": [ [ [ 494067.142773555184249, 3148151.055688422638923 ], [ 494015.433965608128347, 3148317.136542372405529 ], [ 494048.306955143983942, 3148338.501070140395314 ], [ 494067.142773555184249, 3148151.055688422638923 ] ] ] } },
{ "type": "Feature", "properties": { "t": "river" }, "geometry": { "type": "Polygon", "coordinates": [ [ [ 492980.417800677823834, 3148129.49705824861303 ], [ 492911.912978781969287, 3148173.851176018361002 ], [ 493323.314126621989999, 3148550.2717629596591 ], [ 492980.417800677823834, 3148129.49705824861303 ] ] ] } },
{ "type": "Feature", "properties": { "t": "river" }, "geometry": { "type": "Polygon", "coordinates": [ [ [ 492217.241854153689928, 3148325.067116145044565 ], [ 492432.222717382479459, 3148218.462880618404597 ], [ 492153.05877196410438, 3148269.194920551031828 ], [ 492182.143293021072168, 3148331.201387865003198 ], [ 492217.241854153689928, 3148325.067116145044565 ] ] ] } },
{ "type": "Feature", "properties": { "t": "river" }, "geometry": { "type": "Polygon", "coordinates": [ [ [ 491678.381740460288711, 3148218.971692143939435 ], [ 491658.864259485970251, 3148307.611679212655872 ], [ 491863.025624383008108, 3148334.123144392855465 ], [ 491865.182669837551657, 3148315.688469568267465 ], [ 491678.381740460288711, 3148218.971692143939435 ] ] ] } },
{ "type": "Feature", "properties": { "t": "river" }, "geometry": { "type": "Polygon", "coordinates": [ [ [ 491609.819152292737272, 3148174.707281392533332 ], [ 491517.262930569238961, 3148206.657040411606431 ], [ 491433.444256019894965, 3148273.059295244980603 ], [ 491541.391387129493523, 3148318.773786691017449 ], [ 491609.819152292737272, 3148174.707281392533332 ] ] ] } },
{ "type": "Feature", "properties": { "t": "river" }, "geometry": { "type": "Polygon", "coordinates": [ [ [ 491658.864259485970251, 3148307.611679212655872 ], [ 491649.042750422726385, 3148263.305555825587362 ], [ 491609.913912358053494, 3148307.646470278967172 ], [ 491658.864259485970251, 3148307.611679212655872 ] ] ] } },
{ "type": "Feature", "properties": { "t": "river" }, "geometry": { "type": "Polygon", "coordinates": [ [ [ 491668.622962919587735, 3148263.29168024007231 ], [ 491619.617219635925721, 3148185.7785719120875 ], [ 491609.866531865613069, 3148241.176872903015465 ], [ 491668.622962919587735, 3148263.29168024007231 ] ] ] } },
{ "type": "Feature", "properties": { "t": "river" }, "geometry": { "type": "MultiPolygon", "coordinates": [ [ [ [ 492449.952959948917851, 3148062.964002666529268 ], [ 492432.124874770001043, 3148066.278702211100608 ], [ 492432.144369941437617, 3148096.601984882727265 ], [ 492449.952959948917851, 3148062.964002666529268 ] ] ], [ [ [ 492921.623216780310031, 3148040.906142845749855 ], [ 492914.481232774152886, 3147976.60834606224671 ], [ 492906.313736553594936, 3147978.124632336664945 ], [ 492860.222495601512492, 3147986.692326737567782 ], [ 492921.623216780310031, 3148040.906142845749855 ] ] ] ] } },
{ "type": "Feature", "properties": { "t": "river" }, "geometry": { "type": "Polygon", "coordinates": [ [ [ 492980.397981421207078, 3148096.262272779364139 ], [ 492950.994083319790661, 3148040.88851824356243 ], [ 492921.656524863443337, 3148096.29744910215959 ], [ 492980.397981421207078, 3148096.262272779364139 ] ] ] } },
{ "type": "Feature", "properties": { "t": "river" }, "geometry": { "type": "Polygon", "coordinates": [ [ [ 494732.677768016292248, 3147707.608685714192688 ], [ 494204.04732907388825, 3147829.717906386125833 ], [ 494037.744130526087247, 3148095.679225312545896 ], [ 494732.677768016292248, 3147707.608685714192688 ] ] ] } },
{ "type": "Feature", "properties": { "t": "river" }, "geometry": { "type": "Polygon", "coordinates": [ [ [ 494899.246946999453939, 3148006.648302638437599 ], [ 494869.866347711416893, 3147984.504550251178443 ], [ 494791.592701534333173, 3148095.3215302801691 ], [ 494899.246946999453939, 3148006.648302638437599 ] ] ] } },
{ "type": "Feature", "properties": { "t": "river" }, "geometry": { "type": "Polygon", "coordinates": [ [ [ 497405.53791196848033, 3147872.890038479119539 ], [ 496935.606236849213019, 3147906.237752431537956 ], [ 497180.411244030401576, 3148094.506938352715224 ], [ 497405.53791196848033, 3147872.890038479119539 ] ] ] } },
{ "type": "Feature", "properties": { "t": "river" }, "geometry": { "type": "Polygon", "coordinates": [ [ [ 499461.521172587934416, 3147750.75567806744948 ], [ 499295.061699495476205, 3147407.33873973088339 ], [ 499471.285828822408803, 3147174.686361744999886 ], [ 499011.096583447651938, 3147030.698865574318916 ], [ 499089.398156640061643, 3146676.188911666162312 ], [ 498922.971410408674274, 3146975.315390966366976 ], [ 499412.567446263274178, 3147728.601515658665448 ], [ 498511.819318050052971, 3147584.663659261539578 ], [ 498521.992406687641051, 3147643.453539423178881 ], [ 499461.521172587934416, 3147750.75567806744948 ] ] ] } },
{ "type": "Feature", "properties": { "t": "river" }, "geometry": { "type": "Polygon", "coordinates": [ [ [ 496485.036352166091092, 3147197.355599126312882 ], [ 496720.211351819103584, 3147884.139281235635281 ], [ 496749.545889966539107, 3147751.192089753691107 ], [ 496886.654257059271913, 3147906.250596981029958 ], [ 496485.036352166091092, 3147197.355599126312882 ] ] ] } },
{ "type": "Feature", "properties": { "t": "river" }, "geometry": { "type": "Polygon", "coordinates": [ [ [ 497404.786914488300681, 3147749.853421537205577 ], [ 497380.035186140332371, 3147753.656204211059958 ], [ 497376.156765256542712, 3147828.583532676100731 ], [ 497404.786914488300681, 3147749.853421537205577 ] ] ] } },
{ "type": "Feature", "properties": { "t": "lake" }, "geometry": { "type": "Polygon", "coordinates": [ [ [ 495443.05623448791448, 3147583.894037613645196 ], [ 495442.878043864446227, 3147653.688982802908868 ], [ 495430.883112509793136, 3147665.93506940966472 ], [ 495324.357604474527761, 3147650.872295063454658 ], [ 495486.559615508536808, 3147729.452038135379553 ], [ 495476.709483263490256, 3147574.360263873822987 ], [ 495443.05623448791448, 3147583.894037613645196 ] ] ] } },
{ "type": "Feature", "properties": { "t": "river" }, "geometry": { "type": "Polygon", "coordinates": [ [ [ 494803.339887387584895, 3147577.214599757920951 ], [ 494757.302526542975102, 3147570.707330440636724 ], [ 494754.674759715097025, 3147571.443011975381523 ], [ 494566.227963479585014, 3147685.527821495663375 ], [ 494803.339887387584895, 3147577.214599757920951 ] ] ] } },
{ "type": "Feature", "properties": { "t": "river" }, "geometry": { "type": "Polygon", "coordinates": [ [ [ 496396.890361429715995, 3147108.75627918029204 ], [ 496063.968413215014152, 3147031.315142322331667 ], [ 496524.242807305825409, 3147341.361169490497559 ], [ 496396.890361429715995, 3147108.75627918029204 ] ] ] } },
{ "type": "Feature", "properties": { "t": "river" }, "geometry": { "type": "Polygon", "coordinates": [ [ [ 497238.861719313135836, 3146853.729190958663821 ], [ 497222.965026386315003, 3146849.645412735641003 ], [ 497245.444152467360254, 3146867.262284546624869 ], [ 497238.861719313135836, 3146853.729190958663821 ] ] ] } },
{ "type": "Feature", "properties": { "t": "river" }, "geometry": { "type": "Polygon", "coordinates": [ [ [ 496318.551494645071216, 3147075.54577669268474 ], [ 495819.166706748190336, 3146964.930047955363989 ], [ 496063.968413215014152, 3147031.315142322331667 ], [ 496318.551494645071216, 3147075.54577669268474 ] ] ] } },
{ "type": "Feature", "properties": { "t": "river" }, "geometry": { "type": "MultiPolygon", "coordinates": [ [ [ [ 496426.250091659952886, 3147064.434355258010328 ], [ 496464.090566702361684, 3147035.487221037968993 ], [ 496440.559235226595774, 3147013.313367165625095 ], [ 496426.250091659952886, 3147064.434355258010328 ] ] ], [ [ [ 496533.9260657101986, 3146975.776224572677165 ], [ 496529.732648240111303, 3146985.273096041753888 ], [ 496545.094636110530701, 3146973.521774364169687 ], [ 496456.365498220082372, 3146956.844297111034393 ], [ 496442.357667011790909, 3147006.88830491900444 ], [ 496533.9260657101986, 3146975.776224572677165 ] ] ] ] } },
{ "type": "Feature", "properties": { "t": "river" }, "geometry": { "type": "Polygon", "coordinates": [ [ [ 496044.386164733441547, 3147031.321703871712089 ], [ 495691.877317658392712, 3146953.897683351766318 ], [ 495691.889476043637842, 3146987.132409563288093 ], [ 496044.386164733441547, 3147031.321703871712089 ] ] ] } },
{ "type": "Feature", "properties": { "t": "river" }, "geometry": { "type": "Polygon", "coordinates": [ [ [ 495444.740421769150998, 3146924.313141047023237 ], [ 495444.726779873773921, 3146929.654974640347064 ], [ 495691.889476043637842, 3146987.132409563288093 ], [ 495444.740421769150998, 3146924.313141047023237 ] ] ] } },
{ "type": "Feature", "properties": { "t": "river" }, "geometry": { "type": "Polygon", "coordinates": [ [ [ 495642.904977489262819, 3146909.602728596888483 ], [ 495444.825491639145184, 3146891.002009234856814 ], [ 495444.786519076384138, 3146906.262610629666597 ], [ 495691.877317658392712, 3146953.897683351766318 ], [ 495642.904977489262819, 3146909.602728596888483 ] ] ] } },
{ "type": "Feature", "properties": { "t": "river" }, "geometry": { "type": "MultiPolygon", "coordinates": [ [ [ [ 498516.166699347551912, 3146767.894416059367359 ], [ 498462.705487213446759, 3146354.985253040213138 ], [ 498345.227057423035149, 3146510.096431324258447 ], [ 498516.166699347551912, 3146767.894416059367359 ] ] ], [ [ [ 498580.267136396607384, 3146864.569321864284575 ], [ 499079.591155877860729, 3146476.78145046858117 ], [ 498537.306857550283894, 3146799.777334501035511 ], [ 498580.267136396607384, 3146864.569321864284575 ] ] ] ] } },
{ "type": "Feature", "properties": { "t": "river" }, "geometry": { "type": "MultiPolygon", "coordinates": [ [ [ [ 499379.971763471839949, 3146485.651319464668632 ], [ 499336.677498989447486, 3146426.78866922436282 ], [ 499138.347140450030565, 3146565.402876043692231 ], [ 499379.971763471839949, 3146485.651319464668632 ] ] ], [ [ [ 499157.91907171002822, 3146410.306194073986262 ], [ 499298.8859605139005, 3146375.408110431861132 ], [ 499245.90526373666944, 3146303.377664878498763 ], [ 499241.288855982653331, 3146297.101434434764087 ], [ 499157.91907171002822, 3146410.306194073986262 ] ] ] ] } },
{ "type": "Feature", "properties": { "t": "river" }, "geometry": { "type": "Polygon", "coordinates": [ [ [ 489797.290204947174061, 3180270.590747554786503 ], [ 489709.468936994031537, 3180326.061874657869339 ], [ 489709.547360013937578, 3180414.691819875966758 ], [ 489797.290204947174061, 3180270.590747554786503 ] ] ] } },
{ "type": "Feature", "properties": { "t": "river" }, "geometry": { "type": "MultiPolygon", "coordinates": [ [ [ [ 491447.24969850591151, 3180202.787884844467044 ], [ 491505.822288765513804, 3179854.149465477094054 ], [ 491497.960805692593567, 3179841.903755123261362 ], [ 491427.68203555670334, 3180147.408574793487787 ], [ 491008.058636301895604, 3180413.615327970124781 ], [ 491447.24969850591151, 3180202.787884844467044 ] ] ], [ [ [ 491534.741512269363739, 3179682.023122042883188 ], [ 491508.158740544808097, 3179797.574286671821028 ], [ 491512.817532227083575, 3179812.513505237642676 ], [ 491534.741512269363739, 3179682.023122042883188 ] ] ] ] } },
{ "type": "Feature", "properties": { "t": "river" }, "geometry": { "type": "Polygon", "coordinates": [ [ [ 489328.333579475176521, 3179927.570371181704104 ], [ 489640.701420767290983, 3179849.736765698995441 ], [ 490021.838079420325812, 3180259.317180156242102 ], [ 489776.118896408937871, 3179638.919980092439801 ], [ 489738.221321889897808, 3179716.705408892594278 ], [ 489308.796089272131212, 3179916.509565790649503 ], [ 489192.074824699491728, 3180393.003708587959409 ], [ 489328.333579475176521, 3179927.570371181704104 ] ] ] } },
{ "type": "Feature", "properties": { "t": "river" }, "geometry": { "type": "Polygon", "coordinates": [ [ [ 488664.664220440958161, 3180194.088225044775754 ], [ 488635.33062400406925, 3180149.801838943734765 ], [ 488528.063597849570215, 3180282.852195538580418 ], [ 488664.664220440958161, 3180194.088225044775754 ] ] ] } },
{ "type": "Feature", "properties": { "t": "river" }, "geometry": { "type": "Polygon", "coordinates": [ [ [ 488889.074977114389185, 3180038.769159721210599 ], [ 488859.784292675729375, 3180038.797176935710013 ], [ 488791.567477551172487, 3180171.807730585336685 ], [ 488889.074977114389185, 3180038.769159721210599 ] ] ] } },
{ "type": "Feature", "properties": { "t": "river" }, "geometry": { "type": "Polygon", "coordinates": [ [ [ 492051.809519465779886, 3179072.328214887995273 ], [ 492433.124184590997174, 3179847.585067904554307 ], [ 492569.766642244067043, 3179769.945840419270098 ], [ 492030.149119713809341, 3179041.731723350472748 ], [ 491632.10115642438177, 3179294.197045919019729 ], [ 491681.09633924276568, 3179537.893996564671397 ], [ 491788.281117969134357, 3179227.613393011502922 ], [ 491952.406100687803701, 3179351.580472385510802 ], [ 492051.809519465779886, 3179072.328214887995273 ] ] ] } },
{ "type": "Feature", "properties": { "t": "river" }, "geometry": { "type": "Polygon", "coordinates": [ [ [ 488878.951292941055726, 3179662.101427511777729 ], [ 489054.565579853951931, 3179517.911210311576724 ], [ 488908.179546169238165, 3179595.601058741565794 ], [ 488878.951292941055726, 3179662.101427511777729 ] ] ] } },
{ "type": "Feature", "properties": { "t": "river" }, "geometry": { "type": "Polygon", "coordinates": [ [ [ 489200.902145427535288, 3179384.829568089451641 ], [ 489113.097730810230132, 3179462.462582263629884 ], [ 489318.051114315458108, 3179362.563939906656742 ], [ 489200.902145427535288, 3179384.829568089451641 ] ] ] } },
{ "type": "Feature", "properties": { "t": "river" }, "geometry": { "type": "Polygon", "coordinates": [ [ [ 491622.352931455418002, 3179316.361520707607269 ], [ 491222.590759003534913, 3180070.010342955589294 ], [ 491554.116400520666502, 3179471.513093797955662 ], [ 491622.352931455418002, 3179316.361520707607269 ] ] ] } },
{ "type": "Feature", "properties": { "t": "river" }, "geometry": { "type": "Polygon", "coordinates": [ [ [ 489093.465782288869377, 3179351.693571691866964 ], [ 489103.157285418710671, 3179274.133321311790496 ], [ 489025.158622314163949, 3179396.072765427641571 ], [ 489093.465782288869377, 3179351.693571691866964 ] ] ] } },
{ "type": "Feature", "properties": { "t": "river" }, "geometry": { "type": "MultiPolygon", "coordinates": [ [ [ [ 491794.577678315108642, 3176997.88379528420046 ], [ 491689.120079117128626, 3177100.570974428206682 ], [ 491780.66144554951461, 3177167.734809874091297 ], [ 491794.577678315108642, 3176997.88379528420046 ] ] ], [ [ [ 492099.037349644175265, 3176723.610052811913192 ], [ 492091.535266247869004, 3176708.742382990196347 ], [ 492056.32285598188173, 3176743.026818898506463 ], [ 492099.037349644175265, 3176723.610052811913192 ] ] ], [ [ [ 491786.07708090369124, 3176103.420143211260438 ], [ 492411.062026628234889, 3175958.97336950013414 ], [ 491658.973091516993009, 3175915.172890502028167 ], [ 491688.772178978368174, 3176613.108717468567193 ], [ 491825.261134430940729, 3176269.572822984308004 ], [ 492044.271701631485485, 3176615.076180030126125 ], [ 491786.07708090369124, 3176103.420143211260438 ] ] ], [ [ [ 492548.933959235670045, 3177731.474883077666163 ], [ 492598.289808350789826, 3178562.346636858768761 ], [ 493418.782946878054645, 3179005.00240614823997 ], [ 493596.481713230896275, 3178942.320275798905641 ], [ 493428.534852616547141, 3178982.839453835040331 ], [ 492686.200788532616571, 3178606.605920784641057 ], [ 492519.516473491501529, 3177543.15580609254539 ], [ 491938.130144525377546, 3177283.272988581098616 ], [ 492548.933959235670045, 3177731.474883077666163 ] ] ], [ [ [ 493653.280092037748545, 3179281.840187730733305 ], [ 493770.503720457549207, 3179381.485353110358119 ], [ 493750.719651604536921, 3178905.110924892593175 ], [ 493700.331681903800927, 3178917.266591034363955 ], [ 493653.280092037748545, 3179281.840187730733305 ] ] ] ] } },
{ "type": "Feature", "properties": { "t": "river" }, "geometry": { "type": "MultiPolygon", "coordinates": [ [ [ [ 490030.471685205469839, 3178940.939803033135831 ], [ 490898.574720144271851, 3177743.7268978478387 ], [ 491142.880367546749767, 3177965.112651041243225 ], [ 491139.240262824750971, 3178085.78165050689131 ], [ 491142.964667169610038, 3178075.899708697572351 ], [ 491162.41937114438042, 3177976.176511520985514 ], [ 491179.675077548192348, 3178034.742112158797681 ], [ 491191.715231670066714, 3177976.154306141659617 ], [ 490927.439514519530348, 3177189.769132914021611 ], [ 491141.894262308895122, 3176668.90529399830848 ], [ 491610.712572348711547, 3176712.872902023140341 ], [ 491317.631345850939397, 3176591.222113331314176 ], [ 491405.762696770951152, 3176377.93129926873371 ], [ 491278.5489602360758, 3176569.093934271484613 ], [ 490917.276080423849635, 3176680.157002251595259 ], [ 490664.185368018923327, 3177721.755090499296784 ], [ 490117.881623300607316, 3178386.928984988015145 ], [ 490088.737749262829311, 3178564.213326042052358 ], [ 490469.12025095638819, 3178021.038386726751924 ], [ 490274.250351808092091, 3178541.899366254452616 ], [ 489542.436853235878516, 3179151.864100584294647 ], [ 490030.471685205469839, 3178940.939803033135831 ] ], [ [ 490927.569003128272016, 3177355.949559011030942 ], [ 490937.515910112822894, 3177588.5946114808321 ], [ 490908.210420659801457, 3177577.538754384964705 ], [ 490908.141206186730415, 3177488.909162720199674 ], [ 490927.569003128272016, 3177355.949559011030942 ] ], [ [ 490849.468662941537332, 3177389.246789166238159 ], [ 490888.427743970183656, 3177256.271802835632116 ], [ 490908.020085121737793, 3177333.807402542326599 ], [ 490869.061043715395499, 3177466.782337177079171 ], [ 490878.948274545487948, 3177621.876470629591495 ], [ 490908.305593452882022, 3177699.404460049699992 ], [ 490830.242522898712195, 3177777.016650341916829 ], [ 490703.335849309689365, 3177832.510859320871532 ], [ 490634.98690300330054, 3177843.644356259144843 ], [ 490625.19473759905668, 3177810.41610520798713 ], [ 490664.212022003310267, 3177754.991197763010859 ], [ 490800.701039658219088, 3177466.836151335388422 ], [ 490849.468662941537332, 3177389.246789166238159 ] ], [ [ 490907.855715211480856, 3177123.312207961454988 ], [ 490888.315040191635489, 3177112.248783041257411 ], [ 490907.812461632769555, 3177067.918745534960181 ], [ 490907.855715211480856, 3177123.312207961454988 ] ], [ [ 490498.397916449990589, 3177998.857022682670504 ], [ 490527.666678074689116, 3177965.597027130890638 ], [ 490517.982604012649972, 3178065.313338840380311 ], [ 490498.41600317315897, 3178021.014436156023294 ], [ 490498.397916449990589, 3177998.857022682670504 ] ], [ [ 490479.066747093922459, 3178242.604566505178809 ], [ 490488.858971862355247, 3178275.832713949494064 ], [ 490440.070186437864322, 3178320.187559963669628 ], [ 490469.310754100733902, 3178253.691268891561776 ], [ 490479.066747093922459, 3178242.604566505178809 ] ], [ [ 490381.544277758221142, 3178397.786817471962422 ], [ 490381.535121854278259, 3178386.708104867022485 ], [ 490410.802570428524632, 3178353.447794647421688 ], [ 490381.544277758221142, 3178397.786817471962422 ] ], [ [ 490332.774818067089655, 3178464.299550285562873 ], [ 490362.041931629297324, 3178431.039113079197705 ], [ 490352.295392441039439, 3178453.204630568157881 ], [ 490332.774818067089655, 3178464.299550285562873 ] ] ], [ [ [ 491619.865185849368572, 3175859.807562313042581 ], [ 491453.776384978904389, 3175793.456151510588825 ], [ 491548.474699889367912, 3176032.565483725164086 ], [ 491619.865185849368572, 3175859.807562313042581 ] ] ], [ [ [ 491143.040539135807194, 3178175.608074601273984 ], [ 491136.339200915943366, 3178181.953404115047306 ], [ 491134.088252331595868, 3178256.574731418862939 ], [ 491168.781710207520518, 3178087.750142069533467 ], [ 491143.040539135807194, 3178175.608074601273984 ] ] ], [ [ [ 491126.312988171586767, 3178514.340885908342898 ], [ 491182.352824287547264, 3178507.939730660058558 ], [ 491124.864098666526843, 3178562.375940041150898 ], [ 491123.831378750968724, 3178596.613978405483067 ], [ 491524.114170562999789, 3178496.607089633587748 ], [ 491126.838967099087313, 3178496.903204671572894 ], [ 491126.312988171586767, 3178514.340885908342898 ] ] ] ] } },
{ "type": "Feature", "properties": { "t": "river" }, "geometry": { "type": "MultiPolygon", "coordinates": [ [ [ [ 494365.427409738942515, 3177963.106676250696182 ], [ 494506.031930400466081, 3177929.80335698556155 ], [ 494404.477927530766465, 3177940.930433367844671 ], [ 494511.73965435748687, 3177608.518367215059698 ], [ 494409.062262892432045, 3177625.209045690018684 ], [ 494365.427409738942515, 3177963.106676250696182 ] ] ], [ [ [ 495449.682336791767739, 3178749.220522268675268 ], [ 495371.468347517133225, 3178505.519725388847291 ], [ 494912.249865580815822, 3177885.303915952332318 ], [ 494860.765811796998605, 3177890.942970779724419 ], [ 495449.682336791767739, 3178749.220522268675268 ] ] ] ] } },
{ "type": "Feature", "properties": { "t": "river" }, "geometry": { "type": "MultiPolygon", "coordinates": [ [ [ [ 493155.828423013037536, 3176732.519697365351021 ], [ 493114.644485463679302, 3176567.863693556748331 ], [ 492939.723032042791601, 3176470.186985062435269 ], [ 493155.828423013037536, 3176732.519697365351021 ] ] ], [ [ [ 493281.057924515975174, 3177232.487880656961352 ], [ 493691.394082496757619, 3177542.46181057440117 ], [ 493808.693782167043537, 3177752.894130942877382 ], [ 493710.835605921922252, 3177376.270836984738708 ], [ 493294.033460631268099, 3177170.980562712531537 ], [ 493281.057924515975174, 3177232.487880656961352 ] ] ] ] } },
{ "type": "Feature", "properties": { "t": "river" }, "geometry": { "type": "Polygon", "coordinates": [ [ [ 497460.884524925262667, 3177319.455634457990527 ], [ 497431.623697157716379, 3177485.642407181207091 ], [ 497538.990082729666028, 3177219.730668910779059 ], [ 497460.884524925262667, 3177319.455634457990527 ] ] ] } },
{ "type": "Feature", "properties": { "t": "lake" }, "geometry": { "type": "Polygon", "coordinates": [ [ [ 496571.907071400026325, 3176344.759354518726468 ], [ 496513.380153123871423, 3176588.507631523068994 ], [ 496591.479272325581405, 3176477.697728857863694 ], [ 496571.907071400026325, 3176344.759354518726468 ] ] ] } },
{ "type": "Feature", "properties": { "t": "river" }, "geometry": { "type": "Polygon", "coordinates": [ [ [ 497363.038084053201601, 3176488.576158533338457 ], [ 497343.381221695104614, 3175945.725655432790518 ], [ 497298.03351657174062, 3175920.907188970129937 ], [ 497363.038084053201601, 3176488.576158533338457 ] ] ] } },
{ "type": "Feature", "properties": { "t": "river" }, "geometry": { "type": "MultiPolygon", "coordinates": [ [ [ [ 489087.364693346084096, 3172837.429055988322943 ], [ 490493.20278319058707, 3171628.627824390307069 ], [ 490010.088544417405501, 3171411.177762043196708 ], [ 490405.303745987359434, 3171673.014255872461945 ], [ 489087.323228669294622, 3172793.114525297656655 ], [ 489009.865712111932226, 3173535.45666314009577 ], [ 489097.562161486712284, 3173540.608411385212094 ], [ 489087.364693346084096, 3172837.429055988322943 ] ] ], [ [ [ 489584.170222640153952, 3171219.494964438956231 ], [ 489626.329422409180552, 3171297.00773233640939 ], [ 489641.929172171396203, 3171325.689311961643398 ], [ 489642.884437747765332, 3171319.150263150688261 ], [ 489760.193204338953365, 3171385.518443608190864 ], [ 489674.510681484243833, 3171385.593947067856789 ], [ 489740.75872220628662, 3171507.400330708362162 ], [ 490003.046110938710626, 3171408.008165846578777 ], [ 489584.170222640153952, 3171219.494964438956231 ] ] ], [ [ [ 490494.828057077829726, 3173622.780708010308444 ], [ 490563.623831200355198, 3173721.906064086128026 ], [ 490543.663762592652347, 3173611.662347813136876 ], [ 490123.411321711726487, 3173390.437798332888633 ], [ 489174.069408739509527, 3173545.103389769792557 ], [ 490494.828057077829726, 3173622.780708010308444 ] ] ], [ [ [ 490803.607328619982582, 3175175.907445091288537 ], [ 491219.190228117338847, 3175560.978383088484406 ], [ 490906.618936006620061, 3175539.060799203347415 ], [ 490806.884608989348635, 3175219.430415167938918 ], [ 490828.45412215963006, 3175505.886039842385799 ], [ 491453.776384978904389, 3175793.456151510588825 ], [ 490818.389947784191463, 3175129.219077010639012 ], [ 490787.056829108856618, 3174956.118222499266267 ], [ 490803.607328619982582, 3175175.907445091288537 ] ] ] ] } },
{ "type": "Feature", "properties": { "t": "river" }, "geometry": { "type": "MultiPolygon", "coordinates": [ [ [ [ 496884.075345001590904, 3174981.995846664067358 ], [ 497030.798288851219695, 3175790.699783117044717 ], [ 496923.117251715157181, 3174871.198930747807026 ], [ 497196.551329962909222, 3174594.163668670225888 ], [ 497161.064063592697494, 3174572.613806856796145 ], [ 497041.073161227512173, 3174499.749984516296536 ], [ 496884.075345001590904, 3174981.995846664067358 ] ], [ [ 497108.657540301326662, 3174671.735689508728683 ], [ 497137.948085326584987, 3174616.335210746154189 ], [ 497161.064063592697494, 3174572.613806856796145 ], [ 497108.657540301326662, 3174671.735689508728683 ] ] ], [ [ [ 495934.153808906325139, 3172406.34936704672873 ], [ 495789.334678292216267, 3172910.634089056868106 ], [ 495917.251242050318979, 3172831.736183494329453 ], [ 495934.153808906325139, 3172406.34936704672873 ] ] ], [ [ [ 496145.330487100756727, 3172981.649725405965 ], [ 496375.458030465350021, 3172755.336463015060872 ], [ 496195.499901025032159, 3172794.473675806075335 ], [ 496145.330487100756727, 3172981.649725405965 ] ] ], [ [ [ 496102.037275206588674, 3173143.176549474708736 ], [ 496405.758117323042825, 3173157.136979633476585 ], [ 496124.772968173958361, 3173058.349173314403743 ], [ 496102.037275206588674, 3173143.176549474708736 ] ] ], [ [ [ 496324.944971789896954, 3173386.697684593964368 ], [ 496649.148452892433852, 3173242.714162834454328 ], [ 496536.819273900124244, 3173203.217908465303481 ], [ 496324.944971789896954, 3173386.697684593964368 ] ] ], [ [ [ 496209.611556062940508, 3173486.578655516263098 ], [ 497038.985726182407234, 3174089.410027856938541 ], [ 496232.069849846069701, 3173467.129113487899303 ], [ 496209.611556062940508, 3173486.578655516263098 ] ] ], [ [ [ 496825.287545265862718, 3174317.292701210360974 ], [ 496839.60054048494203, 3174327.167858464177698 ], [ 496844.824238420987967, 3174317.287396485451609 ], [ 496848.335125646786764, 3174333.19424516800791 ], [ 496946.753815084521193, 3174401.098651558626443 ], [ 497147.607736937818117, 3174173.186998600140214 ], [ 497106.319177805038635, 3174141.342081942595541 ], [ 496825.287545265862718, 3174317.292701210360974 ] ] ], [ [ [ 495935.688407945388462, 3172367.729706451296806 ], [ 495779.380741377361119, 3172401.021070386748761 ], [ 495934.367722087714355, 3172400.96602028561756 ], [ 495935.688407945388462, 3172367.729706451296806 ] ] ] ] } },
{ "type": "Feature", "properties": { "t": "river" }, "geometry": { "type": "MultiPolygon", "coordinates": [ [ [ [ 498085.336890201957431, 3173907.107893801759928 ], [ 498798.427241491328459, 3173674.361231248360127 ], [ 498802.803863073175307, 3173293.77358097024262 ], [ 498749.568562081141863, 3173541.422769363503903 ], [ 498056.02712682064157, 3173884.955468488391489 ], [ 497929.096901667013299, 3174239.493821221869439 ], [ 498013.855114029953256, 3174467.230866611935198 ], [ 498085.336890201957431, 3173907.107893801759928 ] ] ], [ [ [ 499277.042816508561373, 3172710.481181813869625 ], [ 499298.25022422807524, 3172880.005254027899355 ], [ 499501.156774178089108, 3172611.535440743435174 ], [ 498944.866282307601068, 3172632.956166947260499 ], [ 498907.549239886633586, 3172806.532601121347398 ], [ 499277.042816508561373, 3172710.481181813869625 ] ] ], [ [ [ 499618.973701409704518, 3172455.656787140294909 ], [ 499394.22791664453689, 3171724.477990593761206 ], [ 499550.539553766197059, 3171292.405442744493484 ], [ 499364.913349016453139, 3171669.086525178514421 ], [ 499517.761764210707042, 3172589.565745968837291 ], [ 499618.973701409704518, 3172455.656787140294909 ] ] ], [ [ [ 499452.042313869169448, 3174109.511224819812924 ], [ 499482.263898482196964, 3174006.669904934708029 ], [ 499402.342281179327983, 3173712.150660562328994 ], [ 499452.042313869169448, 3174109.511224819812924 ] ] ], [ [ [ 499208.782043971936218, 3174582.774710085242987 ], [ 499677.678605572786182, 3175546.595259458757937 ], [ 499286.932450095016975, 3174671.398852217942476 ], [ 499397.768955153995194, 3174294.203347087837756 ], [ 499208.782043971936218, 3174582.774710085242987 ] ] ] ] } },
{ "type": "Feature", "properties": { "t": "lake" }, "geometry": { "type": "Polygon", "coordinates": [ [ [ 495789.954823812178802, 3174627.822840210516006 ], [ 495926.715788619301748, 3174649.931542963255197 ], [ 495907.074611541756894, 3174350.814896008465439 ], [ 495789.954823812178802, 3174627.822840210516006 ] ] ] } },
{ "type": "Feature", "properties": { "t": "lake" }, "geometry": { "type": "Polygon", "coordinates": [ [ [ 495193.594492995820474, 3173398.324135665781796 ], [ 495242.349680782994255, 3173176.731494388077408 ], [ 495095.77284982020501, 3173088.16317596193403 ], [ 495193.594492995820474, 3173398.324135665781796 ] ] ] } },
{ "type": "Feature", "properties": { "t": "lake" }, "geometry": { "type": "Polygon", "coordinates": [ [ [ 494431.867804947774857, 3173952.59498246666044 ], [ 494666.193870527495164, 3173686.598026647232473 ], [ 494656.638268312788568, 3174151.905394779983908 ], [ 494783.400569787889253, 3173642.230440311133862 ], [ 494871.676594873366412, 3174450.932301393710077 ], [ 495067.017880217928905, 3174395.454743159003556 ], [ 494998.411739580915309, 3173863.709012686740607 ], [ 495174.51944392756559, 3174517.274888515472412 ], [ 495359.815002929361071, 3173763.85180542524904 ], [ 494665.905000729660969, 3173055.115989103447646 ], [ 494431.867804947774857, 3173952.59498246666044 ] ] ] } },
{ "type": "Feature", "properties": { "t": "river" }, "geometry": { "type": "MultiPolygon", "coordinates": [ [ [ [ 494626.015958144562319, 3171293.634208510629833 ], [ 494909.574521101254504, 3171758.808555693365633 ], [ 495198.191667373524979, 3171889.565193477552384 ], [ 494626.015958144562319, 3171293.634208510629833 ] ] ], [ [ [ 495085.536707504477818, 3171980.305342462379485 ], [ 495144.287664170726202, 3172290.481973466929048 ], [ 495209.080998953955714, 3172309.787435300182551 ], [ 495228.760512268927414, 3171980.245888224802911 ], [ 495085.536707504477818, 3171980.305342462379485 ] ] ] ] } },
{ "type": "Feature", "properties": { "t": "river" }, "geometry": { "type": "MultiPolygon", "coordinates": [ [ [ [ 489798.54051291802898, 3170543.510316521860659 ], [ 490804.474562813411467, 3169866.880049731582403 ], [ 490782.519210426486097, 3169797.186991328373551 ], [ 489681.252905358909629, 3170510.377592376898974 ], [ 489663.358023663808126, 3170582.254657698795199 ], [ 489671.569585040968377, 3170610.093618093058467 ], [ 489652.909231537021697, 3170624.223987698089331 ], [ 489643.679399774991907, 3170661.297421753872186 ], [ 489661.837371358647943, 3170654.416665645316243 ], [ 489642.324011991848238, 3170687.669791010208428 ], [ 489638.990882777899969, 3170680.129866718314588 ], [ 489539.37816630693851, 3171080.260999639052898 ], [ 489544.967306358157657, 3171086.586628318298608 ], [ 489536.62345538608497, 3171091.326718631200492 ], [ 489515.73373581469059, 3171175.241781319491565 ], [ 489798.54051291802898, 3170543.510316521860659 ] ], [ [ 490013.362273578182794, 3170366.06688117608428 ], [ 489974.275606175477151, 3170366.100385522004217 ], [ 490023.115003371436615, 3170343.901336625684053 ], [ 490013.362273578182794, 3170366.06688117608428 ] ], [ [ 489837.568717125046533, 3170477.004639364778996 ], [ 489876.60697511897888, 3170421.577695534564555 ], [ 489935.208042573882267, 3170388.291210650000721 ], [ 489886.397792905219831, 3170443.726417018566281 ], [ 489837.568717125046533, 3170477.004639364778996 ] ], [ [ 489759.464157028181944, 3170554.623139753006399 ], [ 489730.139880901144352, 3170543.570296857040375 ], [ 489739.891923914779909, 3170521.404508445411921 ], [ 489798.501783833256923, 3170499.195927133783698 ], [ 489759.464157028181944, 3170554.623139753006399 ] ] ], [ [ [ 490549.745929511205759, 3169058.346558311488479 ], [ 490959.704533418116625, 3168415.464652189984918 ], [ 491092.923645236238372, 3167628.464662805665284 ], [ 490930.401844775420614, 3168437.644507526420057 ], [ 490442.263700888841413, 3169080.591187603306025 ], [ 490496.06457043386763, 3169188.796031283214688 ], [ 490500.963226687686983, 3169158.093375633470714 ], [ 490510.225562725565396, 3169217.277135269250721 ], [ 490754.799946066341363, 3169709.198747160378844 ], [ 490549.745929511205759, 3169058.346558311488479 ] ], [ [ 490676.579564590821974, 3168792.358717388473451 ], [ 490666.806582271121442, 3168792.366522490046918 ], [ 490676.570721442985814, 3168781.280147296376526 ], [ 490676.579564590821974, 3168792.358717388473451 ] ] ], [ [ [ 491554.858812469115946, 3167008.042307795025408 ], [ 491164.080897127336357, 3167274.21642635576427 ], [ 491120.768067285651341, 3167489.841737878508866 ], [ 491554.858812469115946, 3167008.042307795025408 ] ], [ [ 491232.484033040120266, 3167252.007804227992892 ], [ 491173.905349208158441, 3167340.680324886459857 ], [ 491173.888615475851111, 3167318.523229458834976 ], [ 491232.467410922807176, 3167229.850711616687477 ], [ 491232.484033040120266, 3167252.007804227992892 ] ], [ [ 491164.189787365612574, 3167418.237550040241331 ], [ 491154.407270999392495, 3167407.166395246982574 ], [ 491173.92208304797532, 3167362.837420967407525 ], [ 491183.729691053391434, 3167407.144237279426306 ], [ 491164.189787365612574, 3167418.237550040241331 ] ] ] ] } },
{ "type": "Feature", "properties": { "t": "river" }, "geometry": { "type": "MultiPolygon", "coordinates": [ [ [ [ 493139.923849297687411, 3169732.331234127748758 ], [ 493515.722292091988493, 3169969.821057707071304 ], [ 493175.07457902864553, 3169676.654738143552095 ], [ 493139.923849297687411, 3169732.331234127748758 ] ] ], [ [ [ 494087.125255956780165, 3168346.991682204417884 ], [ 493915.77675487176748, 3168077.53434841055423 ], [ 493979.64696686307434, 3168402.43938676873222 ], [ 493478.972663662512787, 3169195.32649460574612 ], [ 494087.125255956780165, 3168346.991682204417884 ] ] ], [ [ [ 494272.661379574565217, 3168025.621044600382447 ], [ 494143.769564838148654, 3167902.71136270230636 ], [ 493901.252351302711759, 3168003.651900342665613 ], [ 493914.241855847823899, 3168069.726609456818551 ], [ 494272.661379574565217, 3168025.621044600382447 ] ] ], [ [ [ 494311.540114972565789, 3167582.459931105840951 ], [ 494229.492628229607362, 3167521.448896887246519 ], [ 494037.975850157614332, 3167793.088788162451237 ], [ 494102.694239818956703, 3167829.724396867211908 ], [ 494311.540114972565789, 3167582.459931105840951 ] ] ], [ [ [ 493656.418314440234099, 3167095.341114903334528 ], [ 493636.592092706821859, 3166585.739043317269534 ], [ 493597.759799661522266, 3167073.216011804528534 ], [ 494056.777018588152714, 3167393.020445627626032 ], [ 493656.418314440234099, 3167095.341114903334528 ] ] ], [ [ [ 493531.35170745709911, 3170707.023770146071911 ], [ 493971.115048354316968, 3170806.49570988304913 ], [ 494342.187806713511236, 3170318.851808969862759 ], [ 494147.126061116694473, 3171061.213908364996314 ], [ 494547.709153886302374, 3170994.548282895237207 ], [ 494547.791967424214818, 3171171.805859688669443 ], [ 494567.241104033601005, 3170972.381975364871323 ], [ 494352.113961519149598, 3171003.757156359031796 ], [ 494342.177067852404434, 3170296.694634347688407 ], [ 493951.549502726644278, 3170762.191441820468754 ], [ 493648.57805704936618, 3170651.566406602505594 ], [ 493638.492700452101417, 3170075.48510283138603 ], [ 493559.873210277117323, 3170007.819784184452146 ], [ 493531.35170745709911, 3170707.023770146071911 ] ] ] ] } },
{ "type": "Feature", "properties": { "t": "river" }, "geometry": { "type": "Polygon", "coordinates": [ [ [ 499775.259536767960526, 3170760.626396683044732 ], [ 499775.235435822512954, 3169508.746664287988096 ], [ 499755.716887784539722, 3170760.626789343077689 ], [ 499511.450934791821055, 3171170.542436370160431 ], [ 499775.259536767960526, 3170760.626396683044732 ] ] ] } },
{ "type": "Feature", "properties": { "t": "river" }, "geometry": { "type": "Polygon", "coordinates": [ [ [ 491691.630558703152929, 3166908.237361306324601 ], [ 491945.852989958133548, 3167029.923430558294058 ], [ 492424.779676004487555, 3166996.367577547207475 ], [ 492456.238389027712401, 3166927.166101761627942 ], [ 492444.285668718221132, 3166929.883682031184435 ], [ 492463.820456086657941, 3166907.713982004672289 ], [ 492464.896815990214236, 3166908.119840142782778 ], [ 492580.953392655821517, 3166652.832583754789084 ], [ 492559.196204329899047, 3166667.465517224278301 ], [ 492561.417956042743754, 3166675.002079099882394 ], [ 492541.882593580696266, 3166697.171607906464487 ], [ 492545.483718636038247, 3166676.687975296750665 ], [ 492053.356917784141842, 3167007.692750391550362 ], [ 491993.56786372611532, 3166991.253070926293731 ], [ 492004.484556069015525, 3167007.726080689579248 ], [ 491955.596944264310878, 3166985.602532266639173 ], [ 491958.994116208981723, 3166981.746787134557962 ], [ 491805.860603630484547, 3166939.643117019440979 ], [ 491808.948523070488591, 3166941.390196796040982 ], [ 491779.624938309018034, 3166941.410783241037279 ], [ 491785.994553180411458, 3166934.1811662777327 ], [ 491691.630558703152929, 3166908.237361306324601 ] ], [ [ 492385.660099978267681, 3166963.157360963989049 ], [ 492336.765764825686347, 3166929.953680678270757 ], [ 492385.645665704680141, 3166941.000280491542071 ], [ 492385.660099978267681, 3166963.157360963989049 ] ] ] } },
{ "type": "Feature", "properties": { "t": "river" }, "geometry": { "type": "Polygon", "coordinates": [ [ [ 499423.284586048976053, 3166561.864243595860898 ], [ 499511.265534945297986, 3166739.116718743462116 ], [ 499775.18576853669947, 3166927.443723575212061 ], [ 499423.284586048976053, 3166561.864243595860898 ] ] ] } },
{ "type": "Feature", "properties": { "t": "river" }, "geometry": { "type": "MultiPolygon", "coordinates": [ [ [ [ 466587.970708598673809, 3179715.847700870595872 ], [ 466908.51099320454523, 3179127.7490652971901 ], [ 466467.035941304056905, 3178408.883972333744168 ], [ 467119.885868961689994, 3177908.471148204058409 ], [ 467095.398191706568468, 3177868.183699846733361 ], [ 466708.136944274476264, 3178186.613831186201423 ], [ 466710.528430276084691, 3178186.606991127599031 ], [ 466702.728920095483772, 3178191.060859688557684 ], [ 466437.740791144024115, 3178408.968415160197765 ], [ 466879.312273870862555, 3179161.068872218951583 ], [ 466578.015776322223246, 3179649.402773947454989 ], [ 466002.586793220310938, 3179872.648799966555089 ], [ 466003.384846685745288, 3179913.465732806362212 ], [ 466587.970708598673809, 3179715.847700870595872 ] ] ], [ [ [ 466756.855384595110081, 3177311.242283848579973 ], [ 467215.325542977661826, 3177121.601404690183699 ], [ 466688.430210796534084, 3177289.280081274453551 ], [ 466704.269399782409891, 3177311.392543718218803 ], [ 466727.557478967006318, 3177311.325970761012286 ], [ 466714.716491712722927, 3177325.977371207904071 ], [ 467052.348109169339295, 3177797.357934817671776 ], [ 466756.855384595110081, 3177311.242283848579973 ] ] ] ] } },
{ "type": "Feature", "properties": { "t": "river" }, "geometry": { "type": "MultiPolygon", "coordinates": [ [ [ [ 468155.812854149146006, 3178193.641993032768369 ], [ 468294.638755694380961, 3178968.784924860112369 ], [ 468401.548140554688871, 3178988.700325511861593 ], [ 468195.085638640157413, 3178271.086776146665215 ], [ 468203.330780171323568, 3178103.195135805755854 ], [ 468155.812854149146006, 3178193.641993032768369 ] ] ], [ [ [ 468354.863285911560524, 3178153.156841871794313 ], [ 468243.246414887194987, 3178027.21993927937001 ], [ 468212.163422747282311, 3178086.383033944759518 ], [ 468354.863285911560524, 3178153.156841871794313 ] ] ], [ [ [ 468839.882165572431404, 3178380.131406264379621 ], [ 468848.360997443145607, 3178295.161770138889551 ], [ 468738.743726789369248, 3178332.799196098465472 ], [ 468839.882165572431404, 3178380.131406264379621 ] ] ], [ [ [ 468982.55043428245699, 3176950.576942217070609 ], [ 469372.705206310609356, 3176761.203846022021025 ], [ 469329.833931279601529, 3176695.693190083373338 ], [ 468982.373376742645632, 3176884.104300350882113 ], [ 468933.7386453213403, 3177439.634509513154626 ], [ 468982.55043428245699, 3176950.576942217070609 ] ] ], [ [ [ 468531.445692072040401, 3179876.611429928801954 ], [ 468639.683897463371977, 3180186.528375036083162 ], [ 469236.203346218622755, 3180206.085877507925034 ], [ 469264.46259048813954, 3180151.623849024996161 ], [ 468560.946708255447447, 3179954.083966817241162 ], [ 469164.301479348214343, 3179199.104325829073787 ], [ 469074.410597452020738, 3179174.516852080821991 ], [ 468531.445692072040401, 3179876.611429928801954 ] ] ] ] } },
{ "type": "Feature", "properties": { "t": "river" }, "geometry": { "type": "MultiPolygon", "coordinates": [ [ [ [ 473703.67487738118507, 3178722.648296734783798 ], [ 473997.215850073436741, 3178990.024899788666517 ], [ 473996.691161209717393, 3178755.226339598186314 ], [ 473788.400430231529754, 3178610.492889912333339 ], [ 473703.67487738118507, 3178722.648296734783798 ] ] ], [ [ [ 474034.612992541049607, 3178245.515724346041679 ], [ 473950.914719262567814, 3178007.047391552012414 ], [ 473999.081171265454032, 3178286.009338533971459 ], [ 474034.612992541049607, 3178245.515724346041679 ] ] ], [ [ [ 474012.881719825207256, 3177259.549790044315159 ], [ 473797.888757799752057, 3177120.866250504273921 ], [ 473893.915256893786136, 3177676.945031958632171 ], [ 474012.881719825207256, 3177259.549790044315159 ] ] ], [ [ [ 474135.42329745052848, 3177164.993112055584788 ], [ 473777.924840352090541, 3177005.264008190482855 ], [ 473793.272386841301341, 3177094.134680577088147 ], [ 474135.42329745052848, 3177164.993112055584788 ] ] ], [ [ [ 474374.124679040396586, 3177214.433916599024087 ], [ 474330.851548943086527, 3177056.982775658369064 ], [ 474303.212277501297649, 3177199.745696011930704 ], [ 474374.124679040396586, 3177214.433916599024087 ] ] ], [ [ [ 474508.787417086889036, 3176272.440797816496342 ], [ 474449.214697710704058, 3175829.419939159415662 ], [ 474216.249840111413505, 3176483.58173806918785 ], [ 474260.023679329024162, 3176546.730410668067634 ], [ 474508.787417086889036, 3176272.440797816496342 ] ] ], [ [ [ 474150.529503943398595, 3179745.953928923234344 ], [ 474291.541766926646233, 3179618.720154537353665 ], [ 474102.893496426870115, 3179498.015544182620943 ], [ 474150.529503943398595, 3179745.953928923234344 ] ] ] ] } },
{ "type": "Feature", "properties": { "t": "river" }, "geometry": { "type": "Polygon", "coordinates": [ [ [ 468015.508485625148751, 3176886.719770824536681 ], [ 468100.583597938821185, 3175856.152993218041956 ], [ 468015.386769661447033, 3176842.404656142462045 ], [ 467215.45031659345841, 3177165.91655560862273 ], [ 468015.508485625148751, 3176886.719770824536681 ] ] ] } },
{ "type": "Feature", "properties": { "t": "lake" }, "geometry": { "type": "Polygon", "coordinates": [ [ [ 463382.26401932106819, 3175626.292664431966841 ], [ 463157.438406699860934, 3175571.60694825835526 ], [ 463148.547060179174878, 3175848.607678579632193 ], [ 463382.26401932106819, 3175626.292664431966841 ] ] ] } },
{ "type": "Feature", "properties": { "t": "river" }, "geometry": { "type": "MultiPolygon", "coordinates": [ [ [ [ 467292.897764210298192, 3173443.206026401370764 ], [ 467399.946616977453232, 3173619.39580426318571 ], [ 467324.713432082091458, 3172929.649301370605826 ], [ 467292.897764210298192, 3173443.206026401370764 ] ], [ [ 467341.681737597624306, 3173420.911648281849921 ], [ 467321.73966554220533, 3173276.942885096650571 ], [ 467351.295860800135415, 3173365.490632515866309 ], [ 467341.681737597624306, 3173420.911648281849921 ] ] ], [ [ [ 467392.093332334072329, 3172420.70317672425881 ], [ 467397.107269898580853, 3172279.639129452873021 ], [ 467406.784586906724144, 3172246.375683217309415 ], [ 467426.32677258446347, 3172261.063050342723727 ], [ 467648.21373590209987, 3171226.454897889867425 ], [ 467414.419817371235695, 3171481.917496349662542 ], [ 467341.679913539730478, 3172655.803562624845654 ], [ 467392.093332334072329, 3172420.70317672425881 ] ] ], [ [ [ 468038.72911304445006, 3174670.886837915983051 ], [ 467844.83301419793861, 3175203.204292356967926 ], [ 468032.152546712313779, 3175834.182882286142558 ], [ 467893.946387559000868, 3175302.778423182666302 ], [ 468077.923181076999754, 3174715.094737201929092 ], [ 468616.155105160432868, 3175079.23419791739434 ], [ 467569.939016278192867, 3173899.196121530141681 ], [ 468038.72911304445006, 3174670.886837915983051 ] ], [ [ 467714.753060312359594, 3174084.601870941463858 ], [ 467665.756083062209655, 3174029.343550183810294 ], [ 467695.123623588762712, 3174051.419778753072023 ], [ 467714.753060312359594, 3174084.601870941463858 ] ] ], [ [ [ 468754.746705952333286, 3175765.749385244213045 ], [ 468821.901943318604026, 3175311.337290704715997 ], [ 468762.029367848706897, 3175243.793688035570085 ], [ 468754.746705952333286, 3175765.749385244213045 ] ] ] ] } },
{ "type": "Feature", "properties": { "t": "river" }, "geometry": { "type": "Polygon", "coordinates": [ [ [ 474810.000611094699707, 3175551.664820798672736 ], [ 474798.819576702720951, 3174898.041611296590418 ], [ 475238.0470673404634, 3174741.99742165626958 ], [ 474759.555877930310089, 3174809.496472378727049 ], [ 474760.995679508720059, 3175474.219459112267941 ], [ 474429.656067229167093, 3175818.38407153589651 ], [ 474810.000611094699707, 3175551.664820798672736 ] ] ] } },
{ "type": "Feature", "properties": { "t": "river" }, "geometry": { "type": "Polygon", "coordinates": [ [ [ 475265.776184902468231, 3173999.662118635606021 ], [ 475168.207324853225145, 3174055.263283415697515 ], [ 475354.186239484639373, 3174232.128579275216907 ], [ 475265.776184902468231, 3173999.662118635606021 ] ] ] } },
{ "type": "Feature", "properties": { "t": "river" }, "geometry": { "type": "Polygon", "coordinates": [ [ [ 468135.047926050261594, 3174172.075984762515873 ], [ 468047.100250152987428, 3174161.237906723748893 ], [ 468066.69814783061156, 3174183.341846649069339 ], [ 468135.047926050261594, 3174172.075984762515873 ] ] ] } },
{ "type": "Feature", "properties": { "t": "river" }, "geometry": { "type": "Polygon", "coordinates": [ [ [ 467861.773735347029287, 3170716.241074761841446 ], [ 467197.156870801118203, 3170662.696095902472734 ], [ 467813.038508903351612, 3170760.69046239182353 ], [ 467579.785531246743631, 3171215.566017787437886 ], [ 467861.773735347029287, 3170716.241074761841446 ] ] ] } },
{ "type": "Feature", "properties": { "t": "river" }, "geometry": { "type": "Polygon", "coordinates": [ [ [ 475307.866363050183281, 3170808.900648865383118 ], [ 475239.584374054335058, 3170864.438808062113822 ], [ 475347.279412490548566, 3170963.919136901386082 ], [ 475307.866363050183281, 3170808.900648865383118 ] ] ] } },
{ "type": "Feature", "properties": { "t": "river" }, "geometry": { "type": "Polygon", "coordinates": [ [ [ 467138.777180557139218, 3170751.490557820070535 ], [ 466473.967573031899519, 3170631.514550811611116 ], [ 466237.783790519577451, 3170056.098436664789915 ], [ 467185.641411908436567, 3170042.317048493772745 ], [ 466218.079403941403143, 3170000.761526767164469 ], [ 466268.348432325641625, 3170488.082697457633913 ], [ 466660.070395588409156, 3170786.084510013926774 ], [ 467138.777180557139218, 3170751.490557820070535 ] ] ] } },
{ "type": "Feature", "properties": { "t": "river" }, "geometry": { "type": "Polygon", "coordinates": [ [ [ 467653.503048590209801, 3169608.939691000618041 ], [ 467193.639253768837079, 3169410.80491455970332 ], [ 467517.028257873258553, 3169731.184920625761151 ], [ 467195.41346756531857, 3170042.289586422964931 ], [ 467653.503048590209801, 3169608.939691000618041 ] ] ] } },
{ "type": "Feature", "properties": { "t": "river" }, "geometry": { "type": "MultiPolygon", "coordinates": [ [ [ [ 465724.762542848126031, 3167850.296905160881579 ], [ 465705.472337670857087, 3167871.84504111809656 ], [ 465696.375909004069399, 3167882.091869231313467 ], [ 465644.914372056722641, 3167939.291036535054445 ], [ 465615.644481253460981, 3167971.82474956754595 ], [ 465530.342549019667786, 3168062.811141445767134 ], [ 465513.398892557539511, 3168082.08903008280322 ], [ 465884.984633889165707, 3168261.257681925781071 ], [ 465908.516032343672123, 3167730.513839752878994 ], [ 465834.019563130452298, 3167779.075073037296534 ], [ 465772.069456148310564, 3167863.857776446267962 ], [ 465792.951260295638349, 3167805.846216359175742 ], [ 465724.762542848126031, 3167850.296905160881579 ] ] ], [ [ [ 466595.19847122655483, 3168603.751823025755584 ], [ 466900.461704320798162, 3169411.632228960748762 ], [ 467193.794873574108351, 3169466.198285626713187 ], [ 466900.273294963990338, 3169345.160177915822715 ], [ 466692.962700331234373, 3168614.551409239415079 ], [ 466462.410828083870001, 3168539.711390351876616 ], [ 466595.19847122655483, 3168603.751823025755584 ] ] ] ] } },
{ "type": "Feature", "properties": { "t": "river" }, "geometry": { "type": "MultiPolygon", "coordinates": [ [ [ [ 464200.679118252475746, 3168588.687333094887435 ], [ 464787.878370992606506, 3168852.793228963855654 ], [ 465021.868067856063135, 3168663.750940972939134 ], [ 464719.299555037287064, 3168797.606264252215624 ], [ 464171.223306284286082, 3168544.462501432746649 ], [ 464074.409966328181326, 3168843.88713463395834 ], [ 464145.622304718417581, 3168906.437299552373588 ], [ 464200.679118252475746, 3168588.687333094887435 ] ] ], [ [ [ 464652.564281454950105, 3169351.74737443914637 ], [ 465111.469867815729231, 3168970.616111101116985 ], [ 464583.954108908423223, 3169285.48250172752887 ], [ 464469.252505410637241, 3169190.715437655802816 ], [ 464652.564281454950105, 3169351.74737443914637 ] ] ], [ [ [ 465656.704273534240201, 3168517.843217687215656 ], [ 465177.645233800692949, 3168463.867598962970078 ], [ 465545.418014729802962, 3168610.252446728292853 ], [ 465656.704273534240201, 3168517.843217687215656 ] ] ] ] } },
{ "type": "Feature", "properties": { "t": "river" }, "geometry": { "type": "Polygon", "coordinates": [ [ [ 463700.450927460682578, 3168014.134136966429651 ], [ 463896.303137491224334, 3168135.393894578330219 ], [ 464159.886578461388126, 3168034.873331676237285 ], [ 463700.450927460682578, 3168014.134136966429651 ] ] ] } },
{ "type": "Feature", "properties": { "t": "lake" }, "geometry": { "type": "Polygon", "coordinates": [ [ [ 474509.882159808941651, 3167830.450005541555583 ], [ 474295.027948298084084, 3167908.471347957849503 ], [ 474412.33769904577639, 3167919.292521526105702 ], [ 474509.882159808941651, 3167830.450005541555583 ] ] ] } },
{ "type": "Feature", "properties": { "t": "river" }, "geometry": { "type": "Polygon", "coordinates": [ [ [ 468545.049177055363543, 3166814.664511657785624 ], [ 468788.855777951830532, 3166603.515610663685948 ], [ 467968.132469415199012, 3166919.024979599751532 ], [ 467967.174379012489226, 3166923.533399384934455 ], [ 467960.58856909791939, 3166953.67318471102044 ], [ 468545.049177055363543, 3166814.664511657785624 ] ] ] } },
{ "type": "Feature", "properties": { "t": "river" }, "geometry": { "type": "Polygon", "coordinates": [ [ [ 441379.282217501546256, 3180225.503526747226715 ], [ 441601.513545228808653, 3179759.053654787596315 ], [ 441465.879152075038292, 3179161.210879223421216 ], [ 441442.442546612641308, 3179194.807627787813544 ], [ 441432.399042326956987, 3179139.461565914098173 ], [ 441452.300885757838842, 3179101.364538696594536 ], [ 441162.086854056164157, 3177822.386491706129164 ], [ 441461.439146058051847, 3177535.474567730445415 ], [ 441424.370479476987384, 3177544.08127591246739 ], [ 441443.791141837660689, 3177521.824986336752772 ], [ 441466.757158986991271, 3177530.377759581897408 ], [ 441830.304252553381957, 3177181.969165093731135 ], [ 441832.718168001272716, 3177176.417463831137866 ], [ 441841.140816910017747, 3177171.584349866490811 ], [ 442765.93226908845827, 3176285.452305474318564 ], [ 442589.687783107277937, 3176197.685608436819166 ], [ 441142.119252092437819, 3177736.258343263994902 ], [ 441142.387161751219537, 3177789.248151165898889 ], [ 441132.453239062684588, 3177756.060456309001893 ], [ 441140.152627309726086, 3177738.349010327830911 ], [ 441112.977521087392233, 3177767.238263756036758 ], [ 441142.307469035964459, 3177902.257505087181926 ], [ 441142.947316236095503, 3177900.038408007938415 ], [ 441142.974051329947542, 3177905.326125214807689 ], [ 441552.85957800183678, 3179792.535994848702103 ], [ 440804.909357947530225, 3180560.793250012211502 ], [ 441379.282217501546256, 3180225.503526747226715 ] ], [ [ 442609.385874706902541, 3176230.826303142122924 ], [ 442638.68728958722204, 3176230.6819709665142 ], [ 442619.316745585238095, 3176264.01514182658866 ], [ 442609.385874706902541, 3176230.826303142122924 ] ], [ [ 442560.932616489066277, 3176308.619928441010416 ], [ 442522.247024109237827, 3176386.365571660920978 ], [ 442541.507774476776831, 3176330.874249822925776 ], [ 442560.932616489066277, 3176308.619928441010416 ] ], [ [ 442405.755114694242366, 3176530.971427388954908 ], [ 442376.67370395566104, 3176575.432330126874149 ], [ 442386.33094563143095, 3176553.226025136187673 ], [ 442405.755114694242366, 3176530.971427388954908 ] ], [ [ 442269.84241805045167, 3176697.833327703177929 ], [ 442172.78004089120077, 3176820.186860822141171 ], [ 442191.928377973439638, 3176742.536893731448799 ], [ 442269.84241805045167, 3176697.833327703177929 ] ], [ [ 441572.276614087168127, 3179770.279794270638376 ], [ 441562.289808011963032, 3179726.012645044829696 ], [ 441581.873886056710035, 3179736.993609357159585 ], [ 441572.276614087168127, 3179770.279794270638376 ] ] ] } },
{ "type": "Feature", "properties": { "t": "lake" }, "geometry": { "type": "Polygon", "coordinates": [ [ [ 438900.307358600199223, 3176715.023744182195514 ], [ 438754.213421401625965, 3176793.346530327573419 ], [ 438961.521370458649471, 3177213.273145182523876 ], [ 438900.307358600199223, 3176715.023744182195514 ] ] ] } },
{ "type": "Feature", "properties": { "t": "river" }, "geometry": { "type": "Polygon", "coordinates": [ [ [ 442863.874900355411228, 3176340.367710858117789 ], [ 443578.21055844752118, 3176613.866494384594262 ], [ 443819.227939240750857, 3175959.026726378127933 ], [ 443460.578636156918947, 3176525.803022291976959 ], [ 442863.874900355411228, 3176340.367710858117789 ] ], [ [ 443538.982213038194459, 3176580.818880124948919 ], [ 443450.973133972845972, 3176559.087383177597076 ], [ 443548.58794564526761, 3176547.534594635479152 ], [ 443538.982213038194459, 3176580.818880124948919 ] ] ] } },
{ "type": "Feature", "properties": { "t": "river" }, "geometry": { "type": "MultiPolygon", "coordinates": [ [ [ [ 443810.879690124769695, 3175848.27473371475935 ], [ 443815.770756630110554, 3175789.561199198942631 ], [ 443770.230759577534627, 3175926.025446123909205 ], [ 443810.879690124769695, 3175848.27473371475935 ] ] ], [ [ [ 444052.430493142397609, 3175386.276667521800846 ], [ 443962.807428568252362, 3175348.978132195305079 ], [ 443818.373075535462704, 3175781.763248876202852 ], [ 443818.533359144756105, 3175815.000147746410221 ], [ 443813.78320632345276, 3175842.721117469482124 ], [ 444052.430493142397609, 3175386.276667521800846 ] ] ], [ [ [ 445351.869192446523812, 3175774.468992761801928 ], [ 445575.84110079013044, 3175627.808351887855679 ], [ 445575.796740875404794, 3175618.312113158870488 ], [ 445590.44815879187081, 3175618.243681088555604 ], [ 445965.370794270129409, 3175372.75690021365881 ], [ 446074.311400026665069, 3175092.170746078714728 ], [ 446003.8773055577185, 3175250.707476926967502 ], [ 445788.949710486922413, 3175398.995499638840556 ], [ 445780.091665011656005, 3175440.092674172483385 ], [ 445770.220777070266195, 3175417.980251543689519 ], [ 445783.545886737119872, 3175402.723936770111322 ], [ 445278.188786061306018, 3175751.423393371980637 ], [ 445351.869192446523812, 3175774.468992761801928 ] ], [ [ 445945.578187809500378, 3175317.452825639862567 ], [ 445858.079289464047179, 3175406.492486956529319 ], [ 445848.26001366780838, 3175395.458940045908093 ], [ 445877.409014125354588, 3175362.085972941014916 ], [ 445945.578187809500378, 3175317.452825639862567 ] ], [ [ 445400.447000096319243, 3175718.845264441333711 ], [ 445351.817223387071863, 3175763.390043104533106 ], [ 445371.248309393587988, 3175741.140526635106653 ], [ 445400.447000096319243, 3175718.845264441333711 ] ] ], [ [ [ 446675.683331308828201, 3174771.209997388068587 ], [ 446859.715286166639999, 3174426.915854464750737 ], [ 446704.734939976304304, 3174715.68134745862335 ], [ 446245.571105235780124, 3174706.710929641965777 ], [ 446225.445844277157448, 3174752.006009528879076 ], [ 446675.683331308828201, 3174771.209997388068587 ] ] ] ] } },
{ "type": "Feature", "properties": { "t": "river" }, "geometry": { "type": "Polygon", "coordinates": [ [ [ 438729.609956765954848, 3175829.573598260059953 ], [ 438865.948411470046267, 3175751.302063905168325 ], [ 438729.260352206765674, 3175763.099458842538297 ], [ 438729.609956765954848, 3175829.573598260059953 ] ] ] } },
{ "type": "Feature", "properties": { "t": "river" }, "geometry": { "type": "MultiPolygon", "coordinates": [ [ [ [ 447611.917182141274679, 3173282.546190469991416 ], [ 447481.651986312994268, 3173308.299013796262443 ], [ 447450.755616934387945, 3173349.56105195498094 ], [ 447467.508876293781213, 3173311.095135531388223 ], [ 447440.836317261739168, 3173316.368405385874212 ], [ 446860.169879930792376, 3174526.626090948935598 ], [ 447611.917182141274679, 3173282.546190469991416 ] ], [ [ 447480.313585862400942, 3173404.823472071439028 ], [ 447461.024298696022015, 3173460.305962760932744 ], [ 447460.77470044256188, 3173404.911493963096291 ], [ 447480.313585862400942, 3173404.823472071439028 ] ] ], [ [ [ 448778.286104579165112, 3173088.834922855254263 ], [ 449488.402666228532325, 3172376.676940381526947 ], [ 450804.493133967393078, 3171684.151852424722165 ], [ 450708.376151500910055, 3172061.244768911506981 ], [ 450921.13744853110984, 3171539.63324089627713 ], [ 449390.89214163919678, 3172421.415865403600037 ], [ 448817.170371476968285, 3173044.347843127325177 ], [ 448292.845419042161666, 3173147.955446559470147 ], [ 448778.286104579165112, 3173088.834922855254263 ] ], [ [ 450160.895124184724409, 3171986.017474211752415 ], [ 450112.136883233091794, 3172008.383968866430223 ], [ 450151.124526108789723, 3171986.059218076523393 ], [ 450160.895124184724409, 3171986.017474211752415 ] ] ] ] } },
{ "type": "Feature", "properties": { "t": "lake" }, "geometry": { "type": "Polygon", "coordinates": [ [ [ 442867.068788660631981, 3171011.251347692217678 ], [ 442875.81003624969162, 3170800.704328764695674 ], [ 442768.375824915012345, 3170812.309800734743476 ], [ 442867.068788660631981, 3171011.251347692217678 ] ] ] } },
{ "type": "Feature", "properties": { "t": "river" }, "geometry": { "type": "Polygon", "coordinates": [ [ [ 488415.656449149304535, 3204523.67408348293975 ], [ 488453.925789529806934, 3204423.282005267683417 ], [ 487597.464252812613267, 3204723.949643836356699 ], [ 488415.656449149304535, 3204523.67408348293975 ] ] ] } },
{ "type": "Feature", "properties": { "t": "river" }, "geometry": { "type": "MultiPolygon", "coordinates": [ [ [ [ 488335.281137091747951, 3202119.590919453650713 ], [ 488775.14189446362434, 3203492.961495092138648 ], [ 488367.441254806297366, 3202032.484443709254265 ], [ 488335.281137091747951, 3202119.590919453650713 ] ] ], [ [ [ 489182.470127644250169, 3201454.021091812290251 ], [ 489234.667508337821346, 3201401.871302318293601 ], [ 488568.534696886956226, 3201487.850187630858272 ], [ 488520.354273264936637, 3201618.335241693537682 ], [ 489182.470127644250169, 3201454.021091812290251 ] ] ], [ [ [ 489722.706874520983547, 3200914.311391931492835 ], [ 489620.490791671560146, 3200866.428553831763566 ], [ 489307.121800408989657, 3201329.484252169262618 ], [ 489722.706874520983547, 3200914.311391931492835 ] ] ], [ [ [ 489884.439562229381409, 3201785.756353541277349 ], [ 489998.554792891081888, 3201604.9095020997338 ], [ 490068.989019257714972, 3201076.535989059600979 ], [ 490027.296824321791064, 3201057.003436902537942 ], [ 489884.439562229381409, 3201785.756353541277349 ] ] ], [ [ [ 490332.126842580677476, 3201076.31254952494055 ], [ 490556.602099572308362, 3201286.98122342582792 ], [ 490449.040306698530912, 3201031.898974792100489 ], [ 490098.302603512827773, 3201165.143267579376698 ], [ 490012.10141291259788, 3201583.441626696847379 ], [ 490332.126842580677476, 3201076.31254952494055 ] ] ], [ [ [ 490839.288967745145783, 3201552.298350357450545 ], [ 491084.352836186182685, 3200877.391852814238518 ], [ 491082.402777869487181, 3200876.28545424900949 ], [ 491108.591487625963055, 3200810.643178550992161 ], [ 491189.389027402503416, 3200588.148013518191874 ], [ 491618.175981214095373, 3200521.354409330058843 ], [ 491549.838260073680431, 3200366.297625343315303 ], [ 491497.865396017965395, 3200377.414830398280174 ], [ 491520.607072278100532, 3200377.398102865554392 ], [ 491452.390246983908582, 3200388.527456724550575 ], [ 491456.28717634966597, 3200386.308763215783983 ], [ 491238.002566863026004, 3200433.004371807910502 ], [ 490839.244988203630783, 3201496.903076134622097 ], [ 490792.809455214708578, 3201508.673461269121617 ], [ 490839.288967745145783, 3201552.298350357450545 ] ], [ [ 491354.942606776196044, 3200410.758112315554172 ], [ 491286.751223963743541, 3200455.125560386106372 ], [ 491296.472530936822295, 3200421.881093756761402 ], [ 491354.942606776196044, 3200410.758112315554172 ] ] ] ] } },
{ "type": "Feature", "properties": { "t": "river" }, "geometry": { "type": "MultiPolygon", "coordinates": [ [ [ [ 495809.350112528540194, 3201239.209530057851225 ], [ 496501.432410583540332, 3201693.219932229723781 ], [ 496570.341413970978465, 3201688.563656660728157 ], [ 496530.665022094501182, 3201682.132053717505187 ], [ 496491.663514893327374, 3201615.669541325885803 ], [ 496628.284392750880215, 3201684.648691836278886 ], [ 496739.794690790760797, 3201677.115233633201569 ], [ 495731.224705939472187, 3200807.155500385910273 ], [ 495711.831376291927882, 3201073.05968526378274 ], [ 495973.975763572962023, 3201255.035335769876838 ], [ 496121.238525407738052, 3201316.653804661240429 ], [ 496062.764729181770235, 3201316.673607621341944 ], [ 496413.683258384466171, 3201560.298265063203871 ], [ 495872.965713070007041, 3201273.006849066819996 ], [ 495848.340877878887113, 3201261.353528317064047 ], [ 495850.163280962384306, 3201260.892444923520088 ], [ 495809.350112528540194, 3201239.209530057851225 ] ], [ [ 496462.403598062286619, 3201538.125125888269395 ], [ 496403.920567395049147, 3201504.90605693589896 ], [ 496306.41263777326094, 3201338.751140620093793 ], [ 496413.638493313163053, 3201416.27064641052857 ], [ 496462.403598062286619, 3201538.125125888269395 ] ] ], [ [ [ 497818.982104688591789, 3201604.263248929288238 ], [ 497768.306084243755322, 3201604.272939268499613 ], [ 497670.841016303340439, 3201548.896959107834846 ], [ 497680.581997571105603, 3201526.736900771036744 ], [ 497836.505107917531859, 3201504.548516253009439 ], [ 497943.691487371746916, 3201426.975589152891189 ], [ 498031.397550882771611, 3201404.80220081936568 ], [ 498080.12717865529703, 3201415.873036159202456 ], [ 498128.871085445745848, 3201515.576449005398899 ], [ 498109.3874201803701, 3201559.895815948024392 ], [ 497931.668212005635723, 3201596.662096849177033 ], [ 498148.372679468709975, 3201582.047590352129191 ], [ 499083.986294332018588, 3202268.836667115334421 ], [ 499775.886210780823603, 3203155.127640435006469 ], [ 499132.702098149282392, 3202158.042328622657806 ], [ 498275.069597209105268, 3201626.344148598611355 ], [ 498197.047783496615011, 3201249.66850560484454 ], [ 498338.086534023517743, 3201162.277547953184694 ], [ 498347.513974314497318, 3201147.354098042473197 ], [ 498358.29319873417262, 3201132.610377896111459 ], [ 498363.898864399234299, 3201128.298320701811463 ], [ 498402.814559865393676, 3201098.363033197354525 ], [ 498437.535579558927566, 3201065.626574284397066 ], [ 498508.046349796932191, 3201015.637109634466469 ], [ 498567.693738690868486, 3200986.636999720707536 ], [ 498601.693443427269813, 3200976.391719064675272 ], [ 498635.808102505514398, 3200957.892459838185459 ], [ 498667.990410189144313, 3200926.40355031285435 ], [ 498709.063091409800109, 3200870.557159919757396 ], [ 498749.978426273912191, 3200814.925354254432023 ], [ 498788.659840326057747, 3200772.931738409679383 ], [ 498829.333907226624433, 3200737.190622994676232 ], [ 498858.622312694322318, 3200717.232736084610224 ], [ 498508.862553861341439, 3200884.015664333943278 ], [ 498070.374220392608549, 3201371.558480470906943 ], [ 497527.413311142183375, 3201516.631220711395144 ], [ 497622.113839351455681, 3201548.906898081768304 ], [ 497261.551132984634023, 3201626.540181933902204 ], [ 497340.697065586748067, 3201566.526349697262049 ], [ 497126.663572550169192, 3201623.725565110798925 ], [ 497076.394715760194231, 3201648.743712633382529 ], [ 497094.028101029689424, 3201632.447605596389621 ], [ 496990.174092467525043, 3201660.20396276190877 ], [ 497818.982104688591789, 3201604.263248929288238 ] ] ], [ [ [ 499129.980638434935827, 3200587.84617690788582 ], [ 499135.875525848765392, 3200586.009014572482556 ], [ 499161.671084403002169, 3200577.969859619624913 ], [ 499229.837788283999544, 3200544.977363100275397 ], [ 499256.372493422823027, 3200527.584361111279577 ], [ 499129.980638434935827, 3200587.84617690788582 ] ] ] ] } },
{ "type": "Feature", "properties": { "t": "river" }, "geometry": { "type": "MultiPolygon", "coordinates": [ [ [ [ 492115.926600829872768, 3201529.197299859952182 ], [ 491696.082707582856528, 3200432.665751775726676 ], [ 491862.37277774955146, 3201285.634081476833671 ], [ 492184.242374275112525, 3201673.178589047398418 ], [ 492886.125221875030547, 3202027.254428683314472 ], [ 492999.932130641944241, 3202014.387494563590735 ], [ 492115.926600829872768, 3201529.197299859952182 ] ], [ [ 491891.555279947118834, 3201208.060157848522067 ], [ 491911.023443339101505, 3201174.809334349818528 ], [ 491930.522707512544002, 3201185.874736247584224 ], [ 491950.106948605156504, 3201318.809710973873734 ], [ 491940.369049831177108, 3201329.895563693717122 ], [ 491901.347662391141057, 3201274.527607606258243 ], [ 491891.555279947118834, 3201208.060157848522067 ] ], [ [ 491901.176609566202387, 3201030.7885607695207 ], [ 491891.438513601198792, 3201041.874450046103448 ], [ 491871.860940940503497, 3200920.018665741197765 ], [ 491901.153285105712712, 3200997.55142419366166 ], [ 491901.176609566202387, 3201030.7885607695207 ] ], [ [ 491881.778373783978168, 3201163.750817296095192 ], [ 491872.024802631814964, 3201152.678629633504897 ], [ 491862.216525680210907, 3201064.053122017066926 ], [ 491891.493003871350084, 3201119.427775742486119 ], [ 491881.778373783978168, 3201163.750817296095192 ] ] ], [ [ [ 493772.869700481998734, 3201927.030157132539898 ], [ 494333.634499865584075, 3201697.049263420980424 ], [ 494045.664441992470529, 3201793.937440108507872 ], [ 494074.883068986528087, 3201760.685226962901652 ], [ 494308.70372843783116, 3201627.618855336681008 ], [ 494513.298590522725135, 3201505.650169091764838 ], [ 494698.447340539714787, 3201472.326461017597467 ], [ 494659.490968295023777, 3201527.739683547057211 ], [ 494532.831536329817027, 3201594.273318405263126 ], [ 494493.646174189692829, 3201631.431961379479617 ], [ 495585.177855164452922, 3201183.897886470891535 ], [ 494357.387245046091266, 3201538.962516867090017 ], [ 495711.761394284490962, 3200884.715996109414846 ], [ 494279.203971702547278, 3201095.839029301889241 ], [ 494162.310159991378896, 3201206.688041947316378 ], [ 494405.980206537875347, 3201261.962590326089412 ], [ 493899.497676866711117, 3201816.171916468068957 ], [ 492661.686368657217827, 3201550.995413000695407 ], [ 493266.052314059284981, 3201805.445188687182963 ], [ 493006.067560900875833, 3202013.693859582301229 ], [ 493772.869700481998734, 3201927.030157132539898 ] ], [ [ 494786.01169485214632, 3201150.994152649305761 ], [ 494717.811560975853354, 3201195.341354398522526 ], [ 494639.8816900056554, 3201272.930622222833335 ], [ 494415.784863308130298, 3201383.827385574113578 ], [ 494357.338484412233811, 3201439.251072316430509 ], [ 494376.797152691928204, 3201372.767268613446504 ], [ 494425.498328387446236, 3201317.348389881663024 ], [ 494503.373689826286864, 3201128.967219888232648 ], [ 494591.070248471340165, 3201095.688645304180682 ], [ 494786.01169485214632, 3201150.994152649305761 ] ], [ [ 494328.156350162520539, 3201550.055901438929141 ], [ 494298.930985471990425, 3201572.228410930838436 ], [ 494308.670939642935991, 3201561.144549266435206 ], [ 494328.156350162520539, 3201550.055901438929141 ] ], [ [ 494298.936459602613468, 3201583.307461705990136 ], [ 494259.971356014139019, 3201616.563941753469408 ], [ 494269.705733054492157, 3201594.400995284784585 ], [ 494298.936459602613468, 3201583.307461705990136 ] ], [ [ 494220.984280737466179, 3201605.504348831716925 ], [ 494191.770416459650733, 3201649.835235584992915 ], [ 494191.759262138803024, 3201627.677131989970803 ], [ 494220.984280737466179, 3201605.504348831716925 ] ], [ [ 493499.956400430935901, 3201838.5482148504816 ], [ 493392.778287665627431, 3201871.846275312360376 ], [ 493431.733726638194639, 3201827.507793868426234 ], [ 493499.956400430935901, 3201838.5482148504816 ] ], [ [ 493275.881481424963567, 3201949.467238481156528 ], [ 493217.417383793450426, 3201960.580523516051471 ], [ 493246.639690480660647, 3201938.405257668346167 ], [ 493275.881481424963567, 3201949.467238481156528 ] ] ] ] } },
{ "type": "Feature", "properties": { "t": "river" }, "geometry": { "type": "Polygon", "coordinates": [ [ [ 468167.628993408114184, 3196717.72734098508954 ], [ 468089.356659305223729, 3196618.230754661839455 ], [ 468138.288476892048493, 3196684.570710530504584 ], [ 468167.628993408114184, 3196717.72734098508954 ] ] ] } },
{ "type": "Feature", "properties": { "t": "river" }, "geometry": { "type": "Polygon", "coordinates": [ [ [ 468289.088111766846851, 3194789.623191612306982 ], [ 467968.247651710291393, 3195133.960258185397834 ], [ 468085.106451721803751, 3195078.2415522467345 ], [ 468289.088111766846851, 3194789.623191612306982 ] ] ] } },
{ "type": "Feature", "properties": { "t": "river" }, "geometry": { "type": "MultiPolygon", "coordinates": [ [ [ [ 439418.200241467100568, 3201190.57190167112276 ], [ 439244.974932126933709, 3201453.781812348868698 ], [ 439249.9475293753203, 3201718.290817650966346 ], [ 439418.200241467100568, 3201190.57190167112276 ] ] ], [ [ [ 439514.900318581261672, 3200887.299505323637277 ], [ 438894.658728880574927, 3199716.119229503907263 ], [ 439103.562636781076435, 3200512.752905310597271 ], [ 439480.05413744674297, 3200996.582652534358203 ], [ 439514.900318581261672, 3200887.299505323637277 ] ] ], [ [ [ 439258.512384062749334, 3202173.891498852986842 ], [ 439699.138138435664587, 3202570.449287344701588 ], [ 439252.883775500231422, 3201874.481036346405745 ], [ 439258.512384062749334, 3202173.891498852986842 ] ] ] ] } },
{ "type": "Feature", "properties": { "t": "river" }, "geometry": { "type": "MultiPolygon", "coordinates": [ [ [ [ 439508.224340838147327, 3199613.171501147560775 ], [ 439804.872800882731099, 3199806.737853772006929 ], [ 439630.522638000489678, 3199472.688126640859991 ], [ 439508.224340838147327, 3199613.171501147560775 ] ] ], [ [ [ 439732.705747975269333, 3200283.142740872688591 ], [ 439759.93651873030467, 3200309.398511198349297 ], [ 439850.877277871593833, 3200277.615160262212157 ], [ 439735.829101691604592, 3200265.68184307217598 ], [ 439870.555365772859659, 3199932.589279848150909 ], [ 439810.388492588128429, 3199817.306106482632458 ], [ 439732.705747975269333, 3200283.142740872688591 ] ] ], [ [ [ 439726.371380798518658, 3200321.129589395131916 ], [ 439745.334113459161017, 3200314.502064019907266 ], [ 439731.881435063492972, 3200288.086084030102938 ], [ 439726.371380798518658, 3200321.129589395131916 ] ] ], [ [ [ 440321.161733082146384, 3200362.35805678460747 ], [ 440108.282787402218673, 3200662.611618260852993 ], [ 440155.061410880414769, 3200727.729738699272275 ], [ 440127.661078267323319, 3200640.351743455976248 ], [ 440447.756661796651315, 3200339.544969473965466 ], [ 440283.663041262945626, 3200322.516135376878083 ], [ 440321.161733082146384, 3200362.35805678460747 ] ] ], [ [ [ 440448.47396529559046, 3202367.121730766724795 ], [ 440474.508247780846432, 3201746.525017180480063 ], [ 440353.228065152536146, 3201359.710980991367251 ], [ 440448.47396529559046, 3202367.121730766724795 ] ] ] ] } },
{ "type": "Feature", "properties": { "t": "river" }, "geometry": { "type": "MultiPolygon", "coordinates": [ [ [ [ 441100.741055758495349, 3200325.115225889720023 ], [ 441479.344322415476199, 3200491.217360612936318 ], [ 441110.799388451501727, 3200061.50603110762313 ], [ 441100.741055758495349, 3200325.115225889720023 ] ] ], [ [ [ 441175.498576193524059, 3199693.194608685094863 ], [ 441126.493599868728779, 3199650.224271296989173 ], [ 441113.900988674664404, 3199980.222475879825652 ], [ 441175.498576193524059, 3199693.194608685094863 ] ] ] ] } },
{ "type": "Feature", "properties": { "t": "river" }, "geometry": { "type": "Polygon", "coordinates": [ [ [ 441874.74719924130477, 3199179.991144448984414 ], [ 442189.174062744190451, 3199676.995359200518578 ], [ 442461.549639075587038, 3199564.838814496528357 ], [ 441874.74719924130477, 3199179.991144448984414 ] ] ] } },
{ "type": "Feature", "properties": { "t": "river" }, "geometry": { "type": "Polygon", "coordinates": [ [ [ 438931.714922664978076, 3199350.293749658856541 ], [ 438843.633225475321524, 3199284.281798873562366 ], [ 438845.041403821436688, 3199550.18666307721287 ], [ 438931.714922664978076, 3199350.293749658856541 ] ] ] } },
{ "type": "Feature", "properties": { "t": "river" }, "geometry": { "type": "Polygon", "coordinates": [ [ [ 438843.633225475321524, 3199284.281798873562366 ], [ 438862.894207860925235, 3199239.861107177101076 ], [ 438842.283821872668341, 3199029.456391934305429 ], [ 438843.633225475321524, 3199284.281798873562366 ] ] ] } },
{ "type": "Feature", "properties": { "t": "river" }, "geometry": { "type": "MultiPolygon", "coordinates": [ [ [ [ 438850.21351818315452, 3198685.944586827419698 ], [ 438842.107819969358388, 3198996.218301719985902 ], [ 439237.322632968425751, 3198693.465272923465818 ], [ 438850.21351818315452, 3198685.944586827419698 ] ] ], [ [ [ 439407.668348755396437, 3199026.476400292478502 ], [ 439298.693516939238179, 3198694.658767338842154 ], [ 439254.481706472986843, 3198693.798936720006168 ], [ 439407.668348755396437, 3199026.476400292478502 ] ] ] ] } },
{ "type": "Feature", "properties": { "t": "river" }, "geometry": { "type": "MultiPolygon", "coordinates": [ [ [ [ 440395.105228912492748, 3197691.78255555126816 ], [ 440654.320081440091599, 3197060.777180112432688 ], [ 440625.83960246713832, 3197059.056836688891053 ], [ 440366.029407069494482, 3197725.171436733566225 ], [ 440479.948435924074147, 3199020.900722475722432 ], [ 440395.105228912492748, 3197691.78255555126816 ] ] ], [ [ [ 441045.526516675134189, 3197145.545299659017473 ], [ 441066.581601624842733, 3197085.687461244408041 ], [ 440666.960063208534848, 3197061.540712007321417 ], [ 441045.526516675134189, 3197145.545299659017473 ] ] ], [ [ [ 441297.525900807697326, 3196904.695504282135516 ], [ 441235.937667437421624, 3196740.089534351136535 ], [ 441210.520774036413059, 3196826.403974211774766 ], [ 441297.525900807697326, 3196904.695504282135516 ] ] ], [ [ [ 441440.03937872388633, 3196113.138436791487038 ], [ 440563.624922627699561, 3195673.798954856116325 ], [ 440550.641820670629386, 3195707.732405209448189 ], [ 441420.538508534897119, 3196113.237221408635378 ], [ 441405.060130355530418, 3196165.794553725980222 ], [ 441440.03937872388633, 3196113.138436791487038 ] ] ], [ [ [ 441215.924354180402588, 3197188.629491715226322 ], [ 441337.338773204770405, 3197011.105378855485469 ], [ 441310.738526031607762, 3196940.009329171851277 ], [ 441215.924354180402588, 3197188.629491715226322 ] ] ], [ [ [ 441105.717760868021287, 3197477.626437480561435 ], [ 441662.26275991264265, 3197606.80662704538554 ], [ 441720.034513475955464, 3197496.671199733857065 ], [ 441160.842457702732645, 3197333.069826598744839 ], [ 441105.717760868021287, 3197477.626437480561435 ] ] ], [ [ [ 441372.152851426391862, 3198107.808985239826143 ], [ 441386.354716488451231, 3198132.828638028353453 ], [ 441449.66002082452178, 3198012.131342203356326 ], [ 441372.152851426391862, 3198107.808985239826143 ] ] ] ] } },
{ "type": "Feature", "properties": { "t": "river" }, "geometry": { "type": "Polygon", "coordinates": [ [ [ 447019.862483321339823, 3196651.277070459909737 ], [ 447090.191170477715787, 3197105.213432953692973 ], [ 447285.585863848682493, 3197192.95640158560127 ], [ 447019.862483321339823, 3196651.277070459909737 ] ] ] } },
{ "type": "Feature", "properties": { "t": "river" }, "geometry": { "type": "MultiPolygon", "coordinates": [ [ [ [ 446908.747045875410549, 3195809.747237600851804 ], [ 446906.813844101969153, 3195781.478047317825258 ], [ 446616.791131463076454, 3195932.965547172818333 ], [ 446631.690477980999276, 3195963.387953521683812 ], [ 446908.747045875410549, 3195809.747237600851804 ] ] ], [ [ [ 446856.481201553542633, 3195045.504740220494568 ], [ 446700.665206888690591, 3195090.539514224044979 ], [ 446897.953898574633058, 3195651.920621837489307 ], [ 446856.481201553542633, 3195045.504740220494568 ] ] ] ] } },
{ "type": "Feature", "properties": { "t": "river" }, "geometry": { "type": "Polygon", "coordinates": [ [ [ 447061.156277563713957, 3195022.407266954425722 ], [ 446953.23168156738393, 3194878.86888610618189 ], [ 446953.993821197014768, 3195045.057125463150442 ], [ 447061.156277563713957, 3195022.407266954425722 ] ] ] } },
{ "type": "Feature", "properties": { "t": "river" }, "geometry": { "type": "Polygon", "coordinates": [ [ [ 446953.38410658610519, 3194912.106531044002622 ], [ 446483.267925054649822, 3194471.093854045961052 ], [ 446807.062543864827603, 3194901.699027081020176 ], [ 446953.38410658610519, 3194912.106531044002622 ] ] ] } },
{ "type": "Feature", "properties": { "t": "river" }, "geometry": { "type": "Polygon", "coordinates": [ [ [ 426253.936525258992333, 3204642.984473464544863 ], [ 426331.221590378088877, 3204254.939580046571791 ], [ 426164.683834152121563, 3204399.79455241560936 ], [ 426253.936525258992333, 3204642.984473464544863 ] ] ] } },
{ "type": "Feature", "properties": { "t": "river" }, "geometry": { "type": "MultiPolygon", "coordinates": [ [ [ [ 425009.239542989758775, 3194523.87993800919503 ], [ 424853.35083374142414, 3194547.0513417981565 ], [ 424887.067524856189266, 3195233.789282410871238 ], [ 424958.826685879961587, 3195221.166562047321349 ], [ 425009.239542989758775, 3194523.87993800919503 ] ] ], [ [ [ 425212.590884749020915, 3195807.837281932588667 ], [ 425525.477617792086676, 3195938.777305861935019 ], [ 424791.045077940507326, 3196962.888696992304176 ], [ 425750.742874510469846, 3197610.401887307874858 ], [ 425582.390048491535708, 3198719.482889445498586 ], [ 425846.80842144676717, 3198906.142130931373686 ], [ 426420.026794796460308, 3198416.479161302093416 ], [ 426379.082701960287523, 3198293.339045783504844 ], [ 425933.97500043862965, 3198816.942994381301105 ], [ 425640.880985845229588, 3198719.106212296523154 ], [ 425868.162400943110697, 3197676.127828037366271 ], [ 425288.652296477928758, 3197015.061479123774916 ], [ 424859.294979289872572, 3196962.444816469214857 ], [ 425602.842752081167419, 3195838.559764100704342 ], [ 425280.775961555656977, 3195796.316545532085001 ], [ 425383.819148163544014, 3195141.934406287968159 ], [ 425344.884613679430913, 3195153.265582331456244 ], [ 425212.590884749020915, 3195807.837281932588667 ] ] ] ] } },
{ "type": "Feature", "properties": { "t": "river" }, "geometry": { "type": "Polygon", "coordinates": [ [ [ 414974.649091936240438, 3194637.596755754668266 ], [ 414802.008389590890147, 3194863.300563754048198 ], [ 414810.657765484764241, 3194882.568340205587447 ], [ 414782.29982767009642, 3195004.659835291560739 ], [ 414733.704015310620889, 3195027.17843183176592 ], [ 414752.717722508125007, 3194960.556849430315197 ], [ 414794.979591322713532, 3194872.48999255290255 ], [ 414684.863229109148961, 3195016.458317947108299 ], [ 414453.855383683578111, 3196746.685394975822419 ], [ 414974.649091936240438, 3194637.596755754668266 ] ], [ [ 414756.229012582509313, 3195436.981422758195549 ], [ 414756.392340079764836, 3195459.140712469350547 ], [ 414746.559218408132438, 3195448.132945843506604 ], [ 414756.229012582509313, 3195436.981422758195549 ] ], [ [ 414557.178990926069673, 3196214.068346584681422 ], [ 414510.227315485128202, 3196458.181299147196114 ], [ 414518.831057291361503, 3196302.993928276002407 ], [ 414557.178990926069673, 3196214.068346584681422 ] ] ] } },
{ "type": "Feature", "properties": { "t": "river" }, "geometry": { "type": "Polygon", "coordinates": [ [ [ 485300.300832417269703, 3152302.033161816652864 ], [ 485124.167143843602389, 3152324.411498170811683 ], [ 484723.429044323391281, 3152723.74663961539045 ], [ 485300.300832417269703, 3152302.033161816652864 ] ] ] } },
{ "type": "Feature", "properties": { "t": "river" }, "geometry": { "type": "Polygon", "coordinates": [ [ [ 486201.177222330239601, 3152721.91841436503455 ], [ 485916.840287184226327, 3152279.12148455157876 ], [ 486113.099531648564152, 3152722.022173271980137 ], [ 486201.177222330239601, 3152721.91841436503455 ] ] ] } },
{ "type": "Feature", "properties": { "t": "river" }, "geometry": { "type": "Polygon", "coordinates": [ [ [ 476770.772616591129918, 3179203.5892741875723 ], [ 476544.072132638189942, 3178151.557576913852245 ], [ 475723.24093760951655, 3177887.349397123325616 ], [ 475574.598187073657755, 3176857.332472787238657 ], [ 475943.703558683570009, 3175881.631819899193943 ], [ 475525.743463461345527, 3176846.356259967666119 ], [ 475664.648398780613206, 3177887.471740247681737 ], [ 476534.39627738163108, 3178195.892271870281547 ], [ 476599.052012963977177, 3178520.787285164464265 ], [ 476603.375992826768197, 3178505.959811096545309 ], [ 476603.442810415115673, 3178539.19608466187492 ], [ 476602.715639164263848, 3178539.197546583134681 ], [ 476741.546119155478664, 3179236.884097317233682 ], [ 476040.982107862771954, 3180434.818944183178246 ], [ 476770.772616591129918, 3179203.5892741875723 ] ] ] } },
{ "type": "Feature", "properties": { "t": "river" }, "geometry": { "type": "MultiPolygon", "coordinates": [ [ [ [ 480823.634909612766933, 3179606.118587310425937 ], [ 480736.309732970024925, 3179938.626561767887324 ], [ 480717.186459743476007, 3180182.391723443754017 ], [ 480850.777741823461838, 3179615.194143854081631 ], [ 480823.634909612766933, 3179606.118587310425937 ] ] ], [ [ [ 481243.87789635208901, 3179849.166728634387255 ], [ 481308.716067222238053, 3179768.323422160930932 ], [ 480887.171320632100105, 3179627.362928631715477 ], [ 481243.87789635208901, 3179849.166728634387255 ] ] ], [ [ [ 481642.133768878818955, 3179352.626129225362092 ], [ 481584.767283343477175, 3179316.840548521839082 ], [ 481441.068903843173757, 3179603.304289039690048 ], [ 481642.133768878818955, 3179352.626129225362092 ] ] ], [ [ [ 481917.025361498002894, 3179493.579813755117357 ], [ 481834.080953558790497, 3179745.868318944238126 ], [ 482401.271811795246322, 3178897.239900511689484 ], [ 481885.034349709167145, 3179474.825303072109818 ], [ 481917.025361498002894, 3179493.579813755117357 ] ] ], [ [ [ 482492.003656080865767, 3178761.501544408500195 ], [ 482413.066082820936572, 3178218.761336381547153 ], [ 482627.220607712282799, 3177764.210913913790137 ], [ 482294.587330904148985, 3177365.87718066200614 ], [ 483015.158125454268884, 3175924.568933184724301 ], [ 482265.256098597194068, 3177343.764333558734506 ], [ 482578.343409649445675, 3177731.047714874148369 ], [ 482315.24664155166829, 3178108.121995950117707 ], [ 482441.138433979765978, 3178837.597405368927866 ], [ 482492.003656080865767, 3178761.501544408500195 ] ] ], [ [ [ 481771.259146046708338, 3179936.958589963614941 ], [ 482198.402237148664426, 3179855.494175564497709 ], [ 482190.876513146795332, 3179792.28438983624801 ], [ 481822.160356702050194, 3179782.127662259154022 ], [ 481771.259146046708338, 3179936.958589963614941 ] ] ], [ [ [ 482142.754930623224936, 3180246.588321671355516 ], [ 482348.055592409451492, 3180423.535519361495972 ], [ 482504.267766742268577, 3180423.299462663009763 ], [ 482250.220077322272118, 3180290.738965969532728 ], [ 482211.371092218323611, 3179964.423288744408637 ], [ 482142.754930623224936, 3180246.588321671355516 ] ] ] ] } },
{ "type": "Feature", "properties": { "t": "river" }, "geometry": { "type": "Polygon", "coordinates": [ [ [ 485284.679999420535751, 3178746.556224344298244 ], [ 485197.079956372152083, 3178968.242317432537675 ], [ 485305.160799792909529, 3179499.885536974761635 ], [ 485284.679999420535751, 3178746.556224344298244 ] ] ] } },
{ "type": "Feature", "properties": { "t": "river" }, "geometry": { "type": "MultiPolygon", "coordinates": [ [ [ [ 485246.90420345106395, 3176059.791016541421413 ], [ 485124.836598379246425, 3175921.683988161385059 ], [ 485203.282418748538475, 3176165.315653814468533 ], [ 485246.90420345106395, 3176059.791016541421413 ] ] ], [ [ [ 485651.155678850773256, 3177717.931540807709098 ], [ 485780.133594823651947, 3176663.139120798557997 ], [ 485760.573696857900359, 3176641.005592299159616 ], [ 485651.155678850773256, 3177717.931540807709098 ] ] ], [ [ [ 485186.892403807316441, 3178635.89282101392746 ], [ 485343.128406992007513, 3178635.69499820144847 ], [ 485567.429131359385792, 3178402.761067026760429 ], [ 485619.071996135928202, 3177980.345585817005485 ], [ 485186.892403807316441, 3178635.89282101392746 ] ] ] ] } },
{ "type": "Feature", "properties": { "t": "river" }, "geometry": { "type": "MultiPolygon", "coordinates": [ [ [ [ 484735.709210934408475, 3177107.610121779609472 ], [ 484935.577207186259329, 3176954.74081953894347 ], [ 484716.10443415917689, 3177052.24220985500142 ], [ 484736.464481874951161, 3177683.703106503468007 ], [ 484775.065606680116616, 3177709.175719920080155 ], [ 484735.709210934408475, 3177107.610121779609472 ] ] ], [ [ [ 485301.593793930369429, 3176674.811973606236279 ], [ 485183.791049544000998, 3176198.576560051180422 ], [ 485122.551340337318834, 3176811.740189750213176 ], [ 485301.593793930369429, 3176674.811973606236279 ] ] ], [ [ [ 484971.037936931126751, 3177838.500195314642042 ], [ 485088.620363168476615, 3178148.553626728244126 ], [ 485049.118611069920007, 3177805.16344588669017 ], [ 484797.454181511304341, 3177723.949894409626722 ], [ 484971.037936931126751, 3177838.500195314642042 ] ] ] ] } },
{ "type": "Feature", "properties": { "t": "lake" }, "geometry": { "type": "Polygon", "coordinates": [ [ [ 477901.097564491210505, 3177971.641439764294773 ], [ 478106.190536841517314, 3177982.332662847824395 ], [ 477724.81265234091552, 3177706.086646609939635 ], [ 477901.097564491210505, 3177971.641439764294773 ] ] ] } },
{ "type": "Feature", "properties": { "t": "river" }, "geometry": { "type": "Polygon", "coordinates": [ [ [ 476499.668609848828055, 3175503.819108930882066 ], [ 476566.39193374448223, 3174683.857058057561517 ], [ 477005.453879639448132, 3174428.171482920646667 ], [ 476827.840520439902321, 3173531.145820417441428 ], [ 476172.837403656507377, 3173299.812621755059808 ], [ 476943.6893889727653, 3172832.956751626450568 ], [ 476823.284377941978164, 3171237.861918541137129 ], [ 476894.753330303297844, 3172788.73873515566811 ], [ 476308.999436796759255, 3173000.409595452714711 ], [ 476133.783012932748534, 3173310.971219772938639 ], [ 476798.555359172867611, 3173542.282785393763334 ], [ 476956.524688032281119, 3174383.953158881515265 ], [ 476546.811136517848354, 3174661.73895300924778 ], [ 476441.086506326158997, 3175515.016176875215024 ], [ 475982.109623269585427, 3175560.268349445424974 ], [ 475894.730494168121368, 3175815.260439785663038 ], [ 476499.668609848828055, 3175503.819108930882066 ] ] ] } },
{ "type": "Feature", "properties": { "t": "river" }, "geometry": { "type": "MultiPolygon", "coordinates": [ [ [ [ 482408.548212110996246, 3175227.510019624140114 ], [ 482896.945426491729449, 3175237.861624883487821 ], [ 483014.980444580316544, 3175802.703300477471203 ], [ 482955.534874769800808, 3175226.697065959218889 ], [ 482515.193846263922751, 3175133.144417476374656 ], [ 482408.548212110996246, 3175227.510019624140114 ] ] ], [ [ [ 482828.000772572297137, 3174850.208300775382668 ], [ 482973.322219414112624, 3174030.171524863224477 ], [ 483276.197136098169722, 3174062.969150512479246 ], [ 483490.462931284680963, 3173608.437659519724548 ], [ 483237.043113246327266, 3174007.631942359730601 ], [ 483201.319630142999813, 3174008.949501717928797 ], [ 483256.612214902939741, 3174029.761196687817574 ], [ 483198.000493622617796, 3174029.845527342054993 ], [ 483197.970553981023841, 3174009.073028522077948 ], [ 482924.462886584689841, 3174019.164299907628447 ], [ 482763.911536639439873, 3174893.960518774576485 ], [ 482828.000772572297137, 3174850.208300775382668 ] ], [ [ 482944.000147258280776, 3174019.135698596946895 ], [ 482944.129822377231903, 3174107.765038658399135 ], [ 482934.263953971269075, 3174041.307329257018864 ], [ 482944.000147258280776, 3174019.135698596946895 ] ] ] ] } },
{ "type": "Feature", "properties": { "t": "river" }, "geometry": { "type": "Polygon", "coordinates": [ [ [ 484155.927512432623189, 3174471.651687417179346 ], [ 485107.287091815785971, 3175294.592191032599658 ], [ 484201.56160825031111, 3174276.379215246066451 ], [ 484155.927512432623189, 3174471.651687417179346 ] ] ] } },
{ "type": "Feature", "properties": { "t": "river" }, "geometry": { "type": "Polygon", "coordinates": [ [ [ 475491.014977870159782, 3174265.076327373739332 ], [ 475354.16281548072584, 3174221.049879171419889 ], [ 475355.123261169472244, 3174675.276717487256974 ], [ 475491.014977870159782, 3174265.076327373739332 ] ] ] } },
{ "type": "Feature", "properties": { "t": "river" }, "geometry": { "type": "MultiPolygon", "coordinates": [ [ [ [ 475917.921346849179827, 3172857.187189618125558 ], [ 475894.408397034625523, 3172787.82865890301764 ], [ 475353.577239768870641, 3173944.082429712172598 ], [ 475917.921346849179827, 3172857.187189618125558 ] ] ], [ [ [ 475620.425558907678351, 3171979.697434005793184 ], [ 475614.182343848398887, 3172436.826826222706586 ], [ 475887.089216906810179, 3172766.238708053249866 ], [ 475620.425558907678351, 3171979.697434005793184 ] ] ] ] } },
{ "type": "Feature", "properties": { "t": "river" }, "geometry": { "type": "Polygon", "coordinates": [ [ [ 483607.550413722172379, 3173508.564332559704781 ], [ 483499.886996312066913, 3173364.693372211884707 ], [ 483490.761001616716385, 3173818.932210725266486 ], [ 483607.550413722172379, 3173508.564332559704781 ] ], [ [ 483578.258850726822857, 3173519.684229996055365 ], [ 483558.767624574655201, 3173552.947737627662718 ], [ 483558.736380262300372, 3173530.79042195295915 ], [ 483578.258850726822857, 3173519.684229996055365 ] ], [ [ 483519.738528779766057, 3173586.238880060147494 ], [ 483519.707209907006472, 3173564.081563157495111 ], [ 483529.476219172589481, 3173564.067759017925709 ], [ 483519.738528779766057, 3173586.238880060147494 ] ] ] } },
{ "type": "Feature", "properties": { "t": "river" }, "geometry": { "type": "MultiPolygon", "coordinates": [ [ [ [ 482199.909866962058004, 3172923.458104684017599 ], [ 482747.578372177784331, 3173310.388800521846861 ], [ 483177.1045919227181, 3173088.187662605196238 ], [ 483109.296452444512397, 3173487.118115034420043 ], [ 483145.098155459854752, 3173598.218360953498632 ], [ 483245.426788780256175, 3173043.774602440185845 ], [ 482767.051330759888515, 3173266.045282129198313 ], [ 482230.949405551771633, 3172862.010866432916373 ], [ 482199.909866962058004, 3172923.458104684017599 ] ] ], [ [ [ 482512.037150229210965, 3172590.625644758343697 ], [ 482384.52745288098231, 3172258.457411317154765 ], [ 482658.782243752270006, 3172723.350611098576337 ], [ 483440.721322363358922, 3172977.023618383798748 ], [ 482590.212317235185765, 3172601.587366280611604 ], [ 482266.494683007244021, 3171737.939001654740423 ], [ 482568.769184511620551, 3171327.57320933137089 ], [ 482217.625077090924606, 3171726.934720664750785 ], [ 482423.941748298762832, 3172479.971345455385745 ], [ 482261.036414904869162, 3172802.450004233513027 ], [ 482512.037150229210965, 3172590.625644758343697 ] ], [ [ 482374.707128109002952, 3172225.236241780687124 ], [ 482384.443804413371254, 3172203.064199899788946 ], [ 482394.247399140906055, 3172225.2067343541421 ], [ 482374.707128109002952, 3172225.236241780687124 ] ] ], [ [ [ 483187.800509173888713, 3173730.735682741273195 ], [ 483382.767397629912011, 3173442.410444513428956 ], [ 483163.032199903507717, 3173653.872322060167789 ], [ 483187.800509173888713, 3173730.735682741273195 ] ] ] ] } },
{ "type": "Feature", "properties": { "t": "river" }, "geometry": { "type": "Polygon", "coordinates": [ [ [ 476345.044838211091701, 3171504.710312562063336 ], [ 476559.37862802692689, 3171194.074260406661779 ], [ 476335.116790816187859, 3171427.17954077385366 ], [ 476217.392628818575758, 3171194.766204515472054 ], [ 476345.044838211091701, 3171504.710312562063336 ] ] ] } },
{ "type": "Feature", "properties": { "t": "river" }, "geometry": { "type": "Polygon", "coordinates": [ [ [ 475493.964136679715011, 3171019.003713066224009 ], [ 475357.003854966023937, 3170941.741197291295975 ], [ 475601.817708176968154, 3171196.036959792487323 ], [ 475493.964136679715011, 3171019.003713066224009 ] ] ] } },
{ "type": "Feature", "properties": { "t": "river" }, "geometry": { "type": "MultiPolygon", "coordinates": [ [ [ [ 475412.644830578472465, 3169523.551522324793041 ], [ 475421.97294697543839, 3169544.581375950947404 ], [ 475784.870351407153066, 3169943.763512265868485 ], [ 475639.768789501395077, 3170653.101460581179708 ], [ 475346.951793199928943, 3170808.818025309126824 ], [ 476040.76355537166819, 3170829.530531619675457 ], [ 476245.607692854420748, 3170284.259107711259276 ], [ 476137.276581523241475, 3170242.162327287252992 ], [ 475972.318587448098697, 3170807.51384970266372 ], [ 475688.695445322257001, 3170686.235533610451967 ], [ 475843.525746867991984, 3169954.720687101129442 ], [ 475527.650698169542011, 3169513.750493838917464 ], [ 475402.872397661209106, 3169523.572103318758309 ], [ 475417.379150240856688, 3169539.528510049916804 ], [ 475412.644830578472465, 3169523.551522324793041 ] ] ], [ [ [ 476217.392628818575758, 3171194.766204515472054 ], [ 476420.883326472074259, 3170352.372875285800546 ], [ 476269.147410093690269, 3170293.406665110494941 ], [ 476217.392628818575758, 3171194.766204515472054 ] ] ], [ [ [ 476126.009674131637439, 3169510.992573198862374 ], [ 476417.907735875458457, 3168878.915465864352882 ], [ 475748.354470281163231, 3168496.554668493103236 ], [ 476320.380218964011874, 3168978.820751211140305 ], [ 476125.919073387456592, 3169466.678066810127348 ], [ 475898.747772556729615, 3169484.548503555823117 ], [ 476126.009674131637439, 3169510.992573198862374 ] ], [ [ 476369.199805731303059, 3168956.564547255635262 ], [ 476330.265364133287221, 3169034.194033953826874 ], [ 476359.382055630267132, 3168934.427089437842369 ], [ 476369.199805731303059, 3168956.564547255635262 ] ], [ [ 476291.35393473302247, 3169122.902282355818897 ], [ 476271.785899846698157, 3169111.863356710411608 ], [ 476291.263974567234982, 3169078.587801876012236 ], [ 476301.081736084481236, 3169100.725206741597503 ], [ 476291.35393473302247, 3169122.902282355818897 ] ] ], [ [ [ 476161.188425409724005, 3167594.312736718449742 ], [ 476083.369911008514464, 3167469.466976692900062 ], [ 475859.284613242023624, 3167827.584156567696482 ], [ 475868.447596914425958, 3167827.565229002851993 ], [ 475836.651057585026138, 3167863.756976570468396 ], [ 475546.953997952339705, 3168326.773184938821942 ], [ 475639.314234391786158, 3168404.632226497866213 ], [ 476161.188425409724005, 3167594.312736718449742 ] ] ] ] } },
{ "type": "Feature", "properties": { "t": "river" }, "geometry": { "type": "Polygon", "coordinates": [ [ [ 476822.712322553794365, 3170949.817092624027282 ], [ 476568.660306292760652, 3170950.324382682330906 ], [ 476530.065544254670385, 3171194.133177195675671 ], [ 476822.712322553794365, 3170949.817092624027282 ] ] ] } },
{ "type": "Feature", "properties": { "t": "river" }, "geometry": { "type": "MultiPolygon", "coordinates": [ [ [ [ 481422.067137157020625, 3169124.692304295487702 ], [ 481265.596739111468196, 3169058.470486161764711 ], [ 481341.206434309307951, 3168553.021259510889649 ], [ 481206.835203510592692, 3168981.014499650336802 ], [ 481314.779751868452877, 3169257.807017050683498 ], [ 481031.697542653302662, 3169457.678789927158505 ], [ 481182.595456504961476, 3169522.903779569081962 ], [ 481422.067137157020625, 3169124.692304295487702 ] ] ], [ [ [ 481557.628788466565311, 3167996.12454178230837 ], [ 481533.073930349317379, 3167941.951718562748283 ], [ 481472.55438794568181, 3168134.690098999533802 ], [ 481557.628788466565311, 3167996.12454178230837 ] ] ], [ [ [ 481810.578987430199049, 3167584.153417706023902 ], [ 481779.302999816776719, 3167555.096228812355548 ], [ 481632.309951381233986, 3167874.490309287328273 ], [ 481810.578987430199049, 3167584.153417706023902 ] ] ], [ [ [ 481370.094502901716623, 3167174.939080835785717 ], [ 481721.05348527134629, 3166587.219500605948269 ], [ 481301.798007383651566, 3167252.598349160049111 ], [ 481761.965157079917844, 3167538.988475516904145 ], [ 481370.094502901716623, 3167174.939080835785717 ] ] ], [ [ [ 481775.735877206490841, 3170309.548927606083453 ], [ 482098.339268587471452, 3170397.678886199835688 ], [ 482157.680550869961735, 3170862.891136076766998 ], [ 482627.180092879163567, 3171183.463631188496947 ], [ 482216.341975575254764, 3170884.958902147598565 ], [ 482156.952335865993518, 3170386.51050469931215 ], [ 481824.56008976593148, 3170287.315522842574865 ], [ 481638.07771655311808, 3169766.911290086340159 ], [ 481514.053437834372744, 3169708.56535289529711 ], [ 481775.735877206490841, 3170309.548927606083453 ] ], [ [ 482117.865631307009608, 3170386.57031557848677 ], [ 482156.969269957859069, 3170397.58912059944123 ], [ 482137.442888979159761, 3170408.697625877801329 ], [ 482117.865631307009608, 3170386.57031557848677 ] ] ] ] } },
{ "type": "Feature", "properties": { "t": "river" }, "geometry": { "type": "Polygon", "coordinates": [ [ [ 475482.331401500036009, 3170132.732586282305419 ], [ 475560.228479404933751, 3169999.625017834827304 ], [ 475345.454292356269434, 3170099.784780093003064 ], [ 475482.331401500036009, 3170132.732586282305419 ] ] ] } },
{ "type": "Feature", "properties": { "t": "river" }, "geometry": { "type": "Polygon", "coordinates": [ [ [ 476296.519626322435215, 3166851.76869654469192 ], [ 476080.932975653558969, 3166586.320693949703127 ], [ 475963.793796984246001, 3166664.11138615431264 ], [ 476002.938569346675649, 3166686.188226600643247 ], [ 476022.488175340753514, 3166686.148110027890652 ], [ 476015.986793784599286, 3166693.547202462796122 ], [ 476296.519626322435215, 3166851.76869654469192 ] ] ] } },
{ "type": "Feature", "properties": { "t": "river" }, "geometry": { "type": "Polygon", "coordinates": [ [ [ 475797.644759292132221, 3166675.532837914768606 ], [ 475641.063060943968594, 3166587.228999729733914 ], [ 475758.568480937799904, 3166686.692442445084453 ], [ 475797.644759292132221, 3166675.532837914768606 ] ] ] } },
{ "type": "Feature", "properties": { "t": "river" }, "geometry": { "type": "MultiPolygon", "coordinates": [ [ [ [ 455123.68094769254094, 3179399.894622951280326 ], [ 455187.980630698380992, 3179434.466727834194899 ], [ 455185.874651271733455, 3179429.73714654147625 ], [ 455123.68094769254094, 3179399.894622951280326 ] ] ], [ [ [ 456023.841388011118397, 3179883.936131453607231 ], [ 456240.939992483938113, 3180492.466218166518956 ], [ 456199.126640240836423, 3180341.812565623782575 ], [ 456191.538746326521505, 3180337.545178435277194 ], [ 456181.649995542713441, 3180304.345214564818889 ], [ 456193.77958879317157, 3180322.547404713463038 ], [ 456062.7714839472319, 3179850.551815700251609 ], [ 455205.157473674276844, 3179438.989758457057178 ], [ 455200.036778296343982, 3179440.94903669366613 ], [ 456023.841388011118397, 3179883.936131453607231 ] ] ] ] } },
{ "type": "Feature", "properties": { "t": "river" }, "geometry": { "type": "Polygon", "coordinates": [ [ [ 452431.940942802990321, 3180197.206690009683371 ], [ 452432.212812337209471, 3180263.680368256755173 ], [ 452607.551853031269275, 3180163.252410707995296 ], [ 452431.940942802990321, 3180197.206690009683371 ] ] ] } },
{ "type": "Feature", "properties": { "t": "river" }, "geometry": { "type": "MultiPolygon", "coordinates": [ [ [ [ 454594.721140483394265, 3178969.862847566604614 ], [ 454584.804028954240493, 3178893.50552634941414 ], [ 454273.748914974101353, 3179292.413206310011446 ], [ 454299.358916729630437, 3179329.460110568907112 ], [ 454594.721140483394265, 3178969.862847566604614 ] ] ], [ [ [ 454544.961656717525329, 3179684.758723297156394 ], [ 454548.364726314612199, 3179601.551546791568398 ], [ 454332.075765275745653, 3179376.788055477663875 ], [ 454544.961656717525329, 3179684.758723297156394 ] ] ] ] } },
{ "type": "Feature", "properties": { "t": "river" }, "geometry": { "type": "Polygon", "coordinates": [ [ [ 453124.135543566313572, 3179939.576613974757493 ], [ 452831.173741484759375, 3179929.681802474427968 ], [ 452734.255002666905057, 3180107.341198348905891 ], [ 453124.135543566313572, 3179939.576613974757493 ] ] ] } },
{ "type": "Feature", "properties": { "t": "river" }, "geometry": { "type": "Polygon", "coordinates": [ [ [ 458279.54103465861408, 3179942.10119438637048 ], [ 458358.127695230883546, 3180074.768006637692451 ], [ 458367.455223099503201, 3179952.865234337747097 ], [ 458279.54103465861408, 3179942.10119438637048 ] ] ] } },
{ "type": "Feature", "properties": { "t": "river" }, "geometry": { "type": "Polygon", "coordinates": [ [ [ 453445.501581015822012, 3179727.782897332683206 ], [ 453396.636851477844175, 3179716.899448597803712 ], [ 453534.263309630739968, 3179949.01016163919121 ], [ 453445.501581015822012, 3179727.782897332683206 ] ] ] } },
{ "type": "Feature", "properties": { "t": "river" }, "geometry": { "type": "Polygon", "coordinates": [ [ [ 453710.013176108885091, 3179948.309421334415674 ], [ 453719.556657070235815, 3179892.875917654018849 ], [ 453650.8118680982152, 3179793.437683847267181 ], [ 453710.013176108885091, 3179948.309421334415674 ] ] ] } },
{ "type": "Feature", "properties": { "t": "river" }, "geometry": { "type": "Polygon", "coordinates": [ [ [ 453034.829163120884914, 3179585.405187822878361 ], [ 452947.220287568226922, 3179652.233886272646487 ], [ 453074.779751485213637, 3179806.826232236344367 ], [ 453034.829163120884914, 3179585.405187822878361 ] ] ] } },
{ "type": "Feature", "properties": { "t": "river" }, "geometry": { "type": "Polygon", "coordinates": [ [ [ 453513.451611752680037, 3179627.799210547003895 ], [ 453611.490740432403982, 3179727.119792880956084 ], [ 453620.018089600489475, 3179416.870931306388229 ], [ 453513.451611752680037, 3179627.799210547003895 ] ] ] } },
{ "type": "Feature", "properties": { "t": "river" }, "geometry": { "type": "Polygon", "coordinates": [ [ [ 458405.718229948543012, 3179731.147714103572071 ], [ 458502.805079729529098, 3179575.6945904744789 ], [ 458483.118644072092138, 3179531.448725233320147 ], [ 458405.718229948543012, 3179731.147714103572071 ] ] ] } },
{ "type": "Feature", "properties": { "t": "river" }, "geometry": { "type": "Polygon", "coordinates": [ [ [ 453240.322519242879935, 3179695.368502181023359 ], [ 453142.190657046157867, 3179573.893145309295505 ], [ 453034.829163120884914, 3179585.405187822878361 ], [ 453240.322519242879935, 3179695.368502181023359 ] ] ] } },
{ "type": "Feature", "properties": { "t": "river" }, "geometry": { "type": "Polygon", "coordinates": [ [ [ 458365.670938650204334, 3179454.315264599397779 ], [ 458414.690176877949852, 3179509.535073732025921 ], [ 458462.364114273106679, 3179188.073078615125269 ], [ 458365.670938650204334, 3179454.315264599397779 ] ] ] } },
{ "type": "Feature", "properties": { "t": "river" }, "geometry": { "type": "Polygon", "coordinates": [ [ [ 454985.480207437707577, 3179012.660910092294216 ], [ 454810.792179278854746, 3179290.314932527486235 ], [ 455016.616059559804853, 3179488.940715117845684 ], [ 454985.480207437707577, 3179012.660910092294216 ] ] ] } },
{ "type": "Feature", "properties": { "t": "river" }, "geometry": { "type": "Polygon", "coordinates": [ [ [ 453776.115272906958126, 3179383.012400337029248 ], [ 453678.73638822324574, 3179449.874294182285666 ], [ 453864.126262154604774, 3179415.900346164125949 ], [ 453776.115272906958126, 3179383.012400337029248 ] ] ] } },
{ "type": "Feature", "properties": { "t": "river" }, "geometry": { "type": "Polygon", "coordinates": [ [ [ 458442.676896082179155, 3179143.827295080758631 ], [ 458539.729810783697758, 3178977.295789600349963 ], [ 458490.550897336332127, 3178877.759971785359085 ], [ 458442.676896082179155, 3179143.827295080758631 ] ] ] } },
{ "type": "Feature", "properties": { "t": "river" }, "geometry": { "type": "MultiPolygon", "coordinates": [ [ [ [ 456077.908097410341725, 3178687.193526425864547 ], [ 456237.841871916491073, 3178370.838216954376549 ], [ 456232.980114301957656, 3178376.396019801031798 ], [ 456232.960018514713738, 3178371.05208657309413 ], [ 456048.487830120720901, 3178654.067453354597092 ], [ 455764.152445529180113, 3178737.406766816508025 ], [ 455775.406260757124983, 3178743.734450077172369 ], [ 455754.075917681795545, 3178740.360368748661131 ], [ 455014.560005683859345, 3178957.153094338718802 ], [ 456077.908097410341725, 3178687.193526425864547 ] ], [ [ 456106.952120118774474, 3178620.609650779981166 ], [ 456077.782654475769959, 3178653.956851535476744 ], [ 456087.463986420480069, 3178631.762218369171023 ], [ 456106.952120118774474, 3178620.609650779981166 ] ] ], [ [ [ 456254.234475220844615, 3178338.414126432035118 ], [ 456239.253992799494881, 3178361.396235566120595 ], [ 456241.39605610613944, 3178363.808126682881266 ], [ 456254.234475220844615, 3178338.414126432035118 ] ] ], [ [ [ 456854.974816304864362, 3177571.065752155613154 ], [ 456854.871351670706645, 3177543.147002844139934 ], [ 456874.321004767494742, 3177520.916900011710823 ], [ 456874.450686699710786, 3177555.926123963668942 ], [ 456991.306969904107973, 3177465.089058521669358 ], [ 456897.235422538593411, 3177439.098146995063871 ], [ 456893.565636449609883, 3177443.292495312169194 ], [ 456894.629556363914162, 3177438.378187904134393 ], [ 456849.155609310255386, 3177425.814572680741549 ], [ 456672.95460261363769, 3177696.085645832587034 ], [ 456669.938423366809729, 3177710.019187431782484 ], [ 456662.47066528396681, 3177712.167229874525219 ], [ 456651.174298903846648, 3177729.495081537868828 ], [ 456854.974816304864362, 3177571.065752155613154 ] ], [ [ 456942.436350468022283, 3177454.190674835816026 ], [ 456932.752375515061431, 3177476.384529484435916 ], [ 456922.945463836484123, 3177465.341791976243258 ], [ 456942.436350468022283, 3177454.190674835816026 ] ], [ [ 456796.522839933866635, 3177609.837515749037266 ], [ 456815.848985056043603, 3177554.370702811516821 ], [ 456815.972269255202264, 3177587.607310711871833 ], [ 456796.522839933866635, 3177609.837515749037266 ] ] ], [ [ [ 456069.382204437104519, 3177096.000850270967931 ], [ 456082.114099713100586, 3177213.665507940109819 ], [ 456156.790812834864482, 3177230.103920874651521 ], [ 456069.382204437104519, 3177096.000850270967931 ] ] ], [ [ [ 456028.502329505397938, 3176464.925889272242785 ], [ 456011.072765979566611, 3176504.876170101109892 ], [ 456005.049584665743168, 3176501.48999196710065 ], [ 456010.973301811434794, 3176556.229937162715942 ], [ 456028.502329505397938, 3176464.925889272242785 ] ] ], [ [ [ 456039.996661144483369, 3176405.055808808188885 ], [ 455854.311107751273084, 3176239.572849457617849 ], [ 455844.030087766470388, 3176239.611819046083838 ], [ 455814.687153928331099, 3176228.644074224866927 ], [ 455795.111151830584276, 3176217.63933248212561 ], [ 455804.87813976383768, 3176217.602270371280611 ], [ 455847.55880637827795, 3176233.555342508945614 ], [ 455804.794068978459109, 3176195.444555144291371 ], [ 455754.499575236870442, 3176211.392315831035376 ], [ 455765.810187592462171, 3176217.750567955896258 ], [ 455746.318302404892165, 3176228.903624244499952 ], [ 455714.929737246653531, 3176223.939605177380145 ], [ 455521.889292108477093, 3176285.153560871724039 ], [ 455991.036935926938895, 3176372.003649252001196 ], [ 456000.764192966918927, 3176461.889796029310673 ], [ 456001.138609391171485, 3176460.597622231580317 ], [ 456010.779861872084439, 3176427.324152163229883 ], [ 456034.051301685220096, 3176436.02308960724622 ], [ 456039.996661144483369, 3176405.055808808188885 ] ], [ [ 456010.612491042818874, 3176383.008716923650354 ], [ 456020.4211712309625, 3176394.050692243967205 ], [ 456000.971199791063555, 3176416.282184708397835 ], [ 456000.929347725992557, 3176405.203325735405087 ], [ 456010.612491042818874, 3176383.008716923650354 ] ] ] ] } },
{ "type": "Feature", "properties": { "t": "river" }, "geometry": { "type": "MultiPolygon", "coordinates": [ [ [ [ 461481.245066436531488, 3176729.237102290149778 ], [ 461981.88435057818424, 3177427.062366907950491 ], [ 461520.384287891094573, 3176751.26559663657099 ], [ 461527.186771745036822, 3175853.849401836749166 ], [ 461481.245066436531488, 3176729.237102290149778 ] ] ], [ [ [ 461787.970047871000133, 3177935.831813046243042 ], [ 461822.883207581297029, 3177950.998771793674678 ], [ 462109.185361146286596, 3177613.492285373620689 ], [ 462058.224415350414347, 3177538.860067365691066 ], [ 461787.970047871000133, 3177935.831813046243042 ] ] ], [ [ [ 462218.262752906768583, 3178122.769424485508353 ], [ 462474.411778152396437, 3178819.914917537011206 ], [ 462237.721520920516923, 3178100.548374700825661 ], [ 461999.206397105881479, 3178027.599211289081722 ], [ 462218.262752906768583, 3178122.769424485508353 ] ] ] ] } },
{ "type": "Feature", "properties": { "t": "river" }, "geometry": { "type": "Polygon", "coordinates": [ [ [ 458626.587475559557788, 3178688.932283884845674 ], [ 458490.353296635614242, 3178822.365598544012755 ], [ 458666.001181936298963, 3178788.50332761136815 ], [ 458626.587475559557788, 3178688.932283884845674 ] ] ] } },
{ "type": "Feature", "properties": { "t": "river" }, "geometry": { "type": "Polygon", "coordinates": [ [ [ 458695.374235814146232, 3178810.557055484037846 ], [ 458782.825639422400855, 3178688.377867054194212 ], [ 458722.743203791440465, 3178267.588569157291204 ], [ 458695.374235814146232, 3178810.557055484037846 ] ] ] } },
{ "type": "Feature", "properties": { "t": "river" }, "geometry": { "type": "Polygon", "coordinates": [ [ [ 458957.226107433729339, 3178299.996355321723968 ], [ 459015.856371262634639, 3178310.868753417860717 ], [ 458849.495450519141741, 3178211.74473498063162 ], [ 458957.226107433729339, 3178299.996355321723968 ] ] ] } },
{ "type": "Feature", "properties": { "t": "river" }, "geometry": { "type": "Polygon", "coordinates": [ [ [ 459218.907231456250884, 3177734.047899764031172 ], [ 459208.947453599248547, 3177678.687853296753019 ], [ 459082.30451189953601, 3177767.76420671865344 ], [ 459218.907231456250884, 3177734.047899764031172 ] ] ] } },
{ "type": "Feature", "properties": { "t": "river" }, "geometry": { "type": "Polygon", "coordinates": [ [ [ 459208.947453599248547, 3177678.687853296753019 ], [ 459247.777674541343004, 3177612.077941133640707 ], [ 459081.564658035640605, 3177557.266009335406125 ], [ 459208.947453599248547, 3177678.687853296753019 ] ] ] } },
{ "type": "Feature", "properties": { "t": "river" }, "geometry": { "type": "Polygon", "coordinates": [ [ [ 454286.141802889760584, 3177475.396433240268379 ], [ 454374.51293953624554, 3177596.919440502300858 ], [ 454344.433388289122377, 3177397.614290806930512 ], [ 454286.141802889760584, 3177475.396433240268379 ] ] ] } },
{ "type": "Feature", "properties": { "t": "river" }, "geometry": { "type": "Polygon", "coordinates": [ [ [ 458942.772560747282114, 3176970.568415387533605 ], [ 458854.914785912900697, 3176981.957499799318612 ], [ 459051.68268397601787, 3177391.186267906334251 ], [ 458942.772560747282114, 3176970.568415387533605 ] ] ] } },
{ "type": "Feature", "properties": { "t": "river" }, "geometry": { "type": "Polygon", "coordinates": [ [ [ 454739.458131312741898, 3176011.191806323826313 ], [ 454324.292899959138595, 3177242.586484712548554 ], [ 454672.553761924733408, 3176388.139135154429823 ], [ 454739.458131312741898, 3176011.191806323826313 ] ] ] } },
{ "type": "Feature", "properties": { "t": "river" }, "geometry": { "type": "Polygon", "coordinates": [ [ [ 458853.975324294995517, 3176716.065285098738968 ], [ 458795.768083024711814, 3176827.060885913670063 ], [ 458797.994028880551923, 3176833.550457749515772 ], [ 458853.975324294995517, 3176716.065285098738968 ] ] ] } },
{ "type": "Feature", "properties": { "t": "river" }, "geometry": { "type": "MultiPolygon", "coordinates": [ [ [ [ 454770.652559932437725, 3176498.548150228802115 ], [ 454863.500299572013319, 3176629.122031974140555 ], [ 454868.835370706918184, 3176631.115727053023875 ], [ 454867.346019422693644, 3176634.530433481559157 ], [ 454967.058805145905353, 3176774.762999150902033 ], [ 454974.195884507556912, 3176774.735402670688927 ], [ 454839.191738249443006, 3176542.598334632348269 ], [ 454983.765860122104641, 3176043.482222962658852 ], [ 454852.102238370571285, 3176324.621911000926048 ], [ 454828.952366706391331, 3176420.768640290480107 ], [ 454815.762719757505693, 3176402.219959888607264 ], [ 454800.738115609739907, 3176434.303282568696886 ], [ 454819.400421984028071, 3176476.20087081566453 ], [ 454819.486376291548368, 3176498.358611100818962 ], [ 454799.866858499590307, 3176476.276661555748433 ], [ 454799.712466101918835, 3176436.493447070475668 ], [ 454770.652559932437725, 3176498.548150228802115 ] ], [ [ 454839.363576385658234, 3176586.913819084409624 ], [ 454839.277657042606734, 3176564.756076532881707 ], [ 454858.896953449118882, 3176586.838092178106308 ], [ 454839.363576385658234, 3176586.913819084409624 ] ] ], [ [ [ 455006.338945909286849, 3176830.006364180706441 ], [ 454977.521042755979579, 3176780.453084223903716 ], [ 454969.51382476685103, 3176778.215705604758114 ], [ 455006.338945909286849, 3176830.006364180706441 ] ] ] ] } },
{ "type": "Feature", "properties": { "t": "river" }, "geometry": { "type": "Polygon", "coordinates": [ [ [ 455191.561085851688404, 3176740.659921198152006 ], [ 455281.671216861053836, 3176622.472943493630737 ], [ 455269.268008122977335, 3176629.570867743343115 ], [ 455346.891474501753692, 3176496.324636357370764 ], [ 455320.850109183753375, 3176571.087531591765583 ], [ 455521.973903898033313, 3176307.311283523682505 ], [ 455006.039315176662058, 3176752.454253074713051 ], [ 455191.561085851688404, 3176740.659921198152006 ] ], [ [ 455152.409533340483904, 3176718.652556804940104 ], [ 455220.392168406862766, 3176618.679659312590957 ], [ 455201.114553674997296, 3176685.227996380999684 ], [ 455152.409533340483904, 3176718.652556804940104 ] ] ] } },
{ "type": "Feature", "properties": { "t": "river" }, "geometry": { "type": "Polygon", "coordinates": [ [ [ 458912.613641237956472, 3176726.937235112302005 ], [ 458960.977805707079824, 3176593.818987770937383 ], [ 458844.208785740775056, 3176716.099795422982424 ], [ 458912.613641237956472, 3176726.937235112302005 ] ] ] } },
{ "type": "Feature", "properties": { "t": "river" }, "geometry": { "type": "Polygon", "coordinates": [ [ [ 458724.654732708993834, 3176051.784371973015368 ], [ 458813.733829184668139, 3176383.838229940738529 ], [ 458834.734739860519767, 3175985.537242266349494 ], [ 458724.654732708993834, 3176051.784371973015368 ] ] ] } },
{ "type": "Feature", "properties": { "t": "river" }, "geometry": { "type": "Polygon", "coordinates": [ [ [ 455003.171760616649408, 3176010.170164706651121 ], [ 455129.76091003586771, 3175909.970655190758407 ], [ 455100.382289561501238, 3175890.141608061268926 ], [ 455061.518350479658693, 3175943.470780787058175 ], [ 455080.924643649486825, 3175910.158861504867673 ], [ 455099.158178193087224, 3175889.315399355720729 ], [ 455080.796486714738421, 3175876.922284046653658 ], [ 455003.000582782318816, 3175965.854719864204526 ], [ 455003.171760616649408, 3176010.170164706651121 ] ] ] } },
{ "type": "Feature", "properties": { "t": "river" }, "geometry": { "type": "MultiPolygon", "coordinates": [ [ [ [ 455079.023775398381986, 3175417.149779542349279 ], [ 455078.660719009989407, 3175322.979542131070048 ], [ 455419.514529970590957, 3175055.774252078030258 ], [ 455251.927690879441798, 3174657.572375471703708 ], [ 455680.932484894816298, 3174445.432237013243139 ], [ 455222.324837867170572, 3174580.13305265083909 ], [ 455360.864292916550767, 3175044.919767088256776 ], [ 455068.551207801734563, 3175234.386401887983084 ], [ 455071.802227003674489, 3175404.971096121706069 ], [ 455079.023775398381986, 3175417.149779542349279 ] ], [ [ 455380.400244384829421, 3175044.844948050100356 ], [ 455399.851391755510122, 3175022.612474233843386 ], [ 455399.936195560498163, 3175044.770161765161902 ], [ 455380.400244384829421, 3175044.844948050100356 ] ] ], [ [ [ 455072.775631421303842, 3175456.047190367709845 ], [ 455080.796486714738421, 3175876.922284046653658 ], [ 455079.194628882629331, 3175461.465189453214407 ], [ 455072.775631421303842, 3175456.047190367709845 ] ] ] ] } },
{ "type": "Feature", "properties": { "t": "river" }, "geometry": { "type": "Polygon", "coordinates": [ [ [ 459016.186560569040012, 3175629.754422073252499 ], [ 458966.022747287061065, 3175253.246419427450746 ], [ 458841.19445147953229, 3175863.029567812103778 ], [ 459016.186560569040012, 3175629.754422073252499 ] ] ] } },
{ "type": "Feature", "properties": { "t": "river" }, "geometry": { "type": "MultiPolygon", "coordinates": [ [ [ [ 459641.788875876751263, 3172946.469152364879847 ], [ 459759.40231369365938, 3173241.016058943234384 ], [ 459721.101019488880411, 3172871.65501076541841 ], [ 459641.788875876751263, 3172946.469152364879847 ] ] ], [ [ [ 460120.848316531279124, 3172967.505359915085137 ], [ 459983.233824622351676, 3172801.266781566198915 ], [ 460382.516505150473677, 3172423.221169017720968 ], [ 460263.267384460486937, 3172181.905495883896947 ], [ 460313.748729051556438, 3172312.666002760175616 ], [ 460116.590207396540791, 3172498.617735066451132 ], [ 460116.979003848216962, 3172499.40952191548422 ], [ 460147.787665932904929, 3172566.144539934583008 ], [ 460063.706762484449428, 3172597.383732787333429 ], [ 459996.343038082995918, 3172622.632129976991564 ], [ 459975.159664088103455, 3172632.014931864105165 ], [ 459732.344241609680466, 3172861.049544528126717 ], [ 460120.848316531279124, 3172967.505359915085137 ] ] ], [ [ [ 460136.559868452488445, 3171925.508952316362411 ], [ 459802.306976362480782, 3171858.481625083833933 ], [ 459809.699065380264074, 3171873.634933666791767 ], [ 460160.28835088852793, 3171973.523312674369663 ], [ 460136.559868452488445, 3171925.508952316362411 ] ] ], [ [ [ 460463.477692225715145, 3173563.267476493958384 ], [ 460522.786041946383193, 3173453.083184554241598 ], [ 460274.497005005076062, 3173153.120760766323656 ], [ 460463.477692225715145, 3173563.267476493958384 ] ] ], [ [ [ 460201.308118562330492, 3173720.069948915857822 ], [ 459978.369855354132596, 3174230.463504663202912 ], [ 460082.050497981254011, 3174271.949208685662597 ], [ 460427.077362606069073, 3173630.893978102598339 ], [ 460201.308118562330492, 3173720.069948915857822 ] ] ], [ [ [ 460805.887373971170746, 3174561.611712067387998 ], [ 460809.707328633288853, 3174526.769594704732299 ], [ 460516.352188702847343, 3174445.739424997474998 ], [ 460805.887373971170746, 3174561.611712067387998 ] ] ], [ [ [ 460762.805213456449565, 3175103.031403385102749 ], [ 460889.155711853294633, 3175107.383017678745091 ], [ 460778.466884007153567, 3174977.895517798606306 ], [ 460762.805213456449565, 3175103.031403385102749 ] ] ], [ [ [ 461272.943986842641607, 3175766.060367006342858 ], [ 461527.186771745036822, 3175853.849401836749166 ], [ 461158.872043502808083, 3175422.922599477227777 ], [ 461272.943986842641607, 3175766.060367006342858 ] ] ], [ [ [ 459457.358783021452837, 3173290.555258896201849 ], [ 459770.170787082053721, 3173344.86643059598282 ], [ 459762.188791240740102, 3173267.888481297995895 ], [ 459457.358783021452837, 3173290.555258896201849 ] ] ] ] } },
{ "type": "Feature", "properties": { "t": "river" }, "geometry": { "type": "Polygon", "coordinates": [ [ [ 454766.953026937146205, 3175545.765869580674917 ], [ 454826.761226646776777, 3175855.746528886724263 ], [ 455000.561536813504063, 3175334.359913889784366 ], [ 454766.953026937146205, 3175545.765869580674917 ] ] ] } },
{ "type": "Feature", "properties": { "t": "lake" }, "geometry": { "type": "Polygon", "coordinates": [ [ [ 463147.705992089118809, 3175582.716630972921848 ], [ 462864.944347607321106, 3175738.719165023881942 ], [ 462972.736990854667965, 3175849.165149918757379 ], [ 463147.705992089118809, 3175582.716630972921848 ] ] ] } },
{ "type": "Feature", "properties": { "t": "river" }, "geometry": { "type": "Polygon", "coordinates": [ [ [ 459473.137240045063663, 3175018.813749341294169 ], [ 459470.604248397808988, 3175012.717834191862494 ], [ 459073.19576142821461, 3175175.316823911387473 ], [ 459473.137240045063663, 3175018.813749341294169 ] ] ] } },
{ "type": "Feature", "properties": { "t": "river" }, "geometry": { "type": "Polygon", "coordinates": [ [ [ 459305.302513208647724, 3174509.767259570304304 ], [ 459237.660028691752814, 3174720.503523663152009 ], [ 459296.617516490572598, 3174820.007955733686686 ], [ 459305.302513208647724, 3174509.767259570304304 ] ] ] } },
{ "type": "Feature", "properties": { "t": "river" }, "geometry": { "type": "Polygon", "coordinates": [ [ [ 459256.34441066684667, 3174476.701479015406221 ], [ 459226.264093545556534, 3174255.227900645229965 ], [ 459069.927617686917074, 3174244.696863289922476 ], [ 459256.34441066684667, 3174476.701479015406221 ] ] ] } },
{ "type": "Feature", "properties": { "t": "river" }, "geometry": { "type": "Polygon", "coordinates": [ [ [ 455905.716446033678949, 3174399.630659636110067 ], [ 455915.12444712879369, 3174378.070181374438107 ], [ 455934.619621465681121, 3174366.917476212140173 ], [ 455906.047653129091486, 3174399.570054964162409 ], [ 455964.008945646230131, 3174388.964383066166192 ], [ 456382.314158929861151, 3173922.074483119882643 ], [ 455778.533164829364978, 3174422.903552869800478 ], [ 455905.716446033678949, 3174399.630659636110067 ] ], [ [ 456090.457147908222396, 3174244.460551942698658 ], [ 456119.596244726097211, 3174200.034892844967544 ], [ 456109.910996957565658, 3174222.229321029037237 ], [ 456090.457147908222396, 3174244.460551942698658 ] ], [ [ 456051.466132252360694, 3174266.765461679082364 ], [ 456032.096047908940818, 3174311.154449034482241 ], [ 456031.970679899503011, 3174277.917966407258064 ], [ 456051.466132252360694, 3174266.765461679082364 ] ] ] } },
{ "type": "Feature", "properties": { "t": "river" }, "geometry": { "type": "Polygon", "coordinates": [ [ [ 459069.305213804997038, 3174067.436048762872815 ], [ 459030.814245885587297, 3174233.755329255480319 ], [ 459069.966518988716416, 3174255.775665583088994 ], [ 459069.305213804997038, 3174067.436048762872815 ] ] ] } },
{ "type": "Feature", "properties": { "t": "river" }, "geometry": { "type": "Polygon", "coordinates": [ [ [ 459291.588326669007074, 3173379.764172496274114 ], [ 459077.47958686389029, 3173613.17110965680331 ], [ 459147.735202404903248, 3173824.788995750714093 ], [ 459291.588326669007074, 3173379.764172496274114 ] ] ] } },
{ "type": "Feature", "properties": { "t": "river" }, "geometry": { "type": "MultiPolygon", "coordinates": [ [ [ [ 458324.543034902249929, 3173416.417212952394038 ], [ 458648.501960684079677, 3173858.421269560232759 ], [ 458699.280080169613939, 3173838.355998171493411 ], [ 458324.543034902249929, 3173416.417212952394038 ] ] ], [ [ [ 458931.410817065683659, 3173746.631892779376358 ], [ 458875.160655987274367, 3173566.625122601166368 ], [ 458812.03420062083751, 3173793.801590068731457 ], [ 458931.410817065683659, 3173746.631892779376358 ] ] ] ] } },
{ "type": "Feature", "properties": { "t": "river" }, "geometry": { "type": "Polygon", "coordinates": [ [ [ 450921.463643980619963, 3171617.185071517713368 ], [ 451223.064753363316413, 3171305.707757231313735 ], [ 451125.213996312755626, 3171272.880107898730785 ], [ 450921.13744853110984, 3171539.63324089627713 ], [ 450921.463643980619963, 3171617.185071517713368 ] ], [ [ 451047.834614091669209, 3171461.547846918925643 ], [ 451018.335514868376777, 3171417.355536043643951 ], [ 451086.593643394473474, 3171383.832145584281534 ], [ 451047.834614091669209, 3171461.547846918925643 ] ] ] } },
{ "type": "Feature", "properties": { "t": "river" }, "geometry": { "type": "Polygon", "coordinates": [ [ [ 451503.113788685353938, 3170506.851905663032085 ], [ 451481.590264052269049, 3170030.544354911893606 ], [ 451125.213996312755626, 3171272.880107898730785 ], [ 451503.113788685353938, 3170506.851905663032085 ] ] ] } },
{ "type": "Feature", "properties": { "t": "river" }, "geometry": { "type": "Polygon", "coordinates": [ [ [ 459301.813657292630523, 3170709.71289714705199 ], [ 459506.055715915223118, 3170432.030578019563109 ], [ 459221.831639024487231, 3170678.945344291627407 ], [ 459225.389976868755184, 3170685.743029129691422 ], [ 459243.029514565540012, 3170665.602480668574572 ], [ 459311.430743882781826, 3170665.3638378046453 ], [ 459233.854378589603584, 3170702.342922653537244 ], [ 459249.523805804317817, 3170733.647186092566699 ], [ 459301.813657292630523, 3170709.71289714705199 ] ] ] } },
{ "type": "Feature", "properties": { "t": "river" }, "geometry": { "type": "Polygon", "coordinates": [ [ [ 460587.994771254714578, 3169619.571124884765595 ], [ 460459.977370626933407, 3169331.953861475922167 ], [ 460465.832834387372714, 3169486.115292695350945 ], [ 460519.950724617578089, 3169548.005381837487221 ], [ 460566.130196564598009, 3169606.98970509506762 ], [ 460584.518179875041824, 3169628.619043461978436 ], [ 460587.994771254714578, 3169619.571124884765595 ] ] ] } },
{ "type": "Feature", "properties": { "t": "river" }, "geometry": { "type": "Polygon", "coordinates": [ [ [ 451799.272145957627799, 3168865.935341520234942 ], [ 451663.181072338833474, 3169043.761381420772523 ], [ 451722.826871811936144, 3169287.252225473988801 ], [ 451799.272145957627799, 3168865.935341520234942 ] ], [ [ 451692.729321415070444, 3169099.034020953811705 ], [ 451682.86465788417263, 3169076.91686974465847 ], [ 451692.683497248857748, 3169087.955231712199748 ], [ 451692.729321415070444, 3169099.034020953811705 ] ] ] } },
{ "type": "Feature", "properties": { "t": "river" }, "geometry": { "type": "Polygon", "coordinates": [ [ [ 462178.502194915723521, 3168872.030053812544793 ], [ 462163.088719099061564, 3168815.678731600288302 ], [ 462158.884253694966901, 3168849.935963972005993 ], [ 462158.812468561634887, 3168827.778565254993737 ], [ 462161.752463390992489, 3168810.793436603154987 ], [ 462066.127981051395182, 3168461.205065663903952 ], [ 462060.433708131080493, 3168477.019805198069662 ], [ 462139.373972018598579, 3168861.078005671035498 ], [ 461897.625245147268288, 3168939.39337106840685 ], [ 461893.568717761198059, 3168950.545603765640408 ], [ 462178.502194915723521, 3168872.030053812544793 ] ] ] } },
{ "type": "Feature", "properties": { "t": "river" }, "geometry": { "type": "Polygon", "coordinates": [ [ [ 451329.374136585451197, 3168679.541272572707385 ], [ 451504.052654623170383, 3168379.682462804019451 ], [ 451367.775692166818772, 3168513.19667455740273 ], [ 451329.374136585451197, 3168679.541272572707385 ] ] ] } },
{ "type": "Feature", "properties": { "t": "river" }, "geometry": { "type": "Polygon", "coordinates": [ [ [ 451600.090530216228217, 3167969.36241149995476 ], [ 451472.33908381103538, 3167803.707837176509202 ], [ 451571.503447028284427, 3168146.744313255883753 ], [ 451600.090530216228217, 3167969.36241149995476 ] ] ] } },
{ "type": "Feature", "properties": { "t": "river" }, "geometry": { "type": "Polygon", "coordinates": [ [ [ 451314.384416749468073, 3167427.680148162413388 ], [ 451304.933164957445115, 3167505.272254912182689 ], [ 451372.846418942150194, 3167383.120904736686498 ], [ 451314.384416749468073, 3167427.680148162413388 ] ] ] } },
{ "type": "Feature", "properties": { "t": "river" }, "geometry": { "type": "Polygon", "coordinates": [ [ [ 451264.265058843651786, 3167128.757154782768339 ], [ 451725.092183950706385, 3167470.29217120539397 ], [ 451920.57934817741625, 3167469.486263447906822 ], [ 451883.178022202162538, 3167444.275232373271137 ], [ 451852.067554468056187, 3167447.610431666020304 ], [ 451871.570681137964129, 3167436.45114333787933 ], [ 451297.799950989312492, 3167049.720369176007807 ], [ 451264.265058843651786, 3167128.757154782768339 ] ] ] } },
{ "type": "Feature", "properties": { "t": "river" }, "geometry": { "type": "Polygon", "coordinates": [ [ [ 429593.155520594562404, 3180102.526118133682758 ], [ 430365.712273062788881, 3180297.307981903199106 ], [ 430559.403064142912626, 3180030.239921858068556 ], [ 430297.099281542352401, 3180253.40061365859583 ], [ 429534.369616585609037, 3180069.64328201347962 ], [ 428746.869486668962054, 3180628.42231187177822 ], [ 429593.155520594562404, 3180102.526118133682758 ] ] ] } },
{ "type": "Feature", "properties": { "t": "river" }, "geometry": { "type": "MultiPolygon", "coordinates": [ [ [ [ 431807.198016298701987, 3179679.391604447271675 ], [ 431805.352168708166573, 3179364.487694748677313 ], [ 431584.050127506314311, 3179924.45198942348361 ], [ 430695.836897333851084, 3179985.107909975573421 ], [ 431213.403294582443777, 3179993.115282409824431 ], [ 431109.672648495121393, 3180614.185229815542698 ], [ 431807.198016298701987, 3179679.391604447271675 ] ] ], [ [ [ 432987.159050353453495, 3179406.62627036916092 ], [ 432847.001663489034399, 3178809.140712403226644 ], [ 433481.607713779085316, 3178783.336949987336993 ], [ 433904.088618643581867, 3179235.188637876417488 ], [ 433887.770136675098911, 3179800.335562605876476 ], [ 433913.79043832316529, 3179224.054039259441197 ], [ 433481.481056399759836, 3178761.178688418585807 ], [ 432856.638937243027613, 3178786.92608729749918 ], [ 431979.83701062243199, 3177473.555298786144704 ], [ 431951.954053099732846, 3176044.462841238826513 ], [ 431901.382948252605274, 3177418.616357107646763 ], [ 432334.64205742807826, 3178025.463087119162083 ], [ 432300.534860635525547, 3178111.73874141369015 ], [ 432987.159050353453495, 3179406.62627036916092 ] ] ] ] } },
{ "type": "Feature", "properties": { "t": "river" }, "geometry": { "type": "Polygon", "coordinates": [ [ [ 436501.447223225608468, 3179209.644299713429064 ], [ 436491.501077146560419, 3179176.460295146331191 ], [ 436443.221969472942874, 3179276.438795674592257 ], [ 436501.447223225608468, 3179209.644299713429064 ] ] ] } },
{ "type": "Feature", "properties": { "t": "river" }, "geometry": { "type": "Polygon", "coordinates": [ [ [ 435219.799772542668507, 3178773.531175597105175 ], [ 435347.115570921218023, 3178839.29984599724412 ], [ 435200.207851365907118, 3178762.560801215935498 ], [ 434751.943862624815665, 3178931.25748426001519 ], [ 435219.799772542668507, 3178773.531175597105175 ] ] ] } },
{ "type": "Feature", "properties": { "t": "river" }, "geometry": { "type": "Polygon", "coordinates": [ [ [ 435057.690611646394245, 3175971.337606887798756 ], [ 435068.569682603352703, 3176170.706443190108985 ], [ 435857.093349453003611, 3177462.628512223716825 ], [ 435057.690611646394245, 3175971.337606887798756 ] ] ] } },
{ "type": "Feature", "properties": { "t": "river" }, "geometry": { "type": "Polygon", "coordinates": [ [ [ 430288.680897436803207, 3177217.649098176043481 ], [ 429798.285243890306447, 3176877.129136655014008 ], [ 429009.68903467268683, 3176668.338452628348023 ], [ 429005.572982881451026, 3176676.064699142705649 ], [ 429001.818186780204996, 3176681.944085711147636 ], [ 430288.680897436803207, 3177217.649098176043481 ] ] ] } },
{ "type": "Feature", "properties": { "t": "river" }, "geometry": { "type": "MultiPolygon", "coordinates": [ [ [ [ 429515.364902156754397, 3176112.695521331392229 ], [ 429496.680757560650818, 3176123.438470559194684 ], [ 429483.995989110379014, 3176130.675441920291632 ], [ 429414.165145435777958, 3176170.410081439651549 ], [ 429373.57316096778959, 3176191.416399590205401 ], [ 429331.675595311797224, 3176234.659171061590314 ], [ 429309.397607184597291, 3176272.651911078952253 ], [ 429281.615021803998388, 3176311.978275176137686 ], [ 429515.364902156754397, 3176112.695521331392229 ] ] ], [ [ [ 430517.590723488421645, 3176296.679563455283642 ], [ 429607.042060539359227, 3176060.124392540659755 ], [ 429604.070865600951947, 3176061.692339511122555 ], [ 429548.164193672477268, 3176093.836812224239111 ], [ 430517.590723488421645, 3176296.679563455283642 ] ] ] ] } },
{ "type": "Feature", "properties": { "t": "river" }, "geometry": { "type": "Polygon", "coordinates": [ [ [ 438508.758434098213911, 3176550.894340657629073 ], [ 438554.729380490956828, 3176007.76402641274035 ], [ 438449.337183661933523, 3176396.097375662997365 ], [ 438508.758434098213911, 3176550.894340657629073 ] ] ] } },
{ "type": "Feature", "properties": { "t": "river" }, "geometry": { "type": "MultiPolygon", "coordinates": [ [ [ [ 430973.443906227708794, 3176233.217981006018817 ], [ 430945.076204316690564, 3176234.656439847778529 ], [ 430861.278516102407593, 3176226.906276273075491 ], [ 430816.660179151687771, 3176217.912794502452016 ], [ 430802.582400717539713, 3176215.044763619545847 ], [ 430795.787084391398821, 3176213.660373182967305 ], [ 430784.560388902260456, 3176211.51735175261274 ], [ 430585.895573971734848, 3176285.192786555737257 ], [ 430973.443906227708794, 3176233.217981006018817 ] ] ], [ [ [ 431191.008378511527553, 3176204.045883723534644 ], [ 431201.47933444310911, 3176192.026266540866345 ], [ 431175.570231885591056, 3176201.916479622479528 ], [ 431139.483611608098727, 3176210.954192601144314 ], [ 431191.008378511527553, 3176204.045883723534644 ] ] ] ] } },
{ "type": "Feature", "properties": { "t": "river" }, "geometry": { "type": "Polygon", "coordinates": [ [ [ 432126.412704742862843, 3175810.775912320706993 ], [ 432193.819035879918374, 3175644.191227262839675 ], [ 431961.397964198025875, 3175989.010239182971418 ], [ 432126.412704742862843, 3175810.775912320706993 ] ] ] } },
{ "type": "Feature", "properties": { "t": "river" }, "geometry": { "type": "Polygon", "coordinates": [ [ [ 434907.279116182413418, 3175274.174096159636974 ], [ 434652.626232496928424, 3175153.725891727954149 ], [ 435038.155676606460474, 3175971.446526037529111 ], [ 434907.279116182413418, 3175274.174096159636974 ] ] ] } },
{ "type": "Feature", "properties": { "t": "river" }, "geometry": { "type": "Polygon", "coordinates": [ [ [ 438729.609956765954848, 3175829.573598260059953 ], [ 438680.364107043540571, 3175752.277386732865125 ], [ 438486.065179141121916, 3175952.729721125215292 ], [ 438729.609956765954848, 3175829.573598260059953 ] ] ] } },
{ "type": "Feature", "properties": { "t": "river" }, "geometry": { "type": "MultiPolygon", "coordinates": [ [ [ [ 433857.632429921126459, 3174493.445696853566915 ], [ 434652.874751933442894, 3175198.042145114392042 ], [ 433896.644497801258694, 3174482.144963446538895 ], [ 433921.269745928468183, 3174212.580679282546043 ], [ 433857.632429921126459, 3174493.445696853566915 ] ] ], [ [ [ 434007.033908942015842, 3173273.864030844066292 ], [ 433987.283564915764146, 3173304.097537206020206 ], [ 433992.467605053912848, 3173349.738756319507957 ], [ 433991.154597647255287, 3173398.232358506415039 ], [ 433993.309653318719938, 3173424.06849542632699 ], [ 434007.033908942015842, 3173273.864030844066292 ] ] ] ] } },
{ "type": "Feature", "properties": { "t": "river" }, "geometry": { "type": "MultiPolygon", "coordinates": [ [ [ [ 476642.987668863439467, 3207776.649254854768515 ], [ 476896.94535266776802, 3208130.672389000654221 ], [ 476643.659627249813639, 3207700.503321243450046 ], [ 476642.987668863439467, 3207776.649254854768515 ] ] ], [ [ [ 476793.545566367276479, 3206820.720329431816936 ], [ 476650.908086731040385, 3206879.215538485907018 ], [ 476643.717698399967048, 3207693.922808832023293 ], [ 476793.545566367276479, 3206820.720329431816936 ] ] ], [ [ [ 478744.505452431098092, 3206487.388759753666818 ], [ 479474.057642451138236, 3205898.868327081203461 ], [ 479162.339774073683657, 3205910.507147904019803 ], [ 478686.037058505171444, 3206476.417611124459654 ], [ 477682.637498307507485, 3206456.159778846427798 ], [ 477601.18244302936364, 3206489.55553090153262 ], [ 478744.505452431098092, 3206487.388759753666818 ] ] ] ] } },
{ "type": "Feature", "properties": { "t": "river" }, "geometry": { "type": "Polygon", "coordinates": [ [ [ 480282.096744536480401, 3205587.239908500574529 ], [ 480807.208805216476321, 3205010.236410812940449 ], [ 481059.586624884919729, 3204444.781761579215527 ], [ 480970.436313139565755, 3203558.596752746962011 ], [ 480804.847376357822213, 3203592.108667705208063 ], [ 481020.650987562141381, 3204467.004117988515645 ], [ 480700.170597421005368, 3205087.969340111128986 ], [ 480350.140060678648297, 3205498.490254317875952 ], [ 479473.978680304018781, 3205854.551721446681768 ], [ 480282.096744536480401, 3205587.239908500574529 ] ] ] } },
{ "type": "Feature", "properties": { "t": "river" }, "geometry": { "type": "MultiPolygon", "coordinates": [ [ [ [ 485640.257743802387267, 3205601.473968067206442 ], [ 485716.360307071649004, 3205584.245341897476465 ], [ 485620.71836435777368, 3205557.181762214750051 ], [ 485602.755088835896458, 3205536.804502450395375 ], [ 485640.257743802387267, 3205601.473968067206442 ] ] ], [ [ [ 485779.320554429548793, 3205569.992383851669729 ], [ 486036.276335002097767, 3205511.826602270361036 ], [ 485437.247773352544755, 3205251.414324101060629 ], [ 485512.176013148855418, 3205380.613717493601143 ], [ 485779.320554429548793, 3205569.992383851669729 ] ] ], [ [ [ 486575.247699621831998, 3205389.842929394450039 ], [ 486628.012755837116856, 3205285.321151967626065 ], [ 486536.278857248427812, 3205389.888399350922555 ], [ 486565.389228115964215, 3205290.142198265064508 ], [ 486672.400697524251882, 3205157.068322988692671 ], [ 486637.606505763716996, 3205266.317220367956907 ], [ 486934.769295399892144, 3204677.713038816582412 ], [ 486856.950473766773939, 3204669.374716377817094 ], [ 486536.201180965115782, 3205323.413673244882375 ], [ 486228.8053530746256, 3205468.248927293345332 ], [ 486575.247699621831998, 3205389.842929394450039 ] ] ] ] } },
{ "type": "Feature", "properties": { "t": "river" }, "geometry": { "type": "MultiPolygon", "coordinates": [ [ [ [ 481408.424085983831901, 3203258.745510402135551 ], [ 481348.965541039069649, 3203083.59248068369925 ], [ 480999.57636748207733, 3203503.152990554925054 ], [ 481408.424085983831901, 3203258.745510402135551 ] ] ], [ [ [ 481435.320329735928681, 3201807.337041693273932 ], [ 481445.323772762320004, 3201738.3282988849096 ], [ 481026.110572994861286, 3201863.398331009782851 ], [ 481060.701472456334159, 3201983.994313893839717 ], [ 481435.320329735928681, 3201807.337041693273932 ] ] ], [ [ [ 482019.34516452299431, 3201363.247865077108145 ], [ 482027.128122506430373, 3201151.09552816208452 ], [ 482009.461352656478994, 3201274.630459354724735 ], [ 481551.342322157230228, 3201231.037354650907218 ], [ 481543.638305095315445, 3201280.822684100363404 ], [ 482019.34516452299431, 3201363.247865077108145 ] ] ], [ [ [ 482326.240239803271834, 3200497.40309155266732 ], [ 482125.157266211987007, 3200465.676808179821819 ], [ 482109.345014289254323, 3200576.230138724204153 ], [ 482326.240239803271834, 3200497.40309155266732 ] ] ], [ [ [ 483100.039232069160789, 3200630.394593285396695 ], [ 483422.285931692807935, 3201062.011611856054515 ], [ 483168.262944719172083, 3200630.294904504437 ], [ 483023.760010346479248, 3200607.484218159690499 ], [ 483100.039232069160789, 3200630.394593285396695 ] ] ] ] } },
{ "type": "Feature", "properties": { "t": "river" }, "geometry": { "type": "MultiPolygon", "coordinates": [ [ [ [ 483657.050056799664162, 3201671.026829317212105 ], [ 483587.997382128611207, 3201083.932937911245972 ], [ 483588.769476762623526, 3201626.807360845152289 ], [ 484083.841185997007415, 3202235.464208409190178 ], [ 483657.050056799664162, 3201671.026829317212105 ] ] ], [ [ [ 484039.158274663379416, 3203144.012927091680467 ], [ 484351.451172456145287, 3203498.116663483437151 ], [ 484087.802425805013627, 3203088.550123859196901 ], [ 484359.977955400769133, 3202600.696935354266316 ], [ 484277.318621892482042, 3202491.364316379651427 ], [ 484039.158274663379416, 3203144.012927091680467 ] ] ] ] } },
{ "type": "Feature", "properties": { "t": "river" }, "geometry": { "type": "Polygon", "coordinates": [ [ [ 458762.672247299924493, 3205898.993078955449164 ], [ 458821.203230368904769, 3205920.942535893525928 ], [ 458752.573267943633255, 3205799.314509398769587 ], [ 458762.672247299924493, 3205898.993078955449164 ] ] ] } },
{ "type": "Feature", "properties": { "t": "river" }, "geometry": { "type": "Polygon", "coordinates": [ [ [ 454178.303029444883578, 3204498.142811203375459 ], [ 454187.826044822460972, 3204442.707636786159128 ], [ 454148.676784898503684, 3204398.545450219418854 ], [ 454178.303029444883578, 3204498.142811203375459 ] ] ] } },
{ "type": "Feature", "properties": { "t": "river" }, "geometry": { "type": "Polygon", "coordinates": [ [ [ 454079.326281495334115, 3204110.755505315028131 ], [ 454050.095709712419193, 3204110.871982685290277 ], [ 454030.917933870514389, 3204188.504674021620303 ], [ 454079.326281495334115, 3204110.755505315028131 ] ] ] } },
{ "type": "Feature", "properties": { "t": "river" }, "geometry": { "type": "Polygon", "coordinates": [ [ [ 455370.84033341833856, 3202975.581131527200341 ], [ 455223.425897811132018, 3202654.849291738588363 ], [ 455226.350995536136907, 3203408.238884508609772 ], [ 455370.84033341833856, 3202975.581131527200341 ] ] ] } },
{ "type": "Feature", "properties": { "t": "river" }, "geometry": { "type": "Polygon", "coordinates": [ [ [ 455095.795352503657341, 3202411.59823323879391 ], [ 455028.358255910861772, 3202611.290534751489758 ], [ 455106.488992483995389, 3202655.303853101562709 ], [ 455095.795352503657341, 3202411.59823323879391 ] ] ] } },
{ "type": "Feature", "properties": { "t": "river" }, "geometry": { "type": "Polygon", "coordinates": [ [ [ 455153.705091681622434, 3202267.340528049506247 ], [ 455123.478610300633591, 3202012.631554867140949 ], [ 455105.281578479276504, 3202345.084801097400486 ], [ 455153.705091681622434, 3202267.340528049506247 ] ] ] } },
{ "type": "Feature", "properties": { "t": "river" }, "geometry": { "type": "Polygon", "coordinates": [ [ [ 455054.873152508342173, 3201913.183915099129081 ], [ 454996.314495880506001, 3201891.253366012591869 ], [ 455104.031155525590293, 3202023.786632513161749 ], [ 455054.873152508342173, 3201913.183915099129081 ] ] ] } },
{ "type": "Feature", "properties": { "t": "river" }, "geometry": { "type": "Polygon", "coordinates": [ [ [ 454983.889313381921966, 3201204.378579926211387 ], [ 454856.498283403809182, 3201027.605765654705465 ], [ 454651.829743617970962, 3201028.408164662774652 ], [ 454983.889313381921966, 3201204.378579926211387 ] ] ] } },
{ "type": "Feature", "properties": { "t": "river" }, "geometry": { "type": "Polygon", "coordinates": [ [ [ 454622.199323615408503, 3200928.809988286346197 ], [ 454552.710768788936548, 3200607.780731567647308 ], [ 454583.345294293307234, 3200962.201033398974687 ], [ 454622.199323615408503, 3200928.809988286346197 ] ] ] } },
{ "type": "Feature", "properties": { "t": "river" }, "geometry": { "type": "Polygon", "coordinates": [ [ [ 453937.886715630418621, 3200410.78850624198094 ], [ 454357.562147721240763, 3200553.153728561475873 ], [ 453918.260729675588664, 3200377.628613973967731 ], [ 453188.2480468886788, 3200624.31313092680648 ], [ 452707.493466717016418, 3199850.713102709967643 ], [ 453198.084372470097151, 3200646.432089276146144 ], [ 453937.886715630418621, 3200410.78850624198094 ] ] ] } },
{ "type": "Feature", "properties": { "t": "river" }, "geometry": { "type": "Polygon", "coordinates": [ [ [ 452254.093279550783336, 3199340.412812517490238 ], [ 452110.390812323312275, 3199243.805913047399372 ], [ 452668.186991043330636, 3199773.318233237136155 ], [ 452716.423941954853944, 3199651.247006538324058 ], [ 452331.089937313983683, 3199392.176774374209344 ], [ 452315.732062598282937, 3199398.068083241116256 ], [ 452237.476924872375093, 3199331.914963277522475 ], [ 452254.093279550783336, 3199340.412812517490238 ] ] ] } },
{ "type": "Feature", "properties": { "t": "river" }, "geometry": { "type": "Polygon", "coordinates": [ [ [ 451699.691796917468309, 3198935.292397497221828 ], [ 451631.224354700825643, 3198880.181804991792887 ], [ 451582.438063245441299, 3198869.30678756441921 ], [ 451699.691796917468309, 3198935.292397497221828 ] ] ] } },
{ "type": "Feature", "properties": { "t": "river" }, "geometry": { "type": "Polygon", "coordinates": [ [ [ 426977.480590205290355, 3205037.259269292000681 ], [ 427114.935528333939146, 3205202.589776258450001 ], [ 427175.086400257248897, 3203928.005428392440081 ], [ 427163.413645812310278, 3203916.68667263770476 ], [ 427066.866852892388124, 3204498.519792450591922 ], [ 427071.406508521409705, 3204482.662444584537297 ], [ 427081.430474773107562, 3204526.919173324480653 ], [ 427063.794047747505829, 3204517.038941147271544 ], [ 426977.480590205290355, 3205037.259269292000681 ] ], [ [ 427101.127814612642396, 3204560.034688751678914 ], [ 427091.314200635708403, 3204549.016723832581192 ], [ 427110.591083095932845, 3204515.65469441562891 ], [ 427101.127814612642396, 3204560.034688751678914 ] ] ] } },
{ "type": "Feature", "properties": { "t": "river" }, "geometry": { "type": "Polygon", "coordinates": [ [ [ 433274.911076878954191, 3203902.167762517463416 ], [ 433098.233558489824645, 3203681.594141603913158 ], [ 433327.219664232921787, 3204522.338264737278223 ], [ 433274.911076878954191, 3203902.167762517463416 ] ] ] } },
{ "type": "Feature", "properties": { "t": "river" }, "geometry": { "type": "Polygon", "coordinates": [ [ [ 427953.364773706416599, 3203723.675400743726641 ], [ 428795.61041102791205, 3204405.402264644857496 ], [ 428871.645254227682017, 3204094.693184860982001 ], [ 428964.426674701506272, 3204090.603482667822391 ], [ 427953.364773706416599, 3203723.675400743726641 ] ], [ [ 428618.441225696122274, 3204118.41822580434382 ], [ 428599.090720701031387, 3204140.698045651894063 ], [ 428579.32843352179043, 3204096.500495903193951 ], [ 428618.441225696122274, 3204118.41822580434382 ] ], [ [ 428237.050584009499289, 3203899.186134031508118 ], [ 428207.887372526689433, 3203910.447699708398432 ], [ 428266.696421111235395, 3203965.481623795814812 ], [ 428129.589549089258071, 3203855.53553823987022 ], [ 428237.050584009499289, 3203899.186134031508118 ] ] ] } },
{ "type": "Feature", "properties": { "t": "river" }, "geometry": { "type": "Polygon", "coordinates": [ [ [ 426844.139737279445399, 3203985.500875524245203 ], [ 426803.47545304329833, 3203719.838168315123767 ], [ 426688.235405767394695, 3203986.491242118645459 ], [ 426844.139737279445399, 3203985.500875524245203 ] ] ] } },
{ "type": "Feature", "properties": { "t": "river" }, "geometry": { "type": "MultiPolygon", "coordinates": [ [ [ [ 427258.099941289168783, 3203185.120148167014122 ], [ 427377.05979675258277, 3203505.690717820543796 ], [ 427836.364758420386352, 3203713.32710127485916 ], [ 427415.270278608484659, 3203383.569986593909562 ], [ 427221.048320708272513, 3202715.085930421482772 ], [ 427238.261030503432266, 3203129.845244164112955 ], [ 426859.481153310276568, 3203331.681777826976031 ], [ 426803.47545304329833, 3203719.838168315123767 ], [ 427258.099941289168783, 3203185.120148167014122 ] ], [ [ 427582.110024045687169, 3203570.881130414549261 ], [ 427445.131272253696807, 3203483.102160429116338 ], [ 427395.920764317503199, 3203405.851825914345682 ], [ 427582.110024045687169, 3203570.881130414549261 ] ], [ [ 427315.660273249261081, 3203040.717082791030407 ], [ 427266.656719270686153, 3202996.705994809512049 ], [ 427266.3073458916042, 3202941.308153903577477 ], [ 427315.660273249261081, 3203040.717082791030407 ] ] ], [ [ [ 427316.749112711986527, 3201666.790430372580886 ], [ 427840.814285323082004, 3201308.942034892272204 ], [ 427906.823377313325182, 3200953.970598686952144 ], [ 427716.574129186046775, 3200146.323398626409471 ], [ 426706.137298010115046, 3199133.336442794185132 ], [ 427717.059719141980167, 3200223.880046176258475 ], [ 427848.344000305805821, 3200954.336034077219665 ], [ 427743.559762937307823, 3201342.790490109939128 ], [ 427180.794981303508393, 3201745.207580785267055 ], [ 427219.054545307182707, 3202667.044869917910546 ], [ 427316.749112711986527, 3201666.790430372580886 ] ], [ [ 427250.483426022401545, 3201977.447819586843252 ], [ 427230.782359074102715, 3201944.332081324886531 ], [ 427240.458223983179778, 3201933.191062581725419 ], [ 427250.483426022401545, 3201977.447819586843252 ] ], [ [ 427210.0327013223432, 3201745.023093208204955 ], [ 427239.200551459740382, 3201733.759129258338362 ], [ 427210.172495773585979, 3201767.182195453438908 ], [ 427210.0327013223432, 3201745.023093208204955 ] ] ] ] } },
{ "type": "Feature", "properties": { "t": "river" }, "geometry": { "type": "MultiPolygon", "coordinates": [ [ [ [ 431805.962847605056595, 3201018.912512790411711 ], [ 430772.174816873739474, 3200914.268318964634091 ], [ 431846.180036234436557, 3201068.383057189173996 ], [ 431805.962847605056595, 3201018.912512790411711 ] ] ], [ [ [ 431915.33079456188716, 3201383.90237793745473 ], [ 432336.350372782384511, 3201671.378812736365944 ], [ 431888.990690235048532, 3201121.044395440258086 ], [ 431915.33079456188716, 3201383.90237793745473 ] ] ], [ [ [ 432864.508674661861733, 3202032.052377983462065 ], [ 432917.571296810405329, 3202597.607921557035297 ], [ 432942.408822764293291, 3202020.51946781296283 ], [ 432853.033110307180323, 3202024.215346198063344 ], [ 432864.508674661861733, 3202032.052377983462065 ] ] ], [ [ [ 432655.087107116880361, 3202886.422713634092361 ], [ 433049.512700783321634, 3203681.876949043478817 ], [ 433136.182240927766543, 3203504.096044740639627 ], [ 432704.393207479908597, 3202985.853765650186688 ], [ 432908.066469557234086, 3202818.469079358968884 ], [ 432912.896575038321316, 3202706.231750506907701 ], [ 432655.087107116880361, 3202886.422713634092361 ] ] ] ] } },
{ "type": "Feature", "properties": { "t": "river" }, "geometry": { "type": "MultiPolygon", "coordinates": [ [ [ [ 429862.042815124383196, 3200310.368347527459264 ], [ 428260.079206453869119, 3199766.215397243853658 ], [ 427837.680005756090395, 3199248.090243265964091 ], [ 428133.154048496275209, 3199733.764876433182508 ], [ 429501.739359369850717, 3200367.962585706263781 ], [ 429592.503824880346656, 3200866.004796269349754 ], [ 430248.338806048035622, 3201327.378732193261385 ], [ 429621.608530429948587, 3200843.667454466689378 ], [ 429511.21578196057817, 3200323.585068642161787 ], [ 429893.683883195044473, 3200341.952477029990405 ], [ 429862.042815124383196, 3200310.368347527459264 ] ] ], [ [ [ 430411.48568767105462, 3200905.35750444419682 ], [ 430693.736725235416088, 3200837.179828409105539 ], [ 430576.044308895652648, 3200716.008322974666953 ], [ 430391.59164613392204, 3200838.998079469893128 ], [ 430095.409275406738743, 3200543.320901325903833 ], [ 430411.48568767105462, 3200905.35750444419682 ] ] ] ] } },
{ "type": "Feature", "properties": { "t": "river" }, "geometry": { "type": "MultiPolygon", "coordinates": [ [ [ [ 435082.221724301052745, 3199526.408597570843995 ], [ 435070.180831325473264, 3199529.217079458758235 ], [ 435242.687442315684166, 3199654.095018004998565 ], [ 435247.683244375628419, 3199481.160546586848795 ], [ 434924.573624696175102, 3199228.142218220047653 ], [ 434808.224208113737404, 3199339.596098219975829 ], [ 435059.285462814325001, 3199521.330072862096131 ], [ 435082.221724301052745, 3199526.408597570843995 ] ] ], [ [ [ 435172.625430855725426, 3200002.330721626989543 ], [ 435231.482617789704818, 3200041.989446263294667 ], [ 435241.643390030076262, 3199690.236884312238544 ], [ 435172.625430855725426, 3200002.330721626989543 ] ] ], [ [ [ 435612.919795479567256, 3200299.020490696188062 ], [ 435547.351040514360648, 3200775.816511099692434 ], [ 435617.431332582840696, 3201107.81863514566794 ], [ 435642.222528761427384, 3200309.936858638655394 ], [ 435368.314630444161594, 3200134.190804963000119 ], [ 435612.919795479567256, 3200299.020490696188062 ] ] ] ] } },
{ "type": "Feature", "properties": { "t": "river" }, "geometry": { "type": "Polygon", "coordinates": [ [ [ 438845.041403821436688, 3199550.18666307721287 ], [ 438825.722344811249059, 3199583.52804108383134 ], [ 438845.628176453930791, 3199660.980384149588645 ], [ 438845.041403821436688, 3199550.18666307721287 ] ] ] } },
{ "type": "Feature", "properties": { "t": "river" }, "geometry": { "type": "Polygon", "coordinates": [ [ [ 434728.676288071088493, 3199063.051197749562562 ], [ 434670.12533843977144, 3199052.302474093623459 ], [ 434788.791148292832077, 3199350.78558656712994 ], [ 434728.676288071088493, 3199063.051197749562562 ] ] ] } },
{ "type": "Feature", "properties": { "t": "river" }, "geometry": { "type": "Polygon", "coordinates": [ [ [ 438832.59448687575059, 3199040.587377682328224 ], [ 438794.776803029817529, 3199262.381268157623708 ], [ 438843.867914418049622, 3199328.59926973329857 ], [ 438832.59448687575059, 3199040.587377682328224 ] ] ] } },
{ "type": "Feature", "properties": { "t": "river" }, "geometry": { "type": "Polygon", "coordinates": [ [ [ 427913.589483383111656, 3198915.218162176664919 ], [ 427678.520705050439574, 3198739.408668578602374 ], [ 426657.185616941074841, 3199100.407301178202033 ], [ 427913.589483383111656, 3198915.218162176664919 ] ] ] } },
{ "type": "Feature", "properties": { "t": "river" }, "geometry": { "type": "Polygon", "coordinates": [ [ [ 434446.171561409079004, 3199097.890529967378825 ], [ 434562.896713855443522, 3199052.909507754724473 ], [ 434397.179723137873225, 3199053.849609117954969 ], [ 434446.171561409079004, 3199097.890529967378825 ] ] ] } },
{ "type": "Feature", "properties": { "t": "river" }, "geometry": { "type": "MultiPolygon", "coordinates": [ [ [ [ 433699.407977098599076, 3198071.73334962176159 ], [ 433294.970412918482907, 3197254.157554014585912 ], [ 433591.924991974025033, 3196332.827385108917952 ], [ 433373.458830950898118, 3195647.139641097746789 ], [ 433070.60224673099583, 3195549.17070771381259 ], [ 433127.122553202556446, 3195205.371503585018218 ], [ 434019.947007818962447, 3194446.822873742319643 ], [ 433117.307159372081514, 3195194.348511118907481 ], [ 433031.662256293231621, 3195560.475889496970922 ], [ 433324.767961949866731, 3195658.500021881889552 ], [ 433562.419217224058229, 3196288.677891266532242 ], [ 433265.913551349076442, 3197287.564621089026332 ], [ 433621.034865547902882, 3198005.704686981160194 ], [ 433468.369508202304132, 3198582.731598121579736 ], [ 433522.947788404126186, 3198623.96509653981775 ], [ 433699.407977098599076, 3198071.73334962176159 ] ] ], [ [ [ 434006.877435030299239, 3198989.59446279797703 ], [ 434071.716337810386904, 3198944.833563960622996 ], [ 433724.676768308505416, 3198776.374651674181223 ], [ 434006.877435030299239, 3198989.59446279797703 ] ] ], [ [ [ 434296.995095252525061, 3198789.320188905578107 ], [ 434288.312219055311289, 3198766.394347118213773 ], [ 434187.487909018469509, 3198864.913589876145124 ], [ 434296.995095252525061, 3198789.320188905578107 ] ] ] ] } },
{ "type": "Feature", "properties": { "t": "river" }, "geometry": { "type": "Polygon", "coordinates": [ [ [ 434728.613673677144106, 3199051.971784488297999 ], [ 434660.189243801229168, 3199019.119376469403505 ], [ 434494.660309659666382, 3199053.296320310793817 ], [ 434728.613673677144106, 3199051.971784488297999 ] ] ] } },
{ "type": "Feature", "properties": { "t": "river" }, "geometry": { "type": "Polygon", "coordinates": [ [ [ 438832.535809849970974, 3199029.508013839833438 ], [ 438841.75582119054161, 3198929.742125685326755 ], [ 438803.291773183387704, 3199029.662928925361484 ], [ 438832.535809849970974, 3199029.508013839833438 ] ] ] } },
{ "type": "Feature", "properties": { "t": "river" }, "geometry": { "type": "MultiPolygon", "coordinates": [ [ [ [ 436495.14552698796615, 3197657.158983937930316 ], [ 436812.205194532580208, 3196802.284597690682858 ], [ 436447.194766516797245, 3196028.707493389025331 ], [ 436699.678710974054411, 3195838.968008181080222 ], [ 436199.823880853131413, 3195376.368492466397583 ], [ 436226.633794240886346, 3194933.0336540248245 ], [ 435385.219119763060007, 3194439.11730538867414 ], [ 436207.375189785729162, 3194977.458534899633378 ], [ 436180.68844378500944, 3195442.952143839560449 ], [ 436553.113711390120443, 3195784.372881413903087 ], [ 436359.805435663205571, 3196095.666262933984399 ], [ 436782.713060114532709, 3196758.127107866108418 ], [ 436416.908032312232535, 3197613.27038339106366 ], [ 436504.83547882939456, 3197663.836004875600338 ], [ 436495.14552698796615, 3197657.158983937930316 ] ] ], [ [ [ 437220.740421759604942, 3198417.693138197995722 ], [ 438036.48676526726922, 3198719.443653334397823 ], [ 437204.30923091241857, 3198145.861532392445952 ], [ 437220.740421759604942, 3198417.693138197995722 ] ] ], [ [ [ 438549.194999346509576, 3198909.135600609239191 ], [ 438801.82420667540282, 3198752.678877182304859 ], [ 438135.910445284913294, 3198756.226197773590684 ], [ 438549.194999346509576, 3198909.135600609239191 ] ] ] ] } },
{ "type": "Feature", "properties": { "t": "river" }, "geometry": { "type": "MultiPolygon", "coordinates": [ [ [ [ 412684.510861945338547, 3205181.013680945616215 ], [ 412077.975715991517063, 3204864.29167573293671 ], [ 412050.71161158522591, 3203845.096972187049687 ], [ 411929.959657669649459, 3204621.651383410207927 ], [ 412386.09174564271234, 3205659.738906363025308 ], [ 412147.954379729111679, 3205096.447921783197671 ], [ 412587.49826672981726, 3205237.151465126313269 ], [ 412618.794335930724628, 3206053.420094769913703 ], [ 412684.510861945338547, 3205181.013680945616215 ] ], [ [ 412017.65359285712475, 3204620.981650468893349 ], [ 411995.459149501111824, 3204266.576129480265081 ], [ 412034.942727008135989, 3204332.757553028874099 ], [ 412017.65359285712475, 3204620.981650468893349 ] ], [ [ 411959.698770445538685, 3204687.90701709035784 ], [ 411948.939353508525528, 3204555.023548854514956 ], [ 411969.103988184826449, 3204643.513291679788381 ], [ 411959.698770445538685, 3204687.90701709035784 ] ] ], [ [ [ 412638.589248035685159, 3206569.742802693042904 ], [ 412909.080882323498372, 3206691.984599153045565 ], [ 412933.39885866799159, 3206684.451588190160692 ], [ 412631.736237161734607, 3206390.989022174384445 ], [ 412638.589248035685159, 3206569.742802693042904 ] ] ] ] } },
{ "type": "Feature", "properties": { "t": "river" }, "geometry": { "type": "Polygon", "coordinates": [ [ [ 413576.3036447330378, 3204794.390660228207707 ], [ 413681.512994129618164, 3204298.149292257614434 ], [ 413336.807916916441172, 3203813.197160126175731 ], [ 413576.3036447330378, 3204794.390660228207707 ] ] ] } },
{ "type": "Feature", "properties": { "t": "river" }, "geometry": { "type": "Polygon", "coordinates": [ [ [ 412888.89907236257568, 3203860.894365927670151 ], [ 412835.208096855785698, 3204492.885088703129441 ], [ 412986.008523010299541, 3203815.839340151753277 ], [ 412888.89907236257568, 3203860.894365927670151 ] ] ] } },
{ "type": "Feature", "properties": { "t": "river" }, "geometry": { "type": "Polygon", "coordinates": [ [ [ 411771.175898055953439, 3204246.129609235096723 ], [ 411709.486949503829237, 3203825.544049424119294 ], [ 411711.438509830506518, 3204080.379891883116215 ], [ 411771.175898055953439, 3204246.129609235096723 ] ] ] } },
{ "type": "Feature", "properties": { "t": "river" }, "geometry": { "type": "MultiPolygon", "coordinates": [ [ [ [ 411597.521473145228811, 3201931.643969727214426 ], [ 411622.1891935672611, 3201975.837436254136264 ], [ 411655.912941522663459, 3201920.11627332912758 ], [ 411606.774143430171534, 3201736.009018946439028 ], [ 411597.521473145228811, 3201931.643969727214426 ] ], [ [ 411626.420161819667555, 3201887.100816734135151 ], [ 411646.166881342360284, 3201920.190903562121093 ], [ 411616.928699937881902, 3201920.414843670558184 ], [ 411626.420161819667555, 3201887.100816734135151 ] ] ], [ [ [ 411622.856033890915569, 3201421.749760543461889 ], [ 411635.131087108107749, 3201382.338093595579267 ], [ 411622.686325353337452, 3201399.59019350586459 ], [ 411614.297672978485934, 3201576.94139768416062 ], [ 411622.856033890915569, 3201421.749760543461889 ] ] ], [ [ [ 412053.558897023380268, 3201662.228541057091206 ], [ 411947.195452412473969, 3201773.843997503630817 ], [ 411764.983841825625859, 3202163.051272632088512 ], [ 411699.364545225340407, 3202114.103428557049483 ], [ 412022.432175758178346, 3202692.94604290695861 ], [ 411628.81397833081428, 3203471.587167583405972 ], [ 411680.253602237266023, 3203825.767950491514057 ], [ 411638.473823824664578, 3203460.432676392607391 ], [ 411952.505840650759637, 3203746.122401270084083 ], [ 411783.034733047010377, 3203248.797123384196311 ], [ 412157.93959119473584, 3202570.028473276644945 ], [ 411931.932079686259385, 3202327.982155960053205 ], [ 412101.952637923299335, 3201617.53810478001833 ], [ 411845.84015375864692, 3201264.91823618253693 ], [ 412365.847854903084226, 3200429.927632542327046 ], [ 412380.750947410531808, 3200695.033436480909586 ], [ 412539.872329300676938, 3200240.24126408342272 ], [ 412638.868285670119803, 3200428.578671140130609 ], [ 412607.76906295097433, 3200195.405558864120394 ], [ 413086.154496329836547, 3199381.279741168953478 ], [ 412634.24489647813607, 3199829.55261269537732 ], [ 412785.52387187408749, 3199207.908331119921058 ], [ 412649.801497216627467, 3199308.657361616846174 ], [ 412090.898443279147614, 3200166.088491680566221 ], [ 412111.827443844638765, 3200354.295960538089275 ], [ 412488.11178020411171, 3199841.73962024692446 ], [ 412394.333038401906379, 3200329.987884300760925 ], [ 411753.421867397380993, 3201218.355634749867022 ], [ 412053.558897023380268, 3201662.228541057091206 ] ], [ [ 412557.269373554561753, 3199963.099871894344687 ], [ 412556.93372886243742, 3199918.780885912012309 ], [ 412576.429191073810216, 3199918.633256686851382 ], [ 412586.51245438150363, 3199962.878438457846642 ], [ 412557.269373554561753, 3199963.099871894344687 ] ], [ [ 412556.430269811826292, 3199852.302411755546927 ], [ 412536.934694751980714, 3199852.45007195789367 ], [ 412517.187280919170007, 3199819.358528229407966 ], [ 412555.675099207670428, 3199752.584711363073438 ], [ 412555.926820346096065, 3199785.823943382129073 ], [ 412556.430269811826292, 3199852.302411755546927 ] ], [ [ 412500.462618210352957, 3200185.137948970776051 ], [ 412490.295201275439467, 3200129.813075395300984 ], [ 412519.202053676941432, 3200085.272463568486273 ], [ 412529.201474388537463, 3200118.437857414130121 ], [ 412500.462618210352957, 3200185.137948970776051 ] ], [ [ 412059.724356249033008, 3202471.052910374477506 ], [ 412090.058856875111815, 3202614.867357406765223 ], [ 411991.082585148804355, 3202416.174226221628487 ], [ 412059.724356249033008, 3202471.052910374477506 ] ], [ [ 412047.985874533071183, 3200930.963409739546478 ], [ 411961.109047827194445, 3201042.429925787262619 ], [ 411931.953208241029643, 3201053.732785001397133 ], [ 411931.530480812303722, 3200998.333921295125037 ], [ 411970.179783716390375, 3200953.717406713403761 ], [ 412047.985874533071183, 3200930.963409739546478 ] ], [ [ 411881.257037596835289, 3202073.519079635851085 ], [ 411921.425019340997096, 3202228.338440697640181 ], [ 411881.934062166081276, 3202162.157395975198597 ], [ 411881.257037596835289, 3202073.519079635851085 ] ], [ [ 411835.924255002755672, 3201242.833136735018343 ], [ 411816.430997949908487, 3201242.982072559185326 ], [ 411816.00768613780383, 3201187.583185392431915 ], [ 411835.924255002755672, 3201242.833136735018343 ] ] ], [ [ [ 413187.954032641951926, 3200866.930957052391022 ], [ 413228.444422571687028, 3199769.670163053553551 ], [ 413598.651536121789832, 3201041.13511023670435 ], [ 413185.788147051644046, 3199282.455118307378143 ], [ 413118.864502547832672, 3199348.835053123533726 ], [ 413187.954032641951926, 3200866.930957052391022 ] ] ], [ [ [ 412478.532230408105534, 3202434.62641510926187 ], [ 412155.030255125951953, 3203467.566349906846881 ], [ 412527.260268756421283, 3202434.256807947065681 ], [ 412437.948461449414026, 3201712.573193477932364 ], [ 412478.532230408105534, 3202434.62641510926187 ] ] ], [ [ [ 413143.138660168158822, 3201388.046058022882789 ], [ 412886.508932477328926, 3202254.251695096958429 ], [ 413059.511092201224528, 3201931.61502530798316 ], [ 413292.031923329690471, 3202607.48662097658962 ], [ 413116.235141140932683, 3201698.49947157735005 ], [ 413488.502028857532423, 3201950.551129580009729 ], [ 413639.834686351998243, 3202636.401192167773843 ], [ 413607.772488863090985, 3202421.958760900422931 ], [ 413599.027250873623416, 3202392.938243951182812 ], [ 413603.98676339793019, 3202396.63906016619876 ], [ 413537.232006327947602, 3201950.1858393936418 ], [ 413085.661228379292879, 3201278.675758204888552 ], [ 413143.138660168158822, 3201388.046058022882789 ] ] ], [ [ [ 412986.008523010299541, 3203815.839340151753277 ], [ 413349.469975140993483, 3202904.508446391206235 ], [ 413332.600399863615166, 3202817.271573385689408 ], [ 412986.008523010299541, 3203815.839340151753277 ] ] ] ] } },
{ "type": "Feature", "properties": { "t": "river" }, "geometry": { "type": "Polygon", "coordinates": [ [ [ 413585.181020082440227, 3203146.508679336868227 ], [ 414037.662688533251639, 3203708.226825905963778 ], [ 413631.997534472902771, 3202891.308874727226794 ], [ 413336.807916916441172, 3203813.197160126175731 ], [ 413585.181020082440227, 3203146.508679336868227 ] ] ] } },
{ "type": "Feature", "properties": { "t": "river" }, "geometry": { "type": "Polygon", "coordinates": [ [ [ 410614.793497687904164, 3202966.67510878900066 ], [ 410657.859775622433517, 3203043.544383742380887 ], [ 410736.981432775501162, 3202824.707731733564287 ], [ 410691.112214919063263, 3202662.743975704070181 ], [ 410614.793497687904164, 3202966.67510878900066 ] ] ] } },
{ "type": "Feature", "properties": { "t": "river" }, "geometry": { "type": "Polygon", "coordinates": [ [ [ 410146.393672087986488, 3202075.819864578079432 ], [ 410072.635841411538422, 3202015.508264800067991 ], [ 410119.620942935405765, 3202095.17915952205658 ], [ 410128.862983446160797, 3202111.38507832493633 ], [ 410146.393672087986488, 3202075.819864578079432 ] ] ] } },
{ "type": "Feature", "properties": { "t": "river" }, "geometry": { "type": "MultiPolygon", "coordinates": [ [ [ [ 409798.789155912119895, 3201247.495227159000933 ], [ 410436.364195720292628, 3201763.311725151725113 ], [ 409840.272203823958989, 3201189.969525387044996 ], [ 409798.789155912119895, 3201247.495227159000933 ] ] ], [ [ [ 410107.058071236708201, 3200779.709936015307903 ], [ 410159.734210716211237, 3200501.438956318888813 ], [ 410100.089936108095571, 3200788.537371420301497 ], [ 410107.058071236708201, 3200779.709936015307903 ] ] ], [ [ [ 409963.143840041419026, 3198037.840871007647365 ], [ 409910.696291150234174, 3198099.770054744090885 ], [ 410299.409528294811025, 3198758.450275404844433 ], [ 409963.143840041419026, 3198037.840871007647365 ] ] ], [ [ [ 410910.348488930263557, 3197504.757529547438025 ], [ 410916.771430406311993, 3197481.447908973321319 ], [ 410335.797550059156492, 3197597.844356382731348 ], [ 410143.670346445171162, 3197824.685302371159196 ], [ 410910.348488930263557, 3197504.757529547438025 ] ] ], [ [ [ 410336.523176799120847, 3196434.395918575115502 ], [ 409804.397974077612162, 3196205.941646141465753 ], [ 409808.341935867269058, 3196227.976458166725934 ], [ 410489.205889061326161, 3196735.475690429098904 ], [ 410336.523176799120847, 3196434.395918575115502 ] ] ] ] } },
{ "type": "Feature", "properties": { "t": "river" }, "geometry": { "type": "Polygon", "coordinates": [ [ [ 409260.799172647413798, 3199766.926399434451014 ], [ 409269.192377388477325, 3199862.418541393708438 ], [ 409299.732871170970611, 3199759.233522995840758 ], [ 409299.442769034823868, 3199722.300861476454884 ], [ 409335.345188634120859, 3199638.915309019386768 ], [ 409442.18688372860197, 3199277.961556501686573 ], [ 409136.081519478349946, 3200022.758408135268837 ], [ 409226.532855530211236, 3200554.37678788928315 ], [ 409245.4408002908458, 3200586.984878667630255 ], [ 409251.296754558803514, 3200597.103957273066044 ], [ 409185.778767733077984, 3200144.252804011572152 ], [ 409251.381637843500357, 3199922.595391666982323 ], [ 409165.673346116556786, 3200066.847525974735618 ], [ 409260.799172647413798, 3199766.926399434451014 ] ] ] } },
{ "type": "Feature", "properties": { "t": "river" }, "geometry": { "type": "Polygon", "coordinates": [ [ [ 408755.892485827440396, 3199005.721480952110142 ], [ 408454.530234790174291, 3198897.930717220529914 ], [ 408402.022428997559473, 3198827.945225308183581 ], [ 408399.685300235752948, 3198858.913114348892123 ], [ 408396.14699810219463, 3198905.797471190337092 ], [ 409363.765402551856823, 3199223.174378070048988 ], [ 408821.904388582217507, 3199029.333823374006897 ], [ 408747.865955741493963, 3199006.414465063251555 ], [ 408755.892485827440396, 3199005.721480952110142 ] ] ] } },
{ "type": "Feature", "properties": { "t": "river" }, "geometry": { "type": "MultiPolygon", "coordinates": [ [ [ [ 412048.096484759065788, 3195822.910040676128119 ], [ 412112.813355410064105, 3195991.890568731818348 ], [ 412096.936696845223196, 3195833.61900879163295 ], [ 412116.018051526916679, 3195778.072308807168156 ], [ 412135.773075938050169, 3195811.163188884034753 ], [ 412147.376225629763212, 3196054.842385474592447 ], [ 412187.305835173407104, 3196176.422767533455044 ], [ 412181.490165006485768, 3196171.216325097251683 ], [ 412301.076560895657167, 3196483.48847990622744 ], [ 412185.622933544043917, 3195954.828847507480532 ], [ 412661.176554202684201, 3194883.247850209008902 ], [ 412664.978065526054706, 3194865.328018674626946 ], [ 412663.473128066747449, 3194878.073459366802126 ], [ 412693.815940520784352, 3194809.708831318188459 ], [ 412664.371616799384356, 3194785.000411568209529 ], [ 412664.643471396702807, 3194821.009337847586721 ], [ 412616.97137402521912, 3194965.413296965882182 ], [ 412510.370781063858885, 3195054.861543843057007 ], [ 412471.447276676131878, 3195066.236325125675648 ], [ 412441.017658143828157, 3194911.342276012059301 ], [ 412508.275787380291149, 3194777.869697565678507 ], [ 412605.880178637453355, 3194788.212222436908633 ], [ 412638.391226471750997, 3194763.198925042524934 ], [ 412418.997350004734471, 3194579.099737923592329 ], [ 412095.643140681728255, 3195663.446290101390332 ], [ 412095.757593021553475, 3195678.503307090140879 ], [ 412084.919730628491379, 3195699.410432230681181 ], [ 412048.096484759065788, 3195822.910040676128119 ] ], [ [ 412165.026693708030507, 3195810.94095122627914 ], [ 412125.600898050586693, 3195755.838820104952902 ], [ 412173.936429943016265, 3195700.069971739780158 ], [ 412165.026693708030507, 3195810.94095122627914 ] ] ], [ [ [ 412362.731547961360775, 3197449.330974326003343 ], [ 412835.737445398350246, 3198110.574204614851624 ], [ 412678.208499135565944, 3199197.638859538827091 ], [ 412779.104284736153204, 3198908.060461774468422 ], [ 412773.599995333643164, 3198919.908968146424741 ], [ 412827.743769170367159, 3198343.321814827620983 ], [ 412953.563213013170753, 3198220.489342768210918 ], [ 412965.834998624282889, 3198372.172670739237219 ], [ 413017.716534727660473, 3198223.290779100731015 ], [ 412992.226080828055274, 3198175.876743707805872 ], [ 413025.085972540371586, 3198202.143417211249471 ], [ 413088.551200291549321, 3198020.027016066014767 ], [ 413658.794086614856496, 3197350.932894832454622 ], [ 413437.706501389562618, 3198256.153339250013232 ], [ 413545.5257142058108, 3197850.393879756331444 ], [ 413451.0190079837339, 3198249.993092512246221 ], [ 413418.35125335858902, 3198335.408985443878919 ], [ 413214.20033189014066, 3199171.43806733423844 ], [ 413339.848114782012999, 3199026.450106169097126 ], [ 413737.37198601628188, 3197427.908273104112595 ], [ 414450.575862490397412, 3196303.498774062842131 ], [ 413214.127331888128538, 3197863.958475737832487 ], [ 412518.980253461515531, 3197481.388204700313509 ], [ 412402.884136956825387, 3196949.700737569946796 ], [ 412362.731547961360775, 3197449.330974326003343 ] ], [ [ 413337.93615608784603, 3198771.616583329625428 ], [ 413375.186094169621356, 3198538.650092743337154 ], [ 413385.848795471829362, 3198660.45383929181844 ], [ 413337.93615608784603, 3198771.616583329625428 ] ], [ [ 413077.384952243824955, 3197831.7453109966591 ], [ 413057.719258755154442, 3197809.73259251890704 ], [ 413077.134914558089804, 3197798.506190497428179 ], [ 413077.384952243824955, 3197831.7453109966591 ] ], [ [ 412930.391339913301636, 3197733.128954214975238 ], [ 413018.971460974367801, 3197843.265205843374133 ], [ 413000.974141381797381, 3198042.8467804081738 ], [ 412914.23253014148213, 3198176.464357685763389 ], [ 412865.486556336167268, 3198176.831883852835745 ], [ 412873.314151294121984, 3197921.924949340056628 ], [ 412705.314255535253324, 3197624.023640637286007 ], [ 412930.391339913301636, 3197733.128954214975238 ] ], [ [ 412676.232709835167043, 3197646.404047367163002 ], [ 412794.984390079625882, 3197878.194472559262067 ], [ 412568.651277932338417, 3197602.89611335285008 ], [ 412607.566229954652954, 3197591.521410906687379 ], [ 412676.232709835167043, 3197646.404047367163002 ] ], [ [ 412529.317078991851304, 3197558.872386235743761 ], [ 412460.901153267652262, 3197537.229736946057528 ], [ 412391.813023476686794, 3197426.94978190260008 ], [ 412529.317078991851304, 3197558.872386235743761 ] ] ] ] } },
{ "type": "Feature", "properties": { "t": "river" }, "geometry": { "type": "Polygon", "coordinates": [ [ [ 414256.779269853956066, 3199097.16894322168082 ], [ 414467.469849971239455, 3198585.912619648966938 ], [ 414293.142021633510012, 3198742.329026889055967 ], [ 414256.779269853956066, 3199097.16894322168082 ] ] ] } },
{ "type": "Feature", "properties": { "t": "river" }, "geometry": { "type": "Polygon", "coordinates": [ [ [ 408865.15838370640995, 3197808.796987615060061 ], [ 408503.263006328372285, 3197275.459780851379037 ], [ 408502.943456911132671, 3197280.535222844686359 ], [ 408776.537381566304248, 3197698.69157804036513 ], [ 408457.053878983657341, 3198073.98395403008908 ], [ 408452.284456821042113, 3198157.506683833897114 ], [ 408865.15838370640995, 3197808.796987615060061 ] ], [ [ 408738.851215334958397, 3197865.196200267411768 ], [ 408748.863257464719936, 3197898.358545444440097 ], [ 408709.777646156318951, 3197887.586804087739438 ], [ 408738.851215334958397, 3197865.196200267411768 ] ] ] } },
{ "type": "Feature", "properties": { "t": "river" }, "geometry": { "type": "Polygon", "coordinates": [ [ [ 414453.937377053080127, 3196757.765063792932779 ], [ 414358.321845764003228, 3197013.319500190205872 ], [ 414464.598732898826711, 3198198.123378494288772 ], [ 414453.937377053080127, 3196757.765063792932779 ] ] ] } },
{ "type": "Feature", "properties": { "t": "river" }, "geometry": { "type": "Polygon", "coordinates": [ [ [ 412490.841473746637348, 3196340.326395775657147 ], [ 412413.506953104748391, 3196429.554660427384079 ], [ 412423.593352209194563, 3196473.799584982916713 ], [ 412490.841473746637348, 3196340.326395775657147 ] ] ] } },
{ "type": "Feature", "properties": { "t": "river" }, "geometry": { "type": "Polygon", "coordinates": [ [ [ 412761.438186643179506, 3196016.952174076344818 ], [ 412790.022736167768016, 3195928.09402929386124 ], [ 412606.845512706786394, 3196206.485044169705361 ], [ 412761.438186643179506, 3196016.952174076344818 ] ] ] } },
{ "type": "Feature", "properties": { "t": "river" }, "geometry": { "type": "Polygon", "coordinates": [ [ [ 409236.788870186835993, 3195467.899722406640649 ], [ 409474.421451120055281, 3194679.328437220770866 ], [ 409337.2825883665937, 3194602.839536661747843 ], [ 409109.14788202510681, 3195358.097906112670898 ], [ 408611.272731872275472, 3195486.015253606252372 ], [ 408605.487054597120732, 3195564.751160978339612 ], [ 408592.462505918112583, 3195791.470491510350257 ], [ 409236.788870186835993, 3195467.899722406640649 ] ], [ [ 408935.624669983750209, 3195614.312731595244259 ], [ 409138.402841294649988, 3195357.868041061330587 ], [ 409110.366901196422987, 3195513.214250386226922 ], [ 408935.624669983750209, 3195614.312731595244259 ] ] ] } },
{ "type": "Feature", "properties": { "t": "river" }, "geometry": { "type": "Polygon", "coordinates": [ [ [ 413032.800108585273847, 3195793.301894873380661 ], [ 413098.977098817529622, 3195515.796881488058716 ], [ 413058.805310205381829, 3195360.974626217037439 ], [ 413032.800108585273847, 3195793.301894873380661 ] ] ] } },
{ "type": "Feature", "properties": { "t": "river" }, "geometry": { "type": "Polygon", "coordinates": [ [ [ 413777.282379551557824, 3194934.545727520249784 ], [ 413745.304751813528128, 3194941.400403719395399 ], [ 414065.02710078668315, 3195597.220407936256379 ], [ 414446.886899315170012, 3195804.914132844191045 ], [ 414083.295143822149839, 3195430.880653217434883 ], [ 414135.718132140871603, 3194610.552155782002956 ], [ 414042.230646367475856, 3195154.17913069576025 ], [ 413569.843329134979285, 3194581.525081488769501 ], [ 413731.238370013481472, 3194912.549045579042286 ], [ 413777.282379551557824, 3194934.545727520249784 ] ] ] } },
{ "type": "Feature", "properties": { "t": "river" }, "geometry": { "type": "Polygon", "coordinates": [ [ [ 412067.91665366711095, 3194581.762828693725169 ], [ 411942.992868522182107, 3194826.480083550792187 ], [ 412025.222753570997156, 3195379.870713535696268 ], [ 412067.91665366711095, 3194581.762828693725169 ] ] ] } },
{ "type": "Feature", "properties": { "t": "river" }, "geometry": { "type": "Polygon", "coordinates": [ [ [ 412189.821817600051872, 3195223.495329143945128 ], [ 412149.805200055066962, 3195090.835329141933471 ], [ 412160.06185946369078, 3195157.239364901091903 ], [ 412189.821817600051872, 3195223.495329143945128 ] ] ] } },
{ "type": "Feature", "properties": { "t": "river" }, "geometry": { "type": "Polygon", "coordinates": [ [ [ 413064.726372077187989, 3194851.236625557299703 ], [ 413025.635083984874655, 3194840.450179354753345 ], [ 412987.793848320376128, 3194995.858852073084563 ], [ 413064.726372077187989, 3194851.236625557299703 ] ] ] } }
]
}
