{
"type": "FeatureCollection",
"name": "sudurpashchim_boundary_wgs84",
"crs": { "type": "name", "properties": { "name": "urn:ogc:def:crs:OGC:1.3:CRS84" } },
"features": [
{ "type": "Feature", "properties": { "Province": 7, "TARGET": "Province7", "Level": 0, "DISTRICT": "सुदुर पश्चिम प्रदेश" }, "geometry": { "type": "Polygon", "coordinates": [ [ [ 80.608030757913184, 30.47311097529132 ], [ 80.608455317958601, 30.471699093638335 ], [ 80.608503848074179, 30.471536631110666 ], [ 80.608512296305491, 30.471508346533028 ], [ 80.609149069374098, 30.469376588159093 ], [ 80.609890846385497, 30.467575867532332 ], [ 80.610209901565781, 30.466868887089504 ], [ 80.610321064965206, 30.466622560083124 ], [ 80.610424808957816, 30.466392674482393 ], [ 80.610508654550813, 30.466206879044307 ], [ 80.610795962763518, 30.46557022378687 ], [ 80.610910060650838, 30.465317391084795 ], [ 80.612141858460063, 30.463861313149152 ], [ 80.612703658646979, 30.463197206086249 ], [ 80.613061346903692, 30.462774373638467 ], [ 80.61333432981553, 30.462580902486707 ], [ 80.614379495817161, 30.461840149803095 ], [ 80.615454629027965, 30.461031710545058 ], [ 80.617192183972179, 30.46107042096321 ], [ 80.617306266571006, 30.461072961547984 ], [ 80.618150953004147, 30.461461443490862 ], [ 80.61885767714017, 30.4617864701695 ], [ 80.620999646416578, 30.462852909634137 ], [ 80.623818006595798, 30.463907875548045 ], [ 80.623847012429735, 30.463917938062423 ], [ 80.624850556907745, 30.464266033250908 ], [ 80.62516397963401, 30.464374745997759 ], [ 80.625205634432518, 30.464291317690197 ], [ 80.625266478065555, 30.464188080015958 ], [ 80.625760383035299, 30.463350008995747 ], [ 80.625983850174578, 30.46298120691722 ], [ 80.626032983735286, 30.462900118645621 ], [ 80.626633932310199, 30.461908319313522 ], [ 80.628278845392458, 30.460516564487932 ], [ 80.62894189665127, 30.459667029809623 ], [ 80.62960799571249, 30.458813570489951 ], [ 80.629912279528128, 30.45872220656463 ], [ 80.63204945002218, 30.458080479130842 ], [ 80.633321737108531, 30.456818898473443 ], [ 80.63347543574281, 30.456714558230317 ], [ 80.634242391073542, 30.456193895731758 ], [ 80.634564878066726, 30.455974966571489 ], [ 80.636614544525685, 30.454122141923335 ], [ 80.63665570919369, 30.454084929775718 ], [ 80.636772556308472, 30.453979299904802 ], [ 80.637254565046192, 30.453582272603853 ], [ 80.63804532003553, 30.452930921524853 ], [ 80.639558429378098, 30.452827690145853 ], [ 80.641020521979556, 30.453111010764587 ], [ 80.642211944725545, 30.453182394451972 ], [ 80.642701197502333, 30.453211705156093 ], [ 80.642808645802404, 30.453141312521609 ], [ 80.642932921317311, 30.453059895997455 ], [ 80.643441420485203, 30.452726761031272 ], [ 80.643724521669412, 30.45256827350704 ], [ 80.644548118101227, 30.452107195590656 ], [ 80.645053859947723, 30.451824058433601 ], [ 80.645375408948041, 30.451726722110607 ], [ 80.646429386507066, 30.451407662433724 ], [ 80.646742006138709, 30.451313025875493 ], [ 80.647866236937318, 30.449747391628875 ], [ 80.648281698541609, 30.44916879300547 ], [ 80.649564924082028, 30.448511322939225 ], [ 80.649783346923982, 30.448399409505214 ], [ 80.650723543157028, 30.44823086486258 ], [ 80.651305244441517, 30.448126582176087 ], [ 80.652288028969394, 30.447827401113727 ], [ 80.652445331187153, 30.447779514912725 ], [ 80.653699416894653, 30.447397728422459 ], [ 80.653712952590752, 30.447396142917739 ], [ 80.654104178365174, 30.447350299077073 ], [ 80.655085890901205, 30.447235257800969 ], [ 80.655765343096164, 30.446764406052523 ], [ 80.657124424652523, 30.445765399553579 ], [ 80.657166825888339, 30.445754321704612 ], [ 80.658372689947726, 30.445439253219035 ], [ 80.658481233622069, 30.445410891299673 ], [ 80.658631746857679, 30.445406016074855 ], [ 80.659704978002367, 30.445371245586557 ], [ 80.660083573698046, 30.445358977934518 ], [ 80.660374606902622, 30.444858443162673 ], [ 80.661285760429564, 30.443370259429969 ], [ 80.661607628689183, 30.442844540942872 ], [ 80.66218719138584, 30.442559589853261 ], [ 80.662283785768182, 30.442512097555323 ], [ 80.662380380150466, 30.442464606156705 ], [ 80.662557078946122, 30.442391322201786 ], [ 80.66286711572485, 30.44226273713565 ], [ 80.663087156447148, 30.442171476632382 ], [ 80.66323867602415, 30.442108634705789 ], [ 80.663998272202548, 30.441793592300485 ], [ 80.664504650769061, 30.441583568227145 ], [ 80.664532618785358, 30.441571967872051 ], [ 80.664725574625606, 30.441491937203182 ], [ 80.664844187109622, 30.441421683963597 ], [ 80.665409761751164, 30.441086697293315 ], [ 80.666897529997073, 30.440205475902019 ], [ 80.667328420370382, 30.439791748190657 ], [ 80.668920808548535, 30.438262742431675 ], [ 80.669037606200618, 30.437918833587332 ], [ 80.669487610764691, 30.43659376349143 ], [ 80.670911313106672, 30.435957615451628 ], [ 80.672911461095111, 30.434291665428077 ], [ 80.674863439596095, 30.433838216460572 ], [ 80.676069445748396, 30.43336647168536 ], [ 80.677798423858235, 30.432690132044002 ], [ 80.679876831750448, 30.430623231876723 ], [ 80.67999020298555, 30.429649566474382 ], [ 80.679509931738039, 30.42840375812699 ], [ 80.6791362481394, 30.427434408571173 ], [ 80.679039612388237, 30.427183732443325 ], [ 80.679506739144756, 30.425857645214194 ], [ 80.680689616532618, 30.424666985093324 ], [ 80.68300445259348, 30.424376623682292 ], [ 80.685065299424082, 30.424257480598328 ], [ 80.686366929590179, 30.423805694477267 ], [ 80.686400267458453, 30.423794122900517 ], [ 80.687414842121314, 30.423441959179115 ], [ 80.687953036003876, 30.422783954915644 ], [ 80.688919183973212, 30.421602698106085 ], [ 80.688977934883837, 30.420099693546092 ], [ 80.689003869532996, 30.419436191726902 ], [ 80.689544049118638, 30.418059630947255 ], [ 80.689681429554412, 30.417709531169976 ], [ 80.691881888038779, 30.417147262436288 ], [ 80.692655421910274, 30.41694959684645 ], [ 80.69371715792056, 30.416678275881793 ], [ 80.697796400883249, 30.41579977044313 ], [ 80.698698279701887, 30.41579727122712 ], [ 80.701553423951395, 30.415789314925007 ], [ 80.702521051305553, 30.416421721785071 ], [ 80.702833813929431, 30.41719490851824 ], [ 80.703176297348307, 30.418041553674811 ], [ 80.703363529003695, 30.418504396960429 ], [ 80.703415053861704, 30.418631768841124 ], [ 80.703509759667725, 30.41879354518602 ], [ 80.704467355084432, 30.420429268995633 ], [ 80.705681474020878, 30.420639764313705 ], [ 80.707940144721931, 30.42065438369292 ], [ 80.709770864933546, 30.420076009000638 ], [ 80.711096819063016, 30.418789903831055 ], [ 80.713348756539915, 30.417324401000371 ], [ 80.714260100723152, 30.417045065277591 ], [ 80.715885091124107, 30.416546967668467 ], [ 80.718809708001686, 30.414825022257048 ], [ 80.719099058574727, 30.413813503490417 ], [ 80.719696802865201, 30.412831293629324 ], [ 80.721616718736641, 30.411804162632052 ], [ 80.722505685089345, 30.411082578098558 ], [ 80.723118488527462, 30.410585147786378 ], [ 80.724620007407452, 30.409442501570254 ], [ 80.724925752621459, 30.409122549765925 ], [ 80.727260720905576, 30.406678977552815 ], [ 80.72868459501808, 30.40568889862385 ], [ 80.730426791363413, 30.404594224943594 ], [ 80.730861685518448, 30.404320961443261 ], [ 80.731002040911505, 30.404232768527493 ], [ 80.733548162817499, 30.40373191809357 ], [ 80.735585665945791, 30.403917479707957 ], [ 80.736282379728095, 30.40291629415168 ], [ 80.737433391437946, 30.400922972916931 ], [ 80.739198441355029, 30.399981205568224 ], [ 80.740545896476021, 30.398647095487092 ], [ 80.741512654185726, 30.397211170459173 ], [ 80.742000289981434, 30.396486865476504 ], [ 80.742459062935438, 30.395805421283228 ], [ 80.744696681406765, 30.393782755170093 ], [ 80.746453694982108, 30.392194440021456 ], [ 80.746953435652586, 30.391742668289567 ], [ 80.750888809570938, 30.390537565955981 ], [ 80.751642399177456, 30.388724778225992 ], [ 80.752431458944727, 30.386870312315125 ], [ 80.752421757058471, 30.386752698078624 ], [ 80.752297410497135, 30.385245276948012 ], [ 80.752271146696103, 30.384926879172212 ], [ 80.752774154603628, 30.383042243704608 ], [ 80.754520567869974, 30.382456304814639 ], [ 80.756011445072204, 30.381668487910417 ], [ 80.760411737911454, 30.379153936704881 ], [ 80.761510623116806, 30.377949280435018 ], [ 80.764078782909564, 30.374802915921862 ], [ 80.76504247303177, 30.374780780009019 ], [ 80.765838806515774, 30.375665452998305 ], [ 80.767101912423357, 30.375458750121254 ], [ 80.767759890606499, 30.373571213440812 ], [ 80.767767208390012, 30.373550219666981 ], [ 80.769579266769824, 30.371013506468216 ], [ 80.770840819548255, 30.370331787082364 ], [ 80.771186143026114, 30.3701451768585 ], [ 80.771265072025528, 30.370102523812477 ], [ 80.771491884642842, 30.369979955210795 ], [ 80.772203546956177, 30.369595370030368 ], [ 80.774057063182966, 30.369196437965286 ], [ 80.775519969670938, 30.36754705525243 ], [ 80.777421234502413, 30.365759909892006 ], [ 80.778095819566488, 30.364197782101996 ], [ 80.778857155033734, 30.362434701700181 ], [ 80.77900914135887, 30.36211171198596 ], [ 80.779865663769442, 30.360291471574214 ], [ 80.781454564376702, 30.358823654787898 ], [ 80.782950505661347, 30.358517046224733 ], [ 80.786190450928643, 30.358334958691444 ], [ 80.788430072190124, 30.357573634915354 ], [ 80.787960841020038, 30.356875938174085 ], [ 80.787286340492301, 30.355873008832361 ], [ 80.786705596985769, 30.353932502982673 ], [ 80.78615284937456, 30.350520360026621 ], [ 80.787840168189291, 30.346696502941313 ], [ 80.789369964452362, 30.3452945668908 ], [ 80.789660361836297, 30.345028435913662 ], [ 80.792076016395072, 30.342791494631797 ], [ 80.792660573926412, 30.342250162115363 ], [ 80.794973963877396, 30.341566308638278 ], [ 80.796284418191419, 30.340947972570916 ], [ 80.79725937412087, 30.340487928874893 ], [ 80.798926362861437, 30.339377718506967 ], [ 80.800569046524345, 30.338283650969743 ], [ 80.801797117543003, 30.337394529034327 ], [ 80.802841600059878, 30.336973675095066 ], [ 80.804441352786284, 30.336329061736876 ], [ 80.804376516163359, 30.335717852796733 ], [ 80.803697283402983, 30.334160751317654 ], [ 80.803624557927037, 30.333994026003552 ], [ 80.803401213994903, 30.333482008687781 ], [ 80.802866680353077, 30.331074473208446 ], [ 80.802836224811983, 30.330937296019442 ], [ 80.802826747756285, 30.330894607899893 ], [ 80.80276804001312, 30.3306301802387 ], [ 80.802857544140409, 30.330179665759033 ], [ 80.803073841884327, 30.329090922208366 ], [ 80.804039975464548, 30.327612332443266 ], [ 80.806059668419039, 30.327144474537931 ], [ 80.809714686783423, 30.326901577545812 ], [ 80.81072455439471, 30.326926370955334 ], [ 80.813435099350386, 30.326992874921302 ], [ 80.815006322883562, 30.326847784597646 ], [ 80.815078030326902, 30.326841162889423 ], [ 80.815696396071871, 30.32678405593947 ], [ 80.81669392768265, 30.326691925791806 ], [ 80.818534705911986, 30.326725716019041 ], [ 80.820634527561481, 30.326764228586342 ], [ 80.822010427339421, 30.325878721925505 ], [ 80.822100248927427, 30.325820913504401 ], [ 80.822083986486859, 30.324383510890357 ], [ 80.822725851516907, 30.322474649485514 ], [ 80.825339265194998, 30.319816475649873 ], [ 80.827730486972428, 30.318253665274483 ], [ 80.829076092187961, 30.318294344308583 ], [ 80.830702138393008, 30.31834348146657 ], [ 80.831924776607195, 30.318105367968428 ], [ 80.832067270588141, 30.318077615789377 ], [ 80.832512589684313, 30.317990885171241 ], [ 80.833326257600788, 30.31783240753964 ], [ 80.833575833857708, 30.317783798283699 ], [ 80.836120077979274, 30.316755752675874 ], [ 80.837152916973594, 30.317025970172438 ], [ 80.839640664784895, 30.317676787953474 ], [ 80.841578265824353, 30.318097042944203 ], [ 80.843359621349521, 30.318483380903331 ], [ 80.844581133612508, 30.319024748493405 ], [ 80.845309594362334, 30.319347591618111 ], [ 80.84618991463293, 30.319737726514916 ], [ 80.847572305717392, 30.320350349189312 ], [ 80.849339433967771, 30.320104993450741 ], [ 80.850368655888815, 30.319962081285098 ], [ 80.852829903377369, 30.319209917104047 ], [ 80.853606150503481, 30.318972682243555 ], [ 80.857744546373794, 30.317989403088518 ], [ 80.858382837498027, 30.317877678512104 ], [ 80.86133635678749, 30.31736065916715 ], [ 80.86430816648874, 30.317339903713616 ], [ 80.865864781434595, 30.315921143146284 ], [ 80.866282910428026, 30.315222850154441 ], [ 80.866857602396465, 30.314263073881818 ], [ 80.867049552794697, 30.314063313770987 ], [ 80.867235630619916, 30.313869664553408 ], [ 80.867388067505374, 30.313711025043801 ], [ 80.868365415631501, 30.312693888212436 ], [ 80.868574504409935, 30.31247628285422 ], [ 80.868903703043543, 30.31213367442956 ], [ 80.869296103332545, 30.311725284194551 ], [ 80.870636148939184, 30.310870671944031 ], [ 80.871650586905105, 30.310223696966091 ], [ 80.872307726020779, 30.310011831980489 ], [ 80.87374369331684, 30.309548855595267 ], [ 80.874414083942895, 30.308375826683118 ], [ 80.874575622866757, 30.308093166166714 ], [ 80.874781925545506, 30.307732174700163 ], [ 80.875221738092819, 30.306962578060563 ], [ 80.875228416458299, 30.30661943543862 ], [ 80.875257050872278, 30.305148359509246 ], [ 80.875885971960088, 30.303859883726716 ], [ 80.87903336619695, 30.303910574013855 ], [ 80.880399592866979, 30.30405819772767 ], [ 80.880815960088569, 30.304103183615098 ], [ 80.88273773036201, 30.303330678567988 ], [ 80.885060273612794, 30.303385494944678 ], [ 80.885365109612167, 30.303392685923768 ], [ 80.88723703765919, 30.302350427430326 ], [ 80.889893271657229, 30.302832512610394 ], [ 80.892071230902616, 30.303770099910253 ], [ 80.893600379653833, 30.304286981658947 ], [ 80.895581273157291, 30.304317223161377 ], [ 80.899191466612933, 30.303823520539083 ], [ 80.900610011343019, 30.303445373605143 ], [ 80.901104857003588, 30.303313456550825 ], [ 80.902548904708226, 30.30292848646053 ], [ 80.904629300102158, 30.302462133121026 ], [ 80.905301591895011, 30.301431359869412 ], [ 80.906677001542448, 30.300857024931815 ], [ 80.908406157718048, 30.300134945771163 ], [ 80.909981753755005, 30.298025773870393 ], [ 80.913396217861248, 30.294514150607597 ], [ 80.915594258068609, 30.291646753994542 ], [ 80.917648395956746, 30.290255580130975 ], [ 80.920531959682251, 30.289479140549929 ], [ 80.922348418444813, 30.288358255229355 ], [ 80.924013073444655, 30.287845987902074 ], [ 80.927315025168355, 30.286546848858052 ], [ 80.928705279025451, 30.285019816211616 ], [ 80.930150343863318, 30.283719579994681 ], [ 80.931444405335071, 30.281953747667387 ], [ 80.932454352986042, 30.281293022954685 ], [ 80.932509064142039, 30.280960092134592 ], [ 80.932719514494067, 30.279679421568119 ], [ 80.932720243844244, 30.278609963978681 ], [ 80.931939425464179, 30.278113024696381 ], [ 80.93088388038683, 30.27715759754517 ], [ 80.929755129595605, 30.276851653580991 ], [ 80.928518890934129, 30.276516562589336 ], [ 80.928079212385796, 30.275962494773353 ], [ 80.927916510638511, 30.275122067529423 ], [ 80.927856051915342, 30.274809764459121 ], [ 80.927772317838276, 30.274377233722419 ], [ 80.927927361858337, 30.272983201813361 ], [ 80.92844867186875, 30.271575175553949 ], [ 80.928577730877635, 30.271226587537058 ], [ 80.929780752180022, 30.270308966985283 ], [ 80.931541684101489, 30.269278633502211 ], [ 80.933038745941417, 30.267961678888412 ], [ 80.933963311057994, 30.267255540211067 ], [ 80.935416194601771, 30.266110413664705 ], [ 80.937485025613512, 30.265061054124374 ], [ 80.937881006103623, 30.265137633195252 ], [ 80.937902790381543, 30.26548139814804 ], [ 80.9379242167293, 30.266398088800827 ], [ 80.938716008636959, 30.266837705295927 ], [ 80.939771297407503, 30.26815592345713 ], [ 80.941201169098747, 30.268614914047077 ], [ 80.941904692547553, 30.26955100577436 ], [ 80.943796791488808, 30.269761903988751 ], [ 80.944791147593435, 30.270075530861106 ], [ 80.946282657918402, 30.270545944639707 ], [ 80.948790318518434, 30.271807385902207 ], [ 80.949394875173425, 30.27195115242381 ], [ 80.951364373367198, 30.272419487869115 ], [ 80.952630768095503, 30.272744332884713 ], [ 80.954048440483177, 30.273107966559451 ], [ 80.956402907867982, 30.272860503709353 ], [ 80.958405368912679, 30.272479205550951 ], [ 80.961595927909798, 30.27223191267268 ], [ 80.965138320577068, 30.272557560782843 ], [ 80.969319144662848, 30.271871096573875 ], [ 80.97077125658825, 30.272176990176035 ], [ 80.9750177644583, 30.27255981898054 ], [ 80.978208198449636, 30.272713167778534 ], [ 80.978802343653285, 30.272445900957621 ], [ 80.979220608444393, 30.271471994536967 ], [ 80.979381614969611, 30.270506664051368 ], [ 80.979403864197025, 30.270373265813646 ], [ 80.979484974951674, 30.269886943028041 ], [ 80.981927469776963, 30.268779645564223 ], [ 80.984369777543236, 30.268493499275621 ], [ 80.985414754687213, 30.26831703610236 ], [ 80.986856095432529, 30.268073625597367 ], [ 80.988660185818958, 30.2688758910096 ], [ 80.989716148181742, 30.270346486701044 ], [ 80.991168291583449, 30.270747640091543 ], [ 80.992620498837027, 30.27046126807312 ], [ 80.995040838863702, 30.269716578157613 ], [ 80.997087123871722, 30.268246130854322 ], [ 80.999991421466973, 30.267596847316725 ], [ 81.00142155576026, 30.267348571479431 ], [ 81.003291719337426, 30.267023880247905 ], [ 81.005183847956289, 30.266202625650692 ], [ 81.007053932393148, 30.265247661650335 ], [ 81.008769925191928, 30.263757950868808 ], [ 81.010177898391362, 30.262726582265998 ], [ 81.010771827757708, 30.261828950046038 ], [ 81.010727729501184, 30.260931369087473 ], [ 81.010595622689891, 30.259976503113194 ], [ 81.009715440914931, 30.258295986770406 ], [ 81.009561360968064, 30.257474804118942 ], [ 81.009803311873384, 30.256997346850142 ], [ 81.010177295845608, 30.25688273275199 ], [ 81.011519231827151, 30.256481573066196 ], [ 81.013015156923984, 30.256099481705746 ], [ 81.014467090783683, 30.255851061077635 ], [ 81.01589700564233, 30.255526236746505 ], [ 81.016774529021347, 30.255239067029379 ], [ 81.017414878693728, 30.255029507905533 ], [ 81.019020726125689, 30.254494551582354 ], [ 81.019774753701995, 30.254326594197039 ], [ 81.020736581328208, 30.254112340612096 ], [ 81.021364823427916, 30.254040206890068 ], [ 81.021902505596188, 30.253978467532306 ], [ 81.022122418614799, 30.25363467470055 ], [ 81.022320314430999, 30.253214496152111 ], [ 81.022694095156396, 30.252335943049388 ], [ 81.023385020902026, 30.251464982023379 ], [ 81.024449777735128, 30.251000376965862 ], [ 81.026213457984738, 30.250711993164032 ], [ 81.027379379554759, 30.250749949050942 ], [ 81.029073159099084, 30.250424925969583 ], [ 81.031074942055, 30.2502334899836 ], [ 81.033252582041086, 30.249679126290687 ], [ 81.033714450461559, 30.249411641833831 ], [ 81.033657991922837, 30.249105880432069 ], [ 81.033846118403687, 30.24847582709782 ], [ 81.033787345909332, 30.24791706572006 ], [ 81.033677074637353, 30.247089532955613 ], [ 81.033663290728327, 30.246986091135227 ], [ 81.033374419493896, 30.246532598100998 ], [ 81.032508047708291, 30.245852464219922 ], [ 81.032101288843478, 30.245379786847764 ], [ 81.031737855717552, 30.244957452624362 ], [ 81.031297709521709, 30.244313015533294 ], [ 81.030808918996456, 30.24311702423131 ], [ 81.030719637901029, 30.24221241686962 ], [ 81.030764102181649, 30.241771929830747 ], [ 81.030829280546925, 30.241126215702366 ], [ 81.031103963177429, 30.240266758803955 ], [ 81.031514470416539, 30.239828629787496 ], [ 81.031584961976478, 30.239753396102401 ], [ 81.031928485910953, 30.239251999780038 ], [ 81.032302995986527, 30.238469077885668 ], [ 81.032193366830484, 30.237937754823577 ], [ 81.031928625305852, 30.237094142180979 ], [ 81.031322029887804, 30.236127517570935 ], [ 81.031114197462273, 30.235184576606969 ], [ 81.030847469335299, 30.234387244875506 ], [ 81.030609702076163, 30.232970460118679 ], [ 81.030511638201574, 30.2328870219186 ], [ 81.030422638593961, 30.232801334514022 ], [ 81.0304218786668, 30.23279608786919 ], [ 81.030413826137249, 30.232740460304058 ], [ 81.030405076633031, 30.232670521827174 ], [ 81.030387138755486, 30.232616397029176 ], [ 81.03033357603374, 30.232553271816073 ], [ 81.030306950705267, 30.23247658392728 ], [ 81.030075637880429, 30.232205959037856 ], [ 81.029888514143693, 30.232005208773444 ], [ 81.029755013383237, 30.231851896847616 ], [ 81.02969295116884, 30.231734583883963 ], [ 81.029479201204254, 30.23133314720701 ], [ 81.029390201596584, 30.231195585108196 ], [ 81.029234793351065, 30.230967811115647 ], [ 81.029220950986144, 30.230947521510984 ], [ 81.029118638714237, 30.230807647255176 ], [ 81.029047451079066, 30.230708460127403 ], [ 81.02891395211725, 30.23052352174318 ], [ 81.028780450457475, 30.230345333670243 ], [ 81.028682638393093, 30.230182959276192 ], [ 81.028549138531957, 30.230020584882141 ], [ 81.028451075556745, 30.229873960315047 ], [ 81.028308764138217, 30.229641708598024 ], [ 81.028228514034765, 30.229510959763047 ], [ 81.028166138856307, 30.229409396626409 ], [ 81.028130764023615, 30.229325958426273 ], [ 81.028086263770092, 30.229179334758555 ], [ 81.028081638556841, 30.229077833675149 ], [ 81.028054951175136, 30.22887033489809 ], [ 81.028028263793374, 30.228676334045645 ], [ 81.028010387969061, 30.228529708579231 ], [ 81.027992451890213, 30.228360646826445 ], [ 81.027939137381338, 30.228173334232054 ], [ 81.02788551260636, 30.227988333794599 ], [ 81.02781438882306, 30.227771896655781 ], [ 81.02775195069205, 30.227564396979403 ], [ 81.02767201355266, 30.227338835319074 ], [ 81.027583013944991, 30.227185459541374 ], [ 81.027529389170013, 30.227061397165812 ], [ 81.027533950531449, 30.226984710176282 ], [ 81.02755176340321, 30.226892270661835 ], [ 81.027587137336582, 30.226815521619073 ], [ 81.027649450461809, 30.22678395991187 ], [ 81.027720576043805, 30.22674558404151 ], [ 81.027880950345661, 30.226621520766628 ], [ 81.028023138557046, 30.226529021896908 ], [ 81.028334451473825, 30.226411646880024 ], [ 81.028850388035039, 30.226280709187449 ], [ 81.028869517514295, 30.226275308758545 ], [ 81.029010451171416, 30.226235521851891 ], [ 81.02925976392703, 30.226188146465859 ], [ 81.029624388654668, 30.226133896662077 ], [ 81.029882513866994, 30.226118084781831 ], [ 81.030060451029044, 30.226118021829279 ], [ 81.030282888444617, 30.226156333847769 ], [ 81.030585263898843, 30.22618783350174 ], [ 81.03079007640099, 30.226156208842042 ], [ 81.030879013955371, 30.226126834286049 ], [ 81.030985513470739, 30.225986959130921 ], [ 81.031074451025177, 30.225885458946834 ], [ 81.031145763666132, 30.22574789684802 ], [ 81.03124345162405, 30.225454583862017 ], [ 81.031310327010033, 30.225292146515415 ], [ 81.031425763987897, 30.224989896966235 ], [ 81.031488075314485, 30.224719210023579 ], [ 81.031532451461544, 30.224565835145199 ], [ 81.031603514090932, 30.224387585019088 ], [ 81.03162132606343, 30.224286083935681 ], [ 81.031638888923624, 30.224234209241388 ], [ 81.031638825971072, 30.224155209195601 ], [ 81.031638763917897, 30.223938709104175 ], [ 81.03164782638612, 30.223839521976402 ], [ 81.031674387862779, 30.223692834456813 ], [ 81.031665576305386, 30.223460521585878 ], [ 81.031643137320998, 30.223390584907634 ], [ 81.031491825487421, 30.223244021494452 ], [ 81.031438513676505, 30.223151583778645 ], [ 81.031322888740362, 30.222973396605028 ], [ 81.03123388913275, 30.222835833606894 ], [ 81.031109137876456, 30.222619333515468 ], [ 81.03108245139407, 30.222502021451191 ], [ 81.031046700644765, 30.222393771855138 ], [ 81.03093101365539, 30.222138896792728 ], [ 81.030881951141168, 30.222001333794594 ], [ 81.030861120144664, 30.221935329851647 ], [ 81.030810763505997, 30.221775772134208 ], [ 81.030784138177467, 30.221653959862408 ], [ 81.030721700945776, 30.221399083900678 ], [ 81.030659263714085, 30.221119396542974 ], [ 81.030632513379828, 30.220841960188352 ], [ 81.030614638454836, 30.220648022288458 ], [ 81.030614576401661, 30.220316458437878 ], [ 81.030614513449109, 30.220214897099879 ], [ 81.030658888696792, 30.22009989719254 ], [ 81.030716701614551, 30.219975834816978 ], [ 81.030770263436978, 30.219876521784101 ], [ 81.03089457582405, 30.219736646628974 ], [ 81.031054951025226, 30.219596833527078 ], [ 81.031232826134101, 30.219535772258155 ], [ 81.031286076791048, 30.219513272119855 ], [ 81.031588638404969, 30.219366521647714 ], [ 81.031873325993274, 30.219265021463627 ], [ 81.032042138633869, 30.219204085200431 ], [ 81.032407013373017, 30.219095708799955 ], [ 81.032646950696289, 30.219048272260011 ], [ 81.03302970036043, 30.218978271729895 ], [ 81.033216388825338, 30.21893983380636 ], [ 81.033345263473166, 30.218910522202862 ], [ 81.033674451314937, 30.218840583726035 ], [ 81.033695204969774, 30.21883762315781 ], [ 81.033896951683005, 30.218808834060496 ], [ 81.034466326859558, 30.218801958743427 ], [ 81.034848763559637, 30.218770272030497 ], [ 81.035160137630328, 30.21873858531751 ], [ 81.035444826117896, 30.218668583888075 ], [ 81.035738326162857, 30.218569271754518 ], [ 81.035942825700886, 30.218454209794004 ], [ 81.035983700787199, 30.218404522250978 ], [ 81.03612976417736, 30.218228584281803 ], [ 81.036236513704182, 30.2180661469352 ], [ 81.036271888536874, 30.217982646681833 ], [ 81.036449700693197, 30.21782020843591 ], [ 81.036716513356453, 30.217581084099777 ], [ 81.036845700968399, 30.217479521862515 ], [ 81.037005702051545, 30.217339584654155 ], [ 81.03718357716042, 30.217192960087061 ], [ 81.037290325787978, 30.217084646639194 ], [ 81.037319152656835, 30.217055163265229 ], [ 81.037583700827213, 30.216784585140545 ], [ 81.037699263710124, 30.216683022003906 ], [ 81.037832638565476, 30.216545459005772 ], [ 81.038046200571785, 30.216335584219905 ], [ 81.038241575588302, 30.216182147288293 ], [ 81.038490888343858, 30.216019646089819 ], [ 81.038624264098587, 30.215956458823541 ], [ 81.03914888901005, 30.215809647197489 ], [ 81.039753951084037, 30.215678646552362 ], [ 81.03990076360941, 30.215656083461511 ], [ 81.040265325384496, 30.215601834557049 ], [ 81.040273546087349, 30.215602027911302 ], [ 81.040550075925296, 30.215608521016463 ], [ 81.040870138346293, 30.215585833819205 ], [ 81.041243826441473, 30.215547396794989 ], [ 81.041341888517422, 30.215538335226029 ], [ 81.041617513637391, 30.215531459909016 ], [ 81.041768762518416, 30.215484084522927 ], [ 81.041893075804865, 30.215400584269617 ], [ 81.042070951813059, 30.215253896749971 ], [ 81.042133264038966, 30.215213271675225 ], [ 81.042204325769092, 30.215120771906129 ], [ 81.042266575941767, 30.21495158424824 ], [ 81.04233757561866, 30.214744021619367 ], [ 81.042399888743944, 30.214604146464239 ], [ 81.042440432879744, 30.214536231461977 ], [ 81.042533200646744, 30.214380834008352 ], [ 81.04272007617061, 30.214116833525111 ], [ 81.042880075455173, 30.213931833986976 ], [ 81.042986825881371, 30.213722022153661 ], [ 81.04306238871834, 30.213654333780539 ], [ 81.043222388902166, 30.213453521462895 ], [ 81.043337888832582, 30.213313647207087 ], [ 81.043435575891181, 30.213173772052016 ], [ 81.043542325418059, 30.213042897311936 ], [ 81.043578077066684, 30.213004521441576 ], [ 81.043684763641011, 30.212842084994293 ], [ 81.043764638727168, 30.212695459527879 ], [ 81.043835888415572, 30.212517208502447 ], [ 81.043871264147583, 30.212456335191746 ], [ 81.044004576050384, 30.212239709195273 ], [ 81.044102576972421, 30.212084084213188 ], [ 81.044177825945951, 30.211984772079632 ], [ 81.04431120080136, 30.211860709704013 ], [ 81.044364762623729, 30.211813272264749 ], [ 81.044489076809498, 30.211752335102233 ], [ 81.044880575977857, 30.211682271619566 ], [ 81.045174013070323, 30.211612271089507 ], [ 81.045476575583564, 30.211535459993513 ], [ 81.045712114322669, 30.211510791589831 ], [ 81.045779138096805, 30.211503771481944 ], [ 81.046063450667759, 30.211420210074664 ], [ 81.046303700955093, 30.211264522140027 ], [ 81.046437013757213, 30.211165209107151 ], [ 81.04657032566007, 30.210948646962549 ], [ 81.046632638785297, 30.210802020596816 ], [ 81.046712638877239, 30.210508710308773 ], [ 81.046743825567148, 30.210445585095727 ], [ 81.046788201714207, 30.210307959145041 ], [ 81.046859200491781, 30.21009139700044 ], [ 81.046877013363542, 30.209951521845312 ], [ 81.046894389164777, 30.209626710104658 ], [ 81.046867700883752, 30.209556770728454 ], [ 81.046832263098509, 30.20941920862964 ], [ 81.046778575371036, 30.209209521802052 ], [ 81.046738797457579, 30.209063596008207 ], [ 81.046698639130966, 30.208916271768601 ], [ 81.046698514125183, 30.208792208493662 ], [ 81.046733888957874, 30.208661334652902 ], [ 81.046831826027983, 30.208429021781967 ], [ 81.046898326396729, 30.208368083720131 ], [ 81.047090439572173, 30.208225424263958 ], [ 81.047138450778959, 30.208189771540788 ], [ 81.047218201758653, 30.208081521944735 ], [ 81.047334075806987, 30.207880708727771 ], [ 81.047396325979719, 30.207711584921753 ], [ 81.047405012531385, 30.207594209904926 ], [ 81.047378263995768, 30.20733258453123 ], [ 81.04729801299294, 30.20712283385177 ], [ 81.047182326902941, 30.206883771568869 ], [ 81.04707545147096, 30.206784583541776 ], [ 81.046861763559605, 30.206613209631996 ], [ 81.046719575348163, 30.20652977143186 ], [ 81.046666325590536, 30.206498271777889 ], [ 81.046639326144032, 30.206459896806848 ], [ 81.046630512787999, 30.206358396622761 ], [ 81.04656813850886, 30.206281708733911 ], [ 81.046443826121731, 30.206157710210221 ], [ 81.046252450390341, 30.205995396970025 ], [ 81.046047513781787, 30.205787958447559 ], [ 81.045825075466894, 30.205555709428495 ], [ 81.045745137428185, 30.205447459832442 ], [ 81.045656138719892, 30.20532339655756 ], [ 81.045558076643999, 30.205239959256744 ], [ 81.045397951454333, 30.205068646500877 ], [ 81.045344638744155, 30.204969397319871 ], [ 81.045237825365405, 30.204852083456956 ], [ 81.045113075907807, 30.204743896813454 ], [ 81.0449351387457, 30.20465145909759 ], [ 81.044712763383359, 30.20453652214286 ], [ 81.044570514018062, 30.20445077178573 ], [ 81.044196825922825, 30.204288584450637 ], [ 81.043876638496101, 30.204157833817021 ], [ 81.043725387816437, 30.204103771971575 ], [ 81.043547388601155, 30.203988772064235 ], [ 81.043364950332261, 30.203880583622094 ], [ 81.043249325396118, 30.203779147289879 ], [ 81.043106763966023, 30.203695709089743 ], [ 81.042964576653958, 30.203641645445657 ], [ 81.042742138339065, 30.203555958940399 ], [ 81.042297388513703, 30.203470396541604 ], [ 81.042110388883373, 30.203441146991395 ], [ 81.041905825493529, 30.203371271467063 ], [ 81.041754575713128, 30.203333021501805 ], [ 81.041621138804544, 30.203263083924242 ], [ 81.041407763857251, 30.203139146554406 ], [ 81.04129220097434, 30.203078271445122 ], [ 81.041131763719989, 30.20299933345251 ], [ 81.040900700906661, 30.202906959588574 ], [ 81.040758450642045, 30.202861897258799 ], [ 81.040580513479995, 30.202776209854278 ], [ 81.040322389166988, 30.20269958401866 ], [ 81.040202264023321, 30.202690645656844 ], [ 81.039944138810995, 30.202668147317183 ], [ 81.039748763794478, 30.202677208886143 ], [ 81.039432092716936, 30.202698390618309 ], [ 81.039410512585164, 30.20269983403017 ], [ 81.03905476416611, 30.202729333591947 ], [ 81.038752575770786, 30.202754208839735 ], [ 81.038476575633524, 30.202700146994232 ], [ 81.038191888045276, 30.202576208725077 ], [ 81.037836013721119, 30.202375522312536 ], [ 81.037631450331219, 30.202289896061927 ], [ 81.03734676364229, 30.202190709833417 ], [ 81.037133450748229, 30.202152459868159 ], [ 81.036884451856054, 30.202089333755794 ], [ 81.036581825490885, 30.201990208681252 ], [ 81.03650620150006, 30.201927022314294 ], [ 81.036275013681006, 30.201780520954344 ], [ 81.036150327175903, 30.201672270458971 ], [ 81.035981138618695, 30.201525709743748 ], [ 81.03583013884986, 30.201356584139091 ], [ 81.035767762772082, 30.201255083955004 ], [ 81.035723263417935, 30.201092646608402 ], [ 81.03569657693555, 30.201016021672103 ], [ 81.035714075943929, 30.200862583841229 ], [ 81.035776326116604, 30.200668584787422 ], [ 81.03586520071849, 30.200467833623691 ], [ 81.035989764016449, 30.200305397176407 ], [ 81.036220763877225, 30.199964709703636 ], [ 81.03631420073981, 30.199811333925993 ], [ 81.036358638940101, 30.199718835056217 ], [ 81.036465387567659, 30.199531584515057 ], [ 81.03659870036978, 30.199292460178924 ], [ 81.036714201199459, 30.199145771760016 ], [ 81.03675863850043, 30.19906233355988 ], [ 81.036865388027309, 30.198913396835849 ], [ 81.036945201060234, 30.198760021957526 ], [ 81.036980888856988, 30.198635958682587 ], [ 81.036989575408654, 30.198444208833223 ], [ 81.036962825973717, 30.198374272154979 ], [ 81.036856013494287, 30.19812620945703 ], [ 81.036753700323061, 30.197979646943224 ], [ 81.036629326782077, 30.197855583668286 ], [ 81.036531263806864, 30.197778958731988 ], [ 81.036379951073968, 30.19763233416495 ], [ 81.03616663907917, 30.197501583531334 ], [ 81.035926388791893, 30.197400147199062 ], [ 81.035597200950122, 30.197276208929964 ], [ 81.035374888540332, 30.197154458711339 ], [ 81.03530370180448, 30.197052958527252 ], [ 81.035321513776921, 30.196976271537778 ], [ 81.035401388863079, 30.196937896566737 ], [ 81.035846012783338, 30.196845271791915 ], [ 81.036015138387995, 30.196813709185392 ], [ 81.036451013703356, 30.19672108351125 ], [ 81.036673389065697, 30.19666689666002 ], [ 81.037011263459078, 30.196565271470149 ], [ 81.037126763389494, 30.196520147087142 ], [ 81.03731338890185, 30.196450146557083 ], [ 81.037526950908102, 30.196348585219084 ], [ 81.037722638888738, 30.196265084066454 ], [ 81.037847263340609, 30.196179396661876 ], [ 81.037976075935205, 30.196109334078528 ], [ 81.038305138771193, 30.195931083952416 ], [ 81.038456075587476, 30.19583177181886 ], [ 81.038767325551703, 30.195662521208419 ], [ 81.039096387488371, 30.195468397148886 ], [ 81.039283263911557, 30.195344334773267 ], [ 81.039523450347019, 30.195229209860202 ], [ 81.040056951567124, 30.194935833921647 ], [ 81.040207825430855, 30.19483433463688 ], [ 81.040492450965871, 30.19463339731351 ], [ 81.040696888450725, 30.194509271985339 ], [ 81.040883826027823, 30.194385146657226 ], [ 81.04108826351262, 30.194285833624349 ], [ 81.041355014122644, 30.194184272286407 ], [ 81.041515013407206, 30.194123334224571 ], [ 81.041817513867215, 30.194053333694455 ], [ 81.04196876364756, 30.194021584028917 ], [ 81.041971993113066, 30.194021350205219 ], [ 81.042155389159916, 30.194008084305722 ], [ 81.042386826091217, 30.19400802225249 ], [ 81.042662450311866, 30.194046272217747 ], [ 81.042831513863348, 30.194052959576481 ], [ 81.043187264081041, 30.194046084259412 ], [ 81.043311575568794, 30.194021209011623 ], [ 81.043543013399415, 30.193982834040582 ], [ 81.04370301358324, 30.193944397016367 ], [ 81.04384513884213, 30.193867709127517 ], [ 81.044049950444901, 30.193759334525737 ], [ 81.044165450375317, 30.193666833857321 ], [ 81.044218638979089, 30.193628521838889 ], [ 81.044263077179323, 30.19352695870225 ], [ 81.044263012428132, 30.193402897225951 ], [ 81.044191888644775, 30.193310396557592 ], [ 81.044120763962155, 30.193211209429819 ], [ 81.044102889037163, 30.193093896466223 ], [ 81.044111388529814, 30.192622459259155 ], [ 81.044102576073101, 30.192484896261021 ], [ 81.044102389014085, 30.192083396631517 ], [ 81.044111075565752, 30.191857834971131 ], [ 81.044111073767112, 30.191853812303634 ], [ 81.04411101351252, 30.191695396725208 ], [ 81.044137825900009, 30.191418021524498 ], [ 81.044155200801924, 30.191147271629347 ], [ 81.044182076141965, 30.190908147293214 ], [ 81.044226450490328, 30.190730022172829 ], [ 81.044261764169164, 30.190529208955866 ], [ 81.044315138033255, 30.190299084135461 ], [ 81.04437713909374, 30.19015920898039 ], [ 81.044497077178448, 30.189872647204936 ], [ 81.044568138908517, 30.18974189657132 ], [ 81.044719200730583, 30.1894237721894 ], [ 81.044843764028542, 30.18921620956047 ], [ 81.044985763382329, 30.188907083794959 ], [ 81.045020034746869, 30.188821407182274 ], [ 81.045048013555061, 30.188751459712137 ], [ 81.045101513324255, 30.188521396944964 ], [ 81.045118952078042, 30.18845145846808 ], [ 81.045145825619386, 30.188304834800363 ], [ 81.045172325942133, 30.187980022160332 ], [ 81.045212138029797, 30.187817584813729 ], [ 81.045247763773318, 30.18764839715584 ], [ 81.045283076552778, 30.187422896649423 ], [ 81.04531870049766, 30.187292021909343 ], [ 81.04538970107393, 30.18712958366342 ], [ 81.045407513046371, 30.18699870982266 ], [ 81.045434075422293, 30.186867897135812 ], [ 81.045416137544748, 30.186696458474842 ], [ 81.045344951708216, 30.18653408408079 ], [ 81.045238138329466, 30.186441647264246 ], [ 81.045219926158723, 30.186420220017169 ], [ 81.045140387418996, 30.186326646457644 ], [ 81.045078014039177, 30.186186835154388 ], [ 81.045113637984059, 30.185979271626138 ], [ 81.045190314181696, 30.185831439269577 ], [ 81.045197889171334, 30.185816835178855 ], [ 81.045322513623148, 30.185654396932932 ], [ 81.045393514199361, 30.185491959586329 ], [ 81.045446701903813, 30.185392709506004 ], [ 81.045473200427921, 30.185205458964788 ], [ 81.045455575514438, 30.184921272298936 ], [ 81.045419825664453, 30.184774708885755 ], [ 81.045348638928601, 30.184603272023423 ], [ 81.045144076438021, 30.18437102210504 ], [ 81.045039184910536, 30.184263536932747 ], [ 81.044957013855139, 30.184179334308908 ], [ 81.044832325551454, 30.184039522106332 ], [ 81.044783638953845, 30.183962897170034 ], [ 81.044703388850394, 30.183832084483186 ], [ 81.044632264167717, 30.183692272280609 ], [ 81.044569826036707, 30.183444146630109 ], [ 81.044569763983475, 30.18327495987154 ], [ 81.044614075379343, 30.182997521718278 ], [ 81.044676326451338, 30.182812460126968 ], [ 81.044765139000049, 30.182557585064558 ], [ 81.044791700476651, 30.182440272100905 ], [ 81.044862701052864, 30.182239521836493 ], [ 81.04498713844572, 30.181876335124798 ], [ 81.045169326703103, 30.181389085138221 ], [ 81.045284762781648, 30.181188271921258 ], [ 81.045382388686335, 30.181057397181178 ], [ 81.045498138628261, 30.180840834137257 ], [ 81.045622326009607, 30.180617521681313 ], [ 81.045702451107275, 30.180493397252519 ], [ 81.045898076135359, 30.180254209963891 ], [ 81.046057888360906, 30.180076021890955 ], [ 81.04635126340014, 30.179890896447773 ], [ 81.046813639038248, 30.179696771488864 ], [ 81.046960325658574, 30.179651584153362 ], [ 81.047333762842925, 30.17955895847922 ], [ 81.047511700904352, 30.179565646737274 ], [ 81.04770738888493, 30.179597208444477 ], [ 81.047876263578758, 30.17964220962034 ], [ 81.048124268720073, 30.179678986496072 ], [ 81.048134201732069, 30.179680459585597 ], [ 81.048356514141858, 30.179689397048094 ], [ 81.048632075410012, 30.179673522215353 ], [ 81.048836825858871, 30.17963508429176 ], [ 81.049014638914514, 30.179580959493762 ], [ 81.049227888856024, 30.179542458617618 ], [ 81.049332901792013, 30.179519794802729 ], [ 81.049405701911667, 30.179504083646577 ], [ 81.04965463875061, 30.179465646622361 ], [ 81.04980582557846, 30.179449771789564 ], [ 81.049957077157444, 30.179424896541775 ], [ 81.050241638840589, 30.179370646737993 ], [ 81.050392888620991, 30.179332271766953 ], [ 81.050481826175371, 30.179325458503172 ], [ 81.050517138055511, 30.179325458503172 ], [ 81.050628513695017, 30.179347896588183 ], [ 81.050852856773986, 30.179406857940194 ], [ 81.050868701929119, 30.179411021801286 ], [ 81.051073263520379, 30.179471834857338 ], [ 81.051286450509338, 30.179571021985112 ], [ 81.051651388201037, 30.179758083668673 ], [ 81.051802637981439, 30.179812147312816 ], [ 81.05193601373611, 30.17983464655174 ], [ 81.052131388752628, 30.179841333910474 ], [ 81.052291701001252, 30.179818771718999 ], [ 81.052416012489061, 30.17977358528276 ], [ 81.052665201138154, 30.179649397002095 ], [ 81.052869576569776, 30.179541083554227 ], [ 81.053091763973782, 30.179331209667623 ], [ 81.053447264179965, 30.178976896566553 ], [ 81.053598451007758, 30.178791959081707 ], [ 81.053704763464111, 30.178620397213592 ], [ 81.053838012414417, 30.178381271978196 ], [ 81.053944700787383, 30.178196271540742 ], [ 81.054008428546183, 30.17806923420784 ], [ 81.05406920203211, 30.177948083837066 ], [ 81.054122263831459, 30.177686397309458 ], [ 81.054157887776341, 30.177514959547807 ], [ 81.054188950359844, 30.177393208429862 ], [ 81.054242138963616, 30.177237583447777 ], [ 81.054322201108732, 30.177036709976221 ], [ 81.054366575457152, 30.176896834821093 ], [ 81.054419639055141, 30.176682521880934 ], [ 81.054473075871783, 30.176418583450925 ], [ 81.054526200623741, 30.176303521490354 ], [ 81.054641638500868, 30.176141084143751 ], [ 81.054712639077081, 30.175994459576714 ], [ 81.054837137623849, 30.175807146982322 ], [ 81.055023701082973, 30.175615397132901 ], [ 81.055254951854579, 30.175414521862763 ], [ 81.055485950816035, 30.175274521701851 ], [ 81.055623825878911, 30.175204584124288 ], [ 81.055854825739686, 30.175096146569956 ], [ 81.05613063791867, 30.17499683353708 ], [ 81.056254889151887, 30.174958458566039 ], [ 81.0564862640299, 30.174841083549211 ], [ 81.056601701907084, 30.174764334506506 ], [ 81.056832638815308, 30.174531896629787 ], [ 81.05691007134277, 30.174460331279306 ], [ 81.056957200314628, 30.174416771716665 ], [ 81.057179388617953, 30.174200145720192 ], [ 81.057277325688062, 30.174114397161759 ], [ 81.057437262919393, 30.173967771695345 ], [ 81.057579264071819, 30.173798396978498 ], [ 81.05770388852369, 30.173642771996356 ], [ 81.057779451360659, 30.173543521916031 ], [ 81.057885763817012, 30.173435208468163 ], [ 81.057965825962128, 30.173288521847837 ], [ 81.058063263908537, 30.173040335043481 ], [ 81.058179013850463, 30.17274708501003 ], [ 81.058249825569078, 30.172399647225973 ], [ 81.058267638440839, 30.172253083812791 ], [ 81.058320701139507, 30.171912459292628 ], [ 81.058347200562935, 30.171704896663698 ], [ 81.058343173398782, 30.171644816555101 ], [ 81.058329512696901, 30.17144102208556 ], [ 81.058360264114981, 30.171348522316521 ], [ 81.058369262731333, 30.171224459940902 ], [ 81.058422388382553, 30.171007896896981 ], [ 81.058431387898281, 30.17084770875482 ], [ 81.058413388866882, 30.170646896437177 ], [ 81.058422076317811, 30.170475521628077 ], [ 81.058422013365259, 30.170360521720738 ], [ 81.058448575741238, 30.170290584143174 ], [ 81.05848420058544, 30.170243208757142 ], [ 81.058573014033414, 30.170067209634055 ], [ 81.058697575532733, 30.169920522114467 ], [ 81.058857450710832, 30.169758083868544 ], [ 81.059106200490817, 30.169586522000429 ], [ 81.059443825772007, 30.169324708668398 ], [ 81.05962163882765, 30.169193834827638 ], [ 81.059848450545587, 30.16906964654703 ], [ 81.060088513773962, 30.168952271530145 ], [ 81.060257137556903, 30.168821333837514 ], [ 81.060390452157719, 30.168643083711402 ], [ 81.060514951603807, 30.16856633466864 ], [ 81.060826137716163, 30.168466958683268 ], [ 81.061119451601485, 30.168365271440166 ], [ 81.061279638844326, 30.168256958891618 ], [ 81.061421763203839, 30.168164397069347 ], [ 81.061563826409497, 30.168103459007455 ], [ 81.061857807591821, 30.168030679572269 ], [ 81.061910702117245, 30.168017584543918 ], [ 81.062141701078701, 30.16797908456715 ], [ 81.062337326106785, 30.167931647127887 ], [ 81.062524262784564, 30.167886458893008 ], [ 81.063013263751202, 30.167861396586261 ], [ 81.063097639044884, 30.167854584221743 ], [ 81.063284200705368, 30.167831959077716 ], [ 81.063319888502122, 30.167822896609437 ], [ 81.063337700474563, 30.167784521638396 ], [ 81.063364201696629, 30.167646958640262 ], [ 81.063435138420971, 30.167421334926701 ], [ 81.06351507645968, 30.167082959610923 ], [ 81.063594825640735, 30.16692052226432 ], [ 81.063666075329195, 30.166758084018397 ], [ 81.063763700334562, 30.166633958690284 ], [ 81.063834637958223, 30.166487334123246 ], [ 81.063994513136322, 30.16630227163256 ], [ 81.064163450782701, 30.166076709072911 ], [ 81.064212389190459, 30.165968334471131 ], [ 81.064283263861569, 30.165706647044203 ], [ 81.064345326076023, 30.165366021624664 ], [ 81.064389638371154, 30.165095334682007 ], [ 81.064424826144887, 30.164849397082037 ], [ 81.064478013849339, 30.164301271986176 ], [ 81.064504512373389, 30.164084708942198 ], [ 81.064504389166302, 30.163938085274481 ], [ 81.064535388797196, 30.163705771504226 ], [ 81.064570950688903, 30.163489208460248 ], [ 81.064588450596602, 30.163403459002495 ], [ 81.064571503771958, 30.163204644978407 ], [ 81.064570763629888, 30.163195958426797 ], [ 81.064552763699169, 30.162970396766468 ], [ 81.064552701645937, 30.162832834667654 ], [ 81.06456126319182, 30.162577896652635 ], [ 81.064596826882109, 30.162406458891041 ], [ 81.064631825798187, 30.161820021776634 ], [ 81.064672012903145, 30.161695896448521 ], [ 81.064725076501134, 30.161488396772143 ], [ 81.064867013801688, 30.161201834996746 ], [ 81.065062450871494, 30.160885959819268 ], [ 81.06510623256662, 30.160813648031478 ], [ 81.065151263420148, 30.160739272299622 ], [ 81.065257951793114, 30.16056777158542 ], [ 81.06536457541489, 30.160430146534111 ], [ 81.065568888793223, 30.160227022059473 ], [ 81.065711201111128, 30.160066833917313 ], [ 81.065733200326974, 30.159972084044512 ], [ 81.065768701064769, 30.159787084506377 ], [ 81.065786138919236, 30.159554770736122 ], [ 81.065784163108674, 30.159447025659745 ], [ 81.065777076450956, 30.159060772236899 ], [ 81.065794825470903, 30.158884834267724 ], [ 81.065839201617905, 30.158805835121257 ], [ 81.065945888192232, 30.158744897059421 ], [ 81.066141138203022, 30.158575645549661 ], [ 81.066310076748721, 30.158426646772398 ], [ 81.066692200484738, 30.158212209725775 ], [ 81.066976638061476, 30.158024834178832 ], [ 81.067238637553146, 30.157839708735594 ], [ 81.067594138658649, 30.1576072088057 ], [ 81.06788763780429, 30.157453708921594 ], [ 81.068180950790293, 30.157367833558737 ], [ 81.068714264052119, 30.157243460017696 ], [ 81.068874200384073, 30.15722083397435 ], [ 81.069139849324642, 30.157201028204952 ], [ 81.069300889124804, 30.157189022255636 ], [ 81.069425512677299, 30.157213771598322 ], [ 81.069825576089499, 30.157267708438042 ], [ 81.070083575396723, 30.157321710028953 ], [ 81.070305888705832, 30.157335083847101 ], [ 81.070394763307718, 30.157289958564775 ], [ 81.070474513388149, 30.157188397226776 ], [ 81.070501388728189, 30.157150020457152 ], [ 81.070603575994312, 30.157120646800479 ], [ 81.070674700676932, 30.157158959718288 ], [ 81.070852512833255, 30.157213021563734 ], [ 81.070985888587927, 30.157219708922469 ], [ 81.071172389094556, 30.157165397065455 ], [ 81.071492638574455, 30.157088585070198 ], [ 81.071741450407671, 30.157025333952049 ], [ 81.071839076312358, 30.156973459257813 ], [ 81.072114700533064, 30.156740897274631 ], [ 81.072452263761022, 30.156485834253886 ], [ 81.072567278057477, 30.156400237680884 ], [ 81.072701013541007, 30.156300708810704 ], [ 81.072781138638675, 30.156269085050269 ], [ 81.073003326942057, 30.15616070864985 ], [ 81.073127513424083, 30.15610652179862 ], [ 81.073296576975508, 30.156059022306067 ], [ 81.073652137436227, 30.155991146873987 ], [ 81.07383901385947, 30.155991083921435 ], [ 81.074176762347747, 30.155950271787674 ], [ 81.07436776396122, 30.155904958547069 ], [ 81.07472338737449, 30.155857459054516 ], [ 81.074874576900243, 30.155841584221776 ], [ 81.075532263703053, 30.155773583783912 ], [ 81.075781388500332, 30.155732833703382 ], [ 81.076021137865268, 30.155687584314592 ], [ 81.076394450943212, 30.15560164689856 ], [ 81.076624408489693, 30.155568941253705 ], [ 81.076776763536884, 30.155547272088995 ], [ 81.077239075323121, 30.155477083600601 ], [ 81.077399262565962, 30.155447646991377 ], [ 81.077799325978162, 30.155377521455478 ], [ 81.078025762678863, 30.155323208699201 ], [ 81.078310264107472, 30.155253147015173 ], [ 81.07857688791313, 30.155167271652317 ], [ 81.078790326712237, 30.155074646877495 ], [ 81.079119138637395, 30.154912021572613 ], [ 81.0792255140463, 30.154803709024009 ], [ 81.079376638820861, 30.154697583626614 ], [ 81.07950120211882, 30.154634397259656 ], [ 81.079580950400612, 30.154564396729597 ], [ 81.079643138520112, 30.154471896960501 ], [ 81.079758513444688, 30.154280084158586 ], [ 81.079918576581122, 30.154009271310883 ], [ 81.079945076004492, 30.153907772026116 ], [ 81.079962359175568, 30.153654401529479 ], [ 81.079971388368961, 30.153522022223626 ], [ 81.079979888760931, 30.153197209583595 ], [ 81.080028700364267, 30.152980646539675 ], [ 81.080153076603267, 30.152718959112747 ], [ 81.080250576602907, 30.152518146795103 ], [ 81.080330575795472, 30.15234664698022 ], [ 81.08040151341919, 30.152199958561312 ], [ 81.080481575564306, 30.152021708435143 ], [ 81.080650076140159, 30.151820897016819 ], [ 81.080765514017344, 30.151728335194548 ], [ 81.080845514109228, 30.151613271435394 ], [ 81.081041014131529, 30.151380771505444 ], [ 81.081227451685606, 30.151195709014814 ], [ 81.081485200981319, 30.150972209499912 ], [ 81.081605139065971, 30.150886460042159 ], [ 81.081845075489923, 30.150701396652209 ], [ 81.08199582614651, 30.150545584611109 ], [ 81.082182637818562, 30.150430458798667 ], [ 81.082467013342068, 30.150261084081819 ], [ 81.082795576154979, 30.150121021867733 ], [ 81.083142263904392, 30.149951646251509 ], [ 81.083220194656292, 30.149904452528517 ], [ 81.083373450824126, 30.149811646989974 ], [ 81.083524263534002, 30.149687584614412 ], [ 81.083737575528744, 30.149493396702951 ], [ 81.083977450798784, 30.149231647222791 ], [ 81.084066263347438, 30.149116460256494 ], [ 81.084110638595178, 30.149062396612351 ], [ 81.084208138594761, 30.148976521249494 ], [ 81.084421576494606, 30.148813958897165 ], [ 81.084621263760368, 30.148635646717764 ], [ 81.084727889180783, 30.148520521804699 ], [ 81.084807888373405, 30.148396458529817 ], [ 81.084887575501284, 30.148218209302968 ], [ 81.084887575501284, 30.14816408360565 ], [ 81.084887513448052, 30.148096397031168 ], [ 81.084834200737816, 30.147988146535795 ], [ 81.08462951234219, 30.147654460285139 ], [ 81.084433701154467, 30.147431271935716 ], [ 81.084237889067367, 30.147221584208808 ], [ 81.084129054012692, 30.147083853037429 ], [ 81.084068637557607, 30.147007397173695 ], [ 81.083935138595848, 30.146790959135501 ], [ 81.08384182583967, 30.146565458629084 ], [ 81.08379720147974, 30.146319646934217 ], [ 81.083752575321171, 30.14614145886128 ], [ 81.083734513337163, 30.145870833971856 ], [ 81.083716325448108, 30.145469335241671 ], [ 81.083733764201895, 30.145013646962298 ], [ 81.083791450315232, 30.144905333514373 ], [ 81.083846793694647, 30.144808943278179 ], [ 81.083915826554232, 30.14468871021586 ], [ 81.084031138526257, 30.144472085118707 ], [ 81.084119889021736, 30.144280333470647 ], [ 81.084261701316507, 30.143971209503775 ], [ 81.084297264107533, 30.143838084659933 ], [ 81.084305950659143, 30.143738834579608 ], [ 81.084305825653416, 30.143560646506671 ], [ 81.084296951143415, 30.143405021524586 ], [ 81.084243262516623, 30.143258459010724 ], [ 81.084154262908953, 30.143143459103385 ], [ 81.084012012644337, 30.142965334882376 ], [ 81.08386070081076, 30.142818833522426 ], [ 81.083812013313832, 30.142733147017168 ], [ 81.083776200511295, 30.142640709301361 ], [ 81.083749389023126, 30.142401584065908 ], [ 81.083704701710701, 30.142115147296238 ], [ 81.083642200627139, 30.141846771611256 ], [ 81.083606451676474, 30.141738522015203 ], [ 81.083604974989669, 30.141731673677839 ], [ 81.083579701342217, 30.141614521692873 ], [ 81.083535076082967, 30.141337083539611 ], [ 81.083544013545463, 30.141203958695769 ], [ 81.083534701964993, 30.140926521441884 ], [ 81.083539075368094, 30.14070320898594 ], [ 81.083556637329025, 30.140423520728973 ], [ 81.083573826071301, 30.140006210118543 ], [ 81.083582701480566, 30.139776210303921 ], [ 81.083591263026449, 30.13951220892136 ], [ 81.083590763902691, 30.138948333998485 ], [ 81.083568388770175, 30.138623522257774 ], [ 81.083568200811897, 30.138361833931526 ], [ 81.083603263579789, 30.137967083713988 ], [ 81.083621012599735, 30.137852021753474 ], [ 81.08366520078846, 30.137574583600212 ], [ 81.083709451929735, 30.137371522078126 ], [ 81.083842860059974, 30.137038330454629 ], [ 81.083860325793466, 30.136994708838813 ], [ 81.083909200349353, 30.13687739677448 ], [ 81.084104262401866, 30.136561521597002 ], [ 81.084202138318062, 30.136437397168208 ], [ 81.084424200716342, 30.136259022036313 ], [ 81.084495137440683, 30.136128147296233 ], [ 81.084566013910489, 30.135943145959459 ], [ 81.084575012526841, 30.135841646674692 ], [ 81.084574888420434, 30.135780709512176 ], [ 81.084450326921115, 30.135618397171356 ], [ 81.084379137487247, 30.135541772235058 ], [ 81.084156638917818, 30.135223834012777 ], [ 81.083871763371235, 30.134790959735028 ], [ 81.083724887893311, 30.13446852130528 ], [ 81.083663930046384, 30.134401014595198 ], [ 81.08362713878148, 30.134360271709227 ], [ 81.083449262773343, 30.134143895724264 ], [ 81.083386825541595, 30.134013083936736 ], [ 81.083368826510196, 30.133841647074405 ], [ 81.083333013707659, 30.133688272196082 ], [ 81.083279638944248, 30.133510147075697 ], [ 81.083239575945754, 30.133340958518488 ], [ 81.083177075761512, 30.133070333629064 ], [ 81.083123450986534, 30.132892146455447 ], [ 81.083096637699725, 30.132668896952111 ], [ 81.083096636800406, 30.132667163059182 ], [ 81.083096387688215, 30.132373396814842 ], [ 81.08312282595773, 30.132159083874683 ], [ 81.083140512924388, 30.132003458892541 ], [ 81.083131701366995, 30.131904271764768 ], [ 81.083051388310992, 30.131694459032133 ], [ 81.082935701321617, 30.131462210013012 ], [ 81.082815514124718, 30.131270584270112 ], [ 81.082610888681643, 30.130945896635865 ], [ 81.082379325845295, 30.130652771608197 ], [ 81.082192639179027, 30.130398020652194 ], [ 81.082094889167877, 30.130280771540413 ], [ 81.082050388914354, 30.130188333824606 ], [ 81.081934326008422, 30.129917708935182 ], [ 81.081898889122499, 30.129834271634365 ], [ 81.081818639019048, 30.129662896825266 ], [ 81.081752012745255, 30.129484771704881 ], [ 81.081662951084354, 30.129299834220035 ], [ 81.081582763034135, 30.129169084485738 ], [ 81.081378138490379, 30.128875958558694 ], [ 81.081244638629244, 30.128652709954679 ], [ 81.08118232550396, 30.128528709632292 ], [ 81.08116432647256, 30.128382084165878 ], [ 81.081128825734766, 30.128235521652073 ], [ 81.081066325550523, 30.127949083983083 ], [ 81.081030512748043, 30.127847584698316 ], [ 81.08099507676144, 30.127694208920673 ], [ 81.080906075355131, 30.127570208598286 ], [ 81.080741513809869, 30.127416958725689 ], [ 81.080645861917048, 30.127343297954894 ], [ 81.080519137548208, 30.127245708922374 ], [ 81.08043020179241, 30.127108084770327 ], [ 81.080376514064938, 30.126905146455385 ], [ 81.080331888805688, 30.126697645879688 ], [ 81.08028732559967, 30.126542021796922 ], [ 81.080260639117284, 30.126442771716597 ], [ 81.080207326407049, 30.126280396423226 ], [ 81.080162764100351, 30.126172146827173 ], [ 81.080144764169575, 30.125978209826599 ], [ 81.08013563784948, 30.125863146067388 ], [ 81.080108888414543, 30.125678209481862 ], [ 81.080082076027054, 30.125430083831361 ], [ 81.080050763432041, 30.125254209714058 ], [ 81.080023951943872, 30.124974521457034 ], [ 81.080015075635288, 30.124843646716954 ], [ 81.080005889060601, 30.124681271423583 ], [ 81.080014825623778, 30.12451883407698 ], [ 81.080076638725927, 30.124365459198657 ], [ 81.080254200870741, 30.124085646835169 ], [ 81.080343326383456, 30.123999833525545 ], [ 81.080405200639575, 30.123938897262349 ], [ 81.080645013856383, 30.12366133500268 ], [ 81.08087570165236, 30.123345396872594 ], [ 81.081013388756958, 30.123158084278202 ], [ 81.081208888779258, 30.122982022202621 ], [ 81.0812798255036, 30.12293458386398 ], [ 81.081395263380784, 30.122842084094941 ], [ 81.081564138074555, 30.122749459320119 ], [ 81.081919577126826, 30.122640959712555 ], [ 81.082070638948892, 30.122570959182497 ], [ 81.082167936601024, 30.122525019114391 ], [ 81.082381576848377, 30.122424146657067 ], [ 81.082772263928916, 30.122184772309424 ], [ 81.083021262821092, 30.122067333440725 ], [ 81.083252075622852, 30.121945396163142 ], [ 81.083438826140991, 30.121837021561362 ], [ 81.083607388770019, 30.121728646060205 ], [ 81.083643013614221, 30.121690271988541 ], [ 81.083776200511295, 30.121502958494773 ], [ 81.083953763555428, 30.121302084123954 ], [ 81.084002388099805, 30.121202834043629 ], [ 81.084064514166073, 30.121085459926064 ], [ 81.084179889090649, 30.120916209315681 ], [ 81.08425988918259, 30.120830459857871 ], [ 81.08430426263169, 30.120762771484749 ], [ 81.084446200831565, 30.120613771808166 ], [ 81.084650702168233, 30.120390333447176 ], [ 81.084757325790008, 30.120275271486662 ], [ 81.084801701037748, 30.120196271440818 ], [ 81.084881327011715, 30.120027021729697 ], [ 81.084996513978012, 30.119733709643015 ], [ 81.085067762767096, 30.119578021708378 ], [ 81.085165263666056, 30.1193930221703 ], [ 81.08517845042519, 30.11931633428145 ], [ 81.085220261705786, 30.119182973815214 ], [ 81.085231514023235, 30.119147084570329 ], [ 81.085284888786646, 30.119007208515939 ], [ 81.085373575430197, 30.118774833591772 ], [ 81.085408889108976, 30.118729710108084 ], [ 81.085526314487879, 30.118566523626214 ], [ 81.085542013053498, 30.118544708771367 ], [ 81.085808700711027, 30.118235459798655 ], [ 81.085826138565494, 30.118140709925854 ], [ 81.08587945037641, 30.117917334517415 ], [ 81.085914701102638, 30.117748146859526 ], [ 81.086003388645508, 30.1175766470447 ], [ 81.086065513812457, 30.117407458487492 ], [ 81.086180763731306, 30.117175083563325 ], [ 81.086229702139121, 30.117075770530448 ], [ 81.08625613860994, 30.116897522202919 ], [ 81.086238075726669, 30.116665208432664 ], [ 81.086177917377029, 30.116240601622508 ], [ 81.086175763500762, 30.116225396784671 ], [ 81.086148701101706, 30.116056272079334 ], [ 81.086130951182497, 30.115808083476338 ], [ 81.086103888783498, 30.115553272265743 ], [ 81.08609463835694, 30.115097646938921 ], [ 81.086099075611912, 30.114989396443548 ], [ 81.086107576003883, 30.114664520851022 ], [ 81.086134013374078, 30.114486334576725 ], [ 81.086169514111816, 30.114294583828041 ], [ 81.086178138610251, 30.114116396654424 ], [ 81.086222326798975, 30.113829896932259 ], [ 81.086249075334592, 30.11365164680609 ], [ 81.086291865077555, 30.113450939709139 ], [ 81.086293325576548, 30.113444085076537 ], [ 81.086319763846063, 30.11328170888379 ], [ 81.08634626416881, 30.113112521225901 ], [ 81.086346075311212, 30.112925270684741 ], [ 81.08633257558796, 30.112733583787929 ], [ 81.086296700732191, 30.112494458552476 ], [ 81.086254494649268, 30.112343762754506 ], [ 81.086207638172027, 30.112176459176283 ], [ 81.086172138333552, 30.112106583651951 ], [ 81.08615426250924, 30.112007333571626 ], [ 81.086073762394278, 30.111660021692671 ], [ 81.086029325992683, 30.111536020471021 ], [ 81.086011326061907, 30.111411958994779 ], [ 81.08602895097539, 30.111134520841517 ], [ 81.086010951044614, 30.110940521787711 ], [ 81.086002013582117, 30.110748771938347 ], [ 81.085988575912097, 30.110586395745599 ], [ 81.085970450975594, 30.110261584004945 ], [ 81.085961512613778, 30.110051834224805 ], [ 81.085961325554763, 30.109805959577443 ], [ 81.085943325624044, 30.109659334111029 ], [ 81.085907451667595, 30.1094112723124 ], [ 81.085898200341717, 30.108761647032452 ], [ 81.08591113888798, 30.108423271716674 ], [ 81.085929120832304, 30.108328422918419 ], [ 81.085946638726455, 30.108236021175514 ], [ 81.08603526331683, 30.107951771557055 ], [ 81.086088263962267, 30.107719396632888 ], [ 81.086150326176664, 30.107496022123769 ], [ 81.086203325922838, 30.107254646784554 ], [ 81.086221013788816, 30.107123772044474 ], [ 81.086238763708025, 30.106992958458306 ], [ 81.086220701724073, 30.106738084295216 ], [ 81.086184951874088, 30.106629833799843 ], [ 81.086127138956329, 30.106537396983356 ], [ 81.086047201816996, 30.10639758388146 ], [ 81.085922575566485, 30.106266835046426 ], [ 81.085815763986375, 30.106151897192376 ], [ 81.085691450699926, 30.106005334678514 ], [ 81.085540138866349, 30.105818209143081 ], [ 81.085362262858212, 30.105601772004206 ], [ 81.085166450771169, 30.105340271636294 ], [ 81.08501507688436, 30.105031271775829 ], [ 81.084952575800799, 30.10483739592911 ], [ 81.084846013332879, 30.104499083565884 ], [ 81.084761200968728, 30.104336772124384 ], [ 81.08465470055404, 30.104158647003999 ], [ 81.084529951096442, 30.103935395702024 ], [ 81.08440526369202, 30.10374827196523 ], [ 81.084325388605862, 30.103588146775621 ], [ 81.084289638755877, 30.103518272150609 ], [ 81.084182763323952, 30.103263397088142 ], [ 81.08407588879129, 30.103062771829514 ], [ 81.084004701156118, 30.102868771876388 ], [ 81.083889014166743, 30.102598209939515 ], [ 81.083839951652521, 30.10246739725261 ], [ 81.083826361097749, 30.102429081636842 ], [ 81.083768764017293, 30.10226670994075 ], [ 81.083706388838834, 30.102135897253902 ], [ 81.083564075621666, 30.101872083829676 ], [ 81.083430638713082, 30.101639833911236 ], [ 81.083261451954513, 30.101371522078125 ], [ 81.083083513893087, 30.101076146946696 ], [ 81.083038950687069, 30.100967896451323 ], [ 81.082958825589401, 30.100550646994805 ], [ 81.083034325473818, 30.100428771770453 ], [ 81.083194013592902, 30.10021889608521 ], [ 81.083309388517534, 30.10011958395171 ], [ 81.083335888840281, 30.100065459153655 ], [ 81.083380263188644, 30.099957146605107 ], [ 81.083504763534052, 30.09987127214157 ], [ 81.083895388561416, 30.099756084275896 ], [ 81.083993262678973, 30.099708646836632 ], [ 81.084428325906572, 30.099539209167233 ], [ 81.084872825720367, 30.099468958625607 ], [ 81.085014825973474, 30.099430520702015 ], [ 81.085432450447286, 30.099337771820785 ], [ 81.085743388346771, 30.099283459064452 ], [ 81.085917569939966, 30.099275379555195 ], [ 81.08608970107889, 30.099267397172696 ], [ 81.08636982640644, 30.099228897195928 ], [ 81.086831577015744, 30.099181208845778 ], [ 81.087808827115737, 30.099065521856403 ], [ 81.088225674575256, 30.099024102680232 ], [ 81.088288763815456, 30.099017833506252 ], [ 81.088493013341974, 30.099010896136008 ], [ 81.088786513386935, 30.099001709561321 ], [ 81.089328389093964, 30.099001271591476 ], [ 81.089852701940686, 30.098978396435882 ], [ 81.089981450683467, 30.098987334797698 ], [ 81.090390138594103, 30.09905477046135 ], [ 81.090656764198343, 30.099149272121281 ], [ 81.091047952201279, 30.099295646676808 ], [ 81.091296826987048, 30.099394708798798 ], [ 81.091501138566741, 30.099464585222506 ], [ 81.091533841513638, 30.099478228837256 ], [ 81.091981264124115, 30.099664896617753 ], [ 81.092114638979467, 30.0997189584632 ], [ 81.092257013350547, 30.099766208843505 ], [ 81.092532388459006, 30.099795397239859 ], [ 81.092728359726095, 30.099809185645427 ], [ 81.092754450857285, 30.09981102206109 ], [ 81.093012388111276, 30.099858209488843 ], [ 81.093185575953612, 30.099903208866067 ], [ 81.093549825663956, 30.099966084067603 ], [ 81.093834262341375, 30.100033521529838 ], [ 81.093967638995423, 30.100103334101618 ], [ 81.094216388775351, 30.100188895601093 ], [ 81.094527513733851, 30.100312771817016 ], [ 81.094531656910476, 30.100315168510292 ], [ 81.094714388358398, 30.100420897306606 ], [ 81.094981076015927, 30.100519958529333 ], [ 81.095309951792899, 30.100612209186181 ], [ 81.095798826854434, 30.100744896959498 ], [ 81.096287576010866, 30.100812210315326 ], [ 81.096389764176308, 30.100836959658011 ], [ 81.096585327151161, 30.10085033347616 ], [ 81.096905075708719, 30.100843334952003 ], [ 81.097091764173626, 30.100836458735614 ], [ 81.097296076652697, 30.100788960142438 ], [ 81.097491575775678, 30.100750397213119 ], [ 81.097944575981444, 30.10064858496429 ], [ 81.098157888875505, 30.100610084987466 ], [ 81.09849538735233, 30.100533147087106 ], [ 81.098655200477197, 30.100494647110338 ], [ 81.098903826150718, 30.10041777126321 ], [ 81.099010513624364, 30.100370333823889 ], [ 81.099268200866845, 30.100300210086687 ], [ 81.099605701142252, 30.100191708680484 ], [ 81.09984982570893, 30.100114833732619 ], [ 81.100054327045598, 30.10003795878481 ], [ 81.100249764115404, 30.099920521714751 ], [ 81.100516138808814, 30.099728583907051 ], [ 81.100640262338288, 30.099627021669789 ], [ 81.100673342101118, 30.099598366571399 ], [ 81.100924388749604, 30.09938089701086 ], [ 81.101172888518022, 30.09914839618159 ], [ 81.10124382614174, 30.099087459019074 ], [ 81.101421387387177, 30.098963208685177 ], [ 81.101679075528978, 30.098816397059124 ], [ 81.101909888330738, 30.098746333576457 ], [ 81.101963493320625, 30.098718559813733 ], [ 81.102149700648226, 30.098622084141937 ], [ 81.102265076472179, 30.098529520521026 ], [ 81.102425138709236, 30.098405334039001 ], [ 81.102611450358211, 30.098235897268921 ], [ 81.102851138569235, 30.098019272171712 ], [ 81.103183888625608, 30.097725772126751 ], [ 81.103459200781572, 30.09743908444625 ], [ 81.103707637597438, 30.09715239676575 ], [ 81.103707513491031, 30.097044147169697 ], [ 81.103671762741726, 30.096960708969618 ], [ 81.103668583638296, 30.09695094503013 ], [ 81.103654137828244, 30.096906584171563 ], [ 81.103671700688494, 30.096868210099842 ], [ 81.10376082710053, 30.096814021449973 ], [ 81.103831700872377, 30.09672827199222 ], [ 81.10383145086081, 30.09646433356221 ], [ 81.103853325970249, 30.09631095868383 ], [ 81.10386220137957, 30.096078583759663 ], [ 81.103861950468684, 30.095886833910299 ], [ 81.103870576765758, 30.095747021707723 ], [ 81.10391470200193, 30.095460521985558 ], [ 81.103932451021876, 30.095383772043476 ], [ 81.104029826015733, 30.095167146946324 ], [ 81.104127576026883, 30.094997897235203 ], [ 81.104305076118408, 30.094810583741491 ], [ 81.104757637455066, 30.094395147318266 ], [ 81.105019326680633, 30.094099459222718 ], [ 81.105090575469717, 30.094015958969408 ], [ 81.105179325965196, 30.093876021761048 ], [ 81.105267950555515, 30.093706772049927 ], [ 81.105489701788372, 30.093334459018138 ], [ 81.105551513991259, 30.093219334105015 ], [ 81.105728826124505, 30.092856021488274 ], [ 81.105782200887916, 30.09273189705948 ], [ 81.105861638903548, 30.092407021466897 ], [ 81.105928325431933, 30.092330271524872 ], [ 81.106043639202653, 30.092199333832241 ], [ 81.10607013862608, 30.092151958446152 ], [ 81.106079139041071, 30.09202789607059 ], [ 81.106087700586954, 30.091867708827749 ], [ 81.106194075995859, 30.091596959831861 ], [ 81.106291451889035, 30.091380333835389 ], [ 81.106371388129105, 30.091224646800072 ], [ 81.106522263791476, 30.091007958750367 ], [ 81.106646262315223, 30.090831958727961 ], [ 81.106903763398009, 30.090606147056121 ], [ 81.106997076154187, 30.09052939711404 ], [ 81.10722776395022, 30.090373584173619 ], [ 81.107414450616488, 30.09026739672305 ], [ 81.107627387593936, 30.090172458891914 ], [ 81.107849325885752, 30.090025709319093 ], [ 81.107964638757153, 30.089926334232985 ], [ 81.108240013865611, 30.089709584130048 ], [ 81.108417576010368, 30.089562771604676 ], [ 81.108586325698411, 30.089422833496997 ], [ 81.108799200622684, 30.089276020971624 ], [ 81.1090211389145, 30.089129208446252 ], [ 81.10902477217553, 30.08912670743166 ], [ 81.109234388856009, 30.088982396820199 ], [ 81.109438513376745, 30.088819833568493 ], [ 81.109491576974733, 30.088758897305297 ], [ 81.109607138958381, 30.088580584226634 ], [ 81.109722325924679, 30.088348145450595 ], [ 81.109841951045269, 30.088048084851266 ], [ 81.109921388161581, 30.08776152217655 ], [ 81.109974763824368, 30.087621647021422 ], [ 81.110045513489695, 30.087382459732794 ], [ 81.110098326176853, 30.087080147231063 ], [ 81.110151637987769, 30.086895146793665 ], [ 81.110222450605647, 30.086725896183225 ], [ 81.110319762647009, 30.086493522158378 ], [ 81.110408451089199, 30.086324333601169 ], [ 81.11046595194216, 30.086177584028349 ], [ 81.110474826452162, 30.085967834248208 ], [ 81.110394638401885, 30.085868646221115 ], [ 81.110296888390735, 30.085751397109334 ], [ 81.110261201493302, 30.085706333880239 ], [ 81.110287700916729, 30.085652146129689 ], [ 81.110349889036229, 30.085575397086984 ], [ 81.110340950674413, 30.085419771205522 ], [ 81.110304763753902, 30.084957333514183 ], [ 81.110224575703683, 30.084547021427966 ], [ 81.110166638679516, 30.08435302147484 ], [ 81.110077576119295, 30.084145583851637 ], [ 81.109975901466726, 30.083976128195786 ], [ 81.10997070068737, 30.083967459630628 ], [ 81.109917076811712, 30.083868271603478 ], [ 81.109783513998025, 30.083597709666606 ], [ 81.109756825717, 30.083505208998247 ], [ 81.109676950630842, 30.083381145723365 ], [ 81.109534389200746, 30.083196397096117 ], [ 81.109472014022288, 30.08307239677373 ], [ 81.10934751367688, 30.082785959104797 ], [ 81.109240576191723, 30.082562771654636 ], [ 81.109156075892258, 30.082362083443456 ], [ 81.108986702074674, 30.081951709304008 ], [ 81.108861826711973, 30.081627020770441 ], [ 81.10875526244547, 30.081403771267105 ], [ 81.108692826113099, 30.081218834681522 ], [ 81.108648263806401, 30.081094835258511 ], [ 81.10856801370295, 30.080970834036805 ], [ 81.108452388766807, 30.080770146724944 ], [ 81.108354325791538, 30.080607835283445 ], [ 81.108247827175546, 30.080508709309527 ], [ 81.10820763737263, 30.08048389701429 ], [ 81.108198825815236, 30.0804455849958 ], [ 81.108243139009687, 30.080346271063604 ], [ 81.108243076956512, 30.08027633528468 ], [ 81.108242951051409, 30.080199583544015 ], [ 81.108216325722935, 30.08007564617418 ], [ 81.10811813864126, 30.07987495886232 ], [ 81.10803820150187, 30.079735145760424 ], [ 81.108002450752565, 30.079658520824125 ], [ 81.107949138941649, 30.079534458448563 ], [ 81.107922450660624, 30.079448771943305 ], [ 81.107886638757407, 30.079286396649934 ], [ 81.107895264155161, 30.079193895981575 ], [ 81.107894964680952, 30.078885801738409 ], [ 81.107894951191099, 30.078871333445306 ], [ 81.107921700626036, 30.078722458774507 ], [ 81.107983451675011, 30.078553209063386 ], [ 81.108089889137148, 30.078374958937275 ], [ 81.108200950913215, 30.078253084612243 ], [ 81.108298450912855, 30.078135708696038 ], [ 81.108405013380718, 30.078058895801462 ], [ 81.108618263322228, 30.0779955835294 ], [ 81.108813388327292, 30.077950271188115 ], [ 81.108937825720147, 30.077902833748851 ], [ 81.108955638591908, 30.077864395825259 ], [ 81.108955638591908, 30.077835146275049 ], [ 81.108919951694475, 30.077819396448035 ], [ 81.108618013310718, 30.077749709781358 ], [ 81.108342326137517, 30.077673208951467 ], [ 81.108173450544371, 30.077664333542202 ], [ 81.107942513636146, 30.077603647290516 ], [ 81.107613701711045, 30.077527210312553 ], [ 81.107364951031741, 30.077441709067671 ], [ 81.107169326003657, 30.07734939725691 ], [ 81.106867325566668, 30.07722564694609 ], [ 81.106529389120055, 30.077070209022963 ], [ 81.10633407615677, 30.076971083948422 ], [ 81.106031763655039, 30.076824708493575 ], [ 81.105840700887711, 30.076748209462323 ], [ 81.105645137912859, 30.076640083972734 ], [ 81.105529638881762, 30.076577021712239 ], [ 81.10525388875601, 30.076414835276466 ], [ 81.105164951201573, 30.076347209855896 ], [ 81.104951950372254, 30.0762684589223 ], [ 81.104906970780121, 30.076251066033933 ], [ 81.104631763844907, 30.076144646558248 ], [ 81.103680764056094, 30.07571458356125 ], [ 81.103565264125677, 30.075660521715747 ], [ 81.103316450493878, 30.075514084207668 ], [ 81.103254200321146, 30.075482583654377 ], [ 81.102978702005544, 30.07528877165953 ], [ 81.102898576008556, 30.075234708914763 ], [ 81.102747325328835, 30.075065647161921 ], [ 81.102560700715799, 30.074833460196089 ], [ 81.102431764014739, 30.074641834453132 ], [ 81.102360200462954, 30.074416333946715 ], [ 81.102333576033743, 30.074346397268471 ], [ 81.102333388974785, 30.074193021490828 ], [ 81.102386576679237, 30.073883959577131 ], [ 81.102403951581152, 30.073728333695669 ], [ 81.10243491793716, 30.073417179958938 ], [ 81.102439200508741, 30.073374146499702 ], [ 81.102465700831488, 30.073211709153099 ], [ 81.102554263368631, 30.073010896835456 ], [ 81.102580638685595, 30.072832646709344 ], [ 81.102598325652252, 30.072692833607448 ], [ 81.102594013403063, 30.072532647263927 ], [ 81.102549326090582, 30.072392834162031 ], [ 81.102495825422068, 30.072307146757453 ], [ 81.102469138040362, 30.0721988971614 ], [ 81.102397952203773, 30.071991458638934 ], [ 81.102362137602654, 30.071890022306718 ], [ 81.102281888398466, 30.071689271142986 ], [ 81.102175387983834, 30.071511146921921 ], [ 81.102148325584835, 30.071389396703353 ], [ 81.102068388445446, 30.071202209114688 ], [ 81.102005950314435, 30.071017271629842 ], [ 81.101934387661913, 30.07050083414623 ], [ 81.101903138918772, 30.070322646972613 ], [ 81.101885076035501, 30.070067771910203 ], [ 81.101858325701244, 30.069927833802524 ], [ 81.101822201733285, 30.069526459178803 ], [ 81.101760013613784, 30.069264833805107 ], [ 81.101737250873498, 30.06917776594122 ], [ 81.101697512530222, 30.069025771522206 ], [ 81.10169738302784, 30.068897354629257 ], [ 81.101697075459697, 30.068592710185499 ], [ 81.101705701756771, 30.068484396737574 ], [ 81.101687762979907, 30.068360335261332 ], [ 81.101665638758277, 30.068283708526394 ], [ 81.101585450708058, 30.068159710002647 ], [ 81.101550013822134, 30.068019833948256 ], [ 81.101478202057422, 30.067611646060641 ], [ 81.101460637398532, 30.067503396464645 ], [ 81.101416075991153, 30.067347771482503 ], [ 81.101369229406487, 30.067276867133785 ], [ 81.101344638344415, 30.067239646892233 ], [ 81.101246763327538, 30.066962209638291 ], [ 81.101131076338163, 30.066660022142344 ], [ 81.101113137561299, 30.066567521473985 ], [ 81.101059700744656, 30.066321708879798 ], [ 81.10104011890644, 30.066196166220152 ], [ 81.101028389048963, 30.066120958615386 ], [ 81.101010514123971, 30.065996959192375 ], [ 81.101028201090685, 30.065920209250294 ], [ 81.100992327134236, 30.065733021661686 ], [ 81.100912014078233, 30.065455645561656 ], [ 81.100832076938843, 30.065254959149115 ], [ 81.100760888404352, 30.06507683402873 ], [ 81.100671763790899, 30.064767834168265 ], [ 81.100644763445132, 30.064697958643933 ], [ 81.100582700331415, 30.064582958736594 ], [ 81.100458138832096, 30.064436459175283 ], [ 81.100315950620654, 30.064258334054898 ], [ 81.10019132616884, 30.064143397100167 ], [ 81.100118950529179, 30.064069022267631 ], [ 81.099932387969375, 30.063884271841744 ], [ 81.099790262710485, 30.063753459154896 ], [ 81.099776892489672, 30.06374190916182 ], [ 81.099594638581777, 30.063584458555965 ], [ 81.099354514199547, 30.063343271175086 ], [ 81.099239012470491, 30.063275708707067 ], [ 81.099194576968216, 30.063228334220298 ], [ 81.098954513739898, 30.063021020703616 ], [ 81.098892200614614, 30.062957897289152 ], [ 81.098652137386296, 30.062764083495722 ], [ 81.098385451527406, 30.062563522088908 ], [ 81.098189887653234, 30.062455396599319 ], [ 81.097950139187617, 30.062279646588479 ], [ 81.097487826502061, 30.061862710096023 ], [ 81.097385575384067, 30.061738708874373 ], [ 81.097269638383182, 30.061506459855309 ], [ 81.097163138867813, 30.061299022232163 ], [ 81.096976138338164, 30.061028458496594 ], [ 81.096878388327013, 30.060859333791257 ], [ 81.096762762491551, 30.060627083872873 ], [ 81.096478138755174, 30.060279959052934 ], [ 81.096393388444199, 30.060117583759506 ], [ 81.096268951051286, 30.0598537712346 ], [ 81.09611763831839, 30.059529083600353 ], [ 81.096010700833233, 30.059206521963461 ], [ 81.095957201064039, 30.058888583741179 ], [ 81.095921387362182, 30.058764522264937 ], [ 81.09593038867655, 30.058640459889375 ], [ 81.095992013820421, 30.05836289673033 ], [ 81.095994977985924, 30.058321772531826 ], [ 81.096000950383598, 30.058238897307319 ], [ 81.096000888330366, 30.058139647226994 ], [ 81.095943013359431, 30.05799989707765 ], [ 81.095898451952053, 30.057814896640195 ], [ 81.095773825701542, 30.057652585198696 ], [ 81.095471389093404, 30.057321210205714 ], [ 81.095426950893113, 30.057258084992668 ], [ 81.095329263834515, 30.057120584047766 ], [ 81.095222388402533, 30.056926646147872 ], [ 81.095062452070579, 30.056786958951022 ], [ 81.094947014193394, 30.056703520750943 ], [ 81.094742575809278, 30.05650295844481 ], [ 81.094653700308072, 30.056424085203446 ], [ 81.094244577125608, 30.055993522183371 ], [ 81.094142263954382, 30.055869521860984 ], [ 81.093982326723051, 30.055675646014322 ], [ 81.093795451199185, 30.055459271827999 ], [ 81.093600076182611, 30.055236083478519 ], [ 81.093505909969849, 30.055157366719129 ], [ 81.093360075906844, 30.05503545911921 ], [ 81.093039888480121, 30.054774083757025 ], [ 81.09284463846933, 30.054672645626169 ], [ 81.092764450419111, 30.054557708671382 ], [ 81.092693325736434, 30.054386333862283 ], [ 81.092635513718051, 30.054242021452183 ], [ 81.092689403793031, 30.054254588578431 ], [ 81.092799264074813, 30.054280208464888 ], [ 81.092868637777485, 30.054291459883018 ], [ 81.092899389195509, 30.05428464661918 ], [ 81.093022201513463, 30.054219147195965 ], [ 81.093170889125304, 30.054119834163089 ], [ 81.093265826057063, 30.05407464682753 ], [ 81.093491263610986, 30.053941396977962 ], [ 81.093727137797202, 30.053860083875804 ], [ 81.093845076688979, 30.053817083691513 ], [ 81.094065701970635, 30.053699646621453 ], [ 81.094204077056588, 30.053627333934344 ], [ 81.094609076847462, 30.053475896195721 ], [ 81.094648263906322, 30.053455584107951 ], [ 81.09487245050326, 30.053322334258382 ], [ 81.095007201321323, 30.053209458549702 ], [ 81.095161077122043, 30.053121396934955 ], [ 81.095487638943439, 30.052988084132835 ], [ 81.095571264202533, 30.0529473970048 ], [ 81.095776325816814, 30.052841208654911 ], [ 81.096013450960072, 30.052696709185852 ], [ 81.096218513473673, 30.052556709924261 ], [ 81.09652588735986, 30.052339895969453 ], [ 81.09685913833863, 30.052087021898615 ], [ 81.097115326411256, 30.051881522314432 ], [ 81.097317138774997, 30.051725771427243 ], [ 81.09752857658259, 30.051551958556104 ], [ 81.097675951184272, 30.05141877165903 ], [ 81.097945076004521, 30.051183958672823 ], [ 81.098015325646827, 30.051111708938265 ], [ 81.098303513396502, 30.050820521050241 ], [ 81.098354888967037, 30.05072577207676 ], [ 81.098425200662518, 30.050658021650406 ], [ 81.098700888735095, 30.050457085226356 ], [ 81.09881295145658, 30.050391584903764 ], [ 81.098979388987686, 30.050256084051114 ], [ 81.099165263566135, 30.050089021491203 ], [ 81.099293514084479, 30.049960396854885 ], [ 81.099440888686104, 30.049838458677982 ], [ 81.099479013645634, 30.049759458632138 ], [ 81.099588139181321, 30.049621770628278 ], [ 81.099748075513332, 30.049493083938728 ], [ 81.099895451014334, 30.049368958610614 ], [ 81.099998075350982, 30.049269583524506 ], [ 81.100036264162327, 30.04920864726131 ], [ 81.100119964065129, 30.04906652200242 ], [ 81.100247576064817, 30.048849834852035 ], [ 81.100186575949806, 30.048761958497664 ], [ 81.100096702201085, 30.048705583595847 ], [ 81.100096700402446, 30.048671771784882 ], [ 81.100122326584142, 30.048644708486563 ], [ 81.100211952119935, 30.048565645488225 ], [ 81.100346639086183, 30.048409897298995 ], [ 81.1005003889818, 30.0482090220288 ], [ 81.100538576893882, 30.048141333655678 ], [ 81.100628201530355, 30.047996897139171 ], [ 81.100833139038173, 30.047807208535914 ], [ 81.100955013363262, 30.047712458663113 ], [ 81.101121450894311, 30.047662709066799 ], [ 81.101467825679663, 30.047533833519651 ], [ 81.101647013798697, 30.047472835203223 ], [ 81.101874763509613, 30.047386896887815 ], [ 81.101996576680733, 30.047314647153314 ], [ 81.102156638917791, 30.047260396450213 ], [ 81.102438512527385, 30.047174459933444 ], [ 81.102509138985624, 30.04715408399386 ], [ 81.102643575940363, 30.047086333567506 ], [ 81.102912826665658, 30.046980084963025 ], [ 81.103188450886364, 30.046828770431489 ], [ 81.103617701795542, 30.046605146810123 ], [ 81.104034200318154, 30.046349896730419 ], [ 81.104136888506673, 30.046275333939548 ], [ 81.104418576855892, 30.046081146927463 ], [ 81.104585075540854, 30.045952458439274 ], [ 81.104774264121033, 30.045812397124507 ], [ 81.104831889080458, 30.04576727184218 ], [ 81.10494070075282, 30.045701771519589 ], [ 81.10513313858354, 30.045606896641004 ], [ 81.105293138767422, 30.04554358346968 ], [ 81.105555950346911, 30.04549377182019 ], [ 81.105812263425264, 30.045421396180529 ], [ 81.106011263608991, 30.045387397310606 ], [ 81.106325137794954, 30.045299208891436 ], [ 81.106511200331681, 30.045265146169584 ], [ 81.106598114411497, 30.045240878863524 ], [ 81.106754513709916, 30.045197209583591 ], [ 81.107081388495317, 30.045086521925498 ], [ 81.107321826740986, 30.044996084301886 ], [ 81.107693388838868, 30.044840147255059 ], [ 81.107949951029468, 30.044700085040915 ], [ 81.108039638618493, 30.044643584234052 ], [ 81.108167577072095, 30.044571334499551 ], [ 81.108263764061519, 30.044505835076279 ], [ 81.108385575433999, 30.044392958468336 ], [ 81.10845576392245, 30.044298146542303 ], [ 81.108615889112059, 30.044040834317116 ], [ 81.108686450819107, 30.043930271664749 ], [ 81.108801575732173, 30.043729397293873 ], [ 81.108839763644255, 30.043650459301318 ], [ 81.108900513747756, 30.043490209105926 ], [ 81.108945389018572, 30.043339085230627 ], [ 81.108970888395845, 30.043248771713479 ], [ 81.10900276396643, 30.043066085231715 ], [ 81.10902826334376, 30.042987145440463 ], [ 81.10904738742704, 30.042953271576266 ], [ 81.109117888879553, 30.042847209131423 ], [ 81.109226638498626, 30.042664395845236 ], [ 81.109277639051868, 30.042513209916763 ], [ 81.109341575453413, 30.042312333747248 ], [ 81.109373576029782, 30.042206334254956 ], [ 81.109402263503739, 30.042055208581075 ], [ 81.109447138774499, 30.041910834117743 ], [ 81.109478700481702, 30.041743833611065 ], [ 81.109517138405295, 30.041619772134823 ], [ 81.109549013975879, 30.041403272043397 ], [ 81.10956788894697, 30.041168584962293 ], [ 81.109583950838726, 30.04105127199864 ], [ 81.10958376377971, 30.040906896636045 ], [ 81.109552960201029, 30.04072595573831 ], [ 81.109551513191832, 30.040717458943618 ], [ 81.109480700573954, 30.040570895530436 ], [ 81.109378075337986, 30.040422083812189 ], [ 81.10932670156609, 30.040259771471312 ], [ 81.109281575384443, 30.040165021598511 ], [ 81.109300513308085, 30.040040959222949 ], [ 81.109326388602028, 30.039957458969582 ], [ 81.109364513561502, 30.039858208889257 ], [ 81.109370888855494, 30.03975670870517 ], [ 81.109402826479311, 30.039601021669853 ], [ 81.109482701565469, 30.039483646653025 ], [ 81.109572389154494, 30.039377584208182 ], [ 81.109636450561823, 30.039300835165477 ], [ 81.109732513444783, 30.039138334866323 ], [ 81.109854200710856, 30.038971333460324 ], [ 81.110020576188674, 30.038802020796652 ], [ 81.110257575426829, 30.038562708502241 ], [ 81.110417451504247, 30.038395646841707 ], [ 81.110431510605792, 30.038383542866256 ], [ 81.110677138838923, 30.038172083474933 ], [ 81.110920263359503, 30.037955334271317 ], [ 81.111099638537553, 30.037815334110405 ], [ 81.111240512839458, 30.037709208713068 ], [ 81.111368763357802, 30.037603084214993 ], [ 81.111445450347333, 30.037508270490321 ], [ 81.111509513553244, 30.037440583915838 ], [ 81.111612075836661, 30.037273584308537 ], [ 81.111739825432664, 30.03702308354849 ], [ 81.11181357613566, 30.036910208739187 ], [ 81.111903200772133, 30.03675452170387 ], [ 81.11196720192487, 30.036652958567231 ], [ 81.112030950368137, 30.036537833654165 ], [ 81.112094950621554, 30.036425020898037 ], [ 81.112210076433939, 30.036201585235005 ], [ 81.112218052521143, 30.036185745475848 ], [ 81.11228051403458, 30.036061709180558 ], [ 81.112370138670997, 30.035860833910419 ], [ 81.112414763030927, 30.035754771465577 ], [ 81.112497950320233, 30.035671272111585 ], [ 81.112792638369626, 30.035477022146893 ], [ 81.112956138714878, 30.035352833866227 ], [ 81.113135513892928, 30.035224085123502 ], [ 81.113346700789691, 30.035108895459189 ], [ 81.113635263556603, 30.03498002171068 ], [ 81.113820889022861, 30.03488964703962 ], [ 81.113961763324767, 30.034828646025233 ], [ 81.114237388444792, 30.034704396590655 ], [ 81.114327138986312, 30.034672646025854 ], [ 81.114525762354106, 30.034616022011846 ], [ 81.114775826043569, 30.034543708425474 ], [ 81.114923263597802, 30.034502959244207 ], [ 81.115230700436541, 30.034448583535379 ], [ 81.115301388948012, 30.034437209809425 ], [ 81.115432576652154, 30.034414584665399 ], [ 81.115695389130963, 30.034396270871241 ], [ 81.115868764032314, 30.034396146764834 ], [ 81.116086577133899, 30.034429770617464 ], [ 81.116452201008315, 30.034485833454482 ], [ 81.11661882559838, 30.034512771747075 ], [ 81.116709795620636, 30.034525493556714 ], [ 81.116779263752051, 30.034535208932823 ], [ 81.11691376365934, 30.034557647017834 ], [ 81.117330513992101, 30.034564022311827 ], [ 81.117651013483567, 30.034568208655969 ], [ 81.117763077104371, 30.03452302221973 ], [ 81.117904013459508, 30.034473270824833 ], [ 81.118141200655941, 30.034427958483548 ], [ 81.118590012718983, 30.034427520513702 ], [ 81.119019388633944, 30.034427147295048 ], [ 81.119244014100047, 30.034449583581477 ], [ 81.11944913866688, 30.03446058408872 ], [ 81.119532388908681, 30.034433458737169 ], [ 81.119583575621562, 30.034415396753218 ], [ 81.119769514051882, 30.034331708541572 ], [ 81.119897450706844, 30.034248146235029 ], [ 81.119929450383893, 30.034187209072513 ], [ 81.119935763624653, 30.034058645590051 ], [ 81.119954763601527, 30.033975147135379 ], [ 81.119967639195238, 30.033914272026095 ], [ 81.120076388814368, 30.033774333918416 ], [ 81.120230137810665, 30.033623022084839 ], [ 81.12032307554955, 30.033546272142814 ], [ 81.120495950427824, 30.033399459617442 ], [ 81.120598138593266, 30.033261771613525 ], [ 81.120707139123226, 30.033065458604085 ], [ 81.120841326965717, 30.032819458950939 ], [ 81.120910608038173, 30.032710376582656 ], [ 81.120937388949415, 30.032668210069914 ], [ 81.121039637369449, 30.032535022273521 ], [ 81.121103637622809, 30.032406396737883 ], [ 81.12114201349317, 30.032266521582756 ], [ 81.121196389202055, 30.032194271848198 ], [ 81.121266888855871, 30.03206564721188 ], [ 81.121343450839618, 30.031894146497734 ], [ 81.121369014068819, 30.031833208435899 ], [ 81.121387889039909, 30.031670771988615 ], [ 81.121426326963501, 30.031553459024963 ], [ 81.121458201634766, 30.031357209867394 ], [ 81.121471013376606, 30.03126920850724 ], [ 81.121477075706537, 30.031185772105744 ], [ 81.121489825395201, 30.031023333859821 ], [ 81.121541013906722, 30.030966896005509 ], [ 81.12157301358377, 30.030944271760802 ], [ 81.121624201195971, 30.03093295918876 ], [ 81.121707513491003, 30.030912584148496 ], [ 81.121771638750204, 30.030883208693183 ], [ 81.121835701956115, 30.030810958958625 ], [ 81.121899700410893, 30.030700397205635 ], [ 81.121973139049203, 30.03058302218875 ], [ 81.122030701056076, 30.030488208464078 ], [ 81.122107701908988, 30.030364084934604 ], [ 81.122184388898461, 30.030269272109251 ], [ 81.122299576764135, 30.030129334001629 ], [ 81.122504450420081, 30.029950958869733 ], [ 81.122639139184969, 30.029867333610582 ], [ 81.122722325574898, 30.029783834256591 ], [ 81.122876076369892, 30.029632520624375 ], [ 81.12303595154799, 30.029460959655637 ], [ 81.123164139113783, 30.029320958595406 ], [ 81.123212664732762, 30.02927968331079 ], [ 81.123257013900115, 30.029241959448939 ], [ 81.123359327071341, 30.029147083671035 ], [ 81.123455451108214, 30.029074833936477 ], [ 81.123577138374287, 30.028964209230935 ], [ 81.123679451545513, 30.02887839682063 ], [ 81.123756450599785, 30.028767772115032 ], [ 81.12382013878846, 30.028650397098204 ], [ 81.123877638742101, 30.028517272254362 ], [ 81.123922389007078, 30.028298459106679 ], [ 81.123941451037183, 30.028214958853312 ], [ 81.123934637773345, 30.028020958900186 ], [ 81.123940888061611, 30.027763833734014 ], [ 81.123924889122407, 30.027691646952007 ], [ 81.123907093337721, 30.027576604776527 ], [ 81.123899075881695, 30.027524771451112 ], [ 81.123892325570409, 30.027301458995169 ], [ 81.123911325547283, 30.027206709122368 ], [ 81.123949701417644, 30.027055522294575 ], [ 81.124013575765957, 30.026809583795284 ], [ 81.124147826561, 30.026615459735751 ], [ 81.12419224677484, 30.026495425423605 ], [ 81.124224638556257, 30.026407897106822 ], [ 81.124294764092156, 30.026211584097382 ], [ 81.124368263884321, 30.025949833717902 ], [ 81.124406200885517, 30.025694895702941 ], [ 81.124451014103101, 30.025498645646053 ], [ 81.124495513457248, 30.025302334435253 ], [ 81.124514763445632, 30.025187270676042 ], [ 81.124552638393595, 30.024900770953877 ], [ 81.124565513987363, 30.024806021980396 ], [ 81.124613075533091, 30.024483396491632 ], [ 81.124626674181741, 30.024352331994578 ], [ 81.124632263468243, 30.024298459006729 ], [ 81.124663889027318, 30.024169835269731 ], [ 81.12468167312079, 30.02409702885484 ], [ 81.12471513869275, 30.02396002163772 ], [ 81.124747075417247, 30.023869771972443 ], [ 81.124775894192226, 30.023687865202874 ], [ 81.124778888934657, 30.023668959654799 ], [ 81.124784380195024, 30.023653430161744 ], [ 81.12486188916489, 30.023434208721824 ], [ 81.124890638692079, 30.023350772320327 ], [ 81.124967200675826, 30.023149959103364 ], [ 81.125005451540403, 30.022937896266967 ], [ 81.125005367004121, 30.022864533171742 ], [ 81.125005263582125, 30.022775521872916 ], [ 81.125017451194481, 30.022434896453376 ], [ 81.125030325888872, 30.022362646718818 ], [ 81.125081387596026, 30.022179897284502 ], [ 81.125177263420028, 30.021927271426478 ], [ 81.125404138989893, 30.021493897125708 ], [ 81.125442576014109, 30.021419458441301 ], [ 81.125525700350863, 30.021281710182848 ], [ 81.12557676295728, 30.021146333436604 ], [ 81.125608700581097, 30.021028960218416 ], [ 81.125627638504795, 30.02089589652843 ], [ 81.12565951407538, 30.020728958974303 ], [ 81.125653138781388, 30.020589083819232 ], [ 81.125636825978802, 30.020498897106449 ], [ 81.125617513937186, 30.020343272124364 ], [ 81.125617513937186, 30.020316208826046 ], [ 81.12564307716633, 30.020286834270053 ], [ 81.125700700327116, 30.020248459299012 ], [ 81.125892701986686, 30.020153583521108 ], [ 81.126097700648415, 30.020076645620748 ], [ 81.12621338853711, 30.020053958423489 ], [ 81.126334888744168, 30.020047021053244 ], [ 81.126476138962687, 30.020024396808537 ], [ 81.126674702075888, 30.019974584259728 ], [ 81.126898826619595, 30.019895397154926 ], [ 81.12714238911002, 30.019823021515265 ], [ 81.127401593508807, 30.019738023890739 ], [ 81.127411513930269, 30.01973477104292 ], [ 81.127770013375482, 30.019587833511764 ], [ 81.128064763478108, 30.019488334319249 ], [ 81.128324513765335, 30.019393271482329 ], [ 81.128490950397122, 30.019314146430759 ], [ 81.128625326197891, 30.019230584124216 ], [ 81.128766200499797, 30.019119896466123 ], [ 81.129054514154575, 30.018885021426627 ], [ 81.129150326126705, 30.018812771692126 ], [ 81.12924001281641, 30.018745021265772 ], [ 81.129368200382203, 30.018672708578663 ], [ 81.129554076759291, 30.018589022165713 ], [ 81.129746201625949, 30.018570834276659 ], [ 81.130041012882486, 30.018538959605337 ], [ 81.130130763424063, 30.0185275840808 ], [ 81.130303700355569, 30.018475520528909 ], [ 81.130604950757913, 30.018403021682161 ], [ 81.130701138646714, 30.01837589722993 ], [ 81.130896513663231, 30.018326084681121 ], [ 81.131165638483481, 30.018258147195809 ], [ 81.131248888725281, 30.018208396700174 ], [ 81.131453764179923, 30.018072833794292 ], [ 81.131626639058197, 30.017950895617389 ], [ 81.13183151361352, 30.017783708951072 ], [ 81.132004388491794, 30.017636958478874 ], [ 81.132164513681403, 30.017481146437831 ], [ 81.132311825330532, 30.017370458779681 ], [ 81.132427076148701, 30.017302709252704 ], [ 81.132651200692408, 30.017191958642002 ], [ 81.133016450448906, 30.01706295898839 ], [ 81.13307732645751, 30.017033583533077 ], [ 81.133320575983873, 30.016945396912604 ], [ 81.13354495053909, 30.016854959288992 ], [ 81.133724138658124, 30.016771271976666 ], [ 81.133871721003175, 30.016693159561726 ], [ 81.133967514089534, 30.01664245848275 ], [ 81.134076263708664, 30.016588209578288 ], [ 81.134332825899264, 30.016486458483314 ], [ 81.134422512588969, 30.016436771839608 ], [ 81.134621012749619, 30.016353083627962 ], [ 81.134845077038733, 30.016228772140153 ], [ 81.134902576093054, 30.016145271886842 ], [ 81.135017888964455, 30.016095522290584 ], [ 81.135088451570823, 30.016061646627747 ], [ 81.135213513992539, 30.016045709741775 ], [ 81.135444200889197, 30.016027396846937 ], [ 81.13569401366783, 30.016022646627903 ], [ 81.136059450483287, 30.016022270711289 ], [ 81.136168326007521, 30.01601539629354 ], [ 81.136303075926264, 30.015988270941989 ], [ 81.136476138762873, 30.015988021829799 ], [ 81.136745013571556, 30.015987708865737 ], [ 81.137123513039739, 30.016009896939238 ], [ 81.137649201849229, 30.016070272025502 ], [ 81.137773887455012, 30.016085896846732 ], [ 81.138171576656987, 30.016137396523675 ], [ 81.1383575753419, 30.01615970870364 ], [ 81.138658638685285, 30.016213521436896 ], [ 81.13883176357507, 30.016269772232249 ], [ 81.138934513816821, 30.016314771609473 ], [ 81.139114139006381, 30.016413834630839 ], [ 81.139121571903104, 30.016417752976963 ], [ 81.13924220156639, 30.016481335045626 ], [ 81.13940270087403, 30.016553333869297 ], [ 81.139607951345909, 30.016643396475615 ], [ 81.139729826570317, 30.016670333868888 ], [ 81.140018200479631, 30.016697084203145 ], [ 81.140178638633301, 30.016703645656776 ], [ 81.140329013373332, 30.016737334260597 ], [ 81.140579202068579, 30.016764146648086 ], [ 81.140771326935237, 30.016782021573079 ], [ 81.141233075745902, 30.01680177068522 ], [ 81.141816325662944, 30.016801146555736 ], [ 81.141931700587577, 30.016812335021314 ], [ 81.142290701854449, 30.01682995903542 ], [ 81.142469889074164, 30.016829771077141 ], [ 81.142816263859572, 30.016822646647881 ], [ 81.142928326581057, 30.016806708862589 ], [ 81.143299888678996, 30.016761208562968 ], [ 81.143537076774749, 30.016756459243254 ], [ 81.14386395066083, 30.016722271515675 ], [ 81.143985763832006, 30.016710770985355 ], [ 81.144287013335031, 30.016660897282634 ], [ 81.144492075848689, 30.016608771677511 ], [ 81.144716200392395, 30.016565708540668 ], [ 81.145055637807502, 30.016486333477587 ], [ 81.145324763527071, 30.016407084319553 ], [ 81.145571576167356, 30.016334645727397 ], [ 81.145808638358005, 30.016284772024676 ], [ 81.146051887884369, 30.016189771240988 ], [ 81.14629532536901, 30.016045146766146 ], [ 81.146442638816779, 30.01597270907331 ], [ 81.146532325506485, 30.015932084897827 ], [ 81.146628450442677, 30.015859772210774 ], [ 81.146705138331527, 30.015753708866612 ], [ 81.146769137685624, 30.015665647251865 ], [ 81.146884326450561, 30.015564021162675 ], [ 81.1471852638889, 30.015317771498019 ], [ 81.14726520102829, 30.015234271244651 ], [ 81.147412388570956, 30.01507164683909 ], [ 81.147629951660974, 30.014764646171557 ], [ 81.147783263586803, 30.014586271039605 ], [ 81.147872827069364, 30.014430521951056 ], [ 81.14794332582386, 30.014347021697745 ], [ 81.148237700909249, 30.014039896923748 ], [ 81.148352888774866, 30.013938270834558 ], [ 81.148503388520624, 30.013782458793514 ], [ 81.148631138116571, 30.013660521515931 ], [ 81.148727138047036, 30.013531834826381 ], [ 81.148738152044132, 30.013512663078984 ], [ 81.148829575324726, 30.013353521747661 ], [ 81.148906201160287, 30.013213583640038 ], [ 81.148950638461258, 30.013057896604721 ], [ 81.149021076961162, 30.012911147031843 ], [ 81.149149138621908, 30.012766584610233 ], [ 81.149418075483879, 30.012561084126787 ], [ 81.14947857647519, 30.01250914558068 ], [ 81.149632326370806, 30.012387209202416 ], [ 81.149843577119441, 30.012174897253772 ], [ 81.150003825516194, 30.012079958523316 ], [ 81.150176638341236, 30.011962458500705 ], [ 81.150349576172061, 30.011912646851215 ], [ 81.150528951350054, 30.011822209227603 ], [ 81.150836201129835, 30.01167295864019 ], [ 81.150932326965346, 30.011627771304632 ], [ 81.151086200967484, 30.011593771535388 ], [ 81.151406638405717, 30.011582083946053 ], [ 81.151598825325607, 30.011620209804903 ], [ 81.151912825416616, 30.011680771950125 ], [ 81.152076513720203, 30.011703146183322 ], [ 81.152243077156356, 30.011732271627068 ], [ 81.152505950789077, 30.011804147243652 ], [ 81.152570856659793, 30.011818565174678 ], [ 81.152576575448677, 30.011819835017434 ], [ 81.15289701378623, 30.011826270565962 ], [ 81.153476178982544, 30.01182891097551 ], [ 81.153678763863923, 30.01182983367994 ], [ 81.153877826100825, 30.011840897139734 ], [ 81.154102013597083, 30.011858710011495 ], [ 81.154230264115427, 30.011869834625202 ], [ 81.154634075901924, 30.011878334117853 ], [ 81.154765263606066, 30.011878210011446 ], [ 81.155220513915651, 30.011884458501015 ], [ 81.155649825978742, 30.011883833472211 ], [ 81.155899888768886, 30.011876834947998 ], [ 81.156220327106496, 30.011871958823917 ], [ 81.156483075733433, 30.011871646759118 ], [ 81.156688202098906, 30.011893958939083 ], [ 81.156983138361227, 30.011954521983682 ], [ 81.157172201036303, 30.012033272017959 ], [ 81.157258376772745, 30.01207309309882 ], [ 81.157435138520896, 30.012154772225017 ], [ 81.157692012776238, 30.012328147126368 ], [ 81.157935514112751, 30.012456396745392 ], [ 81.158082950767607, 30.012467522258419 ], [ 81.15823038832184, 30.012456020828722 ], [ 81.158313576510409, 30.012433396584015 ], [ 81.158550638701058, 30.012360896837947 ], [ 81.158646825690482, 30.01229314731097 ], [ 81.158832639115076, 30.012213959306848 ], [ 81.159120701858967, 30.012057959307413 ], [ 81.159213638698532, 30.011996959192345 ], [ 81.159450575883454, 30.011845521453722 ], [ 81.159808950322883, 30.011666897209579 ], [ 81.15986794764774, 30.011628942221932 ], [ 81.160026763424469, 30.011526771143622 ], [ 81.160308388821136, 30.011386583923752 ], [ 81.160507201046528, 30.011314146230916 ], [ 81.160814575832092, 30.011248396796134 ], [ 81.161064638622236, 30.011202958549745 ], [ 81.161352888425142, 30.011146208630691 ], [ 81.161615513844936, 30.011073709783943 ], [ 81.161913514097478, 30.011028208585003 ], [ 81.162182701870279, 30.01098952154922 ], [ 81.162437633590002, 30.01096417325806 ], [ 81.162688700922843, 30.010939208977391 ], [ 81.162951388395925, 30.010898395944253 ], [ 81.163412951046894, 30.010821083925919 ], [ 81.163630701195984, 30.010814083603123 ], [ 81.16397663891081, 30.010764021942123 ], [ 81.164034326822787, 30.010775208609061 ], [ 81.164175639094537, 30.010808897212883 ], [ 81.164236514203822, 30.010813333568535 ], [ 81.164325951781279, 30.010801896890086 ], [ 81.164422076717528, 30.01075221024638 ], [ 81.164448568946341, 30.010736515277983 ], [ 81.164582326013601, 30.010657271515925 ], [ 81.164825388480949, 30.010505833777245 ], [ 81.164863888457717, 30.010494459152028 ], [ 81.165088075953975, 30.010505458759951 ], [ 81.165447201327311, 30.010543333707915 ], [ 81.165819201395095, 30.010606083903724 ], [ 81.166171825569336, 30.010671022150007 ], [ 81.16649857534901, 30.010760833845438 ], [ 81.166594889142857, 30.010810335228825 ], [ 81.16673601345633, 30.010911709507866 ], [ 81.166848514147659, 30.010983709230857 ], [ 81.16710507543894, 30.011154834028446 ], [ 81.167166756340805, 30.011208922853541 ], [ 81.167194951885563, 30.011233647015274 ], [ 81.167336200305442, 30.011395895504222 ], [ 81.167509514052881, 30.011573896518144 ], [ 81.167760075966783, 30.011853271811106 ], [ 81.167907700579974, 30.011959084244381 ], [ 81.168074389021911, 30.012042333586862 ], [ 81.168375825583951, 30.012136710241009 ], [ 81.168574576655431, 30.012190522075002 ], [ 81.168696388927287, 30.01220845905317 ], [ 81.168773200922544, 30.012208334047443 ], [ 81.168875889111064, 30.012196896469675 ], [ 81.16899732546625, 30.012178708580564 ], [ 81.169180699030107, 30.012175676965967 ], [ 81.169292201473979, 30.012173834255123 ], [ 81.169366075384119, 30.01220083460089 ], [ 81.16956488850883, 30.01231333349358 ], [ 81.169706013721623, 30.012419208879464 ], [ 81.169892202163453, 30.012552021658507 ], [ 81.170055837407006, 30.012682371194501 ], [ 81.170129700525308, 30.012741208440048 ], [ 81.170399327167274, 30.012948396051684 ], [ 81.170476202115083, 30.013009209107793 ], [ 81.170585138793172, 30.013065459903089 ], [ 81.170655763452771, 30.013108209176551 ], [ 81.170867702182761, 30.013254583732078 ], [ 81.17097663886085, 30.01330402216297 ], [ 81.171233138098899, 30.013425458518157 ], [ 81.171303826610369, 30.013443460247515 ], [ 81.171489951200329, 30.013537959209486 ], [ 81.17161157641317, 30.013621271504519 ], [ 81.171887575651169, 30.013776520570048 ], [ 81.172031888960589, 30.013859833764343 ], [ 81.1721860138735, 30.013983709980266 ], [ 81.172352825522523, 30.014139084950841 ], [ 81.172539076916905, 30.014305771594138 ], [ 81.172693200930553, 30.014445458790931 ], [ 81.172783013525304, 30.014479146495489 ], [ 81.172994325427851, 30.014505958882921 ], [ 81.173250950570946, 30.01450108455748 ], [ 81.173545763626123, 30.014478145550015 ], [ 81.173724888792663, 30.014477896437825 ], [ 81.173878763694063, 30.01444845892928 ], [ 81.173954545965557, 30.014431482427028 ], [ 81.174122326184488, 30.014393897060756 ], [ 81.174301762516393, 30.014353084027675 ], [ 81.17443945141963, 30.014348396761136 ], [ 81.174759888857864, 30.014341208480062 ], [ 81.174824014117007, 30.014325334546584 ], [ 81.175054701913041, 30.014325021582522 ], [ 81.175298326456641, 30.01433595913727 ], [ 81.17550995042393, 30.014340208433907 ], [ 81.175810951714084, 30.014346584627219 ], [ 81.176298263753949, 30.014357209217906 ], [ 81.176464888343958, 30.014395334177379 ], [ 81.176625263545134, 30.01440189653033 ], [ 81.176766201698911, 30.014406208779576 ], [ 81.17691701261009, 30.01444433373905 ], [ 81.177064451063643, 30.014489271063042 ], [ 81.177244077152523, 30.014556771477885 ], [ 81.177583951638098, 30.014727647163227 ], [ 81.177718513598563, 30.014801896989979 ], [ 81.177789202110034, 30.014822147024518 ], [ 81.178039138095812, 30.014896208892992 ], [ 81.178107092668256, 30.014930870563262 ], [ 81.178122825408138, 30.014938896113222 ], [ 81.178250887968147, 30.014983897289085 ], [ 81.17843688755238, 30.015022022248559 ], [ 81.178725327112204, 30.01505545994155 ], [ 81.178891888749718, 30.015077771222195 ], [ 81.179129138898702, 30.015106771660214 ], [ 81.179215701343594, 30.015115647069535 ], [ 81.179433701504195, 30.015115397057968 ], [ 81.179779700372933, 30.015083333529049 ], [ 81.179984700833359, 30.015053708961545 ], [ 81.180234763623503, 30.014981209215478 ], [ 81.180522951373177, 30.014892834636669 ], [ 81.180727888881052, 30.014813584579315 ], [ 81.181016013678118, 30.014680146771411 ], [ 81.181349138751784, 30.014510459090445 ], [ 81.18144488867074, 30.014444958767911 ], [ 81.181701200849773, 30.014282147303334 ], [ 81.181813200618762, 30.014214333924429 ], [ 81.181986075497036, 30.014114834731913 ], [ 81.182190888898447, 30.013990521445464 ], [ 81.182299575565025, 30.013884333994895 ], [ 81.182344576740888, 30.01385270843582 ], [ 81.182395638447986, 30.013800771688295 ], [ 81.182606825344749, 30.013568146752618 ], [ 81.182670825598166, 30.01347783413479 ], [ 81.182901075424354, 30.013265460132914 ], [ 81.182996827141892, 30.013159270883705 ], [ 81.183083138675954, 30.013068959165196 ], [ 81.183339263796029, 30.012773084910009 ], [ 81.183396865373084, 30.01270275342938 ], [ 81.183479826932512, 30.012601460089343 ], [ 81.183614013875683, 30.012438895938374 ], [ 81.183818638419496, 30.012181521659954 ], [ 81.184125764092812, 30.011824585236468 ], [ 81.184375138901601, 30.011600958917199 ], [ 81.184672889142576, 30.011438145653926 ], [ 81.184890763398073, 30.011331772043718 ], [ 81.18510838854138, 30.011232334005058 ], [ 81.185402825679944, 30.011076208999896 ], [ 81.185530889139272, 30.010951958665999 ], [ 81.185703701964314, 30.010818646763198 ], [ 81.185761326923739, 30.010807334191156 ], [ 81.185844638319452, 30.010829708424353 ], [ 81.185973013843579, 30.010867834283204 ], [ 81.186203763692788, 30.010912645702092 ], [ 81.186434575595229, 30.010984521318676 ], [ 81.186607825490796, 30.011085834443747 ], [ 81.186819575363188, 30.011207271698254 ], [ 81.186983138660992, 30.011358146461362 ], [ 81.187227202073757, 30.011563083969179 ], [ 81.187522513353372, 30.011819834118114 ], [ 81.187663825625123, 30.012027145836157 ], [ 81.187927264032055, 30.012387647172204 ], [ 81.188007952105352, 30.01253870989359 ], [ 81.188045799174347, 30.012601925038837 ], [ 81.188168513466167, 30.012806895821655 ], [ 81.18826501252039, 30.012962395797956 ], [ 81.188387200708803, 30.013158458795886 ], [ 81.188586388850808, 30.013464958541078 ], [ 81.188695575540464, 30.01363170903619 ], [ 81.188817763728878, 30.013791709220072 ], [ 81.188939951017971, 30.014003584098191 ], [ 81.189052450810038, 30.014222209287595 ], [ 81.189168138698676, 30.014411521974239 ], [ 81.189271075999443, 30.014517395561427 ], [ 81.189367201834955, 30.014645834038049 ], [ 81.18948313883584, 30.014778708870381 ], [ 81.18963701283792, 30.014952208777459 ], [ 81.189932450921958, 30.015240521532917 ], [ 81.190292138371547, 30.015591896548813 ], [ 81.190366139086109, 30.015675208843845 ], [ 81.190558576916828, 30.01583058381442 ], [ 81.190751076800836, 30.01601977059596 ], [ 81.190789035385706, 30.016050280096408 ], [ 81.190905200814427, 30.016143646811884 ], [ 81.191136263627698, 30.016316958760683 ], [ 81.191348138505873, 30.016488083558272 ], [ 81.191540950454566, 30.016661522311438 ], [ 81.191688638919629, 30.016789896936245 ], [ 81.191900263786181, 30.016979021664554 ], [ 81.192060951052099, 30.017150210314014 ], [ 81.192115450867448, 30.017190771536946 ], [ 81.192160264084976, 30.017244834281712 ], [ 81.192250326691294, 30.017380022170357 ], [ 81.192340451350788, 30.017580645630346 ], [ 81.192450201016015, 30.017869209296634 ], [ 81.19252101363395, 30.018126270610935 ], [ 81.192579076563163, 30.018322458614648 ], [ 81.192621075802037, 30.01843964657246 ], [ 81.192711326366691, 30.018694458682376 ], [ 81.192756263690683, 30.018811645740925 ], [ 81.19284626334445, 30.018935584010023 ], [ 81.19291167553348, 30.0190368791487 ], [ 81.192968513586095, 30.019124896696667 ], [ 81.193032950910037, 30.019296209452534 ], [ 81.1931165141159, 30.019465272104696 ], [ 81.193257763435099, 30.019613958817217 ], [ 81.193335013400201, 30.019681522184555 ], [ 81.193503382675033, 30.019809160264572 ], [ 81.193533951530696, 30.019832333995055 ], [ 81.193797013121696, 30.019987583959903 ], [ 81.193941263478564, 30.020025708919377 ], [ 81.19409532543898, 30.020088647073464 ], [ 81.194300638863467, 30.020198895862393 ], [ 81.19442882552994, 30.020288958468711 ], [ 81.194576451042451, 30.020410520729001 ], [ 81.194679513348945, 30.02058408448795 ], [ 81.194833825320814, 30.020789084049056 ], [ 81.194975075539389, 30.020967084163658 ], [ 81.195039513762595, 30.021084272121527 ], [ 81.195142201951114, 30.02122396021764 ], [ 81.195225888364121, 30.021429146837704 ], [ 81.195300077036961, 30.021557583515744 ], [ 81.195333074062148, 30.021611563522868 ], [ 81.195454389008887, 30.021810022314753 ], [ 81.195550575998368, 30.021936145936422 ], [ 81.195685763886956, 30.022127708726828 ], [ 81.195814075559213, 30.022287646857478 ], [ 81.195987451359827, 30.022465584019528 ], [ 81.196192888890778, 30.022639021873431 ], [ 81.196353513204144, 30.022756021872965 ], [ 81.196565388981583, 30.022895584963351 ], [ 81.196699888888816, 30.02291114683203 ], [ 81.196808763513673, 30.022899709254204 ], [ 81.196911388749641, 30.022861209277437 ], [ 81.197212514146258, 30.022743459243316 ], [ 81.197410951354357, 30.022664210085281 ], [ 81.197712138804206, 30.022557771723825 ], [ 81.19789757541281, 30.022462771839514 ], [ 81.197987938392714, 30.022434561006264 ], [ 81.198035513428238, 30.022419708702671 ], [ 81.198374950843345, 30.022328959014317 ], [ 81.198541388374451, 30.022267771840234 ], [ 81.198752826182044, 30.022199833455602 ], [ 81.199034826596005, 30.022122710294923 ], [ 81.199239887311023, 30.022070521737248 ], [ 81.199521638612794, 30.021993396777873 ], [ 81.199829263409811, 30.021880146951275 ], [ 81.19994451332866, 30.021841584021956 ], [ 81.200219826383943, 30.021784772049614 ], [ 81.200492325460516, 30.021779833872301 ], [ 81.200665389196388, 30.021779583860734 ], [ 81.200870388757494, 30.021768022176559 ], [ 81.201139638583527, 30.021722521876939 ], [ 81.201415013691985, 30.021695021508094 ], [ 81.201709825847843, 30.021653958463446 ], [ 81.201959888637987, 30.021631022153997 ], [ 81.202145826168987, 30.021599146583412 ], [ 81.202299263999919, 30.02151995947861 ], [ 81.20244651359576, 30.021440771474488 ], [ 81.202536264137336, 30.02142933389672 ], [ 81.202606888796936, 30.021440521462921 ], [ 81.202715825475025, 30.02144714676848 ], [ 81.202821763813404, 30.021458272281507 ], [ 81.203263825565159, 30.021507208890625 ], [ 81.203622950938495, 30.021551772096643 ], [ 81.203907325562682, 30.021623458855572 ], [ 81.204014263947158, 30.021650397148164 ], [ 81.204475888651416, 30.021751147297664 ], [ 81.204674638823576, 30.021795958716552 ], [ 81.20509151416212, 30.021901334079359 ], [ 81.205172797586613, 30.021927113145807 ], [ 81.205261388902045, 30.021955208865847 ], [ 81.205466638474661, 30.022011271702866 ], [ 81.205608013698907, 30.022044895555553 ], [ 81.205723325670988, 30.022033458877104 ], [ 81.205845075889613, 30.021999397054572 ], [ 81.205902701748357, 30.021972271703021 ], [ 81.206011576373214, 30.021960835024572 ], [ 81.206094825715695, 30.021938083975442 ], [ 81.206293326775665, 30.021899458992891 ], [ 81.206492201953608, 30.021854021645822 ], [ 81.206665200938346, 30.021824459131551 ], [ 81.206812513486739, 30.021785896202175 ], [ 81.206998138952997, 30.021740458855163 ], [ 81.207254577037133, 30.021663396848339 ], [ 81.20750751406058, 30.021590772096488 ], [ 81.207846763517352, 30.021454959179096 ], [ 81.208141388614251, 30.02131458490021 ], [ 81.208615137978313, 30.021036396712361 ], [ 81.208762450526706, 30.020952708500772 ], [ 81.209031327134085, 30.02077408425663 ], [ 81.209127389117782, 30.020699458513263 ], [ 81.209351263649978, 30.020520959274904 ], [ 81.209466451515596, 30.020459834154053 ], [ 81.209591325978977, 30.02034914559664 ], [ 81.209731951168692, 30.020197770810512 ], [ 81.209866076957951, 30.020030709149978 ], [ 81.209994013612913, 30.019868021791808 ], [ 81.21010263912558, 30.01973477194224 ], [ 81.210217639032862, 30.019560897017811 ], [ 81.210315776651839, 30.01942012164136 ], [ 81.210416014187786, 30.019276333536027 ], [ 81.210550076125173, 30.019120521494926 ], [ 81.210690638362337, 30.018935271945281 ], [ 81.210834325743576, 30.018707272222912 ], [ 81.210923638315307, 30.018488272016214 ], [ 81.211032263827974, 30.018210709756488 ], [ 81.21110857669953, 30.017980459031037 ], [ 81.211156264150304, 30.017881083944928 ], [ 81.211290576998579, 30.017628271927265 ], [ 81.211386138959199, 30.017461208468035 ], [ 81.211469325349128, 30.017294208860676 ], [ 81.211577888808563, 30.017138333867081 ], [ 81.211635263756477, 30.016998334605489 ], [ 81.211750076604801, 30.016752334053024 ], [ 81.211801013306172, 30.016641772299977 ], [ 81.212005450790969, 30.016312084435185 ], [ 81.212136576441878, 30.016115583467467 ], [ 81.212245076049498, 30.015948521806877 ], [ 81.21235351360383, 30.015754396847967 ], [ 81.212443014133839, 30.015625646306603 ], [ 81.212603075471634, 30.015478771727999 ], [ 81.212782200638117, 30.015311584162305 ], [ 81.213051013393624, 30.015110396827424 ], [ 81.213319639090116, 30.014954271822262 ], [ 81.213588638904639, 30.014836583841316 ], [ 81.213694451337915, 30.014786772191826 ], [ 81.213828764186189, 30.014707584187704 ], [ 81.214123263377985, 30.014540208663732 ], [ 81.214206451566554, 30.014501708686964 ], [ 81.214481888728244, 30.014377209240877 ], [ 81.214641888912126, 30.014338584258326 ], [ 81.214776539006152, 30.014310237627399 ], [ 81.215019827203321, 30.01425902213623 ], [ 81.21520570088245, 30.014231646773112 ], [ 81.215564639196771, 30.014185958515213 ], [ 81.215654325886476, 30.014147458538446 ], [ 81.21591045190587, 30.014074833786594 ], [ 81.215955388330542, 30.014045459230601 ], [ 81.215967950960248, 30.014013833671527 ], [ 81.216025263854874, 30.013844583960406 ], [ 81.216079388652929, 30.013695647236375 ], [ 81.216124200971137, 30.013594022046505 ], [ 81.216219513819567, 30.013325460201884 ], [ 81.21637263868638, 30.012964333836976 ], [ 81.21651913914701, 30.012533208740649 ], [ 81.216611513910323, 30.012266896100414 ], [ 81.216726388811878, 30.012036647173602 ], [ 81.216809451095344, 30.011937272087494 ], [ 81.216873326342977, 30.011835708950855 ], [ 81.216956263620716, 30.01166858343845 ], [ 81.217039138845223, 30.011483521847083 ], [ 81.217122264081297, 30.011278084316189 ], [ 81.217237201935404, 30.011088396612251 ], [ 81.217297889086353, 30.010993583786899 ], [ 81.217470325994782, 30.010736146555985 ], [ 81.217578826501722, 30.010553272115885 ], [ 81.217700138750445, 30.010334208956635 ], [ 81.21776407695063, 30.010234833870527 ], [ 81.217891513582515, 30.009993333525586 ], [ 81.217929826500324, 30.009887271080743 ], [ 81.217971326615498, 30.009731521992194 ], [ 81.218054138887453, 30.009537397033284 ], [ 81.218116497878157, 30.009366160719765 ], [ 81.218124013512465, 30.009345522178137 ], [ 81.218206888736972, 30.009162708891949 ], [ 81.218302638655928, 30.008950521049769 ], [ 81.218443013834076, 30.008681834199365 ], [ 81.218609263406847, 30.008415396553346 ], [ 81.218669888504621, 30.008279958653247 ], [ 81.21876538841201, 30.008097084213091 ], [ 81.2188483886423, 30.007979646243712 ], [ 81.21894420061443, 30.007783271181097 ], [ 81.21902088850328, 30.007589147121507 ], [ 81.219090889033339, 30.0074536462688 ], [ 81.219212388341134, 30.007324896626756 ], [ 81.219295638582935, 30.007308958841406 ], [ 81.219378888824735, 30.00730883383568 ], [ 81.219500764049087, 30.007335709175663 ], [ 81.219603513391462, 30.007342271528671 ], [ 81.220225200332777, 30.007329959809852 ], [ 81.220378764068755, 30.007345521678531 ], [ 81.220821200837804, 30.007423771689787 ], [ 81.221167263558414, 30.007479521562743 ], [ 81.221193086691642, 30.007481433521377 ], [ 81.221375764180209, 30.007494958425639 ], [ 81.221760263925091, 30.007498834503679 ], [ 81.221997451121524, 30.007527771989146 ], [ 81.222260388606117, 30.007610771320117 ], [ 81.222548950473765, 30.007709522276684 ], [ 81.222696451879813, 30.007738645921847 ], [ 81.223023450771677, 30.007771896555823 ], [ 81.223138763643078, 30.007764896233027 ], [ 81.223645075659761, 30.007737021746209 ], [ 81.223795700411301, 30.007725459162657 ], [ 81.224019888806879, 30.007725084145363 ], [ 81.224314763915288, 30.007740458955084 ], [ 81.224577575494777, 30.007780521953578 ], [ 81.224872513555738, 30.007818396901541 ], [ 81.225128888687323, 30.007863022160791 ], [ 81.225385513830474, 30.007878396970511 ], [ 81.225680451891378, 30.007923022229761 ], [ 81.225962451406076, 30.007999209196214 ], [ 81.226276513550317, 30.008061833486863 ], [ 81.226452951542512, 30.008095396185638 ], [ 81.226670950803793, 30.008115271202882 ], [ 81.226908075946994, 30.008110396877385 ], [ 81.227215576637604, 30.00810308359047 ], [ 81.22749120175763, 30.008093584051721 ], [ 81.227625701664863, 30.008093334939531 ], [ 81.227850139172631, 30.0080636465201 ], [ 81.228029450498809, 30.007995646981556 ], [ 81.22827263887126, 30.007934333902426 ], [ 81.228496951373245, 30.007857271895659 ], [ 81.228602513795011, 30.007823209173807 ], [ 81.228884139191734, 30.007716708759176 ], [ 81.229134076076832, 30.007648584214849 ], [ 81.229358138567306, 30.007587334088271 ], [ 81.229490705831438, 30.007512438548247 ], [ 81.229518326709467, 30.007496833512107 ], [ 81.229691325694205, 30.007492021239841 ], [ 81.230050389014309, 30.007529709128846 ], [ 81.230447638447799, 30.007551585137605 ], [ 81.230595954639625, 30.007560617028901 ], [ 81.230736014155809, 30.007569147098536 ], [ 81.230915575493498, 30.00761164725975 ], [ 81.231252388686869, 30.007690022276734 ], [ 81.231393388893821, 30.007723584076189 ], [ 81.231630576090254, 30.007738958885909 ], [ 81.231848325340025, 30.007738645921847 ], [ 81.232104888429888, 30.00773814589877 ], [ 81.232284388613721, 30.007744584145314 ], [ 81.232287230471343, 30.007744490615778 ], [ 81.232502075810203, 30.007737458816734 ], [ 81.232861076177755, 30.007732271527175 ], [ 81.232957264066556, 30.007732146521391 ], [ 81.233354388494263, 30.007702083984043 ], [ 81.233463326971048, 30.007713209497069 ], [ 81.233665575505938, 30.007757958862783 ], [ 81.233844950683988, 30.007852396670842 ], [ 81.234127514073577, 30.00800752162985 ], [ 81.234307326322096, 30.00814252156016 ], [ 81.234519201200214, 30.008275208434156 ], [ 81.234711701983542, 30.008430522250876 ], [ 81.234833700414981, 30.008531833577308 ], [ 81.235154451716653, 30.008671083703575 ], [ 81.23544320154258, 30.008830708870164 ], [ 81.235603825855947, 30.00894777182225 ], [ 81.235722638888717, 30.009026458904032 ], [ 81.235915076719493, 30.009177271613851 ], [ 81.236152701885715, 30.009377646860969 ], [ 81.236281513581048, 30.009578147113871 ], [ 81.236331757804464, 30.009683614207461 ], [ 81.236371701193093, 30.009767458901138 ], [ 81.236468139093404, 30.009990584298066 ], [ 81.236526014064339, 30.010089708473345 ], [ 81.236564701999441, 30.010134833755615 ], [ 81.23664157694725, 30.010179771978926 ], [ 81.23672538836604, 30.010274333893449 ], [ 81.236885701513984, 30.010391334792303 ], [ 81.237055825366099, 30.010524145772763 ], [ 81.23723551350821, 30.01061852152759 ], [ 81.237434388686154, 30.010719708747615 ], [ 81.237761638488905, 30.010874708700896 ], [ 81.238018638649294, 30.011025397304309 ], [ 81.238332825799318, 30.011139897188571 ], [ 81.238486826605822, 30.011173396035474 ], [ 81.238818741192006, 30.011313168667868 ], [ 81.239057638898998, 30.011413772227854 ], [ 81.239147513546982, 30.01147445847954 ], [ 81.239285200651523, 30.011541189973968 ], [ 81.2393979504551, 30.011595833680815 ], [ 81.23967038837776, 30.011730708605342 ], [ 81.239817888884545, 30.011773271719164 ], [ 81.240004075527736, 30.011847395640871 ], [ 81.240087513727815, 30.011912646851215 ], [ 81.240215950405855, 30.011980084313507 ], [ 81.240613575755958, 30.012141770726203 ], [ 81.240761138315918, 30.01219564731133 ], [ 81.241024263758845, 30.012341770956027 ], [ 81.24123601363118, 30.012429333447017 ], [ 81.241524638451381, 30.012534834714927 ], [ 81.241697763341165, 30.012579647033135 ], [ 81.241973576419468, 30.012606208509794 ], [ 81.24217538878321, 30.012605833492501 ], [ 81.242675326405219, 30.012611645810864 ], [ 81.243245888686886, 30.012599334092045 ], [ 81.243393389193614, 30.012626145580214 ], [ 81.24360470199548, 30.012632521773526 ], [ 81.243745826308896, 30.012598396998499 ], [ 81.24384807652757, 30.012553083757837 ], [ 81.243969763793643, 30.012496458844566 ], [ 81.244117138395268, 30.012473646641524 ], [ 81.244507888428359, 30.012351147287688 ], [ 81.24466457640915, 30.01229445852249 ], [ 81.244920638576673, 30.012206083943681 ], [ 81.245125576983867, 30.012137960298674 ], [ 81.245396610165471, 30.012025793255816 ], [ 81.245465075552829, 30.011997459215422 ], [ 81.245682576589672, 30.011902333426008 ], [ 81.245798076520089, 30.011845708512681 ], [ 81.246124138318407, 30.011628522238539 ], [ 81.246405888720858, 30.01143852157054 ], [ 81.246680701753064, 30.011210208884108 ], [ 81.24682788839641, 30.011103896427755 ], [ 81.246892013655554, 30.011097021110686 ], [ 81.246975325950586, 30.011130708815188 ], [ 81.247148575846154, 30.011225145723927 ], [ 81.24724182564978, 30.011330959056579 ], [ 81.247396138521026, 30.01149308343912 ], [ 81.247556950792728, 30.0116822720193 ], [ 81.247801013306173, 30.01197052182215 ], [ 81.247865388576884, 30.012049333909658 ], [ 81.248051827030224, 30.012254335269404 ], [ 81.248167514019599, 30.012371333470298 ], [ 81.248269878452163, 30.012460656833923 ], [ 81.248456451803861, 30.012623459305246 ], [ 81.248527263522476, 30.012695459028237 ], [ 81.248896263451854, 30.0129406456943 ], [ 81.249120763912174, 30.013057520688108 ], [ 81.249451308830885, 30.013320289100136 ], [ 81.249454826978763, 30.013323085092338 ], [ 81.249455392652294, 30.013324066252721 ], [ 81.249596388362704, 30.013568646775695 ], [ 81.249757450645916, 30.013825521930357 ], [ 81.249931013505545, 30.014048521422183 ], [ 81.250014513758856, 30.014154333855458 ], [ 81.250407888913003, 30.014557396506689 ], [ 81.250663138992707, 30.014789208455284 ], [ 81.251029263789576, 30.015153959087968 ], [ 81.25110707673025, 30.015318458580055 ], [ 81.251440450916107, 30.015807334540909 ], [ 81.251518513868405, 30.016057520538197 ], [ 81.251651763717973, 30.016212897307412 ], [ 81.251751638827102, 30.016251084320118 ], [ 81.25230520032477, 30.016432708702609 ], [ 81.252590345667954, 30.016594050674939 ], [ 81.252627075779003, 30.016614834007441 ], [ 81.252771014071072, 30.016643896498692 ], [ 81.253109763504824, 30.017105647107996 ], [ 81.253146787694163, 30.017213722235567 ], [ 81.253198576053478, 30.017364896472827 ], [ 81.253232826733608, 30.017585833819226 ], [ 81.253277201981348, 30.017712084245318 ], [ 81.253344325580201, 30.017847335086515 ], [ 81.253432951969216, 30.018038896977544 ], [ 81.253610887332627, 30.01819189683863 ], [ 81.253821451898546, 30.018423833792951 ], [ 81.254298513465699, 30.018731959512365 ], [ 81.254457431765104, 30.018871598145779 ], [ 81.254570013395437, 30.018970521772189 ], [ 81.255124325827012, 30.019316833605046 ], [ 81.255290888363845, 30.0195872102816 ], [ 81.255402013991784, 30.019711021746332 ], [ 81.25544820047412, 30.020270333509131 ], [ 81.255404327048097, 30.020635897129011 ], [ 81.255332888502039, 30.020800646632608 ], [ 81.25528938919399, 30.021021771937285 ], [ 81.255250772305374, 30.021116262805322 ], [ 81.255234013439008, 30.021157271890615 ], [ 81.255168951086262, 30.021552147113937 ], [ 81.255137513485522, 30.02218827177137 ], [ 81.255137695148562, 30.02225686486247 ], [ 81.255137763497032, 30.022283083697403 ], [ 81.255093639160179, 30.022515458621569 ], [ 81.255078763474216, 30.023034272114046 ], [ 81.255112577083821, 30.023343209021903 ], [ 81.255013577015006, 30.023652458893935 ], [ 81.254671013556504, 30.023759209320133 ], [ 81.254471950420225, 30.023971584221272 ], [ 81.254107888668159, 30.024270021544282 ], [ 81.253787077111951, 30.024530020943757 ], [ 81.253566628996793, 30.024613938482503 ], [ 81.253251013723343, 30.0247340852099 ], [ 81.252753327104415, 30.025005710145479 ], [ 81.252300138940313, 30.025227646638655 ], [ 81.251880388469203, 30.025526208967449 ], [ 81.251448951308134, 30.025730021423385 ], [ 81.250995951102311, 30.026125646681294 ], [ 81.250620701784044, 30.026500771893154 ], [ 81.250289013827, 30.026695396875141 ], [ 81.25007744202037, 30.02687741695928 ], [ 81.249999951036955, 30.026944083702574 ], [ 81.249832951429596, 30.027034647231233 ], [ 81.249605763795046, 30.027147834105335 ], [ 81.249317138974845, 30.027317583839476 ], [ 81.249151450579063, 30.027403584208116 ], [ 81.248832201145206, 30.027512458832973 ], [ 81.248605325575397, 30.027614396986905 ], [ 81.248335138655762, 30.027748021853768 ], [ 81.247942138518908, 30.027931459269496 ], [ 81.247761200319189, 30.028017520791991 ], [ 81.24753395153067, 30.028108145474562 ], [ 81.247349826133643, 30.028205522267115 ], [ 81.24702445051804, 30.028339210086529 ], [ 81.246852575685864, 30.028398210109344 ], [ 81.246521013633924, 30.02850483373112 ], [ 81.246349076748572, 30.02856377170076 ], [ 81.246097628103087, 30.028630695650122 ], [ 81.245998950890908, 30.028656958551835 ], [ 81.245854576427632, 30.02870008374191 ], [ 81.245559888378182, 30.02878633412206 ], [ 81.245197450801754, 30.028850147316518 ], [ 81.245007076015781, 30.028897896820524 ], [ 81.244865825797262, 30.028936521803075 ], [ 81.244650763721836, 30.028984271307138 ], [ 81.244503452072706, 30.029038646116703 ], [ 81.244251639201821, 30.029183521502375 ], [ 81.244141388614253, 30.029253646138898 ], [ 81.243944951498349, 30.029371272066612 ], [ 81.243781372012791, 30.029488983429871 ], [ 81.243699763933023, 30.029547709159488 ], [ 81.243586201142307, 30.029613333588543 ], [ 81.243254639090367, 30.029731208628448 ], [ 81.24309507597701, 30.029801459170073 ], [ 81.24301513883762, 30.029844458455045 ], [ 81.242745201030289, 30.029973521960528 ], [ 81.24263457632469, 30.030032396078241 ], [ 81.242450263868648, 30.030107145928071 ], [ 81.242192575726847, 30.030213647242078 ], [ 81.242063451067452, 30.030268022051644 ], [ 81.241732014021295, 30.030440084842098 ], [ 81.241575639004566, 30.030510270632533 ], [ 81.24154743896321, 30.03052450510188 ], [ 81.24122582611102, 30.030686834529831 ], [ 81.24097401413951, 30.030820396444199 ], [ 81.240734763898274, 30.030911084978641 ], [ 81.240470388397739, 30.030976958519886 ], [ 81.240224951720222, 30.03103152218705 ], [ 81.240138825446479, 30.031056520641982 ], [ 81.239917763993674, 30.031176458726634 ], [ 81.239822639103579, 30.031235271690491 ], [ 81.23955895068508, 30.031395959855729 ], [ 81.23928245142406, 30.031518209198055 ], [ 81.239190575784505, 30.031583833627053 ], [ 81.239141577122155, 30.031674147144201 ], [ 81.23911707599234, 30.031728333995488 ], [ 81.239129575669438, 30.031802709727344 ], [ 81.239166638529582, 30.031850022160825 ], [ 81.239240638344825, 30.031899521745572 ], [ 81.239412764087831, 30.031919521768543 ], [ 81.239572513360883, 30.031914708596958 ], [ 81.239726139150036, 30.031930209311781 ], [ 81.240008950752554, 30.032035708780995 ], [ 81.240181200601967, 30.032105334293817 ], [ 81.240261326599011, 30.032132271687033 ], [ 81.240605888351126, 30.032314334039313 ], [ 81.240901138476829, 30.032446896806903 ], [ 81.241036811100003, 30.032510512150452 ], [ 81.241193451416734, 30.032583959781959 ], [ 81.241648575821159, 30.032781584902295 ], [ 81.241864013813256, 30.032882709169769 ], [ 81.242085514135226, 30.032956771038187 ], [ 81.242337577017622, 30.033053271891049 ], [ 81.242565263775987, 30.033138584278277 ], [ 81.24275588857347, 30.033181083540228 ], [ 81.242909638469087, 30.033223645754674 ], [ 81.243088013600982, 30.033281896642279 ], [ 81.243367826863789, 30.033335583470432 ], [ 81.24355232637879, 30.033398459571288 ], [ 81.243736888846399, 30.033468022131558 ], [ 81.243995139064452, 30.033569022292568 ], [ 81.244321388821106, 30.033685710227417 ], [ 81.24445045052795, 30.033717021923053 ], [ 81.24483813836946, 30.033887771703348 ], [ 81.245102638875721, 30.034020333571561 ], [ 81.245268826395261, 30.034148584089962 ], [ 81.245355263834426, 30.034240958853218 ], [ 81.245450888747598, 30.034389646465058 ], [ 81.245549575852294, 30.034581210154784 ], [ 81.245648763879387, 30.034853959242866 ], [ 81.245728951929664, 30.035052271445238 ], [ 81.245753763325581, 30.03511089645076 ], [ 81.245852076312303, 30.035180646069989 ], [ 81.245969263370853, 30.035243585123396 ], [ 81.246098388929568, 30.035297459010565 ], [ 81.24619670191629, 30.035355896057808 ], [ 81.246412201062299, 30.035479584315397 ], [ 81.246602951764885, 30.035564959655233 ], [ 81.246916638891832, 30.035690647105753 ], [ 81.247036764035499, 30.035767147036267 ], [ 81.247270639028841, 30.035872709458033 ], [ 81.247443013884038, 30.035973833725507 ], [ 81.247658575982541, 30.036122397230884 ], [ 81.247855326961826, 30.036273146088888 ], [ 81.248163450882601, 30.036507209040508 ], [ 81.248292638494547, 30.036597146641043 ], [ 81.248409388482571, 30.036623959927852 ], [ 81.24872313856207, 30.036630147263509 ], [ 81.249024263958688, 30.036676959674026 ], [ 81.249350200751223, 30.036762021150423 ], [ 81.249645388823694, 30.036863021311433 ], [ 81.249811513390682, 30.036959647170022 ], [ 81.249994825800627, 30.037031708946245 ], [ 81.249994826699947, 30.037038271299252 ], [ 81.25043488835945, 30.037278770698776 ], [ 81.25068320106891, 30.037551271573989 ], [ 81.250976451102417, 30.037805583660827 ], [ 81.251089450917505, 30.038019708642707 ], [ 81.251127176577995, 30.038054148180436 ], [ 81.251540638989354, 30.038431583750651 ], [ 81.251765950638173, 30.038625146633251 ], [ 81.251968763947332, 30.038685645825922 ], [ 81.252576577047478, 30.038878458673992 ], [ 81.252959826734696, 30.038956708685191 ], [ 81.254425630838227, 30.038880163788576 ], [ 81.255248201143615, 30.038837208570385 ], [ 81.257005888311141, 30.039034583679154 ], [ 81.257230449925373, 30.03910886947881 ], [ 81.257236201089881, 30.039110771544927 ], [ 81.257409326878985, 30.039135271775422 ], [ 81.258035764039334, 30.039258084093376 ], [ 81.258424888997467, 30.039345334519624 ], [ 81.258684263368139, 30.039383146515036 ], [ 81.258972764081875, 30.039418709306062 ], [ 81.259203013908007, 30.039456584254026 ], [ 81.259418888970629, 30.039480959478738 ], [ 81.259721763548612, 30.039543521716212 ], [ 81.259851389130347, 30.039556708475345 ], [ 81.260427638724593, 30.039566958948058 ], [ 81.26080238891916, 30.039591022108027 ], [ 81.261450702088268, 30.039639334587662 ], [ 81.261805076343251, 30.0396628770402 ], [ 81.261846763517383, 30.039665646052754 ], [ 81.262523451196387, 30.039664271888682 ], [ 81.262797075324841, 30.039699833780332 ], [ 81.262956075462569, 30.039762646928637 ], [ 81.263200512993365, 30.039811770596771 ], [ 81.263777138504224, 30.039948271495575 ], [ 81.26423857614941, 30.040161583490317 ], [ 81.26475776375986, 30.040410959198482 ], [ 81.264945763436288, 30.040674458759327 ], [ 81.265003951371341, 30.040848021618956 ], [ 81.265032638845241, 30.040924708608486 ], [ 81.265235513308369, 30.041400208952552 ], [ 81.265293825349829, 30.04163695907846 ], [ 81.265366013930475, 30.041724771581016 ], [ 81.265363641518888, 30.041782385748547 ], [ 81.265359325672421, 30.041887208927619 ], [ 81.265431638359473, 30.04202464602065 ], [ 81.265475512684816, 30.042189208465231 ], [ 81.265504576974706, 30.042414708971705 ], [ 81.265534263595441, 30.042588333884567 ], [ 81.26557801381432, 30.042714584310659 ], [ 81.265606763341509, 30.042802521818999 ], [ 81.265737888992419, 30.043366146730364 ], [ 81.266242450928416, 30.043464395865215 ], [ 81.266631450880823, 30.043501958748436 ], [ 81.266948514062733, 30.043514835241524 ], [ 81.267351826725474, 30.043574896464349 ], [ 81.267697451476238, 30.04362608407655 ], [ 81.267813013459886, 30.043700271850128 ], [ 81.268202008915637, 30.043778269151858 ], [ 81.268302701508503, 30.043798458931803 ], [ 81.268422287958288, 30.043859449154297 ], [ 81.268721326028412, 30.044011958884823 ], [ 81.269240451585631, 30.044222958722628 ], [ 81.269607513476046, 30.044271835077154 ], [ 81.27031370071677, 30.044407959160026 ], [ 81.270501263322728, 30.04447077230833 ], [ 81.270653808126781, 30.044489803761508 ], [ 81.270803326712212, 30.044508459298015 ], [ 81.271005764104814, 30.04454639719853 ], [ 81.271351388855578, 30.044595333807649 ], [ 81.271625076835903, 30.044644397221191 ], [ 81.271942139118494, 30.044693333830367 ], [ 81.272172451897177, 30.044756021972887 ], [ 81.272417513557457, 30.044780335144424 ], [ 81.272561638908542, 30.044843271499815 ], [ 81.273717270435725, 30.04528289608885 ], [ 81.275331826003026, 30.04450583417696 ], [ 81.275429576014176, 30.044478583819625 ], [ 81.275885326346781, 30.044272334200912 ], [ 81.276275888421594, 30.044156459253259 ], [ 81.276593325721478, 30.044099397269406 ], [ 81.27713520142845, 30.044098272217525 ], [ 81.277347200413033, 30.044097835146999 ], [ 81.277933763432486, 30.044080835262378 ], [ 81.278047889198774, 30.044103146543023 ], [ 81.278414303577279, 30.044209197296652 ], [ 81.278659013602635, 30.044280021605744 ], [ 81.27879770075333, 30.044266208918486 ], [ 81.278997075954351, 30.044186833855349 ], [ 81.279111138768087, 30.044166271756069 ], [ 81.279216639136621, 30.044123208619226 ], [ 81.27926302077185, 30.044095451044257 ], [ 81.279265826656626, 30.044093772010001 ], [ 81.279275705709324, 30.044093750426271 ], [ 81.279355263334764, 30.044093584051723 ], [ 81.279510200335551, 30.044079647257945 ], [ 81.280898514354988, 30.043808333487846 ], [ 81.281984452020879, 30.043652646452529 ], [ 81.283117700321668, 30.043494584307666 ], [ 81.283416013538272, 30.043320208460898 ], [ 81.283790076650746, 30.041970522121971 ], [ 81.283962339990069, 30.041363826879149 ], [ 81.284262388898185, 30.04030708390485 ], [ 81.284460576994093, 30.040031458784824 ], [ 81.286418763515201, 30.037561772058211 ], [ 81.286783639153668, 30.037326396995695 ], [ 81.28697457691527, 30.037242520825714 ], [ 81.287308451124204, 30.037255333466931 ], [ 81.287594888793137, 30.03725470843807 ], [ 81.287629277968847, 30.037249754972265 ], [ 81.288183201893332, 30.037169959026414 ], [ 81.288350263553866, 30.037115459211122 ], [ 81.288715702167963, 30.036864272268417 ], [ 81.288906139007167, 30.036782647101518 ], [ 81.289224076330129, 30.036712021542598 ], [ 81.289987950583509, 30.036613333538583 ], [ 81.290104575565749, 30.036597208694275 ], [ 81.290366450951012, 30.036373334162079 ], [ 81.290516513626244, 30.036269271809488 ], [ 81.290908451663768, 30.035975208788898 ], [ 81.291232203103732, 30.035808433112777 ], [ 81.292799451633471, 30.035001083832981 ], [ 81.294471971204587, 30.034903279862533 ], [ 81.295487450585426, 30.034843896728489 ], [ 81.295821888669309, 30.034827395967625 ], [ 81.298253770595068, 30.034120040507503 ], [ 81.298651138739103, 30.034004458738821 ], [ 81.298857575416832, 30.033879897239501 ], [ 81.299032327180214, 30.03382539652489 ], [ 81.299271263558012, 30.033754895971697 ], [ 81.29991495061455, 30.033559458901948 ], [ 81.300312763922989, 30.033517958786831 ], [ 81.30069420147629, 30.033420083769897 ], [ 81.300996201913222, 30.033376521509297 ], [ 81.301091263850822, 30.033335710274855 ], [ 81.301389559080917, 30.03336927207431 ], [ 81.301680639050289, 30.033402021785946 ], [ 81.302030451044516, 30.033347084000752 ], [ 81.302284201055102, 30.033249521947937 ], [ 81.302618139115907, 30.033081833459903 ], [ 81.302694795528453, 30.032998366481479 ], [ 81.302744763659973, 30.032943959296347 ], [ 81.302927359310218, 30.032926053794426 ], [ 81.303333701788972, 30.032886208431819 ], [ 81.303471130788125, 30.032756975853829 ], [ 81.303627138881438, 30.032610272146371 ], [ 81.303923826123707, 30.03233670917183 ], [ 81.304166575626994, 30.03226170931049 ], [ 81.304707202175678, 30.032066459299699 ], [ 81.30489838904947, 30.032066022229174 ], [ 81.305168513915817, 30.032024771226247 ], [ 81.305677138988813, 30.031967209219374 ], [ 81.305772888907768, 30.031926396186293 ], [ 81.306392826667661, 30.031814397316623 ], [ 81.306694702098866, 30.031770835056022 ], [ 81.306917325674078, 30.031659833534547 ], [ 81.307132388648881, 30.031627708851715 ], [ 81.307601200734894, 30.031493521908544 ], [ 81.307989638610991, 30.031145271137405 ], [ 81.308451014203001, 30.031103583963272 ], [ 81.308610325506152, 30.031062583871176 ], [ 81.308720451087993, 30.031064583963428 ], [ 81.308864513486583, 30.03110714707725 ], [ 81.309047889748342, 30.031106710006725 ], [ 81.309924825870098, 30.031528708782957 ], [ 81.310048389121903, 30.03188252186095 ], [ 81.310094609778503, 30.032023016648964 ], [ 81.31010995041396, 30.032069646497064 ], [ 81.310232763631177, 30.032184458446068 ], [ 81.310334888844125, 30.03229014677288 ], [ 81.310467263653379, 30.032343959506193 ], [ 81.31104826346666, 30.032642583888162 ], [ 81.311237201136009, 30.03274364700178 ], [ 81.311548014029654, 30.032871459550279 ], [ 81.311670576336098, 30.03288927152272 ], [ 81.31205226390091, 30.032861271130798 ], [ 81.312215513335332, 30.032845147185867 ], [ 81.312724201360879, 30.032816833829884 ], [ 81.312988888926157, 30.032904146309363 ], [ 81.313376014691357, 30.032957396067047 ], [ 81.313539326179011, 30.032957084002248 ], [ 81.31384457676586, 30.032956271914486 ], [ 81.314516700385468, 30.032963709307808 ], [ 81.315611263449114, 30.032915958904425 ], [ 81.316374138555716, 30.032720146817383 ], [ 81.316841513525105, 30.032346833739439 ], [ 81.319183575661555, 30.028409459728834 ], [ 81.319426116522095, 30.027716638212326 ], [ 81.319971513974224, 30.026158708457672 ], [ 81.320136451436156, 30.025838021007928 ], [ 81.320155763477771, 30.025810896555697 ], [ 81.32021182631479, 30.025727271296603 ], [ 81.320415701723334, 30.025614021469949 ], [ 81.320758700453723, 30.025482333742787 ], [ 81.321585201695768, 30.02532470866845 ], [ 81.321674638373906, 30.025338022232006 ], [ 81.322106888522171, 30.025334710028915 ], [ 81.322247013688809, 30.025377270444721 ], [ 81.322413139155117, 30.025433209175333 ], [ 81.322497848097271, 30.025439257116091 ], [ 81.322565451034791, 30.025444083777472 ], [ 81.3226549515648, 30.025466459809309 ], [ 81.324767638915489, 30.025628147121324 ], [ 81.325110826503476, 30.025557459509173 ], [ 81.325529076905411, 30.02544133365069 ], [ 81.326126408407106, 30.025051598952189 ], [ 81.326712576624175, 30.024669146963618 ], [ 81.327346202065655, 30.024620270609034 ], [ 81.331969158949562, 30.024263106657088 ], [ 81.333532388409083, 30.024142334001567 ], [ 81.334396546063829, 30.023640142678516 ], [ 81.335926201133361, 30.022751208701379 ], [ 81.338392314853479, 30.022149073920673 ], [ 81.339315325941584, 30.021923709211876 ], [ 81.340849706049141, 30.021184017728274 ], [ 81.342523701407742, 30.020377021882098 ], [ 81.345403139043697, 30.019483022023906 ], [ 81.347175522932105, 30.019037955637202 ], [ 81.347990388745529, 30.018833333791349 ], [ 81.348219700578795, 30.01879889695158 ], [ 81.348587826367122, 30.01863327060903 ], [ 81.348715076839369, 30.018511147171751 ], [ 81.348918263367239, 30.018431647102886 ], [ 81.349470700712345, 30.018154959883532 ], [ 81.34974597419739, 30.017858948032085 ], [ 81.349863889706796, 30.01773214722084 ], [ 81.349939763709187, 30.017555959240156 ], [ 81.350129700525315, 30.017399835134313 ], [ 81.350726764028991, 30.017120833959382 ], [ 81.350942952055675, 30.017020958850196 ], [ 81.351235274888097, 30.01688303882122 ], [ 81.351298764326543, 30.016853084202523 ], [ 81.35148951412981, 30.016742083580368 ], [ 81.353373639681763, 30.015176084208974 ], [ 81.356202638840784, 30.012754897020955 ], [ 81.357318921431158, 30.011827420798909 ], [ 81.358436013411335, 30.010899271883943 ], [ 81.358810013571315, 30.010566584780122 ], [ 81.359178638483456, 30.010543021643173 ], [ 81.359382450939393, 30.010463521574309 ], [ 81.360274599093543, 30.010312956178041 ], [ 81.360577889158321, 30.010261771263799 ], [ 81.360882826781108, 30.010184209233898 ], [ 81.362116702024252, 30.010047771287645 ], [ 81.362466201953737, 30.009924958969748 ], [ 81.362809138630894, 30.009802208705025 ], [ 81.362825168147026, 30.009798421659866 ], [ 81.363050638975892, 30.009745146721173 ], [ 81.363737702133278, 30.009621458463585 ], [ 81.36410632704542, 30.009609146744765 ], [ 81.364309701531567, 30.009586083630893 ], [ 81.364627826812807, 30.009585146537347 ], [ 81.364742638761811, 30.00959614614527 ], [ 81.365608389115948, 30.009627583746067 ], [ 81.365697138712051, 30.0096273337345 ], [ 81.365856763878583, 30.009671958993749 ], [ 81.365983888445726, 30.009682896548497 ], [ 81.366149325930678, 30.009770396086935 ], [ 81.366277076426002, 30.009792647113045 ], [ 81.366400263761193, 30.009817083491669 ], [ 81.366531263507056, 30.00984833403345 ], [ 81.366632950750159, 30.009834522245455 ], [ 81.367296013700127, 30.010053708611792 ], [ 81.367350793204594, 30.010075713223614 ], [ 81.367652951922253, 30.010197083928347 ], [ 81.368022388922157, 30.010396772093429 ], [ 81.36813720177048, 30.010428021735891 ], [ 81.36878663909215, 30.010649522057861 ], [ 81.368991076577004, 30.010748209162557 ], [ 81.369105263497147, 30.01078170890878 ], [ 81.369411951200618, 30.011001959173143 ], [ 81.369863325432163, 30.010955521779977 ], [ 81.369951950921859, 30.010901146970411 ], [ 81.370459951865371, 30.010543333707915 ], [ 81.37062858104423, 30.010395655135426 ], [ 81.370726076547271, 30.010310271701712 ], [ 81.370955388380537, 30.010309583720357 ], [ 81.371145514054263, 30.010198521944289 ], [ 81.371692014075222, 30.00991052215295 ], [ 81.371895013544076, 30.009788146006201 ], [ 81.372047825446828, 30.009765145844881 ], [ 81.372225263485177, 30.009730834910158 ], [ 81.372326950728223, 30.009728271842334 ], [ 81.372518264406438, 30.009763833733984 ], [ 81.372658326620524, 30.009786021807486 ], [ 81.373244263711854, 30.009827208958598 ], [ 81.373364763872814, 30.009838145613969 ], [ 81.373508200343224, 30.00987158420628 ], [ 81.373784888461898, 30.009893334309993 ], [ 81.37403957556603, 30.009912897262438 ], [ 81.374294576533543, 30.010002396893128 ], [ 81.374573164919696, 30.010033848883097 ], [ 81.375541825594837, 30.010143209141859 ], [ 81.376578513687491, 30.009950772210402 ], [ 81.376972325912163, 30.009728583907076 ], [ 81.377377263649862, 30.009217646677087 ], [ 81.377616701849377, 30.008619209009339 ], [ 81.377679639104144, 30.008463396068919 ], [ 81.377717076981583, 30.008276083474527 ], [ 81.37773151559702, 30.008200669025712 ], [ 81.377742576358855, 30.008142896577453 ], [ 81.377742325448025, 30.008075210002971 ], [ 81.377792513913448, 30.007987146589585 ], [ 81.377817139149727, 30.007820146982226 ], [ 81.378378388951546, 30.006478647171889 ], [ 81.380820922447697, 30.006826378134917 ], [ 81.381999105374462, 30.006994109790412 ], [ 81.383114888841078, 30.007152958842028 ], [ 81.383420138528606, 30.007163334320467 ], [ 81.383713263556331, 30.007227895750816 ], [ 81.38381532671599, 30.007315584146966 ], [ 81.38387920196368, 30.007405583800676 ], [ 81.383879576980974, 30.007516146453042 ], [ 81.384045513589626, 30.00769158349982 ], [ 81.384498764706279, 30.008112084005518 ], [ 81.384538388835608, 30.008308209955999 ], [ 81.384582514071838, 30.008502084004022 ], [ 81.384639639008185, 30.008686833530589 ], [ 81.384696638938806, 30.00885583412952 ], [ 81.384716388950267, 30.009083708846163 ], [ 81.384734388880986, 30.00972870891286 ], [ 81.384696763944532, 30.009882208796967 ], [ 81.384689644911248, 30.009946458162574 ], [ 81.38465976403694, 30.010216145958395 ], [ 81.384690451603092, 30.01043258399659 ], [ 81.384808513702012, 30.010813459473638 ], [ 81.385000076492418, 30.011415147291245 ], [ 81.385066076838029, 30.011554833588775 ], [ 81.385157950678945, 30.011865834440755 ], [ 81.385181701774172, 30.011974021983576 ], [ 81.385336638774902, 30.012483334138608 ], [ 81.385435075868088, 30.013313146684425 ], [ 81.385537701104056, 30.013380521194165 ], [ 81.385689576812581, 30.013603396579526 ], [ 81.385971451321495, 30.013767208989577 ], [ 81.386201139071375, 30.013854521469057 ], [ 81.38643045180396, 30.013998208850296 ], [ 81.387418834611594, 30.014526396875794 ], [ 81.388101263562532, 30.014891083656664 ], [ 81.39059697936716, 30.016175063728269 ], [ 81.391998450468179, 30.016896083487495 ], [ 81.392283013949964, 30.016904271814724 ], [ 81.392516888943305, 30.016894522264465 ], [ 81.392652388896693, 30.016914458435565 ], [ 81.392944764789149, 30.01694745995735 ], [ 81.393285263404266, 30.017016271583714 ], [ 81.393893513574824, 30.01712052189464 ], [ 81.394224513550512, 30.017096958757691 ], [ 81.39458095174956, 30.017084584086319 ], [ 81.395064451563258, 30.017116959679981 ], [ 81.395151048182413, 30.01711872145188 ], [ 81.396032077118718, 30.017136646738891 ], [ 81.396260950982139, 30.017169770568501 ], [ 81.396847013978572, 30.017233458757175 ], [ 81.39748797788792, 30.017389344542664 ], [ 81.398560076786168, 30.017650084983472 ], [ 81.398714921156738, 30.017665323096253 ], [ 81.400183389052245, 30.017809834256525 ], [ 81.401317389186204, 30.018117647011877 ], [ 81.401398576383258, 30.018491834230815 ], [ 81.401357763350177, 30.018814521772811 ], [ 81.401526076867015, 30.019089209799233 ], [ 81.401595326463223, 30.019226583939769 ], [ 81.401614513499055, 30.01933477148259 ], [ 81.401628014121627, 30.019456521701159 ], [ 81.40187266569103, 30.020016981898266 ], [ 81.40310495183212, 30.022839959196801 ], [ 81.403836576396941, 30.021220459156893 ], [ 81.404048582576081, 30.021056134133346 ], [ 81.405054889771407, 30.020276146726815 ], [ 81.406592200769524, 30.019673646821389 ], [ 81.411528057873625, 30.019021512432914 ], [ 81.414408389435664, 30.018640958913181 ], [ 81.414760639491988, 30.017798521684483 ], [ 81.414844193704653, 30.01768372952057 ], [ 81.414849577046425, 30.01767633349607 ], [ 81.414885798141142, 30.017654318991674 ], [ 81.414976263643723, 30.017599333542478 ], [ 81.415019822306988, 30.017559573615472 ], [ 81.41547720131183, 30.017142084040017 ], [ 81.415959139003121, 30.016775146256066 ], [ 81.416365263845933, 30.0164310206751 ], [ 81.416745451341569, 30.01607564727334 ], [ 81.417010633533948, 30.015894719865457 ], [ 81.417316701604534, 30.015685897286403 ], [ 81.417506450462383, 30.015498083769614 ], [ 81.417728320405729, 30.015272762228221 ], [ 81.417791638973029, 30.015208458903317 ], [ 81.41789270118727, 30.01504345848889 ], [ 81.418045014865584, 30.014909896574522 ], [ 81.41827015384456, 30.014822853891644 ], [ 81.418680326535878, 30.01466427193867 ], [ 81.419061077007143, 30.014439709425119 ], [ 81.419441326556012, 30.014095645897385 ], [ 81.419720138873345, 30.013828584121939 ], [ 81.419821514051705, 30.013751584168347 ], [ 81.419937331442725, 30.013557651664371 ], [ 81.419960515065782, 30.013518834226886 ], [ 81.420163263623749, 30.013351271643899 ], [ 81.420480388858891, 30.013095333582839 ], [ 81.420994764197076, 30.012762146455941 ], [ 81.421146951970343, 30.012739084241389 ], [ 81.421223013931012, 30.012639585048873 ], [ 81.421515451876644, 30.012539396076306 ], [ 81.42168838700951, 30.012456885976576 ], [ 81.421820013582817, 30.012394083620109 ], [ 81.421841336508521, 30.012369364854351 ], [ 81.421896138496038, 30.012305834946403 ], [ 81.422060888898955, 30.012194772270959 ], [ 81.422464859865443, 30.012032478815911 ], [ 81.422785389034516, 30.011903708489399 ], [ 81.422963139137607, 30.01178133414129 ], [ 81.422976601988637, 30.011770410975714 ], [ 81.423127763635421, 30.011647772226979 ], [ 81.423369410569876, 30.01157446848697 ], [ 81.423458451546367, 30.011547459147948 ], [ 81.423673951591638, 30.011479084592111 ], [ 81.424322638878721, 30.011355209275564 ], [ 81.424532325706309, 30.011289083924112 ], [ 81.42507888867982, 30.011221896473387 ], [ 81.425282952046643, 30.011187396681066 ], [ 81.425524263533987, 30.011098647084964 ], [ 81.426108700556142, 30.010941147016354 ], [ 81.426311826829419, 30.010861521042386 ], [ 81.426565701845732, 30.010684771884769 ], [ 81.427706951414734, 30.00966158531395 ], [ 81.429951276130566, 30.008589568254024 ], [ 81.432024513820295, 30.007599271689116 ], [ 81.432278638848175, 30.007632272311582 ], [ 81.432469888674461, 30.00765189731726 ], [ 81.432660764382831, 30.007730270535603 ], [ 81.432979138776318, 30.007772083614839 ], [ 81.433132201589899, 30.007816645921537 ], [ 81.433688956580113, 30.008003526841321 ], [ 81.433884264147537, 30.008069083821226 ], [ 81.434336138402102, 30.008123958653812 ], [ 81.434603014017966, 30.008100521421966 ], [ 81.435418138836098, 30.008253522182372 ], [ 81.435571075744633, 30.008252959206743 ], [ 81.435799763448358, 30.008240895700851 ], [ 81.436130513412536, 30.008160833555678 ], [ 81.436333638786436, 30.008094834109386 ], [ 81.436805826927412, 30.008054896116619 ], [ 81.437796826762224, 30.007968145713392 ], [ 81.438642169700415, 30.007767493475114 ], [ 81.439784088365059, 30.0074964468036 ], [ 81.440967889356671, 30.00721545902627 ], [ 81.441200138375734, 30.00712895863461 ], [ 81.441374952192348, 30.007101334159302 ], [ 81.441486764003002, 30.007042272083254 ], [ 81.44204226353969, 30.00695695969597 ], [ 81.442359513780616, 30.006734772291964 ], [ 81.442575014725207, 30.006533334046196 ], [ 81.442777514170984, 30.006311583712659 ], [ 81.443259514814827, 30.006012272248597 ], [ 81.443360702034852, 30.005890084060184 ], [ 81.443578200373679, 30.005404396195956 ], [ 81.443667427509808, 30.005231090542452 ], [ 81.443688700972814, 30.005189772090375 ], [ 81.444123827152964, 30.004403333846824 ], [ 81.44469507561729, 30.004056271979437 ], [ 81.444847326343108, 30.003902397078036 ], [ 81.44506257547755, 30.003791083491762 ], [ 81.445138700390771, 30.003723208959002 ], [ 81.445887575751101, 30.003255958995339 ], [ 81.446040450606347, 30.003244208453509 ], [ 81.446255888598444, 30.003166771429392 ], [ 81.446306389128608, 30.003022209007781 ], [ 81.449618451930064, 30.00242445842207 ], [ 81.450261201892999, 30.002422272170179 ], [ 81.4503753888132, 30.00244446024368 ], [ 81.450547200692824, 30.00247320887155 ], [ 81.450693701153455, 30.002486209471044 ], [ 81.451008051080748, 30.002568084649454 ], [ 81.451368950816459, 30.002662083588348 ], [ 81.451521950677545, 30.00267283408408 ], [ 81.45171238841607, 30.002672209954596 ], [ 81.45196701346697, 30.002671334014906 ], [ 81.452488514133677, 30.002646958790194 ], [ 81.456286326852535, 30.002442147187367 ], [ 81.456532639469799, 30.002179645874037 ], [ 81.456691693566881, 30.002040143937563 ], [ 81.456697889895736, 30.002034710233715 ], [ 81.457129202051078, 30.001855022091661 ], [ 81.457381573400937, 30.001767704216206 ], [ 81.457675827077821, 30.001665895564656 ], [ 81.458005764054803, 30.001554208759785 ], [ 81.45815576377754, 30.001483772058464 ], [ 81.458386638632533, 30.001397270767484 ], [ 81.458589826958985, 30.001195770468485 ], [ 81.458932263613121, 30.000984834482551 ], [ 81.458971037883146, 30.000856172974068 ], [ 81.458981952055524, 30.000819959073908 ], [ 81.459083825458208, 30.000697833837989 ], [ 81.459171638860084, 30.000485458936851 ], [ 81.459274952077408, 30.000415209294545 ], [ 81.459536638605073, 30.000260896423299 ], [ 81.459826389376417, 30.000005021314735 ], [ 81.459886076481325, 29.999889770496566 ], [ 81.460284138901955, 29.999520708513955 ], [ 81.460362513918938, 29.999506895826642 ], [ 81.461048639083458, 29.998805208793385 ], [ 81.461087826142318, 29.998737396313857 ], [ 81.461181388910006, 29.998649083788223 ], [ 81.461547826670937, 29.998320771886142 ], [ 81.461657201318872, 29.998284272001627 ], [ 81.462360075457184, 29.997726896479151 ], [ 81.462609889135138, 29.997507272142968 ], [ 81.462984326365643, 29.997226208822553 ], [ 81.463505111172026, 29.9968793960673 ], [ 81.463648326409213, 29.996784022065015 ], [ 81.463773325878321, 29.99663470852505 ], [ 81.464155451413035, 29.996340147280023 ], [ 81.464787513832732, 29.995717583499754 ], [ 81.464928014016664, 29.995565958702059 ], [ 81.464950702113242, 29.99541927118247 ], [ 81.465012513416809, 29.995207021287058 ], [ 81.464956075562498, 29.994914021265117 ], [ 81.464866763890086, 29.994233084289476 ], [ 81.464826888849871, 29.994018959307596 ], [ 81.464763013602237, 29.993800396171423 ], [ 81.464620638331837, 29.993548272135115 ], [ 81.464475576786469, 29.992734458528503 ], [ 81.464404577109576, 29.99251589719097 ], [ 81.464348201308496, 29.992229646580995 ], [ 81.464308485448328, 29.992169604243884 ], [ 81.464300576810217, 29.992157646857947 ], [ 81.464261263846311, 29.99206302199093 ], [ 81.464239624359209, 29.991940755561473 ], [ 81.464237326591388, 29.99192777114979 ], [ 81.463903513536366, 29.990918397266285 ], [ 81.463847951621744, 29.990812521880457 ], [ 81.463799764147836, 29.990630020658955 ], [ 81.463720889107776, 29.990377708664369 ], [ 81.463418701611829, 29.989474210166691 ], [ 81.463265734126367, 29.989223882975864 ], [ 81.463173889963116, 29.989073583778918 ], [ 81.463062638430074, 29.988701770770149 ], [ 81.462760701844957, 29.98784345870871 ], [ 81.462658200715452, 29.987672395964353 ], [ 81.462555326367294, 29.987417833866004 ], [ 81.46248345075071, 29.987145146831097 ], [ 81.462458950520215, 29.986892646878175 ], [ 81.462447450889215, 29.986105458600093 ], [ 81.462461763599549, 29.985825647135982 ], [ 81.462492264106743, 29.985697021600345 ], [ 81.462655388535438, 29.985391896918543 ], [ 81.462780263898139, 29.98521552097958 ], [ 81.463281250129626, 29.984668441795179 ], [ 81.463395701450509, 29.984543460312523 ], [ 81.463590638497237, 29.984373583773902 ], [ 81.463801202163779, 29.984102146796715 ], [ 81.463886638657527, 29.983939458539226 ], [ 81.464792643565715, 29.982576111498418 ], [ 81.46534107712904, 29.981750835132971 ], [ 81.465823451890856, 29.981428833773691 ], [ 81.466030267183157, 29.981355181996094 ], [ 81.466719201829733, 29.981109833452081 ], [ 81.466793575762949, 29.981091521456619 ], [ 81.467014951978513, 29.980919333660381 ], [ 81.467268764042274, 29.980611645910756 ], [ 81.467865388676785, 29.979795209881104 ], [ 81.46793151402818, 29.979788146605756 ], [ 81.468037764431358, 29.979659271957871 ], [ 81.468160638802487, 29.979487396226432 ], [ 81.468339951927305, 29.979184521648392 ], [ 81.468341997884977, 29.979154625485648 ], [ 81.468347826391152, 29.979069458788558 ], [ 81.468797888511801, 29.978470084027208 ], [ 81.469067327195432, 29.978060834040321 ], [ 81.469411576882806, 29.977716772311226 ], [ 81.469828388369478, 29.977088209153578 ], [ 81.469992014619834, 29.976893646224823 ], [ 81.470525139024005, 29.976490208556356 ], [ 81.47076856661613, 29.976239232054979 ], [ 81.47116401380822, 29.975831520808072 ], [ 81.471491513622539, 29.975507835018618 ], [ 81.471671825894134, 29.975292897049599 ], [ 81.471827139710797, 29.975120896312376 ], [ 81.471966200979466, 29.9731647089842 ], [ 81.471209577060392, 29.97245914677228 ], [ 81.471035510580407, 29.972274057301945 ], [ 81.470526701146412, 29.971733021561761 ], [ 81.470404513857261, 29.97164095886319 ], [ 81.470070889659894, 29.971227145716227 ], [ 81.470054075934911, 29.971091833721175 ], [ 81.470092700917462, 29.970769147078499 ], [ 81.470149389682661, 29.970701270747099 ], [ 81.469967201425277, 29.969849271926421 ], [ 81.46991601381302, 29.969281021801748 ], [ 81.469947264354801, 29.969041834513121 ], [ 81.4699377018635, 29.96880277043158 ], [ 81.469909075543455, 29.967812583583907 ], [ 81.469940139026278, 29.967523771704748 ], [ 81.47000395042204, 29.967318272120622 ], [ 81.470026576465386, 29.967036208754109 ], [ 81.470023326315527, 29.966341522043649 ], [ 81.470038389060448, 29.966109084166931 ], [ 81.470085451482475, 29.965786396624935 ], [ 81.470115639025551, 29.965323771874637 ], [ 81.470138653576043, 29.965212411523623 ], [ 81.47031388917469, 29.964364521705363 ], [ 81.470417450604941, 29.964077646066585 ], [ 81.470464263914721, 29.963705271880826 ], [ 81.469779325855257, 29.962667896706137 ], [ 81.469671170688059, 29.962529643927951 ], [ 81.469608639027513, 29.962449708587258 ], [ 81.469266638544582, 29.962029083975096 ], [ 81.469257951992972, 29.961972709073336 ], [ 81.468792950334432, 29.96115333405919 ], [ 81.468731666033591, 29.960882031980248 ], [ 81.468702325651861, 29.960752146494428 ], [ 81.468539577139836, 29.960572272192678 ], [ 81.468230451374268, 29.960248521651977 ], [ 81.468189882057459, 29.960221934994365 ], [ 81.467556075852258, 29.959806584006685 ], [ 81.467361389716416, 29.959710272011478 ], [ 81.467044701551799, 29.959438459117621 ], [ 81.466735326674041, 29.959074146454725 ], [ 81.466585213636733, 29.958863938919706 ], [ 81.466140827137508, 29.958241645835358 ], [ 81.466083263331996, 29.95811327210987 ], [ 81.465864139018834, 29.957938084175282 ], [ 81.465612514106283, 29.957855521015517 ], [ 81.465410513784263, 29.957869771672677 ], [ 81.465095075677254, 29.95786408346072 ], [ 81.464460375545968, 29.95791459028618 ], [ 81.464026888829892, 29.957949083783262 ], [ 81.463597889730863, 29.957887458639334 ], [ 81.463265513792464, 29.957859272087774 ], [ 81.462933514669999, 29.95777702189207 ], [ 81.462738951741301, 29.957710021500361 ], [ 81.461854200511027, 29.957135646093263 ], [ 81.461156126054448, 29.956481948683063 ], [ 81.461081451747646, 29.956412021897336 ], [ 81.461040949879987, 29.956410110838021 ], [ 81.460992700352904, 29.956407833754554 ], [ 81.460861063887023, 29.95629791231886 ], [ 81.460212575350113, 29.955756397240009 ], [ 81.459838639941324, 29.955419396088303 ], [ 81.459644014060075, 29.955350145592774 ], [ 81.459278763404257, 29.955064895928274 ], [ 81.458491138954969, 29.95447664667995 ], [ 81.458345075564864, 29.954391460197769 ], [ 81.458134013673828, 29.954265896853713 ], [ 81.457654201979892, 29.953854770881037 ], [ 81.456889513840053, 29.953034083755995 ], [ 81.456272827129339, 29.952567020851404 ], [ 81.455906124967726, 29.952308667211298 ], [ 81.455874513797824, 29.952286395500778 ], [ 81.455152200813473, 29.951808520946543 ], [ 81.454794513456079, 29.951464709229015 ], [ 81.454534139039367, 29.951174520487768 ], [ 81.454647388865965, 29.949042521994841 ], [ 81.454778826581617, 29.94901952183352 ], [ 81.455008451379001, 29.948822458789493 ], [ 81.455311450962768, 29.948521395446107 ], [ 81.455524076774793, 29.948290583543667 ], [ 81.456153826138234, 29.947507960224243 ], [ 81.456679076977878, 29.947093334090141 ], [ 81.456897115809284, 29.946927345320773 ], [ 81.457179139605671, 29.946712645672108 ], [ 81.457875701402543, 29.946085458477171 ], [ 81.458072576488291, 29.94594714544445 ], [ 81.458383326429441, 29.945650584107227 ], [ 81.458522076532688, 29.945413271005691 ], [ 81.458735325574878, 29.945177896842495 ], [ 81.459299826425934, 29.944433833754488 ], [ 81.459340201489169, 29.944341208979665 ], [ 81.459503826840205, 29.944153397261516 ], [ 81.459741764071225, 29.943938272233538 ], [ 81.46007676333204, 29.943431834311752 ], [ 81.460377513711364, 29.942641333830522 ], [ 81.460384764045671, 29.942528521074451 ], [ 81.460351201346896, 29.942273709863855 ], [ 81.460259389559212, 29.942014645759343 ], [ 81.460151889098483, 29.941872897316387 ], [ 81.459883763425012, 29.940881334506059 ], [ 81.459527576136793, 29.940305146964988 ], [ 81.459362076598609, 29.940077897277206 ], [ 81.459303575699494, 29.939890895848237 ], [ 81.458748076162863, 29.939051458757888 ], [ 81.45872386371542, 29.939032192581692 ], [ 81.458649264052326, 29.938972833729338 ], [ 81.458624085733049, 29.938861038106495 ], [ 81.458599013533728, 29.938749709231729 ], [ 81.458399827190306, 29.938371459775112 ], [ 81.458234273692824, 29.938192366984197 ], [ 81.458036076603719, 29.937977959615182 ], [ 81.458027327099501, 29.937910396247844 ], [ 81.457480202049737, 29.937073147208025 ], [ 81.457272576468313, 29.936548208433123 ], [ 81.45716432687226, 29.936232834177986 ], [ 81.457146826065241, 29.936090770972328 ], [ 81.456798014117112, 29.935431084077322 ], [ 81.456698951095746, 29.935291583939488 ], [ 81.456624139192741, 29.935064022186907 ], [ 81.456566015109559, 29.934962647008604 ], [ 81.456556763783681, 29.934761958797424 ], [ 81.458304763454123, 29.933878458524077 ], [ 81.458394951965545, 29.933785645790977 ], [ 81.458634129361656, 29.933624043015243 ], [ 81.458985576323357, 29.933386585122832 ], [ 81.459895889883455, 29.932817209047016 ], [ 81.460608888589377, 29.932140272255822 ], [ 81.460682075417481, 29.932000209142416 ], [ 81.460805013640538, 29.931841834033492 ], [ 81.460812326927396, 29.931742583953167 ], [ 81.461391951677285, 29.930790897082261 ], [ 81.46143263880532, 29.930632896091311 ], [ 81.461538702149426, 29.930474583934938 ], [ 81.461595577074263, 29.930302959114329 ], [ 81.461726200903513, 29.930124333970866 ], [ 81.46175101409807, 29.930029459092339 ], [ 81.461840326669801, 29.929882583614415 ], [ 81.461996014604438, 29.929674458909176 ], [ 81.462123389183148, 29.928789771530774 ], [ 81.462147076426504, 29.928602520989614 ], [ 81.462188013566049, 29.928487334023316 ], [ 81.46217763898693, 29.928061022098518 ], [ 81.46215518381473, 29.927892279605089 ], [ 81.46215213871028, 29.927869397254938 ], [ 81.462127014350301, 29.927754458501511 ], [ 81.462084452135798, 29.927517772227475 ], [ 81.461890888353878, 29.926539459128776 ], [ 81.461897889575994, 29.926232647318898 ], [ 81.461839763694172, 29.926124583882483 ], [ 81.461845576012593, 29.925691458693905 ], [ 81.461918325770171, 29.925325771866937 ], [ 81.462111013612457, 29.924296522066868 ], [ 81.4621258883991, 29.924003209080865 ], [ 81.462215513934893, 29.923790834179727 ], [ 81.462280765145238, 29.923619208459741 ], [ 81.462404909359122, 29.923463382029524 ], [ 81.462451951996059, 29.923404333443273 ], [ 81.4626236388699, 29.923144334043855 ], [ 81.463030951717087, 29.922330834300624 ], [ 81.46312938881033, 29.922192896285196 ], [ 81.463793075889782, 29.921653708651775 ], [ 81.463932638980168, 29.92161714581465 ], [ 81.464464450374123, 29.920970146555078 ], [ 81.464447263430543, 29.920744646947924 ], [ 81.464232138402508, 29.920573959220917 ], [ 81.463588515197898, 29.920118333894038 ], [ 81.462894763782401, 29.919471083723579 ], [ 81.462473202076694, 29.919028208984685 ], [ 81.462376807343844, 29.918882702274914 ], [ 81.462249576656689, 29.918690646656046 ], [ 81.461876388584528, 29.918060395470945 ], [ 81.461833451352732, 29.917602583892176 ], [ 81.461906639080212, 29.917464770882532 ], [ 81.461971700533638, 29.917263770606553 ], [ 81.461978889714032, 29.917135145970235 ], [ 81.462221513312272, 29.916261397045901 ], [ 81.4623350140497, 29.915891022053074 ], [ 81.462441201500326, 29.915748583830123 ], [ 81.462490139008764, 29.915554396818038 ], [ 81.462547138939385, 29.915425647175937 ], [ 81.462595075502406, 29.915152521271864 ], [ 81.462635576470745, 29.915086958896097 ], [ 81.462944951348504, 29.914379833662451 ], [ 81.462953628906916, 29.914344688156859 ], [ 81.462985638476482, 29.914215022105623 ], [ 81.463067075685046, 29.91404327048059 ], [ 81.463254639190325, 29.913726834126123 ], [ 81.463286888878883, 29.913566583930731 ], [ 81.463417513607396, 29.913387958787325 ], [ 81.463441763826381, 29.913322458464734 ], [ 81.462567576932202, 29.911031458934758 ], [ 81.462344701546783, 29.910817958981681 ], [ 81.462187638548755, 29.910610958429061 ], [ 81.462054951674759, 29.910469334092568 ], [ 81.461972201455978, 29.910347833885453 ], [ 81.461799200672658, 29.910181522259506 ], [ 81.46145342933238, 29.909786403319913 ], [ 81.461153701482203, 29.909443896518667 ], [ 81.460905638784254, 29.909142521110539 ], [ 81.460706826558862, 29.908843209646477 ], [ 81.460615536377986, 29.90865564074528 ], [ 81.460574200838778, 29.908570708771265 ], [ 81.460480660554083, 29.908474696250266 ], [ 81.46042526411469, 29.908417833915962 ], [ 81.459764263310149, 29.907696083907183 ], [ 81.459474075468279, 29.907232396158236 ], [ 81.459374390116068, 29.906948521557069 ], [ 81.459315952169504, 29.906770520543148 ], [ 81.459298576368269, 29.906648771223843 ], [ 81.45886739011803, 29.905781833764649 ], [ 81.458817388711566, 29.905745958908938 ], [ 81.458800826796789, 29.90566027150436 ], [ 81.458733889357575, 29.905459771251515 ], [ 81.458668926829546, 29.905181333052155 ], [ 81.45865132709713, 29.90510589701961 ], [ 81.458577888458819, 29.904625708509684 ], [ 81.458331690954822, 29.903896875440523 ], [ 81.458311513765409, 29.903837146067474 ], [ 81.458069075427545, 29.903046208515775 ], [ 81.458043076027195, 29.902608709024776 ], [ 81.458203640085969, 29.901193833528623 ], [ 81.458559263499296, 29.900547459297854 ], [ 81.459529398163227, 29.899525570448759 ], [ 81.459878452028988, 29.899157896120073 ], [ 81.460196701416692, 29.898829709223776 ], [ 81.460452575625936, 29.898600958567442 ], [ 81.460740263352534, 29.898363085188294 ], [ 81.460902388634395, 29.898173083620975 ], [ 81.461678013429662, 29.897378583854618 ], [ 81.461864451883002, 29.897235833566924 ], [ 81.462143952181691, 29.897072459126719 ], [ 81.462601513748893, 29.896642272023314 ], [ 81.463182888579524, 29.895986146443533 ], [ 81.463617700896236, 29.895677770712609 ], [ 81.464037076350053, 29.895385333666241 ], [ 81.46471443492328, 29.89465260203599 ], [ 81.464727450811267, 29.894638522250034 ], [ 81.464882138699807, 29.894509395792056 ], [ 81.465285825480521, 29.894189897246008 ], [ 81.465433513945584, 29.894081084674383 ], [ 81.465472240551492, 29.894063432781252 ], [ 81.465627951868555, 29.893992459184688 ], [ 81.46581895617993, 29.893811078518524 ], [ 81.466271701877588, 29.893381145923172 ], [ 81.466466138901239, 29.893312772266654 ], [ 81.466606201115326, 29.893224333835974 ], [ 81.466768763467712, 29.893115459211117 ], [ 81.466930874360401, 29.893044361508146 ], [ 81.467142138598888, 29.892951708854355 ], [ 81.468137076564915, 29.892440645719262 ], [ 81.468230015203119, 29.892386208856522 ], [ 81.468323764130446, 29.89236558380469 ], [ 81.468641951464917, 29.892174959007207 ], [ 81.46891420052998, 29.891984522168002 ], [ 81.470040515057804, 29.891330895804231 ], [ 81.470600013879618, 29.890983771883612 ], [ 81.4707240771545, 29.890949459150249 ], [ 81.471019638445625, 29.890765708770516 ], [ 81.471194446866264, 29.890626411879452 ], [ 81.471679264186776, 29.890240083812841 ], [ 81.471764638627235, 29.890228459176114 ], [ 81.471865763794028, 29.89013333428602 ], [ 81.472068139133398, 29.890085270918576 ], [ 81.472176513735178, 29.89001720842748 ], [ 81.472464326467559, 29.88983345894701 ], [ 81.472767764920491, 29.889812083860647 ], [ 81.473741951929583, 29.889844645613948 ], [ 81.473975888976156, 29.889911458946699 ], [ 81.474155452112484, 29.889974022083493 ], [ 81.474303764707031, 29.89000052150692 ], [ 81.474371949505894, 29.890032192931415 ], [ 81.474404951027736, 29.890047520976339 ], [ 81.474592076563113, 29.890060395670787 ], [ 81.474748076562548, 29.890073397169601 ], [ 81.475571922106553, 29.890157606088678 ], [ 81.475792452060091, 29.89018014669648 ], [ 81.476041951874663, 29.890226647042198 ], [ 81.476252513742565, 29.890280020906289 ], [ 81.476455201146678, 29.890308584273782 ], [ 81.476512296405417, 29.890345541013971 ], [ 81.476517576325136, 29.890348958437755 ], [ 81.476529628139872, 29.890349883840145 ], [ 81.476938388895576, 29.890381271978185 ], [ 81.47714113835292, 29.890434708794828 ], [ 81.477741514059687, 29.890502459221182 ], [ 81.477796138880763, 29.890563147271507 ], [ 81.477952139779461, 29.890569333707845 ], [ 81.478232827183263, 29.89066533363831 ], [ 81.478709513733122, 29.890866583925742 ], [ 81.479037263558951, 29.891061646877574 ], [ 81.479333041586642, 29.891217050626437 ], [ 81.479685451722276, 29.891402208445243 ], [ 81.480630950358147, 29.891935583760244 ], [ 81.481339826571798, 29.891975896770248 ], [ 81.481628888462467, 29.892056021867973 ], [ 81.481955389129951, 29.891987145490418 ], [ 81.482251640201071, 29.891952208627572 ], [ 81.482570513718315, 29.891917208812174 ], [ 81.483488513783925, 29.891699583668924 ], [ 81.483535639158504, 29.891672334210909 ], [ 81.483683013760128, 29.8916244588018 ], [ 81.483979388937712, 29.891616583438633 ], [ 81.484711201460811, 29.891586833865347 ], [ 81.485534888724203, 29.891146209230214 ], [ 81.48572095036161, 29.890942521780005 ], [ 81.485751388815572, 29.890813834191135 ], [ 81.485859989147229, 29.890698790217073 ], [ 81.485898826369805, 29.890657647132741 ], [ 81.486077076495917, 29.890438146903023 ], [ 81.486923763920629, 29.889943271564789 ], [ 81.487211264588268, 29.889833958970087 ], [ 81.487370154109385, 29.889803122116462 ], [ 81.487460201427211, 29.889785645591132 ], [ 81.487592325325636, 29.88968370923584 ], [ 81.487934576719397, 29.889526772142858 ], [ 81.488460985885865, 29.889164152004071 ], [ 81.488695076716454, 29.889002897265925 ], [ 81.488842826335429, 29.888907583518233 ], [ 81.488975139091451, 29.888832708662619 ], [ 81.489138575584832, 29.88877795883576 ], [ 81.489752076896877, 29.88849814557301 ], [ 81.4905913889815, 29.88808689729251 ], [ 81.491167263558395, 29.887931270511785 ], [ 81.491261897418667, 29.887919206106517 ], [ 81.491276577052474, 29.887917333718008 ], [ 81.491720138873347, 29.887834458493501 ], [ 81.491931582976235, 29.887751899830391 ], [ 81.492490075456658, 29.88753383401928 ], [ 81.492738827035282, 29.88745170882936 ], [ 81.492956702190099, 29.887405771459214 ], [ 81.493135763504768, 29.887357771943698 ], [ 81.493306514184326, 29.887336833927804 ], [ 81.493462139166468, 29.887268583478374 ], [ 81.493594763987232, 29.887261334043387 ], [ 81.493648888785231, 29.887213708645788 ], [ 81.494513327028471, 29.887169895474358 ], [ 81.494685576877941, 29.887331646638245 ], [ 81.494834950672498, 29.887561208483021 ], [ 81.494960326957596, 29.88778627101965 ], [ 81.495125138514368, 29.888002146981535 ], [ 81.495673064860114, 29.888548978852327 ], [ 81.495845763471266, 29.88872133392249 ], [ 81.495955326976798, 29.888899084025581 ], [ 81.496182326653127, 29.889128333805616 ], [ 81.496385827044321, 29.889308021048407 ], [ 81.49643295151958, 29.889416146537997 ], [ 81.496620702083817, 29.889557521762299 ], [ 81.497089827133891, 29.8898061465365 ], [ 81.497394450893239, 29.890023771679751 ], [ 81.497636327154851, 29.890117646512238 ], [ 81.49803463868767, 29.890305584135433 ], [ 81.498768888373547, 29.890629896752387 ], [ 81.499221326503061, 29.890770271930535 ], [ 81.499626701311286, 29.890836458435842 ], [ 81.499999701425111, 29.890862084617538 ], [ 81.500412992965323, 29.890922662950572 ], [ 81.501574827116656, 29.891092958573211 ], [ 81.501718701556911, 29.891130771467999 ], [ 81.501845076089467, 29.891159583947683 ], [ 81.50328613894419, 29.891632334164967 ], [ 81.50338338893232, 29.891670271166106 ], [ 81.503469701365702, 29.891706083968643 ], [ 81.50454788957353, 29.892218521267807 ], [ 81.505067888372423, 29.892527772039102 ], [ 81.505598576513137, 29.892778396905555 ], [ 81.505692700457814, 29.892836708947016 ], [ 81.505769951322236, 29.892883772268306 ], [ 81.506033888852926, 29.893108333882537 ], [ 81.5060945139507, 29.893182521656115 ], [ 81.506140013351001, 29.893238708599597 ], [ 81.506238076326213, 29.893436833742953 ], [ 81.50626157651061, 29.893470583500687 ], [ 81.506270454617834, 29.893485856686993 ], [ 81.506279888506128, 29.893502084053978 ], [ 81.506452450420284, 29.893718022069095 ], [ 81.506479138701366, 29.893744958563047 ], [ 81.506498013672456, 29.893765208597529 ], [ 81.506535701561461, 29.893794396094563 ], [ 81.506581201861025, 29.893834772057119 ], [ 81.507035702136022, 29.894119521698599 ], [ 81.507174638398908, 29.894211520545298 ], [ 81.507209139090548, 29.8942406459891 ], [ 81.507250075330774, 29.894276583797364 ], [ 81.50737888882469, 29.894409208618129 ], [ 81.507692959062865, 29.894854117623481 ], [ 81.507832377362377, 29.895051617738034 ], [ 81.508158576756955, 29.895513709190368 ], [ 81.508789014101751, 29.896409084112008 ], [ 81.509093888771986, 29.896804896428876 ], [ 81.509479389462285, 29.897256771582818 ], [ 81.509537950615993, 29.897324271098284 ], [ 81.509599763718199, 29.89738714629982 ], [ 81.510160138479648, 29.897869959031425 ], [ 81.511283013999957, 29.898867147101214 ], [ 81.511677702164263, 29.899217522071012 ], [ 81.511770639003828, 29.899291583939487 ], [ 81.511863575843392, 29.899365646707281 ], [ 81.511915067426457, 29.899398961193128 ], [ 81.51215126356999, 29.89955177219656 ], [ 81.512486645942033, 29.899873099963656 ], [ 81.513581576828358, 29.90092214653987 ], [ 81.51473382690466, 29.901695896248668 ], [ 81.515511201780612, 29.902200397030754 ], [ 81.51582513891907, 29.902330021713169 ], [ 81.516600095518072, 29.902688812538713 ], [ 81.51716820175119, 29.902951834559587 ], [ 81.51743626447211, 29.903095146923533 ], [ 81.517697450976641, 29.903290333981772 ], [ 81.518002638610938, 29.903593645630281 ], [ 81.518053952128241, 29.903631833542363 ], [ 81.518106638910297, 29.903676708813123 ], [ 81.51842682633702, 29.903894271903198 ], [ 81.518455450858426, 29.903923458500856 ], [ 81.518507514410317, 29.903977397139215 ], [ 81.518719825459641, 29.904344271970615 ], [ 81.518860639506954, 29.904792584010579 ], [ 81.518876576392927, 29.904866958843115 ], [ 81.518887263936165, 29.904934584263685 ], [ 81.518897200545439, 29.905473645992004 ], [ 81.518776450372968, 29.905778646567342 ], [ 81.518738576324267, 29.905846459946247 ], [ 81.518682013464229, 29.905914333579688 ], [ 81.518287285729684, 29.906287183506777 ], [ 81.518171202139342, 29.90639683424655 ], [ 81.517905763640158, 29.906891833691247 ], [ 81.517724700434655, 29.907050458811682 ], [ 81.517675013790893, 29.907084520634157 ], [ 81.51760076396414, 29.907118647207881 ], [ 81.517206451716447, 29.907219395558684 ], [ 81.516838450933847, 29.907405834012081 ], [ 81.516808826366287, 29.90743977172815 ], [ 81.516699888788878, 29.907659021047039 ], [ 81.516621638777679, 29.90792327064247 ], [ 81.516637950680945, 29.908189334170459 ], [ 81.516684201914472, 29.908507208540868 ], [ 81.516833513655797, 29.9089645218952 ], [ 81.516840514877913, 29.909068272183049 ], [ 81.516829950541819, 29.909147209276341 ], [ 81.516711576378214, 29.909418396242017 ], [ 81.516651718402159, 29.909533381760184 ], [ 81.516475077163136, 29.90987270855868 ], [ 81.516107388445278, 29.910873396789896 ], [ 81.515796388492618, 29.911199458588214 ], [ 81.515490315026057, 29.9115152735111 ], [ 81.515366263442388, 29.911643272219294 ], [ 81.515073451378726, 29.912226396231233 ], [ 81.515050450318085, 29.912289708503295 ], [ 81.5150127633284, 29.912389020636851 ], [ 81.514965246748773, 29.912571575817594 ], [ 81.514814702036915, 29.913149958603753 ], [ 81.514362867352531, 29.91424274100973 ], [ 81.514314013480998, 29.91436089573881 ], [ 81.514241076664405, 29.914647708425036 ], [ 81.513910576711794, 29.915582834280428 ], [ 81.513779514013436, 29.916154020691579 ], [ 81.513805388408002, 29.916514834092368 ], [ 81.513827763540519, 29.916598208440632 ], [ 81.513874763909257, 29.916674710169787 ], [ 81.514328264138157, 29.917241397272733 ], [ 81.514383514887356, 29.917293084008691 ], [ 81.514439576825055, 29.917360520571606 ], [ 81.514636013041638, 29.917539968594724 ], [ 81.514641202129837, 29.917544708921241 ], [ 81.514696514032948, 29.917607647075329 ], [ 81.514740826328136, 29.917661583914992 ], [ 81.514958764435505, 29.917994583982932 ], [ 81.515361576175849, 29.918520833969353 ], [ 81.51541945204616, 29.918579271915917 ], [ 81.515474264825514, 29.918658021050874 ], [ 81.516456015133031, 29.919732397032533 ], [ 81.51648863893962, 29.919775084252763 ], [ 81.516516639331485, 29.919808834010553 ], [ 81.516684264866967, 29.920051771472117 ], [ 81.517412701335161, 29.92107533485887 ], [ 81.517601933082801, 29.921376319961269 ], [ 81.517810201679538, 29.921707585236902 ], [ 81.518012576119531, 29.92202708378295 ], [ 81.518285951135795, 29.922434271624411 ], [ 81.518509138585955, 29.922656709039927 ], [ 81.518642450488755, 29.922771208924189 ], [ 81.518665826566689, 29.922786895798652 ], [ 81.51877351498581, 29.922822645648637 ], [ 81.51882795094923, 29.922822396536446 ], [ 81.518891265019931, 29.92280633464469 ], [ 81.519027514108529, 29.922740397251573 ], [ 81.519400765133241, 29.922562959213224 ], [ 81.519432451846228, 29.922556083896211 ], [ 81.519486138674438, 29.922542271208897 ], [ 81.519730764163512, 29.922521084080813 ], [ 81.519958879898468, 29.922525231754094 ], [ 81.520342576548728, 29.92253220869452 ], [ 81.521401701827131, 29.922645271462159 ], [ 81.522408638547915, 29.922810521888152 ], [ 81.524467827028673, 29.923151958496135 ], [ 81.524965514546921, 29.923237958864775 ], [ 81.525138330969241, 29.923282545453162 ], [ 81.525430388501661, 29.923357896949426 ], [ 81.526140764784543, 29.923650584007305 ], [ 81.527282576429798, 29.923970833487203 ], [ 81.528125201616831, 29.924037396808444 ], [ 81.528195014188611, 29.924032584536178 ], [ 81.528302513750077, 29.924027647258185 ], [ 81.528723700438491, 29.923976333740882 ], [ 81.528758425960632, 29.923976183554089 ], [ 81.528810451741037, 29.923975958723588 ], [ 81.528899825466624, 29.923973333602532 ], [ 81.53010145102121, 29.92410389717719 ], [ 81.530475014110664, 29.924230959691101 ], [ 81.530807702113805, 29.924452897083597 ], [ 81.531589888362703, 29.925083583540584 ], [ 81.531704908954453, 29.925169317709901 ], [ 81.53212870187815, 29.925485209075191 ], [ 81.533220325957359, 29.925999645567231 ], [ 81.533395211719721, 29.926060417254519 ], [ 81.534221264200028, 29.926347459267902 ], [ 81.534983076307981, 29.926680458436465 ], [ 81.535206225087279, 29.926808646901577 ], [ 81.535992952013203, 29.927260584108694 ], [ 81.536338638817199, 29.927496022123762 ], [ 81.536413263661245, 29.927525020763142 ], [ 81.536483325345273, 29.927554084153712 ], [ 81.53670170142243, 29.927587021823626 ], [ 81.537032138422489, 29.927508958871385 ], [ 81.537438700335827, 29.927268146507799 ], [ 81.53761378934496, 29.927192158291518 ], [ 81.538435388382538, 29.926835584294849 ], [ 81.539120638506745, 29.926650020881823 ], [ 81.539538013868309, 29.926610021735144 ], [ 81.540846139837527, 29.92666552159659 ], [ 81.540953638499673, 29.926676397098106 ], [ 81.541056701705486, 29.926698459266561 ], [ 81.542156514111866, 29.927027834167291 ], [ 81.542170289027695, 29.927031799278154 ], [ 81.542604639992192, 29.927156833820902 ], [ 81.543075077153162, 29.927231583670675 ], [ 81.544028639110479, 29.927099083855694 ], [ 81.544287576410568, 29.926964896912523 ], [ 81.545232076798982, 29.926365522151173 ], [ 81.546094014027574, 29.925791270850539 ], [ 81.54728245102433, 29.925071271821764 ], [ 81.547947777567913, 29.924650774014083 ], [ 81.54957807666699, 29.923620395564853 ], [ 81.550663763421994, 29.923148897203873 ], [ 81.551009514077862, 29.92315652165621 ], [ 81.551157826672409, 29.923169395451282 ], [ 81.551312889578242, 29.92322739722664 ], [ 81.551872201341098, 29.923455146937556 ], [ 81.551960514765995, 29.92349764709877 ], [ 81.552048826392308, 29.92354914677577 ], [ 81.55280863840801, 29.924087333463717 ], [ 81.553323748492232, 29.924583711569085 ], [ 81.553626763364491, 29.924875708846912 ], [ 81.553717139834191, 29.924947458558393 ], [ 81.55380307635096, 29.925019272121745 ], [ 81.554919888642019, 29.925727333549673 ], [ 81.555705201833632, 29.926193208449888 ], [ 81.556618326674482, 29.926825458827921 ], [ 81.557174827156587, 29.927120896012582 ], [ 81.557317451539234, 29.927156333797825 ], [ 81.557505827132275, 29.92714877229804 ], [ 81.558110014165891, 29.926947709069566 ], [ 81.559136451785889, 29.926528271562518 ], [ 81.559140162388644, 29.926526562850654 ], [ 81.55967501439045, 29.926280208864625 ], [ 81.559758326685483, 29.926243771932604 ], [ 81.559855326662046, 29.926223020975669 ], [ 81.560598514709739, 29.926093584251589 ], [ 81.56067876391387, 29.926090959130534 ], [ 81.560755763867462, 29.926083896754506 ], [ 81.560987513762825, 29.926078396500827 ], [ 81.561259639620744, 29.926111021206736 ], [ 81.561367827163565, 29.92612639691572 ], [ 81.561433388640012, 29.926157646558181 ], [ 81.562171201439867, 29.926580835137486 ], [ 81.56256445068891, 29.926854396313388 ], [ 81.562617138370285, 29.92690152168791 ], [ 81.562686764782427, 29.92695983372937 ], [ 81.563679326739589, 29.928117334047784 ], [ 81.563952689165319, 29.928494144589138 ], [ 81.564155639171474, 29.928773896698033 ], [ 81.564282826691169, 29.928935771968327 ], [ 81.564366201039377, 29.929027896720129 ], [ 81.564557013795195, 29.929223333789878 ], [ 81.564596763829627, 29.929270522116951 ], [ 81.564650889527002, 29.929331209267957 ], [ 81.565105076837881, 29.929969834040662 ], [ 81.566085952105084, 29.930876959504133 ], [ 81.566602951664947, 29.931172458742026 ], [ 81.567214951109179, 29.93131195887986 ], [ 81.567366914051888, 29.931321266863051 ], [ 81.568005763655151, 29.931360397264598 ], [ 81.568925075831658, 29.931460208521855 ], [ 81.56902038868003, 29.931482333642862 ], [ 81.569109950363952, 29.931515834288348 ], [ 81.569746326831591, 29.931964209280864 ], [ 81.570331701846612, 29.932543646971794 ], [ 81.570388888836192, 29.932581708978717 ], [ 81.570462326575182, 29.932631021504505 ], [ 81.571233764126987, 29.933024708723394 ], [ 81.571294263319658, 29.933065021733398 ], [ 81.571354640204561, 29.933100833636615 ], [ 81.571504885442152, 29.933219438926017 ], [ 81.571647263410512, 29.933331833497391 ], [ 81.572006201724889, 29.933472458687049 ], [ 81.572191303785701, 29.933476386026427 ], [ 81.572890077015472, 29.933491208652413 ], [ 81.573005389886873, 29.933499709044384 ], [ 81.573105952078095, 29.933530833681061 ], [ 81.573617950508094, 29.933738396309991 ], [ 81.57451255471068, 29.934190220202538 ], [ 81.574866701437202, 29.934369083666354 ], [ 81.575404263995665, 29.93451108391946 ], [ 81.575685263464209, 29.934509833861796 ], [ 81.575764922713063, 29.934507635918692 ], [ 81.575780388354303, 29.93450720874074 ], [ 81.575874827061682, 29.934481958475658 ], [ 81.576267077163948, 29.934353896814912 ], [ 81.57662907677053, 29.934027522052531 ], [ 81.576728388904087, 29.933959396608941 ], [ 81.576844076792781, 29.933925083875579 ], [ 81.57719032567303, 29.933891959146649 ], [ 81.57833813849436, 29.933873397139621 ], [ 81.578909075793263, 29.933843833725973 ], [ 81.578997138307329, 29.933850209019965 ], [ 81.579066451755409, 29.933852209112217 ], [ 81.579351639366735, 29.933905083852608 ], [ 81.579435951707865, 29.933925020923027 ], [ 81.579512575744843, 29.93396977208738 ], [ 81.579741514359455, 29.934146959214843 ], [ 81.579805825778294, 29.934185021221822 ], [ 81.579861763609586, 29.9342276454895 ], [ 81.580332701692896, 29.934489521774083 ], [ 81.581155389809453, 29.935106146431565 ], [ 81.58121526397332, 29.935169083686333 ], [ 81.581283575576606, 29.935225146523351 ], [ 81.581542388770288, 29.935526271919969 ], [ 81.581982388376559, 29.935923584306011 ], [ 81.582033075965739, 29.935954896901023 ], [ 81.5820798883762, 29.935984021445506 ], [ 81.582437582928151, 29.936135685813326 ], [ 81.582506327105364, 29.936164833740122 ], [ 81.582567888397364, 29.936180395608801 ], [ 81.58264445038111, 29.936195771317841 ], [ 81.582728956975814, 29.936199990037551 ], [ 81.583018763505208, 29.936214459229973 ], [ 81.583082889663672, 29.936211959114701 ], [ 81.583151515130396, 29.93620939694614 ], [ 81.583654889061961, 29.936148521836856 ], [ 81.583749388923195, 29.936141333555724 ], [ 81.583862825808808, 29.936161146519737 ], [ 81.584293326775651, 29.936265208872328 ], [ 81.584372388874726, 29.936278396530838 ], [ 81.58446120142338, 29.936296083497496 ], [ 81.584899138884225, 29.936332459275604 ], [ 81.584982764143319, 29.936345646934114 ], [ 81.585045013416675, 29.936361146749562 ], [ 81.585604826101928, 29.936536833807907 ], [ 81.585791763679026, 29.936607384723061 ], [ 81.585994826100375, 29.936684020451253 ], [ 81.586058390182643, 29.936701834222333 ], [ 81.586134888314518, 29.936728458651487 ], [ 81.58669126469016, 29.9368635844869 ], [ 81.58693607543961, 29.936871521903242 ], [ 81.587024700929248, 29.936862146470958 ], [ 81.587079700767617, 29.936852833991168 ], [ 81.587242514030834, 29.936795772007315 ], [ 81.58812057700311, 29.936365521951302 ], [ 81.588228326576086, 29.93629952160569 ], [ 81.588303825561184, 29.936254147211173 ], [ 81.588495265144445, 29.936106708757677 ], [ 81.588563451741948, 29.936031958907847 ], [ 81.588619388673919, 29.935970770834444 ], [ 81.589534075637118, 29.934721583734131 ], [ 81.589829615344513, 29.934226818113189 ], [ 81.589962325600879, 29.934004646896994 ], [ 81.590212326337848, 29.933586208536724 ], [ 81.59059101466363, 29.933119895666721 ], [ 81.591346514430143, 29.932336020490993 ], [ 81.592190513781247, 29.931305896549929 ], [ 81.592496451450131, 29.930930084256033 ], [ 81.592823827157929, 29.930666958813163 ], [ 81.593063638576098, 29.930607145803208 ], [ 81.594027888975972, 29.930636710116119 ], [ 81.594955452432259, 29.930690208086673 ], [ 81.595877638842012, 29.930743395791126 ], [ 81.596817951986964, 29.931000833921416 ], [ 81.597781451452875, 29.931228708638059 ], [ 81.598250951520242, 29.931350645915643 ], [ 81.598464138509257, 29.931379084277353 ], [ 81.598678513502648, 29.931389333850746 ], [ 81.59922813866774, 29.931274083931896 ], [ 81.600241951604858, 29.931258209099099 ], [ 81.600629763552831, 29.931143646262342 ], [ 81.600834451948458, 29.930944209008089 ], [ 81.601010451970865, 29.930823833852912 ], [ 81.601265264080723, 29.930779833622466 ], [ 81.601579639189083, 29.930728771015993 ], [ 81.602322015148957, 29.930583271500836 ], [ 81.603024345197412, 29.93048181358489 ], [ 81.603208951731801, 29.930455145988276 ], [ 81.603395265179415, 29.930436271916449 ], [ 81.603569890138374, 29.930406146426549 ], [ 81.603865076412205, 29.930289770556499 ], [ 81.603892888845792, 29.930282834085574 ], [ 81.604323513919098, 29.930186146173753 ], [ 81.604423764045521, 29.930165396116195 ], [ 81.604513951657623, 29.93020333491603 ], [ 81.604616826905101, 29.930297583866434 ], [ 81.604861201483345, 29.930670833991826 ], [ 81.605058764550392, 29.930900083771917 ], [ 81.605206514169367, 29.931027959272967 ], [ 81.605812013313823, 29.931478585268565 ], [ 81.606230451674037, 29.931821771957289 ], [ 81.606578389481172, 29.932081834309258 ], [ 81.606957076907634, 29.932497396637586 ], [ 81.60708045220116, 29.932875771099987 ], [ 81.607355951416082, 29.933991022168016 ], [ 81.60746401395312, 29.934626645903052 ], [ 81.607487827101579, 29.934928770446447 ], [ 81.607486242496179, 29.935030444199697 ], [ 81.60747201342275, 29.935943895494461 ], [ 81.607542263964376, 29.936636084787551 ], [ 81.60766663840468, 29.937070834151712 ], [ 81.607789451621954, 29.937246209145314 ], [ 81.608258076648951, 29.937647834679865 ], [ 81.609120377203681, 29.938362766928208 ], [ 81.60942688864003, 29.938616895553366 ], [ 81.610342013573131, 29.939496833612054 ], [ 81.610828951494966, 29.939923146436115 ], [ 81.611376451562023, 29.940304083966339 ], [ 81.611760890152993, 29.940476021751067 ], [ 81.612012076196436, 29.940583085141327 ], [ 81.61267038892737, 29.940965771852916 ], [ 81.613178888994582, 29.9413152717824 ], [ 81.613554202164778, 29.941701521607968 ], [ 81.613790140202866, 29.942054520799559 ], [ 81.614031758359033, 29.942454705620207 ], [ 81.614128325761669, 29.942614646448817 ], [ 81.614181888483415, 29.942686584118633 ], [ 81.614689076439788, 29.943241333620676 ], [ 81.615024263658881, 29.942883397151093 ], [ 81.615104701720668, 29.942808583449391 ], [ 81.615232950440372, 29.942710958444025 ], [ 81.615336826633325, 29.942640583795935 ], [ 81.615784451591253, 29.94246027062502 ], [ 81.616175263677519, 29.942196771064175 ], [ 81.61671201504754, 29.94167777231138 ], [ 81.617362764480049, 29.94104308387125 ], [ 81.617667363957764, 29.94060711502641 ], [ 81.617724764086631, 29.940524959259506 ], [ 81.61812038934454, 29.940107958915235 ], [ 81.618791576769922, 29.93943039619586 ], [ 81.619240576791242, 29.9390583340749 ], [ 81.619782951621971, 29.938816708724175 ], [ 81.620444763615012, 29.93851133493024 ], [ 81.621108576599568, 29.938424771585971 ], [ 81.621455763472738, 29.938662208793971 ], [ 81.621570557435348, 29.938807776657598 ], [ 81.621735763794504, 29.939017271929629 ], [ 81.622026514612003, 29.939225708699553 ], [ 81.622193265107171, 29.939285771721018 ], [ 81.622872326097024, 29.939451772181599 ], [ 81.623246014192262, 29.939474835295471 ], [ 81.624150701593635, 29.939290083970263 ], [ 81.625172701958661, 29.938910771514941 ], [ 81.625807888623228, 29.938702521803975 ], [ 81.626427370426882, 29.938532154235588 ], [ 81.626567389473507, 29.938493647064206 ], [ 81.627672639181014, 29.938283147249479 ], [ 81.628413952142239, 29.93837658411212 ], [ 81.629149201874213, 29.93873389645222 ], [ 81.62915161835258, 29.938735333568843 ], [ 81.629913514097439, 29.939188208768883 ], [ 81.630592451880204, 29.939446646945271 ], [ 81.631272326756516, 29.939653146575495 ], [ 81.632221388506309, 29.939937335040042 ], [ 81.632983014454624, 29.939944958593003 ], [ 81.634224983596198, 29.94012104854761 ], [ 81.634229201416588, 29.940121646596765 ], [ 81.63477820155282, 29.940204771832782 ], [ 81.635768140187565, 29.940594708878791 ], [ 81.636239701501097, 29.940833772060955 ], [ 81.63669126459024, 29.941176708738169 ], [ 81.637193201405182, 29.941697646429304 ], [ 81.638002451851719, 29.942692958513248 ], [ 81.638285575518978, 29.943226146769291 ], [ 81.638372247681161, 29.943451114877121 ], [ 81.638408763753489, 29.943545896226169 ], [ 81.638638138539307, 29.943975584205873 ], [ 81.638707076070773, 29.944130896223953 ], [ 81.638723076808617, 29.944302271932372 ], [ 81.638702826774079, 29.944473770847878 ], [ 81.638715576462744, 29.944649646763821 ], [ 81.638755888573428, 29.944773522080425 ], [ 81.638952950718135, 29.944907896981931 ], [ 81.639008825596875, 29.944939208677567 ], [ 81.639068575654278, 29.944966021964376 ], [ 81.639316513346444, 29.945052771468283 ], [ 81.639685890091812, 29.94520433421269 ], [ 81.640677023925548, 29.945695239943404 ], [ 81.640935138346038, 29.945823083968207 ], [ 81.641913013474834, 29.94624014726503 ], [ 81.642996201913263, 29.94682583344553 ], [ 81.643615013721956, 29.947190522025039 ], [ 81.644022886846813, 29.947409589680888 ], [ 81.644243389820645, 29.947528022300446 ], [ 81.644938076531048, 29.947802083499425 ], [ 81.645618888500962, 29.947945333810139 ], [ 81.646623139846099, 29.948120895862701 ], [ 81.647425764987133, 29.9481665841206 ], [ 81.648088952043565, 29.947982833740809 ], [ 81.648734077116046, 29.947607520570671 ], [ 81.64925763902886, 29.947264334781266 ], [ 81.64972939009931, 29.947009333813753 ], [ 81.650046076465287, 29.946816145948446 ], [ 81.650524576947703, 29.946414459259927 ], [ 81.650864514385887, 29.946013521706732 ], [ 81.651263826864181, 29.945677709458778 ], [ 81.651414022639074, 29.945542317424042 ], [ 81.652446388590022, 29.944611708863306 ], [ 81.652682888704419, 29.944425584273347 ], [ 81.652704638808075, 29.944402897076088 ], [ 81.652727201898927, 29.944382522035824 ], [ 81.653026638368715, 29.944026896823857 ], [ 81.653049138507015, 29.944006458831041 ], [ 81.653469639012712, 29.943645770436035 ], [ 81.653989638710925, 29.943358958649071 ], [ 81.654491576425187, 29.943070021764129 ], [ 81.654865764543445, 29.942865147208806 ], [ 81.654918076308206, 29.942844584210263 ], [ 81.655386763388492, 29.94272045888215 ], [ 81.656105640063288, 29.942737146702029 ], [ 81.656160014872853, 29.942743584049197 ], [ 81.656593950350612, 29.942852021603585 ], [ 81.657178202112391, 29.942977709054105 ], [ 81.657205451570405, 29.942986646516601 ], [ 81.657341960563087, 29.943060880155542 ], [ 81.657714951683715, 29.943263709652513 ], [ 81.657750075605577, 29.943279334473743 ], [ 81.657787014359258, 29.94329045908745 ], [ 81.658395826606181, 29.94341370847593 ], [ 81.658441201900018, 29.943420271728201 ], [ 81.658482576110032, 29.943422333873684 ], [ 81.659139825842374, 29.943410022154865 ], [ 81.659176701643503, 29.943405271935831 ], [ 81.659211638506349, 29.943400645823203 ], [ 81.659605263672063, 29.943297146446184 ], [ 81.660437826344662, 29.942977209031028 ], [ 81.661241826549087, 29.9427475842337 ], [ 81.6621928263379, 29.942223958468958 ], [ 81.662499104849871, 29.941980398676492 ], [ 81.662729389749586, 29.941797270627603 ], [ 81.663184764165578, 29.941533333996233 ], [ 81.663501763495674, 29.941387333558623 ], [ 81.66386138979135, 29.941335896834232 ], [ 81.664274580607469, 29.941244328762821 ], [ 81.664475638440024, 29.941199771852041 ], [ 81.66501113885306, 29.941201584885277 ], [ 81.665780513360062, 29.940825458728 ], [ 81.665893747898224, 29.940760694950143 ], [ 81.666325577163718, 29.940513708740696 ], [ 81.666946952040234, 29.940296271555724 ], [ 81.667161389986234, 29.940306459075885 ], [ 81.667650617582012, 29.940521460896775 ], [ 81.667841326915777, 29.940605272315509 ], [ 81.668617451734065, 29.940853959142942 ], [ 81.669232202204398, 29.940992959257699 ], [ 81.669656014913187, 29.940945708877393 ], [ 81.670278013919244, 29.940809458889476 ], [ 81.67095359003622, 29.94064986879647 ], [ 81.6710098264424, 29.940636584011202 ], [ 81.671459451492524, 29.940575646848686 ], [ 81.671973951836492, 29.940735396121681 ], [ 81.672515576632634, 29.940689771715654 ], [ 81.673010576976594, 29.940917333468235 ], [ 81.673686888738985, 29.941342459187183 ], [ 81.673807522898926, 29.941425309230681 ], [ 81.674798576693036, 29.942105958423269 ], [ 81.675248888825195, 29.942435209217592 ], [ 81.675670638489237, 29.942660896783025 ], [ 81.676377575764548, 29.943203146607971 ], [ 81.677219013846468, 29.943728895672052 ], [ 81.677960201801909, 29.943982270665288 ], [ 81.678683888950388, 29.944136396477575 ], [ 81.679194640020683, 29.944305147064938 ], [ 81.679746451437666, 29.944509833661925 ], [ 81.680408454086944, 29.944776022195697 ], [ 81.680676890026518, 29.944883958827688 ], [ 81.681411764741199, 29.945247833520739 ], [ 81.682475076363744, 29.945919021845441 ], [ 81.683290202081196, 29.946372709133243 ], [ 81.68365070161866, 29.946632521473759 ], [ 81.68424013887136, 29.946940709246405 ], [ 81.684904638938008, 29.947144771713909 ], [ 81.685628139926791, 29.947648521562087 ], [ 81.686210576856695, 29.948065083936513 ], [ 81.686278817413552, 29.94812076276304 ], [ 81.686727014340306, 29.948486458583261 ], [ 81.687132390047793, 29.948678333438409 ], [ 81.687587263541445, 29.948818020635201 ], [ 81.688060076711224, 29.948923833967797 ], [ 81.688533326951529, 29.949090520611094 ], [ 81.689163451332263, 29.94928345846489 ], [ 81.689593326370982, 29.949087272259874 ], [ 81.690346826944563, 29.948670521927113 ], [ 81.691042132388532, 29.948115033182262 ], [ 81.69139270161196, 29.947834959116108 ], [ 81.691939263686152, 29.947468958425759 ], [ 81.692190451528177, 29.947269147053532 ], [ 81.692414389012924, 29.947071708992212 ], [ 81.692858451756194, 29.946670145510836 ], [ 81.693407701903993, 29.946306333770337 ], [ 81.693917951152571, 29.945845771165466 ], [ 81.694256576479859, 29.945471833958038 ], [ 81.694561264990455, 29.945240147015227 ], [ 81.69493595133315, 29.945019333775292 ], [ 81.695390888678617, 29.944789146901655 ], [ 81.696031576496125, 29.944363960028795 ], [ 81.696720388834933, 29.943974584159776 ], [ 81.697333575384278, 29.943599146883173 ], [ 81.697997761587487, 29.943139802859662 ], [ 81.698056640201855, 29.94309908425538 ], [ 81.698648701676291, 29.94267414649471 ], [ 81.699301827117665, 29.942081959115171 ], [ 81.699740575767009, 29.941488708736983 ], [ 81.699903451083458, 29.941077270699509 ], [ 81.700025140148171, 29.940607458567399 ], [ 81.700046514335213, 29.940541509483126 ], [ 81.700072014611862, 29.940462834092557 ], [ 81.700102780419058, 29.940410628447808 ], [ 81.700152014703747, 29.940327084127659 ], [ 81.700334326168274, 29.940008083806049 ], [ 81.700507951980455, 29.939472584292389 ], [ 81.700669390180281, 29.939126583625011 ], [ 81.700804890133611, 29.938688271146873 ], [ 81.700782202037033, 29.937953083468074 ], [ 81.700704889119379, 29.937360271959051 ], [ 81.700655764551925, 29.937180083793862 ], [ 81.700578826651565, 29.936923333644984 ], [ 81.700441951634843, 29.936606022250203 ], [ 81.700408264829605, 29.936513708640803 ], [ 81.70037770136986, 29.936403333946771 ], [ 81.700324013642387, 29.936044959507342 ], [ 81.700264638602221, 29.935880647074271 ], [ 81.700177577033628, 29.935750270558572 ], [ 81.699941260380911, 29.9355366626869 ], [ 81.699817889583983, 29.935425145853856 ], [ 81.699563826609392, 29.93501814597073 ], [ 81.699408076621523, 29.934500209317264 ], [ 81.699307388525199, 29.933995521476163 ], [ 81.699318764949112, 29.933584833473333 ], [ 81.699411826794403, 29.933090459057496 ], [ 81.699273139643765, 29.932610708517416 ], [ 81.699205638329602, 29.932216334216491 ], [ 81.699137826749336, 29.931783584045206 ], [ 81.699287388502228, 29.93150089564989 ], [ 81.700091576664988, 29.931045459180666 ], [ 81.700859326996408, 29.930664708709401 ], [ 81.701378441761733, 29.930505102428583 ], [ 81.701598451907103, 29.930437459021562 ], [ 81.702088577026245, 29.930261146035093 ], [ 81.702628014671177, 29.93008914709651 ], [ 81.703166513423923, 29.929786271619207 ], [ 81.704330952011901, 29.929383021908961 ], [ 81.705107326841699, 29.929117209291803 ], [ 81.705367975551667, 29.928970527168133 ], [ 81.705516138858798, 29.92888714652463 ], [ 81.706626514701952, 29.928524896906538 ], [ 81.707202451332137, 29.928390959075557 ], [ 81.707824952159854, 29.928157584105293 ], [ 81.708308889943396, 29.927931584475118 ], [ 81.709185514000353, 29.927748772088194 ], [ 81.709197755572006, 29.927746291758012 ], [ 81.709906326915529, 29.927602771650641 ], [ 81.710295014803137, 29.927544270751525 ], [ 81.710666701906803, 29.927463333566038 ], [ 81.710807514155533, 29.927417397095269 ], [ 81.71090951436264, 29.927374021893627 ], [ 81.710990201536617, 29.927335271006029 ], [ 81.711112514730814, 29.927239897003687 ], [ 81.711243138560064, 29.927124147061761 ], [ 81.711457576506007, 29.92687939656696 ], [ 81.711580826793806, 29.926632833938186 ], [ 81.711691451499348, 29.926350271447916 ], [ 81.711711951545396, 29.926142645866491 ], [ 81.711719389838038, 29.925912521945406 ], [ 81.711684890045717, 29.925427772074102 ], [ 81.711700014843871, 29.924730708455456 ], [ 81.711669575490589, 29.92445564721038 ], [ 81.711591703194586, 29.924315301709839 ], [ 81.711426264810314, 29.924017145874643 ], [ 81.711401950739514, 29.92369695844792 ], [ 81.711363576667793, 29.923304709244974 ], [ 81.71141763851324, 29.922794647055355 ], [ 81.711585452007057, 29.922096709295772 ], [ 81.711637002046075, 29.92151589744077 ], [ 81.71166576506306, 29.921191833936064 ], [ 81.711666350521739, 29.920957635186767 ], [ 81.711668451338028, 29.920118083882528 ], [ 81.711688326355215, 29.919817958532008 ], [ 81.711810388638582, 29.919316583793375 ], [ 81.711833861843331, 29.91923604770551 ], [ 81.711919702132604, 29.918941520634746 ], [ 81.712055952120579, 29.918437771685888 ], [ 81.712428515163879, 29.917571897225343 ], [ 81.712498763906865, 29.916800083756925 ], [ 81.712469701415671, 29.916358146111577 ], [ 81.71249482667497, 29.915976770611508 ], [ 81.712622327158726, 29.915610646714015 ], [ 81.71270263841609, 29.915066646808327 ], [ 81.712698041081808, 29.91505186645054 ], [ 81.712591951657316, 29.914710833638139 ], [ 81.712549888566571, 29.914530584319039 ], [ 81.712589138577925, 29.914313834216102 ], [ 81.712807388750036, 29.914051020837974 ], [ 81.713056888564608, 29.913821834010491 ], [ 81.713846041861416, 29.913019582088111 ], [ 81.714359576333436, 29.912497522043054 ], [ 81.714725014048213, 29.912269958491834 ], [ 81.715304700851334, 29.911682709289664 ], [ 81.715842388415524, 29.911379708806578 ], [ 81.716357485909327, 29.91097810845298 ], [ 81.716573638862428, 29.910809583595437 ], [ 81.716895265204357, 29.910525834000111 ], [ 81.717067389148724, 29.910335459214139 ], [ 81.717163702043251, 29.91012514645837 ], [ 81.717323451316304, 29.909939333933153 ], [ 81.717545826678588, 29.909635833427046 ], [ 81.717805951083847, 29.909429146737807 ], [ 81.718017200933161, 29.909371646784109 ], [ 81.718191514726698, 29.909487958802288 ], [ 81.718435576340823, 29.909856584613749 ], [ 81.7186395138026, 29.910040396147394 ], [ 81.718892139660568, 29.910156334047656 ], [ 81.71934726406505, 29.910343334577306 ], [ 81.719542577028392, 29.910398646480417 ], [ 81.72022546193557, 29.910655565701859 ], [ 81.720777701429824, 29.910863334275518 ], [ 81.721545905019582, 29.9109946586766 ], [ 81.721621513721914, 29.911007583733067 ], [ 81.722877139968091, 29.911341333835537 ], [ 81.723016584347931, 29.911410605015476 ], [ 81.723398138813138, 29.911600146129899 ], [ 81.724988826373306, 29.91189364617486 ], [ 81.725189282559427, 29.91192269157898 ], [ 81.726113764039042, 29.912056646497092 ], [ 81.726298455109657, 29.912093358621632 ], [ 81.727217701635652, 29.912276083774316 ], [ 81.728364014387807, 29.912346458422348 ], [ 81.728730577154465, 29.912288083428336 ], [ 81.729821688620063, 29.911916044689747 ], [ 81.730304201877459, 29.911751521815347 ], [ 81.730918888495978, 29.911540646983326 ], [ 81.731003817772034, 29.91152830198962 ], [ 81.731564263579969, 29.911446834204071 ], [ 81.731715826324375, 29.911376021586193 ], [ 81.731935014489409, 29.911246271897994 ], [ 81.732409701846336, 29.911194022186407 ], [ 81.732795639607161, 29.91102270853122 ], [ 81.733139701336199, 29.910813270815822 ], [ 81.733459576698181, 29.91020920878799 ], [ 81.733698263963788, 29.90974545898581 ], [ 81.733757022968291, 29.909595500631895 ], [ 81.733869201702362, 29.909309208653099 ], [ 81.734118263547089, 29.908757459289347 ], [ 81.734243263915573, 29.90850183419235 ], [ 81.734418138886042, 29.908338458852825 ], [ 81.734697764190514, 29.908167772025138 ], [ 81.735193264557552, 29.907939395486778 ], [ 81.735754451406876, 29.907767146536628 ], [ 81.736143326353499, 29.907746895602827 ], [ 81.737170326949069, 29.90779758409127 ], [ 81.737490375880213, 29.90788987701626 ], [ 81.738167952089384, 29.908085271817868 ], [ 81.73870695176447, 29.90814533394007 ], [ 81.739492264956141, 29.908251458438087 ], [ 81.740070326684304, 29.908345209164111 ], [ 81.74067282658973, 29.908319271816993 ], [ 81.741059889402436, 29.908235896569408 ], [ 81.741645638535431, 29.9080543971927 ], [ 81.742313888775016, 29.907825083560795 ], [ 81.742546450758141, 29.907750512676046 ], [ 81.743208951631857, 29.907538083815552 ], [ 81.743639826716674, 29.907420645846173 ], [ 81.744022764339149, 29.907301208683862 ], [ 81.74441895167331, 29.907312459202672 ], [ 81.744981575639258, 29.907584522108039 ], [ 81.745452689090371, 29.907889970545739 ], [ 81.745871327100133, 29.908161396731145 ], [ 81.746608888989101, 29.908459521989414 ], [ 81.747755326746983, 29.908640209278303 ], [ 81.748252577194762, 29.908657709186002 ], [ 81.74869607696246, 29.90850183419235 ], [ 81.749136263627747, 29.908332395623631 ], [ 81.74973543604159, 29.908156812886659 ], [ 81.749999826830617, 29.908079334493721 ], [ 81.750257343201895, 29.90818933057318 ], [ 81.751000515061776, 29.9085067714704 ], [ 81.751982576534715, 29.908785333776166 ], [ 81.752801638584799, 29.9090672091844 ], [ 81.754024077149495, 29.908773709139439 ], [ 81.755002451402049, 29.908556083996132 ], [ 81.755006469572947, 29.908555360941193 ], [ 81.755818265100913, 29.908409334423311 ], [ 81.756799263575203, 29.908545770570925 ], [ 81.757618825648365, 29.908897458550939 ], [ 81.758685202160393, 29.909529708928972 ], [ 81.759138277909244, 29.910141299181646 ], [ 81.759262575907201, 29.910309083897175 ], [ 81.760167014196384, 29.911086520826302 ], [ 81.761149701597503, 29.911437271712771 ], [ 81.762050764731043, 29.911858395448633 ], [ 81.763201451785619, 29.911682710188984 ], [ 81.763607763687389, 29.91239064571181 ], [ 81.763932451321637, 29.912276083774316 ], [ 81.764417014133926, 29.911560459048019 ], [ 81.765155586860885, 29.911144682681027 ], [ 81.765311639020979, 29.911056834205567 ], [ 81.765744959362451, 29.910967634948463 ], [ 81.766371576387201, 29.910838646986008 ], [ 81.766778408097139, 29.91063833828872 ], [ 81.767104139844264, 29.910477958590945 ], [ 81.768081389944257, 29.910115896931131 ], [ 81.768724362939054, 29.910066250756927 ], [ 81.76906082719546, 29.910040272040987 ], [ 81.769826827446195, 29.909834268836505 ], [ 81.76987538993734, 29.909821208881738 ], [ 81.7711800768991, 29.90952939596491 ], [ 81.772323138602019, 29.909522708606175 ], [ 81.773466764179886, 29.909585958825005 ], [ 81.774612138939119, 29.909793521453878 ], [ 81.77515890695804, 29.910263970306062 ], [ 81.775187513492995, 29.910288583851127 ], [ 81.776335576325835, 29.910922459304118 ], [ 81.77715470132847, 29.911201833697703 ], [ 81.778706201829834, 29.911192709176248 ], [ 81.780012451813263, 29.911184958818865 ], [ 81.780338764522412, 29.911110833997839 ], [ 81.781787764793592, 29.911068458842351 ], [ 81.781799448785591, 29.910975621827561 ], [ 81.781859076535227, 29.910501833792637 ], [ 81.782055576603625, 29.90997514673569 ], [ 81.782372701838767, 29.909553709136446 ], [ 81.782730888319918, 29.909168147292235 ], [ 81.783410889101333, 29.908954271422544 ], [ 81.783849701602492, 29.908708084710383 ], [ 81.784450576433017, 29.908564646441334 ], [ 81.785133263489399, 29.908700458459464 ], [ 81.785656765147678, 29.909010897235191 ], [ 81.786183638364264, 29.909670896194939 ], [ 81.786547201891892, 29.910054458846275 ], [ 81.787159958565269, 29.910278240748255 ], [ 81.787391765117945, 29.910362896630431 ], [ 81.788032764100819, 29.910219334254919 ], [ 81.78881289000293, 29.909986770473154 ], [ 81.789413638928352, 29.909915521684013 ], [ 81.789973201602038, 29.909702333795735 ], [ 81.790494326352132, 29.90962933402659 ], [ 81.790892513778545, 29.909311146692119 ], [ 81.79137101516028, 29.908924833914 ], [ 81.79188932683104, 29.908572146787208 ], [ 81.791954285761733, 29.908463649877604 ], [ 81.79224582708332, 29.907976709257753 ], [ 81.792681513541083, 29.907344771843782 ], [ 81.792917951602249, 29.906783960011808 ], [ 81.793557701426835, 29.906570334153628 ], [ 81.794037076949621, 29.906287770764038 ], [ 81.79447588855146, 29.906041521998702 ], [ 81.795035390071234, 29.905828396163599 ], [ 81.795755514105736, 29.905544395657387 ], [ 81.796432889766095, 29.905016958565852 ], [ 81.796991264435349, 29.904663958474941 ], [ 81.797589202080076, 29.904240771694333 ], [ 81.798308139908784, 29.903816896032993 ], [ 81.798940714942091, 29.903404517304693 ], [ 81.799066013885465, 29.903322833681898 ], [ 81.79932398531372, 29.903066838064149 ], [ 81.799324131903234, 29.903066695071971 ], [ 81.799383889155195, 29.903007396474209 ], [ 81.799389201450538, 29.903003264089421 ], [ 81.799722889499833, 29.902743708955029 ], [ 81.800120451897385, 29.902355584042994 ], [ 81.800719888711967, 29.902038395855357 ], [ 81.801037451916955, 29.901686833780388 ], [ 81.801115451916644, 29.901406645500344 ], [ 81.801152514776788, 29.901022959641921 ], [ 81.801350076944573, 29.90063608478755 ], [ 81.801146389494363, 29.90025383514643 ], [ 81.800861951917625, 29.899732271527171 ], [ 81.800834080128766, 29.899693338077157 ], [ 81.800537263384058, 29.899278709245095 ], [ 81.800373138909265, 29.898826209961669 ], [ 81.800368701654293, 29.89826689729955 ], [ 81.800381093412796, 29.898193492835503 ], [ 81.800445326590591, 29.897813022053356 ], [ 81.800602451641907, 29.897392521547658 ], [ 81.800719763706184, 29.897008333867575 ], [ 81.800556763384009, 29.896693583741921 ], [ 81.80035470190802, 29.896521084780318 ], [ 81.799873888369291, 29.896524021066796 ], [ 81.799232451416572, 29.896597833823023 ], [ 81.798592451580419, 29.896775396867099 ], [ 81.798487575341369, 29.896808996438097 ], [ 81.798032763901006, 29.896954709092597 ], [ 81.797551202126328, 29.896957647177715 ], [ 81.796987640167515, 29.896645272161606 ], [ 81.796424638486315, 29.89640502187433 ], [ 81.795620764186992, 29.896164021552408 ], [ 81.795455263749488, 29.895537958510033 ], [ 81.795832889975941, 29.895168020587732 ], [ 81.796227763400623, 29.894362647118498 ], [ 81.796505014494869, 29.893905333764167 ], [ 81.796661263606495, 29.893451020548184 ], [ 81.796857701621718, 29.892926458589216 ], [ 81.797094576753352, 29.892435583435486 ], [ 81.797120163364923, 29.892402758180822 ], [ 81.797451389969751, 29.891977833909948 ], [ 81.797807015181661, 29.891278646992021 ], [ 81.797923390152391, 29.890788520973501 ], [ 81.798161389436643, 29.890437458921667 ], [ 81.798158575457933, 29.890087833986399 ], [ 81.79804055562721, 29.88988561512906 ], [ 81.797995889898459, 29.889809083722298 ], [ 81.797752076497204, 29.88942714704524 ], [ 81.797750388469694, 29.88921739546646 ], [ 81.798067764615723, 29.888762146955571 ], [ 81.798322763784597, 29.888113146704427 ], [ 81.798400969729016, 29.887661964028496 ], [ 81.798437826644431, 29.887449333719815 ], [ 81.798514763645471, 29.887029271183962 ], [ 81.798551514440874, 29.886609521612172 ], [ 81.798548201338463, 29.886190022051949 ], [ 81.798471776950976, 29.886048613552703 ], [ 81.798329452042651, 29.885785272272528 ], [ 81.79830388881345, 29.885738083945455 ], [ 81.798258701477948, 29.885109083717282 ], [ 81.798174389136818, 29.884516334261491 ], [ 81.798167951789594, 29.883711083999401 ], [ 81.798041701363502, 29.882978771453168 ], [ 81.797835888815257, 29.882316896507632 ], [ 81.798129451812827, 29.881390333996762 ], [ 81.798165076657028, 29.880830709269844 ], [ 81.798440264706528, 29.880199708949476 ], [ 81.798480926653497, 29.880034838037375 ], [ 81.798595701730335, 29.879569458663639 ], [ 81.798873576954065, 29.879184333889953 ], [ 81.799030264934856, 29.87879764699386 ], [ 81.79894788973337, 29.878450771286111 ], [ 81.798662640068869, 29.877893083698893 ], [ 81.79848024316874, 29.877448932822062 ], [ 81.79837620150056, 29.877195583909099 ], [ 81.79848008398875, 29.876847180253208 ], [ 81.798532514464057, 29.876671334014929 ], [ 81.798769576654706, 29.876214271571428 ], [ 81.798928201775141, 29.875969709034905 ], [ 81.798845389503185, 29.875654396832999 ], [ 81.798479661307397, 29.875251879170946 ], [ 81.798278763554151, 29.875030770953344 ], [ 81.798479417591125, 29.87432731315505 ], [ 81.798493388559109, 29.874278334277733 ], [ 81.798527640138559, 29.873542833634929 ], [ 81.798478638778192, 29.873182466297806 ], [ 81.798442450958419, 29.872916333522028 ], [ 81.798476621598866, 29.872696923224453 ], [ 81.798518763829918, 29.872426334307931 ], [ 81.798474957853102, 29.872296148448527 ], [ 81.798354389343672, 29.87193783426369 ], [ 81.798151014857524, 29.871589458486767 ], [ 81.798148513842875, 29.871275959318098 ], [ 81.798263326691256, 29.870576021466263 ], [ 81.798178639332775, 29.870017146773932 ], [ 81.798132701962686, 29.869284334204735 ], [ 81.798348287443559, 29.868509917198992 ], [ 81.798366701961811, 29.868443772062506 ], [ 81.798539826851595, 29.867517958686904 ], [ 81.798534514556252, 29.866852645633116 ], [ 81.798251514096137, 29.86657458424969 ], [ 81.798004645697915, 29.86632095294965 ], [ 81.797847701410376, 29.866159709003398 ], [ 81.79756188877019, 29.865532083838673 ], [ 81.797397326325608, 29.865009834036641 ], [ 81.797311764826134, 29.864344896000205 ], [ 81.796986265104124, 29.863683709035968 ], [ 81.796581826490183, 29.863266646638465 ], [ 81.796377389904706, 29.86277839660579 ], [ 81.796413889789221, 29.862324770471844 ], [ 81.796730077031498, 29.861729646805827 ], [ 81.796939469780739, 29.861411712180825 ], [ 81.797007513386063, 29.861308397164862 ], [ 81.797080514953848, 29.860398958645078 ], [ 81.796816014447586, 29.859929146512968 ], [ 81.796489889696716, 29.859267958649411 ], [ 81.796015315654358, 29.858688657655478 ], [ 81.796004451844055, 29.858675396252579 ], [ 81.795400451869398, 29.858295583774236 ], [ 81.794835576900425, 29.857879395517728 ], [ 81.794833076785096, 29.857565895449738 ], [ 81.794869576669669, 29.857110021910046 ], [ 81.794864543164181, 29.856474227303806 ], [ 81.794864326427557, 29.856446896906846 ], [ 81.794738201906569, 29.855714583461292 ], [ 81.794337999099412, 29.85528502588329 ], [ 81.794253389082712, 29.855194208745786 ], [ 81.793888763455755, 29.854740770570174 ], [ 81.793565014713693, 29.854289397237949 ], [ 81.793360576329576, 29.853801084252666 ], [ 81.79339688915519, 29.853311397103369 ], [ 81.79389213951066, 29.852627209078491 ], [ 81.794529989967145, 29.852006499700281 ], [ 81.794687513418069, 29.851853208458863 ], [ 81.795003701559665, 29.851258083893526 ], [ 81.79567876506303, 29.850484834207805 ], [ 81.795793577012034, 29.849787145560356 ], [ 81.796026701970789, 29.848840645979067 ], [ 81.795862701602459, 29.848388270802104 ], [ 81.795215576437784, 29.847622958532781 ], [ 81.794798680414829, 29.847504624838621 ], [ 81.794733139622736, 29.847486020563451 ], [ 81.794571076394107, 29.847277270829409 ], [ 81.793964077180476, 29.846513958652338 ], [ 81.793819246760904, 29.846231973526812 ], [ 81.793740014690002, 29.846077709218946 ], [ 81.79360612452308, 29.845997136258859 ], [ 81.79293470147536, 29.845593083454105 ], [ 81.792571951834191, 29.845281708484094 ], [ 81.792120263739264, 29.845016021772039 ], [ 81.792063576772705, 29.844962271991335 ], [ 81.791563639150695, 29.844484770655697 ], [ 81.791247124555184, 29.843823732978933 ], [ 81.790999327157294, 29.843306209114303 ], [ 81.789017014523665, 29.842361645773394 ], [ 81.788989077084295, 29.842350522059007 ], [ 81.786193557886463, 29.841200610220028 ], [ 81.786178451974024, 29.841194395904722 ], [ 81.786137513935159, 29.841174333828519 ], [ 81.786136517486341, 29.841173823912868 ], [ 81.785865495995893, 29.841035027044938 ], [ 81.784988013985696, 29.84058564571103 ], [ 81.784928888957097, 29.840554459021121 ], [ 81.784130576964628, 29.8401305842591 ], [ 81.784083825708024, 29.840106084028605 ], [ 81.783199202181493, 29.839644397271172 ], [ 81.783159577152844, 29.839619834088126 ], [ 81.782650639115786, 29.839309334158486 ], [ 81.78259539016517, 29.839275771459711 ], [ 81.782790701329873, 29.8390197704461 ], [ 81.782874514547245, 29.838820772061013 ], [ 81.782969763543804, 29.83859239552271 ], [ 81.783480888732072, 29.838435958452749 ], [ 81.78400750384327, 29.838141345047063 ], [ 81.784238888613856, 29.83801189663177 ], [ 81.784399013803522, 29.837977145928619 ], [ 81.784677014033036, 29.837625833865218 ], [ 81.784770326789214, 29.837397459125498 ], [ 81.784831826927302, 29.837239209022357 ], [ 81.784928576892355, 29.836870897074277 ], [ 81.784987889879289, 29.836435271770426 ], [ 81.784896888380729, 29.834969646631919 ], [ 81.784910722651773, 29.834767617531554 ], [ 81.78493289004092, 29.834443896668574 ], [ 81.785000853606562, 29.833890225453615 ], [ 81.785083076822616, 29.833220396004549 ], [ 81.785066076937937, 29.832627829111061 ], [ 81.78505551350122, 29.832259645766101 ], [ 81.785053013385891, 29.831946145698112 ], [ 81.78504838997128, 29.831352959171795 ], [ 81.785080541633761, 29.831177428595481 ], [ 81.78520226487268, 29.830512897052586 ], [ 81.785079451655406, 29.830197833962927 ], [ 81.785055170859494, 29.829964069586197 ], [ 81.785036138507053, 29.829780833618599 ], [ 81.785033388380214, 29.829431208683388 ], [ 81.785033263374487, 29.829415205247585 ], [ 81.785027076938093, 29.828625959320618 ], [ 81.78496817943801, 29.828298036825004 ], [ 81.784902014516433, 29.827929646635937 ], [ 81.784816076201025, 29.827194896027663 ], [ 81.784531826582565, 29.826743208832056 ], [ 81.7844090763179, 29.82643039584616 ], [ 81.784244575926493, 29.825905833887191 ], [ 81.784241076664387, 29.825452458664074 ], [ 81.784119139386803, 29.825243395966027 ], [ 81.783778576020552, 29.825193520464666 ], [ 81.783415450462712, 29.82491595910426 ], [ 81.783534951476895, 29.824809271630613 ], [ 81.783592701442103, 29.824754770916002 ], [ 81.783502264717811, 29.824685334260835 ], [ 81.783621763933297, 29.824578645887868 ], [ 81.784064701624743, 29.824156459153301 ], [ 81.78407476503844, 29.824118084182317 ], [ 81.784400773776724, 29.822951678777031 ], [ 81.784590701599654, 29.822272146542389 ], [ 81.784599514056367, 29.822240520983314 ], [ 81.783424886149646, 29.819802690941458 ], [ 81.782499201377107, 29.817881522314451 ], [ 81.782497382048575, 29.817646558242132 ], [ 81.782494327051609, 29.817252209122216 ], [ 81.782328513650043, 29.816553959297835 ], [ 81.782084264077582, 29.815998271802869 ], [ 81.781783310451488, 29.815617559103146 ], [ 81.781739951437658, 29.815562708552193 ], [ 81.781414701727158, 29.814971397112345 ], [ 81.781009764888779, 29.814378271739884 ], [ 81.781005138776209, 29.813785084314247 ], [ 81.78140026401104, 29.813119584201502 ], [ 81.781758139326712, 29.81273402145797 ], [ 81.78178147673384, 29.812682124280684 ], [ 81.782073388576066, 29.812032958554255 ], [ 81.782307576533469, 29.811296145800554 ], [ 81.782502076509672, 29.810528084303712 ], [ 81.782496890119432, 29.80986270919675 ], [ 81.78233057669479, 29.809096708946015 ], [ 81.782309348197941, 29.808962076838441 ], [ 81.782267326476017, 29.808695583434485 ], [ 81.78227931803616, 29.808630106494263 ], [ 81.782382701400593, 29.808065584059534 ], [ 81.782298702023525, 29.807576646944767 ], [ 81.782174326683901, 29.807054084178674 ], [ 81.781932077203635, 29.806739709070371 ], [ 81.781567388624126, 29.80625233407801 ], [ 81.781545678090652, 29.806237492566254 ], [ 81.781165013954308, 29.805977271034294 ], [ 81.780359764591537, 29.805456459248262 ], [ 81.780074826991722, 29.804898770761724 ], [ 81.779709640187775, 29.804343771248114 ], [ 81.779383826602384, 29.803610333650056 ], [ 81.779377951331469, 29.80284345925827 ], [ 81.779246541494729, 29.802289823116894 ], [ 81.779212201781718, 29.802145145582074 ], [ 81.778766076892964, 29.801484645699873 ], [ 81.778561208632937, 29.801294578482043 ], [ 81.778241826998794, 29.800998270753666 ], [ 81.777796639203586, 29.800371458576024 ], [ 81.777656290105767, 29.800178545903236 ], [ 81.777391451454378, 29.799814521023393 ], [ 81.776220888483294, 29.798702583957152 ], [ 81.775470451899878, 29.798143084236017 ], [ 81.774961764773707, 29.798247583659133 ], [ 81.774532701822807, 29.798455334246341 ], [ 81.774338011190309, 29.79860310365035 ], [ 81.774260139793682, 29.798662208893859 ], [ 81.773947076796219, 29.798731708501577 ], [ 81.773882206898406, 29.798700180069318 ], [ 81.773671888746719, 29.798597958628932 ], [ 81.773474701596285, 29.798427708871714 ], [ 81.773122826557255, 29.798497458490942 ], [ 81.772812701644909, 29.798943584279016 ], [ 81.772537205127946, 29.799186732182022 ], [ 81.772424138763029, 29.79928652095623 ], [ 81.772268576733495, 29.799492645569217 ], [ 81.771761576735457, 29.79973470888973 ], [ 81.771293639689759, 29.800010396062987 ], [ 81.770710089399188, 29.800013808990116 ], [ 81.770705888665873, 29.800013834171182 ], [ 81.769728326501138, 29.800190959245413 ], [ 81.768907701429328, 29.80043483380058 ], [ 81.768321764337998, 29.800677334191676 ], [ 81.767619889346463, 29.801058083763621 ], [ 81.767599456749565, 29.801073741859739 ], [ 81.767035576430771, 29.801505833727276 ], [ 81.766684764390448, 29.801713145445376 ], [ 81.766333138463608, 29.801816645721658 ], [ 81.766018763355305, 29.801717021523359 ], [ 81.765389889931555, 29.801411646830104 ], [ 81.764798013717439, 29.800869209046823 ], [ 81.764402951435102, 29.800359458921946 ], [ 81.764269697988254, 29.800187382641639 ], [ 81.763928202024942, 29.799746395579746 ], [ 81.763336826733223, 29.799271584116354 ], [ 81.762352765168032, 29.798593833438701 ], [ 81.761369076821495, 29.798053583705951 ], [ 81.760032888407125, 29.797411646730154 ], [ 81.75905063897585, 29.797042896812286 ], [ 81.757990889567964, 29.796706083618915 ], [ 81.757169264450056, 29.796814584125798 ], [ 81.75670332659729, 29.797363084239009 ], [ 81.756462447683873, 29.797672761288936 ], [ 81.756276826714213, 29.797911397293205 ], [ 81.756023826738272, 29.798136208918947 ], [ 81.755517326763254, 29.798547333992303 ], [ 81.755127451770534, 29.798721021857716 ], [ 81.75481388875005, 29.798722771039081 ], [ 81.754342263584647, 29.798520208640753 ], [ 81.753713202202562, 29.798183209287743 ], [ 81.753124202020388, 29.798015145782415 ], [ 81.752573139738672, 29.797643833696043 ], [ 81.752557277496408, 29.797632602063004 ], [ 81.752140201609052, 29.797337270998298 ], [ 81.751315263388733, 29.797001333744618 ], [ 81.750920889987128, 29.796660709224398 ], [ 81.75068470193753, 29.796459083919615 ], [ 81.750409013864953, 29.796255396469405 ], [ 81.750054700763883, 29.796085958800006 ], [ 81.749999513866555, 29.796057021314539 ], [ 81.749369951562073, 29.795476270613449 ], [ 81.74880470157575, 29.794841083948938 ], [ 81.748530826536467, 29.794619395668633 ], [ 81.74800245145201, 29.794518583465901 ], [ 81.747592325525488, 29.794225458438234 ], [ 81.746894263659385, 29.794080520999273 ], [ 81.746155389659577, 29.794188458530584 ], [ 81.745608889638618, 29.793909584160019 ], [ 81.745214701497332, 29.793496709005979 ], [ 81.74461088858169, 29.793245272051706 ], [ 81.744125138664288, 29.793311145592952 ], [ 81.743548186699513, 29.793122431854783 ], [ 81.743494576313708, 29.793104896873558 ], [ 81.743455424328431, 29.793058513439689 ], [ 81.743134513846769, 29.79267833403793 ], [ 81.742842753989976, 29.792592866067992 ], [ 81.742537763307212, 29.792503522019956 ], [ 81.742062701832253, 29.792609958582773 ], [ 81.741602763356923, 29.792492958583239 ], [ 81.741430763518963, 29.792227771894204 ], [ 81.741427576321655, 29.791796958862619 ], [ 81.741736764140398, 29.791114020895407 ], [ 81.74200513982538, 29.790593709132395 ], [ 81.741970827092075, 29.789716396194763 ], [ 81.742046764946281, 29.789316770752407 ], [ 81.741771076873761, 29.788844583510752 ], [ 81.741313076437393, 29.787838896847688 ], [ 81.74045595148101, 29.786894020542661 ], [ 81.739415952084585, 29.785343458933539 ], [ 81.739036513724159, 29.784648522211569 ], [ 81.738824889756927, 29.78356702180065 ], [ 81.738745950864995, 29.782146396039423 ], [ 81.738663951580179, 29.781366396941735 ], [ 81.738503201361709, 29.780868770577342 ], [ 81.738558140046166, 29.780602271777468 ], [ 81.738842951740878, 29.780289458791515 ], [ 81.738869462855462, 29.779848149772363 ], [ 81.738881451717702, 29.779648583915048 ], [ 81.73862807672441, 29.779124459026605 ], [ 81.738604699747157, 29.779090992555325 ], [ 81.738241951904627, 29.778571708717436 ], [ 81.73804682689962, 29.778053959122985 ], [ 81.737937326346582, 29.777664334141775 ], [ 81.737946750342303, 29.777209425574597 ], [ 81.737953077072916, 29.776904084156229 ], [ 81.737723263417934, 29.776424958644952 ], [ 81.737711212502518, 29.776396013964927 ], [ 81.737489013407298, 29.775862333779742 ], [ 81.737294451377863, 29.775423522177846 ], [ 81.736715014586309, 29.774686895583841 ], [ 81.736478701530928, 29.774372458422249 ], [ 81.735812076366301, 29.773282146453937 ], [ 81.734771513994247, 29.771898395594519 ], [ 81.734108951966618, 29.77145545880245 ], [ 81.733521514806114, 29.7712985837627 ], [ 81.733150263873654, 29.771090834074812 ], [ 81.732679263737111, 29.770592708586662 ], [ 81.732355639101513, 29.769908771472672 ], [ 81.731989201340639, 29.76920702148692 ], [ 81.731909452159528, 29.768465333508402 ], [ 81.731988888376577, 29.767740834272161 ], [ 81.73219345176642, 29.766627647148255 ], [ 81.732568139907812, 29.765531584015434 ], [ 81.732870263551888, 29.76476970895493 ], [ 81.732949076538716, 29.763880522268323 ], [ 81.733114639029452, 29.763268333966494 ], [ 81.733151576883813, 29.762487645988131 ], [ 81.73358113985779, 29.761740896625156 ], [ 81.73419114010909, 29.760833021127098 ], [ 81.734608388666288, 29.759736645929536 ], [ 81.734646388619979, 29.759179334258931 ], [ 81.734538514041219, 29.758920521964569 ], [ 81.733853139810606, 29.758164146258366 ], [ 81.733617638843043, 29.757962458900408 ], [ 81.733488202118906, 29.757665395741469 ], [ 81.733429952130621, 29.756943896643577 ], [ 81.733251014922473, 29.755722334018571 ], [ 81.733140201359276, 29.755147708599907 ], [ 81.732775638684814, 29.75461064696384 ], [ 81.732197138986805, 29.753984520968913 ], [ 81.731896139495291, 29.753467333450715 ], [ 81.731488139566068, 29.752912458942887 ], [ 81.73067195174923, 29.751676333595981 ], [ 81.729815388869156, 29.750753959227893 ], [ 81.729409264026344, 29.750011834178849 ], [ 81.729405388847681, 29.750005083867563 ], [ 81.729365951777311, 29.749727833672637 ], [ 81.728945765134995, 29.749006083663858 ], [ 81.728811139322659, 29.748350459006531 ], [ 81.728600764513715, 29.747945584221384 ], [ 81.728725576923921, 29.747243334212556 ], [ 81.72853876345323, 29.746520334146169 ], [ 81.728457452149769, 29.745999708519776 ], [ 81.728401513419158, 29.745413458464384 ], [ 81.728290263684755, 29.744419396438047 ], [ 81.728287326498958, 29.744011145597938 ], [ 81.728490825990889, 29.743466396556983 ], [ 81.728719576647222, 29.742833459096914 ], [ 81.7291060764843, 29.742490770632628 ], [ 81.729480921107665, 29.742204118025654 ], [ 81.729492326309867, 29.742195395501142 ], [ 81.730110201924333, 29.74158070888268 ], [ 81.730065951682377, 29.741540270866835 ], [ 81.729444701811587, 29.740973083740869 ], [ 81.729182639367366, 29.740568521020464 ], [ 81.729171576806891, 29.740539205819744 ], [ 81.728918451825166, 29.739868459062166 ], [ 81.729014826772868, 29.738895771222928 ], [ 81.728800889749323, 29.737992333879163 ], [ 81.727965764908163, 29.737160084170625 ], [ 81.727909827076928, 29.736571646064647 ], [ 81.728192201608863, 29.736209271440771 ], [ 81.728394076925156, 29.736068146228035 ], [ 81.729046479311648, 29.735608602555033 ], [ 81.729197702112344, 29.735502084153893 ], [ 81.729090388710517, 29.73495908429436 ], [ 81.729024754388945, 29.734752329256651 ], [ 81.72882520112222, 29.73412370854237 ], [ 81.72830001503371, 29.733154396758039 ], [ 81.727490826640405, 29.7324122087565 ], [ 81.727199826710716, 29.731576958909557 ], [ 81.726651514555783, 29.730991208877242 ], [ 81.725739639772598, 29.730342083620314 ], [ 81.725165576430243, 29.72984670915838 ], [ 81.724905014055196, 29.729645083853597 ], [ 81.723866514727945, 29.729355271028965 ], [ 81.723296138605974, 29.729290708699295 ], [ 81.7226487013765, 29.729384520579231 ], [ 81.722207576718347, 29.729319272066789 ], [ 81.72171426350252, 29.729186584293473 ], [ 81.721009326319404, 29.728466333454548 ], [ 81.720886754120443, 29.728208924102603 ], [ 81.7207200764704, 29.727858896271073 ], [ 81.720143075942246, 29.726865022203071 ], [ 81.719880764385834, 29.726505521812442 ], [ 81.71951651467549, 29.726259397153513 ], [ 81.719071701897576, 29.725673084145569 ], [ 81.718315452096476, 29.724998208600482 ], [ 81.717247638467825, 29.72430245889143 ], [ 81.716915425306695, 29.72403330978949 ], [ 81.716805138746224, 29.723943958546897 ], [ 81.716774872962048, 29.723885526895629 ], [ 81.716384515033383, 29.723131895920289 ], [ 81.715914651639935, 29.722419439505586 ], [ 81.715834576904285, 29.722298021136794 ], [ 81.715545014091163, 29.721733397078651 ], [ 81.715536418371073, 29.721548460493125 ], [ 81.715514514483289, 29.721077146493144 ], [ 81.715379639558762, 29.720286145988894 ], [ 81.71542832705569, 29.719857270996329 ], [ 81.715033139767627, 29.718977458842687 ], [ 81.714849726633645, 29.718506447014988 ], [ 81.714821889018992, 29.718434959006231 ], [ 81.714430826921159, 29.71803102131463 ], [ 81.714454139147279, 29.717690333841858 ], [ 81.714503451673011, 29.71735170851457 ], [ 81.714535051151756, 29.717019479165685 ], [ 81.714600264590615, 29.716333834239094 ], [ 81.714303331833378, 29.715756295916378 ], [ 81.714205889390314, 29.715566770989767 ], [ 81.714221322655987, 29.715309238430677 ], [ 81.714229013658098, 29.715180896181437 ], [ 81.714377327151965, 29.714140208803656 ], [ 81.714008013359205, 29.713260271644288 ], [ 81.713741638665738, 29.71222177231698 ], [ 81.713477139058796, 29.711453959033008 ], [ 81.71344229212815, 29.711408259083953 ], [ 81.712875952163529, 29.710665520697262 ], [ 81.712303763907641, 29.710420459036982 ], [ 81.711859327046341, 29.709879209258133 ], [ 81.711805888431059, 29.709631396571751 ], [ 81.712010076803665, 29.709176897196073 ], [ 81.712542795613558, 29.708529201861211 ], [ 81.712626888520163, 29.708426958837151 ], [ 81.712649263652679, 29.707930583429743 ], [ 81.712306764945311, 29.707185772105731 ], [ 81.712033757751783, 29.706899901908969 ], [ 81.711575888616437, 29.706420458937089 ], [ 81.711417389401049, 29.705922833472016 ], [ 81.711358638490424, 29.705018584040488 ], [ 81.711044140174977, 29.704476709232779 ], [ 81.71115121705509, 29.704075112476517 ], [ 81.711170638813996, 29.704002271887362 ], [ 81.711169200798054, 29.703799271519244 ], [ 81.711004474676827, 29.703605428048093 ], [ 81.710384950605032, 29.70287639622876 ], [ 81.710408826706043, 29.702603334176558 ], [ 81.710536645549837, 29.702108028063094 ], [ 81.71056038855113, 29.702016022021837 ], [ 81.710455139093426, 29.701743647051728 ], [ 81.710473639047279, 29.700703645856606 ], [ 81.710496264191306, 29.700250146527083 ], [ 81.70996901415873, 29.698942396474479 ], [ 81.709423569941862, 29.698545356582997 ], [ 81.709135388487425, 29.698335584319807 ], [ 81.70900445169417, 29.698088146650718 ], [ 81.708507327151494, 29.697389270898157 ], [ 81.708426639977517, 29.697026522156307 ], [ 81.708387889089863, 29.696841770831099 ], [ 81.708346451927298, 29.69664352068196 ], [ 81.707927138526657, 29.695989334040576 ], [ 81.707405326694527, 29.695450708483463 ], [ 81.707014451655652, 29.695157333444229 ], [ 81.706777951541312, 29.694684897090383 ], [ 81.706124764946026, 29.693828959239113 ], [ 81.705888076873293, 29.693331708791391 ], [ 81.705985764831212, 29.69251689693732 ], [ 81.706059139617651, 29.691927708796754 ], [ 81.706082022867122, 29.691433830806716 ], [ 81.706082138879651, 29.691431334288723 ], [ 81.706076572076199, 29.691422618958768 ], [ 81.705793514059508, 29.690979522087332 ], [ 81.705349077198207, 29.690325458653035 ], [ 81.70519120211236, 29.690010520569103 ], [ 81.705230590619294, 29.689682646636868 ], [ 81.705240013715695, 29.689604208667333 ], [ 81.705261950878366, 29.689037896581738 ], [ 81.704894388964931, 29.688293145512318 ], [ 81.704424451827038, 29.68777464588328 ], [ 81.704317451389329, 29.687346645931029 ], [ 81.703920929507376, 29.686988999942457 ], [ 81.703718200734443, 29.686806147086088 ], [ 81.702752515016584, 29.685771397032397 ], [ 81.702436826898122, 29.68513920870754 ], [ 81.701757577050614, 29.684238270579783 ], [ 81.701261700766906, 29.683697271711765 ], [ 81.700269764737925, 29.682685208855332 ], [ 81.699902389883448, 29.681963083829316 ], [ 81.699456139089591, 29.681128521064466 ], [ 81.699247013438992, 29.680858958274371 ], [ 81.699140389817217, 29.680383583835351 ], [ 81.699030575400798, 29.679547270989815 ], [ 81.699002263843454, 29.679186520541521 ], [ 81.698867014800953, 29.678305209218081 ], [ 81.698938013578527, 29.677377770767578 ], [ 81.699137701743609, 29.676266833747434 ], [ 81.699231453368952, 29.676050670002496 ], [ 81.699392639758571, 29.675679020670316 ], [ 81.699750514174923, 29.675043271030177 ], [ 81.700133638856414, 29.674226959106932 ], [ 81.700336765129691, 29.673637145937562 ], [ 81.700279826352983, 29.672868271453638 ], [ 81.700301763515654, 29.672304208572427 ], [ 81.700656263675683, 29.671169958426901 ], [ 81.700909514562511, 29.670354208579909 ], [ 81.700823077123346, 29.669066708561786 ], [ 81.700882828080125, 29.668094601684572 ], [ 81.700892701736848, 29.667933958485435 ], [ 81.700836325935768, 29.667257583770549 ], [ 81.700853763790235, 29.666034896093606 ], [ 81.701029513801075, 29.66521964716901 ], [ 81.701203451677998, 29.664133708603799 ], [ 81.701408639197382, 29.663839395571699 ], [ 81.701430388401775, 29.663250522193891 ], [ 81.701241576637528, 29.662189083859175 ], [ 81.701255888448543, 29.662110020860837 ], [ 81.701291325334466, 29.661915833848695 ], [ 81.701532201549924, 29.66116795853452 ], [ 81.701992702101563, 29.66035120864143 ], [ 81.702429139493233, 29.659784958609009 ], [ 81.702679701407135, 29.658583583965253 ], [ 81.703035826642122, 29.657609459009393 ], [ 81.703069133034091, 29.657561320098921 ], [ 81.703317765002907, 29.65720195910319 ], [ 81.703741264747634, 29.656633521919559 ], [ 81.703953513743727, 29.655502271013063 ], [ 81.704024888437914, 29.654619896690917 ], [ 81.704018827007303, 29.653758208574516 ], [ 81.703972993958587, 29.653206657061617 ], [ 81.703934326707895, 29.652741332546498 ], [ 81.70352676384914, 29.651884083483708 ], [ 81.703291326733392, 29.651546959124914 ], [ 81.703313889824187, 29.651070896704596 ], [ 81.703442504567988, 29.650756932586432 ], [ 81.703517638428309, 29.650573522150353 ], [ 81.703615888462537, 29.649848896109745 ], [ 81.703509326893993, 29.649373521670725 ], [ 81.703065702120512, 29.648902208570121 ], [ 81.702498288365348, 29.6483670301144 ], [ 81.702492514717846, 29.648361583820076 ], [ 81.702360576979117, 29.648046458677186 ], [ 81.70213445144384, 29.647465708875416 ], [ 81.702805389756975, 29.646839583779808 ], [ 81.703651015981677, 29.646523872278919 ], [ 81.703939389890991, 29.646416209040865 ], [ 81.704169940990027, 29.646253340918975 ], [ 81.704259146542427, 29.646190322725261 ], [ 81.70437688848267, 29.646107146227848 ], [ 81.704646702183595, 29.645916208466303 ], [ 81.705317451639132, 29.645260771767255 ], [ 81.705410763495991, 29.64540464620751 ], [ 81.705401763980262, 29.644669270570432 ], [ 81.704349701977208, 29.644054583951913 ], [ 81.704304172899299, 29.644048430790519 ], [ 81.703691202187315, 29.643965583444981 ], [ 81.702783201683474, 29.643643396825382 ], [ 81.70185626415531, 29.643199334082055 ], [ 81.701145138737218, 29.642691021073801 ], [ 81.701193077098878, 29.642056895609301 ], [ 81.701243951747017, 29.641943895794213 ], [ 81.701761515181829, 29.641918583475899 ], [ 81.702357201823474, 29.641983083752336 ], [ 81.703369701750375, 29.642295770833186 ], [ 81.703990576603871, 29.642269958491852 ], [ 81.704347040883306, 29.642009209957109 ], [ 81.7044286390705, 29.641949521952938 ], [ 81.704785326381739, 29.641065645762978 ], [ 81.705067826818834, 29.640748333468878 ], [ 81.705300263796175, 29.640656895799168 ], [ 81.705374701581263, 29.640225645697058 ], [ 81.705315951569958, 29.639208708515127 ], [ 81.704742765066612, 29.638668020812588 ], [ 81.70468738841231, 29.638217208657295 ], [ 81.704435585433998, 29.637890557803075 ], [ 81.704321951596853, 29.637743147228491 ], [ 81.704481183759697, 29.637472141925855 ], [ 81.704654326635932, 29.63717745927238 ], [ 81.707672763487324, 29.635577896302948 ], [ 81.708357139470479, 29.63532383422762 ], [ 81.70894663967573, 29.634506459305726 ], [ 81.70966563955767, 29.633665646252609 ], [ 81.710619638585513, 29.633096584040175 ], [ 81.711313327048458, 29.632323708472427 ], [ 81.711388576921365, 29.63191495760924 ], [ 81.711510327139933, 29.630874459089057 ], [ 81.71153139016161, 29.630195334247333 ], [ 81.711606014106337, 29.629698708828414 ], [ 81.711718076827822, 29.62910933362889 ], [ 81.711763952144736, 29.628294771786329 ], [ 81.711732763656187, 29.628230418998669 ], [ 81.711370326979079, 29.627482584153995 ], [ 81.711496888570593, 29.627120958665387 ], [ 81.712241826699028, 29.62630264664989 ], [ 81.713041763766455, 29.62586752046974 ], [ 81.713775621347907, 29.625662237622237 ], [ 81.713946202055638, 29.625614520493798 ], [ 81.714591702145412, 29.625430583954312 ], [ 81.714874826711934, 29.625223772259346 ], [ 81.715529763387906, 29.624451021697325 ], [ 81.715576951714979, 29.623819209289138 ], [ 81.71572926359471, 29.623364958126388 ], [ 81.716069013973879, 29.6228510837106 ], [ 81.716344264076611, 29.622434520436798 ], [ 81.716782889518811, 29.62220658276766 ], [ 81.71703832665753, 29.621729333242172 ], [ 81.717574214678336, 29.620886833060922 ], [ 81.717601326540034, 29.620844208793244 ], [ 81.717677420876328, 29.62078376625783 ], [ 81.717858701717773, 29.620639772207767 ], [ 81.717987638418833, 29.620526333523514 ], [ 81.718323764530169, 29.620501959198123 ], [ 81.718788763490693, 29.620361834031485 ], [ 81.719593451676531, 29.620698084249227 ], [ 81.719958451421462, 29.621011895482638 ], [ 81.720840889595422, 29.621302582448266 ], [ 81.721745326985285, 29.621137520879927 ], [ 81.722105326499673, 29.620752084041499 ], [ 81.722232764930197, 29.620525833500494 ], [ 81.722139515126571, 29.620118020630173 ], [ 81.722166180924546, 29.619559521854512 ], [ 81.722195640016821, 29.61894252217968 ], [ 81.722038327007226, 29.618602771800511 ], [ 81.722006889406487, 29.617811146267456 ], [ 81.722128389613545, 29.61674802080455 ], [ 81.722488702091994, 29.616407709248449 ], [ 81.723004014523724, 29.61608683384037 ], [ 81.723142512816764, 29.616074754146609 ], [ 81.723831639019011, 29.616014646159044 ], [ 81.724578701346047, 29.615536896610536 ], [ 81.724862263882414, 29.615284957834604 ], [ 81.725611388354935, 29.615077834074839 ], [ 81.726207264753498, 29.615187396681051 ], [ 81.727474326778804, 29.614932271607074 ], [ 81.728795451548933, 29.615105520603322 ], [ 81.729752201602878, 29.614964834259752 ], [ 81.729983263516829, 29.614692959312663 ], [ 81.730212639202023, 29.614193208749612 ], [ 81.730750639730275, 29.613443521301519 ], [ 81.731111888403007, 29.613238458787919 ], [ 81.732092701616921, 29.612849646793791 ], [ 81.732788826343324, 29.612460083865813 ], [ 81.733509140134743, 29.611844834271722 ], [ 81.734204638933022, 29.611367271782228 ], [ 81.734796390141355, 29.610820333791423 ], [ 81.734847826865803, 29.610797520689061 ], [ 81.735104827026191, 29.610547957921995 ], [ 81.73571782651652, 29.609457208883157 ], [ 81.736052013689516, 29.609094522194482 ], [ 81.736357201323813, 29.608368709048762 ], [ 81.736792701621937, 29.607732458486225 ], [ 81.737461826901836, 29.607187333528657 ], [ 81.737874139080304, 29.606912147277853 ], [ 81.738725451718267, 29.606569020843665 ], [ 81.740353638309841, 29.606199020868189 ], [ 81.740844139345597, 29.60619627164067 ], [ 81.742294764691678, 29.606188209218544 ], [ 81.743355452092487, 29.606067209034507 ], [ 81.744649888581534, 29.606129896277764 ], [ 81.745270826387582, 29.606056458538774 ], [ 81.746485264583328, 29.605778959231657 ], [ 81.747208326702946, 29.605549333534952 ], [ 81.74901770150575, 29.605268459072192 ], [ 81.750000076842127, 29.605283207953732 ], [ 81.751689889476893, 29.605059332522217 ], [ 81.751997748097665, 29.604973360032602 ], [ 81.752283639878158, 29.60489352091929 ], [ 81.752315264537913, 29.604900146224793 ], [ 81.752676678685816, 29.604981365797471 ], [ 81.753548701811212, 29.605177333467225 ], [ 81.754750388519653, 29.605529207606878 ], [ 81.754963139337463, 29.605591145714868 ], [ 81.755706889461464, 29.605717771158254 ], [ 81.756674389111822, 29.605906271757078 ], [ 81.757343451439169, 29.605967833948455 ], [ 81.758129882488163, 29.605947418438689 ], [ 81.758903576438968, 29.605927333879379 ], [ 81.759384826148846, 29.605728333695708 ], [ 81.760461576340731, 29.605593583776908 ], [ 81.761090263604842, 29.605265145969781 ], [ 81.762278451489408, 29.605192896235224 ], [ 81.762763263413945, 29.605384146061567 ], [ 81.763098263574079, 29.605481459002192 ], [ 81.764310576671846, 29.606121958861365 ], [ 81.765425763887947, 29.606214770695146 ], [ 81.766014264946421, 29.606211333486328 ], [ 81.766391201392878, 29.606209145435741 ], [ 81.767169640166799, 29.605976833464126 ], [ 81.768507014786962, 29.606000645713266 ], [ 81.769066076538252, 29.606193645620294 ], [ 81.769810825809031, 29.606448770694271 ], [ 81.770629138723848, 29.6065410204518 ], [ 81.772077451912935, 29.606467145642284 ], [ 81.772818013940253, 29.606171832564087 ], [ 81.773449263372868, 29.606102833878708 ], [ 81.774190763393051, 29.605936022229685 ], [ 81.775582389615636, 29.605797084168159 ], [ 81.775914826707947, 29.605470270536614 ], [ 81.776093826868646, 29.604659520920222 ], [ 81.776605452079991, 29.603551146068583 ], [ 81.776859577107871, 29.602771459035637 ], [ 81.777190140013033, 29.60228227101004 ], [ 81.77751963991949, 29.601664521300677 ], [ 81.777666938978086, 29.601507758676178 ], [ 81.778098148610752, 29.601048847226593 ], [ 81.778257076802731, 29.600879709031403 ], [ 81.778699326512765, 29.600489146057271 ], [ 81.778780084733171, 29.60043037895889 ], [ 81.779733764501714, 29.599736395518278 ], [ 81.781502327170699, 29.598866583825838 ], [ 81.782472388989618, 29.598389395454262 ], [ 81.783286826725714, 29.59805970848879 ], [ 81.784545127555646, 29.597639784448518 ], [ 81.784676451956727, 29.597595958686611 ], [ 81.785714077142984, 29.597264958710923 ], [ 81.786270201708476, 29.597164708584501 ], [ 81.787252749714696, 29.59715887558167 ], [ 81.787533638566629, 29.597157209137947 ], [ 81.788128701978053, 29.597250646000589 ], [ 81.789726451014985, 29.597338145539027 ], [ 81.790393452096168, 29.597140209253325 ], [ 81.790985951540506, 29.596908833475936 ], [ 81.791504014099019, 29.596646333961189 ], [ 81.791908638872656, 29.596156708865067 ], [ 81.79227701467255, 29.595732647044088 ], [ 81.792493576817151, 29.594953147070157 ], [ 81.792763201660478, 29.593783084122094 ], [ 81.792609201753294, 29.593068958565652 ], [ 81.792345577186722, 29.59261708431103 ], [ 81.792150118533186, 29.592225576149474 ], [ 81.792118763670089, 29.592162771095047 ], [ 81.791857014189929, 29.591936521453363 ], [ 81.791630076566832, 29.591387521317131 ], [ 81.791476701688509, 29.590738771976817 ], [ 81.791508326348264, 29.590088896685302 ], [ 81.79169082667039, 29.589666021969379 ], [ 81.792058451536377, 29.589145020426429 ], [ 81.792517702030409, 29.58855802123577 ], [ 81.793031888510882, 29.587808333787621 ], [ 81.793475015059983, 29.587447021263074 ], [ 81.793954575843031, 29.587056146224199 ], [ 81.794174514941972, 29.586633020597446 ], [ 81.794984701582791, 29.585784521038875 ], [ 81.795756827115952, 29.584771584041448 ], [ 81.796233889582368, 29.584055834309368 ], [ 81.796671764990037, 29.58304720776249 ], [ 81.796927202128757, 29.58246152158199 ], [ 81.797234576914263, 29.581419709152328 ], [ 81.797257514123032, 29.581230083501623 ], [ 81.797304764503338, 29.580835084171838 ], [ 81.797634576474593, 29.580280458776201 ], [ 81.798186513796622, 29.57966133400339 ], [ 81.798703452202631, 29.5792679588493 ], [ 81.79918170177416, 29.578714708517055 ], [ 81.799511764656245, 29.578191646627261 ], [ 81.800025389959842, 29.577378708960282 ], [ 81.800353139785614, 29.576564709194031 ], [ 81.800423638540167, 29.576011583867569 ], [ 81.800247826476095, 29.574909645463833 ], [ 81.799793827123494, 29.573872458247422 ], [ 81.799678452198862, 29.573388145446586 ], [ 81.799859076535199, 29.572737458067309 ], [ 81.800003139833109, 29.572183895670321 ], [ 81.800291513742422, 29.571045271222317 ], [ 81.800249014480471, 29.570398146057641 ], [ 81.800057825808096, 29.569715834018552 ], [ 81.799981388830076, 29.569425271159389 ], [ 81.800212889613249, 29.568190083805348 ], [ 81.800313763869156, 29.566824645840768 ], [ 81.800453451965268, 29.565720771196709 ], [ 81.800333014756859, 29.564521458698437 ], [ 81.800365389451201, 29.563968584282804 ], [ 81.80048726467561, 29.562896395452356 ], [ 81.80047651507914, 29.561534021477939 ], [ 81.800593452126179, 29.56106858364825 ], [ 81.800656013464334, 29.560817833776071 ], [ 81.800762451825733, 29.560167583467262 ], [ 81.800827355897809, 29.559218308578124 ], [ 81.800828952194422, 29.55919495858052 ], [ 81.800821429365556, 29.559148193834119 ], [ 81.800723826843182, 29.558541396967939 ], [ 81.800672952195043, 29.558221395700912 ], [ 81.800331138771071, 29.557248958772504 ], [ 81.800044326984164, 29.556213083666933 ], [ 81.800038326707465, 29.556186021267933 ], [ 81.799928389083959, 29.555661084291671 ], [ 81.799771576996761, 29.554590582589356 ], [ 81.799617140019052, 29.553813270665955 ], [ 81.799574076882209, 29.553098458926797 ], [ 81.799561250751196, 29.55303367176657 ], [ 81.799381389939242, 29.5521251460587 ], [ 81.79913085230703, 29.551588724739929 ], [ 81.799078826526681, 29.551477333811931 ], [ 81.798703513356486, 29.550994584032878 ], [ 81.798404513957223, 29.550703146133344 ], [ 81.797564201826503, 29.549891583529813 ], [ 81.797301014330401, 29.549638271489073 ], [ 81.796143326953029, 29.548833146232766 ], [ 81.79539288857103, 29.547800021254034 ], [ 81.795050951040594, 29.546796021719103 ], [ 81.79472120202189, 29.545952083521911 ], [ 81.79459613960023, 29.545630271020229 ], [ 81.79421776513783, 29.544755021127401 ], [ 81.793840576881166, 29.543945208604555 ], [ 81.793443576559866, 29.543072395874447 ], [ 81.792542264314079, 29.541712958186508 ], [ 81.792198888767757, 29.540515020751684 ], [ 81.792077451513251, 29.539250270883372 ], [ 81.791953765054245, 29.537692270981552 ], [ 81.792135889459814, 29.537235520602849 ], [ 81.793145888372123, 29.535835458739484 ], [ 81.793732701403087, 29.534922895974944 ], [ 81.79435189002777, 29.533360457918832 ], [ 81.794604139969124, 29.532384457876503 ], [ 81.794701826128403, 29.531849270427529 ], [ 81.794817389011371, 29.531214708791822 ], [ 81.794700826981625, 29.530565833546405 ], [ 81.79426757678732, 29.529756271035126 ], [ 81.793707827054618, 29.529337833574232 ], [ 81.793209429971284, 29.529207133302634 ], [ 81.792740451510667, 29.529084145616878 ], [ 81.790847888519295, 29.529095459088239 ], [ 81.789250264488146, 29.528976396943222 ], [ 81.788671120875563, 29.528770785843165 ], [ 81.787537889661962, 29.528368458837349 ], [ 81.78641657536474, 29.527369021563118 ], [ 81.78529370164307, 29.526175582537178 ], [ 81.784206200955452, 29.524720270823877 ], [ 81.784121985741081, 29.524506488483723 ], [ 81.783663639065765, 29.523342959110323 ], [ 81.783581388870061, 29.523133647300028 ], [ 81.783199888364209, 29.521739583914723 ], [ 81.782892388572918, 29.520410582882164 ], [ 81.782442388505501, 29.519828958939343 ], [ 81.782069576349954, 29.519668145768378 ], [ 81.781400139005257, 29.519379395942394 ], [ 81.780243451674039, 29.518639521896489 ], [ 81.780025950637196, 29.518452479098698 ], [ 81.779683326924044, 29.518157834216709 ], [ 81.779101077053099, 29.517315334035516 ], [ 81.778944576131323, 29.516247084235602 ], [ 81.778952276126688, 29.516205017547577 ], [ 81.779051638622263, 29.515662146291049 ], [ 81.779675514513428, 29.514781022026568 ], [ 81.780444951973038, 29.513477208306597 ], [ 81.781622138450984, 29.512107834009385 ], [ 81.782283576326051, 29.511260270645039 ], [ 81.782630764997862, 29.510543145849567 ], [ 81.782698639530622, 29.509730647051754 ], [ 81.782434326982639, 29.50914795921102 ], [ 81.78150345132326, 29.508731645948728 ], [ 81.780053264846345, 29.50838370904097 ], [ 81.7791240763151, 29.508195208442146 ], [ 81.776710764490247, 29.508013084036634 ], [ 81.77589463962596, 29.508114771279736 ], [ 81.774302201985108, 29.508545957529975 ], [ 81.772712513571719, 29.509335645923386 ], [ 81.771257389816753, 29.509344146315357 ], [ 81.771005326934358, 29.50934558343198 ], [ 81.76930807690627, 29.508283895985073 ], [ 81.767704076681866, 29.507190145908567 ], [ 81.766399389720107, 29.506451021897192 ], [ 81.764499701400155, 29.505455833020335 ], [ 81.764299117510348, 29.505331278715573 ], [ 81.764298201101155, 29.505330708545387 ], [ 81.764298282040158, 29.505330658183368 ], [ 81.765234452008428, 29.504747832746318 ], [ 81.76524628888518, 29.504736953647523 ], [ 81.765320888548217, 29.504668395630006 ], [ 81.765418856195311, 29.504653744774544 ], [ 81.765508952076516, 29.504640272030997 ], [ 81.765708576389727, 29.504605271316279 ], [ 81.765855389814419, 29.504579583980671 ], [ 81.766242701739372, 29.504473582689741 ], [ 81.766400326813709, 29.504429834269501 ], [ 81.766525702199431, 29.504395270625309 ], [ 81.766958451471396, 29.504239396530977 ], [ 81.767168139198304, 29.504175021260266 ], [ 81.767559701319215, 29.503942647235419 ], [ 81.767751367531616, 29.503818787207308 ], [ 81.767876639495398, 29.503737832934689 ], [ 81.768646826989539, 29.503455895473223 ], [ 81.76932670186585, 29.503334646177052 ], [ 81.769532764425605, 29.503380833558651 ], [ 81.770074452174299, 29.503483708806186 ], [ 81.770475401418707, 29.503566854726614 ], [ 81.77064588859696, 29.503602208874895 ], [ 81.771128951340074, 29.503628771250817 ], [ 81.771770765108784, 29.50358895916321 ], [ 81.772455140192619, 29.503546646060897 ], [ 81.772670826397587, 29.503590457433688 ], [ 81.773396263626751, 29.503615583592364 ], [ 81.774420890012095, 29.50338633381233 ], [ 81.775318027604953, 29.503118984253774 ], [ 81.775957576880728, 29.502928395429137 ], [ 81.777110264926819, 29.502583396606497 ], [ 81.778095763608633, 29.502548270886052 ], [ 81.779051763628047, 29.502371270817548 ], [ 81.779803764132453, 29.502073583529125 ], [ 81.780582014948095, 29.501414833727665 ], [ 81.781022701636402, 29.501211521294749 ], [ 81.781870577065547, 29.50114114664666 ], [ 81.782147951366937, 29.501243270960231 ], [ 81.783478326563568, 29.501799333472491 ], [ 81.784164638787104, 29.502093083529019 ], [ 81.784550730332001, 29.502239291709998 ], [ 81.78474526358309, 29.502312958776088 ], [ 81.785725701779768, 29.502295895938914 ], [ 81.786176763946571, 29.502114958638458 ], [ 81.787517513722321, 29.501576959009526 ], [ 81.787777201956374, 29.501473958756264 ], [ 81.78985907673507, 29.500006645590247 ], [ 81.789835076527595, 29.499487958002931 ], [ 81.78974682605525, 29.499161396181535 ], [ 81.789667576897216, 29.498834770508324 ], [ 81.789634015097761, 29.49874602630814 ], [ 81.789562889515821, 29.498557958283186 ], [ 81.789500888455279, 29.498375582966844 ], [ 81.789533076090663, 29.498032522183223 ], [ 81.789573389100667, 29.497497645899671 ], [ 81.790312304469353, 29.496756312254035 ], [ 81.790738201806619, 29.496329020967607 ], [ 81.791123611665398, 29.495082181997134 ], [ 81.791192265011091, 29.494860083626008 ], [ 81.791533013637718, 29.494327957469295 ], [ 81.792049514073881, 29.493519582962449 ], [ 81.792386639331994, 29.493109270876175 ], [ 81.792675139146411, 29.492733083564985 ], [ 81.793043412423629, 29.492372816052693 ], [ 81.793419826363959, 29.492004584144297 ], [ 81.794268638886649, 29.491079146685308 ], [ 81.794862850640129, 29.49028117463655 ], [ 81.795561077082084, 29.489343520786917 ], [ 81.795995252678836, 29.489016102810922 ], [ 81.797228514584333, 29.488086084205463 ], [ 81.798417950727924, 29.486538270924541 ], [ 81.798814998713283, 29.485592794771719 ], [ 81.798905138661269, 29.485378145485072 ], [ 81.799902764700903, 29.48387658343762 ], [ 81.800330826706329, 29.48298070759364 ], [ 81.800971513624518, 29.481172270783702 ], [ 81.803286327202272, 29.478419770655933 ], [ 81.803434576844325, 29.478344457830531 ], [ 81.804431139885253, 29.47688127075412 ], [ 81.804531550091042, 29.476753075993713 ], [ 81.805434201427317, 29.47560064605301 ], [ 81.805724951345496, 29.475122957658414 ], [ 81.805981826500158, 29.474352146034789 ], [ 81.806301888921098, 29.472931271161258 ], [ 81.806455101921472, 29.472407802777923 ], [ 81.806546576463404, 29.472095271279784 ], [ 81.806629326682128, 29.471388709021767 ], [ 81.806696390026445, 29.470898770961583 ], [ 81.807180201904828, 29.469251395535537 ], [ 81.807271076598965, 29.468849333829723 ], [ 81.807769653546757, 29.4678460402626 ], [ 81.807824263978659, 29.467736145806555 ], [ 81.80842826395326, 29.467021896143649 ], [ 81.808769388496557, 29.466480709317352 ], [ 81.808872951725391, 29.466132707658403 ], [ 81.808903826350559, 29.465555020947534 ], [ 81.808780451956352, 29.464303833754968 ], [ 81.808757008429268, 29.46408605212963 ], [ 81.808712264459473, 29.463670396271823 ], [ 81.808674889534586, 29.463097645939683 ], [ 81.808843702175182, 29.462446958560349 ], [ 81.809087826741859, 29.461696521077613 ], [ 81.809510013476427, 29.46000439628591 ], [ 81.80958776076659, 29.45966854986375 ], [ 81.809796577050463, 29.458766520858319 ], [ 81.809786708789659, 29.457787531469478 ], [ 81.809784389438107, 29.457557520862963 ], [ 81.809808350974663, 29.457487890853542 ], [ 81.80998976491577, 29.456960708270117 ], [ 81.81003357718788, 29.456308521720928 ], [ 81.809818452159902, 29.4555113329817 ], [ 81.80979829655422, 29.45544098351462 ], [ 81.809674576820328, 29.455009146155248 ], [ 81.809500826901683, 29.45438758421966 ], [ 81.809493513614825, 29.453950020876789 ], [ 81.809587591694083, 29.453922831673367 ], [ 81.809636592155073, 29.453908670049145 ], [ 81.809636889830642, 29.453908583714224 ], [ 81.809635032730625, 29.453906529662675 ], [ 81.809535451699787, 29.453796395986956 ], [ 81.809491392114126, 29.453788733763076 ], [ 81.808031326584512, 29.453534833565755 ], [ 81.807090889333153, 29.452604458828773 ], [ 81.80691438838835, 29.45196033380239 ], [ 81.806869889933523, 29.451062708777044 ], [ 81.806698638331568, 29.450754771015909 ], [ 81.806070451989797, 29.450275832563648 ], [ 81.805911076834775, 29.4495933334656 ], [ 81.805175327079724, 29.448296270956178 ], [ 81.804977014877409, 29.447340958018856 ], [ 81.805141339001636, 29.44668712031438 ], [ 81.805306889801159, 29.446028395693929 ], [ 81.805203581080434, 29.445746719935244 ], [ 81.805140951393867, 29.445575958463735 ], [ 81.805160076376467, 29.443674207998356 ], [ 81.805200514392311, 29.443080645555426 ], [ 81.805419138682339, 29.442210895916162 ], [ 81.80599857637327, 29.441341209229449 ], [ 81.80632601143634, 29.440855397258815 ], [ 81.806667263683323, 29.440349083443493 ], [ 81.807245451316589, 29.43931920861462 ], [ 81.806871389103378, 29.438213896853881 ], [ 81.80648782285482, 29.437868926809585 ], [ 81.805972014896611, 29.437405020525318 ], [ 81.805507889177818, 29.436311520460379 ], [ 81.805138827195151, 29.435264833705162 ], [ 81.804599764567513, 29.433305983484388 ], [ 81.8045909521108, 29.43327395862633 ], [ 81.803980514788975, 29.431680645945107 ], [ 81.803615764156234, 29.431184270537699 ], [ 81.803500012415725, 29.431131091826501 ], [ 81.802472076525191, 29.430658833538416 ], [ 81.801803702179143, 29.43021395870727 ], [ 81.80130726381924, 29.429835709250654 ], [ 81.800845514109255, 29.429123395828128 ], [ 81.800897826773337, 29.428475708587143 ], [ 81.801177327072025, 29.427808520446888 ], [ 81.801343389585838, 29.427225583493907 ], [ 81.801216890047499, 29.42562920862116 ], [ 81.8010350066603, 29.424546033672584 ], [ 81.800938389794908, 29.423970645628856 ], [ 81.800755763567679, 29.422523584296016 ], [ 81.800598951480481, 29.420929646585989 ], [ 81.800310201654554, 29.420412521121023 ], [ 81.799855076350752, 29.419957333763989 ], [ 81.79965820216438, 29.419002083779219 ], [ 81.799512076721044, 29.418524709248004 ], [ 81.799282433937208, 29.418162463227134 ], [ 81.79907901448496, 29.417841584221776 ], [ 81.798957076308056, 29.417406958064703 ], [ 81.798622952087612, 29.415284021140735 ], [ 81.798557951788098, 29.414555770832237 ], [ 81.798692767357409, 29.414141866853697 ], [ 81.798761138315911, 29.413931958792944 ], [ 81.799256951647067, 29.412837208670283 ], [ 81.799475889800533, 29.412420834254135 ], [ 81.7993849521539, 29.412161959007278 ], [ 81.798933452017252, 29.41133452157095 ], [ 81.798810013771174, 29.410710395668275 ], [ 81.798834764912556, 29.410087645728311 ], [ 81.798587504409852, 29.409383014314699 ], [ 81.798561451949524, 29.409308770783184 ], [ 81.798319888651974, 29.408739520612414 ], [ 81.798258014395913, 29.408401521213307 ], [ 81.798519120860817, 29.408015677881281 ], [ 81.798521638962541, 29.408011958285272 ], [ 81.799290139328548, 29.407617083961327 ], [ 81.799643638543159, 29.407355583593358 ], [ 81.799730763963623, 29.407043770653559 ], [ 81.799593513929608, 29.406627271231628 ], [ 81.799324827079147, 29.4063694580841 ], [ 81.798607763437587, 29.405775958593665 ], [ 81.798337576518009, 29.40531064576976 ], [ 81.798065201547843, 29.404662582612161 ], [ 81.798025490184273, 29.404557121813752 ], [ 81.797762639034602, 29.403859084229396 ], [ 81.797401826533132, 29.403263458741662 ], [ 81.797042077030312, 29.402798645940834 ], [ 81.796831638369497, 29.402409645988428 ], [ 81.796604031650816, 29.40078714581017 ], [ 81.796584076593945, 29.400644895545554 ], [ 81.796543201507575, 29.400191709180092 ], [ 81.796314701762128, 29.399380895711829 ], [ 81.795643700496441, 29.398897770915426 ], [ 81.794888314943819, 29.398572333246648 ], [ 81.794378389451197, 29.398352645957914 ], [ 81.792265140024256, 29.395996646128367 ], [ 81.791961826577108, 29.395089333605938 ], [ 81.791696639888073, 29.39444127044834 ], [ 81.791245450916904, 29.393566395572748 ], [ 81.791127326764752, 29.392691895714449 ], [ 81.791231390016719, 29.39174839627151 ], [ 81.791304441946522, 29.39151368131138 ], [ 81.791484639104851, 29.390934708570001 ], [ 81.79138032674075, 29.389442021032494 ], [ 81.791154014146514, 29.388990020872825 ], [ 81.790597076593883, 29.388830833676082 ], [ 81.789924952074955, 29.388701709016686 ], [ 81.789456827070978, 29.388612020528399 ], [ 81.789021764742699, 29.38864845746042 ], [ 81.788470951573231, 29.388699083895631 ], [ 81.788308702184906, 29.388713582765661 ], [ 81.787703140087899, 29.388845708462725 ], [ 81.787011389663974, 29.388996459119369 ], [ 81.78614601342781, 29.389184270837461 ], [ 81.785491155892203, 29.389524683117656 ], [ 81.785250638506227, 29.38964970866715 ], [ 81.784636138946723, 29.389969146059286 ], [ 81.784228952004582, 29.390118145735869 ], [ 81.782235014734226, 29.390775022249557 ], [ 81.781667264632631, 29.390884395998114 ], [ 81.781235636815268, 29.390881347296386 ], [ 81.78026913900959, 29.390874520542752 ], [ 81.778934831976983, 29.391255758446562 ], [ 81.778608639776962, 29.391348957888169 ], [ 81.777478763933857, 29.391393896111481 ], [ 81.777392840906941, 29.391393240505693 ], [ 81.776470890119526, 29.391386207807273 ], [ 81.775449764794871, 29.391153083747895 ], [ 81.774471951719249, 29.391052707716312 ], [ 81.773615264732712, 29.390940395882637 ], [ 81.772876263928481, 29.391068770507388 ], [ 81.772029513551274, 29.391421020563712 ], [ 81.771823646144412, 29.391569913220962 ], [ 81.771164826195843, 29.392046395624732 ], [ 81.770643701445749, 29.392200520537642 ], [ 81.770633889842202, 29.392173521091195 ], [ 81.770268139163363, 29.391751583468874 ], [ 81.769274327148537, 29.391055833759765 ], [ 81.768714951533866, 29.390402521259375 ], [ 81.768668452087468, 29.389696708136626 ], [ 81.768873069436665, 29.388682076816451 ], [ 81.768890701544706, 29.388594645626426 ], [ 81.769034263920219, 29.386707957905969 ], [ 81.768934389710353, 29.386356645842568 ], [ 81.768331888905607, 29.385703646306297 ], [ 81.767962326899919, 29.385624646260453 ], [ 81.76750401349949, 29.38573545802501 ], [ 81.766243139709161, 29.386336020790793 ], [ 81.765188951708808, 29.38632852044492 ], [ 81.765171568712958, 29.386333948752792 ], [ 81.76372476368698, 29.3867857708467 ], [ 81.76289945134863, 29.386562707503003 ], [ 81.762162264476956, 29.385723271311974 ], [ 81.76192832653112, 29.385088458765438 ], [ 81.761930684553533, 29.384961742490475 ], [ 81.761947639472055, 29.384050708573398 ], [ 81.761773201572055, 29.38354639574959 ], [ 81.761521139588979, 29.383245521263859 ], [ 81.760331251985747, 29.38250724351451 ], [ 81.759982763793573, 29.38229102131362 ], [ 81.759583451315279, 29.381244396611692 ], [ 81.759675264002283, 29.380862646094272 ], [ 81.759669128827284, 29.380786054432917 ], [ 81.759626325594525, 29.380251707850107 ], [ 81.759434182741415, 29.379873231764293 ], [ 81.759169514961229, 29.379351895673494 ], [ 81.759176451432154, 29.378720271223585 ], [ 81.759184676631605, 29.378686136555984 ], [ 81.759354451546756, 29.377981582484097 ], [ 81.759236638560083, 29.377549146176193 ], [ 81.758343451689029, 29.37563902122389 ], [ 81.757858264747199, 29.375059770591974 ], [ 81.757305389432247, 29.374659146002841 ], [ 81.757165451324568, 29.374688919857817 ], [ 81.757131200644437, 29.374696207963666 ], [ 81.756926389940986, 29.374868833729749 ], [ 81.756788889895404, 29.374641772000246 ], [ 81.755215951355126, 29.37247608400412 ], [ 81.755001195049147, 29.371988105566686 ], [ 81.754688138346978, 29.371276770606528 ], [ 81.753783764808929, 29.369301271236736 ], [ 81.752419263937952, 29.367784022314822 ], [ 81.752152240833311, 29.367423781782179 ], [ 81.751483451899844, 29.366521520751633 ], [ 81.751288513953796, 29.365225521240859 ], [ 81.750980514139485, 29.363700083092397 ], [ 81.750969576584737, 29.362206833478638 ], [ 81.751315076329774, 29.361295770783272 ], [ 81.751382298854082, 29.361161083817024 ], [ 81.751607515174726, 29.360709833691942 ], [ 81.75160438913133, 29.360659708179014 ], [ 81.751592158351457, 29.360462815106871 ], [ 81.75156520207247, 29.360028832864373 ], [ 81.751859139187957, 29.359636958678777 ], [ 81.751871060601047, 29.359632808307481 ], [ 81.752524390188512, 29.359405332889878 ], [ 81.753004264834999, 29.359077771022385 ], [ 81.752887763959222, 29.35839720906398 ], [ 81.752440576971082, 29.358074895639959 ], [ 81.752410417306976, 29.358059207866177 ], [ 81.75188282643137, 29.357784770750641 ], [ 81.751880201310314, 29.357428395504087 ], [ 81.75217470140143, 29.357198895712543 ], [ 81.75272776467466, 29.356773895898641 ], [ 81.752834390095074, 29.356123645589832 ], [ 81.752456888874406, 29.355216646031465 ], [ 81.752022139510188, 29.354050646220401 ], [ 81.752203763892624, 29.353530770628595 ], [ 81.753088202158835, 29.352907645671337 ], [ 81.753698396663708, 29.352770369556936 ], [ 81.753828577127194, 29.352741083134504 ], [ 81.75434457664096, 29.352350146042454 ], [ 81.754117514911457, 29.351767209089473 ], [ 81.75370576390992, 29.351185271283271 ], [ 81.753261114808652, 29.35035758203685 ], [ 81.75299170130603, 29.349856084091073 ], [ 81.752167701977896, 29.348626833161859 ], [ 81.751122514392591, 29.347692021169905 ], [ 81.749999701824834, 29.347055458542627 ], [ 81.749609076797526, 29.346890708139711 ], [ 81.749450014606566, 29.34679683330728 ], [ 81.749153951493724, 29.346620271208621 ], [ 81.748981263674409, 29.346246771071662 ], [ 81.749004701805575, 29.345576708698218 ], [ 81.749027951978462, 29.34488402118069 ], [ 81.748971264112583, 29.3448842711922 ], [ 81.748712576824005, 29.344364645611961 ], [ 81.748539013964375, 29.343867146051991 ], [ 81.748507076340559, 29.34337102065615 ], [ 81.748531951588348, 29.342901707647741 ], [ 81.748415388659339, 29.342455707764771 ], [ 81.748198076480094, 29.342138832541139 ], [ 81.748135888360594, 29.341733145668172 ], [ 81.748195951382115, 29.341317709244947 ], [ 81.747968513735998, 29.340491082997119 ], [ 81.747917988924087, 29.340337083089992 ], [ 81.747678201787664, 29.339606207660381 ], [ 81.747294265018354, 29.338861645448617 ], [ 81.746754076439515, 29.338312021182901 ], [ 81.746231612598876, 29.337860922143875 ], [ 81.746086952151188, 29.337736020700845 ], [ 81.745917849928901, 29.33750813159503 ], [ 81.745800201518136, 29.337349583816319 ], [ 81.745707359107371, 29.337284538550648 ], [ 81.744976075385637, 29.336772209170192 ], [ 81.744531264406362, 29.336416020982654 ], [ 81.74383445169866, 29.336007083959828 ], [ 81.743294264918461, 29.33553864599179 ], [ 81.743007390178946, 29.335125145808888 ], [ 81.742823587638497, 29.33494867094447 ], [ 81.742435076917332, 29.334575646548899 ], [ 81.742054263493515, 29.334246145743066 ], [ 81.741459138928178, 29.333926896309265 ], [ 81.739477888393878, 29.333992020715243 ], [ 81.739362701427581, 29.333994895847809 ], [ 81.73806035450184, 29.334220149939995 ], [ 81.735821761165425, 29.334607335959845 ], [ 81.734421963702744, 29.334849445145835 ], [ 81.734229640085857, 29.334882709269664 ], [ 81.734115451367018, 29.334937521149755 ], [ 81.733559889777155, 29.33519777056074 ], [ 81.731732452091023, 29.335178395566572 ], [ 81.728460888459267, 29.3342848957314 ], [ 81.728432514848748, 29.334276084174007 ], [ 81.728202952104596, 29.334214208119249 ], [ 81.726889316888503, 29.333615535728427 ], [ 81.724240826952666, 29.332408520536831 ], [ 81.723141483093002, 29.332362460858917 ], [ 81.721285701474017, 29.332284708172779 ], [ 81.719650575713558, 29.331776896086922 ], [ 81.718560326697798, 29.331512082616598 ], [ 81.718114201809044, 29.331406209029353 ], [ 81.717882820635737, 29.331321858916681 ], [ 81.717803201856327, 29.331292834196972 ], [ 81.716806021880473, 29.331141752589872 ], [ 81.716602853339054, 29.331110971494184 ], [ 81.713517952091877, 29.330643583934318 ], [ 81.706902720784001, 29.330578975739172 ], [ 81.704987575816006, 29.330560270739966 ], [ 81.701556326763125, 29.329403084284991 ], [ 81.700626792892251, 29.328765723959066 ], [ 81.697448152610207, 29.326586203490535 ], [ 81.695731514997476, 29.325409145615652 ], [ 81.695039889579277, 29.324402145942315 ], [ 81.694651886975066, 29.323241954852392 ], [ 81.694315388544396, 29.322235770864211 ], [ 81.694275263492671, 29.322114207704601 ], [ 81.692749889196079, 29.320572332647089 ], [ 81.692713638423754, 29.32053645869064 ], [ 81.69125060153408, 29.320486301701521 ], [ 81.689226076522289, 29.320416895623282 ], [ 81.688668826005596, 29.320139959291737 ], [ 81.686536014525529, 29.319839645982938 ], [ 81.686124139417529, 29.319841833134149 ], [ 81.685825577088792, 29.319843396155875 ], [ 81.685792983859187, 29.319833055750962 ], [ 81.684698889342314, 29.319485957910672 ], [ 81.684169139194466, 29.319955645936375 ], [ 81.683176283159014, 29.320274745183383 ], [ 81.682692763560226, 29.320430146234287 ], [ 81.680509388597443, 29.321427084292566 ], [ 81.680094951320996, 29.321429207591905 ], [ 81.678659725965645, 29.320579092850892 ], [ 81.677836888561615, 29.320091707966014 ], [ 81.676738759686089, 29.319795258144723 ], [ 81.675761577035189, 29.319531458210292 ], [ 81.674334138909444, 29.318449083658322 ], [ 81.674134010076557, 29.318051438523128 ], [ 81.674133860789084, 29.318051142646141 ], [ 81.67412351408899, 29.318030584144196 ], [ 81.674111469468812, 29.318031893557077 ], [ 81.674104770418865, 29.318032622007934 ], [ 81.674079826822606, 29.318035333463911 ], [ 81.673562705854238, 29.317763390168352 ], [ 81.671836450891533, 29.316855583918141 ], [ 81.670392013780486, 29.317007207816459 ], [ 81.670318076917795, 29.317014334044359 ], [ 81.669453951638616, 29.317429207492012 ], [ 81.667697451576203, 29.318274958722441 ], [ 81.667149732973883, 29.318637586055786 ], [ 81.666152576380341, 29.319297771175229 ], [ 81.66457795161125, 29.319628209074665 ], [ 81.662584490981544, 29.319519831774869 ], [ 81.661498139627497, 29.319460770598141 ], [ 81.6606450993919, 29.319589731580891 ], [ 81.659584825679246, 29.319750020447145 ], [ 81.659159267386315, 29.319721341966385 ], [ 81.658024888637783, 29.319644895995225 ], [ 81.657684168789388, 29.319930964942102 ], [ 81.656124952104904, 29.321240083762916 ], [ 81.656050701378831, 29.321301395942726 ], [ 81.654742140137728, 29.321569458663646 ], [ 81.652144326999121, 29.321006957904842 ], [ 81.651741748183213, 29.321035438534693 ], [ 81.650159202185478, 29.321147396035542 ], [ 81.649652138335568, 29.321359770936738 ], [ 81.649535327193632, 29.321409958502841 ], [ 81.64923851404626, 29.322302459191178 ], [ 81.648222826921995, 29.323500708690801 ], [ 81.648654147171214, 29.324458840103432 ], [ 81.648908827080788, 29.325024583817537 ], [ 81.648724389618963, 29.32587370930429 ], [ 81.648438278403887, 29.326233067602061 ], [ 81.648111388329937, 29.3266436458876 ], [ 81.648204814400742, 29.327186308501382 ], [ 81.648349263507782, 29.328025332802895 ], [ 81.647878201318008, 29.328846520850334 ], [ 81.646855092088913, 29.329452386918149 ], [ 81.646714389557474, 29.329535708206436 ], [ 81.64426982719084, 29.331771770850594 ], [ 81.643875952013616, 29.333720457832896 ], [ 81.643774201818019, 29.334221770518354 ], [ 81.643736076858545, 29.334409208118529 ], [ 81.643957765138794, 29.336801582826865 ], [ 81.643978263386202, 29.336893958489441 ], [ 81.64460332548316, 29.339665645653099 ], [ 81.644834514201534, 29.340395396030772 ], [ 81.645085473615779, 29.341187383990643 ], [ 81.645780201695004, 29.343379834012183 ], [ 81.645773340767107, 29.345359141111544 ], [ 81.645757139480452, 29.350032521183948 ], [ 81.645139326818537, 29.351589708997949 ], [ 81.645648754086778, 29.353458385096474 ], [ 81.645879388822777, 29.35430439623093 ], [ 81.645478638328541, 29.355479395557722 ], [ 81.644879701537036, 29.356161270526286 ], [ 81.643979575497042, 29.356348396061662 ], [ 81.643044955060702, 29.355842604752468 ], [ 81.642145015180347, 29.355355583193671 ], [ 81.641336388863294, 29.355334709029648 ], [ 81.640929701944231, 29.355684021000798 ], [ 81.640515076709505, 29.356292834147041 ], [ 81.640276089969632, 29.35899626546535 ], [ 81.640263701808465, 29.359136396027907 ], [ 81.640055702109009, 29.361490270759418 ], [ 81.638341513350213, 29.362879083003349 ], [ 81.637986737997608, 29.36304224520353 ], [ 81.637047888948985, 29.36347402050967 ], [ 81.636875860332736, 29.363766203947193 ], [ 81.636519138847234, 29.364372082605598 ], [ 81.635195451908658, 29.364590458682756 ], [ 81.634404356975551, 29.364721506991998 ], [ 81.633527076413486, 29.364866832938048 ], [ 81.629343951861927, 29.366107082575866 ], [ 81.62858563901608, 29.367175396227594 ], [ 81.628514427099162, 29.367442020033252 ], [ 81.628250826814281, 29.368428957630329 ], [ 81.627384013461494, 29.368823333729893 ], [ 81.626210528593106, 29.368829708124565 ], [ 81.624403701569634, 29.368839520627432 ], [ 81.619785103699655, 29.370438804807065 ], [ 81.619292451485478, 29.370609396306634 ], [ 81.618039945886835, 29.370654973048602 ], [ 81.617288522747174, 29.370682316935415 ], [ 81.61545713883595, 29.3707489584977 ], [ 81.613285700574693, 29.370172457992567 ], [ 81.613008763343828, 29.369837583737535 ], [ 81.61228599620182, 29.368965773751484 ], [ 81.611032013916372, 29.36745320759951 ], [ 81.610229201716322, 29.367242583678319 ], [ 81.609106055500092, 29.367350751436106 ], [ 81.608163576787717, 29.367441520909495 ], [ 81.605560826371118, 29.36695483389849 ], [ 81.603046593525505, 29.366072602568579 ], [ 81.6016827005962, 29.365594021147217 ], [ 81.599299676139196, 29.365849576996425 ], [ 81.59801570056419, 29.36598727129558 ], [ 81.594716388350719, 29.366056145874495 ], [ 81.594315115350355, 29.365896178066237 ], [ 81.59272420206031, 29.36526195817288 ], [ 81.591863451037511, 29.365155207746682 ], [ 81.591255889747572, 29.36530683254432 ], [ 81.590868201906062, 29.365403209290719 ], [ 81.589943826546403, 29.365547207837437 ], [ 81.586300342886545, 29.365180311422307 ], [ 81.585071638745205, 29.365056582695161 ], [ 81.583571201749635, 29.364781207586702 ], [ 81.583026138845298, 29.36448358415015 ], [ 81.58302502818259, 29.364482186603652 ], [ 81.582518326759441, 29.363845083483852 ], [ 81.581704326993133, 29.362779395852499 ], [ 81.581423138666992, 29.36247608420399 ], [ 81.580360452073251, 29.362640895760762 ], [ 81.579293700543928, 29.36310795866541 ], [ 81.578588053795727, 29.362941083164515 ], [ 81.578066888576132, 29.362817833776035 ], [ 81.577045015015472, 29.362228895647092 ], [ 81.576922750384654, 29.361993633899147 ], [ 81.576572451857203, 29.361319583032355 ], [ 81.576091952181912, 29.360935896274668 ], [ 81.575934533951624, 29.36097458780705 ], [ 81.575512700650677, 29.361078270645748 ], [ 81.574952576800058, 29.360728770716264 ], [ 81.575331814611616, 29.359470896164964 ], [ 81.575575701757316, 29.35866195868249 ], [ 81.575110321484203, 29.357599281082003 ], [ 81.574957452024876, 29.357250207431207 ], [ 81.574874389741353, 29.356199332533208 ], [ 81.574933005753678, 29.355871101570131 ], [ 81.57507032593486, 29.355102146147203 ], [ 81.57467163938469, 29.353809020869676 ], [ 81.574259803846928, 29.353276930685865 ], [ 81.573577013368549, 29.352394771301704 ], [ 81.572979624310278, 29.350908663204279 ], [ 81.57277857637024, 29.35040852053686 ], [ 81.572250575403814, 29.349691270735605 ], [ 81.568905638784258, 29.347941395978694 ], [ 81.568804388611682, 29.347797458585887 ], [ 81.56876657661627, 29.347939770903736 ], [ 81.568553368942901, 29.348741495823447 ], [ 81.568552763699131, 29.348743772007538 ], [ 81.568230390020517, 29.349112833990148 ], [ 81.565473576744239, 29.349984020746035 ], [ 81.564796389042158, 29.350467395553892 ], [ 81.564599763967976, 29.350761395621987 ], [ 81.563902135575177, 29.350896092480752 ], [ 81.563786951306838, 29.350918332714912 ], [ 81.563214325980425, 29.351326770614037 ], [ 81.562831200399614, 29.351434396080549 ], [ 81.562644576685898, 29.351672084199379 ], [ 81.56262795091925, 29.351694707544766 ], [ 81.562621949743232, 29.352066043912828 ], [ 81.562618326374718, 29.352290270979267 ], [ 81.562126014104308, 29.353142833674895 ], [ 81.56174795170665, 29.353575270882118 ], [ 81.561482107613244, 29.353770315847441 ], [ 81.561154200406065, 29.354010896185969 ], [ 81.560997952193816, 29.354277770902456 ], [ 81.560883519758704, 29.355179365535321 ], [ 81.560834388896012, 29.355566458925011 ], [ 81.560182200548184, 29.357674021039315 ], [ 81.560230200963076, 29.357865583829664 ], [ 81.558698467560305, 29.356514620453424 ], [ 81.55830570214647, 29.35616820789653 ], [ 81.556874388842004, 29.354716895468414 ], [ 81.555442701419565, 29.353076083294638 ], [ 81.554929201121809, 29.352396957553594 ], [ 81.554201139670909, 29.351811209319919 ], [ 81.55353913882027, 29.351049207454992 ], [ 81.553485516743251, 29.350990417873561 ], [ 81.552620826689861, 29.350042395740047 ], [ 81.552161514142597, 29.349502896041884 ], [ 81.551860700810778, 29.348398770486938 ], [ 81.552206701478156, 29.347858145736893 ], [ 81.552307189924932, 29.347769098465164 ], [ 81.552513577139905, 29.347586207837253 ], [ 81.552535513403257, 29.346645395568601 ], [ 81.552369513842052, 29.345705396287087 ], [ 81.552016201686399, 29.344883459104381 ], [ 81.551896060354977, 29.344609414093213 ], [ 81.551717076382033, 29.344201146166029 ], [ 81.550720638346831, 29.341089957735392 ], [ 81.550679303706943, 29.340991804827979 ], [ 81.549959077149765, 29.339281582978742 ], [ 81.549148138675719, 29.338204395716332 ], [ 81.548472951965209, 29.337501020655623 ], [ 81.548243885646855, 29.337371289853195 ], [ 81.547773076166607, 29.337104646262446 ], [ 81.546856452063651, 29.336377521005829 ], [ 81.546236888421731, 29.335933396209327 ], [ 81.546046388629975, 29.335464959140609 ], [ 81.545714536996343, 29.335004490964536 ], [ 81.545641138827534, 29.334902645440764 ], [ 81.545468803542519, 29.334792781561646 ], [ 81.545236827018016, 29.334644896145107 ], [ 81.543956700541344, 29.333698145652932 ], [ 81.543617357555092, 29.333386382175831 ], [ 81.54301307609262, 29.332831209093058 ], [ 81.54223113895597, 29.332245583167207 ], [ 81.540915264427952, 29.332063707873886 ], [ 81.540631104741749, 29.331981923526996 ], [ 81.539624700419665, 29.33169227078173 ], [ 81.538293764046045, 29.331214771244731 ], [ 81.537675888431579, 29.331099959295727 ], [ 81.536921451663716, 29.330586396045419 ], [ 81.536167264907419, 29.330117958077381 ], [ 81.535921669949175, 29.32973243850131 ], [ 81.535734388831031, 29.329438458218306 ], [ 81.534440013495896, 29.3283157086031 ], [ 81.534090075596566, 29.328105020830094 ], [ 81.533508826671095, 29.327365207938044 ], [ 81.532366471835246, 29.326817689884535 ], [ 81.531464263864734, 29.326385270663764 ], [ 81.530982452078547, 29.326181896177616 ], [ 81.530683201768397, 29.326054520699643 ], [ 81.530590389035297, 29.325420959110033 ], [ 81.529651576858839, 29.323965145575073 ], [ 81.529566326524787, 29.322885928542803 ], [ 81.52955520101176, 29.322745083918562 ], [ 81.529220950886213, 29.322076458661684 ], [ 81.528386639032249, 29.320405896015359 ], [ 81.528231077901978, 29.320173487816248 ], [ 81.527293264872355, 29.318772396229178 ], [ 81.526409638693906, 29.317535208782886 ], [ 81.525993013366929, 29.31660964631817 ], [ 81.525932718320348, 29.316421759056993 ], [ 81.52566476351808, 29.315586770912773 ], [ 81.52565570194912, 29.315079270891715 ], [ 81.525287764119071, 29.314979145771019 ], [ 81.523961202047872, 29.314937020627042 ], [ 81.523811831850594, 29.31503833555081 ], [ 81.523017826711396, 29.315576895457411 ], [ 81.522220013842627, 29.315476208260463 ], [ 81.521282950847535, 29.314708395875812 ], [ 81.520468389005032, 29.314605520628334 ], [ 81.519862513943906, 29.314921458758363 ], [ 81.519050826334649, 29.314254583582226 ], [ 81.51863657701648, 29.31326814600817 ], [ 81.518414717864971, 29.312920199207895 ], [ 81.518061201563285, 29.312365770763734 ], [ 81.516976451002449, 29.312018082968223 ], [ 81.51659570143056, 29.312060146058968 ], [ 81.515535171411102, 29.312566106440727 ], [ 81.514288451151174, 29.313160895558951 ], [ 81.513585933144384, 29.312929848933436 ], [ 81.512851013463546, 29.312688146240987 ], [ 81.511580560994162, 29.313461608166733 ], [ 81.510587575456327, 29.314066145935954 ], [ 81.510225576749008, 29.314514207964351 ], [ 81.509734763648453, 29.31456570764135 ], [ 81.509111450732917, 29.313839459223743 ], [ 81.508850452186664, 29.312726021188951 ], [ 81.508737399311599, 29.312426321217799 ], [ 81.508287076387546, 29.311232521563682 ], [ 81.507891577034684, 29.310503146203303 ], [ 81.507570076597801, 29.309389959079397 ], [ 81.507422867471405, 29.30916793265402 ], [ 81.506545076094426, 29.307844020884886 ], [ 81.506587452149233, 29.307045332975804 ], [ 81.506596951688039, 29.306749708732127 ], [ 81.506639429366203, 29.306480789856607 ], [ 81.506669325529003, 29.306291521236744 ], [ 81.506472767903972, 29.305934534451239 ], [ 81.505987575566223, 29.305053332845091 ], [ 81.505861749620124, 29.304117352633796 ], [ 81.505856638772912, 29.304079332894958 ], [ 81.505780201794948, 29.303847270934853 ], [ 81.505734951506838, 29.303536083923177 ], [ 81.505589702003192, 29.303182458803462 ], [ 81.504686326712658, 29.301613520447688 ], [ 81.50446419236863, 29.301282683249269 ], [ 81.502283194314032, 29.298034384179516 ], [ 81.501768889123014, 29.297268395619994 ], [ 81.501609077796786, 29.29718551050297 ], [ 81.501371576736915, 29.297062333060296 ], [ 81.500426694136706, 29.295912757567748 ], [ 81.50000001348991, 29.295393645500383 ], [ 81.497569826786162, 29.293530333857859 ], [ 81.496368721039687, 29.292978787740935 ], [ 81.495917764093576, 29.292771708947271 ], [ 81.49458088859717, 29.291989333840718 ], [ 81.494162096803393, 29.291620345602496 ], [ 81.493397889800804, 29.290947020488659 ], [ 81.493079619728746, 29.290811159007831 ], [ 81.492533325652516, 29.290577957606729 ], [ 81.491822769505291, 29.289636249613295 ], [ 81.491102389163984, 29.288681521235276 ], [ 81.490366013480809, 29.287678082877278 ], [ 81.489739202202486, 29.287035874306184 ], [ 81.489457701811546, 29.286747459028049 ], [ 81.48791713886493, 29.284075333110195 ], [ 81.487295326018511, 29.283071520634223 ], [ 81.486734967444875, 29.281764645621934 ], [ 81.486478264060679, 29.281165958841996 ], [ 81.485631138666179, 29.279560582654824 ], [ 81.484752763629217, 29.279223146231288 ], [ 81.484575513549146, 29.279153832783209 ], [ 81.484231997708605, 29.279022021848903 ], [ 81.484068951520953, 29.278959458712109 ], [ 81.48342432647155, 29.278957270661579 ], [ 81.482472138678304, 29.278243333063415 ], [ 81.481638513906375, 29.277993646189884 ], [ 81.48124676382713, 29.277992834102065 ], [ 81.480754888627246, 29.277773520931305 ], [ 81.480613701361278, 29.277710833688047 ], [ 81.479572138943126, 29.276726521212026 ], [ 81.479364504368448, 29.276591756004791 ], [ 81.477868013598027, 29.27562045851738 ], [ 81.476764023840701, 29.275451460616466 ], [ 81.476125452127974, 29.275353708806676 ], [ 81.474644077162509, 29.274831083987408 ], [ 81.474615825859757, 29.27481989552183 ], [ 81.473450139012755, 29.273989395893977 ], [ 81.472485913793946, 29.273330694655897 ], [ 81.471971764185639, 29.272979459034843 ], [ 81.469841053521861, 29.271852221802646 ], [ 81.469828763386772, 29.271845718804911 ], [ 81.469828388369478, 29.271845520954059 ], [ 81.469828874003383, 29.271845635168006 ], [ 81.469829972075615, 29.271845893273394 ], [ 81.469998389014506, 29.271885521000058 ], [ 81.471455041616935, 29.270378150231522 ], [ 81.471809576850546, 29.270011270903467 ], [ 81.472975326650044, 29.269077708969121 ], [ 81.473199139129008, 29.268657270516655 ], [ 81.473491228137732, 29.268652054448808 ], [ 81.473825638342589, 29.268646082950397 ], [ 81.474035576081008, 29.268694957506341 ], [ 81.474555201661303, 29.267833583253321 ], [ 81.475086888948852, 29.267497833058599 ], [ 81.475519139097059, 29.267083458734703 ], [ 81.475539014114247, 29.267065332898824 ], [ 81.476117325853977, 29.266941458481597 ], [ 81.476567388873946, 29.26690152048883 ], [ 81.476953764604616, 29.266706145472313 ], [ 81.477329701904296, 29.2666438961989 ], [ 81.477795888869252, 29.265911270688662 ], [ 81.478602798380507, 29.265017040603993 ], [ 81.479129452162567, 29.264433395884566 ], [ 81.479399264064853, 29.263951959115673 ], [ 81.479675888331656, 29.263955459277099 ], [ 81.479832638365622, 29.264047396070509 ], [ 81.480425325768238, 29.264397208064736 ], [ 81.480546057054937, 29.264406857790334 ], [ 81.481424638936005, 29.264477083150894 ], [ 81.482806754827948, 29.264116127657189 ], [ 81.482817450465006, 29.264113333463627 ], [ 81.482869105724717, 29.264108870128325 ], [ 81.484097513989127, 29.264002707858708 ], [ 81.484204278804498, 29.263947371673908 ], [ 81.485320513730755, 29.263368833305037 ], [ 81.486001888676299, 29.263014459050112 ], [ 81.486677701314932, 29.262964645601983 ], [ 81.487672263364345, 29.26313920850771 ], [ 81.488382217865137, 29.263264187292464 ], [ 81.488827201514198, 29.263342520940625 ], [ 81.489389894727935, 29.263015420425347 ], [ 81.489530138605062, 29.262933895982542 ], [ 81.490561575556342, 29.262336832478866 ], [ 81.490989263443794, 29.262190895893184 ], [ 81.491782965511504, 29.262071553159728 ], [ 81.49206582657672, 29.262029020622833 ], [ 81.492976638361256, 29.261637645560938 ], [ 81.493532928401976, 29.260816545647117 ], [ 81.494305076418186, 29.259676833918775 ], [ 81.494736076508786, 29.258748084256752 ], [ 81.49475832663552, 29.258700645918111 ], [ 81.495540958048821, 29.258429191853793 ], [ 81.495751013598465, 29.258356334177506 ], [ 81.496102701578479, 29.257921895978768 ], [ 81.496523889166212, 29.257112707585463 ], [ 81.496659389119543, 29.255871458800812 ], [ 81.496653076778102, 29.254567583027608 ], [ 81.49596760811869, 29.253971211102566 ], [ 81.495444701811607, 29.253516271059141 ], [ 81.495013325804393, 29.252213959206927 ], [ 81.495219888387169, 29.251033333721409 ], [ 81.495542320521736, 29.250610846613313 ], [ 81.496007201671091, 29.250001708811851 ], [ 81.49641432656, 29.248536145726575 ], [ 81.496403201946293, 29.247026957428204 ], [ 81.496474786182489, 29.246619678755224 ], [ 81.496580952049328, 29.246015645505679 ], [ 81.496636951034532, 29.246033520430672 ], [ 81.496774701091624, 29.245394583593225 ], [ 81.496983450825667, 29.244800521127218 ], [ 81.497403302020814, 29.244119417776972 ], [ 81.497966076173554, 29.243206459310727 ], [ 81.498525826805519, 29.242462146211153 ], [ 81.499333888348303, 29.241746270573969 ], [ 81.499999701425111, 29.241391834265812 ], [ 81.50115657671472, 29.23914739623541 ], [ 81.501393450947035, 29.238808145879261 ], [ 81.501122701951203, 29.23852939561516 ], [ 81.500912389195435, 29.238394832755375 ], [ 81.499999888484126, 29.23879527118487 ], [ 81.499131700967268, 29.237970645928613 ], [ 81.498579326574713, 29.237313959171956 ], [ 81.498028450452694, 29.236959584017654 ], [ 81.497767504966419, 29.236872588099516 ], [ 81.497205264111699, 29.236685146002742 ], [ 81.496593013756637, 29.23626558348991 ], [ 81.496212140078285, 29.235820332742207 ], [ 81.496035765038584, 29.235511895857371 ], [ 81.495972489638746, 29.235265471724176 ], [ 81.495912513851465, 29.235031896205101 ], [ 81.495504139804268, 29.234354332586406 ], [ 81.494366816675324, 29.233599573861284 ], [ 81.494057264631124, 29.233394146222906 ], [ 81.493678700411749, 29.233036895936038 ], [ 81.493364441315975, 29.232485797681477 ], [ 81.493231951393511, 29.232253458730213 ], [ 81.493077638522266, 29.231455520855661 ], [ 81.492786201522051, 29.230883520558052 ], [ 81.491848576450707, 29.230194396154502 ], [ 81.491600451699526, 29.229665146029731 ], [ 81.490996201713415, 29.229162083263589 ], [ 81.490406888567122, 29.228816832630798 ], [ 81.489913655390922, 29.228377581260418 ], [ 81.489349826333466, 29.227875459185157 ], [ 81.48908820185909, 29.227483896164927 ], [ 81.48880451341762, 29.226911895867374 ], [ 81.488330639047831, 29.225422457580407 ], [ 81.488306127126123, 29.224883514562578 ], [ 81.488296888390721, 29.224680395483915 ], [ 81.488108076626474, 29.223647895533986 ], [ 81.488010888691633, 29.222402957730367 ], [ 81.488101638379987, 29.221207021287057 ], [ 81.48775129308774, 29.219692205031265 ], [ 81.487701264701684, 29.219475895596133 ], [ 81.48761570050425, 29.218508457999008 ], [ 81.487763951944885, 29.217375458810409 ], [ 81.48782662389965, 29.216365203591351 ], [ 81.487842201956084, 29.21611408409774 ], [ 81.488000452059282, 29.215184083478732 ], [ 81.487968513536146, 29.21400883324111 ], [ 81.487780507564423, 29.213038079843557 ], [ 81.487761576835339, 29.212940333429685 ], [ 81.487609952037701, 29.212543833131463 ], [ 81.487468794449342, 29.210912695864295 ], [ 81.487455577113224, 29.210759957705932 ], [ 81.487411476158741, 29.21061183396904 ], [ 81.487207326456996, 29.209926145874988 ], [ 81.487110554908213, 29.209278758108269 ], [ 81.487072513585701, 29.209024270653629 ], [ 81.486948002448401, 29.20865232094792 ], [ 81.486841701683261, 29.208334771232785 ], [ 81.486646076655177, 29.207751207452304 ], [ 81.486530176526458, 29.207243407057661 ], [ 81.486405826367843, 29.206698582473678 ], [ 81.486235387753027, 29.206387587916879 ], [ 81.486023326715213, 29.206000645613358 ], [ 81.485843653861593, 29.205344897748887 ], [ 81.485571951584348, 29.204353271086632 ], [ 81.485176200421392, 29.203447770698119 ], [ 81.484706032157703, 29.202528867713113 ], [ 81.484035575881194, 29.201218521317742 ], [ 81.483871701417968, 29.200537832554971 ], [ 81.483975513758992, 29.199648583815133 ], [ 81.484216076111068, 29.199002520749787 ], [ 81.484411176834385, 29.198829351793222 ], [ 81.484769825567071, 29.198511020567196 ], [ 81.485454638620752, 29.197606084053575 ], [ 81.48565138959998, 29.197346020802286 ], [ 81.485952264085768, 29.195716146183258 ], [ 81.48605445135189, 29.194490770432765 ], [ 81.486215576587654, 29.19379426349451 ], [ 81.486467076494421, 29.192707083864889 ], [ 81.487231060465149, 29.191909369921518 ], [ 81.487429701819337, 29.191701957479381 ], [ 81.488099764192839, 29.190959584217467 ], [ 81.488478514571852, 29.190154531806229 ], [ 81.488703639161656, 29.189676020531977 ], [ 81.489343844942539, 29.189107782997837 ], [ 81.489918450576113, 29.188597771170237 ], [ 81.490922701021873, 29.187445833158733 ], [ 81.491597514513728, 29.186759770946708 ], [ 81.491792639518735, 29.186565083911546 ], [ 81.491802873803636, 29.186542988468204 ], [ 81.491823077972754, 29.186499365953011 ], [ 81.492530576424997, 29.184971834182875 ], [ 81.492441701823111, 29.18385783317251 ], [ 81.49217844058262, 29.183411887248838 ], [ 81.491763952044835, 29.18270977123899 ], [ 81.491874866332068, 29.181918968585592 ], [ 81.491967200625879, 29.181260645962084 ], [ 81.491691263441112, 29.180537583842465 ], [ 81.490700925507383, 29.17953445485125 ], [ 81.490592764044891, 29.179424895842317 ], [ 81.490284060960676, 29.178853248978328 ], [ 81.489871764070699, 29.178089770426595 ], [ 81.489674563430412, 29.177790011999491 ], [ 81.489236638560101, 29.177124332921665 ], [ 81.488558451711242, 29.175852207713262 ], [ 81.489085138768189, 29.172949145786504 ], [ 81.490304825407406, 29.171309145700548 ], [ 81.491376204848052, 29.17056226953315 ], [ 81.492442201846188, 29.169819146236648 ], [ 81.494037513720343, 29.169222208638075 ], [ 81.497020513685811, 29.168807334291103 ], [ 81.496761701391449, 29.167910459300288 ], [ 81.496931389072415, 29.166854021196173 ], [ 81.496875202128933, 29.166667020666523 ], [ 81.496508826421234, 29.165441145792272 ], [ 81.496553950804241, 29.164942396174695 ], [ 81.496665951472551, 29.164443457699463 ], [ 81.496697826143816, 29.163725957886697 ], [ 81.497102825934746, 29.162425021097874 ], [ 81.497211200536526, 29.161181584262749 ], [ 81.497201262128613, 29.161018306949359 ], [ 81.497133763512409, 29.159909521107579 ], [ 81.497349138551954, 29.159527457626098 ], [ 81.497533290029367, 29.159336632279803 ], [ 81.497799201571979, 29.159061082702863 ], [ 81.498096075873264, 29.158383207918746 ], [ 81.498222575411603, 29.1574420206328 ], [ 81.498274141638376, 29.156428464901808 ], [ 81.498300638363844, 29.155907645921161 ], [ 81.498714700622997, 29.15477139568344 ], [ 81.499234734495474, 29.15412972220895 ], [ 81.499868201656227, 29.153348082747868 ], [ 81.499886263640235, 29.153230707731041 ], [ 81.500000325554652, 29.153164896243027 ], [ 81.500000325554652, 29.153163709137914 ], [ 81.500001763570594, 29.153162771145048 ], [ 81.500008013858803, 29.153151957696764 ], [ 81.500022951597998, 29.153126521271986 ], [ 81.500034389175767, 29.153106894467669 ], [ 81.50004732682271, 29.153084521133792 ], [ 81.500057326384535, 29.153067396243387 ], [ 81.5000695769495, 29.153046459126813 ], [ 81.500084201724576, 29.153021645932256 ], [ 81.500099700640703, 29.152994832645447 ], [ 81.500107013927618, 29.152982458873453 ], [ 81.500117326453505, 29.15297195928855 ], [ 81.500137326476477, 29.152951957466939 ], [ 81.500181638771664, 29.152906896036484 ], [ 81.500228701193635, 29.152859520650395 ], [ 81.500255325622845, 29.152832396198164 ], [ 81.500281013857773, 29.152806333845263 ], [ 81.500330575495695, 29.15275614627916 ], [ 81.500354138632645, 29.15273233403002 ], [ 81.500401701977012, 29.152684020651066 ], [ 81.500419513949453, 29.152666208678625 ], [ 81.500441639070459, 29.152622207548916 ], [ 81.500467200500964, 29.152571207894994 ], [ 81.500493139646721, 29.152520209140391 ], [ 81.500517326913155, 29.152471833708205 ], [ 81.500533888827988, 29.152439133459268 ], [ 81.500544138401324, 29.152418896015263 ], [ 81.500571325806106, 29.152364584158306 ], [ 81.500598514110209, 29.152310520514163 ], [ 81.500624325552224, 29.152259208795499 ], [ 81.500649576716626, 29.15220914623518 ], [ 81.500677889173289, 29.152152959291698 ], [ 81.500690326797212, 29.152128271102868 ], [ 81.500717014178917, 29.152075020445864 ], [ 81.500745263683029, 29.151999832626245 ], [ 81.500776077154285, 29.151916334171517 ], [ 81.500804826681474, 29.151839957448146 ], [ 81.500849889910569, 29.151718334033944 ], [ 81.50086057655443, 29.151686270505024 ], [ 81.501915389583644, 29.151646270459082 ], [ 81.502752912017343, 29.151617768245444 ], [ 81.50467382703556, 29.151552395626595 ], [ 81.505831075543767, 29.151568332512568 ], [ 81.507258826633574, 29.151585521254844 ], [ 81.508183702016311, 29.151516520770883 ], [ 81.508800763744318, 29.151433020517516 ], [ 81.509238452092973, 29.151460707945375 ], [ 81.509676138642931, 29.151619208060083 ], [ 81.5104378257451, 29.151819334194954 ], [ 81.511306202119613, 29.151759646190783 ], [ 81.512069013374344, 29.151659709028422 ], [ 81.512307199717554, 29.151572766170261 ], [ 81.512880951894488, 29.151363332951519 ], [ 81.513319700543775, 29.151221770668258 ], [ 81.513789826539323, 29.151192896135285 ], [ 81.51401726508476, 29.151307083055485 ], [ 81.514291951312543, 29.151764019593884 ], [ 81.514355763607682, 29.15206377082643 ], [ 81.514417076686811, 29.152136441443645 ], [ 81.514970451125464, 29.15279233319967 ], [ 81.515294138713614, 29.15302120886173 ], [ 81.515586263695184, 29.153105833267659 ], [ 81.516618274413872, 29.152867641528474 ], [ 81.516987888580275, 29.152782333637845 ], [ 81.517279951508613, 29.152724769832332 ], [ 81.517896139095626, 29.152855520465948 ], [ 81.51838195196558, 29.153126584224538 ], [ 81.518510090068673, 29.153199373552297 ], [ 81.518835575401567, 29.153384270567699 ], [ 81.519403325503106, 29.15345652120152 ], [ 81.520100951198003, 29.153557582516498 ], [ 81.520693451541604, 29.153451520970975 ], [ 81.520785015116417, 29.153388020740636 ], [ 81.5209182721606, 29.15329657857427 ], [ 81.521148701851189, 29.153138457973512 ], [ 81.521343764802964, 29.152954957605289 ], [ 81.521928076819336, 29.152756396290727 ], [ 81.522721950657569, 29.152703707709975 ], [ 81.522916201521525, 29.152741270593197 ], [ 81.523435702096037, 29.152809208977885 ], [ 81.523932826638713, 29.152904208862196 ], [ 81.524570991857843, 29.152978480272679 ], [ 81.524852201767771, 29.153011207501265 ], [ 81.525522825318205, 29.152983708031741 ], [ 81.525766075743832, 29.152933145448344 ], [ 81.52644076512928, 29.152686832831137 ], [ 81.527448076867302, 29.152157270641567 ], [ 81.528737201960382, 29.151457332789732 ], [ 81.528954082464963, 29.151296410800796 ], [ 81.529593013906549, 29.1508223340835 ], [ 81.530470451849908, 29.150160146173846 ], [ 81.531416701419687, 29.14949764619945 ], [ 81.532370263377004, 29.148778707471422 ], [ 81.532934140098519, 29.14823733268679 ], [ 81.53339406598343, 29.147815974227854 ], [ 81.533812138319604, 29.14743295926371 ], [ 81.53452713981568, 29.146920271053716 ], [ 81.535101326365179, 29.146514146210905 ], [ 81.535105326549626, 29.14641489613058 ], [ 81.53512870172824, 29.14584627098867 ], [ 81.535098265072918, 29.145176395674184 ], [ 81.535130951832002, 29.144910083033949 ], [ 81.535132013931332, 29.144876208270432 ], [ 81.535167700828765, 29.143829395610169 ], [ 81.535090201751473, 29.143245332705987 ], [ 81.535085451532439, 29.142331707842118 ], [ 81.534965141128396, 29.142174601676572 ], [ 81.53468245183376, 29.141805457855639 ], [ 81.534803577023524, 29.14149145866395 ], [ 81.534804889134364, 29.14088002129597 ], [ 81.535087950748391, 29.140091583859544 ], [ 81.535351764172617, 29.139657395672316 ], [ 81.535744388392857, 29.138703770762447 ], [ 81.535923200595278, 29.138375957984124 ], [ 81.536211763362246, 29.137634895933729 ], [ 81.536281263869284, 29.13754433420371 ], [ 81.536311888482942, 29.137503646176356 ], [ 81.536399763937993, 29.137363396003991 ], [ 81.536517388966388, 29.137250146177337 ], [ 81.53661520103077, 29.137155082441154 ], [ 81.536781764466923, 29.137059582533766 ], [ 81.536880201560109, 29.136964458542991 ], [ 81.537065764073816, 29.136826082557718 ], [ 81.537331639643526, 29.136685146202581 ], [ 81.537547825871513, 29.136623396052926 ], [ 81.537812826400852, 29.136561395891761 ], [ 81.537990099863293, 29.136551421510944 ], [ 81.538071638695214, 29.136546834069179 ], [ 81.539438013753397, 29.136302208580105 ], [ 81.540581950496687, 29.135528333865579 ], [ 81.541292536321578, 29.134634403255177 ], [ 81.541614576351662, 29.134229271263905 ], [ 81.542760639092251, 29.133744082523435 ], [ 81.543570663855121, 29.133437298592526 ], [ 81.54478976413634, 29.132975583056748 ], [ 81.544943701990292, 29.132918583126184 ], [ 81.546526889204642, 29.13238427071758 ], [ 81.548108075427422, 29.131464145553934 ], [ 81.550315639455278, 29.130207583113531 ], [ 81.551169168022739, 29.129758386140679 ], [ 81.552061139010391, 29.12928895801906 ], [ 81.55418970119382, 29.128510896061073 ], [ 81.555391514706685, 29.128266832648251 ], [ 81.556593138462631, 29.128106209234204 ], [ 81.557631763694985, 29.127968771241854 ], [ 81.55844701531754, 29.127917133968594 ], [ 81.559271763780941, 29.127864895948221 ], [ 81.561130576115261, 29.127715021231268 ], [ 81.563753639518893, 29.127415270898098 ], [ 81.566211263638991, 29.12682964587151 ], [ 81.567331389032461, 29.126091708065928 ], [ 81.566769276780747, 29.125938022022126 ], [ 81.566015138587829, 29.125731833557325 ], [ 81.564827013655815, 29.125303707700027 ], [ 81.563541138712651, 29.125083521287536 ], [ 81.562768701114749, 29.124895020688712 ], [ 81.561890697497745, 29.124252588186437 ], [ 81.561637514060067, 29.124067333240873 ], [ 81.561281013807786, 29.123825145813896 ], [ 81.558495370964636, 29.122761326074396 ], [ 81.558359388974679, 29.122709394722847 ], [ 81.558179332110569, 29.122610221084869 ], [ 81.556733326581821, 29.121813770689016 ], [ 81.55657663590307, 29.121732132931641 ], [ 81.555345888502018, 29.121090895628356 ], [ 81.55314457656101, 29.119624584307189 ], [ 81.551715327200668, 29.118520520805419 ], [ 81.55109957668418, 29.117968145513544 ], [ 81.550201701647268, 29.116408457584328 ], [ 81.549564264878995, 29.115389083239677 ], [ 81.547172638406607, 29.113488083708148 ], [ 81.547013264150905, 29.113351145738818 ], [ 81.546160638502727, 29.112799645487314 ], [ 81.545009950548831, 29.11198770786649 ], [ 81.543897325501234, 29.110846208285921 ], [ 81.542874450995157, 29.109914083468254 ], [ 81.542577576693873, 29.109759645591225 ], [ 81.541942702094104, 29.109326834266028 ], [ 81.54118820147437, 29.10886058254988 ], [ 81.540389888582524, 29.108369769449325 ], [ 81.539304888909555, 29.107584583062135 ], [ 81.538490326167675, 29.106685458866878 ], [ 81.537589576897517, 29.106359708233981 ], [ 81.536008263870315, 29.106332207865137 ], [ 81.534822014024769, 29.10619708382842 ], [ 81.53314176388136, 29.106169958476869 ], [ 81.531489014106796, 29.105603457533562 ], [ 81.530735889449772, 29.105277083670501 ], [ 81.530221452058413, 29.105139270660857 ], [ 81.529648513767938, 29.105123457881348 ], [ 81.528600514002562, 29.105023895736224 ], [ 81.527433576198632, 29.104890832945614 ], [ 81.526981763997242, 29.104820396244349 ], [ 81.526464325568213, 29.104738958136465 ], [ 81.525285764026819, 29.104204395716351 ], [ 81.524651638562318, 29.103773769743725 ], [ 81.523975013835866, 29.102822145825428 ], [ 81.523518638474457, 29.100583771024276 ], [ 81.523558326455657, 29.100549771254975 ], [ 81.523378765117968, 29.100221083436281 ], [ 81.522921451763636, 29.099701770820104 ], [ 81.521871201894498, 29.099132832714133 ], [ 81.520899576154591, 29.098493645865119 ], [ 81.520400451519663, 29.097455583608337 ], [ 81.519852513482761, 29.096519270647889 ], [ 81.519547076736274, 29.09630158345135 ], [ 81.519079138791255, 29.095967271272627 ], [ 81.51826857533456, 29.095936582807099 ], [ 81.516546763922065, 29.095388270652222 ], [ 81.516275076033992, 29.09511408264882 ], [ 81.515772325332591, 29.094608395660998 ], [ 81.514886888818921, 29.093467958179758 ], [ 81.514628326536126, 29.093121582495087 ], [ 81.513421638697707, 29.091806520954208 ], [ 81.513198202135356, 29.09156370759905 ], [ 81.513062229138598, 29.091474341068022 ], [ 81.512464450673917, 29.091081458742394 ], [ 81.511671951899132, 29.090667145572354 ], [ 81.510298075595756, 29.090464771132361 ], [ 81.508203139063653, 29.09040283302437 ], [ 81.507862291511628, 29.09040412175284 ], [ 81.507740138396741, 29.090404584004375 ], [ 81.507432576552219, 29.090405771109488 ], [ 81.50729466461712, 29.090442122605907 ], [ 81.506564264928954, 29.090634645872285 ], [ 81.50599157664999, 29.090794708109343 ], [ 81.504972189714863, 29.091111409763812 ], [ 81.504808076931283, 29.091162395927881 ], [ 81.504722244735888, 29.091167729806955 ], [ 81.503918951398532, 29.09121764577776 ], [ 81.503029638806822, 29.091220958880172 ], [ 81.502641336728345, 29.091152042033173 ], [ 81.502619359995549, 29.091148140774123 ], [ 81.502357388382848, 29.091101645824324 ], [ 81.501268950601627, 29.090706395583766 ], [ 81.501027956575001, 29.090555683597984 ], [ 81.499999513466832, 29.089912520846212 ], [ 81.499076702028219, 29.088975270792162 ], [ 81.498541075710136, 29.088677207587125 ], [ 81.497534326947687, 29.088435021059411 ], [ 81.49507345087909, 29.08824558426636 ], [ 81.493911950376287, 29.087588895711008 ], [ 81.491162388333635, 29.086626646302761 ], [ 81.489888826907872, 29.086028958669544 ], [ 81.488562576901472, 29.085426958787195 ], [ 81.486601075479314, 29.084082770903194 ], [ 81.485321076706384, 29.083333894643602 ], [ 81.484882014193659, 29.083076084193976 ], [ 81.483345513484721, 29.082533395499865 ], [ 81.480072076565136, 29.08126826971494 ], [ 81.475859075635867, 29.080351583558809 ], [ 81.474402266551408, 29.079809689865328 ], [ 81.473588077028182, 29.079506833273797 ], [ 81.47114876400434, 29.078060334017266 ], [ 81.470572013487697, 29.077464520571198 ], [ 81.47053076338409, 29.075585521154949 ], [ 81.470400514572134, 29.074902333176169 ], [ 81.469142702074123, 29.072488332470641 ], [ 81.4696208886931, 29.070745083019233 ], [ 81.469526638843377, 29.069364708214778 ], [ 81.469549996035539, 29.06908737078561 ], [ 81.469582701680395, 29.068699021043017 ], [ 81.469366751974064, 29.068339626772399 ], [ 81.468720714089727, 29.067264457588692 ], [ 81.46857357600976, 29.067019582987427 ], [ 81.468486827405229, 29.066963561519174 ], [ 81.466408888959108, 29.065621646222041 ], [ 81.465648571524412, 29.065404707261507 ], [ 81.464307575334374, 29.065022083502413 ], [ 81.462933657662234, 29.064981864921208 ], [ 81.462240825353888, 29.064961584309742 ], [ 81.461060076661283, 29.064631707587296 ], [ 81.46101523556473, 29.064598029775311 ], [ 81.458620201561132, 29.062799208516708 ], [ 81.458333076810106, 29.062619707433612 ], [ 81.457281825995551, 29.061964520746074 ], [ 81.455077700975153, 29.059702520754797 ], [ 81.454166325315725, 29.059152895589705 ], [ 81.452398888597884, 29.058089521014608 ], [ 81.448982638438054, 29.056176645036203 ], [ 81.446808451848653, 29.05453702086686 ], [ 81.44589601408984, 29.053725646221665 ], [ 81.44558046356758, 29.052950944130828 ], [ 81.444704889019476, 29.050801333314951 ], [ 81.44482463914585, 29.049228520679719 ], [ 81.444726639123132, 29.046889395729067 ], [ 81.444453514118436, 29.046215771140965 ], [ 81.443250575553691, 29.043934396155521 ], [ 81.443145014031245, 29.043718271081389 ], [ 81.442122888660435, 29.04244239570005 ], [ 81.441871325801117, 29.041992020615282 ], [ 81.441805763425293, 29.041667395933644 ], [ 81.441581950047009, 29.040559874538644 ], [ 81.441574325594729, 29.040522146180137 ], [ 81.441422826702137, 29.040218083597722 ], [ 81.441200888410322, 29.03994583363334 ], [ 81.440476075310698, 29.039300707661596 ], [ 81.439936663746096, 29.039017056092291 ], [ 81.439926138980184, 29.039011520765143 ], [ 81.438626826366999, 29.038508207987434 ], [ 81.437067389348613, 29.038080083928776 ], [ 81.436615661683504, 29.037982288951525 ], [ 81.43648220139255, 29.037953395532838 ], [ 81.436308816598682, 29.037939395786509 ], [ 81.435488325525853, 29.037873145429387 ], [ 81.434893888941872, 29.037676521254525 ], [ 81.434480826728816, 29.037450020701954 ], [ 81.434220825530758, 29.037119269838456 ], [ 81.433618138566317, 29.034966707447666 ], [ 81.433154826733926, 29.033445396288073 ], [ 81.433048700437212, 29.03292914586342 ], [ 81.432760451533682, 29.032126957792912 ], [ 81.432437451926944, 29.031466957933787 ], [ 81.432341737980892, 29.031053074639715 ], [ 81.432264889113412, 29.030720770647122 ], [ 81.432036763485883, 29.030340271086686 ], [ 81.431776889092191, 29.029416145738594 ], [ 81.430624951080688, 29.027876770796411 ], [ 81.429298264003762, 29.025816771127154 ], [ 81.427934951137161, 29.023874207628637 ], [ 81.427289951070463, 29.022928708992765 ], [ 81.426396868520726, 29.022894006852994 ], [ 81.424220972320086, 29.022809458889469 ], [ 81.422567450927204, 29.022745208624542 ], [ 81.420760452133209, 29.022437208810175 ], [ 81.419555888493505, 29.021292645239441 ], [ 81.419208075692211, 29.019886021023126 ], [ 81.418812575440086, 29.019341271082851 ], [ 81.417624826424685, 29.017912457893658 ], [ 81.417137638491283, 29.017086019604164 ], [ 81.417030638952895, 29.016797583641619 ], [ 81.417032326980348, 29.016578707541385 ], [ 81.416726888435221, 29.014820021227024 ], [ 81.416666826313019, 29.013771082569463 ], [ 81.416744138331353, 29.013685146052694 ], [ 81.416811638746196, 29.013245020541319 ], [ 81.416858838764483, 29.0125357189483 ], [ 81.416870950833754, 29.012353708756677 ], [ 81.417886325893278, 29.009232770775782 ], [ 81.419254951055223, 29.007816271104105 ], [ 81.420504326113814, 29.006104584259219 ], [ 81.420787450680336, 29.004242458822489 ], [ 81.419949951629008, 29.002605020905037 ], [ 81.419455700420315, 29.00174702090834 ], [ 81.419066385705207, 29.000581772930502 ], [ 81.419058888956613, 29.000559333946171 ], [ 81.419049566584306, 29.000554019852189 ], [ 81.418078888729781, 29.000000646312856 ], [ 81.417476325871803, 28.999336959233347 ], [ 81.41700338859556, 28.998988769616062 ], [ 81.416916639091653, 28.998968707539859 ], [ 81.416680451941374, 28.998775457621321 ], [ 81.416666950419483, 28.998770958313116 ], [ 81.41637907653319, 28.99865908265059 ], [ 81.416142388460514, 28.998504082697309 ], [ 81.415711263364187, 28.998345270517859 ], [ 81.41556076361843, 28.998248770564373 ], [ 81.415128576422717, 28.998148584289765 ], [ 81.414782701660386, 28.9981270832983 ], [ 81.414089827083899, 28.998140520069001 ], [ 81.41365645188381, 28.998211769757404 ], [ 81.413310014145907, 28.998210583551668 ], [ 81.413050575923421, 28.998150457577594 ], [ 81.412533326351991, 28.997953584290542 ], [ 81.412275326145448, 28.997778332504083 ], [ 81.412190200817179, 28.997663520555079 ], [ 81.412020889052826, 28.99735495776514 ], [ 81.411895888684398, 28.996895083141624 ], [ 81.411963076135123, 28.996685146302525 ], [ 81.412008013459115, 28.996531582566547 ], [ 81.412162388383592, 28.996303270779379 ], [ 81.412380888567213, 28.996076959084462 ], [ 81.412577888658689, 28.995925207482401 ], [ 81.413229514030888, 28.995720207921295 ], [ 81.413554701688213, 28.995705646098713 ], [ 81.414595952041623, 28.995542270759245 ], [ 81.415192130612411, 28.995338209191061 ], [ 81.415573577158909, 28.995207645616404 ], [ 81.41631338915164, 28.994909771268965 ], [ 81.416666763360524, 28.994556771178111 ], [ 81.416882700476322, 28.99434177025654 ], [ 81.417168826979832, 28.994000207743454 ], [ 81.417345389078491, 28.99371314594498 ], [ 81.41738130979968, 28.99362087910032 ], [ 81.417434201627145, 28.993485020317507 ], [ 81.417484514199032, 28.992911895867337 ], [ 81.417464139158767, 28.992796833906823 ], [ 81.417734889053918, 28.991823708997003 ], [ 81.417912950322432, 28.991441832574537 ], [ 81.418088514173633, 28.991233769922587 ], [ 81.418350700724318, 28.991025396105215 ], [ 81.419136013915988, 28.990571770870588 ], [ 81.420204987670104, 28.989820139088181 ], [ 81.420402576817537, 28.989681208221214 ], [ 81.420861576400682, 28.989282707830739 ], [ 81.42140970059728, 28.988712458513191 ], [ 81.421981451782642, 28.987970707582122 ], [ 81.422225701355103, 28.987457833212488 ], [ 81.422293451781456, 28.987227459279893 ], [ 81.422311181915575, 28.986934960180292 ], [ 81.422373326867614, 28.985909707866767 ], [ 81.422532889081651, 28.985221145539469 ], [ 81.422957388872476, 28.984078270895509 ], [ 81.423289638905771, 28.983447769698842 ], [ 81.423508702065021, 28.983201208868763 ], [ 81.424034139064304, 28.982746083564962 ], [ 81.424515763791533, 28.982252769449815 ], [ 81.425216264618996, 28.98162564610675 ], [ 81.425368638551902, 28.981550709197904 ], [ 81.426483200739199, 28.980698895637602 ], [ 81.426746264128838, 28.980413833032003 ], [ 81.426900576100763, 28.98018545829234 ], [ 81.427545139096935, 28.978755395045482 ], [ 81.427550701403788, 28.97823870844968 ], [ 81.427406326940513, 28.977607458117745 ], [ 81.427072576837986, 28.976458021120834 ], [ 81.426841639030499, 28.975824770696647 ], [ 81.426587451050068, 28.975306708138135 ], [ 81.426312014787698, 28.974788707632797 ], [ 81.425983459169345, 28.97436689411694 ], [ 81.425458327040246, 28.973692707452528 ], [ 81.424737514125013, 28.972309832532801 ], [ 81.4246300280534, 28.971999466602142 ], [ 81.424359763792097, 28.971219082594644 ], [ 81.4242183256153, 28.970355521190413 ], [ 81.424181388660202, 28.969782582899938 ], [ 81.424319451681413, 28.96903764567088 ], [ 81.424475638739807, 28.968637834068829 ], [ 81.424962075739245, 28.967781270289436 ], [ 81.425427638574718, 28.966807458297637 ], [ 81.425780263648278, 28.966314583051599 ], [ 81.426112397669101, 28.966007625551526 ], [ 81.42645882641375, 28.965687457909894 ], [ 81.426849138476996, 28.965614083123512 ], [ 81.427304389685901, 28.965596833227323 ], [ 81.427563701103963, 28.965636583261755 ], [ 81.427888701702273, 28.965601707552821 ], [ 81.428148951113258, 28.965564832650955 ], [ 81.42827907581875, 28.965546333596478 ], [ 81.428737263314133, 28.965301208084327 ], [ 81.429128513370244, 28.965151084255183 ], [ 81.42954263858195, 28.964944457820536 ], [ 81.430023702132189, 28.964487208318076 ], [ 81.430179389167506, 28.964146082875459 ], [ 81.430226700701724, 28.963800771088756 ], [ 81.430187451589688, 28.963457957618687 ], [ 81.430193013896542, 28.962941333076117 ], [ 81.430218514173134, 28.962596082443326 ], [ 81.430309451819824, 28.962252832802051 ], [ 81.430485951865251, 28.961968021107339 ], [ 81.431185576753023, 28.961340895965634 ], [ 81.431383451884869, 28.961112396220187 ], [ 81.431760888354347, 28.960256144505536 ], [ 81.432181076795302, 28.959512583239189 ], [ 81.432293138617524, 28.959169269746042 ], [ 81.432490451673061, 28.958940770899915 ], [ 81.432580263368493, 28.958654020266863 ], [ 81.432734514186564, 28.958425645527143 ], [ 81.43282776399019, 28.958332832794042 ], [ 81.432866076907999, 28.958294457823001 ], [ 81.432909514162816, 28.958255895793002 ], [ 81.433194826779868, 28.957932333210636 ], [ 81.433522638658928, 28.957647019694264 ], [ 81.433566575936766, 28.957572457802712 ], [ 81.433893888692069, 28.957325458103469 ], [ 81.434097314439555, 28.957231320668939 ], [ 81.434546765021253, 28.957023332660697 ], [ 81.435068638906614, 28.956836645994485 ], [ 81.435785014566818, 28.956687707471758 ], [ 81.436110013366488, 28.956652770608912 ], [ 81.437409826902069, 28.956623771070213 ], [ 81.437930325723983, 28.956570207449147 ], [ 81.438449763345943, 28.956573020528538 ], [ 81.438904013609374, 28.956614395637928 ], [ 81.439227264126998, 28.956769020573915 ], [ 81.439329773350437, 28.956802982571617 ], [ 81.439874513398138, 28.956983457620538 ], [ 81.440176076764601, 28.95715845759679 ], [ 81.440648451964535, 28.957544957433868 ], [ 81.440883764074499, 28.957832958124584 ], [ 81.441334389170777, 28.958237520844989 ], [ 81.441422014614318, 28.958332020706223 ], [ 81.441740951983377, 28.958680644696074 ], [ 81.442770138830895, 28.959566145960935 ], [ 81.443351388655742, 28.959913895809677 ], [ 81.443868952090497, 28.960070082868071 ], [ 81.443999263855005, 28.960089895832084 ], [ 81.444194138848502, 28.960073583029498 ], [ 81.444367700808812, 28.960016583098877 ], [ 81.444607639031346, 28.959884896270978 ], [ 81.444804452063863, 28.959715082684966 ], [ 81.445331889155398, 28.959029770507527 ], [ 81.445706513444918, 28.958457771109295 ], [ 81.445765013444657, 28.958331208618461 ], [ 81.445839327123281, 28.958173020568495 ], [ 81.446039763524311, 28.957658021100826 ], [ 81.446264263984631, 28.956912770907707 ], [ 81.446330075472645, 28.956711770631784 ], [ 81.446376326706172, 28.956569519467791 ], [ 81.446445513349829, 28.956111270818553 ], [ 81.446579326175026, 28.955767958224726 ], [ 81.446608451618829, 28.955079770914722 ], [ 81.44656713946199, 28.9548497711001 ], [ 81.446552575840769, 28.954161770849112 ], [ 81.446691888919588, 28.953301770760163 ], [ 81.446870952032896, 28.952730394592095 ], [ 81.446896763474911, 28.952328707903575 ], [ 81.446933576323545, 28.950893771230596 ], [ 81.446852514132274, 28.950377394900897 ], [ 81.446835763359843, 28.949917271165191 ], [ 81.446831413339112, 28.949905420798586 ], [ 81.44679357706201, 28.949802333311084 ], [ 81.446755514155711, 28.949285832874921 ], [ 81.44673551413274, 28.949114458065822 ], [ 81.446716451203315, 28.948866334214017 ], [ 81.446730263890629, 28.947602895557225 ], [ 81.446479076947924, 28.94674195927405 ], [ 81.446289638356177, 28.946223708757202 ], [ 81.446166326015202, 28.945592395472715 ], [ 81.446146513950509, 28.945457144631575 ], [ 81.446125513881441, 28.945344394827998 ], [ 81.446002263593641, 28.944710833238389 ], [ 81.445984763685942, 28.944368019768376 ], [ 81.445941576442635, 28.944309519768581 ], [ 81.445900826362106, 28.944079520853279 ], [ 81.445947013743762, 28.943792833172779 ], [ 81.445803826385543, 28.942990208031745 ], [ 81.445807451552696, 28.942645021250769 ], [ 81.445681639096449, 28.942300207688504 ], [ 81.44564488920031, 28.941668708244322 ], [ 81.445756951921851, 28.941325395650551 ], [ 81.445933639026293, 28.940981895098446 ], [ 81.446241450882326, 28.940525145619006 ], [ 81.44639463870169, 28.940355520890648 ], [ 81.446525638447497, 28.94026027009545 ], [ 81.446786451733431, 28.940203021052639 ], [ 81.447175701697347, 28.940226521237037 ], [ 81.447499701350182, 28.940266021259902 ], [ 81.447629388985149, 28.94030620746554 ], [ 81.447713249866638, 28.940304810818418 ], [ 81.448473763353547, 28.940292145666035 ], [ 81.449189638990731, 28.940201770095655 ], [ 81.449645638435527, 28.940089771225985 ], [ 81.450100701686097, 28.940036269658151 ], [ 81.450752014094235, 28.939849082968863 ], [ 81.451598263549101, 28.939681582439107 ], [ 81.451989576557764, 28.93956970857522 ], [ 81.452642201076799, 28.939249458196002 ], [ 81.45305751339356, 28.938907395659839 ], [ 81.453320826794766, 28.938565833146754 ], [ 81.453518763979844, 28.938222332594648 ], [ 81.45422095193544, 28.937367082724734 ], [ 81.454395888959141, 28.937195082886831 ], [ 81.455136888956304, 28.936703019728611 ], [ 81.455815075805162, 28.936078020584262 ], [ 81.456441913163815, 28.935328037259183 ], [ 81.456450388374776, 28.935317895604442 ], [ 81.456780888327387, 28.934802395214433 ], [ 81.456939013424801, 28.934172395839425 ], [ 81.456942638591954, 28.9338295212155 ], [ 81.457033200321973, 28.933427582716831 ], [ 81.456970638983876, 28.933197707907937 ], [ 81.456980076469392, 28.932279458730079 ], [ 81.457068451947578, 28.932107708004366 ], [ 81.457114638429857, 28.931820958270634 ], [ 81.457181888833134, 28.931651645607019 ], [ 81.457424327170997, 28.931231146000641 ], [ 81.457664451553228, 28.931022771283892 ], [ 81.457925076880827, 28.93094745845849 ], [ 81.458333888897926, 28.930745270178136 ], [ 81.458381888413498, 28.930722520927645 ], [ 81.459227638744608, 28.93059339626825 ], [ 81.459746325432604, 28.93059833264698 ], [ 81.460654638900508, 28.93070126994769 ], [ 81.461043826811192, 28.930704458044374 ], [ 81.461369763603784, 28.930610833223398 ], [ 81.461695388331577, 28.930458582497636 ], [ 81.462370700947133, 28.930063646120402 ], [ 81.462610765074828, 28.929835020469852 ], [ 81.462893950795262, 28.929646770781915 ], [ 81.463396513538328, 28.929191582525561 ], [ 81.463526950308562, 28.929116707669948 ], [ 81.464243388921318, 28.928890895998109 ], [ 81.465023326865094, 28.92882051955138 ], [ 81.466059326077072, 28.929096707646977 ], [ 81.466578700746481, 28.929099395720584 ], [ 81.467162388633369, 28.929162833897692 ], [ 81.467551575644734, 28.929163708038743 ], [ 81.467622575321627, 28.9291437385927 ], [ 81.467681577143139, 28.929127145201619 ], [ 81.468160200832642, 28.92892020760155 ], [ 81.468290576449022, 28.928825020658223 ], [ 81.468360332363488, 28.928712093688205 ], [ 81.468642513541226, 28.928255269565113 ], [ 81.469084639144853, 28.927340020525605 ], [ 81.469150325627083, 28.92726533272895 ], [ 81.469259765026209, 28.927073207862293 ], [ 81.469348075753146, 28.926903708139662 ], [ 81.469697388623615, 28.926446770701943 ], [ 81.469807264193946, 28.926218520968007 ], [ 81.470223076533784, 28.92559214586089 ], [ 81.4706599518953, 28.92507851965803 ], [ 81.471119075584909, 28.924393332486375 ], [ 81.472056825662037, 28.923368083770129 ], [ 81.472416912410608, 28.922876276918714 ], [ 81.472515577032311, 28.922741520704676 ], [ 81.472689826973976, 28.922571708017983 ], [ 81.472953576546388, 28.922056457639485 ], [ 81.473190703488228, 28.921443519303011 ], [ 81.473815325816702, 28.919828957440473 ], [ 81.474383138870792, 28.919086958296532 ], [ 81.474733763852157, 28.918517208102742 ], [ 81.475197575707625, 28.91731539548914 ], [ 81.475220888833007, 28.917087458719323 ], [ 81.475309575476558, 28.916856957982304 ], [ 81.475436263872552, 28.916667083219352 ], [ 81.475462389177949, 28.916628646195136 ], [ 81.475593325971261, 28.916515395469162 ], [ 81.475944513928255, 28.91606064608203 ], [ 81.476064787460018, 28.915954990130729 ], [ 81.476140451920401, 28.915888521238344 ], [ 81.476621826636062, 28.9153182701221 ], [ 81.476905889195507, 28.915053332545313 ], [ 81.477234576114881, 28.914596396006914 ], [ 81.47740945198467, 28.914426646272773 ], [ 81.477695200772928, 28.913969895894013 ], [ 81.478175826353379, 28.913514707637717 ], [ 81.478439388866775, 28.91311445896514 ], [ 81.478614201784069, 28.912944646278447 ], [ 81.478986825981281, 28.912413146049914 ], [ 81.479249139336389, 28.91216633251031 ], [ 81.479422577190235, 28.912109332579689 ], [ 81.479596952137683, 28.911977832810805 ], [ 81.479749076958399, 28.911882519962376 ], [ 81.479923014835322, 28.911789458117028 ], [ 81.480269326668122, 28.911675396202611 ], [ 81.480792388557916, 28.911260708015334 ], [ 81.480923702167161, 28.911106770161382 ], [ 81.480989389548768, 28.911032146216598 ], [ 81.481274577160093, 28.910613707856385 ], [ 81.481385138913083, 28.910385458122448 ], [ 81.481790024490124, 28.909858944634664 ], [ 81.481823513444454, 28.909815395863859 ], [ 81.481837330628366, 28.909801514828075 ], [ 81.482107451897434, 28.909530146199359 ], [ 81.482502889197065, 28.908960208047233 ], [ 81.482612138839215, 28.908659073657361 ], [ 81.48281432532093, 28.908101770980011 ], [ 81.482973263405427, 28.907413145700161 ], [ 81.483174763704426, 28.906785207571318 ], [ 81.483483076482855, 28.906213333178812 ], [ 81.483706450991974, 28.905583145845583 ], [ 81.48381588859246, 28.905413521117168 ], [ 81.483949575512554, 28.905070145570789 ], [ 81.484102952189573, 28.904841708777894 ], [ 81.48417151380437, 28.904554896091611 ], [ 81.484281951450953, 28.904326709310226 ], [ 81.484327701762084, 28.904096394732903 ], [ 81.484616513641242, 28.903353144631978 ], [ 81.484990513801222, 28.902726894530588 ], [ 81.485670138666023, 28.901813019655208 ], [ 81.486040951628695, 28.901471020970916 ], [ 81.48628195105124, 28.901188145516528 ], [ 81.48799020158657, 28.899020707439774 ], [ 81.488470577155454, 28.89852714601102 ], [ 81.488958265111876, 28.898152405709027 ], [ 81.489037015146209, 28.898091894825143 ], [ 81.489364389055368, 28.897788396117619 ], [ 81.489494826724922, 28.897713519463423 ], [ 81.489887263886203, 28.897353332890077 ], [ 81.490236013781043, 28.897088146201042 ], [ 81.491109263581734, 28.896196082583174 ], [ 81.491261325449841, 28.896100770634121 ], [ 81.491588764110247, 28.895817583115047 ], [ 81.492940132181388, 28.894571276543218 ], [ 81.493420889062861, 28.894127895486065 ], [ 81.493747889753365, 28.893883019985424 ], [ 81.494161368352536, 28.893673899730743 ], [ 81.494269013604139, 28.893619457472028 ], [ 81.494399263315415, 28.893524144623655 ], [ 81.494724888942528, 28.893392144831694 ], [ 81.49505132665746, 28.8931653331137 ], [ 81.4961597015091, 28.89254320820254 ], [ 81.496551325683185, 28.892279957753885 ], [ 81.496681138323936, 28.892223082829048 ], [ 81.496877763398118, 28.89205089593213 ], [ 81.49711663862206, 28.891880833233927 ], [ 81.497513165000612, 28.891605705439019 ], [ 81.498205139355775, 28.891125582579605 ], [ 81.499117702120316, 28.890578457529841 ], [ 81.499509763364927, 28.890274707911487 ], [ 81.500000076442404, 28.890144333194485 ], [ 81.500231696835385, 28.890130015088175 ], [ 81.500388325460904, 28.89012033298701 ], [ 81.500578571643814, 28.889945922966035 ], [ 81.500600825367826, 28.889925520946065 ], [ 81.500793951179958, 28.889836769551323 ], [ 81.501068173357567, 28.889809281773012 ], [ 81.501494764072163, 28.889766519909017 ], [ 81.501762980577155, 28.889643184185672 ], [ 81.502226950713236, 28.889429832620749 ], [ 81.503579576036657, 28.889242082955832 ], [ 81.503661202102876, 28.889237278777443 ], [ 81.504766826827677, 28.889172209230139 ], [ 81.505622826732122, 28.88925701979565 ], [ 81.506960076346502, 28.889601644500317 ], [ 81.508391826721493, 28.889733896102484 ], [ 81.508423201369681, 28.889727020785415 ], [ 81.508532076893914, 28.889704020624094 ], [ 81.510141263508558, 28.890086083206199 ], [ 81.510574826666982, 28.889885770012313 ], [ 81.510745138477432, 28.889729520001424 ], [ 81.510902700599217, 28.889440146045956 ], [ 81.511058638545364, 28.888954520234961 ], [ 81.511155513516201, 28.887016207831778 ], [ 81.511367388394319, 28.886052082437686 ], [ 81.511543326363494, 28.885593458771154 ], [ 81.511897825624203, 28.883805333149667 ], [ 81.512418203037726, 28.882574771008933 ], [ 81.512426263661212, 28.882555708079508 ], [ 81.512595346098408, 28.882300345584554 ], [ 81.512954888757179, 28.881757333134487 ], [ 81.513866513528853, 28.880792832723102 ], [ 81.51441920088547, 28.880071020661148 ], [ 81.514977263489982, 28.878877707540198 ], [ 81.515299263949942, 28.877777771027354 ], [ 81.515341076129801, 28.877678332988751 ], [ 81.515536201134807, 28.877215208215318 ], [ 81.516041264892522, 28.876337833224454 ], [ 81.516410513934147, 28.875846896017492 ], [ 81.516542950796577, 28.875151520426357 ], [ 81.516585138893106, 28.875000207693461 ], [ 81.516594576378679, 28.874966332929944 ], [ 81.516823389088188, 28.874586457499049 ], [ 81.516902868472641, 28.874396126779857 ], [ 81.516917763943695, 28.874360457868875 ], [ 81.516938228016841, 28.874331244291568 ], [ 81.517076202005171, 28.874134271179742 ], [ 81.517323514668533, 28.87387158280734 ], [ 81.517498701703801, 28.87379877009721 ], [ 81.517854264862478, 28.873519895726645 ], [ 81.518124888852583, 28.873182770468532 ], [ 81.518195263500672, 28.873031270676677 ], [ 81.518328638356024, 28.872917957897471 ], [ 81.518592638839266, 28.872790646271369 ], [ 81.518853827142493, 28.872739957782869 ], [ 81.519117263750786, 28.872630708140719 ], [ 81.519360639182196, 28.872465082697488 ], [ 81.519561513553072, 28.872277020967772 ], [ 81.520173264784376, 28.87210095799287 ], [ 81.520608575325525, 28.872015832664601 ], [ 81.521838077165569, 28.871471895711466 ], [ 81.522127202008846, 28.871247396150466 ], [ 81.522239325884243, 28.871116082541221 ], [ 81.522327576356645, 28.87107964470988 ], [ 81.522373326667775, 28.871005020765153 ], [ 81.522573638962342, 28.870837333176439 ], [ 81.522991639352711, 28.870616895853118 ], [ 81.523656950607858, 28.870136021160477 ], [ 81.523903577088447, 28.869873332788131 ], [ 81.524199888414159, 28.869420957611169 ], [ 81.524459950766186, 28.868756707556088 ], [ 81.524494513511058, 28.868373019899025 ], [ 81.524501441888106, 28.868320502189476 ], [ 81.524552576440328, 28.867932896186289 ], [ 81.524570389312089, 28.86739814490852 ], [ 81.524688701422463, 28.867093145232502 ], [ 81.524716853799816, 28.86705431880182 ], [ 81.524961013440077, 28.866717582950116 ], [ 81.525168013992698, 28.866337770471773 ], [ 81.525504513322687, 28.865982208212415 ], [ 81.525726013644658, 28.865816707774911 ], [ 81.526124576088364, 28.865557957533781 ], [ 81.52638788859025, 28.865428332851309 ], [ 81.52667701433279, 28.865206082494751 ], [ 81.526834888519375, 28.865000207893331 ], [ 81.527215514884176, 28.864626457744862 ], [ 81.527398513430683, 28.864323333155369 ], [ 81.527430264894861, 28.864016457493562 ], [ 81.527392326994345, 28.863863207620966 ], [ 81.527415763326871, 28.863806707713422 ], [ 81.527503889692809, 28.863749958693688 ], [ 81.527822014074729, 28.863297519664854 ], [ 81.528305764799256, 28.861777332657823 ], [ 81.528463576033289, 28.861569145899409 ], [ 81.528548654596761, 28.861343125584824 ], [ 81.528606451326709, 28.861189582533257 ], [ 81.528837389134253, 28.860735208163362 ], [ 81.528975264197129, 28.860509082628084 ], [ 81.529268202165838, 28.860151458223243 ], [ 81.529408263480605, 28.85984858274594 ], [ 81.529637014136938, 28.859471019472039 ], [ 81.529817138450255, 28.859244645723891 ], [ 81.53008501411216, 28.859002208285347 ], [ 81.530595077201099, 28.858632457422004 ], [ 81.531023014200798, 28.858125396270054 ], [ 81.531139014154235, 28.857879082753527 ], [ 81.531466639873599, 28.857789770181796 ], [ 81.53151653785801, 28.857741619580111 ], [ 81.531600451799477, 28.857660645522401 ], [ 81.531843826331567, 28.857513083861761 ], [ 81.532177514380862, 28.857232020541346 ], [ 81.532265076871852, 28.857197832813767 ], [ 81.532443639062762, 28.857027896020611 ], [ 81.533106514953772, 28.856603458283018 ], [ 81.533484263488049, 28.856306396023399 ], [ 81.533597014190889, 28.856175083313474 ], [ 81.53368851391383, 28.856023582622299 ], [ 81.533787763994155, 28.855641895956808 ], [ 81.533901014720129, 28.855492519464235 ], [ 81.534026452159083, 28.854959645970951 ], [ 81.53411863896406, 28.854808083226487 ], [ 81.53426076332363, 28.854428520759654 ], [ 81.534526201822814, 28.853590520785929 ], [ 81.5348280763547, 28.852984707778091 ], [ 81.534994263874239, 28.85252827126277 ], [ 81.535454451461817, 28.851696270666423 ], [ 81.535696576835619, 28.850937270738484 ], [ 81.536291201377878, 28.849953519439396 ], [ 81.53690488884962, 28.849068957966097 ], [ 81.537222827071844, 28.848616519836582 ], [ 81.537459327186241, 28.848008707635813 ], [ 81.537491076851779, 28.847701769920775 ], [ 81.537853576481439, 28.846560957422298 ], [ 81.537986701325281, 28.845797958209232 ], [ 81.537980513989567, 28.845337707669103 ], [ 81.538053013735635, 28.84510958294095 ], [ 81.538193013896546, 28.844806707463647 ], [ 81.538580701738056, 28.844202769542221 ], [ 81.538895825981626, 28.843827021100196 ], [ 81.539035889095089, 28.843524207676069 ], [ 81.539606451376699, 28.842617208117701 ], [ 81.539659951145893, 28.84231245755393 ], [ 81.539672701733878, 28.841928894902651 ], [ 81.539646918170774, 28.84172677407139 ], [ 81.539603952160746, 28.841389959079379 ], [ 81.539629450638699, 28.84062502002871 ], [ 81.539555763787519, 28.840239583190282 ], [ 81.539563514144902, 28.840009396316646 ], [ 81.539362575922212, 28.839545457656811 ], [ 81.53923407719094, 28.838851145064325 ], [ 81.539297514468785, 28.838239519738124 ], [ 81.539248389901331, 28.837779458055593 ], [ 81.539342638851736, 28.837551207422337 ], [ 81.539325826026129, 28.837397895496508 ], [ 81.539403326902061, 28.837016269984929 ], [ 81.539642575344658, 28.836331770794629 ], [ 81.539825451583397, 28.836028708258311 ], [ 81.540363202100139, 28.835467082539878 ], [ 81.541184327195026, 28.83483658314185 ], [ 81.541501076513555, 28.834402145842432 ], [ 81.541666701057466, 28.834225519891902 ], [ 81.542129201701357, 28.833729584252978 ], [ 81.542264200732347, 28.833580145707231 ], [ 81.54245507644066, 28.833331207968911 ], [ 81.542626202137569, 28.83310945763543 ], [ 81.542919014201175, 28.832754082435031 ], [ 81.543182951731922, 28.832628957960083 ], [ 81.543760325478672, 28.832184395193735 ], [ 81.543935451360028, 28.832113770534136 ], [ 81.544076228535175, 28.831996100539641 ], [ 81.54426901350422, 28.831834958216803 ], [ 81.54435720192339, 28.831798519486142 ], [ 81.544804013894179, 28.831372582578695 ], [ 81.54509676480393, 28.831017144425743 ], [ 81.545282513477275, 28.830639582950425 ], [ 81.545473139174078, 28.830108707750696 ], [ 81.545609076197991, 28.829271207800048 ], [ 81.545668014167575, 28.828797207525156 ], [ 81.545699835778862, 28.828569859811239 ], [ 81.545753326554859, 28.828187708196253 ], [ 81.54596576350923, 28.827656645038189 ], [ 81.546148638848649, 28.827355894658865 ], [ 81.546242263669569, 28.82712989592801 ], [ 81.546537825860014, 28.826697770785529 ], [ 81.546954952109388, 28.825868146198047 ], [ 81.547426326363905, 28.825365394597327 ], [ 81.548178526517859, 28.824129760280243 ], [ 81.548204202162253, 28.824087582975608 ], [ 81.548211459691174, 28.824070765653346 ], [ 81.548368076625479, 28.823707894603729 ], [ 81.548513014064383, 28.823253833197896 ], [ 81.548579888551046, 28.823179144501978 ], [ 81.548789575378635, 28.822727083188397 ], [ 81.548910451456209, 28.822347520721564 ], [ 81.549168638721767, 28.821741894772686 ], [ 81.549348700981795, 28.821517771128299 ], [ 81.549577951661206, 28.821142395904872 ], [ 81.549671513529574, 28.820916394476058 ], [ 81.550199013573661, 28.820011832979787 ], [ 81.550368452142436, 28.819480957780002 ], [ 81.550693513894601, 28.818802832984431 ], [ 81.550876327180788, 28.818502020551875 ], [ 81.551555639081528, 28.817603582539334 ], [ 81.551824389783803, 28.817322770129806 ], [ 81.55205780252561, 28.817128543547483 ], [ 81.552113263716194, 28.817082394836689 ], [ 81.552600138685534, 28.816751020743084 ], [ 81.553445139881376, 28.816066270641954 ], [ 81.553606200365891, 28.815765520262573 ], [ 81.553818576166407, 28.81523677016088 ], [ 81.553938888369032, 28.814857270646598 ], [ 81.55396845088336, 28.814629270924172 ], [ 81.554165075957542, 28.813906457916744 ], [ 81.554172826314925, 28.813678646152653 ], [ 81.554332576487298, 28.812766520458581 ], [ 81.554641326336196, 28.811932769781549 ], [ 81.554702576462773, 28.811400146299775 ], [ 81.554688451710717, 28.811170082633282 ], [ 81.55454945159596, 28.810784832853813 ], [ 81.554389815637535, 28.810508498168701 ], [ 81.554324514065115, 28.810395457884113 ], [ 81.554205076902861, 28.810086895993493 ], [ 81.554017575450814, 28.809873333087921 ], [ 81.553979513443835, 28.809717833111563 ], [ 81.553986700825646, 28.8094899574956 ], [ 81.554151202116316, 28.809112521026066 ], [ 81.554808013878812, 28.808211895862371 ], [ 81.555098514684744, 28.807933207651445 ], [ 81.555302575353608, 28.807652583200195 ], [ 81.55541795117756, 28.807426519718149 ], [ 81.555518504375527, 28.807304408871403 ], [ 81.555710639134759, 28.807071082464518 ], [ 81.555855513621111, 28.806614833008211 ], [ 81.555890905540934, 28.80624724681303 ], [ 81.555921576019955, 28.805928707843634 ], [ 81.555994138718575, 28.805702833219243 ], [ 81.556051889583102, 28.805244582771309 ], [ 81.556196076987419, 28.804790582519445 ], [ 81.55644638888981, 28.804415021136379 ], [ 81.556594188870804, 28.804250788742934 ], [ 81.556648202152871, 28.804190770687569 ], [ 81.556847201437279, 28.804041083029631 ], [ 81.557072388979634, 28.80376039472651 ], [ 81.557214513339204, 28.803383083262759 ], [ 81.557296826487402, 28.802850270923329 ], [ 81.557464952045962, 28.802319457776832 ], [ 81.557652701710879, 28.801865207513345 ], [ 81.557789826739167, 28.801639082877443 ], [ 81.557931889045506, 28.801259457458059 ], [ 81.558092951328717, 28.800958707978054 ], [ 81.558387763484575, 28.800526582835573 ], [ 81.558640200484945, 28.800074332664394 ], [ 81.558743638707995, 28.799541458271733 ], [ 81.558674826182312, 28.799004832806816 ], [ 81.558538577093714, 28.798542895138553 ], [ 81.558541513380192, 28.79777808289225 ], [ 81.558659638431607, 28.797475271266819 ], [ 81.558808764013293, 28.797346083654872 ], [ 81.559282388371571, 28.796938019873778 ], [ 81.559525951761316, 28.796752083242097 ], [ 81.559876639695233, 28.796590395030762 ], [ 81.560343826706287, 28.796180082944545 ], [ 81.560586326198063, 28.796034707535796 ], [ 81.561031701951549, 28.795624457502754 ], [ 81.561603763403014, 28.795315332636562 ], [ 81.561803951591173, 28.795147520941384 ], [ 81.562178076756879, 28.794947457759008 ], [ 81.562377576064364, 28.794779708117062 ], [ 81.562758326535572, 28.794369771048139 ], [ 81.563032125132509, 28.79401865593627 ], [ 81.563254326026367, 28.793733707544618 ], [ 81.56379051352144, 28.793192270706754 ], [ 81.564274513358157, 28.792937582703303 ], [ 81.564622452064555, 28.792868458112878 ], [ 81.564885013632534, 28.792761332669443 ], [ 81.565093132941797, 28.792708130575818 ], [ 81.565495013883833, 28.792605395622559 ], [ 81.565846325947234, 28.792441458206781 ], [ 81.566685325967057, 28.79188970794371 ], [ 81.567123576392021, 28.791709645683625 ], [ 81.567202764396143, 28.791666457541055 ], [ 81.56796051516568, 28.791254957450406 ], [ 81.5686302636758, 28.790661019990125 ], [ 81.569498889162446, 28.789919644975669 ], [ 81.56988695112193, 28.789338208091863 ], [ 81.569958773678536, 28.78926285389764 ], [ 81.570223763415981, 28.788984832983715 ], [ 81.571042826365385, 28.788433144773876 ], [ 81.5717548897764, 28.787861646297983 ], [ 81.572205889889972, 28.787318269622517 ], [ 81.572582200408306, 28.787061707431917 ], [ 81.573275825918699, 28.786393270133374 ], [ 81.573750827139008, 28.785793396248266 ], [ 81.574223701462699, 28.785272457657868 ], [ 81.574511327136122, 28.785070458235111 ], [ 81.574758263882813, 28.784807707809534 ], [ 81.575246138898251, 28.78445820788005 ], [ 81.575714451860506, 28.784050144998218 ], [ 81.57618332689907, 28.783624021031812 ], [ 81.576519577116869, 28.783288644955064 ], [ 81.576828451971551, 28.783106832614294 ], [ 81.577089888487649, 28.783035832937401 ], [ 81.578142638472059, 28.782604895799352 ], [ 81.578406888966811, 28.7824593944855 ], [ 81.57856182686686, 28.782348207703649 ], [ 81.578855138953543, 28.782013019585236 ], [ 81.579391951477419, 28.78149183278191 ], [ 81.57961382681674, 28.781326208237999 ], [ 81.580634128362419, 28.780908528905513 ], [ 81.580666514747918, 28.780895271099951 ], [ 81.580930701390798, 28.780749770685418 ], [ 81.580998201805642, 28.780675019936268 ], [ 81.58108520042174, 28.780658833038785 ], [ 81.58133213896707, 28.780398332716914 ], [ 81.581649888331754, 28.779966082568706 ], [ 81.5819085135671, 28.779382894704895 ], [ 81.581978326138881, 28.778931457520798 ], [ 81.582093889021792, 28.7784142700026 ], [ 81.582213425109558, 28.777933108426282 ], [ 81.582244826737394, 28.77780670781334 ], [ 81.582300950728325, 28.777427458310626 ], [ 81.582463201915289, 28.777126707931302 ], [ 81.582575763760531, 28.776995395221377 ], [ 81.582624202145269, 28.776844019535929 ], [ 81.58275815976134, 28.776695474916266 ], [ 81.582759077069795, 28.776694457783037 ], [ 81.582768680929917, 28.776671570936287 ], [ 81.582853888995828, 28.776468520206095 ], [ 81.582865637739076, 28.776451285598398 ], [ 81.58305901446198, 28.776167645720307 ], [ 81.583179826687683, 28.775790332457916 ], [ 81.583175311191724, 28.775747712686837 ], [ 81.583163576837649, 28.775636957579593 ], [ 81.58321757662992, 28.775332207915142 ], [ 81.583333138613511, 28.775038394906062 ], [ 81.583417575960425, 28.774575521043516 ], [ 81.583385202165402, 28.774268832440725 ], [ 81.583333200666743, 28.774133707504632 ], [ 81.5832663270794, 28.773960270550106 ], [ 81.583101764634762, 28.773726332604213 ], [ 81.582885763667093, 28.773111395074864 ], [ 81.582604015063282, 28.77251252123591 ], [ 81.58241257637934, 28.771820707859433 ], [ 81.582442014787205, 28.771592708137007 ], [ 81.582536825813918, 28.771366707607513 ], [ 81.582579514832787, 28.770757396236888 ], [ 81.582649763575773, 28.770605957598889 ], [ 81.582681952110477, 28.770301207934438 ], [ 81.582779514163292, 28.769998521314733 ], [ 81.582817327058081, 28.769542583023849 ], [ 81.582889638845813, 28.769314458295639 ], [ 81.582881763482646, 28.768933207801354 ], [ 81.583065076791911, 28.768632396268117 ], [ 81.583167577022095, 28.768176207965666 ], [ 81.583333513630805, 28.767972457562905 ], [ 81.583398764841206, 28.767744269882201 ], [ 81.58333370158914, 28.767315894912656 ], [ 81.583293826548925, 28.767054395444063 ], [ 81.583333576583357, 28.766952708200961 ], [ 81.583412513676649, 28.766753833023017 ], [ 81.583520514160455, 28.766144207789011 ], [ 81.583590700850209, 28.765995083106645 ], [ 81.583606700688733, 28.765536957664494 ], [ 81.583651400591748, 28.765413657914053 ], [ 81.583798388484922, 28.765008207562801 ], [ 81.583806076789074, 28.764778082742396 ], [ 81.583706201679945, 28.76454839499246 ], [ 81.583671013906212, 28.76431845813039 ], [ 81.583666849145857, 28.764312137695072 ], [ 81.583466388463137, 28.76400795820075 ], [ 81.583406575453125, 28.763852583230175 ], [ 81.583414950839369, 28.763624645560981 ], [ 81.583497826963196, 28.763109958158111 ], [ 81.583594763987207, 28.762807207686535 ], [ 81.583565076467153, 28.762426083097296 ], [ 81.58360007718187, 28.762044644644675 ], [ 81.583559327101341, 28.761968020607696 ], [ 81.583333826594867, 28.760892957544002 ], [ 81.583143513862126, 28.760277832955694 ], [ 81.583138388625798, 28.759819895471821 ], [ 81.583100388672051, 28.759666645599282 ], [ 81.583113640182432, 28.759285333051707 ], [ 81.583076326411401, 28.759132083179168 ], [ 81.58273045164907, 28.758513145465315 ], [ 81.582502951949721, 28.758238894509418 ], [ 81.582421450889285, 28.758085832595157 ], [ 81.582149951858867, 28.757829832480809 ], [ 81.581953014719886, 28.757291457834583 ], [ 81.581724889092413, 28.757017207777949 ], [ 81.581644014859478, 28.756864144964368 ], [ 81.581268701689282, 28.756470957768556 ], [ 81.581228576637557, 28.75639439578481 ], [ 81.580705513848443, 28.755904832741862 ], [ 81.580169838966924, 28.755527403466942 ], [ 81.580030827161011, 28.755429458302899 ], [ 81.579326139090085, 28.755202332721524 ], [ 81.578679879073206, 28.755157612134155 ], [ 81.577515263318787, 28.755077020288297 ], [ 81.576540138316773, 28.755126332814086 ], [ 81.57614826413112, 28.755209208038593 ], [ 81.575434576544524, 28.755209958073181 ], [ 81.57484582637386, 28.755345645984846 ], [ 81.574130013689228, 28.755420832905145 ], [ 81.573484326540495, 28.755326458049637 ], [ 81.572522515102037, 28.755012582964412 ], [ 81.572327890120107, 28.755006582687713 ], [ 81.57104432553524, 28.754605896045291 ], [ 81.570720826804745, 28.754577957706658 ], [ 81.570524701753641, 28.754630644488714 ], [ 81.569876201525517, 28.754610832424021 ], [ 81.568722075463484, 28.754234396000641 ], [ 81.568081326492063, 28.753986708319985 ], [ 81.567824326331674, 28.753922333049275 ], [ 81.567178014154081, 28.75384608313027 ], [ 81.566985701329088, 28.753783770904363 ], [ 81.566662326705057, 28.75375570755989 ], [ 81.56640588862092, 28.75367114520725 ], [ 81.565703888623602, 28.753344645439086 ], [ 81.564998513470698, 28.753094957666235 ], [ 81.56468120207586, 28.752895457459431 ], [ 81.56391620187128, 28.752510644750487 ], [ 81.563532077143691, 28.752365583205176 ], [ 81.56327388897887, 28.752319270817736 ], [ 81.562698451472443, 28.752073520276781 ], [ 81.561736702087217, 28.751759396079308 ], [ 81.561413826586886, 28.751711144753585 ], [ 81.560900890164021, 28.751544021039763 ], [ 81.560517325714045, 28.751380957765036 ], [ 81.560071139671436, 28.751136895251591 ], [ 81.559814701587243, 28.751054457996872 ], [ 81.559621263710426, 28.751028207685692 ], [ 81.559171326595504, 28.750901458135843 ], [ 81.558719076424268, 28.750851457628698 ], [ 81.558333951650582, 28.750744771054372 ], [ 81.557750139657287, 28.750726833176884 ], [ 81.556975138991504, 28.750628520190105 ], [ 81.556655076570564, 28.750505770824702 ], [ 81.556126796814283, 28.750229825546057 ], [ 81.555725138904108, 28.7500200209073 ], [ 81.55564245163788, 28.750000082937504 ], [ 81.555368201581302, 28.749938019823787 ], [ 81.55374271115727, 28.749778359583672 ], [ 81.55356045095408, 28.749760457679031 ], [ 81.552507788203911, 28.749580213755905 ], [ 81.549969826746178, 28.749145646054785 ], [ 81.548797314944181, 28.749037051119046 ], [ 81.548266575542073, 28.748987895075345 ], [ 81.547981595674173, 28.748918658968989 ], [ 81.547975511760512, 28.748917180483545 ], [ 81.547663575613569, 28.748841394614715 ], [ 81.54745018717648, 28.748840757894698 ], [ 81.547438273857324, 28.748840721921852 ], [ 81.547349951439173, 28.748840457521169 ], [ 81.54720839635047, 28.748807746480395 ], [ 81.547183110112485, 28.748801903585047 ], [ 81.546918015154347, 28.748740646263855 ], [ 81.545855145998246, 28.748608715719683 ], [ 81.545600806931759, 28.748577145918603 ], [ 81.545516887594317, 28.748566729071342 ], [ 81.54551453047128, 28.748566435892371 ], [ 81.544207075396287, 28.748404146034545 ], [ 81.542847201537199, 28.748317144720488 ], [ 81.541666451045955, 28.748333144559012 ], [ 81.54030520212342, 28.748352144535886 ], [ 81.540163924925253, 28.748362968776064 ], [ 81.538875951863758, 28.748461645088923 ], [ 81.537898014681673, 28.74847908294339 ], [ 81.537408013668937, 28.748638958121489 ], [ 81.535577326732323, 28.748722894546006 ], [ 81.53410607633441, 28.748875396182655 ], [ 81.531878639088006, 28.748976645455855 ], [ 81.53097188864183, 28.748887707901474 ], [ 81.530056763708728, 28.748900332584356 ], [ 81.528308201062714, 28.748645457521889 ], [ 81.527613513452934, 28.748598521004965 ], [ 81.526428200700934, 28.748348271155862 ], [ 81.524823450441943, 28.748174020314821 ], [ 81.524110451736021, 28.748170020130374 ], [ 81.523108326388183, 28.748460395031259 ], [ 81.522808263990271, 28.748610457706491 ], [ 81.522225702054584, 28.748973645317506 ], [ 81.521785138573364, 28.749442394450966 ], [ 81.521695388931107, 28.749921019939165 ], [ 81.521551764502362, 28.750000520907349 ], [ 81.52155106572917, 28.750000915709734 ], [ 81.521523988940999, 28.750016210479771 ], [ 81.521483389047205, 28.750039144990581 ], [ 81.521507700420102, 28.750154145797239 ], [ 81.52151451278462, 28.750170404640528 ], [ 81.521549834557277, 28.75025471158574 ], [ 81.521726638573568, 28.750676707663956 ], [ 81.52187151395924, 28.750852082657559 ], [ 81.522019263578215, 28.750953020765337 ], [ 81.52224770216975, 28.751207082840665 ], [ 81.522499014118239, 28.751424957995482 ], [ 81.522793264197844, 28.751644895295726 ], [ 81.523366263642231, 28.751926957762919 ], [ 81.524275827167742, 28.752451394716161 ], [ 81.524764015147241, 28.752675083088661 ], [ 81.524827013555864, 28.752733521035225 ], [ 81.52646676363031, 28.753352020779175 ], [ 81.527150638691069, 28.753543394711926 ], [ 81.527661700926842, 28.753730896163972 ], [ 81.529190013308551, 28.754460394731495 ], [ 81.530036576626742, 28.7549240824805 ], [ 81.530461888505386, 28.755109707946701 ], [ 81.531306825849413, 28.755629769698146 ], [ 81.532588264436924, 28.75663995746811 ], [ 81.533412013753491, 28.75714208314065 ], [ 81.53376932699291, 28.757420394535643 ], [ 81.53395657663475, 28.757615957510495 ], [ 81.534041201939999, 28.757656270520499 ], [ 81.534583700877135, 28.758206769826643 ], [ 81.535597013791232, 28.759477457918422 ], [ 81.53620007667223, 28.760124833094608 ], [ 81.536285389958834, 28.760167333255879 ], [ 81.536473263730215, 28.760342583243698 ], [ 81.536739138400549, 28.760772458282361 ], [ 81.536817138400295, 28.761002271038024 ], [ 81.536830514017083, 28.761232332905877 ], [ 81.536779826427903, 28.761460395580855 ], [ 81.536720751761322, 28.761533988902499 ], [ 81.536463700339539, 28.76185420780547 ], [ 81.53634607710984, 28.762138894494456 ], [ 81.536396826752195, 28.76254258307381 ], [ 81.536347763338654, 28.762711957790657 ], [ 81.536348824538663, 28.762800701091521 ], [ 81.536353264491595, 28.763172144478915 ], [ 81.536092389152486, 28.763852271165433 ], [ 81.535783878523205, 28.764236976855045 ], [ 81.535460763803258, 28.764639895614721 ], [ 81.53527626338888, 28.764979020065766 ], [ 81.535005264381482, 28.765316271228983 ], [ 81.534271575872594, 28.765928270673214 ], [ 81.534136763900563, 28.766095770303593 ], [ 81.533975576611624, 28.766378394847095 ], [ 81.533591388931484, 28.76686508275742 ], [ 81.533413013799588, 28.76703264623967 ], [ 81.53307413846079, 28.767483019525798 ], [ 81.532422326928895, 28.768843645218112 ], [ 81.531909951682962, 28.769919582422858 ], [ 81.531787763494549, 28.770317082767235 ], [ 81.531782202087015, 28.770490832685823 ], [ 81.531593763541423, 28.770945082949254 ], [ 81.530987701421338, 28.771617520432301 ], [ 81.530852200568631, 28.771784958009448 ], [ 81.530804764028687, 28.771897957824535 ], [ 81.53074788910385, 28.772299771317421 ], [ 81.530578951457528, 28.772810270577565 ], [ 81.530289514549509, 28.773682270320592 ], [ 81.530197513904227, 28.773851832995774 ], [ 81.529593138912276, 28.774467832624453 ], [ 81.52897201404727, 28.774948583210573 ], [ 81.528598388904584, 28.775130519657807 ], [ 81.527679014674845, 28.775506394904255 ], [ 81.526828827088764, 28.775751082446561 ], [ 81.526048201163633, 28.775844396102059 ], [ 81.525091577014734, 28.776048894740768 ], [ 81.524963857096395, 28.776073669264463 ], [ 81.524830576669842, 28.776099521176036 ], [ 81.52479398415511, 28.776097021060707 ], [ 81.523861701956037, 28.776033332872089 ], [ 81.523209388602481, 28.776168957831203 ], [ 81.522623325606048, 28.776250207980752 ], [ 81.522235326599116, 28.776238207427355 ], [ 81.521456513707221, 28.776295333263079 ], [ 81.52119445216232, 28.776382082766929 ], [ 81.52073276360619, 28.7766184578756 ], [ 81.520472327136247, 28.776651082581452 ], [ 81.520144014334846, 28.77679445789795 ], [ 81.519947763378639, 28.77684708262683 ], [ 81.519749764140386, 28.776956145209965 ], [ 81.51961538833956, 28.77708526986936 ], [ 81.519352263796009, 28.777212646246653 ], [ 81.519239576944983, 28.777343896004027 ], [ 81.51877288905763, 28.777733833049979 ], [ 81.518384764145594, 28.778335270856132 ], [ 81.51829520965623, 28.778517174028423 ], [ 81.51796632578538, 28.779185207531327 ], [ 81.517511826409702, 28.779841208105324 ], [ 81.51750957630594, 28.779899895164078 ], [ 81.517329514045912, 28.780123957654553 ], [ 81.517235202142899, 28.780349895231552 ], [ 81.51726182657211, 28.780810019866578 ], [ 81.517228325926567, 28.781153082448839 ], [ 81.517337325557207, 28.782361896284556 ], [ 81.517530638428298, 28.78299964511757 ], [ 81.517549325441053, 28.784319395723571 ], [ 81.517736951898883, 28.785758020516312 ], [ 81.517732388738807, 28.785873082476826 ], [ 81.517733013767611, 28.785990395440422 ], [ 81.517735138865646, 28.786428082889756 ], [ 81.517748451529883, 28.78665814475761 ], [ 81.517701431375997, 28.786911516153623 ], [ 81.517642452037592, 28.787229332967399 ], [ 81.517626138335686, 28.787687395456999 ], [ 81.517659576028677, 28.787976020277142 ], [ 81.51790914239308, 28.788590072873603 ], [ 81.518036763385965, 28.788904082857186 ], [ 81.518146576903064, 28.789481207491804 ], [ 81.518244076003384, 28.789771833303519 ], [ 81.5183928256684, 28.790463894892866 ], [ 81.518984201859496, 28.7914565207019 ], [ 81.519063388964298, 28.79166601957121 ], [ 81.519201576091916, 28.792035520422985 ], [ 81.519256826841115, 28.792324083189953 ], [ 81.519246701374243, 28.792612895968432 ], [ 81.519282452123548, 28.792842894883734 ], [ 81.519380575353352, 28.793133520695449 ], [ 81.519481950531656, 28.793306832644248 ], [ 81.519480326356017, 28.793365519703002 ], [ 81.519865014958555, 28.794122082468164 ], [ 81.519982701140805, 28.794471271232226 ], [ 81.520104138395311, 28.79533714479345 ], [ 81.520233710917068, 28.795720366601699 ], [ 81.52024126432292, 28.795742707559953 ], [ 81.520406325891258, 28.795976645505846 ], [ 81.520554138462785, 28.796075394663774 ], [ 81.520708401871332, 28.796150514134979 ], [ 81.520724202060308, 28.796158207835049 ], [ 81.521751263809847, 28.796415958030082 ], [ 81.522515826943902, 28.796801020750536 ], [ 81.522747200922652, 28.796978394937014 ], [ 81.523260086983498, 28.797275462592552 ], [ 81.523330839346841, 28.797316443798877 ], [ 81.523509451000393, 28.797419895511837 ], [ 81.524117264100539, 28.797954457931951 ], [ 81.524260431673667, 28.798167014496187 ], [ 81.52459013842423, 28.798656519982444 ], [ 81.524653076578261, 28.798696895945056 ], [ 81.524855013947786, 28.799124707938972 ], [ 81.524988263797411, 28.799645332666046 ], [ 81.524948907665987, 28.800023997609458 ], [ 81.524827575632173, 28.801191395866283 ], [ 81.524721576139882, 28.801764833280458 ], [ 81.524441701723219, 28.802388583266577 ], [ 81.524316201331658, 28.802903457728462 ], [ 81.524132201839677, 28.80324258307877 ], [ 81.523951451598293, 28.803466644669982 ], [ 81.523104327103056, 28.80424827064121 ], [ 81.52307256934364, 28.804290290564495 ], [ 81.522381014072607, 28.805205332759954 ], [ 81.521981700694994, 28.805520519956076 ], [ 81.521190889048341, 28.805920644522189 ], [ 81.52099513991385, 28.805955208166381 ], [ 81.520731889465196, 28.806080332641272 ], [ 81.520530014148903, 28.806304458084298 ], [ 81.520502701738337, 28.806478270955495 ], [ 81.520457513503516, 28.806532582812508 ], [ 81.520282950597732, 28.806585207541332 ], [ 81.519974013689819, 28.806789395014619 ], [ 81.519865264070745, 28.806805582811421 ], [ 81.519709639088603, 28.806934770423368 ], [ 81.518923826773232, 28.807181458057869 ], [ 81.518396360903409, 28.807270247224153 ], [ 81.518141888737205, 28.807313082832536 ], [ 81.517944514527755, 28.807404082532457 ], [ 81.517749325670877, 28.807436395173568 ], [ 81.517158700413745, 28.807650708113727 ], [ 81.516511264083647, 28.807653208229056 ], [ 81.516054513704887, 28.807754209289385 ], [ 81.515924514005178, 28.80775245830938 ], [ 81.515401452115384, 28.807910144537573 ], [ 81.515206202104594, 28.807924395194732 ], [ 81.514879389372368, 28.808011394710149 ], [ 81.514554826743904, 28.808039708066133 ], [ 81.514358513734464, 28.808092332794956 ], [ 81.513438825641344, 28.808470333139439 ], [ 81.512694837197046, 28.808720753859745 ], [ 81.512652450350345, 28.808735020704717 ], [ 81.512377103120855, 28.808888232805771 ], [ 81.512256513927014, 28.808955333022254 ], [ 81.511858201494874, 28.809229833090399 ], [ 81.511612263894904, 28.809474457680153 ], [ 81.511191763389206, 28.809787395671833 ], [ 81.510833013932483, 28.810160957861967 ], [ 81.50983301368268, 28.810994957651246 ], [ 81.509186653841084, 28.811816088141995 ], [ 81.509020763997114, 28.812026832572315 ], [ 81.508661513617994, 28.812420707749538 ], [ 81.508387013549907, 28.812872957920717 ], [ 81.508337888982453, 28.813042332637565 ], [ 81.508178889744045, 28.813268520226075 ], [ 81.507276888617582, 28.8143932078803 ], [ 81.507004701605752, 28.814789020197168 ], [ 81.50693376398209, 28.81495858287235 ], [ 81.506751325713196, 28.815241208315172 ], [ 81.506480763776267, 28.815578333573285 ], [ 81.506388764030305, 28.815747896248467 ], [ 81.506232013996282, 28.815917770089072 ], [ 81.506094763962267, 28.816143832671798 ], [ 81.505241200321223, 28.817096832552807 ], [ 81.504037950590998, 28.818193269803601 ], [ 81.503705450546136, 28.818433645096718 ], [ 81.503659702033701, 28.818510520044526 ], [ 81.503260263650304, 28.818825583134185 ], [ 81.502814576731396, 28.819233333051955 ], [ 81.502505576870931, 28.819435271320742 ], [ 81.502126701486134, 28.819770582646299 ], [ 81.501507513760828, 28.820194771271701 ], [ 81.501329013623149, 28.820362457961096 ], [ 81.500712576024625, 28.820709832792602 ], [ 81.5003132014931, 28.821024895882317 ], [ 81.500000075543085, 28.821181707969515 ], [ 81.499385513930406, 28.822183394448132 ], [ 81.499104263550976, 28.822434896153595 ], [ 81.498601940027584, 28.823469131795036 ], [ 81.498374264061113, 28.823937896216989 ], [ 81.497489638735885, 28.826208457754149 ], [ 81.497202576937411, 28.827536082823997 ], [ 81.497157134194424, 28.827988935540986 ], [ 81.497090700375566, 28.828650957975356 ], [ 81.49686551373253, 28.829793395548791 ], [ 81.496266326929515, 28.831480833074011 ], [ 81.496011138902986, 28.832497021120673 ], [ 81.495716951775989, 28.833143333298267 ], [ 81.495592897494305, 28.833311617137497 ], [ 81.495576889561846, 28.833333333066946 ], [ 81.495370076967561, 28.833613832512413 ], [ 81.494830951387371, 28.834344520883008 ], [ 81.494336701977261, 28.834806582657734 ], [ 81.493763575728508, 28.835239582840529 ], [ 81.493345327125212, 28.835660707475711 ], [ 81.492833263944021, 28.836422895500277 ], [ 81.492581014901987, 28.83699683293753 ], [ 81.492420451742532, 28.837990082876047 ], [ 81.492422013864882, 28.838326208987382 ], [ 81.492659451972202, 28.839087896089609 ], [ 81.492735263921361, 28.839543332558776 ], [ 81.492710263667789, 28.840357895300656 ], [ 81.492590826505477, 28.840570395207635 ], [ 81.492297013496454, 28.840884958274273 ], [ 81.491691624069233, 28.841378116806709 ], [ 81.491492950339421, 28.841539957902796 ], [ 81.490491576824866, 28.842076021291405 ], [ 81.489755451153201, 28.842322395062524 ], [ 81.488988013785843, 28.842456020828763 ], [ 81.488713265504884, 28.842471137533039 ], [ 81.488330326983089, 28.842492207749217 ], [ 81.48737063884397, 28.842622021289287 ], [ 81.485709011861445, 28.842670640437746 ], [ 81.485347889993193, 28.842681207471799 ], [ 81.484882483639751, 28.842667011673313 ], [ 81.48402420215524, 28.842640833307883 ], [ 81.483454389008898, 28.842715146087187 ], [ 81.483062514823246, 28.842890208116671 ], [ 81.481996077157305, 28.843755832565648 ], [ 81.481955594175361, 28.843799170895068 ], [ 81.479473576844157, 28.846456270040903 ], [ 81.478337450712843, 28.847378520302527 ], [ 81.476747076116737, 28.848564083066037 ], [ 81.476035388622336, 28.84899977042312 ], [ 81.474225575849687, 28.849849958009202 ], [ 81.47327370102056, 28.850015644606344 ], [ 81.472523388543607, 28.850284521213723 ], [ 81.469721575890048, 28.850923708062737 ], [ 81.468719388489035, 28.851322020494877 ], [ 81.467472513545715, 28.851574520447798 ], [ 81.465913075628009, 28.852130395901099 ], [ 81.465252417465138, 28.852492615841584 ], [ 81.465213263681221, 28.852514082658843 ], [ 81.46502513899901, 28.852713269901528 ], [ 81.464704825667241, 28.853285146092674 ], [ 81.46466227964055, 28.853457518249911 ], [ 81.464563826359552, 28.853856394556999 ], [ 81.464567950650462, 28.854632459120751 ], [ 81.464690888873463, 28.85505845808143 ], [ 81.465401701327494, 28.856274270441304 ], [ 81.465749202064103, 28.856600208133159 ], [ 81.466142263354811, 28.8571177077161 ], [ 81.466987325704565, 28.857976582753167 ], [ 81.467168123610065, 28.85834606831645 ], [ 81.467326764918312, 28.858670271216113 ], [ 81.468144111061918, 28.859344981285915 ], [ 81.46837182659857, 28.859532957579972 ], [ 81.468516106633047, 28.859842596858414 ], [ 81.468980575892942, 28.860839395521737 ], [ 81.469073638637553, 28.861161645993207 ], [ 81.469153575776943, 28.861840458770189 ], [ 81.469038326757413, 28.86257183242418 ], [ 81.468175388583347, 28.864887270131476 ], [ 81.467791888884619, 28.865664645007428 ], [ 81.467765514466976, 28.866646145303434 ], [ 81.467979388538026, 28.868195269795933 ], [ 81.467889326831028, 28.868682895699123 ], [ 81.46765038865459, 28.869410145961524 ], [ 81.467340513753754, 28.869903083260738 ], [ 81.46674763839286, 28.870584208194714 ], [ 81.465949013436273, 28.871969895294455 ], [ 81.465224514200031, 28.872890645486962 ], [ 81.464864325828046, 28.87359120746828 ], [ 81.464561763314805, 28.873996083152747 ], [ 81.464022826592213, 28.874999645617208 ], [ 81.463986575819888, 28.875067396043562 ], [ 81.463988700917866, 28.875681082615927 ], [ 81.464068014827092, 28.876371145911719 ], [ 81.464061763639563, 28.876984832484084 ], [ 81.464016013328433, 28.87721283310583 ], [ 81.464012889083619, 28.877519645815028 ], [ 81.463945014550859, 28.877824457532768 ], [ 81.463960951436832, 28.878361333009138 ], [ 81.463915077019237, 28.878589395684116 ], [ 81.463911013882239, 28.878972896282164 ], [ 81.464095513397297, 28.87996945842383 ], [ 81.464241451781618, 28.880508145134854 ], [ 81.464644450580977, 28.881199332583208 ], [ 81.465243827140966, 28.881817708220694 ], [ 81.465285825480521, 28.881894271103761 ], [ 81.465736138512057, 28.882280707988343 ], [ 81.466057951913001, 28.882455582958812 ], [ 81.466423076663716, 28.882709270916166 ], [ 81.466829326512254, 28.883131957673754 ], [ 81.466999765127127, 28.883402082540101 ], [ 81.467062638530024, 28.883555333312017 ], [ 81.467233388310262, 28.88378708320738 ], [ 81.467445389093484, 28.884172145927835 ], [ 81.467592263672088, 28.884631832593072 ], [ 81.467760638342838, 28.885017083271805 ], [ 81.468016138434109, 28.885401958933301 ], [ 81.468206014096324, 28.885863770696517 ], [ 81.468267638340876, 28.886170395447436 ], [ 81.468521888374482, 28.886708708040487 ], [ 81.468626450750151, 28.887015144833128 ], [ 81.468709825997735, 28.887321645477584 ], [ 81.468728825974608, 28.887551708244814 ], [ 81.468701763575609, 28.888086519777119 ], [ 81.468718576401216, 28.888546646210784 ], [ 81.468760263575348, 28.888699958136613 ], [ 81.468735077162137, 28.889083520787892 ], [ 81.468621451418926, 28.889618645284315 ], [ 81.468640450496423, 28.889848645098937 ], [ 81.468348200509126, 28.890993520734469 ], [ 81.468258888836715, 28.891221645462622 ], [ 81.46788445070689, 28.891908769773977 ], [ 81.467208525653007, 28.892914436652006 ], [ 81.46720311083493, 28.892922492778894 ], [ 81.467028763766507, 28.893181895028476 ], [ 81.466699888888797, 28.893582395511203 ], [ 81.466046514335233, 28.894092270641806 ], [ 81.465632889146548, 28.894337333201406 ], [ 81.46511220056766, 28.894562457791267 ], [ 81.464678763314339, 28.8946744575602 ], [ 81.464072764146806, 28.894744271031357 ], [ 81.463123473069857, 28.894747548160865 ], [ 81.462516013403331, 28.894749644480555 ], [ 81.462343138525057, 28.894788584225807 ], [ 81.461910515158195, 28.894783271031201 ], [ 81.461304575345935, 28.894873332738143 ], [ 81.460785951610433, 28.894850332576823 ], [ 81.460266576041704, 28.894942334121481 ], [ 81.459291013969164, 28.895220895527984 ], [ 81.459073138814347, 28.895370521132691 ], [ 81.458810825459295, 28.895617269921104 ], [ 81.458613486323372, 28.895845851504873 ], [ 81.458351700870367, 28.896149083113755 ], [ 81.45833320181589, 28.89616039568574 ], [ 81.45811195150543, 28.896301019976136 ], [ 81.457611763871853, 28.896526084311404 ], [ 81.457351700620563, 28.896560834115235 ], [ 81.457069827010969, 28.896597833123565 ], [ 81.456960951486792, 28.896616271024129 ], [ 81.456809638753896, 28.896596458060117 ], [ 81.455595263510645, 28.896794646156025 ], [ 81.455075013800922, 28.896830208047732 ], [ 81.454901513893788, 28.896884958773853 ], [ 81.454532576017641, 28.896940332730196 ], [ 81.454292826652704, 28.897072020457415 ], [ 81.452557389611911, 28.897420771251632 ], [ 81.451254138867455, 28.897810896255919 ], [ 81.449864701594777, 28.898142644467498 ], [ 81.448474451334903, 28.898571458306208 ], [ 81.448214451935485, 28.898626458144577 ], [ 81.448040389052778, 28.898701520059149 ], [ 81.446912077130719, 28.898939833206782 ], [ 81.446650951780043, 28.899033208016192 ], [ 81.445174639098354, 28.899423895096731 ], [ 81.44430632657577, 28.899625271289267 ], [ 81.443709928570399, 28.899808683523986 ], [ 81.443698263464171, 28.899812270919597 ], [ 81.443621878646866, 28.89984533809195 ], [ 81.443275533539122, 28.89999526856684 ], [ 81.443089139152505, 28.900075958438777 ], [ 81.442393451496628, 28.900317395831223 ], [ 81.441979826308, 28.900562395438271 ], [ 81.441696075813297, 28.900770896060067 ], [ 81.441651576459151, 28.900847771007875 ], [ 81.44121426402711, 28.901264269530486 ], [ 81.441040389102739, 28.901359646230731 ], [ 81.440828238132724, 28.901555720020497 ], [ 81.44071213835457, 28.901663020831791 ], [ 81.440494202045841, 28.901812645537234 ], [ 81.44025295081309, 28.902059333171735 ], [ 81.440165952196992, 28.902097958154286 ], [ 81.439401452015431, 28.902741146087067 ], [ 81.439161700851855, 28.902893082949447 ], [ 81.438833513955558, 28.903196457550507 ], [ 81.438244950843853, 28.903611269844305 ], [ 81.437981888353534, 28.903858020431358 ], [ 81.437742138988597, 28.904009958193058 ], [ 81.437479263557236, 28.904295082851831 ], [ 81.437259950386476, 28.904598082435598 ], [ 81.437057826857256, 28.905286833620551 ], [ 81.436946575324271, 28.905515082455167 ], [ 81.436745325936101, 28.9061248326949 ], [ 81.436543075602515, 28.906813582980533 ], [ 81.43647288891276, 28.907348457465389 ], [ 81.436428325706743, 28.907423083208755 ], [ 81.436469638762901, 28.907653020970201 ], [ 81.436249763515832, 28.907958332710962 ], [ 81.436139201762785, 28.908186519492347 ], [ 81.435678139134893, 28.908756582650199 ], [ 81.435656014013887, 28.90883333259228 ], [ 81.435546325502571, 28.908966769500864 ], [ 81.435240825803533, 28.909175333075211 ], [ 81.43519695147819, 28.909249832913531 ], [ 81.43478157710814, 28.909571646314475 ], [ 81.433972013697542, 28.910350333301267 ], [ 81.433536388393691, 28.910575082873834 ], [ 81.433015701613385, 28.910687270601102 ], [ 81.43258245051976, 28.910702209239616 ], [ 81.431288577006285, 28.910173958261623 ], [ 81.430448513987812, 28.909784144422758 ], [ 81.430125951451544, 28.909588833258113 ], [ 81.429521888524391, 28.909374145300603 ], [ 81.429348700682056, 28.90935214518538 ], [ 81.429246195055896, 28.909305471270557 ], [ 81.429176575838369, 28.909273771067717 ], [ 81.428744138631146, 28.90917589605084 ], [ 81.427965576650081, 28.909092582856488 ], [ 81.427358701542914, 28.909123894552124 ], [ 81.426317640047102, 28.909269270860193 ], [ 81.4257094510304, 28.909453957434266 ], [ 81.424320764691572, 28.909711020547206 ], [ 81.423018701951605, 28.909985833579412 ], [ 81.422411013857243, 28.910152458169478 ], [ 81.422085702093511, 28.910227896000663 ], [ 81.421976888622567, 28.910264332932684 ], [ 81.421911638311542, 28.910302895862003 ], [ 81.421390451508216, 28.91045120755723 ], [ 81.420868826735045, 28.910655833899682 ], [ 81.420433700554895, 28.910844457705593 ], [ 81.419824200326616, 28.911182520956629 ], [ 81.419302013477193, 28.911409707691917 ], [ 81.419105263397228, 28.911579521277929 ], [ 81.418800264620586, 28.911767770066604 ], [ 81.418493763976073, 28.9120710205612 ], [ 81.418252513642642, 28.912337958230239 ], [ 81.417982370789844, 28.912703114457202 ], [ 81.417901200679921, 28.912812832646182 ], [ 81.417833515004759, 28.913040894421783 ], [ 81.417745075674759, 28.913194583163545 ], [ 81.417459951015985, 28.913554145607407 ], [ 81.417262638859768, 28.913744271281132 ], [ 81.417131639113904, 28.913857521107786 ], [ 81.416696513833131, 28.914046082860466 ], [ 81.416666388343231, 28.914052958177535 ], [ 81.416350014041996, 28.914119333540441 ], [ 81.415919076903947, 28.914077833425324 ], [ 81.415316389040186, 28.913901457486304 ], [ 81.414028076934244, 28.913298582563584 ], [ 81.413270183172472, 28.912788519474645 ], [ 81.413107013777733, 28.912678707756186 ], [ 81.412527576086802, 28.912348832832436 ], [ 81.411238201881588, 28.911822645798509 ], [ 81.410873514201398, 28.911668083815073 ], [ 81.410443889174189, 28.911473082916473 ], [ 81.409692888715881, 28.911046770991732 ], [ 81.408858889825979, 28.910388270302462 ], [ 81.408473201177344, 28.910136769496376 ], [ 81.408043577049511, 28.909923770465696 ], [ 81.406668450688528, 28.909397707538233 ], [ 81.406323951888908, 28.909317582440508 ], [ 81.40529182605701, 28.90896420823168 ], [ 81.405033201720926, 28.908906333260745 ], [ 81.404428263753402, 28.908939708900505 ], [ 81.403044013770284, 28.909196583155847 ], [ 81.402697513979149, 28.90926977088327 ], [ 81.402049700833061, 28.909323645669758 ], [ 81.401618638689285, 28.909243708530369 ], [ 81.401273576014773, 28.909201832498638 ], [ 81.401187138575665, 28.909220146292796 ], [ 81.400239513942495, 28.909001895221365 ], [ 81.399636576966486, 28.908902145117963 ], [ 81.399049346650088, 28.908888539274699 ], [ 81.398428139047439, 28.908874144726042 ], [ 81.398233889082746, 28.908872457597909 ], [ 81.398126138610451, 28.908852457574881 ], [ 81.398039576165559, 28.908850457482686 ], [ 81.397781076835258, 28.908792582511751 ], [ 81.39760863902751, 28.908790832431009 ], [ 81.396403075341709, 28.90851239513097 ], [ 81.396144451905002, 28.908434208072322 ], [ 81.395609201503476, 28.908086083206229 ], [ 81.395352638413613, 28.907874769505042 ], [ 81.394863075370665, 28.907237707754064 ], [ 81.394375577171218, 28.906487833246956 ], [ 81.394207013642813, 28.90614320764297 ], [ 81.393569138904695, 28.905276520195287 ], [ 81.393185075331019, 28.904909894476077 ], [ 81.393013575516136, 28.904813332469359 ], [ 81.392756950373041, 28.904581770532332 ], [ 81.392499889058683, 28.904408769748954 ], [ 81.392070952012887, 28.904193457662018 ], [ 81.391855826984909, 28.904097082714259 ], [ 81.391641389038909, 28.904000769819731 ], [ 81.391319576537285, 28.903825645737015 ], [ 81.391127388718076, 28.903670520777951 ], [ 81.390787202167701, 28.903209021079533 ], [ 81.39064126378338, 28.902749270562424 ], [ 81.390556201407605, 28.902632145557106 ], [ 81.390453826183204, 28.902172207981039 ], [ 81.390067356923055, 28.90105683100802 ], [ 81.390035263716527, 28.900964208931157 ], [ 81.389674139150259, 28.900369644643433 ], [ 81.389203639036793, 28.899852145959812 ], [ 81.389075076453651, 28.899755521000543 ], [ 81.388731325890035, 28.899524208175706 ], [ 81.387871013736344, 28.899136269423366 ], [ 81.387807562069383, 28.899121792137066 ], [ 81.387731242003269, 28.899104376765649 ], [ 81.387353326195125, 28.899018145271214 ], [ 81.387093638860392, 28.89899864527132 ], [ 81.386231950743991, 28.898762021050459 ], [ 81.385799826500829, 28.89872264603332 ], [ 81.385282576030136, 28.898545833023832 ], [ 81.384273825376795, 28.897890021307489 ], [ 81.383671450477095, 28.897562332635573 ], [ 81.383327388748057, 28.897425707630362 ], [ 81.382811077169549, 28.897154145647335 ], [ 81.382381950366778, 28.896884645809791 ], [ 81.382123263977519, 28.896788395867816 ], [ 81.381284576022438, 28.896341833009217 ], [ 81.38081288880386, 28.895995708235375 ], [ 81.380384450881763, 28.895590832550909 ], [ 81.378667700853782, 28.894415771170941 ], [ 81.378132076334339, 28.893952519593142 ], [ 81.377854701133629, 28.89362608277753 ], [ 81.377188638944574, 28.89322195802697 ], [ 81.377016076131042, 28.893181832975245 ], [ 81.376758013871324, 28.893065208892324 ], [ 81.376586389050658, 28.892930333068477 ], [ 81.376155701924176, 28.892755583103735 ], [ 81.375379639159064, 28.892597583012105 ], [ 81.375206575423192, 28.892595769978868 ], [ 81.374999825781401, 28.892673082896522 ], [ 81.374962701767345, 28.892686707625501 ], [ 81.373828701633329, 28.892256707581055 ], [ 81.373571950585131, 28.892155896277643 ], [ 81.373377700620438, 28.892131646058658 ], [ 81.372155325907613, 28.891735645783456 ], [ 81.37177138913836, 28.891554019602381 ], [ 81.371256263765645, 28.891408770098735 ], [ 81.370218825638347, 28.891285270698745 ], [ 81.369737087596548, 28.891128887588138 ], [ 81.369640075928828, 28.891097396028044 ], [ 81.369124325527252, 28.89097020760903 ], [ 81.368798700799459, 28.890962083133672 ], [ 81.368614423416943, 28.89098323428891 ], [ 81.368537325437273, 28.890992082718469 ], [ 81.368405450651096, 28.891046582533818 ], [ 81.368078826776468, 28.891076833029445 ], [ 81.367494701819112, 28.891022021149411 ], [ 81.366974827126626, 28.891007645486525 ], [ 81.366648138500864, 28.8910378330296 ], [ 81.365998764131689, 28.891001271091852 ], [ 81.36580501419013, 28.890958957989596 ], [ 81.364961388956999, 28.890898082880256 ], [ 81.364764763882818, 28.890930145509856 ], [ 81.364310200655268, 28.890899832960997 ], [ 81.364117138695065, 28.89083714571774 ], [ 81.363599577058892, 28.890748333169086 ], [ 81.363338763773015, 28.890760332823163 ], [ 81.362884888526821, 28.890709646133303 ], [ 81.362498075725682, 28.890622707771797 ], [ 81.361789200411351, 28.890414770125574 ], [ 81.361341138382897, 28.890210645604839 ], [ 81.361211013677405, 28.89020877051837 ], [ 81.360760013563834, 28.890081395040397 ], [ 81.360501013311193, 28.890055020622754 ], [ 81.360437451027622, 28.890016832710728 ], [ 81.360050014096942, 28.889929896147862 ], [ 81.359855139103445, 28.889923644960277 ], [ 81.35931649735852, 28.88978257100888 ], [ 81.359275263442726, 28.889771771050448 ], [ 81.359220903921653, 28.889771570501637 ], [ 81.358560012834403, 28.889769145929392 ], [ 81.358496450550831, 28.889730958017367 ], [ 81.357841325017205, 28.889711274555737 ], [ 81.356979951663504, 28.889685395664515 ], [ 81.356358932918454, 28.88973151829498 ], [ 81.356066888875887, 28.8897532081441 ], [ 81.355799212863417, 28.889745240150773 ], [ 81.355092638914186, 28.889724207706081 ], [ 81.354635138500896, 28.889768270889022 ], [ 81.354310826783262, 28.889757832458031 ], [ 81.354180139102198, 28.889773958201658 ], [ 81.353098166547227, 28.889861012575693 ], [ 81.352962138691794, 28.889871958224319 ], [ 81.352570638624115, 28.889897769666391 ], [ 81.35242412197573, 28.889893066212096 ], [ 81.352050826884238, 28.889881082745831 ], [ 81.351635952537265, 28.889930547256995 ], [ 81.35152870118867, 28.889943333817826 ], [ 81.351378630419504, 28.889942783432787 ], [ 81.350812763498311, 28.88994070779745 ], [ 81.34937582673308, 28.890109146320071 ], [ 81.348654076724301, 28.890277958061347 ], [ 81.34799176380892, 28.89058420779503 ], [ 81.347689063699363, 28.890805210791882 ], [ 81.347390138943808, 28.891023458266034 ], [ 81.346659013502745, 28.891442708714067 ], [ 81.34646057539527, 28.891531146245427 ], [ 81.346370911188671, 28.891554523222737 ], [ 81.346198075880579, 28.891599582854496 ], [ 81.345931951198622, 28.891744646198504 ], [ 81.34579770040358, 28.891855520915612 ], [ 81.345267264073016, 28.89212758292166 ], [ 81.344078702070476, 28.892608957637322 ], [ 81.343187388487252, 28.89324964545483 ], [ 81.342805263851915, 28.893602582593189 ], [ 81.34248501347264, 28.894052332649096 ], [ 81.342305450336312, 28.894217521021801 ], [ 81.341551825656268, 28.894654832554522 ], [ 81.341103263604793, 28.895062082449215 ], [ 81.340669888404705, 28.895622646068318 ], [ 81.340347826790833, 28.896704144680598 ], [ 81.340228888752279, 28.896986395106126 ], [ 81.34013882704528, 28.897079145785995 ], [ 81.339848514197627, 28.897874020569645 ], [ 81.339820826769824, 28.898045521283848 ], [ 81.339675388408523, 28.898442957776354 ], [ 81.339394576898258, 28.899007707739599 ], [ 81.339143139044666, 28.899344457980419 ], [ 81.338905200914326, 28.899911333940963 ], [ 81.338855138354006, 28.900080644805939 ], [ 81.338844513763377, 28.900367207480713 ], [ 81.338749138861715, 28.900595271054954 ], [ 81.338756202137063, 28.900996895690241 ], [ 81.338836263382916, 28.901170395597319 ], [ 81.338870952032892, 28.901400394512621 ], [ 81.338789575978183, 28.90357770804485 ], [ 81.338826701790936, 28.903751395910263 ], [ 81.338830764028614, 28.904211582598521 ], [ 81.338885513855416, 28.904500208317984 ], [ 81.338889576992415, 28.904958145801857 ], [ 81.338878950603146, 28.905244707577253 ], [ 81.338751138953967, 28.905757082823186 ], [ 81.338710450926612, 28.906271646119649 ], [ 81.338543888389779, 28.906669082612098 ], [ 81.338340076833163, 28.906892958043613 ], [ 81.338139326568751, 28.907040145586279 ], [ 81.337787200618891, 28.907180894882458 ], [ 81.337520513860682, 28.907364208191723 ], [ 81.337011138753098, 28.90763627019777 ], [ 81.336966388488122, 28.907672520970095 ], [ 81.335969513382395, 28.908236770011001 ], [ 81.335049264112286, 28.908496208233487 ], [ 81.334519888981731, 28.908727646064051 ], [ 81.334257263561938, 28.908795957667337 ], [ 81.333929826700228, 28.908844146040565 ], [ 81.333475825548987, 28.908811457482841 ], [ 81.33333295115483, 28.908820832915183 ], [ 81.333084326380629, 28.908839520827257 ], [ 81.332566700892585, 28.908748271115883 ], [ 81.331859575658939, 28.908517646272401 ], [ 81.331603450538864, 28.908396458130085 ], [ 81.331152451324613, 28.908268957646328 ], [ 81.330770262837405, 28.908048833287069 ], [ 81.330513575641078, 28.907945645974849 ], [ 81.330063763531939, 28.907800144660996 ], [ 81.329023952093792, 28.907753021085114 ], [ 81.328311450712931, 28.907655520186154 ], [ 81.32727101334666, 28.907628708697985 ], [ 81.326768700615105, 28.907708895848941 ], [ 81.326419513649682, 28.907757144476705 ], [ 81.325933138703419, 28.908010957439785 ], [ 81.325819451806296, 28.908142083090695 ], [ 81.325681075821024, 28.908368020667695 ], [ 81.325249325695893, 28.908872269639573 ], [ 81.324765825882196, 28.909624646060593 ], [ 81.32445763900887, 28.91030445798441 ], [ 81.323621327062654, 28.911199833805313 ], [ 81.32334382685616, 28.911649457956173 ], [ 81.323270201158891, 28.911877520631151 ], [ 81.323273513361983, 28.9129490826341 ], [ 81.323245763880948, 28.913100271260589 ], [ 81.322927013570904, 28.914086957946779 ], [ 81.322764452117838, 28.914369395431322 ], [ 81.322493513365032, 28.91464752066662 ], [ 81.322287325799493, 28.914930020204338 ], [ 81.321796701556593, 28.915278645992771 ], [ 81.321185950371387, 28.915950145482896 ], [ 81.320510326590352, 28.916601457891034 ], [ 81.32042076400711, 28.916667146171903 ], [ 81.320309513373388, 28.916748582481148 ], [ 81.319722950353935, 28.917383895950081 ], [ 81.319492638474571, 28.917759020262622 ], [ 81.318946138453612, 28.919122958158027 ], [ 81.318672263414271, 28.919498084269208 ], [ 81.318403138594022, 28.919737895687376 ], [ 81.318356639147623, 28.919832707613409 ], [ 81.318153775476389, 28.920036537156534 ], [ 81.318041514004733, 28.920149332825474 ], [ 81.317937854548404, 28.920203400066896 ], [ 81.31785540200525, 28.920246405647163 ], [ 81.31779826357905, 28.920276209179747 ], [ 81.317449138666859, 28.920344707842048 ], [ 81.31713340558224, 28.920289246651464 ], [ 81.315637013737273, 28.920026394602473 ], [ 81.314492889035648, 28.91985983296496 ], [ 81.313889264078341, 28.919748458224831 ], [ 81.313629575844288, 28.919722020854636 ], [ 81.312760327127478, 28.919755582654091 ], [ 81.312237450498003, 28.919817707820982 ], [ 81.311622575921206, 28.920010894787026 ], [ 81.311005389187414, 28.920280832594415 ], [ 81.310427638624674, 28.920667957460296 ], [ 81.309978826561633, 28.921095333283063 ], [ 81.309601887417216, 28.921312832521267 ], [ 81.309442264049324, 28.921538770997529 ], [ 81.308905138561329, 28.922002520799765 ], [ 81.307969201517494, 28.922683708686236 ], [ 81.307564576743857, 28.923074957843085 ], [ 81.307274826871833, 28.923296708176565 ], [ 81.306665701660847, 28.923950083629506 ], [ 81.305571388608769, 28.924836895206624 ], [ 81.305149075969155, 28.925113146254773 ], [ 81.30492526349019, 28.925298707869104 ], [ 81.304257197611662, 28.925569705077862 ], [ 81.304220826330152, 28.925584457556738 ], [ 81.303783825962853, 28.925668957856146 ], [ 81.30317782679532, 28.925613895964602 ], [ 81.302569451618979, 28.925633333011945 ], [ 81.301963575658533, 28.925598583208114 ], [ 81.301704388346877, 28.925554020901416 ], [ 81.301441717960984, 28.925457809630245 ], [ 81.30119026391958, 28.92536570826087 ], [ 81.300845139191892, 28.925298770821655 ], [ 81.300588232560926, 28.925292663525624 ], [ 81.300324576518051, 28.925286396150341 ], [ 81.299980076819168, 28.925219520764301 ], [ 81.299862688312487, 28.925144109013445 ], [ 81.298982575785317, 28.924578707941066 ], [ 81.298810075924337, 28.924554332716355 ], [ 81.298664013433552, 28.92437864565801 ], [ 81.298538013918289, 28.924259332602162 ], [ 81.298281887898838, 28.924138083305934 ], [ 81.297764200357619, 28.924046770642008 ], [ 81.297503888893402, 28.924040583306351 ], [ 81.297159450348431, 28.923973582914584 ], [ 81.296553452080218, 28.923918583076215 ], [ 81.295951575404956, 28.923748457425404 ], [ 81.295524701403906, 28.923546332996921 ], [ 81.295142576768569, 28.923305769745525 ], [ 81.294200387637829, 28.922953645594305 ], [ 81.293859451052867, 28.922771645295256 ], [ 81.293430826071813, 28.922625957821765 ], [ 81.292483888520678, 28.922391082782269 ], [ 81.292051075396841, 28.922358208064907 ], [ 81.291879701487119, 28.922297645919684 ], [ 81.291666763610294, 28.922273332748148 ], [ 81.291447451338854, 28.922246708318994 ], [ 81.291011013947184, 28.9223130836819 ], [ 81.290482701815279, 28.922508270740138 ], [ 81.290220638471737, 28.922558458306241 ], [ 81.289605138866136, 28.922774082457977 ], [ 81.289255888948162, 28.922840269862604 ], [ 81.288820700714837, 28.922868271153845 ], [ 81.288674353138958, 28.922853302837723 ], [ 81.288301889021, 28.922815207555857 ], [ 81.287744825563323, 28.922608894984592 ], [ 81.287487450385584, 28.922507895722845 ], [ 81.287276138483037, 28.922348145550529 ], [ 81.286849201529492, 28.922146020222726 ], [ 81.286249825868822, 28.921919457616923 ], [ 81.285563951615131, 28.921729145783502 ], [ 81.285245450417278, 28.921547082531902 ], [ 81.285057363506553, 28.921126315826882 ], [ 81.284985513970355, 28.920965582695544 ], [ 81.284738388366009, 28.920614145626359 ], [ 81.284495450904387, 28.920147645697341 ], [ 81.28414476386979, 28.919679144776751 ], [ 81.283695262926074, 28.918937832714846 ], [ 81.283445201934569, 28.918681207571751 ], [ 81.283273764172918, 28.918620645426472 ], [ 81.28278645033447, 28.918319332970896 ], [ 81.282106013381849, 28.9179755833066 ], [ 81.281850514189955, 28.91785208300729 ], [ 81.281422513338384, 28.917706333480567 ], [ 81.280911576108394, 28.917463708083687 ], [ 81.280482389051087, 28.917356332628685 ], [ 81.280309325315159, 28.917349896180838 ], [ 81.279364388755596, 28.917115021141342 ], [ 81.27885163849237, 28.916926519643198 ], [ 81.278562415623014, 28.916789353246088 ], [ 81.278425450674092, 28.916724396114034 ], [ 81.278254201770039, 28.916681895053443 ], [ 81.278224638356448, 28.916668394430928 ], [ 81.278083451989801, 28.916601020820508 ], [ 81.277514325925438, 28.916182584258934 ], [ 81.277310263457935, 28.915831021284646 ], [ 81.277302870131393, 28.915809091316589 ], [ 81.277193200505849, 28.915483832612836 ], [ 81.276992701152267, 28.915057894806068 ], [ 81.276705097961951, 28.914799408066301 ], [ 81.276551887659537, 28.914661707471851 ], [ 81.276304825907062, 28.914310271302043 ], [ 81.276091684783466, 28.913763304532949 ], [ 81.275988576611553, 28.913498708698512 ], [ 81.275899745177128, 28.913335245225426 ], [ 81.275765700326872, 28.913088583671254 ], [ 81.275569889139149, 28.912509208033555 ], [ 81.275477138459223, 28.91210552125284 ], [ 81.275467950985217, 28.911760395625834 ], [ 81.275309763834571, 28.911352394797234 ], [ 81.27518357546171, 28.910660020243768 ], [ 81.27514245036383, 28.910601458190797 ], [ 81.275118639014011, 28.910084833648227 ], [ 81.275027013386023, 28.909622520063294 ], [ 81.274910075439664, 28.909275333190124 ], [ 81.274567888797094, 28.908576707449129 ], [ 81.274411513780422, 28.908112269665537 ], [ 81.274378702015554, 28.90782352073893 ], [ 81.274320576133732, 28.9076499578793 ], [ 81.274136451635968, 28.907357020809911 ], [ 81.27355638891629, 28.906634020743525 ], [ 81.273116826380488, 28.906219769626716 ], [ 81.272799639092113, 28.906017333133491 ], [ 81.271893388669014, 28.905324332651901 ], [ 81.271007764197009, 28.904667395883678 ], [ 81.270799513586724, 28.904451145803762 ], [ 81.270589451741841, 28.904273395700727 ], [ 81.270508262746205, 28.904117895724369 ], [ 81.270257013750268, 28.903881457663203 ], [ 81.269517325863944, 28.903382145969317 ], [ 81.269428754333603, 28.903297814742416 ], [ 81.269392013430718, 28.90326283291347 ], [ 81.269201388633235, 28.903143645762668 ], [ 81.268561638808649, 28.902876458082119 ], [ 81.268434450389634, 28.902795520896632 ], [ 81.267857076642827, 28.902589083319583 ], [ 81.267526558703764, 28.902534043911032 ], [ 81.266759263429321, 28.902406270932715 ], [ 81.266434262831012, 28.902395645442709 ], [ 81.265852075912619, 28.902322332709559 ], [ 81.265173384544141, 28.90231737114982 ], [ 81.264877763897744, 28.902315209179619 ], [ 81.264814200714852, 28.902274770264512 ], [ 81.264619325721355, 28.90227058302105 ], [ 81.264290700855213, 28.902356957507607 ], [ 81.264092888675918, 28.902447645142786 ], [ 81.26376488883858, 28.902513645488398 ], [ 81.263034575485335, 28.902934708070347 ], [ 81.262848496760796, 28.903088228638865 ], [ 81.262765950688106, 28.903156332498781 ], [ 81.262577948313719, 28.903254095999785 ], [ 81.262169326952915, 28.903466583316231 ], [ 81.261740951983427, 28.903914144422288 ], [ 81.261355638352086, 28.90438189620761 ], [ 81.26086432702715, 28.90477089615996 ], [ 81.260572077039797, 28.905048957543386 ], [ 81.26026170211594, 28.90525258294042 ], [ 81.259521139189303, 28.905939833156822 ], [ 81.259047451878473, 28.90644383301651 ], [ 81.258954262329382, 28.906613270685966 ], [ 81.258662012342029, 28.906893583072474 ], [ 81.258115139102472, 28.907623332550827 ], [ 81.257554888447373, 28.908125208211857 ], [ 81.257439200558736, 28.908312707865207 ], [ 81.257281388425383, 28.908482207587838 ], [ 81.257210013731196, 28.90865152115083 ], [ 81.256592326974385, 28.909534832566521 ], [ 81.256542700585214, 28.909706396233275 ], [ 81.256337638071614, 28.909986520661448 ], [ 81.256259541844429, 28.910228882556908 ], [ 81.256190700540458, 28.910442521005564 ], [ 81.256049700333449, 28.910724832585004 ], [ 81.255667326585922, 28.911118082733367 ], [ 81.255511201580759, 28.911228957450476 ], [ 81.25499372178291, 28.911845791650023 ], [ 81.254898889172466, 28.911958832833932 ], [ 81.254541825944557, 28.912234707965467 ], [ 81.25438395175803, 28.912404207688098 ], [ 81.253996700987045, 28.912910332645765 ], [ 81.253875701702327, 28.913251208076815 ], [ 81.253759333926155, 28.913374436780884 ], [ 81.253717763663929, 28.913418457695741 ], [ 81.253615652840153, 28.913486082216991 ], [ 81.253495702164969, 28.913565520232623 ], [ 81.253479360584095, 28.913591984582467 ], [ 81.253449700943008, 28.913640020070943 ], [ 81.253396126530049, 28.913656660226764 ], [ 81.252879638684419, 28.913817083091942 ], [ 81.252485638501469, 28.913921582515059 ], [ 81.252224826114912, 28.913951395940217 ], [ 81.251435576590666, 28.914178520622272 ], [ 81.25028825120188, 28.914724043080184 ], [ 81.250178014104108, 28.914776458266999 ], [ 81.249999826031228, 28.914801582626978 ], [ 81.249961326054404, 28.914806145787054 ], [ 81.249516864012094, 28.914820561919441 ], [ 81.249369763703669, 28.914825332822886 ], [ 81.249158710805943, 28.914865375137026 ], [ 81.248913513348043, 28.914911896167098 ], [ 81.248807508459777, 28.914909318710158 ], [ 81.248653888965862, 28.914905583825657 ], [ 81.247743138335238, 28.91500427093041 ], [ 81.247559971615431, 28.915043940025839 ], [ 81.24741732654843, 28.915074833536778 ], [ 81.24566470076536, 28.915084833098604 ], [ 81.245147514146538, 28.914997832683866 ], [ 81.244656772991732, 28.914844088184168 ], [ 81.244180763631391, 28.914694958105883 ], [ 81.244098749957402, 28.914685592566116 ], [ 81.243986450714203, 28.914672770931702 ], [ 81.243717013829155, 28.914585270493887 ], [ 81.243473638397745, 28.914378144935483 ], [ 81.242964763313239, 28.913909769919997 ], [ 81.242754763521589, 28.913621396010683 ], [ 81.24201307554307, 28.912918833037793 ], [ 81.241595701080826, 28.912224707504322 ], [ 81.241352888624988, 28.911455895972892 ], [ 81.241269888394697, 28.911302583147744 ], [ 81.241090389110241, 28.91061026974819 ], [ 81.240934138199975, 28.909843521261564 ], [ 81.240949513909015, 28.909155395105472 ], [ 81.240791513817385, 28.908465332709 ], [ 81.240480513864668, 28.907847708005363 ], [ 81.240399200762567, 28.907617770243974 ], [ 81.239645639035075, 28.906477519821749 ], [ 81.239197326995111, 28.906200832602394 ], [ 81.238876100851428, 28.906068098963658 ], [ 81.238811325382414, 28.906041332441589 ], [ 81.238360389120714, 28.905899959015926 ], [ 81.237907388914948, 28.905835333733705 ], [ 81.237388200405178, 28.905845334194851 ], [ 81.237322513922948, 28.905883770319804 ], [ 81.236995810008693, 28.90595625387806 ], [ 81.236605014110182, 28.906042957516547 ], [ 81.236150826799303, 28.906034645982174 ], [ 81.235699075751825, 28.905931770734696 ], [ 81.235439388417092, 28.905927708497018 ], [ 81.235181721859021, 28.905867377477534 ], [ 81.235181264104085, 28.905867270458202 ], [ 81.234469201592447, 28.905778207898038 ], [ 81.233691326693418, 28.905745708197912 ], [ 81.232003639156687, 28.905773457679004 ], [ 81.231157700867243, 28.905874207828504 ], [ 81.230313575611092, 28.905898208935241 ], [ 81.230053014135365, 28.905932458716052 ], [ 81.228498388489868, 28.905811020562226 ], [ 81.227717263441036, 28.905911645705942 ], [ 81.227390825726104, 28.906002457447528 ], [ 81.227117366173559, 28.906037256714058 ], [ 81.226870200999031, 28.90606870870397 ], [ 81.226541783876257, 28.90605384291058 ], [ 81.225573637613365, 28.906010020745896 ], [ 81.225185701558928, 28.905945207505397 ], [ 81.224212325738279, 28.905946832580298 ], [ 81.223234575615209, 28.90614020750462 ], [ 81.222132263992819, 28.906103707620048 ], [ 81.221742013982805, 28.906135958207983 ], [ 81.221483575806417, 28.90609120884227 ], [ 81.220900200883648, 28.906062833433054 ], [ 81.219794389099832, 28.90617745742378 ], [ 81.219402951984705, 28.906266082913419 ], [ 81.21931132545734, 28.906300083582039 ], [ 81.218661514017697, 28.906540270916821 ], [ 81.218567155350001, 28.906562849296108 ], [ 81.218139388322186, 28.906665207433434 ], [ 81.217553950354556, 28.90673158279634 ], [ 81.216901451740682, 28.906892895990381 ], [ 81.216187076172673, 28.906918771284325 ], [ 81.216056387592289, 28.906955083210562 ], [ 81.215731450845851, 28.906969145010066 ], [ 81.215275200490169, 28.907057895505545 ], [ 81.214430514057028, 28.907117895574459 ], [ 81.21430682579944, 28.907145145931793 ], [ 81.213865014059195, 28.907242833889711 ], [ 81.213079513808566, 28.90755545801801 ], [ 81.212426388367192, 28.907734708190276 ], [ 81.212231576326246, 28.907750770981352 ], [ 81.211579263872011, 28.907891708235809 ], [ 81.210933451717494, 28.907746082815493 ], [ 81.210740701821976, 28.907667395733768 ], [ 81.210352763968956, 28.907602582493212 ], [ 81.209346162695283, 28.907600643554929 ], [ 81.209055013478121, 28.907600083277259 ], [ 81.208729137839498, 28.907652457994573 ], [ 81.208620734459373, 28.907682288506862 ], [ 81.208333263469399, 28.907761395571981 ], [ 81.207554201465257, 28.907974645513548 ], [ 81.207359325572497, 28.907970459169405 ], [ 81.207033763797199, 28.908020582883637 ], [ 81.206401232830672, 28.908009002313634 ], [ 81.206125764192734, 28.908003958016309 ], [ 81.205930889199237, 28.908017770703623 ], [ 81.205408451438927, 28.908160708050275 ], [ 81.205299262950689, 28.90821727091037 ], [ 81.205204763089398, 28.908253520783433 ], [ 81.204470388397738, 28.908525332777913 ], [ 81.204411299342041, 28.90855358677868 ], [ 81.204275966662578, 28.908618296597183 ], [ 81.204011200856314, 28.90874489596024 ], [ 81.203749904634435, 28.908919836581219 ], [ 81.203484325841032, 28.909097645140264 ], [ 81.203087825542752, 28.909416332497813 ], [ 81.20284413894592, 28.909678395841354 ], [ 81.202598888428042, 28.909999146243649 ], [ 81.202441137448602, 28.910281394870537 ], [ 81.202374888890063, 28.910337895677401 ], [ 81.202010389168208, 28.911134832606479 ], [ 81.201559389054637, 28.911929644437578 ], [ 81.201067387949649, 28.912609396106802 ], [ 81.200756826866098, 28.912948270546281 ], [ 81.200226888759971, 28.913398020602244 ], [ 81.199348138705716, 28.913956583229776 ], [ 81.198092512459539, 28.914910520204387 ], [ 81.197763076404897, 28.915114020595638 ], [ 81.197254326326174, 28.915584020686083 ], [ 81.196508389050962, 28.916029582599208 ], [ 81.19624607659523, 28.916140520268868 ], [ 81.195919575927746, 28.916210833763046 ], [ 81.195487292504595, 28.91618142143551 ], [ 81.195141513969759, 28.916157896070104 ], [ 81.194881013647944, 28.916192082898363 ], [ 81.194556638078438, 28.916185832610154 ], [ 81.194362951988694, 28.916143207443099 ], [ 81.193130950932698, 28.916063769427467 ], [ 81.192678825767246, 28.915958395863356 ], [ 81.192354764061179, 28.915934019739268 ], [ 81.191837512691109, 28.915828770281564 ], [ 81.190993887457978, 28.915814144607111 ], [ 81.190216138464052, 28.915743144930218 ], [ 81.189440762781032, 28.915574958217803 ], [ 81.189052200798471, 28.915530395011785 ], [ 81.188218638979038, 28.915073582579851 ], [ 81.187861700756969, 28.914956770538595 ], [ 81.187359138913166, 28.914808457944048 ], [ 81.186970576031342, 28.914763957690525 ], [ 81.18645132636766, 28.914753396052447 ], [ 81.186143680886232, 28.914802781423248 ], [ 81.186125450729037, 28.914805707817209 ], [ 81.185798638896131, 28.914896457505563 ], [ 81.185536326440342, 28.915005020964998 ], [ 81.185406263788082, 28.915021082856754 ], [ 81.184881012948438, 28.915260895174242 ], [ 81.184816263559753, 28.915261021079289 ], [ 81.184423200470405, 28.915405958518249 ], [ 81.184225950367363, 28.91551677028275 ], [ 81.184160888913937, 28.915516833235301 ], [ 81.183700701326359, 28.915756582600238 ], [ 81.183373013553762, 28.915883396001959 ], [ 81.181879138911199, 28.916666020220703 ], [ 81.181467325856488, 28.916883144441613 ], [ 81.180019638595525, 28.917735645084008 ], [ 81.179100513477977, 28.91819708272925 ], [ 81.178314701162606, 28.918489145657588 ], [ 81.177792137497192, 28.918632020051746 ], [ 81.177335513023593, 28.918720583488209 ], [ 81.17720451237841, 28.918774896244543 ], [ 81.176813264120881, 28.918843083741365 ], [ 81.176717077131457, 28.918847708055353 ], [ 81.176205951043869, 28.918909334098544 ], [ 81.175639218075503, 28.918974314612967 ], [ 81.175489702188088, 28.918991457489824 ], [ 81.175424013907161, 28.919027645309654 ], [ 81.174967388534185, 28.919116207846741 ], [ 81.174508701015782, 28.919299646161789 ], [ 81.173372176484804, 28.919939182847088 ], [ 81.173062138806699, 28.920113645028721 ], [ 81.171865634891219, 28.920653752668613 ], [ 81.1715535134839, 28.92079464585629 ], [ 81.171158950325378, 28.921016208231492 ], [ 81.170962576162026, 28.921088645924328 ], [ 81.170501762646268, 28.921366708207074 ], [ 81.16979527053536, 28.92196697599519 ], [ 81.169464638382408, 28.922247895424107 ], [ 81.169242263020067, 28.922509895815097 ], [ 81.168910700968127, 28.922810333230359 ], [ 81.168776951095481, 28.922979707947206 ], [ 81.167714138596693, 28.924050457862393 ], [ 81.166666513848611, 28.925048895989789 ], [ 81.165878513482653, 28.925798894603361 ], [ 81.164954763151854, 28.926472333031768 ], [ 81.164341700708974, 28.926786646086896 ], [ 81.163617575590706, 28.927234271044824 ], [ 81.163287825672683, 28.92747833265895 ], [ 81.163090763527975, 28.927571019487004 ], [ 81.162787229746925, 28.927760854679775 ], [ 81.162169075342604, 28.928147457938906 ], [ 81.161509138436031, 28.928635582965853 ], [ 81.161022075508413, 28.929123457981234 ], [ 81.160910388703542, 28.929274707761579 ], [ 81.160807325497728, 28.929441871944903 ], [ 81.160034825846594, 28.930694833499842 ], [ 81.159366450601283, 28.93154620819098 ], [ 81.158060763593426, 28.932844957828593 ], [ 81.157862513444286, 28.932994084309598 ], [ 81.157817451114511, 28.933068583248541 ], [ 81.157730325694047, 28.933107021172134 ], [ 81.157134451094123, 28.933613083177306 ], [ 81.156147951466835, 28.934189519830511 ], [ 81.155295013753914, 28.934578519782917 ], [ 81.154448487307889, 28.934840778279352 ], [ 81.15418382672226, 28.93492277126893 ], [ 81.153921701325487, 28.935033583033487 ], [ 81.153530075352762, 28.935122019665528 ], [ 81.152416702069218, 28.935563208175552 ], [ 81.151891012360409, 28.935841332511529 ], [ 81.151363512316323, 28.936196083582445 ], [ 81.150969200967893, 28.936419896061409 ], [ 81.150858700368758, 28.936512520836231 ], [ 81.150750763736824, 28.936571270847537 ], [ 81.150179576426353, 28.936885520950057 ], [ 81.149784637351217, 28.937127332460477 ], [ 81.149256201112848, 28.937520519656289 ], [ 81.14854957590228, 28.938157521152732 ], [ 81.147839575536011, 28.938932082949293 ], [ 81.147094247101904, 28.939878565443507 ], [ 81.147082075677304, 28.939894021192174 ], [ 81.146767638515769, 28.940406457592019 ], [ 81.146388139001488, 28.940916770692468 ], [ 81.14593751390521, 28.941711394565232 ], [ 81.14557582546405, 28.942395332578599 ], [ 81.145438138359452, 28.942736208009649 ], [ 81.144987514162494, 28.943533019933 ], [ 81.14482670189085, 28.943932521268891 ], [ 81.144777138454231, 28.944219083044288 ], [ 81.144685450773011, 28.944447082766715 ], [ 81.144370388582615, 28.944977645002382 ], [ 81.143929700994988, 28.945332270168194 ], [ 81.143402763926474, 28.945668957456462 ], [ 81.143220076545333, 28.945741333096123 ], [ 81.14307576413529, 28.945759520085858 ], [ 81.142683826097766, 28.945866020500489 ], [ 81.142228950805475, 28.945898084029409 ], [ 81.141707138973345, 28.946004644698633 ], [ 81.141379889170594, 28.946113271110619 ], [ 81.141184639159803, 28.946129270049823 ], [ 81.140336200755144, 28.946326458099634 ], [ 81.139815263963328, 28.946392395492694 ], [ 81.139096701151914, 28.946591707741163 ], [ 81.138640575802015, 28.94665983318481 ], [ 81.138509514002919, 28.946716396044906 ], [ 81.137142201851191, 28.946884707763104 ], [ 81.136423264022483, 28.947083957958341 ], [ 81.136270200309582, 28.947156333597945 ], [ 81.136137263424018, 28.947289582548251 ], [ 81.135918139110913, 28.947418333089672 ], [ 81.135806762572088, 28.947551582939241 ], [ 81.135475888501503, 28.94783170916611 ], [ 81.134991262736662, 28.948206707573547 ], [ 81.134727951134096, 28.948355833155233 ], [ 81.134265075472911, 28.94873083246199 ], [ 81.133624263548995, 28.9493135212021 ], [ 81.133579139165988, 28.949388021040363 ], [ 81.133115638475999, 28.949783271280978 ], [ 81.132936450356965, 28.950047395870683 ], [ 81.132842700530261, 28.950194145443504 ], [ 81.13262251411777, 28.950539521082078 ], [ 81.132441887982793, 28.950880395613808 ], [ 81.131860803633231, 28.951605504590418 ], [ 81.131859798191215, 28.951606760044001 ], [ 81.131305638644392, 28.952298271248253 ], [ 81.131103075346687, 28.952639144880663 ], [ 81.13076038868104, 28.953435895650102 ], [ 81.130711951195622, 28.953666020470507 ], [ 81.130621333707666, 28.953890895048801 ], [ 81.130482763468819, 28.9542347706182 ], [ 81.130189638441095, 28.954747208816684 ], [ 81.129825538917544, 28.95527946267714 ], [ 81.129607450623382, 28.955598270543817 ], [ 81.129577433951454, 28.955672704731569 ], [ 81.129470013530351, 28.955939083022315 ], [ 81.129334888594315, 28.956167082744741 ], [ 81.129224138882932, 28.956279957554045 ], [ 81.129044575746605, 28.956564333077552 ], [ 81.12839882564532, 28.957356895704208 ], [ 81.128327098416889, 28.957421436450204 ], [ 81.127314576906258, 28.9583325207293 ], [ 81.127272013792435, 28.958370957753573 ], [ 81.126784263782781, 28.958881270854022 ], [ 81.12647238878975, 28.959278646192615 ], [ 81.125984325816034, 28.959807021277072 ], [ 81.125565638343573, 28.960143520607062 ], [ 81.1251496380454, 28.960349208149466 ], [ 81.125061575531333, 28.960423770940338 ], [ 81.125000013340014, 28.960437332716765 ], [ 81.124857388957366, 28.960471332486065 ], [ 81.12461763869311, 28.960564021112759 ], [ 81.12424557567283, 28.960808020673653 ], [ 81.124092451705337, 28.960920957536189 ], [ 81.12371745149926, 28.961356770798375 ], [ 81.123256513877095, 28.961751958086438 ], [ 81.123035512678825, 28.962016144729319 ], [ 81.122442576164019, 28.962544582766327 ], [ 81.121961638518883, 28.962845083134141 ], [ 81.121437638636166, 28.963105020480384 ], [ 81.120956326873056, 28.963425770882679 ], [ 81.120520451557638, 28.963611207491283 ], [ 81.12008538833004, 28.963740083937751 ], [ 81.119562012576864, 28.963961707466865 ], [ 81.118601201184561, 28.964485958260411 ], [ 81.117644014060033, 28.964798145318184 ], [ 81.116775200615052, 28.964997457566653 ], [ 81.116253263777139, 28.965162520034312 ], [ 81.115645388623818, 28.965287271290606 ], [ 81.115036638430183, 28.965470457795448 ], [ 81.114645201315057, 28.965579083308114 ], [ 81.114406076079604, 28.965653708152161 ], [ 81.114231952042985, 28.965708020908494 ], [ 81.113710950500035, 28.965816770527567 ], [ 81.11310401333958, 28.965884958024446 ], [ 81.112584825729186, 28.965876332626692 ], [ 81.111807075835941, 28.965809333134246 ], [ 81.111028450902324, 28.965798645591065 ], [ 81.110595200708019, 28.965830645268113 ], [ 81.10998763851876, 28.965937145682801 ], [ 81.109380951369872, 28.965985020192591 ], [ 81.108775763390838, 28.965958457816612 ], [ 81.108082450844506, 28.966006395278953 ], [ 81.107217888494802, 28.965955270619304 ], [ 81.106527014010567, 28.965870020285251 ], [ 81.105838263724934, 28.965669770043917 ], [ 81.105651908009179, 28.965619704785581 ], [ 81.105536763311022, 28.965588770805198 ], [ 81.105241837840595, 28.965306221804724 ], [ 81.105110825504255, 28.965180707923366 ], [ 81.104727263752295, 28.964831395952217 ], [ 81.104193853363711, 28.964505077847093 ], [ 81.104149013166477, 28.964477645826719 ], [ 81.103891388876548, 28.964360520821458 ], [ 81.103442201796213, 28.964067583752012 ], [ 81.102797950864783, 28.963790582669333 ], [ 81.102344138571198, 28.963745833303619 ], [ 81.102019326830543, 28.963759583038382 ], [ 81.101371200720394, 28.96371270767537 ], [ 81.100655826005607, 28.96379895805552 ], [ 81.099873263840095, 28.964018396232063 ], [ 81.099417950578015, 28.96406833288728 ], [ 81.098960826980658, 28.9642356454587 ], [ 81.09845108135238, 28.964247113613453 ], [ 81.098441326406146, 28.964247333048036 ], [ 81.098311200801334, 28.964283520867866 ], [ 81.098308269011454, 28.964285398652294 ], [ 81.097785887908458, 28.964620020197799 ], [ 81.097458638105707, 28.964787208662813 ], [ 81.096935514162681, 28.965010958189225 ], [ 81.096413888490247, 28.965155707669851 ], [ 81.096021200418136, 28.965343271175072 ], [ 81.095695138619817, 28.965433707899365 ], [ 81.094516264114361, 28.966068520445901 ], [ 81.094059388729875, 28.966215520929609 ], [ 81.093862325685848, 28.966346457722921 ], [ 81.093049076853447, 28.967100521272073 ], [ 81.092285513765489, 28.96747333342762 ], [ 81.091504138705091, 28.967613707706505 ], [ 81.091178076007452, 28.967706457487054 ], [ 81.09072270069214, 28.967756395940967 ], [ 81.089879575482087, 28.967725332458201 ], [ 81.089297451516245, 28.967603896102958 ], [ 81.088453388313269, 28.967611270543728 ], [ 81.087935388707308, 28.967546146137806 ], [ 81.087784075974412, 28.967544020140451 ], [ 81.086788950949369, 28.967531082493508 ], [ 81.085814701887045, 28.967574582700877 ], [ 81.084581950796462, 28.967537020716975 ], [ 81.084191388721649, 28.967609457510491 ], [ 81.083347099788909, 28.967607798261326 ], [ 81.083333200766674, 28.967607771281678 ], [ 81.082567763491568, 28.967605958248441 ], [ 81.080610264052495, 28.968092208188921 ], [ 81.079632638035889, 28.968271021290661 ], [ 81.079502138313103, 28.968307208211115 ], [ 81.079378302566681, 28.968376663752053 ], [ 81.079305012316524, 28.968417770863482 ], [ 81.078782700461318, 28.96856477044787 ], [ 81.07845751370337, 28.968596583065903 ], [ 81.078261638663776, 28.968653083872766 ], [ 81.077803201156883, 28.968856396305682 ], [ 81.077214888956007, 28.969057520688068 ], [ 81.076820950826288, 28.969301396142555 ], [ 81.076494201945934, 28.96941214585388 ], [ 81.076101200909761, 28.969597332450974 ], [ 81.075382951062409, 28.969796269682149 ], [ 81.074795825966646, 28.969922958078087 ], [ 81.073884825324512, 28.970004645298218 ], [ 81.07362382677826, 28.970077020937822 ], [ 81.07336338850962, 28.970092957823795 ], [ 81.072255825745799, 28.970267270718011 ], [ 81.071930638987851, 28.970283208503304 ], [ 81.071735076012999, 28.970337458307085 ], [ 81.071083762705541, 28.970423520728957 ], [ 81.070109200679099, 28.9704082700257 ], [ 81.069525763703098, 28.970343145619722 ], [ 81.069439202157525, 28.970340957569192 ], [ 81.068489137663619, 28.970156458054134 ], [ 81.068035950398837, 28.970073145759102 ], [ 81.06757762890453, 28.97009639503267 ], [ 81.067450700389543, 28.970102833279157 ], [ 81.066669202122057, 28.970204707581217 ], [ 81.066081826115465, 28.970349395907931 ], [ 81.064512325683324, 28.970920958235695 ], [ 81.063794075835972, 28.971140145501352 ], [ 81.06366263901964, 28.971214644440352 ], [ 81.063597825779084, 28.971212396135229 ], [ 81.062994458927221, 28.971457071087002 ], [ 81.062550701054079, 28.971637020931837 ], [ 81.062329323939196, 28.971699878146921 ], [ 81.062224263339147, 28.971729707759835 ], [ 81.061176200621219, 28.97221070745826 ], [ 81.060914827057672, 28.972303333132345 ], [ 81.060521451903526, 28.972506520559534 ], [ 81.060325575964612, 28.972563019567758 ], [ 81.059932138757233, 28.972766270846762 ], [ 81.058689639015711, 28.973206707523559 ], [ 81.057966701002499, 28.973676270543478 ], [ 81.05743970098149, 28.974089395709086 ], [ 81.056979638399639, 28.974351271094349 ], [ 81.056757826012927, 28.974615333630766 ], [ 81.056670326474432, 28.974651457598725 ], [ 81.056472200431756, 28.974820771161717 ], [ 81.056162888506549, 28.975123207769855 ], [ 81.055723638934865, 28.975423334019695 ], [ 81.054972950541298, 28.976141145897202 ], [ 81.054728700968838, 28.976443520452165 ], [ 81.05472472506608, 28.976447431603731 ], [ 81.054441825330059, 28.976725708824461 ], [ 81.05419570157045, 28.977125082456666 ], [ 81.053996263416877, 28.977353021025124 ], [ 81.053383263027229, 28.977669145314849 ], [ 81.052596387713152, 28.978003334286484 ], [ 81.052007637542488, 28.978166020745334 ], [ 81.051616075421578, 28.978238332533067 ], [ 81.051369757408452, 28.978248665743365 ], [ 81.051031118591311, 28.978262873233064 ], [ 81.050965013924326, 28.978265645842953 ], [ 81.050511450742931, 28.978164332717824 ], [ 81.049865075612786, 28.977943457424658 ], [ 81.049800575336349, 28.977905146305488 ], [ 81.049782512453021, 28.977713394657485 ], [ 81.049656701795413, 28.977480957680086 ], [ 81.049276075430612, 28.976960019989008 ], [ 81.048979568052687, 28.976450787873603 ], [ 81.048960889133809, 28.976418708156928 ], [ 81.048750013402469, 28.976109708296462 ], [ 81.048477201361834, 28.975627020570585 ], [ 81.048254200970632, 28.974781083180517 ], [ 81.048089450567772, 28.974318645489177 ], [ 81.047920325862378, 28.974086333517505 ], [ 81.047344700397673, 28.973560895618903 ], [ 81.04698595094095, 28.973019582887503 ], [ 81.046024450667915, 28.972259582913466 ], [ 81.045257014199876, 28.971558207945009 ], [ 81.045215014061682, 28.971481520056159 ], [ 81.04421395171255, 28.970509521097597 ], [ 81.044128012497822, 28.970471208179788 ], [ 81.043530326663301, 28.969963771111225 ], [ 81.043401389062922, 28.969905145206326 ], [ 81.043016763412936, 28.969612021077978 ], [ 81.042437450727846, 28.969278270975451 ], [ 81.041666639104164, 28.968906270907723 ], [ 81.041534825471899, 28.968843144795358 ], [ 81.040634450319658, 28.968315520644808 ], [ 81.040054512605707, 28.968040457601091 ], [ 81.039346576183618, 28.967648082493042 ], [ 81.038508201192599, 28.967291895204824 ], [ 81.038444325944965, 28.967235520303063 ], [ 81.038054701863075, 28.96721083301361 ], [ 81.037538075521809, 28.967030457789463 ], [ 81.03522288782608, 28.965679707552511 ], [ 81.034513888405286, 28.965327957519264 ], [ 81.034191012904955, 28.965208458303778 ], [ 81.033736888546628, 28.965145396043226 ], [ 81.03354282564095, 28.965084520933942 ], [ 81.032446575449171, 28.964572707764319 ], [ 81.030965450495216, 28.963769895564269 ], [ 81.030239577094846, 28.963165457619823 ], [ 81.030005389137443, 28.962933145648208 ], [ 81.029901450891316, 28.96268270784077 ], [ 81.029719075574917, 28.961992395432731 ], [ 81.029666950869171, 28.961302083024748 ], [ 81.029461575391451, 28.960686207502533 ], [ 81.029144951078706, 28.960221520606751 ], [ 81.028911076085365, 28.959971144852489 ], [ 81.028722763444819, 28.959603458832589 ], [ 81.028595387966845, 28.959450083054946 ], [ 81.028197887622468, 28.95867858255059 ], [ 81.027913700956617, 28.958333457822846 ], [ 81.027497637705892, 28.95782820790555 ], [ 81.027252345819136, 28.957563450193106 ], [ 81.026816388665452, 28.957092896120287 ], [ 81.026477638332381, 28.956628207425865 ], [ 81.026383419059584, 28.956467267450478 ], [ 81.026162014065733, 28.956089082745052 ], [ 81.024924638661219, 28.954927458135728 ], [ 81.024582388166721, 28.95465452108931 ], [ 81.02415925354677, 28.95440992797586 ], [ 81.024110326830169, 28.954381646096124 ], [ 81.023597513614448, 28.953953083168301 ], [ 81.023464717023103, 28.953832658550425 ], [ 81.023341263488589, 28.953720708244134 ], [ 81.022811077169536, 28.95304402056513 ], [ 81.022533389004764, 28.952811708593515 ], [ 81.021781451452853, 28.952419270532971 ], [ 81.021199387741603, 28.952238833255592 ], [ 81.020615763706587, 28.952137396024057 ], [ 81.020095701055823, 28.952130707766003 ], [ 81.019638138589301, 28.95225714615043 ], [ 81.019502605361026, 28.952324154636074 ], [ 81.018391950728017, 28.952873269885572 ], [ 81.018128702078002, 28.953042520495956 ], [ 81.017932826139088, 28.95309664619333 ], [ 81.017473700650839, 28.953320020702449 ], [ 81.017079013385796, 28.953581771081929 ], [ 81.016857763075336, 28.953827707782523 ], [ 81.01650638805944, 28.954091708265764 ], [ 81.016064012444303, 28.95460164455028 ], [ 81.015582387717075, 28.954863395829079 ], [ 81.015052513462763, 28.955429770867283 ], [ 81.014527888551299, 28.95567120825973 ], [ 81.014462827097873, 28.95567120825973 ], [ 81.01437237058849, 28.955718378600352 ], [ 81.013281576583552, 28.956287207888408 ], [ 81.013085700644638, 28.95632333275563 ], [ 81.012625576009555, 28.956603146018438 ], [ 81.012494762423387, 28.956641520989479 ], [ 81.012232137902913, 28.956790395660278 ], [ 81.01171045107651, 28.956878458174344 ], [ 81.010679520443546, 28.957167434629469 ], [ 81.01059938905064, 28.957189896096907 ], [ 81.010011638926073, 28.957316270629462 ], [ 81.009881763332771, 28.9573140205257 ], [ 81.009293701143463, 28.957458457941527 ], [ 81.008903451133392, 28.957474270721093 ], [ 81.008662187310165, 28.957435151111383 ], [ 81.008514139116301, 28.95741114550799 ], [ 81.008254075864954, 28.95740895745746 ], [ 81.008145700363855, 28.957406646199786 ], [ 81.008080638910428, 28.957406646199786 ], [ 81.00743063861313, 28.957397645784795 ], [ 81.006456450704718, 28.957307458172693 ], [ 81.006001450406643, 28.957302958864489 ], [ 81.005742076036029, 28.957260145739212 ], [ 81.005029512601993, 28.957097645440058 ], [ 81.003542325318108, 28.956601457990928 ], [ 81.002766951433728, 28.956323957784491 ], [ 81.002316763407975, 28.956030645697808 ], [ 81.001994763847335, 28.955872708558729 ], [ 81.001738575774709, 28.955678707706227 ], [ 81.001288700713019, 28.955421582540055 ], [ 81.001096638798913, 28.955265895504738 ], [ 81.000647076701284, 28.954992895505768 ], [ 81.000324825330495, 28.954853019451321 ], [ 81.000000012690464, 28.954381520191077 ], [ 80.999934889183862, 28.954304833201547 ], [ 80.999529950546844, 28.953837833249452 ], [ 80.999147701805043, 28.953296333459093 ], [ 80.998997637331172, 28.953181270599202 ], [ 80.998610325406275, 28.952964707555282 ], [ 80.998353514103428, 28.952732332631115 ], [ 80.998267200770783, 28.952691707556312 ], [ 80.997775700588193, 28.952206645620265 ], [ 80.997133763612339, 28.951642644792287 ], [ 80.997049138307148, 28.951507270744003 ], [ 80.996792014040295, 28.951292957803787 ], [ 80.996578452033987, 28.95106058287962 ], [ 80.996409450535793, 28.950771771000461 ], [ 80.996004513697414, 28.950304771048422 ], [ 80.9956437623498, 28.949783646298272 ], [ 80.995387639028365, 28.949530959286392 ], [ 80.995411387425634, 28.949397832643911 ], [ 80.994836513794155, 28.94870070787141 ], [ 80.994433201131358, 28.948138895993281 ], [ 80.99422001234376, 28.947886208082082 ], [ 80.993899075781769, 28.947595146099161 ], [ 80.993018951563442, 28.946990521095699 ], [ 80.992698014102132, 28.946699396160284 ], [ 80.991026075493039, 28.945375083293527 ], [ 80.989716077135313, 28.944495083181607 ], [ 80.9892442019584, 28.944145395293788 ], [ 80.988749825743923, 28.943831771119392 ], [ 80.98762932533316, 28.943319457926691 ], [ 80.986852200468718, 28.943041894767703 ], [ 80.986240809865535, 28.942898381854889 ], [ 80.985727513713869, 28.942777895183781 ], [ 80.985469450554774, 28.942640208079183 ], [ 80.98463176264579, 28.942094146028069 ], [ 80.984247388806011, 28.941685771081495 ], [ 80.984035138011279, 28.941396958303017 ], [ 80.98388870140252, 28.941049520519016 ], [ 80.983697563092107, 28.940787333968331 ], [ 80.983676512660963, 28.940758458536095 ], [ 80.983530138105436, 28.940411020752038 ], [ 80.983402825580015, 28.94023727083345 ], [ 80.982921451763673, 28.939138520526342 ], [ 80.982741013586974, 28.938698582973302 ], [ 80.983044076123292, 28.938276708303476 ], [ 80.983154701728154, 28.938143644613547 ], [ 80.983212226862861, 28.938104730948623 ], [ 80.98361157711264, 28.937834582699907 ], [ 80.983967888507323, 28.937539144615869 ], [ 80.984691450649962, 28.93708802129521 ], [ 80.985303513946064, 28.936826332968963 ], [ 80.985652387947425, 28.936733896152418 ], [ 80.986002450852482, 28.936566957698972 ], [ 80.986332700793582, 28.93628277103312 ], [ 80.986754197748098, 28.935778740596447 ], [ 80.987174075922951, 28.935276645500835 ], [ 80.987571014191019, 28.934897646009631 ], [ 80.987988388653264, 28.934575082574042 ], [ 80.988865325674283, 28.934049520568976 ], [ 80.989740575567168, 28.933636707468111 ], [ 80.990526013764566, 28.933377333097496 ], [ 80.991133772905357, 28.933210752574212 ], [ 80.991398450578117, 28.933138207862044 ], [ 80.992097887507555, 28.932840458520388 ], [ 80.993303012324191, 28.932145645904882 ], [ 80.993580240036124, 28.931971468808285 ], [ 80.994114450821314, 28.931635832827453 ], [ 80.994552075318097, 28.931412521270886 ], [ 80.995391583454875, 28.931053913007759 ], [ 80.996125825946194, 28.930740270846854 ], [ 80.997245240875202, 28.93011492276554 ], [ 80.997571639020009, 28.929932583422044 ], [ 80.99814226335485, 28.929555833135225 ], [ 80.998755201691267, 28.929235582756007 ], [ 80.998908763628606, 28.929122645893472 ], [ 80.999433576498404, 28.92889939549076 ], [ 80.999978513497638, 28.928752707971171 ], [ 81.000000012690464, 28.928745895606653 ], [ 81.000322982619593, 28.928735426598735 ], [ 81.000763575778478, 28.928721144465271 ], [ 81.000960138799428, 28.928628645595552 ], [ 81.001355126438, 28.928507177764118 ], [ 81.001613137436379, 28.928427833277908 ], [ 81.003178450625057, 28.928028520799671 ], [ 81.003894263309689, 28.927942770442542 ], [ 81.00434851357312, 28.927949520753828 ], [ 81.004606950850132, 28.928010395863112 ], [ 81.00499576374358, 28.928035146105174 ], [ 81.005775075759175, 28.928028395793888 ], [ 81.006295888444527, 28.927940394433733 ], [ 81.006620388120496, 28.92794489554052 ], [ 81.007141012847512, 28.927874957963013 ], [ 81.007305788431438, 28.927877383434577 ], [ 81.007595264010263, 28.927881646221067 ], [ 81.007920263709252, 28.927847832611462 ], [ 81.008572326151977, 28.927703396094898 ], [ 81.008898950925925, 28.927595083546294 ], [ 81.009225950717109, 28.927464207906894 ], [ 81.009553888501216, 28.927276895312502 ], [ 81.010008556050082, 28.926977519996626 ], [ 81.010605887551719, 28.926584207795031 ], [ 81.01152838782491, 28.925850958155252 ], [ 81.012054388699141, 28.925494457902971 ], [ 81.013108013723922, 28.924704709254968 ], [ 81.01317338904073, 28.924686645472377 ], [ 81.014029826015701, 28.924030082822128 ], [ 81.015019576692168, 28.923181646216051 ], [ 81.015414138052108, 28.922899644902714 ], [ 81.015742388800277, 28.922714583311404 ], [ 81.016658762891666, 28.922306146311655 ], [ 81.01874988899624, 28.921568145553522 ], [ 81.019534888324472, 28.921236394643927 ], [ 81.020057639048844, 28.921051270999385 ], [ 81.020892468912393, 28.920818336696925 ], [ 81.021036512425155, 28.920778145994689 ], [ 81.022018950714084, 28.920313270241252 ], [ 81.022521825521892, 28.920033395824589 ], [ 81.022872762567999, 28.91977164544511 ], [ 81.023291575945507, 28.919374520118083 ], [ 81.02362804110129, 28.91891744058745 ], [ 81.02437951370365, 28.917896583260756 ], [ 81.024959450518281, 28.916985019642993 ], [ 81.0251232008751, 28.916666896160393 ], [ 81.026281950351802, 28.914419645949977 ], [ 81.026757950718888, 28.913221582609992 ], [ 81.026895700776038, 28.912763646025496 ], [ 81.027255139113436, 28.912023521068704 ], [ 81.027455701419569, 28.911700832627389 ], [ 81.027632201464996, 28.91151133288173 ], [ 81.027851075766591, 28.911360146053937 ], [ 81.028093013182058, 28.911134458488505 ], [ 81.028487201323344, 28.91087264605585 ], [ 81.028793576062753, 28.910685332562082 ], [ 81.028922700722092, 28.910626644604008 ], [ 81.029121075877015, 28.9105183338541 ], [ 81.030301325445862, 28.909825457478917 ], [ 81.030959514070389, 28.909320020502605 ], [ 81.031272263204414, 28.908992769800534 ], [ 81.031312264149733, 28.908940833053066 ], [ 81.031356067428646, 28.908884513909243 ], [ 81.031489450377876, 28.908713021288975 ], [ 81.031775888946186, 28.908430895869174 ], [ 81.032085700894413, 28.908033707589595 ], [ 81.032375950789572, 28.907521521201318 ], [ 81.032466888436204, 28.907291395481593 ], [ 81.032608075702171, 28.906661895230343 ], [ 81.032587763614458, 28.905398520425422 ], [ 81.032637326151757, 28.905055582848945 ], [ 81.032776577177344, 28.904541144558209 ], [ 81.032912700360896, 28.90419814582782 ], [ 81.033204512378404, 28.903627332635324 ], [ 81.034028075535332, 28.902377270494696 ], [ 81.034475200470183, 28.901578519633006 ], [ 81.034995889049071, 28.900324020237406 ], [ 81.035024965030175, 28.900235885777533 ], [ 81.035316700605279, 28.899351583308999 ], [ 81.035701327154584, 28.898437770486794 ], [ 81.035766950684263, 28.898381332632425 ], [ 81.036103262955294, 28.897754082484994 ], [ 81.03639282576836, 28.897300521102238 ], [ 81.03645851404923, 28.89724408324787 ], [ 81.036927701152536, 28.896445333285556 ], [ 81.037215075915071, 28.896104582860289 ], [ 81.037659325717357, 28.895479520763331 ], [ 81.038216889198111, 28.894570146095418 ], [ 81.038491933356113, 28.894189148310602 ], [ 81.038505201054249, 28.894170769765253 ], [ 81.038524298157881, 28.894135715091238 ], [ 81.038908388711206, 28.893430645707781 ], [ 81.039151123825377, 28.893100827441287 ], [ 81.039285389009535, 28.892918394568312 ], [ 81.039362786463471, 28.892751374276543 ], [ 81.039443264095439, 28.89257770799486 ], [ 81.039621957587315, 28.892323484041583 ], [ 81.03984295069165, 28.892009082852951 ], [ 81.040266388383202, 28.891325332797919 ], [ 81.040332325776262, 28.891268895842927 ], [ 81.040712764182786, 28.890585207841127 ], [ 81.040728858450109, 28.890548520897596 ], [ 81.040938450848898, 28.890070769550448 ], [ 81.041204326418608, 28.889730020923764 ], [ 81.041546763072688, 28.889405019426135 ], [ 81.041600575806001, 28.889353145631219 ], [ 81.041644763095405, 28.889296707776907 ], [ 81.041666576151613, 28.889269646277228 ], [ 81.041888513544109, 28.888994333221945 ], [ 81.042241825699762, 28.88863552081267 ], [ 81.042439450820041, 28.888484270133006 ], [ 81.042833200991481, 28.888260832671335 ], [ 81.043554075959889, 28.887946957586053 ], [ 81.043577496104604, 28.88794035566292 ], [ 81.044011013397608, 28.887818145890776 ], [ 81.044336576072169, 28.887784270227939 ], [ 81.044989263543755, 28.887641957910091 ], [ 81.045579076713068, 28.887361957588325 ], [ 81.046368077125123, 28.886858582757441 ], [ 81.047116950686757, 28.886179270856701 ], [ 81.04751601405286, 28.885669270720314 ], [ 81.049150701843473, 28.883911207636174 ], [ 81.049860325393752, 28.88300395806624 ], [ 81.049994514135562, 28.882776082450277 ], [ 81.050380138033006, 28.8818058335724 ], [ 81.05082738887296, 28.881009270761297 ], [ 81.05116170105174, 28.88049927062491 ], [ 81.051425121472221, 28.879973528755386 ], [ 81.051476014106811, 28.87987195752487 ], [ 81.051854450622443, 28.879305520433491 ], [ 81.052191513827381, 28.878621832431691 ], [ 81.052257512374354, 28.878565395476699 ], [ 81.052415325407026, 28.878222394947613 ], [ 81.05306326355884, 28.877105394698276 ], [ 81.053130513962117, 28.876992582841467 ], [ 81.05322013859859, 28.876821083026584 ], [ 81.053329076175999, 28.87678489610613 ], [ 81.054285089685209, 28.876276539930416 ], [ 81.05507838795728, 28.875854707528788 ], [ 81.055319200320923, 28.875705707852205 ], [ 81.055913888715054, 28.875141458811299 ], [ 81.056090012843867, 28.875001519804357 ], [ 81.057678451199592, 28.874100644629095 ], [ 81.058292966946908, 28.873827305585735 ], [ 81.058450137863645, 28.873757395887139 ], [ 81.059339075438061, 28.873522395841974 ], [ 81.059492577120807, 28.873504412998329 ], [ 81.059889064828553, 28.87345796301463 ], [ 81.060498888812731, 28.873386520871293 ], [ 81.060830908619607, 28.873408302451253 ], [ 81.061283889040283, 28.873438020548235 ], [ 81.061460716438944, 28.873482427272279 ], [ 81.062987700522001, 28.873865894595383 ], [ 81.063604486158169, 28.874173980744672 ], [ 81.064120326491945, 28.874431645504103 ], [ 81.064678201138122, 28.874986395006204 ], [ 81.064840638484725, 28.87498627089974 ], [ 81.064861138530773, 28.875002082779929 ], [ 81.065304514192007, 28.8753312706217 ], [ 81.065698763487205, 28.875556646122391 ], [ 81.066394639101361, 28.875984958139384 ], [ 81.067067700713892, 28.876311770871553 ], [ 81.068436387929012, 28.877188707892628 ], [ 81.06897001235626, 28.877332833243713 ], [ 81.069503513576365, 28.877393457442167 ], [ 81.070291763953776, 28.877431394443363 ], [ 81.070779138946136, 28.877431144431796 ], [ 81.071312700420833, 28.877534645607454 ], [ 81.071753325955285, 28.877635957833263 ], [ 81.072263388144904, 28.87759508274695 ], [ 81.072518452064969, 28.877574582700902 ], [ 81.07268082645902, 28.877513582585834 ], [ 81.073074763689476, 28.877287770913938 ], [ 81.073376451162346, 28.877082332483724 ], [ 81.073461366049287, 28.877033914783397 ], [ 81.073839888000464, 28.876818082888292 ], [ 81.074002327145763, 28.876716519751653 ], [ 81.074512450489237, 28.87634845871446 ], [ 81.074730137685776, 28.876043771103184 ], [ 81.074978564609125, 28.875831317961001 ], [ 81.075184201789511, 28.87565545913219 ], [ 81.075627825663673, 28.875064145893646 ], [ 81.075619762342228, 28.875000957728048 ], [ 81.075600451199932, 28.874856583264773 ], [ 81.075665388546895, 28.873859396094304 ], [ 81.075380638905415, 28.872724707978932 ], [ 81.074940888411334, 28.87150895767229 ], [ 81.073826639188098, 28.869368520840624 ], [ 81.073531327009164, 28.868080457846929 ], [ 81.073689012338093, 28.866413144451087 ], [ 81.073907450468539, 28.865810644545661 ], [ 81.074536289718026, 28.864880098937476 ], [ 81.074590700500494, 28.864799582634703 ], [ 81.075454888732168, 28.864099707735363 ], [ 81.075532036174593, 28.864059369544293 ], [ 81.076068201186615, 28.863779021184939 ], [ 81.07640320134675, 28.863684019501932 ], [ 81.077683865617985, 28.863515290498299 ], [ 81.078518450865886, 28.863405333089702 ], [ 81.079059201520977, 28.863418582801387 ], [ 81.079456584953505, 28.863494524252928 ], [ 81.080436077063382, 28.863681708244314 ], [ 81.080973950787268, 28.863694895902768 ], [ 81.0825067633765, 28.863499957956719 ], [ 81.083333325772401, 28.863445333135644 ], [ 81.083620012553581, 28.863427083193358 ], [ 81.084491542850458, 28.863308048028046 ], [ 81.08549526359559, 28.863170958073283 ], [ 81.085929387930946, 28.863159457542963 ], [ 81.089398263718977, 28.863069144925134 ], [ 81.089480164078338, 28.863053792598521 ], [ 81.090871702167362, 28.862792957728857 ], [ 81.091197951024697, 28.862519770670929 ], [ 81.091667139027322, 28.861993769796698 ], [ 81.091895353687676, 28.861655845940561 ], [ 81.091972013697557, 28.861542332612601 ], [ 81.092706576347496, 28.860028020876541 ], [ 81.093097012517148, 28.858868082496087 ], [ 81.093625701464987, 28.857935957678365 ], [ 81.093889388984167, 28.857193519665259 ], [ 81.094075262663296, 28.856936207440071 ], [ 81.094367825614711, 28.855959146197677 ], [ 81.094845951079833, 28.855485020917058 ], [ 81.095002701113799, 28.855225457688789 ], [ 81.095172138783255, 28.855153145900999 ], [ 81.095890951606179, 28.854448707841641 ], [ 81.096209826022687, 28.854213894855434 ], [ 81.096981638591785, 28.853290582494424 ], [ 81.09762495063103, 28.852701270247451 ], [ 81.097730080478868, 28.852577674620022 ], [ 81.099466451015985, 28.850536333185289 ], [ 81.099780201095484, 28.850014957524309 ], [ 81.100302075880165, 28.849441521009453 ], [ 81.100932952094126, 28.848581520021185 ], [ 81.101148782190592, 28.848173342925463 ], [ 81.101348262612305, 28.847796082723107 ], [ 81.102550813569223, 28.846369405423786 ], [ 81.103125575684828, 28.845687520562649 ], [ 81.103464954643982, 28.845213924083396 ], [ 81.103496013630206, 28.845170583056017 ], [ 81.103534313058162, 28.845135248692827 ], [ 81.103659888992752, 28.845019396228224 ], [ 81.104146138033911, 28.8447301454799 ], [ 81.104603513441475, 28.844711707579279 ], [ 81.105433951016096, 28.845205207854121 ], [ 81.106311414140521, 28.846025562229954 ], [ 81.107001138391865, 28.846670395922104 ], [ 81.107504389116343, 28.847337833174493 ], [ 81.107813513982535, 28.847628646045223 ], [ 81.108353575756951, 28.847955332872345 ], [ 81.108918666563284, 28.848172072183445 ], [ 81.109703638012547, 28.848473144520028 ], [ 81.109912849998068, 28.848508877282939 ], [ 81.110347325968348, 28.848583083942231 ], [ 81.111176700544377, 28.84860277100114 ], [ 81.113970176482496, 28.849661460108337 ], [ 81.114057577095537, 28.849694583038627 ], [ 81.114227080415503, 28.84973320172594 ], [ 81.115308058320295, 28.849979490061457 ], [ 81.115369638498066, 28.849993519485395 ], [ 81.115416557028539, 28.849991702854879 ], [ 81.115965076926841, 28.849970458170162 ], [ 81.117220823682146, 28.850194795853213 ], [ 81.117259513415888, 28.850201708042448 ], [ 81.117280983830369, 28.850201567748229 ], [ 81.118063513620314, 28.850196457800337 ], [ 81.119036339955187, 28.850399155996286 ], [ 81.120155450913387, 28.850632333115755 ], [ 81.124112638787324, 28.850718957613879 ], [ 81.124843137400944, 28.850885271038464 ], [ 81.12500013834574, 28.850873832561376 ], [ 81.125011012947937, 28.850873832561376 ], [ 81.125415638620893, 28.850902770046844 ], [ 81.126063325861878, 28.850906646124884 ], [ 81.126386638432678, 28.850985334105928 ], [ 81.127226262581985, 28.851277833205472 ], [ 81.127456634715998, 28.851413247723258 ], [ 81.127720575843966, 28.851568395165373 ], [ 81.12787095058394, 28.85168333301948 ], [ 81.127999014043326, 28.851838895049013 ], [ 81.128255077110168, 28.852222145635551 ], [ 81.12846788818257, 28.852607770432314 ], [ 81.128615200730962, 28.85306789506734 ], [ 81.128763888342803, 28.853374582770812 ], [ 81.128931575931517, 28.853990271234068 ], [ 81.12911676342793, 28.855064021287603 ], [ 81.129110076069196, 28.855905520523379 ], [ 81.12925151334673, 28.857056020518996 ], [ 81.129268264119162, 28.857669645937449 ], [ 81.129087263866211, 28.858664645057388 ], [ 81.128950143334521, 28.859044275872691 ], [ 81.128866325620493, 28.859276332436821 ], [ 81.128776763936571, 28.859659958040709 ], [ 81.128752450765035, 28.859964582699376 ], [ 81.128619138862234, 28.860424895292738 ], [ 81.128569762484631, 28.861189769592272 ], [ 81.128694762853058, 28.861726583914788 ], [ 81.128750391317567, 28.861827582277158 ], [ 81.12886488850387, 28.862035457870149 ], [ 81.128867384122543, 28.862044532928905 ], [ 81.128907075701022, 28.862188895701024 ], [ 81.129056325389172, 28.862400832632375 ], [ 81.129545387509665, 28.863323082893999 ], [ 81.12980151352906, 28.863706395533768 ], [ 81.130549200884957, 28.864689332946398 ], [ 81.130634262361355, 28.864842644872226 ], [ 81.130633764136974, 28.864919332761076 ], [ 81.130783013825067, 28.865149332575697 ], [ 81.13118920072111, 28.865649771120104 ], [ 81.131449674063276, 28.865873152823781 ], [ 81.131451186722927, 28.865874450545505 ], [ 81.131596512668978, 28.865999083091253 ], [ 81.131981575389432, 28.866440895730818 ], [ 81.132238763508212, 28.866673019744098 ], [ 81.132491078200758, 28.866979640897739 ], [ 81.132585368519983, 28.867094227116922 ], [ 81.132602326136521, 28.867114833282983 ], [ 81.132640332385506, 28.867150441939373 ], [ 81.132826232144964, 28.867324611841411 ], [ 81.13406245102135, 28.868482832516747 ], [ 81.134105201194131, 28.868559519506277 ], [ 81.134943326173641, 28.869291895904325 ], [ 81.135094013877676, 28.869388769975785 ], [ 81.136641075325429, 28.870776958090175 ], [ 81.136962887827053, 28.871121770753177 ], [ 81.137866826093216, 28.871703020577968 ], [ 81.138663638016567, 28.872166894486668 ], [ 81.138722888950213, 28.872182646112265 ], [ 81.138814888696231, 28.872205083298013 ], [ 81.139008888649357, 28.872301895316241 ], [ 81.14006796896166, 28.872653489766776 ], [ 81.140302826014647, 28.872731458290218 ], [ 81.141403887579429, 28.873023583271788 ], [ 81.141922076043045, 28.873122332429773 ], [ 81.142311075995394, 28.873144457550723 ], [ 81.14289832699626, 28.873112518128266 ], [ 81.142990998535822, 28.873107477428164 ], [ 81.143284388863492, 28.8730915207571 ], [ 81.143932889091616, 28.873115645970358 ], [ 81.14458138842042, 28.873117146039533 ], [ 81.144711701084191, 28.873060708185164 ], [ 81.145101264012169, 28.873006146316641 ], [ 81.145491888140157, 28.872816207701874 ], [ 81.145730452198677, 28.872685082950284 ], [ 81.14614363851814, 28.872359771186552 ], [ 81.146274389151813, 28.872188145466566 ], [ 81.146384262923448, 28.871960207797429 ], [ 81.146454776966436, 28.871761691448967 ], [ 81.146515858919827, 28.871589731181189 ], [ 81.146648825482941, 28.871215394674778 ], [ 81.146715951779811, 28.870870144941307 ], [ 81.146679076877945, 28.869951957816625 ], [ 81.146774388827055, 28.868688458005977 ], [ 81.146783202183087, 28.867425021147881 ], [ 81.14670526333731, 28.866218144451864 ], [ 81.146592852578124, 28.865311699775191 ], [ 81.146541325921532, 28.864896207593972 ], [ 81.146545764075825, 28.864262270987069 ], [ 81.14657881056371, 28.863787960446075 ], [ 81.146617763798815, 28.863228895996826 ], [ 81.14664000852963, 28.863121937827202 ], [ 81.146796576001236, 28.862369145919388 ], [ 81.147126950948063, 28.861509207883671 ], [ 81.147313934390638, 28.861108142626733 ], [ 81.147741513460119, 28.860191021198716 ], [ 81.14796170077193, 28.859617707890948 ], [ 81.148050827183965, 28.859216020303165 ], [ 81.148381202130849, 28.858356083166768 ], [ 81.148512201876656, 28.858128082545022 ], [ 81.148820513755766, 28.857324583262937 ], [ 81.14906126406612, 28.856925019873813 ], [ 81.149281638436946, 28.856293019507291 ], [ 81.149653888516184, 28.855606770236307 ], [ 81.149762951099376, 28.855491646222561 ], [ 81.149938326092922, 28.855148520687749 ], [ 81.150004637604013, 28.854918332914792 ], [ 81.150267513934693, 28.854403644612546 ], [ 81.150707950611491, 28.853257020695025 ], [ 81.150710235788836, 28.853239847241184 ], [ 81.150730763713852, 28.853085582933375 ], [ 81.150906950795218, 28.852625146233549 ], [ 81.15138726341155, 28.851900396086478 ], [ 81.151518889085537, 28.851613707506658 ], [ 81.151908924157567, 28.851102859309549 ], [ 81.152086075312184, 28.850870832423027 ], [ 81.152130138495181, 28.850755707509961 ], [ 81.15241401399561, 28.850356082966925 ], [ 81.152567325921439, 28.850069395286425 ], [ 81.15352613902013, 28.84898308260324 ], [ 81.153982075512431, 28.848659957990719 ], [ 81.154437888797588, 28.848413519468409 ], [ 81.15469548340991, 28.848225964956384 ], [ 81.154699646371625, 28.848222934241051 ], [ 81.154828888842189, 28.84812883277948 ], [ 81.155083311545638, 28.848027020530651 ], [ 81.155134021617869, 28.848006728227972 ], [ 81.155349138551969, 28.847920645121746 ], [ 81.155981826000527, 28.847748458224828 ], [ 81.15610701342797, 28.847714457556208 ], [ 81.156693763506439, 28.84725814604667 ], [ 81.157671075659664, 28.84661170796403 ], [ 81.158031332380119, 28.846306199271737 ], [ 81.158168871995883, 28.846189561698964 ], [ 81.158345139116932, 28.846040082683714 ], [ 81.158627825713666, 28.845755521000569 ], [ 81.158933388365256, 28.845355832605662 ], [ 81.159152513577681, 28.844897583956367 ], [ 81.159393075929756, 28.84449570751093 ], [ 81.159437576183279, 28.844324207696104 ], [ 81.159439388317196, 28.844037707973882 ], [ 81.159419577151823, 28.843807583153477 ], [ 81.159230075607582, 28.843058770745699 ], [ 81.15901726363586, 28.842540145211558 ], [ 81.158778162682097, 28.842218286844513 ], [ 81.158717514201953, 28.842136645489859 ], [ 81.15858988871247, 28.841848019770339 ], [ 81.15858709631749, 28.841832608987772 ], [ 81.158548201538338, 28.841617957902486 ], [ 81.158377450858723, 28.841331646138599 ], [ 81.158335825737822, 28.841157958273186 ], [ 81.158083989484567, 28.840817062157726 ], [ 81.158079388553006, 28.840810833453247 ], [ 81.157930638887933, 28.840524457837489 ], [ 81.157894407900642, 28.840434380842055 ], [ 81.157443576859635, 28.83931352070249 ], [ 81.157252138175693, 28.838968583933081 ], [ 81.156998139052916, 28.838334894639729 ], [ 81.156827638384868, 28.83804633277208 ], [ 81.15657307718584, 28.837469083131737 ], [ 81.156257701132063, 28.83643389600752 ], [ 81.156172388744778, 28.836316645996476 ], [ 81.156087763439587, 28.836086646181855 ], [ 81.155832388354099, 28.835626770658962 ], [ 81.155726638873318, 28.835338019933715 ], [ 81.155534639012444, 28.835049458066067 ], [ 81.155249448703159, 28.834355946769563 ], [ 81.155132201390018, 28.834070832902682 ], [ 81.155046826050238, 28.833955832995343 ], [ 81.154834764113104, 28.833493521209107 ], [ 81.154806013686652, 28.833333458971993 ], [ 81.154710763790774, 28.832805645064525 ], [ 81.154626513502876, 28.832575583196672 ], [ 81.154543264160395, 28.832174082667848 ], [ 81.154416826675288, 28.831829019993336 ], [ 81.154356013619179, 28.83136889445899 ], [ 81.154359699040924, 28.831302051448574 ], [ 81.154381263884261, 28.830910895821262 ], [ 81.154513450735237, 28.830606146156754 ], [ 81.154709950803635, 28.830321645627521 ], [ 81.15501482547387, 28.830037083044999 ], [ 81.155275200789958, 28.829865271165374 ], [ 81.155406013476806, 28.829732021315806 ], [ 81.15662286455364, 28.829026746886939 ], [ 81.156642450888455, 28.829015394744715 ], [ 81.157292451185754, 28.828732645195487 ], [ 81.157876702048213, 28.828562770455562 ], [ 81.158136075519508, 28.828526332624222 ], [ 81.1584592639839, 28.828584644665682 ], [ 81.158910326150703, 28.828875145471613 ], [ 81.159638450554098, 28.829584957879547 ], [ 81.159873575605104, 28.829855395710013 ], [ 81.160835584894357, 28.830698197164111 ], [ 81.160837951010706, 28.830700270101431 ], [ 81.160839372838836, 28.830700715265834 ], [ 81.160902638346158, 28.830720521035289 ], [ 81.161089878994801, 28.830867242729141 ], [ 81.161417325749028, 28.83112383279871 ], [ 81.161628990185818, 28.831225627061087 ], [ 81.161740014190343, 28.831279020710269 ], [ 81.162190825446316, 28.831587582600889 ], [ 81.162254705190549, 28.83164158329248 ], [ 81.163669887355468, 28.832837894753084 ], [ 81.164121263385653, 28.833090020588031 ], [ 81.164441262854041, 28.833333333066946 ], [ 81.164958202159369, 28.833725271104413 ], [ 81.165409512539043, 28.833957083053008 ], [ 81.16553838898551, 28.834053895071236 ], [ 81.165667513644905, 28.834094396039575 ], [ 81.166507388705099, 28.834537770801546 ], [ 81.166666701806889, 28.834607521320095 ], [ 81.167088762636354, 28.83478977073139 ], [ 81.167994326876737, 28.835061645678479 ], [ 81.169223263942513, 28.835260832921165 ], [ 81.170517263361091, 28.835308896288609 ], [ 81.171294139113286, 28.83521989578162 ], [ 81.171617638743101, 28.835221707915537 ], [ 81.172329763307971, 28.835112583279169 ], [ 81.172588576501653, 28.835114457466318 ], [ 81.172847888819092, 28.835039770568983 ], [ 81.173171326395675, 28.835003207731916 ], [ 81.173948202147869, 28.834952520142735 ], [ 81.175306638890333, 28.835000394652525 ], [ 81.175846138588497, 28.834909457905212 ], [ 81.176322951942723, 28.834473457584068 ], [ 81.176475263822397, 28.8342070828906 ], [ 81.176648576670516, 28.834019521184018 ], [ 81.176973450464402, 28.83373483269645 ], [ 81.177254450832322, 28.833603707944803 ], [ 81.17740632654079, 28.83343195811841 ], [ 81.17744357645995, 28.833334895189296 ], [ 81.177560325548654, 28.833032395628607 ], [ 81.17771595053074, 28.832461457430384 ], [ 81.177852200518714, 28.831601708252265 ], [ 81.178154825984507, 28.830994396074573 ], [ 81.178203013458358, 28.830897333145458 ], [ 81.178555138508898, 28.830039521107039 ], [ 81.179277075576636, 28.828784207824981 ], [ 81.179822450545714, 28.828025457908609 ], [ 81.180127139056253, 28.82770239445 ], [ 81.180452700831552, 28.827438019848785 ], [ 81.180822263736559, 28.827076521164599 ], [ 81.181082076077018, 28.826925019574048 ], [ 81.181364451508273, 28.826699019943874 ], [ 81.181646013952445, 28.826547520151962 ], [ 81.181885137389258, 28.826301270487306 ], [ 81.182275700363334, 28.826018707997036 ], [ 81.182411787573983, 28.825904159549395 ], [ 81.183513263726184, 28.824977019673781 ], [ 81.184053887576908, 28.824807082880625 ], [ 81.184638700515677, 28.824467832524476 ], [ 81.185027950479594, 28.824356770748409 ], [ 81.185612263395285, 28.824094271233662 ], [ 81.186066388652989, 28.823924332641866 ], [ 81.186974450310686, 28.823663708213587 ], [ 81.187233951485723, 28.823550520440222 ], [ 81.187465509825472, 28.823498665531019 ], [ 81.187558263203357, 28.82347789478905 ], [ 81.188207013442991, 28.823253708192112 ], [ 81.188726326958488, 28.823009269762053 ], [ 81.189115513969853, 28.822895895828992 ], [ 81.189568889192913, 28.822823083118863 ], [ 81.190476575833372, 28.822562332785481 ], [ 81.190929889003257, 28.822509833062384 ], [ 81.191513450985042, 28.822342020467943 ], [ 81.193067826618972, 28.822123271172075 ], [ 81.193132763066615, 28.822084833248482 ], [ 81.193521450954279, 28.82203008252236 ], [ 81.193910950929705, 28.821880644875932 ], [ 81.194299575864818, 28.821807895118297 ], [ 81.194752701975688, 28.821791458209304 ], [ 81.195141826933821, 28.821660020493596 ], [ 81.195789514174805, 28.821568832835396 ], [ 81.196696888750466, 28.821308082502071 ], [ 81.197344513938219, 28.821178519872831 ], [ 81.197863513590335, 28.820931833137649 ], [ 81.198253075618993, 28.820685395514658 ], [ 81.198577576194225, 28.820554019852182 ], [ 81.200027512659631, 28.81968108301561 ], [ 81.200569763383953, 28.819224520595185 ], [ 81.200852200868439, 28.818919520919223 ], [ 81.20126351390013, 28.81863464627196 ], [ 81.201697639134807, 28.818234644912991 ], [ 81.202434138025126, 28.817703395595288 ], [ 81.202803263859607, 28.817341833059174 ], [ 81.203322450570681, 28.817038770522913 ], [ 81.203776451721922, 28.816848582795899 ], [ 81.203971200810315, 28.816715145887315 ], [ 81.204165826691622, 28.816660708125255 ], [ 81.204312918006792, 28.816650224728164 ], [ 81.20442451308088, 28.816642271123953 ], [ 81.205135451440015, 28.816663771216099 ], [ 81.205264263135291, 28.816704207433304 ], [ 81.205335013699994, 28.81676747024261 ], [ 81.205349888486637, 28.81678077031637 ], [ 81.205564950562064, 28.816877458228191 ], [ 81.205660762534194, 28.816897418680981 ], [ 81.205758450492169, 28.816917771238195 ], [ 81.206165060968829, 28.817108341177061 ], [ 81.20620945150506, 28.817129146093293 ], [ 81.206211003734893, 28.817129196455312 ], [ 81.206274138840513, 28.817131271191272 ], [ 81.206457679678238, 28.817241176439211 ], [ 81.206789014201718, 28.817439583070382 ], [ 81.207174326933682, 28.817786457878753 ], [ 81.207666014175288, 28.818342957461596 ], [ 81.207878701141226, 28.818728396098663 ], [ 81.208241388729164, 28.819264769753374 ], [ 81.208333325522631, 28.819451896188127 ], [ 81.208521011335677, 28.819831161878653 ], [ 81.208772888957697, 28.820340144881811 ], [ 81.208897576362119, 28.821030271130155 ], [ 81.209065638968127, 28.82164370769101 ], [ 81.209320139013244, 28.822256958092169 ], [ 81.209317388886461, 28.822638207687191 ], [ 81.209162513039587, 28.823173146023919 ], [ 81.209072325427542, 28.823710270612537 ], [ 81.208781040412759, 28.824260013588798 ], [ 81.208547138439769, 28.824701457506308 ], [ 81.20841904170544, 28.825145191097761 ], [ 81.208414201554206, 28.825161958057947 ], [ 81.208408120338561, 28.825171140136035 ], [ 81.208333450528357, 28.825283896234851 ], [ 81.208319387829533, 28.825304952061913 ], [ 81.207804013344571, 28.826076582967971 ], [ 81.206869888434653, 28.827086520726425 ], [ 81.20626276331592, 28.827599583054393 ], [ 81.205396388832355, 28.828207770272456 ], [ 81.20461782685129, 28.82854733359261 ], [ 81.204379825768399, 28.828680832554426 ], [ 81.204033388929815, 28.828909208193465 ], [ 81.203686201157325, 28.829191707731184 ], [ 81.203513200373948, 28.829230394766967 ], [ 81.20334020048989, 28.829323144547516 ], [ 81.203080639060317, 28.829397958249217 ], [ 81.202321889143946, 28.829888707497901 ], [ 81.202062887991929, 28.829945458316274 ], [ 81.200764326312651, 28.830509146180191 ], [ 81.200417825622196, 28.830697019951572 ], [ 81.200158264192623, 28.830789832684673 ], [ 81.199919388968681, 28.830979707447568 ], [ 81.199573137390416, 28.831131396097078 ], [ 81.199247888579237, 28.831357457780484 ], [ 81.198678078130854, 28.831622354887827 ], [ 81.198035762540485, 28.831920957686123 ], [ 81.197580576082771, 28.832205958238433 ], [ 81.197102575623433, 28.832639832562279 ], [ 81.196971888841631, 28.832811458282208 ], [ 81.196927637700355, 28.832964958166315 ], [ 81.196954951909561, 28.833334895189296 ], [ 81.196967076569365, 28.833499582639661 ], [ 81.197018602326693, 28.833639007234467 ], [ 81.197018773197897, 28.833639466787986 ], [ 81.197052075992588, 28.833729582454339 ], [ 81.19738832531101, 28.835563270428622 ], [ 81.197579889000735, 28.83609989499422 ], [ 81.197772138873177, 28.836483207633989 ], [ 81.198069139079564, 28.837554395518964 ], [ 81.198208104120738, 28.838201643890784 ], [ 81.198216826645307, 28.838242270764226 ], [ 81.19847263880132, 28.838855646171169 ], [ 81.198760810363183, 28.839415212442134 ], [ 81.198985764081783, 28.839852021253819 ], [ 81.199027000695594, 28.839999680041274 ], [ 81.199027950379673, 28.840003083075885 ], [ 81.199039380762883, 28.840026862949401 ], [ 81.199350998549789, 28.840675168923951 ], [ 81.199409388832294, 28.84079664574864 ], [ 81.199497763411102, 28.840981521180311 ], [ 81.199604387932197, 28.8412859578807 ], [ 81.200095888114788, 28.842205708027052 ], [ 81.200116701124898, 28.842359082905375 ], [ 81.200563263983497, 28.843736895541326 ], [ 81.200626139185033, 28.844118083083117 ], [ 81.200624827074193, 28.844424895792372 ], [ 81.200709637639704, 28.844731582596523 ], [ 81.200771826658524, 28.845266208868509 ], [ 81.200942299447604, 28.845833101916185 ], [ 81.201047825896524, 28.846184020076521 ], [ 81.201089388964192, 28.846488519729462 ], [ 81.201071380939538, 28.846784338226655 ], [ 81.201042825665922, 28.847253394928259 ], [ 81.200910388803436, 28.847862770150755 ], [ 81.20090726365936, 28.84854858325059 ], [ 81.201267389078794, 28.849926519992948 ], [ 81.201437201765486, 28.850460958306655 ], [ 81.201608075652246, 28.850844207993873 ], [ 81.201649415688053, 28.851044059835544 ], [ 81.201734514036673, 28.851455458302837 ], [ 81.201733539171528, 28.8516639913002 ], [ 81.201732593084785, 28.851866249727721 ], [ 81.201732013921344, 28.851990145728678 ], [ 81.201620202110689, 28.852829582819027 ], [ 81.201613529141127, 28.85285280151561 ], [ 81.201400951892481, 28.853592457925629 ], [ 81.201334450624472, 28.853973832526378 ], [ 81.200917889149309, 28.855420582693796 ], [ 81.20059020047745, 28.856278395631477 ], [ 81.200390576164239, 28.85742027112866 ], [ 81.200388829680776, 28.857788717974984 ], [ 81.200386951896348, 28.858185020422411 ], [ 81.200469264145283, 28.85902420750125 ], [ 81.200483525594279, 28.86002622223242 ], [ 81.20048557604855, 28.860170271141158 ], [ 81.20071832688933, 28.86108808324849 ], [ 81.20101782541235, 28.861624645760855 ], [ 81.201339638813351, 28.861989645505787 ], [ 81.201554887947793, 28.862145019577042 ], [ 81.201726325709444, 28.862336521213535 ], [ 81.201833827069493, 28.862433396184315 ], [ 81.201962638764826, 28.862586584003679 ], [ 81.20228551336578, 28.862741771015976 ], [ 81.202801512879546, 28.863050082895086 ], [ 81.202930763444044, 28.86308820785456 ], [ 81.203189013662097, 28.863263832859673 ], [ 81.203447388885934, 28.863340144831852 ], [ 81.203964013428561, 28.86359201975597 ], [ 81.204093451051961, 28.863612145684044 ], [ 81.204273248012043, 28.863600829514724 ], [ 81.205452950793074, 28.86352658328525 ], [ 81.206360075357225, 28.863286082986406 ], [ 81.206749514178796, 28.863059896297216 ], [ 81.207420200681781, 28.862643708040764 ], [ 81.207783391890075, 28.862403279687669 ], [ 81.207874513897764, 28.86234295766144 ], [ 81.208264326837252, 28.862001708112416 ], [ 81.208333075511064, 28.861927144422225 ], [ 81.208491545048844, 28.861755233617203 ], [ 81.208632950850074, 28.861601832658494 ], [ 81.208892951148812, 28.861373520871325 ], [ 81.208953485415066, 28.861294229445207 ], [ 81.209110202174145, 28.86108895918818 ], [ 81.209241013961673, 28.860802207655809 ], [ 81.20956651368374, 28.860345958199446 ], [ 81.209740763625405, 28.860002770611402 ], [ 81.209871701318036, 28.85965964597591 ], [ 81.209894137604408, 28.859488145261764 ], [ 81.210003264039472, 28.859260145539338 ], [ 81.210158388998536, 28.858343895554412 ], [ 81.210162387384344, 28.857486582639751 ], [ 81.21001276357822, 28.857161957958056 ], [ 81.209951779650964, 28.857114059166577 ], [ 81.209668763902414, 28.856891771038477 ], [ 81.209476648028954, 28.856668066478164 ], [ 81.209466627782717, 28.85665639867392 ], [ 81.209390138644039, 28.85656733251642 ], [ 81.209339453752818, 28.856544838673415 ], [ 81.209330746516798, 28.856540975185908 ], [ 81.209303950317121, 28.856529082551162 ], [ 81.20918940097016, 28.856417850803211 ], [ 81.209139914875209, 28.856369799126981 ], [ 81.208809888865346, 28.856049332910459 ], [ 81.208723951449258, 28.855990833809983 ], [ 81.20869900515504, 28.855986156436018 ], [ 81.208692393339334, 28.855984918069566 ], [ 81.208616263929514, 28.855970645828677 ], [ 81.208401013895752, 28.855837896002129 ], [ 81.208333263469399, 28.85575226975152 ], [ 81.208215925324737, 28.855602966104072 ], [ 81.208215865969521, 28.855602889661668 ], [ 81.208143763723797, 28.855511146222454 ], [ 81.207713575721016, 28.85520277049153 ], [ 81.207370888156049, 28.854743020873741 ], [ 81.207157014084999, 28.854339520252722 ], [ 81.207094513900756, 28.853822957763327 ], [ 81.207023146401127, 28.853513813112045 ], [ 81.207007731121962, 28.85344703485282 ], [ 81.206988825573887, 28.853365145285295 ], [ 81.20699132568916, 28.8528485827959 ], [ 81.207031454338221, 28.852591000774112 ], [ 81.207035638883667, 28.852564145219162 ], [ 81.207113116377286, 28.852222173514519 ], [ 81.207256014153813, 28.851591458279245 ], [ 81.207553477511055, 28.850865342961242 ], [ 81.207583388062972, 28.85079233329958 ], [ 81.207887451544707, 28.850336082943898 ], [ 81.208333138463615, 28.84975108294617 ], [ 81.208712075901644, 28.849254207515742 ], [ 81.209015701413534, 28.848910707862956 ], [ 81.209233388610073, 28.848511144473775 ], [ 81.209754138342873, 28.847844770220036 ], [ 81.209841263763394, 28.847673146298689 ], [ 81.210275451051302, 28.847103958181151 ], [ 81.211986252063923, 28.845383144116852 ], [ 81.212485950466316, 28.844880521119194 ], [ 81.213525700750552, 28.843967396278344 ], [ 81.214174701901015, 28.843530957987355 ], [ 81.215082763558769, 28.843058019811792 ], [ 81.215471950570134, 28.842888145971187 ], [ 81.216055200487176, 28.842718021219753 ], [ 81.216424316429141, 28.842637883531552 ], [ 81.216424833539293, 28.842637772015621 ], [ 81.217091575615768, 28.842493019837036 ], [ 81.217869763478859, 28.842288708257342 ], [ 81.218972513071094, 28.841948520807648 ], [ 81.219361888040737, 28.841875708097518 ], [ 81.220009701186825, 28.841820583253366 ], [ 81.220463950550936, 28.841688895526147 ], [ 81.221373514076447, 28.841177521225688 ], [ 81.221568389069944, 28.841084707593211 ], [ 81.221957576081309, 28.840971270707655 ], [ 81.222866825743495, 28.840480207595533 ], [ 81.22338607630644, 28.840328207780601 ], [ 81.223515951899742, 28.840253519984003 ], [ 81.223903309690058, 28.840030772302327 ], [ 81.224348766382548, 28.839774614806686 ], [ 81.226049888891339, 28.838796396136843 ], [ 81.226440263907136, 28.838473082666667 ], [ 81.226853076108625, 28.838016708204577 ], [ 81.226994328125784, 28.837820861043951 ], [ 81.227222889025143, 28.837503957941351 ], [ 81.227439827086414, 28.837275770260646 ], [ 81.227571325955978, 28.836932582672603 ], [ 81.227573138989214, 28.836589645995446 ], [ 81.227488325725687, 28.836303269480368 ], [ 81.227491326763356, 28.835730207982749 ], [ 81.227600638458739, 28.835502146207148 ], [ 81.227709263971406, 28.835389144593421 ], [ 81.228099138964126, 28.835122270776253 ], [ 81.228575513449243, 28.834895895229408 ], [ 81.228834763713451, 28.83482095832062 ], [ 81.229224700759403, 28.83459476983279 ], [ 81.230003326592282, 28.834311396154078 ], [ 81.230846701813903, 28.834048207758656 ], [ 81.231496639158649, 28.833650021231563 ], [ 81.232044409022308, 28.833373443729499 ], [ 81.232119764115851, 28.833335396111693 ], [ 81.232167825684655, 28.833310457911352 ], [ 81.232537263583879, 28.832948894475976 ], [ 81.232819263098577, 28.832738582619527 ], [ 81.232957686747909, 28.832569153943325 ], [ 81.233146013777571, 28.832338645112429 ], [ 81.233665316501231, 28.831884358876096 ], [ 81.233732575897704, 28.831825520731229 ], [ 81.233757576151277, 28.831794548979303 ], [ 81.234102763831515, 28.831366896165378 ], [ 81.234298325907048, 28.831195082487113 ], [ 81.235148325534851, 28.830052083736746 ], [ 81.235430326848189, 28.829823708997026 ], [ 81.235539951507633, 28.829593396218286 ], [ 81.235476700389484, 28.829383707592058 ], [ 81.234919075754817, 28.828825145863846 ], [ 81.234683076562817, 28.828651833015726 ], [ 81.233391763419206, 28.828072021206879 ], [ 81.233176326326429, 28.827993395279009 ], [ 81.233112201067286, 28.827937146282352 ], [ 81.232531513318747, 28.827626770459119 ], [ 81.232249986847478, 28.827289801683037 ], [ 81.232017701855511, 28.827011770876595 ], [ 81.231962498770372, 28.826979034654755 ], [ 81.231953200679698, 28.826973520911338 ], [ 81.231355951915702, 28.825939019969837 ], [ 81.231187513393081, 28.825363957480704 ], [ 81.23114863839902, 28.824732333030795 ], [ 81.231192575676857, 28.824617208117729 ], [ 81.231283388317763, 28.823985394810165 ], [ 81.231289018973087, 28.823819804440461 ], [ 81.231310700728329, 28.823182144640327 ], [ 81.231195440017586, 28.8224895920211 ], [ 81.231186450394432, 28.822435583235631 ], [ 81.231179692888588, 28.822265756159766 ], [ 81.231168138398914, 28.821975394748733 ], [ 81.231154731305878, 28.8219109376397 ], [ 81.231084639044923, 28.821573958071781 ], [ 81.231086764142901, 28.821228832444717 ], [ 81.231045076069449, 28.821055082526073 ], [ 81.231050638376303, 28.820251959160657 ], [ 81.23105309712281, 28.820200439698567 ], [ 81.231148377595616, 28.81820364618136 ], [ 81.231151950602111, 28.818128769527164 ], [ 81.231373888893927, 28.817268833290086 ], [ 81.231483076482846, 28.8170972075701 ], [ 81.231636825479143, 28.816695332923302 ], [ 81.232007263424521, 28.81621864547418 ], [ 81.23231170192355, 28.815893270757897 ], [ 81.232399924516983, 28.815812417209315 ], [ 81.232745702152499, 28.81549552130133 ], [ 81.23326538888665, 28.815194520011119 ], [ 81.23326969753856, 28.815190773435518 ], [ 81.233395450639591, 28.815081458142856 ], [ 81.233655200926819, 28.814950144533611 ], [ 81.233898216629427, 28.814868007652478 ], [ 81.234044263831777, 28.814818644764671 ], [ 81.234693327035473, 28.81451970831796 ], [ 81.234887952017402, 28.814483270486619 ], [ 81.235406826663791, 28.814256770833367 ], [ 81.236250263938587, 28.813959707674428 ], [ 81.236380076579337, 28.813882769774068 ], [ 81.236963450602843, 28.813717083176925 ], [ 81.237287327048534, 28.813642083315528 ], [ 81.237805638719294, 28.81358927062837 ], [ 81.239035511080033, 28.813268794519331 ], [ 81.239296326164606, 28.813200832752273 ], [ 81.239881019493509, 28.813124344512914 ], [ 81.240397576586929, 28.813056771253059 ], [ 81.240915762352586, 28.812945269708507 ], [ 81.241436011163046, 28.812707774044611 ], [ 81.241442985405513, 28.812704589545206 ], [ 81.241694639096352, 28.812589709247732 ], [ 81.242079952727693, 28.812476182429918 ], [ 81.242110142968784, 28.812467288134883 ], [ 81.242580701538202, 28.812328645950288 ], [ 81.243013887880693, 28.81202776966586 ], [ 81.243126804958138, 28.811858929146297 ], [ 81.243166451570517, 28.811799645837027 ], [ 81.243296513323514, 28.81168664512262 ], [ 81.243470451200437, 28.811458521293787 ], [ 81.243841577127114, 28.810753896175413 ], [ 81.243995451129251, 28.810297832878746 ], [ 81.243977326192692, 28.809783520493113 ], [ 81.243892263816974, 28.809553520678492 ], [ 81.243571575467911, 28.809093896066486 ], [ 81.24348638898573, 28.808920395260088 ], [ 81.243084450487061, 28.807657644584708 ], [ 81.242913763659317, 28.807371395773373 ], [ 81.242553014110342, 28.80645158267447 ], [ 81.242318014065177, 28.806050395109708 ], [ 81.242276513950003, 28.805820333241854 ], [ 81.24206376403157, 28.805360519772194 ], [ 81.241957513628392, 28.805074145955132 ], [ 81.241915950560724, 28.80484414614051 ], [ 81.241618702141466, 28.804097895001917 ], [ 81.24142626341137, 28.803811708243813 ], [ 81.241320013008249, 28.803581770482367 ], [ 81.241191326318699, 28.803446644647011 ], [ 81.240893398011963, 28.803072524877166 ], [ 81.24087020089911, 28.803043395836085 ], [ 81.240806013586734, 28.802966832953018 ], [ 81.240484139031821, 28.802755271038961 ], [ 81.23970957633594, 28.802386646126877 ], [ 81.23876220171428, 28.802131146035606 ], [ 81.2385897018533, 28.802129207996586 ], [ 81.238557414393199, 28.802121858736825 ], [ 81.238245387414736, 28.802050832979603 ], [ 81.23798657691907, 28.802028707858653 ], [ 81.237470263541866, 28.801797270028032 ], [ 81.237298200751411, 28.801756957917348 ], [ 81.2371222969565, 28.801667344972032 ], [ 81.236953951963358, 28.801581582923745 ], [ 81.236671481203928, 28.801527834042361 ], [ 81.236436950604855, 28.801483207883791 ], [ 81.236107516348852, 28.801359036690258 ], [ 81.234887889064908, 28.800899332937888 ], [ 81.234371138617234, 28.800760394876363 ], [ 81.233940763555438, 28.800585144888601 ], [ 81.233509950523853, 28.800506957829896 ], [ 81.232649388358652, 28.800156457854314 ], [ 81.232218889190449, 28.800037645720806 ], [ 81.231702826724131, 28.799785832849977 ], [ 81.23141061540764, 28.799719377447389 ], [ 81.231358202019464, 28.799707457832938 ], [ 81.230949264097319, 28.799552457879656 ], [ 81.229659763987001, 28.798873333037932 ], [ 81.229509388347651, 28.798776583072879 ], [ 81.229187576745346, 28.798488333270029 ], [ 81.22910170048317, 28.798450146257323 ], [ 81.228994825950508, 28.798314957469358 ], [ 81.228738213397889, 28.798101520468833 ], [ 81.228672763437316, 28.798047082706773 ], [ 81.228630325329334, 28.797970394817924 ], [ 81.228415514164681, 28.7978150827999 ], [ 81.228352928544894, 28.797736464965965 ], [ 81.228094450798324, 28.79741177013716 ], [ 81.227838575689759, 28.796951957566819 ], [ 81.227761932767066, 28.796602591636372 ], [ 81.227679184346925, 28.79622539708447 ], [ 81.227650075990255, 28.796092707512514 ], [ 81.227646345602409, 28.79602627099564 ], [ 81.227611451907023, 28.795404708160788 ], [ 81.227635327108715, 28.79506170763176 ], [ 81.227920075850875, 28.794377644612666 ], [ 81.228334639032425, 28.793636895526333 ], [ 81.228545878989166, 28.793105648906646 ], [ 81.22897020071423, 28.792038520561334 ], [ 81.2292347641731, 28.791668082615956 ], [ 81.229253326180128, 28.791641020216957 ], [ 81.22949482562575, 28.791126207808304 ], [ 81.230192451320647, 28.790254146012103 ], [ 81.230431450650997, 28.79004620746656 ], [ 81.231456764118434, 28.788679521242955 ], [ 81.231957763839773, 28.788110083113907 ], [ 81.23280620044585, 28.787258082494589 ], [ 81.232849888611554, 28.787183582656269 ], [ 81.233457763764818, 28.78671102129664 ], [ 81.233631763694973, 28.786521207687656 ], [ 81.234186952066239, 28.786107332487461 ], [ 81.234391450704948, 28.785953582591787 ], [ 81.234716888373782, 28.785747645937136 ], [ 81.235041263943231, 28.785634333157986 ], [ 81.235431076882776, 28.785446395534791 ], [ 81.236081637457687, 28.785032458281364 ], [ 81.236405763914945, 28.784957395467472 ], [ 81.236730638608151, 28.784789895837093 ], [ 81.237249700313498, 28.784601708202331 ], [ 81.237379575906743, 28.784527021305053 ], [ 81.237574137936178, 28.784490582574392 ], [ 81.237898763517194, 28.784359144858684 ], [ 81.238287763469543, 28.784247896023658 ], [ 81.238482825522055, 28.784152833186738 ], [ 81.239325513661583, 28.783930207812887 ], [ 81.239519825679452, 28.783914082968579 ], [ 81.239714575667165, 28.783839271065574 ], [ 81.240297638525249, 28.78372770746779 ], [ 81.240557326759301, 28.783634769728906 ], [ 81.241075013401201, 28.783638332842827 ], [ 81.241399138959139, 28.783565583085249 ], [ 81.241721951506918, 28.783625895218961 ], [ 81.241749030993049, 28.7836270274654 ], [ 81.242239014019333, 28.783647520316833 ], [ 81.242497888366927, 28.783610957479766 ], [ 81.242822263936375, 28.783499832751147 ], [ 81.242952013624574, 28.783425145853869 ], [ 81.243405450900923, 28.783334083201453 ], [ 81.243491818192922, 28.78328660799059 ], [ 81.243578388731692, 28.783239021263853 ], [ 81.243772701648936, 28.783222895520282 ], [ 81.244356138624937, 28.783016520895785 ], [ 81.245457326994085, 28.782739269801539 ], [ 81.246170826622404, 28.782440207449667 ], [ 81.246841139007415, 28.782159207981124 ], [ 81.246927513494029, 28.78214102009207 ], [ 81.247425076905813, 28.781896457555547 ], [ 81.247837202025323, 28.78155727105127 ], [ 81.248053639164198, 28.781426021293896 ], [ 81.24824882532306, 28.781254207615632 ], [ 81.248597076094256, 28.780838458228288 ], [ 81.248987451110054, 28.780497020720986 ], [ 81.249490388870413, 28.779586896018486 ], [ 81.249754951429907, 28.778844145041319 ], [ 81.249841763886366, 28.778731146125551 ], [ 81.249907952190313, 28.778559582458797 ], [ 81.249974638718641, 28.778331645688922 ], [ 81.250000076042738, 28.778275145781379 ], [ 81.250284075649631, 28.777629394780774 ], [ 81.250441076594484, 28.777403520156383 ], [ 81.250515138462902, 28.777060457574123 ], [ 81.250746200376909, 28.776491458314183 ], [ 81.250780263998024, 28.776033395824584 ], [ 81.250904387527498, 28.775462394673809 ], [ 81.251021388426409, 28.775119270937637 ], [ 81.25107370198981, 28.774776207456057 ], [ 81.251212452093057, 28.774435270871095 ], [ 81.251348326164361, 28.774209458299936 ], [ 81.25142413901284, 28.773807707759545 ], [ 81.251618893497209, 28.773451060917751 ], [ 81.251764512622231, 28.773184394844009 ], [ 81.251975513359298, 28.772556770578547 ], [ 81.252150137418937, 28.771699145599143 ], [ 81.252314700762895, 28.771186708299979 ], [ 81.2524646384324, 28.770444145281147 ], [ 81.25247770198439, 28.769983894741017 ], [ 81.252425951396617, 28.769523770105934 ], [ 81.252349450566726, 28.76913133294471 ], [ 81.252331951558403, 28.769043395436427 ], [ 81.25221676279341, 28.768524707849053 ], [ 81.252117513612404, 28.768236083028853 ], [ 81.252054638410868, 28.768177583029058 ], [ 81.251772575943676, 28.767483207484077 ], [ 81.251613326693757, 28.767021019804247 ], [ 81.25151701379923, 28.766617333023532 ], [ 81.251455263649575, 28.76650014596504 ], [ 81.251418825818234, 28.76627008319781 ], [ 81.251297825634197, 28.765981519531579 ], [ 81.251155012393951, 28.76569077051272 ], [ 81.250928200675958, 28.765341457642194 ], [ 81.250550325337315, 28.764990207632025 ], [ 81.250026234623078, 28.764469330195482 ], [ 81.249999763977996, 28.764443020529029 ], [ 81.249867014151448, 28.764325957576943 ], [ 81.249675013391197, 28.764078145789824 ], [ 81.24944020040499, 28.763864207866959 ], [ 81.249333012908266, 28.763731333034627 ], [ 81.249247638467807, 28.763634458063848 ], [ 81.249056700706205, 28.763289644501526 ], [ 81.248846387950493, 28.762601896060687 ], [ 81.248743263590825, 28.762029082775996 ], [ 81.248746638746411, 28.761571083238948 ], [ 81.248858200545556, 28.761112832791071 ], [ 81.248968264074165, 28.760828395214332 ], [ 81.249360952146276, 28.760144083082992 ], [ 81.249578576390263, 28.759859394595424 ], [ 81.249861325939492, 28.759538520086664 ], [ 81.24997337517118, 28.759450864965515 ], [ 81.249982764093318, 28.759443520202353 ], [ 81.250000013989506, 28.759425458218345 ], [ 81.250506263952957, 28.758867269708787 ], [ 81.251022826442352, 28.758074395017388 ], [ 81.2512773885407, 28.757448957903136 ], [ 81.251412513476794, 28.757220833174983 ], [ 81.251684355148939, 28.756384076963627 ], [ 81.251931014005152, 28.755624833319473 ], [ 81.252333013657733, 28.755098394475397 ], [ 81.252509888720454, 28.754928894752766 ], [ 81.252518068953805, 28.754922585109284 ], [ 81.252773764197912, 28.754725333207602 ], [ 81.253363200551348, 28.754430958122271 ], [ 81.254407451043107, 28.754029707604957 ], [ 81.254800014109435, 28.753846145183502 ], [ 81.255840700587896, 28.753562145576609 ], [ 81.256489636087906, 28.753197494768642 ], [ 81.25675920067664, 28.75304602015774 ], [ 81.257189076614679, 28.752663957575635 ], [ 81.257537326486499, 28.752162395777987 ], [ 81.257998576173406, 28.751827645629419 ], [ 81.258263638755977, 28.751583396056958 ], [ 81.258790138753966, 28.751230520971831 ], [ 81.259773826201183, 28.750675895576194 ], [ 81.260037638726089, 28.750472333131711 ], [ 81.260496014179751, 28.750252582890425 ], [ 81.261286076691135, 28.750061583075649 ], [ 81.26130182561883, 28.750000645913133 ], [ 81.261325326702547, 28.749912644552978 ], [ 81.261438825641335, 28.749492707922172 ], [ 81.261662701072851, 28.748921519712439 ], [ 81.26228588898266, 28.747548583200626 ], [ 81.262399451773319, 28.747146769707683 ], [ 81.262578138970014, 28.746690708209655 ], [ 81.262693325936311, 28.746173832756256 ], [ 81.262828013801879, 28.745774208213163 ], [ 81.262828341155057, 28.745749253825068 ], [ 81.262831763974759, 28.745487707591678 ], [ 81.262770887966155, 28.745199020718303 ], [ 81.262719202129517, 28.744224520745092 ], [ 81.262658826143991, 28.743879395118029 ], [ 81.262307638186996, 28.74267308319628 ], [ 81.262159200586723, 28.742441019437535 ], [ 81.261907013597863, 28.741922582761049 ], [ 81.26167913888122, 28.741158207585272 ], [ 81.261637887878294, 28.74102289559022 ], [ 81.261575388593371, 28.740849332730591 ], [ 81.261407951016167, 28.740448020160045 ], [ 81.261112325873171, 28.739929707589965 ], [ 81.260713888435248, 28.739007708239171 ], [ 81.260459950466384, 28.738547957722119 ], [ 81.260355576049051, 28.738259332901919 ], [ 81.259719575498082, 28.73727920766936 ], [ 81.25878363845419, 28.736123646289286 ], [ 81.25810901381999, 28.734798332477112 ], [ 81.258048138710706, 28.734471269733376 ], [ 81.257986701525112, 28.734223270887298 ], [ 81.257926263486354, 28.733860146228835 ], [ 81.257886138434571, 28.733648207498845 ], [ 81.257826262472065, 28.73324664491679 ], [ 81.257786577188824, 28.732996270961166 ], [ 81.257705451145739, 28.732538457583814 ], [ 81.257718951768254, 28.731505145546066 ], [ 81.25783251365965, 28.7311033329525 ], [ 81.257839017556648, 28.730591326428623 ], [ 81.257848075528329, 28.729878208112893 ], [ 81.257936075989164, 28.729765271250301 ], [ 81.258132826069129, 28.729613707606575 ], [ 81.258775076008988, 28.729336847717377 ], [ 81.258784825559303, 28.72933264518548 ], [ 81.259222095723203, 28.729206787763076 ], [ 81.259305326179913, 28.729182832521758 ], [ 81.261189263773588, 28.728931020550192 ], [ 81.261514763495597, 28.728837894853029 ], [ 81.261904388476808, 28.728801019951163 ], [ 81.26248738838234, 28.728806646109888 ], [ 81.263523638505148, 28.728910707563159 ], [ 81.264237139032787, 28.728895770723284 ], [ 81.264496387498355, 28.728935957828241 ], [ 81.265468514160659, 28.728963271138127 ], [ 81.266830264005534, 28.728974082787715 ], [ 81.267674138350856, 28.728904833191564 ], [ 81.269165201712724, 28.728935707816731 ], [ 81.269749887847127, 28.728862333030293 ], [ 81.270073700441003, 28.728866208209013 ], [ 81.27104807540843, 28.728778519812863 ], [ 81.272217888344926, 28.728537021266561 ], [ 81.272348263961248, 28.72848033250142 ], [ 81.272522075933125, 28.728387520667582 ], [ 81.272631326474595, 28.728330894854992 ], [ 81.272913826911633, 28.72817914595089 ], [ 81.273701013391133, 28.727496270036909 ], [ 81.273756452997986, 28.727455175516013 ], [ 81.274006326031156, 28.727269957442616 ], [ 81.274182826975959, 28.726983082703157 ], [ 81.274561325544823, 28.72612726985767 ], [ 81.274719263583222, 28.725610270297807 ], [ 81.274929263374872, 28.724407332632325 ], [ 81.274938325843095, 28.723719208274872 ], [ 81.275032638645428, 28.723089583017895 ], [ 81.27503901393942, 28.722572895522774 ], [ 81.274976486775529, 28.722238741624665 ], [ 81.27487738778126, 28.721709146160208 ], [ 81.274953701552135, 28.720793021181009 ], [ 81.27506720049098, 28.720391207688124 ], [ 81.275138139013961, 28.719876645290981 ], [ 81.275148075623235, 28.719111071318935 ], [ 81.2751493256809, 28.719014770115621 ], [ 81.274994075716052, 28.717636646314247 ], [ 81.274891262521805, 28.717232957734836 ], [ 81.274723263767669, 28.716829458013137 ], [ 81.274617200423506, 28.716658208209765 ], [ 81.274325763423292, 28.715794707959446 ], [ 81.273669637843568, 28.714699582819549 ], [ 81.273478326863369, 28.714467582912675 ], [ 81.273267952054425, 28.714007771241711 ], [ 81.272951013878242, 28.71343083276679 ], [ 81.272886888619098, 28.713372332766994 ], [ 81.272635701676336, 28.712738770278065 ], [ 81.272088201609279, 28.711587083177392 ], [ 81.271897451806012, 28.711298707469439 ], [ 81.271559950631286, 28.71066539499202 ], [ 81.270775575432538, 28.709453144846805 ], [ 81.270114388468301, 28.708335457515375 ], [ 81.269992264131758, 28.708128145797332 ], [ 81.269459951815406, 28.707375646169169 ], [ 81.269184200790278, 28.706857270646594 ], [ 81.268769571958217, 28.706180701678079 ], [ 81.268758888911634, 28.70616327101817 ], [ 81.268548326144412, 28.705644769590492 ], [ 81.268484075879428, 28.705529832635705 ], [ 81.268251825961045, 28.705029457943169 ], [ 81.268210950874732, 28.704799395175996 ], [ 81.268239263331395, 28.70410895776223 ], [ 81.26835001394204, 28.703880895087309 ], [ 81.268387709025603, 28.703839170141634 ], [ 81.268917701990404, 28.70325252078726 ], [ 81.269402660504454, 28.702829609199171 ], [ 81.269506325356701, 28.702739207548461 ], [ 81.269658388124185, 28.702664457698631 ], [ 81.269890985180893, 28.702598059852619 ], [ 81.270048326968777, 28.702553145011677 ], [ 81.270956200668195, 28.702560333292809 ], [ 81.271411388924491, 28.702448894700808 ], [ 81.271800388876898, 28.702452645773008 ], [ 81.272189763846598, 28.70235933301683 ], [ 81.272449452080593, 28.702340770110482 ], [ 81.273208764073274, 28.702059457677876 ], [ 81.273382513991862, 28.701966644944775 ], [ 81.273775639134499, 28.701566521277982 ], [ 81.274125576134509, 28.701110082964021 ], [ 81.274214075719101, 28.70093839519086 ], [ 81.274585825775318, 28.700481894823611 ], [ 81.274861182897325, 28.700241332471592 ], [ 81.275152638783311, 28.699986708320012 ], [ 81.275674013544972, 28.699723894941826 ], [ 81.27600032715344, 28.699515708183412 ], [ 81.277302076030026, 28.698969271115004 ], [ 81.277497576052326, 28.698894458312679 ], [ 81.277822450745589, 28.698839645533269 ], [ 81.27834263840208, 28.698633270009452 ], [ 81.279123138422165, 28.698408270425375 ], [ 81.279383200774134, 28.698297144797436 ], [ 81.279588167959616, 28.698232781217939 ], [ 81.279621638927551, 28.6982222708412 ], [ 81.280077325408286, 28.698052083137156 ], [ 81.280145479630221, 28.697997987117446 ], [ 81.280316700655248, 28.697862082469157 ], [ 81.280805625179539, 28.69757290006936 ], [ 81.28086026349041, 28.697540582931595 ], [ 81.280909896174819, 28.697494628474374 ], [ 81.281536701157904, 28.696914270777029 ], [ 81.282083264131415, 28.69628589467834 ], [ 81.282390388905355, 28.69582952021625 ], [ 81.282610014140914, 28.695427457611117 ], [ 81.282916638891834, 28.69502752010402 ], [ 81.283137825350423, 28.694512644742815 ], [ 81.283295276855597, 28.693800029148065 ], [ 81.283454513515039, 28.693079333144738 ], [ 81.283466576121668, 28.691872270289082 ], [ 81.283363013792098, 28.691412269760519 ], [ 81.283395888509517, 28.690320207711466 ], [ 81.283418076583018, 28.690243457769384 ], [ 81.283575075729232, 28.689631769490632 ], [ 81.283663514159912, 28.68946008261679 ], [ 81.283753450861127, 28.689114707877536 ], [ 81.28384526354813, 28.688541395469088 ], [ 81.283912450998855, 28.688311144743579 ], [ 81.28397857635025, 28.688177957846506 ], [ 81.284045826753584, 28.687968020108087 ], [ 81.284312513511736, 28.687222895820014 ], [ 81.284357951758125, 28.686992708047114 ], [ 81.28444570040881, 28.686821021173216 ], [ 81.284625513556648, 28.686132582952382 ], [ 81.28478051261061, 28.685732895456795 ], [ 81.285000263751215, 28.685389520809792 ], [ 81.285331513738413, 28.684644269717353 ], [ 81.285441700474166, 28.684472644896687 ], [ 81.286130388706511, 28.682524082920168 ], [ 81.286201638394971, 28.681892207559372 ], [ 81.286290576848728, 28.681664144884451 ], [ 81.286341951519887, 28.680802207655802 ], [ 81.286524763906812, 28.679827144707019 ], [ 81.286599325798306, 28.678791457559782 ], [ 81.286712450619177, 28.678276833109408 ], [ 81.286715013687001, 28.678046769442915 ], [ 81.286853387873634, 28.677184583102076 ], [ 81.286859827019441, 28.676496394892752 ], [ 81.286949701667481, 28.676151021052817 ], [ 81.286997202059297, 28.675749332565715 ], [ 81.287033888103508, 28.674197082929084 ], [ 81.28704150805919, 28.673430079034972 ], [ 81.287042450548711, 28.673335207753667 ], [ 81.287065013639506, 28.67320201995733 ], [ 81.287023263512879, 28.673087083002542 ], [ 81.287024762682734, 28.672953958158701 ], [ 81.28719326415785, 28.671191582825315 ], [ 81.287181360731267, 28.670761938013072 ], [ 81.287178388471887, 28.670654646195032 ], [ 81.287116388310722, 28.670424644581715 ], [ 81.287165638783279, 28.66996652093826 ], [ 81.287388452115408, 28.669354644701116 ], [ 81.287534325748595, 28.668858459950002 ], [ 81.287681139173287, 28.668359082605605 ], [ 81.287841576427695, 28.667596145445827 ], [ 81.287870002198872, 28.667061712528039 ], [ 81.287870138895869, 28.667059144963616 ], [ 81.287871477986357, 28.667053917204555 ], [ 81.287970764039585, 28.666666332785098 ], [ 81.288163763946613, 28.665912396040312 ], [ 81.2883840133116, 28.665532895626711 ], [ 81.288606826643786, 28.664923271291968 ], [ 81.288892575432044, 28.664408270925037 ], [ 81.289162887357406, 28.663417270190905 ], [ 81.289170201543641, 28.662805832822983 ], [ 81.289183314558386, 28.662694260232001 ], [ 81.289242075361528, 28.662194270449277 ], [ 81.289325451508432, 28.660666646048924 ], [ 81.289319764195795, 28.659290457588611 ], [ 81.289462013561149, 28.658220707719522 ], [ 81.289454827078657, 28.656997895036852 ], [ 81.289572700319923, 28.656158395893328 ], [ 81.289585763871969, 28.65508670798522 ], [ 81.289703013883013, 28.654247145889144 ], [ 81.289706639050223, 28.653940333179889 ], [ 81.289751637528127, 28.653789082500225 ], [ 81.289756325693929, 28.653405519848889 ], [ 81.289683075913274, 28.652336270902254 ], [ 81.289622138750758, 28.652029583198782 ], [ 81.289593138312739, 28.650824832500064 ], [ 81.28959426336462, 28.650730082627263 ], [ 81.289532264102775, 28.650500082812641 ], [ 81.289417139189652, 28.649333895043299 ], [ 81.289417513307626, 28.64927527003772 ], [ 81.289420200481914, 28.649065395251853 ], [ 81.2894666387744, 28.648760770593128 ], [ 81.289467136998837, 28.648725526162139 ], [ 81.289469888924316, 28.648530644873404 ], [ 81.289283450470919, 28.647917333318333 ], [ 81.288987825327922, 28.647381019918214 ], [ 81.288652576954917, 28.646612395445743 ], [ 81.28850426346105, 28.64638258269008 ], [ 81.288042513751066, 28.6453840195569 ], [ 81.287998063859618, 28.645314269038352 ], [ 81.28780995086862, 28.64501908276452 ], [ 81.287025138599347, 28.643982957647438 ], [ 81.286705323491958, 28.64336488148416 ], [ 81.286667137378572, 28.643291083117049 ], [ 81.28660889998082, 28.64322052500728 ], [ 81.28641245207308, 28.642982521226429 ], [ 81.286370111091799, 28.642905588721987 ], [ 81.286075076803399, 28.642369519937461 ], [ 81.286011638626292, 28.642311019937665 ], [ 81.285906139157078, 28.64208114512877 ], [ 81.285015575608384, 28.640927832953196 ], [ 81.284930389126202, 28.640869395006632 ], [ 81.284505138401471, 28.640387458214661 ], [ 81.284188514088726, 28.639851144814543 ], [ 81.283869701725393, 28.639465957987625 ], [ 81.283722014159707, 28.639236208184514 ], [ 81.28340276382653, 28.638907458312588 ], [ 81.282592200369834, 28.63825264484376 ], [ 81.282166513473896, 28.637829333057311 ], [ 81.281601232011326, 28.637334579127582 ], [ 81.281569888839329, 28.637307146207888 ], [ 81.280907575923948, 28.636864082611396 ], [ 81.280714888980981, 28.636765207548365 ], [ 81.28026645103597, 28.636436770640501 ], [ 81.280137201370792, 28.636398644781707 ], [ 81.279944450576011, 28.6362817697879 ], [ 81.27943132709413, 28.635892457770751 ], [ 81.278853638584621, 28.635523707852883 ], [ 81.27866138871218, 28.635350332951532 ], [ 81.278406638655497, 28.635003395190608 ], [ 81.277936888576619, 28.634577958306181 ], [ 81.277639325394603, 28.634228895447222 ], [ 81.277361826087485, 28.633997082599308 ], [ 81.27706213870681, 28.633803707675042 ], [ 81.275930450729788, 28.632795207932531 ], [ 81.275075826788054, 28.63213589605482 ], [ 81.274755451402996, 28.631845521153934 ], [ 81.274178325869116, 28.631438333312474 ], [ 81.273879576481306, 28.631129832575766 ], [ 81.272983701536646, 28.630317145819674 ], [ 81.272813138815366, 28.63012345793129 ], [ 81.272431827167168, 28.629508332443663 ], [ 81.272349201954171, 28.62919939463643 ], [ 81.27226920096291, 28.628662583011874 ], [ 81.272222201493435, 28.627054020526657 ], [ 81.272273951181944, 28.626289083274628 ], [ 81.272319325576461, 28.626058894602352 ], [ 81.272324575818573, 28.625600895964624 ], [ 81.27224345067475, 28.625138519427196 ], [ 81.272094201885977, 28.625028269738891 ], [ 81.272082638403106, 28.625001206440572 ], [ 81.2719398269615, 28.624660832831239 ], [ 81.271547513906683, 28.623233519711221 ], [ 81.271531451115607, 28.62268977071642 ], [ 81.271387512823537, 28.621426645023689 ], [ 81.271386087398071, 28.62103706231062 ], [ 81.271383013515333, 28.620197019976558 ], [ 81.271320513331091, 28.619730145030246 ], [ 81.270570201753458, 28.618059833294694 ], [ 81.27051826410667, 28.617746333226762 ], [ 81.269686513521833, 28.616951582549518 ], [ 81.269268889048021, 28.616629770047894 ], [ 81.266759575494063, 28.615226895105195 ], [ 81.266097343517629, 28.614985833629362 ], [ 81.266050639025821, 28.61496883284542 ], [ 81.264647888189529, 28.614590269525365 ], [ 81.262773638992314, 28.613542582724051 ], [ 81.262310888336913, 28.613053894721531 ], [ 81.261916764047498, 28.612637271193137 ], [ 81.261352701166288, 28.612020145613258 ], [ 81.260792638469525, 28.611204519872729 ], [ 81.259647576674354, 28.60952814580736 ], [ 81.258818514163181, 28.608225645097491 ], [ 81.258484282923348, 28.60750112157956 ], [ 81.258317326483507, 28.607139208307842 ], [ 81.258238138479385, 28.606897895021916 ], [ 81.257143075392662, 28.605011582318696 ], [ 81.256974075693108, 28.60463058273524 ], [ 81.256668455484885, 28.604221861549718 ], [ 81.256450138762943, 28.603929895748138 ], [ 81.255775514128743, 28.602724145902641 ], [ 81.255644450531008, 28.602444644704633 ], [ 81.255644608811679, 28.602436843085911 ], [ 81.255647826585971, 28.602277708049826 ], [ 81.255551325733165, 28.602275582951847 ], [ 81.255331138421354, 28.601865457924589 ], [ 81.255061286948887, 28.601452664608814 ], [ 81.252871014186042, 28.598102207950603 ], [ 81.252136538770287, 28.596667238902 ], [ 81.251764638527277, 28.595940646044028 ], [ 81.251314263442566, 28.59521952016479 ], [ 81.250666014125329, 28.594343020214239 ], [ 81.250372576133543, 28.594027708012391 ], [ 81.250056388891267, 28.593834270135517 ], [ 81.25000013899529, 28.593827644830014 ], [ 81.249892763540288, 28.593812020008784 ], [ 81.249837512791032, 28.593708331774167 ], [ 81.249497861337261, 28.593463227845746 ], [ 81.249497575352905, 28.593463021001696 ], [ 81.249497114900009, 28.593462542562349 ], [ 81.248457825967932, 28.59238426981824 ], [ 81.24740034105298, 28.591598786654743 ], [ 81.24700038915671, 28.591301708207311 ], [ 81.246101264062133, 28.590493457806872 ], [ 81.245699201457057, 28.590045144867588 ], [ 81.245096769900044, 28.589255613855528 ], [ 81.244796639153606, 28.588862270177685 ], [ 81.244311149140287, 28.588332598270824 ], [ 81.243799451083873, 28.587774333318862 ], [ 81.243522462591613, 28.587372819300242 ], [ 81.243071951709283, 28.586719771200535 ], [ 81.242149888506617, 28.585622645968385 ], [ 81.241503203110369, 28.585018375297807 ], [ 81.24056901344926, 28.584145458246326 ], [ 81.239795825816771, 28.583332332621126 ], [ 81.238736075509507, 28.582219644620977 ], [ 81.236577325783003, 28.580186083221236 ], [ 81.23564061802017, 28.579034695594771 ], [ 81.235067075385302, 28.578329708049637 ], [ 81.234177575734577, 28.577455833220199 ], [ 81.233444951123658, 28.576872708308883 ], [ 81.232707563703173, 28.576462692099597 ], [ 81.231976638810863, 28.576056269581215 ], [ 81.230818263452136, 28.575234708315179 ], [ 81.229903013513308, 28.574399207557406 ], [ 81.227414080395533, 28.571964066488533 ], [ 81.227228076314702, 28.57178208327656 ], [ 81.226048951797736, 28.570786833245791 ], [ 81.225745676122131, 28.570576431457198 ], [ 81.224611764121676, 28.569789771081105 ], [ 81.222915475468881, 28.568389577916719 ], [ 81.222658576032529, 28.56817752047624 ], [ 81.220751764182637, 28.566838207817113 ], [ 81.219638624722791, 28.566203538262755 ], [ 81.216853201314223, 28.56461539578396 ], [ 81.216828258617284, 28.564585656103191 ], [ 81.216792764174784, 28.564543333108361 ], [ 81.216614201084553, 28.564446582244045 ], [ 81.215117225579547, 28.563644473313843 ], [ 81.212768575909081, 28.56238601959916 ], [ 81.211302153071983, 28.561483495067307 ], [ 81.209521513407196, 28.560387583020599 ], [ 81.208522202038068, 28.559694207521716 ], [ 81.208448388382465, 28.559671833288519 ], [ 81.208333263469399, 28.559613271235548 ], [ 81.208186137979965, 28.559539019610099 ], [ 81.20739346383732, 28.55905387583573 ], [ 81.206314513903749, 28.55839352074446 ], [ 81.20559251298414, 28.55785764531413 ], [ 81.204761950403736, 28.557188832998293 ], [ 81.202281826145395, 28.555028833214124 ], [ 81.201405764164747, 28.554423270217796 ], [ 81.200280762647139, 28.553375769576178 ], [ 81.20010526354713, 28.553335457465437 ], [ 81.19969351254565, 28.552995332068974 ], [ 81.1987048077807, 28.551971311826605 ], [ 81.198431888720734, 28.55168864501502 ], [ 81.197177239138341, 28.550550060137198 ], [ 81.196391514057211, 28.549837020062455 ], [ 81.19444251231215, 28.548152207658291 ], [ 81.190999450664151, 28.545422582686115 ], [ 81.190938888518929, 28.545314395143293 ], [ 81.189774138765529, 28.544167645320613 ], [ 81.188491326013946, 28.543011958035493 ], [ 81.187142075846168, 28.541666895111177 ], [ 81.186215202169876, 28.540743144780379 ], [ 81.182107637757326, 28.536344645189274 ], [ 81.179632700788545, 28.533482582455292 ], [ 81.177848825363071, 28.531499520686395 ], [ 81.175560325948368, 28.529174082517955 ], [ 81.175483201888312, 28.529045582887363 ], [ 81.175399763688176, 28.529002832714582 ], [ 81.17180763851178, 28.525627707652632 ], [ 81.170706201030384, 28.524828082649947 ], [ 81.169823637850641, 28.524102707474015 ], [ 81.169159575753895, 28.523198833059723 ], [ 81.169194638521788, 28.522961832022986 ], [ 81.1693080754074, 28.522760894699559 ], [ 81.169542638382097, 28.522512457883693 ], [ 81.169691513952273, 28.522144520952907 ], [ 81.169692513099051, 28.521569144600392 ], [ 81.169371012662168, 28.520603895053739 ], [ 81.168962638614914, 28.519850832450004 ], [ 81.167673388516107, 28.51813095727789 ], [ 81.166666575901786, 28.516925144479899 ], [ 81.166601325590761, 28.516846269439839 ], [ 81.165996075558496, 28.516361957538379 ], [ 81.165571637820904, 28.515908958231876 ], [ 81.165097638445332, 28.51499351943545 ], [ 81.164493076394422, 28.51330439478204 ], [ 81.164498076624966, 28.511799456679626 ], [ 81.164384200870245, 28.511046020857236 ], [ 81.163919263962896, 28.509550771151225 ], [ 81.163920576973112, 28.508700144695979 ], [ 81.163792326454768, 28.508010020246275 ], [ 81.163567076859181, 28.507294957596287 ], [ 81.163653450446418, 28.506338269595517 ], [ 81.163616513491377, 28.505803583068939 ], [ 81.163332075914639, 28.504784144872417 ], [ 81.162673202006715, 28.50341989491227 ], [ 81.162467388559207, 28.502219894432642 ], [ 81.162321014003624, 28.501926708251062 ], [ 81.161880762587202, 28.501338333097635 ], [ 81.161061200514041, 28.50105508262601 ], [ 81.160231263861817, 28.5010132074936 ], [ 81.159712014198135, 28.500937081681002 ], [ 81.159078326703479, 28.500969458173984 ], [ 81.158337075795487, 28.501272644816765 ], [ 81.157843263455902, 28.501552957203273 ], [ 81.15700432638863, 28.501833707559626 ], [ 81.156447701800062, 28.501940395033273 ], [ 81.155764513821339, 28.501963707259335 ], [ 81.154928513939808, 28.501876707743918 ], [ 81.154478513872391, 28.501762144907104 ], [ 81.153483013830055, 28.501345894597421 ], [ 81.152976888872388, 28.501055394690752 ], [ 81.15227876315447, 28.500462833193239 ], [ 81.151450888647673, 28.500001207589719 ], [ 81.150655013817868, 28.499365832067554 ], [ 81.149013825727536, 28.498110956755283 ], [ 81.148353013780593, 28.497488956849907 ], [ 81.147587513552992, 28.496627894661685 ], [ 81.147218450671005, 28.496159019623121 ], [ 81.147275825618919, 28.496080019577278 ], [ 81.148010325316307, 28.496237145527914 ], [ 81.149543887940126, 28.496808520796662 ], [ 81.149841826139436, 28.496864644787593 ], [ 81.149570514167976, 28.496481395100375 ], [ 81.149062076153939, 28.495859208135982 ], [ 81.148866513179087, 28.495699207952157 ], [ 81.148201263977228, 28.495311896027204 ], [ 81.146182825577, 28.494571771070412 ], [ 81.145442888578486, 28.494378583205105 ], [ 81.144355825860714, 28.493908145144815 ], [ 81.144158700763512, 28.493822644799252 ], [ 81.142385513780482, 28.492565520282596 ], [ 81.141169137545717, 28.491774894795583 ], [ 81.140404639162853, 28.491353770160401 ], [ 81.139668325532853, 28.490790457313778 ], [ 81.139042826365426, 28.490190957546702 ], [ 81.136737637332146, 28.487718269782363 ], [ 81.136178763539135, 28.487062270107742 ], [ 81.135285826679592, 28.485786144714837 ], [ 81.134356701100955, 28.484629644442578 ], [ 81.131655825655912, 28.482098581684227 ], [ 81.130250263538869, 28.480992082818432 ], [ 81.129366326195054, 28.480397333270389 ], [ 81.129144888825635, 28.480248644759172 ], [ 81.128754450857286, 28.479915081715717 ], [ 81.126957200714287, 28.478788645779446 ], [ 81.126344014164999, 28.478231956439686 ], [ 81.12510063848373, 28.477350895127756 ], [ 81.125000012440694, 28.477278832452214 ], [ 81.124542201761244, 28.476949832568778 ], [ 81.12432733663735, 28.476711247825904 ], [ 81.123752450415338, 28.476072895547759 ], [ 81.122776638331231, 28.47522545808846 ], [ 81.122476700939046, 28.475022644779301 ], [ 81.121827826593005, 28.474759270224183 ], [ 81.121176200321429, 28.474638020028635 ], [ 81.11902032572749, 28.473739644968703 ], [ 81.118191764138658, 28.473480957680124 ], [ 81.11665224260696, 28.472522284875595 ], [ 81.116538200477635, 28.472451269910209 ], [ 81.116196950928611, 28.472122145920366 ], [ 81.115854263363644, 28.471639646152823 ], [ 81.115675014090698, 28.471477332912627 ], [ 81.115293575638077, 28.470873020873285 ], [ 81.114819325351618, 28.470295771232884 ], [ 81.114530388466733, 28.469944083252869 ], [ 81.114023701432757, 28.469486519887027 ], [ 81.113665326094008, 28.468967895252206 ], [ 81.113581388770115, 28.468383646188386 ], [ 81.113554450477579, 28.467659333111783 ], [ 81.113387325864437, 28.466578769794467 ], [ 81.113094012878435, 28.465683269867043 ], [ 81.112949575462608, 28.464893769431967 ], [ 81.112820513755764, 28.464187645143738 ], [ 81.112722539813433, 28.463826804763301 ], [ 81.112612889073603, 28.4634229570039 ], [ 81.112190700540452, 28.462579519729104 ], [ 81.112037950690933, 28.462392333039816 ], [ 81.111901957009763, 28.462259772070865 ], [ 81.111651762918598, 28.462015894817739 ], [ 81.110707575494246, 28.461346582478825 ], [ 81.110277762508815, 28.461116770622539 ], [ 81.109507701819041, 28.460842144649291 ], [ 81.107495138689728, 28.460507582459002 ], [ 81.105208201397431, 28.459929519831519 ], [ 81.101628794433395, 28.459425535260323 ], [ 81.100617951057643, 28.459283206754662 ], [ 81.099540841136957, 28.459294348455444 ], [ 81.09944570095837, 28.459295333213106 ], [ 81.098895262806195, 28.459354395289154 ], [ 81.097203138913812, 28.459691770558834 ], [ 81.096705638454523, 28.459741770166602 ], [ 81.096330264130415, 28.45970370815968 ], [ 81.095549139081584, 28.459465020894072 ], [ 81.094292950759154, 28.458741707863567 ], [ 81.093837512491291, 28.458335895984874 ], [ 81.093134200383076, 28.457706895756701 ], [ 81.092927763705404, 28.45740020805323 ], [ 81.092893888042568, 28.457350582563379 ], [ 81.092336575472643, 28.456843332553831 ], [ 81.091702700918972, 28.455282519572677 ], [ 81.091092513608658, 28.454549582896959 ], [ 81.090912200437742, 28.45413458174562 ], [ 81.090781575709229, 28.453326958172624 ], [ 81.090877013563386, 28.451923520254297 ], [ 81.090823263782681, 28.451668583138655 ], [ 81.091013950633396, 28.450772770247227 ], [ 81.091025952086056, 28.449879269512735 ], [ 81.090821075732094, 28.44944845827979 ], [ 81.090578952156989, 28.448052019784939 ], [ 81.089552263626103, 28.446089833079384 ], [ 81.089353888471237, 28.445406333035919 ], [ 81.089298701573853, 28.445088207754623 ], [ 81.089343700951076, 28.44468433301563 ], [ 81.089368889162984, 28.444278208172818 ], [ 81.089258512670256, 28.443924020077532 ], [ 81.088780826074299, 28.442387833231976 ], [ 81.088681138024185, 28.441916395125588 ], [ 81.088159576203509, 28.440515581428997 ], [ 81.087927137427528, 28.439202644986153 ], [ 81.087887825362884, 28.439103394905828 ], [ 81.087583721411647, 28.43834193173484 ], [ 81.087563513645307, 28.43829133317854 ], [ 81.08755282250479, 28.438275532989508 ], [ 81.087069075377599, 28.437560644807945 ], [ 81.086689075840241, 28.437213457934774 ], [ 81.085854263063823, 28.436733394430632 ], [ 81.084976888072958, 28.436384206565947 ], [ 81.084192825838272, 28.435845456902371 ], [ 81.083333138713442, 28.43535420763061 ], [ 81.081545576067526, 28.434330895154744 ], [ 81.080287263546438, 28.433675081639763 ], [ 81.079249388348671, 28.433664395895221 ], [ 81.078918388372983, 28.43356083266633 ], [ 81.078574013679827, 28.433364832620953 ], [ 81.078056326138608, 28.432710707133481 ], [ 81.078059325377637, 28.432489644781356 ], [ 81.077973700925611, 28.432304645243221 ], [ 81.075875637450793, 28.430708456530112 ], [ 81.074422076717497, 28.429364520456318 ], [ 81.073565888854716, 28.428740019536349 ], [ 81.072098013612504, 28.427402894927695 ], [ 81.071508138389959, 28.427017395136716 ], [ 81.070292701047379, 28.425725207852111 ], [ 81.070060389075763, 28.425226645293492 ], [ 81.069567013806704, 28.424554644881027 ], [ 81.067298575568884, 28.422396520183327 ], [ 81.067103700575387, 28.421985958085543 ], [ 81.066247575665159, 28.420718395137897 ], [ 81.065829138204208, 28.419834206883195 ], [ 81.065267013362018, 28.418313707811421 ], [ 81.065105951078863, 28.417384208114754 ], [ 81.064844575716677, 28.416684895291723 ], [ 81.06483588916501, 28.416666894461684 ], [ 81.064576325936741, 28.416157082283576 ], [ 81.063065512563412, 28.414129458207981 ], [ 81.062655075471412, 28.4132316452243 ], [ 81.062332263822952, 28.412173644997779 ], [ 81.061743450699737, 28.410705082673473 ], [ 81.061259013792494, 28.409816395110624 ], [ 81.060892951948233, 28.4083905829591 ], [ 81.060900950518487, 28.407876144668421 ], [ 81.061114763435626, 28.407368394635739 ], [ 81.061590950861728, 28.406788332815381 ], [ 81.062110638495255, 28.406372957546012 ], [ 81.0632738890788, 28.405589519440809 ], [ 81.063973394356708, 28.40480293820508 ], [ 81.064151681355042, 28.404602456837949 ], [ 81.064253450436468, 28.404488019906239 ], [ 81.064318612613931, 28.404446956861648 ], [ 81.065263889117261, 28.403851270220002 ], [ 81.066248138640731, 28.403108520142155 ], [ 81.067143200598309, 28.402158269488609 ], [ 81.068032076119493, 28.400995769838971 ], [ 81.068471950719982, 28.399998331757672 ], [ 81.068807451802513, 28.399495019879339 ], [ 81.068940701652139, 28.398371332271211 ], [ 81.069129763427895, 28.397258895181892 ], [ 81.069272825780331, 28.396568456868863 ], [ 81.069286325503583, 28.395688520608815 ], [ 81.069219138952178, 28.394876270023872 ], [ 81.069163913383932, 28.394679269932396 ], [ 81.069078763773973, 28.394375520314043 ], [ 81.069041513854813, 28.394402582713099 ], [ 81.068892889195524, 28.394510958214198 ], [ 81.066430356575779, 28.396264462634917 ], [ 81.065982201017846, 28.396583582566336 ], [ 81.065234888679242, 28.397123208169546 ], [ 81.062344138471246, 28.399211583248018 ], [ 81.058922075993053, 28.401683708036728 ], [ 81.055204575430878, 28.404417520252423 ], [ 81.052431389097364, 28.406469519552729 ], [ 81.051330012769938, 28.40725289470538 ], [ 81.04934758232514, 28.408713815490216 ], [ 81.047690951076561, 28.409934645167766 ], [ 81.046145833963124, 28.41040036448527 ], [ 81.044169012589919, 28.410996206709626 ], [ 81.041666762311309, 28.411784457087094 ], [ 81.040293325776418, 28.412215770141756 ], [ 81.039251470179238, 28.412518708571611 ], [ 81.038553325575549, 28.412721707141145 ], [ 81.036574388996939, 28.413295332513655 ], [ 81.036436326875048, 28.412478582620565 ], [ 81.036140657665271, 28.410680523987025 ], [ 81.036101325815594, 28.410441333101119 ], [ 81.035904075712608, 28.409137270268843 ], [ 81.035706887662798, 28.408162645289906 ], [ 81.035292888356196, 28.405640269982541 ], [ 81.03520832240622, 28.405102566230482 ], [ 81.035016827064965, 28.403884957924504 ], [ 81.034701451011188, 28.402301207734581 ], [ 81.034569072604654, 28.401471430262347 ], [ 81.034484763860803, 28.400942957151813 ], [ 81.034346637887097, 28.400040581907376 ], [ 81.034070638649098, 28.398682333123247 ], [ 81.032871076139315, 28.399882956833039 ], [ 81.032044600977599, 28.400720831800982 ], [ 81.03045138902047, 28.40233602049102 ], [ 81.028917325474254, 28.403954082514929 ], [ 81.027520513760749, 28.405312645162496 ], [ 81.025730513952112, 28.407174456735845 ], [ 81.024215775937364, 28.408708933070841 ], [ 81.023979702101656, 28.408948082587983 ], [ 81.022760137770206, 28.41027045831504 ], [ 81.021107513001368, 28.412305832748018 ], [ 81.01957313739041, 28.41428933248676 ], [ 81.018491013749326, 28.415699582769605 ], [ 81.019837387885218, 28.416667332431473 ], [ 81.020400200708764, 28.417073396120372 ], [ 81.022033826400047, 28.418255394870641 ], [ 81.023096325934773, 28.419022332214922 ], [ 81.024887638753569, 28.420274206489466 ], [ 81.026245701378059, 28.421264458088331 ], [ 81.028469763468877, 28.422899770008428 ], [ 81.029709701041952, 28.423752332704055 ], [ 81.030871325651219, 28.424586894569586 ], [ 81.033607388869939, 28.426517519567938 ], [ 81.035516637882608, 28.42785727019691 ], [ 81.035344763949752, 28.428240894901421 ], [ 81.035103825681063, 28.428777957436864 ], [ 81.035091013939223, 28.428809520043387 ], [ 81.034238575350003, 28.430971207855009 ], [ 81.033432325941135, 28.433006520234755 ], [ 81.0330782007984, 28.434067020576606 ], [ 81.032626076532267, 28.435093708208115 ], [ 81.032614576001947, 28.435123082764107 ], [ 81.032483386499166, 28.435460899600912 ], [ 81.031740952083339, 28.437372708084069 ], [ 81.031328138982474, 28.43848739617647 ], [ 81.031183513608312, 28.438392644504972 ], [ 81.029241263073914, 28.437113831937836 ], [ 81.027745138327532, 28.436139457869729 ], [ 81.026229325622921, 28.435131270192016 ], [ 81.024575951718873, 28.43401695801623 ], [ 81.02323726318923, 28.433164333267428 ], [ 81.021873732686686, 28.432240220509811 ], [ 81.020954014016581, 28.431616895903062 ], [ 81.02061938887374, 28.431982394771751 ], [ 81.020227869020971, 28.432384774837544 ], [ 81.018553200969507, 28.434105894671347 ], [ 81.017057639198754, 28.435653832958053 ], [ 81.016250888867489, 28.436506832724206 ], [ 81.015660638627651, 28.437064208246682 ], [ 81.014735826197466, 28.438158519500121 ], [ 81.014853950349561, 28.438751894884092 ], [ 81.015346200566739, 28.440229644682404 ], [ 81.015759638696409, 28.441463769937059 ], [ 81.016369951012507, 28.443257394912905 ], [ 81.016901827157653, 28.444857019935569 ], [ 81.017216950501904, 28.445795520047284 ], [ 81.017472950616252, 28.446544581567252 ], [ 81.017748512783669, 28.447327457596145 ], [ 81.018260638917411, 28.448945082549585 ], [ 81.018851575339966, 28.450614583096581 ], [ 81.019206013446819, 28.451571208144799 ], [ 81.017807013682784, 28.451767708213197 ], [ 81.017591888654806, 28.451797019816638 ], [ 81.016804263306142, 28.451885145283256 ], [ 81.016526701945793, 28.451921046219354 ], [ 81.015721888754229, 28.452025144544848 ], [ 81.014658889196426, 28.45216289460194 ], [ 81.014363764076506, 28.452214833148105 ], [ 81.011469950777666, 28.452580582028304 ], [ 81.009284950739925, 28.452876271023115 ], [ 81.007985826085076, 28.453052395151985 ], [ 81.00597788816907, 28.453330019464886 ], [ 81.004757512649121, 28.453485769452755 ], [ 81.003601816370804, 28.453632442583228 ], [ 81.003103825781011, 28.453695645137941 ], [ 81.001450450977586, 28.45393933263415 ], [ 81.000505513518704, 28.452930769939144 ], [ 81.000000012690464, 28.45246602099013 ], [ 80.999824155660292, 28.452256392618494 ], [ 80.997495889124025, 28.44948102093241 ], [ 80.996425432387866, 28.448194516463843 ], [ 80.992298654859098, 28.443234840815308 ], [ 80.990923139091649, 28.441581707929515 ], [ 80.988377361626021, 28.441791821935112 ], [ 80.98559382049848, 28.44202155914769 ], [ 80.983741263848287, 28.442174458284683 ], [ 80.982604956053933, 28.442268470713429 ], [ 80.979766264001967, 28.442503333162335 ], [ 80.979593012307703, 28.442426582320991 ], [ 80.980246716013198, 28.438504139754286 ], [ 80.980688325405936, 28.435854333210955 ], [ 80.980763701183946, 28.435655833050305 ], [ 80.980909763674731, 28.434349520114324 ], [ 80.98083607592423, 28.434284019791733 ], [ 80.978192451320638, 28.434910858949024 ], [ 80.974988138991478, 28.435670644884397 ], [ 80.969536406480017, 28.437043771153185 ], [ 80.967049263013109, 28.437670206514895 ], [ 80.966952263036546, 28.437717519847695 ], [ 80.967714249612982, 28.439070344820607 ], [ 80.969824762402936, 28.442817333253402 ], [ 80.967596961830395, 28.44400319728976 ], [ 80.966575200685043, 28.444547082981558 ], [ 80.966585701169208, 28.444662145841392 ], [ 80.968882292683702, 28.44625366257651 ], [ 80.974319097348541, 28.45002131922854 ], [ 80.979254316833305, 28.453441379815899 ], [ 80.980260575465252, 28.45413870783517 ], [ 80.981692012876124, 28.455063958235144 ], [ 80.981576263833574, 28.45519251991891 ], [ 80.978828787318719, 28.45556573227276 ], [ 80.978125013858346, 28.455661332004922 ], [ 80.971138921923739, 28.456608492587918 ], [ 80.968785826005103, 28.456927520788497 ], [ 80.967564099703509, 28.453879634737405 ], [ 80.965817325808985, 28.449521895119403 ], [ 80.965681075821067, 28.449440582916623 ], [ 80.963595074952821, 28.449093484177013 ], [ 80.958333326022228, 28.448217958192288 ], [ 80.95742520051266, 28.448066519554288 ], [ 80.956046978685151, 28.447837026957302 ], [ 80.953610200850164, 28.447431269937226 ], [ 80.953480576167692, 28.447469582855035 ], [ 80.953467021585823, 28.451543529710193 ], [ 80.953454138797497, 28.4554159582799 ], [ 80.95333157559179, 28.455526457979715 ], [ 80.950344441442894, 28.45515211248005 ], [ 80.946452137855943, 28.454664332792788 ], [ 80.945905075758674, 28.454799457728825 ], [ 80.944054212531967, 28.455380704855713 ], [ 80.936748928720135, 28.457674863704028 ], [ 80.934648387613038, 28.458334520022106 ], [ 80.934012262955605, 28.458534956423136 ], [ 80.934054951075211, 28.45862983310036 ], [ 80.936569464509262, 28.460075615597248 ], [ 80.940811136724619, 28.46251447176553 ], [ 80.944251097510175, 28.464492364231262 ], [ 80.946982575985146, 28.466062896185747 ], [ 80.946982513931914, 28.466155395055466 ], [ 80.944472762408111, 28.468345208264793 ], [ 80.944279637495356, 28.468376707918765 ], [ 80.942093796591507, 28.467218511525118 ], [ 80.936286554880667, 28.464141469453295 ], [ 80.934115451167202, 28.462991081872985 ], [ 80.933255033792818, 28.460205026240999 ], [ 80.932677075486708, 28.45833358292856 ], [ 80.932449700793143, 28.457597958179292 ], [ 80.932316888014043, 28.457552769944414 ], [ 80.929991471429332, 28.457933010500085 ], [ 80.927544012346345, 28.458333207911267 ], [ 80.922035860866345, 28.459235015683475 ], [ 80.919317825457313, 28.459680020016947 ], [ 80.919253201074412, 28.459833394895327 ], [ 80.920287431319935, 28.461785299651922 ], [ 80.921295700835969, 28.463688207544806 ], [ 80.919143992801082, 28.46540452499886 ], [ 80.918365885876995, 28.466025184015109 ], [ 80.917417763019387, 28.466781458097842 ], [ 80.916666637555352, 28.467381144923934 ], [ 80.916205762885681, 28.467748644784194 ], [ 80.916096512344211, 28.467457519848722 ], [ 80.91666682551363, 28.463180082494887 ], [ 80.91697930754907, 28.460834118200069 ], [ 80.91707701349344, 28.460100582575876 ], [ 80.917366887471928, 28.458334145004812 ], [ 80.917475575937146, 28.457670894995886 ], [ 80.917373575729982, 28.457578332274238 ], [ 80.91666657550212, 28.458072019608096 ], [ 80.916293013311986, 28.458333519976009 ], [ 80.915011571127138, 28.459229322075601 ], [ 80.9124816954739, 28.46099784787242 ], [ 80.912449262323662, 28.461020519781187 ], [ 80.912408602175333, 28.461058696002056 ], [ 80.908822169707435, 28.464425981673742 ], [ 80.907442450508768, 28.465721394826573 ], [ 80.90699958656171, 28.467638837562333 ], [ 80.904783138131393, 28.477235270191613 ], [ 80.904754700668946, 28.477634582669907 ], [ 80.90354844540451, 28.483423024952685 ], [ 80.903547013683806, 28.48342989487378 ], [ 80.903151700490639, 28.485633956941626 ], [ 80.90321607576135, 28.485787457725053 ], [ 80.905621090441002, 28.487488020855551 ], [ 80.908575450596629, 28.48957702006345 ], [ 80.908704701161071, 28.489615457987043 ], [ 80.908876263029185, 28.49019089459415 ], [ 80.909154561833645, 28.491531134454362 ], [ 80.910067487024946, 28.495927618664723 ], [ 80.910222451005382, 28.496673894984326 ], [ 80.910342388190713, 28.497513270021443 ], [ 80.909091075992421, 28.498047146258841 ], [ 80.908937139037789, 28.498080895117255 ], [ 80.908612388451047, 28.498155144944008 ], [ 80.908104572767854, 28.498319666019825 ], [ 80.906058414564257, 28.498982575185721 ], [ 80.904089913718622, 28.499620324018792 ], [ 80.902914264182016, 28.500001207589719 ], [ 80.902869450964431, 28.500001269642951 ], [ 80.902673388865878, 28.500062020645771 ], [ 80.902463263169125, 28.500075396262559 ], [ 80.901485638051838, 28.500435706942369 ], [ 80.901297950440096, 28.500769457944159 ], [ 80.899522918048262, 28.503239989134215 ], [ 80.897834012829492, 28.505590646091491 ], [ 80.895411470363115, 28.505950995442163 ], [ 80.887513763549407, 28.507125769938398 ], [ 80.885651826070955, 28.507575457941073 ], [ 80.879731168158969, 28.50913123471878 ], [ 80.877564700450648, 28.509700519963076 ], [ 80.875481108866154, 28.508919377827056 ], [ 80.875109388487544, 28.508780019782137 ], [ 80.874999950887059, 28.508737019597845 ], [ 80.865486785586768, 28.504958213151042 ], [ 80.863287888325431, 28.504084769996211 ], [ 80.863895988309253, 28.501851947609339 ], [ 80.864400387467981, 28.499999895478823 ], [ 80.865315146376986, 28.496653940826775 ], [ 80.866484802831451, 28.492375639224406 ], [ 80.86727032556513, 28.489502395219404 ], [ 80.864643327627505, 28.491433993284204 ], [ 80.861927408323311, 28.493430972961107 ], [ 80.858952343975545, 28.495618500093769 ], [ 80.857008262421459, 28.497047958096857 ], [ 80.854181034926853, 28.496603434001315 ], [ 80.852543484594207, 28.496345961696818 ], [ 80.848974890179079, 28.495784871974308 ], [ 80.84619963810286, 28.49534852001824 ], [ 80.846081450998213, 28.49540708207121 ], [ 80.845656202971441, 28.497597459155486 ], [ 80.84525638777211, 28.499656831997243 ], [ 80.844950513955098, 28.499999269550699 ], [ 80.84480988876544, 28.499999269550699 ], [ 80.84260632582135, 28.501700144745939 ], [ 80.842543269856094, 28.501748760297119 ], [ 80.841159950671226, 28.502815269908808 ], [ 80.838074512528806, 28.505291207823007 ], [ 80.833333325372735, 28.510050519915637 ], [ 80.83331223087481, 28.510071701647746 ], [ 80.831708450984308, 28.511682082562118 ], [ 80.829900211125903, 28.51278172859395 ], [ 80.829031700752466, 28.513309895934981 ], [ 80.821788388323512, 28.517718207129633 ], [ 80.818975240614918, 28.519478318869346 ], [ 80.817182451109261, 28.520600019875076 ], [ 80.815158957619872, 28.520662387858977 ], [ 80.810103514065986, 28.520818207094635 ], [ 80.808630134972816, 28.520859994093485 ], [ 80.803586657798064, 28.52100303306355 ], [ 80.801469325449091, 28.521063082595219 ], [ 80.799713810144283, 28.521592171741361 ], [ 80.79248400013654, 28.523771140925476 ], [ 80.791666512799395, 28.524017520991833 ], [ 80.790708262676219, 28.52430708290558 ], [ 80.789800452828672, 28.525308888094742 ], [ 80.787485692310895, 28.527863317937829 ], [ 80.786253451135906, 28.529223145931496 ], [ 80.78696429686488, 28.531312082186901 ], [ 80.786993201075404, 28.531397020456154 ], [ 80.789015171113306, 28.536978713097199 ], [ 80.790071263877792, 28.539894083145498 ], [ 80.790620852170662, 28.5414112709135 ], [ 80.790713200853588, 28.541666208029142 ], [ 80.790971138107579, 28.542377270494683 ], [ 80.791242388025864, 28.543314020525656 ], [ 80.790974139145249, 28.543494082785742 ], [ 80.78958465780579, 28.544180779919088 ], [ 80.785568272058185, 28.546165723969011 ], [ 80.784425575479986, 28.546730457744502 ], [ 80.782277532182434, 28.547205737754666 ], [ 80.77989870306277, 28.547732082169887 ], [ 80.773563156414582, 28.549133895912632 ], [ 80.771236451101402, 28.549648706522646 ], [ 80.771182825427104, 28.549772707744296 ], [ 80.770991446098435, 28.55185823646849 ], [ 80.770434460881745, 28.557927871574066 ], [ 80.770258950989842, 28.559840457970836 ], [ 80.769936178911564, 28.563355436604184 ], [ 80.769739637474345, 28.565495770013854 ], [ 80.769675013091444, 28.565563395434424 ], [ 80.76746686090695, 28.566189893748628 ], [ 80.751450887648389, 28.570733957606137 ], [ 80.750783179700022, 28.571004763259282 ], [ 80.750000013190117, 28.571322395712059 ], [ 80.749985013397691, 28.571329146023345 ], [ 80.748687243121822, 28.571701808891419 ], [ 80.74849388888191, 28.571757332135235 ], [ 80.746515513480233, 28.572356019814492 ], [ 80.74617126289354, 28.572434394831532 ], [ 80.742813154803287, 28.573445645600088 ], [ 80.740579951103939, 28.574118146035687 ], [ 80.740105763770032, 28.574160083221329 ], [ 80.740140013550842, 28.572840331716009 ], [ 80.740196513458386, 28.571692019770921 ], [ 80.740242916677346, 28.570584845514247 ], [ 80.740251825361497, 28.57037227096356 ], [ 80.740291762454945, 28.569970770434736 ], [ 80.740306826099186, 28.569054769562001 ], [ 80.740385201116169, 28.567965207628276 ], [ 80.74038063795615, 28.567333457273264 ], [ 80.740499826006214, 28.565898769712476 ], [ 80.740456263745614, 28.565824269874213 ], [ 80.740305201024285, 28.565805894926143 ], [ 80.73991926236414, 28.566073645582321 ], [ 80.73899657593131, 28.566631395222771 ], [ 80.737915299451572, 28.567328205232513 ], [ 80.736787075663074, 28.568055270234595 ], [ 80.736615388789232, 28.568131645159326 ], [ 80.736207950936262, 28.568419644950723 ], [ 80.734705075878594, 28.569344020310325 ], [ 80.733576727983689, 28.570085251433284 ], [ 80.73335245055523, 28.570232582867447 ], [ 80.733008512932599, 28.570425894839218 ], [ 80.732364575864551, 28.570869081642854 ], [ 80.731848825462976, 28.571159144478997 ], [ 80.731526887955567, 28.571388645169918 ], [ 80.730689200046584, 28.571892332964865 ], [ 80.729636888032019, 28.572605456676513 ], [ 80.729465137306306, 28.572681832500621 ], [ 80.729014201044606, 28.573010333260299 ], [ 80.72884207620092, 28.573086708185087 ], [ 80.7282622005402, 28.573453270052426 ], [ 80.727991975849079, 28.57362309802761 ], [ 80.727618075513817, 28.573858082784341 ], [ 80.726500951158016, 28.574553021304951 ], [ 80.726394075726091, 28.574708457429438 ], [ 80.726221825876621, 28.574746458282448 ], [ 80.726049326015641, 28.574728082435115 ], [ 80.725638138889053, 28.574501644835095 ], [ 80.724489576033193, 28.573626207883251 ], [ 80.724181168825965, 28.5734050277199 ], [ 80.723189763396931, 28.572694020112976 ], [ 80.722993075370198, 28.572535645004052 ], [ 80.722561388197562, 28.572200894855484 ], [ 80.722388200355226, 28.57210576996539 ], [ 80.721348138905569, 28.571307207961354 ], [ 80.720954472371034, 28.571022688546293 ], [ 80.720005076073448, 28.570336521113632 ], [ 80.719831826177881, 28.570241394424841 ], [ 80.718434699701675, 28.569226946566403 ], [ 80.71755707559862, 28.568589707648925 ], [ 80.717362013546165, 28.568417831917486 ], [ 80.716452512973149, 28.567809019670563 ], [ 80.716323387414434, 28.567829082646085 ], [ 80.714734700845838, 28.569483817224409 ], [ 80.714181075496299, 28.570060458023761 ], [ 80.713387950793333, 28.57083033165452 ], [ 80.712209575411634, 28.57205970758946 ], [ 80.712123825953881, 28.572118207589256 ], [ 80.712081138733595, 28.572194832525554 ], [ 80.71193095105258, 28.572309583320646 ], [ 80.711631012761075, 28.572656332224028 ], [ 80.711480825979379, 28.572771145971672 ], [ 80.711438138759149, 28.57284777000865 ], [ 80.710529238033985, 28.573736814602341 ], [ 80.710002014081738, 28.574252520937137 ], [ 80.709766451060943, 28.574522769909947 ], [ 80.709551950162449, 28.574696019805515 ], [ 80.709509200888988, 28.574772645641133 ], [ 80.708780450557413, 28.575484020171473 ], [ 80.708352262646883, 28.575963707758945 ], [ 80.708333387675737, 28.575981769742953 ], [ 80.708073950352571, 28.576215769742021 ], [ 80.707645825394593, 28.576675083188604 ], [ 80.707495638612897, 28.576792083188138 ], [ 80.707197054700373, 28.577135733927037 ], [ 80.707196262397645, 28.577136644940254 ], [ 80.707194384613217, 28.577138334766403 ], [ 80.706853575731998, 28.577445019771915 ], [ 80.70681214576399, 28.577490927464396 ], [ 80.706489826044674, 28.577848082423088 ], [ 80.705611951030789, 28.578714769870771 ], [ 80.705183076038168, 28.578984582672376 ], [ 80.70492526378996, 28.5791013326604 ], [ 80.70468926279932, 28.579274582555968 ], [ 80.70438404099076, 28.579428193956062 ], [ 80.704345639040071, 28.579447521286113 ], [ 80.701901012821565, 28.580971895536607 ], [ 80.701729200941941, 28.581048207508843 ], [ 80.701236200690175, 28.581376458257012 ], [ 80.699713137651258, 28.582264332832722 ], [ 80.699623329553049, 28.58232756326646 ], [ 80.699412826141099, 28.582475769741052 ], [ 80.697960137750215, 28.583334394766553 ], [ 80.697289262389631, 28.583729957971229 ], [ 80.696602451042338, 28.584134520691634 ], [ 80.695615825510004, 28.584770831508706 ], [ 80.694264138179506, 28.585598082785339 ], [ 80.694073531368417, 28.585693991884284 ], [ 80.693920450568385, 28.585771019716844 ], [ 80.693513200673749, 28.586061145505539 ], [ 80.691968325477887, 28.587023269908059 ], [ 80.692056262986227, 28.587330269676272 ], [ 80.692318888406021, 28.588016769858086 ], [ 80.692649697725415, 28.589106374959272 ], [ 80.692736325820817, 28.589391708260791 ], [ 80.69288920067612, 28.589773332873051 ], [ 80.693393887617901, 28.591376333051358 ], [ 80.693635075898101, 28.592065019485119 ], [ 80.694161200878796, 28.593668082615977 ], [ 80.694270450520946, 28.59389620824345 ], [ 80.694490325767958, 28.59466151961351 ], [ 80.694580887498034, 28.594922818533291 ], [ 80.695125762444036, 28.596494957576283 ], [ 80.695324137598902, 28.597181269799819 ], [ 80.695587388946876, 28.597867769981633 ], [ 80.695917637988657, 28.598935644764254 ], [ 80.69648857618688, 28.600536520743901 ], [ 80.696664825321477, 28.601146082126036 ], [ 80.696668321885625, 28.60115461489363 ], [ 80.696884075539685, 28.601681269574954 ], [ 80.697367575353383, 28.603130832821705 ], [ 80.697412137660081, 28.603320457573091 ], [ 80.69730482605695, 28.603396894551111 ], [ 80.696787949704174, 28.603438582624563 ], [ 80.695150325627083, 28.603486833050965 ], [ 80.694717450450014, 28.603517631233728 ], [ 80.694288575457449, 28.603548145230775 ], [ 80.6929097627754, 28.603594582623941 ], [ 80.692565138970053, 28.603634394711605 ], [ 80.691789200311405, 28.603639394942149 ], [ 80.688689108615506, 28.603796723240237 ], [ 80.688428325906557, 28.603809957663486 ], [ 80.688148325584791, 28.603829645621715 ], [ 80.686425637333343, 28.603877583084056 ], [ 80.686081075581228, 28.60389708308395 ], [ 80.684013825577665, 28.603982519577642 ], [ 80.681638787100383, 28.604132371811545 ], [ 80.679083700752244, 28.60429358248291 ], [ 80.679106262943719, 28.604444771109343 ], [ 80.679107450948152, 28.604674895030428 ], [ 80.679377076690798, 28.606513277465808 ], [ 80.679443762319806, 28.606967957605207 ], [ 80.679513013714654, 28.607732956910468 ], [ 80.679601763310814, 28.608191208257722 ], [ 80.67960295041587, 28.608421270125575 ], [ 80.679827138811447, 28.60994920748999 ], [ 80.679896012491042, 28.610637520705041 ], [ 80.680142263954394, 28.612165520122687 ], [ 80.680293514634059, 28.613343429655629 ], [ 80.680505075648796, 28.614991020019602 ], [ 80.68079782565917, 28.616900457889869 ], [ 80.680842450918419, 28.617148707646777 ], [ 80.680844013040826, 28.61737658326274 ], [ 80.680977966160242, 28.618284625135402 ], [ 80.681181950386758, 28.619667394834437 ], [ 80.681251637952812, 28.620412082951304 ], [ 80.681165949648914, 28.62052695785286 ], [ 80.681015762867219, 28.620623582812129 ], [ 80.680823075924252, 28.620817145694787 ], [ 80.680736950549885, 28.620855332707492 ], [ 80.68013713781869, 28.621372833189753 ], [ 80.679686325663454, 28.621701145091833 ], [ 80.679467231927276, 28.621867369483539 ], [ 80.679407637452584, 28.621912582899427 ], [ 80.679000263451428, 28.622277081722018 ], [ 80.678613950673366, 28.622546894523623 ], [ 80.678206825784457, 28.622913708201111 ], [ 80.678034950952281, 28.623008083056618 ], [ 80.677542075706299, 28.623431019825773 ], [ 80.677455950331876, 28.623471457841561 ], [ 80.6761052009943, 28.624605332969793 ], [ 80.676019449737851, 28.624643457929267 ], [ 80.675762325470998, 28.624893270707901 ], [ 80.67565232579426, 28.625001333244995 ], [ 80.675612583853706, 28.625040272090928 ], [ 80.67476107606285, 28.625874583045629 ], [ 80.674306012812281, 28.626252519538184 ], [ 80.674100167888469, 28.6264357159356 ], [ 80.673431262942472, 28.627031019466017 ], [ 80.672953200429902, 28.627420208276021 ], [ 80.672730388896412, 28.627931769635495 ], [ 80.672450200616311, 28.628292083013264 ], [ 80.67228507609542, 28.628968519781438 ], [ 80.672143637918623, 28.629532207645298 ], [ 80.672014076188702, 28.630086895094166 ], [ 80.672012961029395, 28.630091790104075 ], [ 80.671790137804692, 28.631070082518363 ], [ 80.67170732553268, 28.631480457557132 ], [ 80.67160088896992, 28.631983331465619 ], [ 80.67142863732181, 28.632693582742718 ], [ 80.671347013054287, 28.63302958294895 ], [ 80.671334700436148, 28.633081457643186 ], [ 80.671223700713256, 28.633624894573302 ], [ 80.671218812897962, 28.63364465447728 ], [ 80.671058576192422, 28.634292394778242 ], [ 80.670975888926193, 28.634774894545785 ], [ 80.67063438846634, 28.636035271010996 ], [ 80.670504512873038, 28.636682458228904 ], [ 80.670186012574504, 28.638035457670298 ], [ 80.670087700487045, 28.638508894969561 ], [ 80.670008825446985, 28.638887771253678 ], [ 80.669887163361977, 28.639383194279048 ], [ 80.669867638181017, 28.639462707837765 ], [ 80.669631826047976, 28.640436832793625 ], [ 80.669514013960622, 28.640908082941735 ], [ 80.669301701112659, 28.641841582822849 ], [ 80.668779012441519, 28.641522207483945 ], [ 80.667779763125623, 28.641077519711814 ], [ 80.667385012908085, 28.640862207624821 ], [ 80.666959926759262, 28.640659540905119 ], [ 80.666666763960052, 28.640519770970684 ], [ 80.666629764052402, 28.640501708087413 ], [ 80.66522432514256, 28.639819145137494 ], [ 80.664097262378789, 28.639283832682793 ], [ 80.662633826190188, 28.638551458083384 ], [ 80.661739115867533, 28.638145070638529 ], [ 80.661565075467934, 28.638066020230724 ], [ 80.660868012748665, 28.637714583161539 ], [ 80.660136138172277, 28.63735401977226 ], [ 80.659659950746175, 28.637115894582905 ], [ 80.658626137786086, 28.636621458113837 ], [ 80.657604075367829, 28.636147395785713 ], [ 80.656953325935319, 28.63581633285753 ], [ 80.656337887483573, 28.635537270528687 ], [ 80.655282257869942, 28.635023124517659 ], [ 80.655280889101789, 28.635022458119977 ], [ 80.654792826128073, 28.634795581650849 ], [ 80.653678013029946, 28.634237707903935 ], [ 80.652922950333959, 28.633865769889439 ], [ 80.652222700417326, 28.634491207902954 ], [ 80.651744137881735, 28.634972769677631 ], [ 80.651014272390796, 28.635639701511082 ], [ 80.65067063783971, 28.635953707897329 ], [ 80.650367887368191, 28.636246207896249 ], [ 80.649118388203135, 28.637470332689759 ], [ 80.649025012494405, 28.637562582447288 ], [ 80.648496775006208, 28.638077513566429 ], [ 80.648196325899789, 28.638370394877882 ], [ 80.647320825995394, 28.639189394874734 ], [ 80.646725512572402, 28.639783395287509 ], [ 80.645978576150412, 28.640489894593031 ], [ 80.645406700858587, 28.641041144833025 ], [ 80.645009512579009, 28.641462021255336 ], [ 80.644884175864092, 28.641583226484784 ], [ 80.644332450782031, 28.642116769973029 ], [ 80.644076200656173, 28.642350707918865 ], [ 80.64371420104959, 28.642679144826729 ], [ 80.643200200728756, 28.643221519657459 ], [ 80.642562200984855, 28.642707708194223 ], [ 80.64212120043311, 28.642377145289061 ], [ 80.641900326039263, 28.642254770041632 ], [ 80.641494201196508, 28.641935582661063 ], [ 80.641134388741079, 28.641708958002084 ], [ 80.641113010057438, 28.641693566105232 ], [ 80.640159387845529, 28.641007020057998 ], [ 80.639602389138986, 28.640594894938488 ], [ 80.639138325473425, 28.640275582552135 ], [ 80.63872032598232, 28.639956333118334 ], [ 80.638542335760235, 28.639864840589951 ], [ 80.638499763653215, 28.639842958285954 ], [ 80.63791945092197, 28.639401457711131 ], [ 80.637016764512111, 28.638769183051409 ], [ 80.636875012471933, 28.638669895199541 ], [ 80.636155575519467, 28.638153582721714 ], [ 80.635470638359322, 28.637659896287232 ], [ 80.63496020115241, 28.637268270314451 ], [ 80.634424824845837, 28.637327708307168 ], [ 80.633400451169962, 28.637437707983906 ], [ 80.632796634657041, 28.637486662579477 ], [ 80.632539388981684, 28.637507519656367 ], [ 80.631573638512691, 28.637597458156222 ], [ 80.630351450858825, 28.637706957809883 ], [ 80.630060513881688, 28.637706144822801 ], [ 80.628885263644065, 28.637826957947823 ], [ 80.628256637533866, 28.637865894995116 ], [ 80.62734907589919, 28.637955957601434 ], [ 80.626662512764824, 28.63801495762425 ], [ 80.626356513942028, 28.638032145467207 ], [ 80.62615032547717, 28.638045146066702 ], [ 80.625742887624199, 28.638084646089624 ], [ 80.625000012540625, 28.638152519723064 ], [ 80.624986575769924, 28.638154707773595 ], [ 80.622057262632609, 28.638442145488682 ], [ 80.61767045063084, 28.638844958128345 ], [ 80.61580507594357, 28.639026957528131 ], [ 80.615471212526472, 28.639056160313601 ], [ 80.613257012401277, 28.639249832014173 ], [ 80.61296569950747, 28.639968707789706 ], [ 80.612461159155202, 28.641231614947117 ], [ 80.612356201077887, 28.641494332997127 ], [ 80.611640762511229, 28.643229520026352 ], [ 80.610925200737483, 28.644989520250192 ], [ 80.610527450381596, 28.646030707651107 ], [ 80.610522430365904, 28.646042759465843 ], [ 80.608937450802784, 28.649847958316684 ], [ 80.608823179346302, 28.650129106173381 ], [ 80.607933637427493, 28.652317707995905 ], [ 80.606067950675424, 28.65166939482674 ], [ 80.605729650003411, 28.651577155861105 ], [ 80.603575325840666, 28.650989769961939 ], [ 80.603234262451281, 28.65089620809357 ], [ 80.602919701183339, 28.65080283328416 ], [ 80.601791262456857, 28.650499519837012 ], [ 80.59955069151124, 28.649891806561698 ], [ 80.594449775536759, 28.648508279633461 ], [ 80.594104326153797, 28.648414582866735 ], [ 80.592005575596886, 28.647805895625652 ], [ 80.591402075645306, 28.647689019732525 ], [ 80.595090575769518, 28.651521958171884 ], [ 80.59600620072564, 28.652451957891572 ], [ 80.596476700839105, 28.652985771176475 ], [ 80.59730080988453, 28.65384672814406 ], [ 80.598846012433569, 28.655461020209941 ], [ 80.59927595042484, 28.655911271188245 ], [ 80.597803700880149, 28.656301708257274 ], [ 80.596720212967512, 28.656641772499825 ], [ 80.594805764074806, 28.65724264463239 ], [ 80.592070950913694, 28.658091708065911 ], [ 80.591172665785962, 28.658364364523834 ], [ 80.589730575905435, 28.658802082550096 ], [ 80.587337514115063, 28.659559646260732 ], [ 80.585838763348306, 28.659995019754433 ], [ 80.584365548831045, 28.660454842217234 ], [ 80.583333325872331, 28.660777020742955 ], [ 80.581867700733881, 28.661234958226771 ], [ 80.582754826174323, 28.662742519651601 ], [ 80.583069945921352, 28.663302661488672 ], [ 80.583333325872331, 28.663770833257388 ], [ 80.584032825754377, 28.665016145178981 ], [ 80.584397700493525, 28.665736958094215 ], [ 80.584919512325712, 28.666641020466784 ], [ 80.584933200007242, 28.666665832762021 ], [ 80.586145388998546, 28.668869269801007 ], [ 80.586397406914841, 28.669324766524824 ], [ 80.587814638634711, 28.671886270435095 ], [ 80.588831950833935, 28.67374164466122 ], [ 80.59031876310047, 28.676433269679706 ], [ 80.590945625640188, 28.677568876002852 ], [ 80.59177951301416, 28.679079521202993 ], [ 80.592092513059072, 28.679682833196239 ], [ 80.59123082584199, 28.679962207589881 ], [ 80.590540450481456, 28.68018802016104 ], [ 80.58998586645464, 28.68040263977008 ], [ 80.587277951116619, 28.681450582878142 ], [ 80.584173325938309, 28.682645833138736 ], [ 80.583333512931347, 28.682959083195158 ], [ 80.581279137622175, 28.683726582615748 ], [ 80.580332013012026, 28.684093646304802 ], [ 80.575543449570603, 28.685885958270433 ], [ 80.57328038747994, 28.686758708047989 ], [ 80.572056789689157, 28.687217328117242 ], [ 80.571991075327901, 28.687241957850119 ], [ 80.570701826128413, 28.687725082646523 ], [ 80.570359700639756, 28.687861582645951 ], [ 80.569570889085298, 28.688044145021308 ], [ 80.568913387542864, 28.688182020983561 ], [ 80.568124763946741, 28.688319333070808 ], [ 80.56810151737119, 28.688323828781733 ], [ 80.562708200323243, 28.689366832813107 ], [ 80.558027764170049, 28.690278832602075 ], [ 80.556029386946705, 28.69066488547611 ], [ 80.555889825655015, 28.690691520697158 ], [ 80.555538068427154, 28.690758711745218 ], [ 80.552453262508095, 28.69134795744236 ], [ 80.551769637458847, 28.691530706876677 ], [ 80.549773888054574, 28.691293957650089 ], [ 80.548859135440807, 28.691218294089026 ], [ 80.545965638703308, 28.690978957512925 ], [ 80.544284700578544, 28.690788269762891 ], [ 80.543575762311661, 28.69076333246187 ], [ 80.543386750897866, 28.690746973793864 ], [ 80.542735201068751, 28.690690582704292 ], [ 80.541666700358007, 28.690605708286853 ], [ 80.541526951107983, 28.690593957745023 ], [ 80.539703648504656, 28.689567567789084 ], [ 80.53895857547792, 28.689148144671208 ], [ 80.538901512594805, 28.689116332952437 ], [ 80.536207012443754, 28.687563958310079 ], [ 80.533874638703651, 28.686236146181272 ], [ 80.532764302430678, 28.685625781704516 ], [ 80.532433200831633, 28.685443770613574 ], [ 80.532231974825834, 28.685316985090822 ], [ 80.531533200696686, 28.684876707594015 ], [ 80.531359013707572, 28.684767770016606 ], [ 80.530767755327702, 28.684467609592559 ], [ 80.530625138139669, 28.684395207872569 ], [ 80.527395597129157, 28.682511463633205 ], [ 80.524231825338518, 28.680666082673611 ], [ 80.523842176974938, 28.680445104857768 ], [ 80.523655449839168, 28.68033920788821 ], [ 80.522979725334096, 28.679942040292985 ], [ 80.520485076125397, 28.678475769441263 ], [ 80.519908637673552, 28.678148832602574 ], [ 80.519819013936399, 28.678096645843596 ], [ 80.519654465880933, 28.678000581161939 ], [ 80.51831038771428, 28.677215894797769 ], [ 80.518147658987345, 28.677118864244221 ], [ 80.513856700326528, 28.674560270540098 ], [ 80.512962512510001, 28.674024708073887 ], [ 80.512023012352188, 28.673464083300871 ], [ 80.509531619588643, 28.67196777599213 ], [ 80.507831825378503, 28.670946895283066 ], [ 80.50716230259826, 28.669503517573332 ], [ 80.506895700376333, 28.66892877074622 ], [ 80.506063762732538, 28.667071207570245 ], [ 80.505885012583349, 28.666666706903072 ], [ 80.505821330689912, 28.666522461942122 ], [ 80.505388201004735, 28.665541396018682 ], [ 80.505206138652454, 28.665168457958032 ], [ 80.50547513846692, 28.663779644814781 ], [ 80.505543517519357, 28.663428973968053 ], [ 80.506201824854372, 28.660052957677919 ], [ 80.506444451150571, 28.658709207763764 ], [ 80.506525012419445, 28.658362082943825 ], [ 80.506526325429604, 28.658084582737331 ], [ 80.506848637954363, 28.656511020966889 ], [ 80.507144826072931, 28.65498245767435 ], [ 80.507205299185273, 28.65459820074642 ], [ 80.507334325818533, 28.653778332903812 ], [ 80.507415205447444, 28.65354035790125 ], [ 80.507467575668159, 28.653386269860505 ], [ 80.507546780759355, 28.65287727786415 ], [ 80.507575639104516, 28.652691833161612 ], [ 80.50765053644318, 28.652354394939437 ], [ 80.507817325609153, 28.651602958309923 ], [ 80.507844263901688, 28.651440645069783 ], [ 80.507927278521151, 28.650959733504976 ], [ 80.507952075527896, 28.650816082995902 ], [ 80.508377430574001, 28.648691162167438 ], [ 80.508725574325865, 28.646951957866634 ], [ 80.508739325859267, 28.646881958235838 ], [ 80.508785825305665, 28.646649832423861 ], [ 80.509054638061173, 28.645283583270782 ], [ 80.509162512639875, 28.64470420763314 ], [ 80.509255283104892, 28.644200956908662 ], [ 80.509593513629795, 28.642366145681137 ], [ 80.509801507933275, 28.641380320545409 ], [ 80.510023012751901, 28.640330458284097 ], [ 80.510184540883927, 28.639402387610176 ], [ 80.510373825691545, 28.638314832963204 ], [ 80.51042794869096, 28.638145458246356 ], [ 80.51050707554117, 28.637897831719613 ], [ 80.510965075977538, 28.635374896134579 ], [ 80.511314387948687, 28.633686332658158 ], [ 80.511476201165806, 28.632759646040881 ], [ 80.5118259511068, 28.630953769600865 ], [ 80.512094638856581, 28.629680021116144 ], [ 80.512977701160025, 28.626177207612102 ], [ 80.51300326259053, 28.625001896220567 ], [ 80.513004888564808, 28.624922895275461 ], [ 80.513005833752288, 28.624502641183994 ], [ 80.513007638691647, 28.623700082592791 ], [ 80.513051200952248, 28.623549082823956 ], [ 80.513245825934177, 28.623281333067098 ], [ 80.513679701157344, 28.622211208180772 ], [ 80.513820466641278, 28.621936664945167 ], [ 80.51387482616235, 28.621830645667842 ], [ 80.514203228895951, 28.621013563924862 ], [ 80.51424338902126, 28.620913644748953 ], [ 80.514321906131102, 28.620740064802192 ], [ 80.51517563794539, 28.61885270798615 ], [ 80.515324566575543, 28.618495492772809 ], [ 80.515717575705594, 28.617552833296656 ], [ 80.515791330905245, 28.617394003130812 ], [ 80.516497825714168, 28.615872583153248 ], [ 80.516651325598275, 28.61480370742521 ], [ 80.516667794882892, 28.614702704566241 ], [ 80.516695075817154, 28.61453539469278 ], [ 80.516738763083481, 28.614346019952904 ], [ 80.517022887696157, 28.612740707617604 ], [ 80.517131326149865, 28.612359833039932 ], [ 80.517328012377902, 28.611288833113235 ], [ 80.517677826170825, 28.60915133256799 ], [ 80.517764888638737, 28.608844769870302 ], [ 80.517852388177232, 28.608233644567122 ], [ 80.517917700541489, 28.608003769758227 ], [ 80.518158887922425, 28.606400519568354 ], [ 80.518289825615, 28.605789583122828 ], [ 80.518421513342219, 28.605025207947051 ], [ 80.518553514033499, 28.604107457892894 ], [ 80.519013700721757, 28.601510019771638 ], [ 80.519096550765255, 28.60122028159077 ], [ 80.519100701136495, 28.601205771029584 ], [ 80.519117218984547, 28.601101228439006 ], [ 80.519342263534668, 28.599676957725478 ], [ 80.519451389070412, 28.599142645316874 ], [ 80.519462811359688, 28.599110474768622 ], [ 80.519560200742717, 28.598836207624913 ], [ 80.519778825932121, 28.597767582807762 ], [ 80.520064575619699, 28.595780957924944 ], [ 80.520327826068353, 28.594175519684541 ], [ 80.520392763415373, 28.594022332764496 ], [ 80.520502576033095, 28.593334520471785 ], [ 80.520612450704107, 28.592572394500451 ], [ 80.520678451049719, 28.592189082760001 ], [ 80.520679139031074, 28.591961208043358 ], [ 80.520744325490284, 28.591674957433383 ], [ 80.520888540773569, 28.590673053318824 ], [ 80.520942325627857, 28.590299395800514 ], [ 80.520964493017004, 28.59020597962234 ], [ 80.521051451163601, 28.589839520277678 ], [ 80.521139575730899, 28.589151707984968 ], [ 80.52133676378071, 28.588083020215265 ], [ 80.521337137898627, 28.58792958328371 ], [ 80.521993700548876, 28.584340145281544 ], [ 80.522059638841313, 28.583880144752925 ], [ 80.522017200733274, 28.583728832919348 ], [ 80.522079075888712, 28.583334207707594 ], [ 80.522149137572683, 28.582887770754041 ], [ 80.522281325322979, 28.582123394678945 ], [ 80.522412575979672, 28.581586896018507 ], [ 80.522932024393469, 28.578629882862856 ], [ 80.522963137338991, 28.578452769479782 ], [ 80.52305045071779, 28.578146269734589 ], [ 80.523051137799825, 28.577992832803034 ], [ 80.523160575400311, 28.577535271235831 ], [ 80.523205137707009, 28.577151832690959 ], [ 80.523292388133257, 28.576845394999054 ], [ 80.523400763634413, 28.576694583188498 ], [ 80.524534251154819, 28.575667383842756 ], [ 80.525151700490653, 28.575107832860226 ], [ 80.525195143141389, 28.575063449518609 ], [ 80.525411387825329, 28.574842521165465 ], [ 80.525627075828936, 28.57468989452309 ], [ 80.525800138665545, 28.574498707649298 ], [ 80.526708262376474, 28.573676145437787 ], [ 80.527291514092155, 28.57319989595851 ], [ 80.527851075866522, 28.573391332843812 ], [ 80.528453012796376, 28.573659644676923 ], [ 80.529219836826087, 28.573954709542249 ], [ 80.529399637383392, 28.574023895286587 ], [ 80.529830137450915, 28.574140458215652 ], [ 80.530260262501145, 28.574331458030429 ], [ 80.530927325635616, 28.574543582920057 ], [ 80.531271325311479, 28.574716269840053 ], [ 80.531572387755546, 28.574830082642279 ], [ 80.531659013152989, 28.574753707717491 ], [ 80.53170257541359, 28.574582394961624 ], [ 80.531898888423029, 28.573895019739439 ], [ 80.532094888468407, 28.573358645185351 ], [ 80.532400889089843, 28.572211333286475 ], [ 80.532294950751407, 28.571676207890732 ], [ 80.532230762539712, 28.571599332043604 ], [ 80.532081325792603, 28.571217519473009 ], [ 80.531931701087217, 28.570892145656046 ], [ 80.531853113830209, 28.57070437081012 ], [ 80.530202200471251, 28.566759707794347 ], [ 80.530073825846443, 28.566529082051545 ], [ 80.529583138650992, 28.565304583140062 ], [ 80.529412013853403, 28.564922707616915 ], [ 80.529347825641707, 28.564845769716555 ], [ 80.528984763935739, 28.563946581669484 ], [ 80.528557638124539, 28.563029082526214 ], [ 80.528045262878663, 28.561804457709627 ], [ 80.527757553568279, 28.561042865935576 ], [ 80.527639888969759, 28.560731394738127 ], [ 80.527623478141038, 28.560708158954412 ], [ 80.52753288853205, 28.560579894946272 ], [ 80.527063637576873, 28.559355395135412 ], [ 80.526871200645473, 28.558971207455329 ], [ 80.526829075501496, 28.558743207732903 ], [ 80.526743513102701, 28.558589456937966 ], [ 80.526487888005704, 28.557823770550613 ], [ 80.526274013035334, 28.557365020079658 ], [ 80.525804512967966, 28.556066082483767 ], [ 80.525590637997595, 28.55560508280837 ], [ 80.525349312121136, 28.554947396904879 ], [ 80.525142200951848, 28.554382958107055 ], [ 80.524693450942038, 28.553311958180359 ], [ 80.524629637747637, 28.553081582449124 ], [ 80.524629950711699, 28.552930456775186 ], [ 80.524458263837857, 28.55275614478029 ], [ 80.52404876383946, 28.552756956868109 ], [ 80.523612108811847, 28.553050868802586 ], [ 80.523141762482396, 28.553367458041805 ], [ 80.52255838755957, 28.55388426964339 ], [ 80.522299449360162, 28.55399845746291 ], [ 80.522040762970903, 28.554053958223619 ], [ 80.521846325947251, 28.554168333102155 ], [ 80.521587700711848, 28.554226083067306 ], [ 80.521458639005061, 28.554148895155436 ], [ 80.521372699790334, 28.554015520300084 ], [ 80.521030764058594, 28.553213333128895 ], [ 80.520881763482635, 28.5526781447806 ], [ 80.52066669601129, 28.552323531306001 ], [ 80.520603387336507, 28.552219145197455 ], [ 80.520410075364737, 28.552026708265998 ], [ 80.520087325769509, 28.551836020515964 ], [ 80.519764639126834, 28.551719832604249 ], [ 80.519570825333403, 28.551701082638886 ], [ 80.519312138044768, 28.551758832604094 ], [ 80.519139326119046, 28.551911644506845 ], [ 80.519052700721602, 28.551988019431576 ], [ 80.518661700677001, 28.552904894445362 ], [ 80.518553326075221, 28.553076020142271 ], [ 80.518379637310488, 28.553476956796146 ], [ 80.518262706558744, 28.554126754745994 ], [ 80.518203951151463, 28.554453269802593 ], [ 80.517986201002429, 28.555140582072283 ], [ 80.517899388546027, 28.555255332867375 ], [ 80.517855825386107, 28.555446957710956 ], [ 80.517682763448818, 28.555617831597715 ], [ 80.517487888455321, 28.555903645137164 ], [ 80.517118075538804, 28.556935645064016 ], [ 80.516988263797373, 28.557108894959583 ], [ 80.516923012587029, 28.557280207715451 ], [ 80.516793137893046, 28.557451144554705 ], [ 80.516339013534719, 28.557909770019933 ], [ 80.515705469032241, 28.558748215158062 ], [ 80.515689512361178, 28.558769332139036 ], [ 80.51510607538512, 28.559286144639941 ], [ 80.514846075985702, 28.559628145122872 ], [ 80.514715950380889, 28.559857832872751 ], [ 80.514023387869088, 28.560775832938418 ], [ 80.513569388516544, 28.561196144586461 ], [ 80.513309701181811, 28.5614817081144 ], [ 80.512466763030773, 28.562225458238345 ], [ 80.512055762963143, 28.562684269863212 ], [ 80.511622262757271, 28.563373083101339 ], [ 80.511535262342534, 28.563600644853921 ], [ 80.511210262643544, 28.564116083190754 ], [ 80.511058200775381, 28.564460770847973 ], [ 80.510711513925287, 28.565034833290952 ], [ 80.510646137709159, 28.565206021041092 ], [ 80.510278012820095, 28.565721394626735 ], [ 80.50968000053166, 28.566407280571582 ], [ 80.509628950515719, 28.566465832732035 ], [ 80.509563826109741, 28.566580644681039 ], [ 80.509088013700932, 28.567095582095476 ], [ 80.508461200623969, 28.567650582508406 ], [ 80.50811513790336, 28.568012583014365 ], [ 80.507834200487991, 28.568185269934304 ], [ 80.507661262657223, 28.568338019783823 ], [ 80.507510200835156, 28.568470582551413 ], [ 80.506710887897214, 28.56894827004669 ], [ 80.50632257592622, 28.569120582848655 ], [ 80.505869575720396, 28.569252020564363 ], [ 80.50502851265577, 28.569366270437058 ], [ 80.504079379859547, 28.56937629607927 ], [ 80.503282888094873, 28.56938470743836 ], [ 80.502636013841027, 28.569497458141257 ], [ 80.502118825423508, 28.569497771105318 ], [ 80.501860201087482, 28.569535208083437 ], [ 80.501471826163879, 28.569648832028008 ], [ 80.500953325635521, 28.570050769627358 ], [ 80.500672013202916, 28.570356583189835 ], [ 80.500498324438183, 28.57068083285418 ], [ 80.500298946539203, 28.571246066652691 ], [ 80.50021538782994, 28.571482957072874 ], [ 80.500154200655913, 28.571566208213994 ], [ 80.499999950737219, 28.571764207452247 ], [ 80.499999888683988, 28.571775520024289 ], [ 80.49977570118773, 28.572018270426895 ], [ 80.499535762965138, 28.572301707957536 ], [ 80.498882575470532, 28.572872333191697 ], [ 80.498511388389943, 28.573328956765977 ], [ 80.498097701148026, 28.573729021077497 ], [ 80.497879075059302, 28.57401470781258 ], [ 80.497246700574806, 28.574700520013039 ], [ 80.497029325443066, 28.574871144787551 ], [ 80.4966370753408, 28.575271333205535 ], [ 80.495990450199201, 28.575727789505947 ], [ 80.495832701018401, 28.575839144460986 ], [ 80.495680408923818, 28.57598398926973 ], [ 80.495331763350237, 28.576315582797974 ], [ 80.494983887596391, 28.576562456592171 ], [ 80.494847695165049, 28.576641668877983 ], [ 80.494332576087572, 28.576941270823056 ], [ 80.494027575512234, 28.577244769530523 ], [ 80.493810325386278, 28.577377020233371 ], [ 80.493613188597806, 28.577549470631595 ], [ 80.493353138836369, 28.577776956841149 ], [ 80.493158137937769, 28.577871020531234 ], [ 80.493150427150567, 28.57787617454585 ], [ 80.492701700523128, 28.578176082260427 ], [ 80.492441451112143, 28.578287894970401 ], [ 80.492245763131507, 28.578440582766746 ], [ 80.491659451022883, 28.578781333192012 ], [ 80.49120270064418, 28.579160895658845 ], [ 80.490616387636237, 28.579501645184848 ], [ 80.490420700554921, 28.579654332981136 ], [ 80.488858263398185, 28.580469707810835 ], [ 80.488770888865474, 28.580564082666342 ], [ 80.488533512811443, 28.580563207625971 ], [ 80.488014888176622, 28.580579332470279 ], [ 80.487820014082445, 28.580634958236772 ], [ 80.487624576113376, 28.580749271062075 ], [ 80.48747157535297, 28.580940519989042 ], [ 80.487384825849119, 28.580978519942789 ], [ 80.487079701167318, 28.581300019480352 ], [ 80.486515762392571, 28.581566333019907 ], [ 80.485800888600181, 28.581791520562263 ], [ 80.485410012661987, 28.582017895209731 ], [ 80.484886825766466, 28.582570894631147 ], [ 80.484515075710249, 28.583045582887394 ], [ 80.484356887660283, 28.583335957788279 ], [ 80.484295949598447, 28.583446269529759 ], [ 80.483621854664932, 28.584380289219041 ], [ 80.483139764088889, 28.585048269661968 ], [ 80.482792450411296, 28.58531314518558 ], [ 80.482337763976659, 28.58544451994868 ], [ 80.481754763171864, 28.585422019810437 ], [ 80.481365637314354, 28.585479145646104 ], [ 80.481106700913585, 28.585437582578436 ], [ 80.480782700361374, 28.585436332520771 ], [ 80.480265137825882, 28.585280956650877 ], [ 80.479877887954217, 28.585107957666139 ], [ 80.4796195136297, 28.584953582741718 ], [ 80.478974825627745, 28.584472833054861 ], [ 80.478718097062597, 28.584229341610865 ], [ 80.477837887408612, 28.583394519841249 ], [ 80.477754826024466, 28.583335519818434 ], [ 80.477430012485172, 28.583106395044126 ], [ 80.477106450802125, 28.583028457996988 ], [ 80.476200575396319, 28.582909894975728 ], [ 80.475617513437555, 28.582887332784253 ], [ 80.475218674002633, 28.58282600891323 ], [ 80.474323264007467, 28.582688332600526 ], [ 80.473660294586978, 28.58262365605691 ], [ 80.4732873259494, 28.582587271285604 ], [ 80.472510076079232, 28.582566208263927 ], [ 80.472251138779086, 28.582526770294237 ], [ 80.471668012968507, 28.582522333039265 ], [ 80.470954512440869, 28.582614332785283 ], [ 80.470499263929923, 28.582784019566873 ], [ 80.470238200632537, 28.582974771168779 ], [ 80.46992745069133, 28.583334519772336 ], [ 80.469910700818218, 28.583354769806817 ], [ 80.469887450645388, 28.583602832504766 ], [ 80.469951075881511, 28.583776832434921 ], [ 80.470144263746818, 28.583928708143389 ], [ 80.470618826098018, 28.58404789619351 ], [ 80.470964013778257, 28.584087583275391 ], [ 80.471223638160438, 28.584050271303056 ], [ 80.471599366817372, 28.584062777275392 ], [ 80.471914637650457, 28.584073269665737 ], [ 80.472345388628867, 28.584246395454841 ], [ 80.472581575779145, 28.584421021313119 ], [ 80.472667326136275, 28.584536394439112 ], [ 80.47268601404835, 28.584956144910223 ], [ 80.472808887520216, 28.585874832957245 ], [ 80.472783510450711, 28.5866643819557 ], [ 80.472781263044908, 28.586734333023117 ], [ 80.472821451049185, 28.587136082664131 ], [ 80.472817387912187, 28.587711333111599 ], [ 80.472880076054707, 28.587998145797826 ], [ 80.473113388971797, 28.588630770293889 ], [ 80.473132328694078, 28.588661248318033 ], [ 80.47322020055185, 28.588802645126009 ], [ 80.473305013815377, 28.589033082910476 ], [ 80.473451763388255, 28.589663146137354 ], [ 80.473426200159054, 28.590179645674141 ], [ 80.473337512616183, 28.590524521289694 ], [ 80.473073638937365, 28.591152957642919 ], [ 80.472420325537655, 28.591894957686179 ], [ 80.472333451028021, 28.591953270627016 ], [ 80.472240651784716, 28.592052625028657 ], [ 80.47185476258727, 28.592465770878675 ], [ 80.471396638943816, 28.593095708200451 ], [ 80.470958387619532, 28.593953582292045 ], [ 80.470543074403395, 28.594640082473859 ], [ 80.470322825937728, 28.595212270729746 ], [ 80.470147638003141, 28.595556769529367 ], [ 80.469945975826192, 28.596111080162245 ], [ 80.469773075766909, 28.596586333192761 ], [ 80.469641200980675, 28.596872394945137 ], [ 80.469201825503887, 28.597903894848912 ], [ 80.468914075724058, 28.59887745772852 ], [ 80.468739137801037, 28.599163332421881 ], [ 80.468673075402194, 28.599334583124573 ], [ 80.4683455135347, 28.599849894656984 ], [ 80.468068248950601, 28.600393149924003 ], [ 80.467995012659742, 28.600536644850308 ], [ 80.467864075866487, 28.600707582588939 ], [ 80.46715776361998, 28.60282545812845 ], [ 80.467156849908747, 28.602830864852592 ], [ 80.467089888187843, 28.603226894805402 ], [ 80.466935699423061, 28.603627831459278 ], [ 80.466824138523236, 28.60414408278325 ], [ 80.466163513635308, 28.605860645752273 ], [ 80.465852575735823, 28.607064144594631 ], [ 80.465742451053359, 28.60735033315143 ], [ 80.465719575897765, 28.607521645007978 ], [ 80.465366012831282, 28.608609957783358 ], [ 80.465342763557771, 28.608839957598036 ], [ 80.465100826142248, 28.609412082901372 ], [ 80.464834200538007, 28.610444332839734 ], [ 80.464814794966856, 28.610490578677343 ], [ 80.464570513018828, 28.611072708039103 ], [ 80.464547325798492, 28.611302769906956 ], [ 80.464370825753065, 28.61181870826681 ], [ 80.464214575742119, 28.612506207595459 ], [ 80.464083638049487, 28.612677144434713 ], [ 80.463910326100745, 28.612753208194079 ], [ 80.463154262459284, 28.61272989506864 ], [ 80.462699451018921, 28.612861207778565 ], [ 80.462504263960682, 28.612975457651316 ], [ 80.462264887814399, 28.613222708261446 ], [ 80.462068137734434, 28.613508457949024 ], [ 80.461980074321048, 28.613735957648373 ], [ 80.461978576050512, 28.613966082468778 ], [ 80.4620633875154, 28.614196521152564 ], [ 80.462363200801121, 28.614560957921924 ], [ 80.46272845055762, 28.614830957782544 ], [ 80.46290007447891, 28.615023332660712 ], [ 80.463287201143487, 28.615254957550292 ], [ 80.463545887532746, 28.615350769522422 ], [ 80.463718389192366, 28.615371770490867 ], [ 80.463978075627722, 28.615334457619156 ], [ 80.464239075073294, 28.615105332844905 ], [ 80.464565949858752, 28.614687021289058 ], [ 80.464783512948827, 28.614516395615226 ], [ 80.465043699407261, 28.614384332870713 ], [ 80.465072212412736, 28.614378194997755 ], [ 80.46547626251953, 28.614291208072871 ], [ 80.465821201087635, 28.614407770102559 ], [ 80.465950013682232, 28.614523270032919 ], [ 80.466013638918355, 28.614713020689408 ], [ 80.466012450913922, 28.614886707655501 ], [ 80.465946387615759, 28.615057957458816 ], [ 80.465553200419947, 28.615629457733348 ], [ 80.465310950939681, 28.616260208042206 ], [ 80.465201763350763, 28.616431206934692 ], [ 80.464961888080722, 28.616716832515863 ], [ 80.464890356904505, 28.616771343123048 ], [ 80.46461438914281, 28.616981645086923 ], [ 80.464159388844791, 28.617151332767833 ], [ 80.463640950369609, 28.617149270622406 ], [ 80.463446137429344, 28.617186832606308 ], [ 80.462992200129975, 28.617203082456342 ], [ 80.462409324330906, 28.617124083309875 ], [ 80.461761075912989, 28.617139583125322 ], [ 80.46163107531396, 28.617177395120734 ], [ 80.461435762350618, 28.617309770829308 ], [ 80.461304700551523, 28.617500957703101 ], [ 80.461301387449112, 28.617958958139468 ], [ 80.461408262881093, 28.61813308307535 ], [ 80.461515450377817, 28.618228270018676 ], [ 80.461731137482047, 28.618305832947897 ], [ 80.461882201102753, 28.618326770064414 ], [ 80.462487388182467, 28.618308832186926 ], [ 80.462746638446674, 28.618273770318297 ], [ 80.463264138029615, 28.618467583212464 ], [ 80.463392700612701, 28.618583207249287 ], [ 80.463390513461491, 28.618887770754043 ], [ 80.463192575377093, 28.61940358320885 ], [ 80.463079825573573, 28.620034895594017 ], [ 80.46296990863442, 28.620259855607912 ], [ 80.462772887858534, 28.620663082835051 ], [ 80.462226200778616, 28.621576894757936 ], [ 80.462008700641093, 28.621806207490522 ], [ 80.461639449800828, 28.62205289512508 ], [ 80.461270700782279, 28.622222894870731 ], [ 80.46108699356995, 28.622293086057141 ], [ 80.460230512528199, 28.622620333161876 ], [ 80.458736262868285, 28.623052083287064 ], [ 80.458411513180863, 28.62318389512069 ], [ 80.458333514080493, 28.623244458165289 ], [ 80.458215701093764, 28.623336520863802 ], [ 80.457933388615061, 28.623545207645293 ], [ 80.457694012468778, 28.623792395302871 ], [ 80.457454075145506, 28.62413433283325 ], [ 80.457103514016012, 28.624821083026632 ], [ 80.457018762805717, 28.62499895813545 ], [ 80.456398637986808, 28.625874145975104 ], [ 80.455557575821501, 28.626827332915127 ], [ 80.454879802660798, 28.627395119888945 ], [ 80.454525762953665, 28.627691708205816 ], [ 80.453303637353031, 28.628580270762939 ], [ 80.452891701091175, 28.628745645295339 ], [ 80.452436638739925, 28.628847582549952 ], [ 80.451981262525294, 28.628949394798781 ], [ 80.45098295120232, 28.629022144556359 ], [ 80.450117762924492, 28.628941894452907 ], [ 80.449018013470607, 28.628847207532658 ], [ 80.447746646390669, 28.628589641698682 ], [ 80.447449576037172, 28.628529458168032 ], [ 80.446643575740495, 28.628370520083479 ], [ 80.446042575904187, 28.628264269680358 ], [ 80.445396888755454, 28.628261645458622 ], [ 80.444780388204435, 28.628311020037586 ], [ 80.444281075611229, 28.628439769679687 ], [ 80.443750825440304, 28.628787332469471 ], [ 80.443426825787412, 28.629070269977035 ], [ 80.442394512896499, 28.630011333156574 ], [ 80.441612263695049, 28.630926333083835 ], [ 80.441463451077482, 28.631327332690319 ], [ 80.441299262750817, 28.631845520254615 ], [ 80.441217723019577, 28.632237416023997 ], [ 80.441148700951828, 28.632569146249125 ], [ 80.441161825657787, 28.632866957644012 ], [ 80.440939324390342, 28.633292456581671 ], [ 80.44056994944367, 28.633809832957468 ], [ 80.440185387645556, 28.634351957776687 ], [ 80.440124825500334, 28.634435208018488 ], [ 80.439727138096998, 28.634983958143209 ], [ 80.439358888202207, 28.635280333320793 ], [ 80.438211887468697, 28.635767394449772 ], [ 80.437766948785736, 28.635903496049536 ], [ 80.436712762583966, 28.636225957861711 ], [ 80.435080637861233, 28.6368666447799 ], [ 80.434711734159237, 28.636999145494201 ], [ 80.434080950575492, 28.637225708100004 ], [ 80.432803201007005, 28.637414394858467 ], [ 80.431834012429761, 28.637566020555482 ], [ 80.430718701107253, 28.637572582908433 ], [ 80.429823264132381, 28.637634270105536 ], [ 80.428840512879447, 28.637591769944265 ], [ 80.428049637380923, 28.637599708259984 ], [ 80.427974825477861, 28.637601646299004 ], [ 80.427955325477967, 28.637597083138928 ], [ 80.427537185692643, 28.63749987272098 ], [ 80.42712488790329, 28.637404021178668 ], [ 80.426465263960836, 28.637259082840444 ], [ 80.426070200779179, 28.63707470743185 ], [ 80.425673888439235, 28.637059456728593 ], [ 80.425423763595859, 28.637202832944411 ], [ 80.424910175164484, 28.637507752580746 ], [ 80.424820137739232, 28.637561208283159 ], [ 80.424362103128601, 28.637576189189815 ], [ 80.424086388975752, 28.637585206691995 ], [ 80.422941450387668, 28.637670582931094 ], [ 80.421958075904513, 28.637743082677162 ], [ 80.421693199481638, 28.637832208189934 ], [ 80.42115012497834, 28.638382792032303 ], [ 80.421132575607942, 28.638400583320333 ], [ 80.420720263429473, 28.638683082858051 ], [ 80.420102263708543, 28.638978270031203 ], [ 80.418414076148736, 28.639099645232477 ], [ 80.417107576153796, 28.639197770260921 ], [ 80.416666762661009, 28.639148520687741 ], [ 80.416389075395557, 28.639117957227995 ], [ 80.415540075813908, 28.638764645072342 ], [ 80.414864961948467, 28.6384735866867 ], [ 80.414207949637216, 28.638190332617796 ], [ 80.413549075729293, 28.637914519539493 ], [ 80.411880451121988, 28.637207896127563 ], [ 80.409831076043361, 28.63634614505861 ], [ 80.408410951204473, 28.635744395187714 ], [ 80.407064326157808, 28.63516770762368 ], [ 80.406288825469005, 28.634814582526985 ], [ 80.404720638047081, 28.634457958168298 ], [ 80.404558450711988, 28.634421208272215 ], [ 80.404052665698032, 28.63430789459369 ], [ 80.403079325850285, 28.634089833279234 ], [ 80.401614325740582, 28.633695333073206 ], [ 80.4005300761022, 28.633444646153521 ], [ 80.399211388494848, 28.633140956789759 ], [ 80.397218512424445, 28.632651582604524 ], [ 80.395431013630457, 28.632203707635028 ], [ 80.39415651241319, 28.631875394833628 ], [ 80.39337970051281, 28.631716206737622 ], [ 80.39187057606631, 28.631334958041919 ], [ 80.391405671534585, 28.631217371684386 ], [ 80.390508262346486, 28.630990394491164 ], [ 80.39028826299301, 28.630951082426577 ], [ 80.389277201081995, 28.630727644964907 ], [ 80.388705887866479, 28.630580707433751 ], [ 80.388575388143693, 28.630322958138038 ], [ 80.388416513011748, 28.629882207597859 ], [ 80.387801763440677, 28.629620083100406 ], [ 80.38722957608411, 28.629617395026798 ], [ 80.386891700791409, 28.629681396179535 ], [ 80.386494012488754, 28.629963832764702 ], [ 80.38619211097722, 28.630140913772209 ], [ 80.385772637497269, 28.630386957492135 ], [ 80.385110950510011, 28.630605082658462 ], [ 80.38456826271522, 28.630589082819995 ], [ 80.384407700455085, 28.630446207526518 ], [ 80.383499200827487, 28.630234519707358 ], [ 80.382341763461682, 28.629958520469415 ], [ 80.381447825656664, 28.629771707898044 ], [ 80.380920262660027, 28.62967902106999 ], [ 80.38043688785217, 28.629534707760627 ], [ 80.379792700772555, 28.629285832974858 ], [ 80.37891180583523, 28.628729573511066 ], [ 80.378842638077344, 28.628685896137256 ], [ 80.378038012844058, 28.628280519530392 ], [ 80.37750995072372, 28.628278206474079 ], [ 80.376995513332304, 28.628406644950758 ], [ 80.376803825536172, 28.628611082435555 ], [ 80.376800578084271, 28.628635016093142 ], [ 80.376742325398084, 28.629064269700336 ], [ 80.37669538798184, 28.629542332212907 ], [ 80.376370887406608, 28.629827394818449 ], [ 80.375959389114598, 28.629954083214443 ], [ 80.375445888816785, 28.629978832557128 ], [ 80.374999950986989, 28.629814333065042 ], [ 80.374662763675644, 28.629697708082801 ], [ 80.37428275154781, 28.629251238753739 ], [ 80.374188512489923, 28.629140519619341 ], [ 80.373907638926426, 28.628967769746851 ], [ 80.373717950323226, 28.628937520150487 ], [ 80.373356199828834, 28.628971957889576 ], [ 80.372993826104221, 28.629065082687475 ], [ 80.372575762761301, 28.629545894427565 ], [ 80.372452450420326, 28.630019145567189 ], [ 80.372555512726763, 28.630694145218683 ], [ 80.372683105840736, 28.631037671851118 ], [ 80.372766200499825, 28.631261395297201 ], [ 80.372750700684321, 28.631676457602509 ], [ 80.372628012472831, 28.63199401990812 ], [ 80.37259957590976, 28.632311958130401 ], [ 80.371991512798161, 28.633125894944158 ], [ 80.371532637321422, 28.633690019878543 ], [ 80.371135387887875, 28.633985957985601 ], [ 80.37099451268665, 28.634091331549769 ], [ 80.370658137463124, 28.634324458307162 ], [ 80.369945200810434, 28.63481751971284 ], [ 80.369259512716383, 28.635193270852824 ], [ 80.368817263006349, 28.635216020103314 ], [ 80.368334201162497, 28.63533114501638 ], [ 80.368026012490532, 28.635340956619928 ], [ 80.367450325871914, 28.635279644440118 ], [ 80.366660200407978, 28.635217270160922 ], [ 80.366079846307912, 28.635129393806551 ], [ 80.365937450353101, 28.635107832560493 ], [ 80.3654952626963, 28.635069707600962 ], [ 80.365053763020796, 28.634972832630183 ], [ 80.364679200784565, 28.634901144971934 ], [ 80.364571450312212, 28.634907457313375 ], [ 80.363807826070399, 28.634955707739778 ], [ 80.363485762657888, 28.635035457820152 ], [ 80.363083262982286, 28.635141833229056 ], [ 80.362424701139105, 28.635468207991437 ], [ 80.361858951129761, 28.6359866455673 ], [ 80.360928762552419, 28.636927519889184 ], [ 80.360542326567156, 28.637457630665153 ], [ 80.360482950627727, 28.63753908316221 ], [ 80.360092522551952, 28.638121733231458 ], [ 80.35996907531262, 28.638305957553939 ], [ 80.359644138566182, 28.638859457897695 ], [ 80.359562263387829, 28.639118520203624 ], [ 80.35916857616894, 28.639944644629679 ], [ 80.358978825512452, 28.64028664511261 ], [ 80.358883075593496, 28.640629144719298 ], [ 80.358931451025683, 28.641504707576246 ], [ 80.359260950932196, 28.642368082820838 ], [ 80.359394049695709, 28.642592324276393 ], [ 80.359486575545077, 28.642748208263242 ], [ 80.359992387538739, 28.643316832505889 ], [ 80.36075270047678, 28.643888957809224 ], [ 80.361447513991607, 28.644176520530038 ], [ 80.361701951084228, 28.644236394693905 ], [ 80.362076137403903, 28.644366708257053 ], [ 80.36230295092048, 28.644557333054536 ], [ 80.362408637448709, 28.644783394737942 ], [ 80.362408012419905, 28.644889458082048 ], [ 80.36229145039016, 28.645033269569808 ], [ 80.362056950368014, 28.64532545750393 ], [ 80.361639450899986, 28.645689020132238 ], [ 80.361182325503989, 28.645946270304194 ], [ 80.360282950397902, 28.646215020107149 ], [ 80.359532013791465, 28.646317519438014 ], [ 80.358901700553076, 28.646398019553033 ], [ 80.358204388721617, 28.646464644927448 ], [ 80.358052559777889, 28.64648831508373 ], [ 80.35790932565493, 28.646510645250146 ], [ 80.35735870044374, 28.646733644741971 ], [ 80.357102639175537, 28.64694445752076 ], [ 80.356887825312924, 28.647049520818769 ], [ 80.356120012928329, 28.647709144761279 ], [ 80.356038450713982, 28.64787345809367 ], [ 80.355633012953263, 28.648451332762875 ], [ 80.355388575422467, 28.648957770684603 ], [ 80.355156325504083, 28.649712457463977 ], [ 80.355093515053738, 28.650021603014636 ], [ 80.355061074708885, 28.650181270449309 ], [ 80.355045575792758, 28.650255645281845 ], [ 80.354319075564945, 28.650748519628507 ], [ 80.35353857554486, 28.651277207677026 ], [ 80.353296576076161, 28.651429457503525 ], [ 80.353267697945967, 28.651448980885789 ], [ 80.351977700510531, 28.652321083151492 ], [ 80.351915200326289, 28.652361395262233 ], [ 80.350807325497726, 28.653084833298465 ], [ 80.349811450438153, 28.653752332604142 ], [ 80.349177166692925, 28.654176432196664 ], [ 80.349004013024853, 28.654292208218862 ], [ 80.348873136486134, 28.654372378282687 ], [ 80.348331637595038, 28.654704082427486 ], [ 80.348089263109046, 28.654867582772795 ], [ 80.346371300794942, 28.655976539485778 ], [ 80.346326888675037, 28.656005208073964 ], [ 80.346257836030361, 28.656048757744031 ], [ 80.344725825636374, 28.657014957874082 ], [ 80.343192075953596, 28.657988894871664 ], [ 80.342559762623011, 28.658376144743329 ], [ 80.341523513399466, 28.659043394936759 ], [ 80.340701412540227, 28.659550581993813 ], [ 80.339640325840435, 28.660205207504362 ], [ 80.338953950664347, 28.660650770316863 ], [ 80.338160763008887, 28.661048457720199 ], [ 80.337125637937902, 28.661575832758501 ], [ 80.33661463865468, 28.661832770865715 ], [ 80.334826763944079, 28.662721894599827 ], [ 80.333643450385011, 28.663320708184187 ], [ 80.333333262520114, 28.663472582993336 ], [ 80.332931075808574, 28.663671396118104 ], [ 80.332030450644822, 28.66410464451377 ], [ 80.331250575653598, 28.664513646287787 ], [ 80.33057820112316, 28.66485326986259 ], [ 80.330355825760819, 28.66497402093438 ], [ 80.330255387676061, 28.665029894913744 ], [ 80.329770568556967, 28.665261410086032 ], [ 80.328642137924362, 28.665800269466899 ], [ 80.328131325700156, 28.666070708196685 ], [ 80.327714638319947, 28.666233395554798 ], [ 80.327593639035285, 28.666304895254768 ], [ 80.327584575667686, 28.666668082865783 ], [ 80.327575513199406, 28.667035769785002 ], [ 80.327666888815941, 28.66745133301265 ], [ 80.32772729987505, 28.668029266137751 ], [ 80.327729888123883, 28.668054020876411 ], [ 80.327714262403333, 28.668396895500393 ], [ 80.327723512829891, 28.669046707839357 ], [ 80.327694512391872, 28.669389457457555 ], [ 80.327638575459957, 28.669779457456059 ], [ 80.327449012761804, 28.670074082552901 ], [ 80.327447950662474, 28.670238770003266 ], [ 80.32720163804521, 28.671054269838748 ], [ 80.327105076038492, 28.671455333297047 ], [ 80.326941324782354, 28.671903458278052 ], [ 80.326710138761939, 28.672457332739782 ], [ 80.326513449835886, 28.672717698163297 ], [ 80.326345076064456, 28.672940582541912 ], [ 80.32593938919149, 28.673518270152101 ], [ 80.325682514036828, 28.673835146275053 ], [ 80.32566694947019, 28.674166707427673 ], [ 80.325475825548949, 28.674745583042295 ], [ 80.32522945087851, 28.67552270790668 ], [ 80.325135956459292, 28.675894453466299 ], [ 80.325119514154323, 28.675959833279705 ], [ 80.325102262459495, 28.67599808324502 ], [ 80.324521075587199, 28.677317270875392 ], [ 80.3244935140645, 28.677434457933941 ], [ 80.324112200617606, 28.678343957607581 ], [ 80.323863064129171, 28.678932262613898 ], [ 80.323812826201049, 28.679050894882948 ], [ 80.323786513836581, 28.679116146093293 ], [ 80.323417888025176, 28.68004151970041 ], [ 80.323037012548127, 28.680890208116637 ], [ 80.322927700852745, 28.681232582717541 ], [ 80.323099387726643, 28.681635019440648 ], [ 80.32352113109539, 28.682463682652894 ], [ 80.323575950170039, 28.682571394454328 ], [ 80.324023701033013, 28.683814458070856 ], [ 80.324180201055469, 28.684489832739644 ], [ 80.324283012451133, 28.68516489444437 ], [ 80.324346512681473, 28.68568408295414 ], [ 80.324330263730758, 28.686121707450866 ], [ 80.324355326037505, 28.686406082974429 ], [ 80.324285138448431, 28.686983269662221 ], [ 80.32419751300489, 28.688022894940673 ], [ 80.324043138979732, 28.689098270069167 ], [ 80.323965834155956, 28.689447110795584 ], [ 80.323891325324439, 28.689783333134358 ], [ 80.323681075521279, 28.690892161244278 ], [ 80.323669512937727, 28.690953145171591 ], [ 80.323599638312714, 28.691376894927828 ], [ 80.323453035329351, 28.691806131447834 ], [ 80.323421951162175, 28.691897144637551 ], [ 80.323223814327605, 28.692603601674932 ], [ 80.323133825465732, 28.69292445819724 ], [ 80.323015340685458, 28.693232062309903 ], [ 80.322997637530989, 28.693278019465083 ], [ 80.322977394691065, 28.693338353182526 ], [ 80.322847263690335, 28.693726208297903 ], [ 80.322384075964408, 28.694881207601725 ], [ 80.321976701063988, 28.695659769582733 ], [ 80.321953125336506, 28.695700262457194 ], [ 80.321393889116734, 28.696660832831242 ], [ 80.321198775802941, 28.696994885105937 ], [ 80.321014200744798, 28.697310896081035 ], [ 80.32033832605299, 28.698205395962304 ], [ 80.319676013137553, 28.699030083271794 ], [ 80.318974076092786, 28.69979358250788 ], [ 80.318569637478845, 28.700111894848135 ], [ 80.318444075933428, 28.700187957708124 ], [ 80.317492951138831, 28.700756207832796 ], [ 80.317156700921089, 28.700919208154971 ], [ 80.31708201582245, 28.700954203473771 ], [ 80.316632513979414, 28.701164832790823 ], [ 80.316457514003105, 28.701258645570078 ], [ 80.315045012717235, 28.701995957447537 ], [ 80.314170512858936, 28.702429207641842 ], [ 80.313041075884996, 28.702967208170151 ], [ 80.312489387675157, 28.703248645608539 ], [ 80.311817264055549, 28.703552083162151 ], [ 80.311050825835025, 28.703902333126223 ], [ 80.310768138338972, 28.70404301946985 ], [ 80.310559169170403, 28.704153065012008 ], [ 80.310055200786962, 28.704418457645772 ], [ 80.309584638620208, 28.704616832800639 ], [ 80.309154762682226, 28.704756707955767 ], [ 80.308442638117299, 28.704965207678242 ], [ 80.308250012328244, 28.705018332430143 ], [ 80.307945888591917, 28.705104769869308 ], [ 80.307555762688366, 28.705278769799463 ], [ 80.307179575377177, 28.705430145484854 ], [ 80.306629013118538, 28.70553570790662 ], [ 80.306497075379809, 28.705557645968611 ], [ 80.303944638434359, 28.705970896140002 ], [ 80.303460706046792, 28.706038909168399 ], [ 80.302736825544116, 28.706140644974823 ], [ 80.301623325456148, 28.70625445777705 ], [ 80.300603638147436, 28.706377770118024 ], [ 80.300261575611273, 28.707404769814332 ], [ 80.299933863556987, 28.707967476517865 ], [ 80.299720575843935, 28.70833370743469 ], [ 80.299705701057292, 28.708358457676752 ], [ 80.299205388417988, 28.708983082703128 ], [ 80.29882707600882, 28.709393957764973 ], [ 80.2985705129189, 28.709688144892027 ], [ 80.298192950544262, 28.70998170788954 ], [ 80.297331513338747, 28.710509707956703 ], [ 80.296753325705481, 28.710779645764092 ], [ 80.296430513157702, 28.710920145048703 ], [ 80.295342075376539, 28.711279957504075 ], [ 80.294697514179006, 28.711418707607322 ], [ 80.294039762625005, 28.71152133284329 ], [ 80.29298032618118, 28.711563145023149 ], [ 80.292122887361415, 28.711488708137438 ], [ 80.291666637905053, 28.711405144931518 ], [ 80.29152268612313, 28.711378504314553 ], [ 80.291453200904527, 28.711365644908653 ], [ 80.290676451057436, 28.711230707930895 ], [ 80.290221012789573, 28.711169707815827 ], [ 80.288252387837474, 28.710841207955411 ], [ 80.287020387680798, 28.71062270777179 ], [ 80.286163075665456, 28.710487395776738 ], [ 80.28597315863442, 28.710461190431658 ], [ 80.285533450408479, 28.710400521267104 ], [ 80.284234138694615, 28.71024020811916 ], [ 80.283550825710108, 28.710153145651191 ], [ 80.282291451089634, 28.710006583137329 ], [ 80.281594269659877, 28.709911426770987 ], [ 80.281018887911387, 28.709832895271973 ], [ 80.280295512827706, 28.709747832896198 ], [ 80.27971926233414, 28.70971995751006 ], [ 80.279262013731, 28.709929583183794 ], [ 80.278158762317105, 28.710481019583426 ], [ 80.278028450552597, 28.710545644865647 ], [ 80.277311075745615, 28.710900457989794 ], [ 80.276894200407071, 28.711087832637418 ], [ 80.276462576186987, 28.71147583254367 ], [ 80.2762321375032, 28.711817520961858 ], [ 80.275869824033236, 28.712263876976408 ], [ 80.275677888024177, 28.712500333024025 ], [ 80.274934075847, 28.713430395696264 ], [ 80.274690388350791, 28.713747207967344 ], [ 80.274055200786961, 28.714465707826207 ], [ 80.273812540316555, 28.714681954308787 ], [ 80.273529262865225, 28.714934395805756 ], [ 80.273191575530859, 28.715286769968486 ], [ 80.273096450640764, 28.715441894927551 ], [ 80.272657576086317, 28.716039644613943 ], [ 80.272528013457134, 28.716217207658076 ], [ 80.272244621791913, 28.716597552535063 ], [ 80.272203200817103, 28.716653145026669 ], [ 80.272021285953656, 28.716864666471224 ], [ 80.271675950784584, 28.717266207469549 ], [ 80.271013638768466, 28.718054457847018 ], [ 80.270216137964439, 28.718970644879391 ], [ 80.270151890397472, 28.719044999926837 ], [ 80.269391512708182, 28.719925019823847 ], [ 80.268580576032832, 28.720829770177829 ], [ 80.268067762817054, 28.721334645077832 ], [ 80.267838325978005, 28.721522894765826 ], [ 80.267397527773767, 28.721772273171894 ], [ 80.26711151278613, 28.721934082791734 ], [ 80.266452325014825, 28.722226020714345 ], [ 80.266089200356362, 28.722363957830453 ], [ 80.265536200935003, 28.722845957574918 ], [ 80.265199200682616, 28.723092333144734 ], [ 80.264888513694018, 28.723422270121716 ], [ 80.264198575404009, 28.724269019599603 ], [ 80.263961980860813, 28.724542212053507 ], [ 80.263657950653965, 28.724893269608742 ], [ 80.262646762837903, 28.725654832604505 ], [ 80.261877950407154, 28.726289083074789 ], [ 80.261042575554484, 28.726889145817495 ], [ 80.260637763721888, 28.727216269715143 ], [ 80.2602876387636, 28.72746258323167 ], [ 80.26003146418077, 28.72766848121546 ], [ 80.259950387600384, 28.72773364519162 ], [ 80.25900651403947, 28.728472958060593 ], [ 80.258480889081795, 28.728824333076545 ], [ 80.257887263686314, 28.72934001962625 ], [ 80.25794082550874, 28.729365020779142 ], [ 80.259144326149794, 28.729845395448706 ], [ 80.259665575905672, 28.730107707904438 ], [ 80.260300816529536, 28.730455964970872 ], [ 80.26066732533684, 28.730656895099685 ], [ 80.261495513707075, 28.731132895466828 ], [ 80.261828763786468, 28.731382895304421 ], [ 80.262883075893285, 28.732146707504626 ], [ 80.263482575660419, 28.732704895114864 ], [ 80.263974825877597, 28.733273895274124 ], [ 80.264692075678795, 28.734247833171025 ], [ 80.265129701074898, 28.734947333053015 ], [ 80.265592325825253, 28.735919957939757 ], [ 80.265960887784786, 28.736925894614387 ], [ 80.266045263977787, 28.737208181012818 ], [ 80.266222951128327, 28.737802644576448 ], [ 80.266378888175211, 28.738511895807392 ], [ 80.266548013779868, 28.739268582679017 ], [ 80.266636575417692, 28.740013520807395 ], [ 80.266738387666521, 28.740783394438154 ], [ 80.266772700399883, 28.741647645622379 ], [ 80.266777439827024, 28.741874996034312 ], [ 80.26678276381358, 28.742130457454721 ], [ 80.266782638807797, 28.742144020130468 ], [ 80.26677670058433, 28.742994519781291 ], [ 80.266759763652203, 28.743490708129741 ], [ 80.266471263837786, 28.74448183297028 ], [ 80.266279638994206, 28.745024457812519 ], [ 80.266156700771205, 28.745355457788207 ], [ 80.265966325985232, 28.745719894557567 ], [ 80.265625700565693, 28.746473833100993 ], [ 80.265340450901135, 28.74699339482936 ], [ 80.265097638445297, 28.747215395174408 ], [ 80.264891838487586, 28.747448096552489 ], [ 80.264462200869957, 28.74793389593259 ], [ 80.264137389129246, 28.748344958053394 ], [ 80.26385301270642, 28.74873370799429 ], [ 80.263623451760964, 28.748937769562474 ], [ 80.263232200805476, 28.749285331452938 ], [ 80.263047911731803, 28.749732128135236 ], [ 80.262936950679773, 28.75000114503689 ], [ 80.262625513656587, 28.750324269649354 ], [ 80.26234245204256, 28.750582207802722 ], [ 80.261452700581742, 28.751414332505476 ], [ 80.261223326695244, 28.751627394488708 ], [ 80.26090007707694, 28.751907644821983 ], [ 80.260677730492944, 28.752078355032097 ], [ 80.260091888729733, 28.752528144658186 ], [ 80.259593514129449, 28.752940457735974 ], [ 80.259216138813827, 28.753267769591957 ], [ 80.258744576600975, 28.753655521285339 ], [ 80.258030764008595, 28.75418177127176 ], [ 80.257735272864636, 28.754402910965609 ], [ 80.257653700757714, 28.754463957845417 ], [ 80.25763546790256, 28.754474969144553 ], [ 80.256550639100794, 28.755130145040198 ], [ 80.256146887568889, 28.755387396111473 ], [ 80.255757013475431, 28.755622146145186 ], [ 80.254801826443213, 28.756194395554985 ], [ 80.254384264022633, 28.756498895207926 ], [ 80.254021895693995, 28.756766761876634 ], [ 80.254020700495005, 28.756767645010882 ], [ 80.253145826518733, 28.757342582494232 ], [ 80.252756138584971, 28.75755252023265 ], [ 80.252285700524737, 28.75777326962077 ], [ 80.251829389015143, 28.757901583091609 ], [ 80.251320388924853, 28.7578762078208 ], [ 80.250919326365874, 28.757754394649623 ], [ 80.250545264152663, 28.757610208144627 ], [ 80.25021201407327, 28.757396271121081 ], [ 80.249998702078472, 28.757241708238269 ], [ 80.249976951974816, 28.757200958157739 ], [ 80.249848763509704, 28.7570873962664 ], [ 80.24941109494614, 28.756810207225328 ], [ 80.249230701735542, 28.756695958251896 ], [ 80.248689013986848, 28.756453832878151 ], [ 80.248005200979321, 28.756174769649931 ], [ 80.247553576736209, 28.75600308277609 ], [ 80.247050013947046, 28.755896520308227 ], [ 80.246571326405672, 28.755882582615129 ], [ 80.245911575658738, 28.75586758192344 ], [ 80.245367763711386, 28.75592095758617 ], [ 80.2448112641286, 28.755965207828126 ], [ 80.244673787465388, 28.755999480091987 ], [ 80.244280013911577, 28.756097644690612 ], [ 80.243827076658306, 28.756106458046645 ], [ 80.243353100665104, 28.75611169749692 ], [ 80.243154325311934, 28.756113894540647 ], [ 80.242791576570085, 28.756181770872104 ], [ 80.24226026340051, 28.756280332971016 ], [ 80.242128251917336, 28.756310970175207 ], [ 80.241586450854072, 28.756436707987746 ], [ 80.241377829723149, 28.756477467960849 ], [ 80.240912763313418, 28.756568331863093 ], [ 80.240459388989677, 28.756647020743458 ], [ 80.239966825808438, 28.756779582611728 ], [ 80.239526076167522, 28.756880832784248 ], [ 80.239344700897277, 28.756913707501667 ], [ 80.23887826392081, 28.757026082287894 ], [ 80.238307263669356, 28.757250770706548 ], [ 80.237839888699966, 28.757487269921626 ], [ 80.237631701941552, 28.757646270958674 ], [ 80.237293201619991, 28.757939895110098 ], [ 80.237134350769736, 28.758220855008517 ], [ 80.236952451194725, 28.75854258297386 ], [ 80.236469076386811, 28.759178269661447 ], [ 80.236158014380919, 28.759266770145359 ], [ 80.23584751355196, 28.759276269684165 ], [ 80.235174951962506, 28.759249958219073 ], [ 80.234554264168025, 28.759178707631293 ], [ 80.234140763985124, 28.759131271091348 ], [ 80.233463952199713, 28.758955957251658 ], [ 80.233056075477577, 28.758849894806872 ], [ 80.23305324980771, 28.758849017068542 ], [ 80.23234588895167, 28.758629269525215 ], [ 80.232010638780025, 28.75848076987171 ], [ 80.231055013777905, 28.758258644520879 ], [ 80.230783763859677, 28.758198519446182 ], [ 80.230370888705579, 28.758026957578068 ], [ 80.229673700980584, 28.757828957440495 ], [ 80.229028075885026, 28.757676394649934 ], [ 80.22845957664822, 28.757558082539504 ], [ 80.228033576788221, 28.757431583001221 ], [ 80.227659388669906, 28.757314395043352 ], [ 80.227129450563723, 28.757221145239726 ], [ 80.226754577162069, 28.757196395896983 ], [ 80.226237200786272, 28.757182208192432 ], [ 80.225767212386984, 28.757149286710273 ], [ 80.225500200973556, 28.75713058261033 ], [ 80.224607951196049, 28.757046458227535 ], [ 80.223806638165854, 28.756951644502863 ], [ 80.222811201076127, 28.756842144849145 ], [ 80.222191450375192, 28.756691958067449 ], [ 80.221197888371933, 28.756332144712758 ], [ 80.219880638780523, 28.755992833202754 ], [ 80.219546385057697, 28.75588659179283 ], [ 80.219338513061984, 28.755820521300052 ], [ 80.218666950619308, 28.755667707598661 ], [ 80.21773801389827, 28.755342019918317 ], [ 80.216893200660763, 28.755817645268166 ], [ 80.216828513325311, 28.7558623955332 ], [ 80.216451388021198, 28.756099332718065 ], [ 80.215785700849494, 28.756510385845672 ], [ 80.21559357598278, 28.756629020812738 ], [ 80.214930951002657, 28.757035769784977 ], [ 80.214345700993363, 28.757409145815473 ], [ 80.213487951008176, 28.757929770542546 ], [ 80.212864263974666, 28.758311895177883 ], [ 80.211785450738034, 28.758991457989453 ], [ 80.211473138674478, 28.75919264442507 ], [ 80.211135387488184, 28.759384708137816 ], [ 80.210303575749492, 28.759894208251183 ], [ 80.20967982666275, 28.760278582990281 ], [ 80.209003638107447, 28.760696519528778 ], [ 80.208333200716709, 28.761109957658448 ], [ 80.207742888423638, 28.761474208268169 ], [ 80.207404889024474, 28.76168883327307 ], [ 80.206911263743905, 28.761961146190004 ], [ 80.206391264045635, 28.762287520952384 ], [ 80.205936075789339, 28.762593894792474 ], [ 80.205455138144146, 28.762886582749672 ], [ 80.204649450811587, 28.763360145054719 ], [ 80.203973701125449, 28.763755458247829 ], [ 80.203283025391386, 28.764155590907819 ], [ 80.2029598261351, 28.764342832455782 ], [ 80.20206313910262, 28.764872207586336 ], [ 80.201179450870995, 28.765381332682409 ], [ 80.200754067046603, 28.765660605452638 ], [ 80.200750388819472, 28.765663021031628 ], [ 80.200744701506835, 28.76566614887372 ], [ 80.199788700588101, 28.766192020245569 ], [ 80.199190888848477, 28.766565208317786 ], [ 80.198748826197402, 28.76682433267689 ], [ 80.198112325623413, 28.76718602111805 ], [ 80.197397262973368, 28.767614958163847 ], [ 80.196851263874805, 28.767943270065928 ], [ 80.19608438768438, 28.768405707757267 ], [ 80.19556451299195, 28.768709458274941 ], [ 80.19495363770028, 28.769071270822565 ], [ 80.194602887713131, 28.769274458249697 ], [ 80.193978762709776, 28.769647521316131 ], [ 80.193574422121912, 28.769910322103726 ], [ 80.193562575352644, 28.769918021199771 ], [ 80.193539183086898, 28.769931180979256 ], [ 80.192899950372464, 28.770290771302086 ], [ 80.192106950675281, 28.770775583226623 ], [ 80.192051070400623, 28.770812011165447 ], [ 80.191794887723972, 28.770979019766003 ], [ 80.191659523568205, 28.771043771852646 ], [ 80.191301138336939, 28.771215207815658 ], [ 80.191087994515385, 28.771382067128741 ], [ 80.191040950979186, 28.771418895265867 ], [ 80.19066022478961, 28.77163526855287 ], [ 80.190027326000347, 28.771994957801098 ], [ 80.189781849752649, 28.772155190010039 ], [ 80.189767075690042, 28.772164832541023 ], [ 80.189464604008322, 28.772342972050581 ], [ 80.189403075991208, 28.77237920753447 ], [ 80.189394509948727, 28.772384460474541 ], [ 80.188739951887328, 28.772785894453534 ], [ 80.187804326908235, 28.773326145984925 ], [ 80.187784659634417, 28.773337349738938 ], [ 80.187310512770011, 28.77360745751821 ], [ 80.186673513072208, 28.773980332626309 ], [ 80.186227775791281, 28.774255769787999 ], [ 80.185867200710788, 28.774478583120185 ], [ 80.185191263066372, 28.774882832876472 ], [ 80.184385513680581, 28.775347207707512 ], [ 80.184021451029196, 28.775572896172264 ], [ 80.183384450432072, 28.7759435211766 ], [ 80.182773576039779, 28.776294020252863 ], [ 80.182162387784047, 28.776678332938786 ], [ 80.181421575745162, 28.777118269592506 ], [ 80.180511388989487, 28.777661021239169 ], [ 80.180316076026145, 28.777795145229845 ], [ 80.17970538869281, 28.778111769542591 ], [ 80.179224388994442, 28.778426957638032 ], [ 80.178678576055518, 28.778721457729148 ], [ 80.17831445045158, 28.778947083241349 ], [ 80.1776513263477, 28.779342332582644 ], [ 80.176962513109572, 28.779746520285755 ], [ 80.176494138993405, 28.780041457447339 ], [ 80.175961638718718, 28.780311146142537 ], [ 80.175532263703076, 28.780604146164478 ], [ 80.174661201053652, 28.781101832783406 ], [ 80.174554437137601, 28.781162438995409 ], [ 80.174024263409081, 28.78146339621884 ], [ 80.173010263413005, 28.782059520830273 ], [ 80.172619950450382, 28.782321083251418 ], [ 80.172085638041835, 28.782807395245129 ], [ 80.171459763857058, 28.783385582878395 ], [ 80.171262905858498, 28.783595185169702 ], [ 80.171055264089205, 28.783816270004934 ], [ 80.170677512856969, 28.78414333274867 ], [ 80.169947013344029, 28.784869770923251 ], [ 80.169373325918286, 28.78540089613449 ], [ 80.169073701490163, 28.785683332719657 ], [ 80.168604201422795, 28.78611358277567 ], [ 80.16823907577276, 28.786465519867875 ], [ 80.167886888669045, 28.786828895437225 ], [ 80.167665262441972, 28.787044020465203 ], [ 80.166935075893093, 28.787734395825737 ], [ 80.166666451095921, 28.788014708212245 ], [ 80.16647832551439, 28.788209833217309 ], [ 80.165969700441394, 28.788684957644705 ], [ 80.165474200973676, 28.789162396027791 ], [ 80.165134950617528, 28.789512208022018 ], [ 80.164795653496697, 28.789797511645872 ], [ 80.16477007587838, 28.789819019831953 ], [ 80.164756827065958, 28.789835164461294 ], [ 80.164482701115844, 28.790169207742792 ], [ 80.163948138695673, 28.790646396114369 ], [ 80.16349163832848, 28.791076708223557 ], [ 80.162996200913994, 28.791551957656793 ], [ 80.162880638031083, 28.79166845763325 ], [ 80.162487263776256, 28.792060895693851 ], [ 80.162189823801384, 28.792332332671094 ], [ 80.162187700502045, 28.792334269810738 ], [ 80.162150455978804, 28.792370667172577 ], [ 80.161770201034017, 28.792742269740017 ], [ 80.161470012730945, 28.793047271214618 ], [ 80.16111807563874, 28.79337670816858 ], [ 80.161050199307283, 28.793442038519288 ], [ 80.160531263507039, 28.793941521084378 ], [ 80.160490891141762, 28.793988684230442 ], [ 80.16019126311636, 28.794338707565373 ], [ 80.159748200419187, 28.794735269916828 ], [ 80.159178585123641, 28.795275512454964 ], [ 80.159044012371339, 28.795403145139062 ], [ 80.15901210442513, 28.795438760990066 ], [ 80.158861138830559, 28.795607269659797 ], [ 80.158496013180525, 28.795947895079337 ], [ 80.157896075443603, 28.796546520705419 ], [ 80.157413325664493, 28.797012769723608 ], [ 80.157126137960972, 28.797295208107414 ], [ 80.156863052987546, 28.797546090179992 ], [ 80.156721887305309, 28.797680707898394 ], [ 80.156524362009748, 28.797878205314987 ], [ 80.156291326083874, 28.798111207965917 ], [ 80.156004200433586, 28.798427396107513 ], [ 80.155648228083294, 28.798737329464245 ], [ 80.155600200688752, 28.798779145241383 ], [ 80.155445639604636, 28.798935985207606 ], [ 80.155443325649003, 28.798938332438127 ], [ 80.155436947657051, 28.798944508082627 ], [ 80.154660825536723, 28.799695958201937 ], [ 80.154295575780282, 28.800036582722157 ], [ 80.153971875601655, 28.800381137279714 ], [ 80.153891013959196, 28.800467207795464 ], [ 80.153774829644703, 28.800574356621325 ], [ 80.153252012370558, 28.801056520042437 ], [ 80.152521200792819, 28.801791957732689 ], [ 80.152169200748062, 28.802132583152229 ], [ 80.151464950647039, 28.802789145802478 ], [ 80.151292145016555, 28.803008842084466 ], [ 80.151242451178234, 28.80307202125681 ], [ 80.151139262067375, 28.803158757270864 ], [ 80.150877512587215, 28.803378771013513 ], [ 80.150277387791277, 28.803977332787724 ], [ 80.150029701009942, 28.80420364628128 ], [ 80.149429264149262, 28.804804458159253 ], [ 80.14873813875414, 28.805461082862735 ], [ 80.148020138019035, 28.806187520137996 ], [ 80.147420326187159, 28.80675220804801 ], [ 80.14671390961928, 28.807498194785921 ], [ 80.14645407569509, 28.807772582438758 ], [ 80.146310075349732, 28.807954394779529 ], [ 80.145527826148339, 28.808666833207837 ], [ 80.145175389033056, 28.809007520680609 ], [ 80.145134224364995, 28.809047210460449 ], [ 80.144705826013137, 28.809460269975546 ], [ 80.144001512959505, 28.810116770572563 ], [ 80.143414387863743, 28.810695083211556 ], [ 80.142579700992485, 28.811465832782005 ], [ 80.142302155819891, 28.811771066281722 ], [ 80.142292137372294, 28.811782082976777 ], [ 80.142283732308442, 28.811788620148775 ], [ 80.142044700602526, 28.811974519908233 ], [ 80.141222700467324, 28.812756645003219 ], [ 80.141115827733302, 28.812861710999186 ], [ 80.14013970088655, 28.813821332588475 ], [ 80.139054488074237, 28.814579319879783 ], [ 80.138993889056792, 28.814621645572515 ], [ 80.137978138979975, 28.815368645846377 ], [ 80.137457262442751, 28.815742145083959 ], [ 80.136780012687495, 28.816249958069136 ], [ 80.136168076195816, 28.816679083073268 ], [ 80.135386513177082, 28.817256144755333 ], [ 80.134957076108208, 28.817537583093042 ], [ 80.134592137517188, 28.817833083230255 ], [ 80.13353751334563, 28.818577520436293 ], [ 80.132781950626566, 28.81913214493261 ], [ 80.13209213914098, 28.819617269821208 ], [ 80.131219200505768, 28.820272646265664 ], [ 80.130385450727999, 28.820917021303558 ], [ 80.129668950961388, 28.821438021047868 ], [ 80.129056637653775, 28.821901019916197 ], [ 80.128561637309758, 28.822283645473931 ], [ 80.127728013437149, 28.822905394468421 ], [ 80.127233013992452, 28.823278957557875 ], [ 80.125903888853429, 28.824296769780176 ], [ 80.12499982558154, 28.824956457574501 ], [ 80.121524289414481, 28.827495808484798 ], [ 80.11978801330622, 28.828764394860968 ], [ 80.118602013472184, 28.828664207687098 ], [ 80.117634175676699, 28.828571833823105 ], [ 80.11375426384825, 28.828201520883511 ], [ 80.109693700703758, 28.827813895095233 ], [ 80.108854138607683, 28.827724832535068 ], [ 80.106186700855631, 28.827445521093978 ], [ 80.104707840394553, 28.827318565599398 ], [ 80.103082325688831, 28.827179020495464 ], [ 80.101798467025674, 28.826990134087453 ], [ 80.100014762471346, 28.826727708317151 ], [ 80.097749014105773, 28.826405769910423 ], [ 80.096863325781896, 28.826320894593664 ], [ 80.094261263346709, 28.826075582921874 ], [ 80.091286577613516, 28.825785243993892 ], [ 80.089867201010577, 28.825646707929252 ], [ 80.088158887522695, 28.825450207860854 ], [ 80.086763825889932, 28.825316707999718 ], [ 80.083333388924814, 28.824930208162641 ], [ 80.081254575438379, 28.824695021058403 ], [ 80.078932979173715, 28.824509669885401 ], [ 80.076650700369612, 28.824327458245648 ], [ 80.075305286709693, 28.825985293686415 ], [ 80.074145450851915, 28.827414457611155 ], [ 80.072768139138361, 28.829216520026421 ], [ 80.071787388876942, 28.830497895661381 ], [ 80.070755075986028, 28.831846644906761 ], [ 80.069570389162209, 28.833334146054028 ], [ 80.067655188436277, 28.835740605944238 ], [ 80.067154513370156, 28.836369707795825 ], [ 80.066412950397421, 28.83731883249817 ], [ 80.066258763431222, 28.838946645871033 ], [ 80.066222710509749, 28.839406338831509 ], [ 80.065904575335935, 28.843462770490532 ], [ 80.065476325372174, 28.848407020967272 ], [ 80.065332639789574, 28.850082678273054 ], [ 80.065281450378677, 28.850679645549235 ], [ 80.065231496636329, 28.851372460770506 ], [ 80.064933700529934, 28.855502645830484 ], [ 80.064922700921954, 28.855655957756312 ], [ 80.064727763875283, 28.857930832442037 ], [ 80.064834575455336, 28.858775332715481 ], [ 80.064663201545557, 28.858774144711049 ], [ 80.064473245843658, 28.861221342990632 ], [ 80.064332950705193, 28.863028769861899 ], [ 80.064012639172006, 28.867606020501512 ], [ 80.063985692785536, 28.868050621938721 ], [ 80.06393063808855, 28.868959019942849 ], [ 80.063764825586304, 28.871877020508123 ], [ 80.063517388816479, 28.874999769723672 ], [ 80.06323788851779, 28.879013332499369 ], [ 80.063124796971863, 28.880236949175924 ], [ 80.062852825797336, 28.883179583071353 ], [ 80.062718701806716, 28.884629207472017 ], [ 80.062052388706832, 28.893598583308005 ], [ 80.061458638305567, 28.900966771099661 ], [ 80.06129557682948, 28.903169645163018 ], [ 80.061178611004152, 28.904751675849184 ], [ 80.06092482592004, 28.908184271187224 ], [ 80.060340620923, 28.914343947315388 ], [ 80.060147826960701, 28.916376708318467 ], [ 80.060332700593733, 28.91666677115461 ], [ 80.061257810699487, 28.918123093705844 ], [ 80.064886951071969, 28.923836145821497 ], [ 80.06887632568197, 28.929999832926001 ], [ 80.06963745070783, 28.931178144455828 ], [ 80.071730468086685, 28.934419614973308 ], [ 80.072923701167952, 28.936267583282415 ], [ 80.075062825888779, 28.939632333765246 ], [ 80.077114809001273, 28.942748166294905 ], [ 80.077723763341055, 28.943672833034896 ], [ 80.081713762979859, 28.94993995746313 ], [ 80.082312967769326, 28.950897982755748 ], [ 80.083333388025494, 28.952529458167987 ], [ 80.084951638907057, 28.955118958872902 ], [ 80.08671740558384, 28.957830264655058 ], [ 80.086976325796854, 28.958227832448586 ], [ 80.087041951125229, 28.958332020706223 ], [ 80.087582015597604, 28.959196760222369 ], [ 80.090792825528524, 28.96433783272488 ], [ 80.094841701083681, 28.970758332930757 ], [ 80.096634707325961, 28.973551367301809 ], [ 80.097734638442887, 28.975264770952492 ], [ 80.099341075830068, 28.979401583116612 ], [ 80.101109448742136, 28.984222223576808 ], [ 80.101919388069348, 28.986430144635506 ], [ 80.104179009353857, 28.98583112060976 ], [ 80.109764325363358, 28.98435045790734 ], [ 80.110846046108179, 28.984053832718246 ], [ 80.117252950363422, 28.9822969558399 ], [ 80.119613763364555, 28.981649582462296 ], [ 80.120413019645184, 28.983865867216025 ], [ 80.123740825978416, 28.993093646154875 ], [ 80.123805700372827, 28.99327452050278 ], [ 80.12499982648086, 28.99658720743372 ], [ 80.125072792075741, 28.996756479627891 ], [ 80.125451325718188, 28.997634646022163 ], [ 80.125775325371023, 28.998471395038905 ], [ 80.126241387330197, 28.999536957664532 ], [ 80.126335701031849, 28.999916583083916 ], [ 80.126390825875944, 29.000000394502649 ], [ 80.126489950950543, 29.000305583036265 ], [ 80.126875451640842, 29.001384146261387 ], [ 80.127021887350281, 29.00177989472644 ], [ 80.127141138352897, 29.002175457931116 ], [ 80.12751332547964, 29.003231333059603 ], [ 80.127673200657739, 29.003638457948512 ], [ 80.127766451360685, 29.003878208212768 ], [ 80.12779676660756, 29.003985558486761 ], [ 80.127911951775218, 29.004393457691947 ], [ 80.128164825846113, 29.005065146039726 ], [ 80.128483576156157, 29.006001083083561 ], [ 80.129993013566775, 29.006177834039875 ], [ 80.131743713901358, 29.00644137496954 ], [ 80.131746763502406, 29.006441833623796 ], [ 80.133432388893709, 29.006691895514621 ], [ 80.134669325429059, 29.00688927062339 ], [ 80.135158950525181, 29.00695339588259 ], [ 80.13568932570189, 29.007017708200749 ], [ 80.136124388929488, 29.007090395905095 ], [ 80.137266325580526, 29.007253396227327 ], [ 80.137767639165247, 29.009160583094513 ], [ 80.137954888807144, 29.009556584268978 ], [ 80.136754075340377, 29.009907582468998 ], [ 80.135512262680834, 29.010294396169513 ], [ 80.135116762428709, 29.010400082697686 ], [ 80.134943474761599, 29.010451110230576 ], [ 80.133369951662019, 29.01091445893519 ], [ 80.132855423439082, 29.011077317164506 ], [ 80.132482764168287, 29.011195270445398 ], [ 80.13135063912074, 29.011499270974639 ], [ 80.130095012874619, 29.0118858958175 ], [ 80.129194138598677, 29.012155270649259 ], [ 80.128855366681876, 29.012253141169595 ], [ 80.127979825408659, 29.01250608268964 ], [ 80.127010638630111, 29.012811146217473 ], [ 80.126246513465901, 29.01303395775102 ], [ 80.126832388503999, 29.014592145611061 ], [ 80.12706976365871, 29.015114432285259 ], [ 80.12707301380857, 29.015121582794848 ], [ 80.127485450992822, 29.016247707565697 ], [ 80.127698763886883, 29.016788208209277 ], [ 80.128072014012275, 29.017724583223014 ], [ 80.128392326444782, 29.018516207856749 ], [ 80.128512200677562, 29.018828332861347 ], [ 80.128698452071944, 29.019343896203907 ], [ 80.129111826349742, 29.020363957630593 ], [ 80.129538452137922, 29.021442770867225 ], [ 80.129871700418676, 29.022295394716764 ], [ 80.129903695599126, 29.022385282854543 ], [ 80.129977950821853, 29.022593895891646 ], [ 80.130404825722167, 29.023650146037483 ], [ 80.130564513841307, 29.024082083221629 ], [ 80.130697575732597, 29.024441582712939 ], [ 80.13116470069042, 29.025556770828359 ], [ 80.131431075383887, 29.026275832763531 ], [ 80.131737701034126, 29.0270561457246 ], [ 80.132017763409124, 29.027752770474024 ], [ 80.13202658845637, 29.027775064667537 ], [ 80.132511075725631, 29.028998957435988 ], [ 80.132871264097616, 29.02989902052343 ], [ 80.133030638353318, 29.030367082574855 ], [ 80.131734388831035, 29.030706145871989 ], [ 80.130697200715304, 29.030997207854909 ], [ 80.130554638385888, 29.031033071918785 ], [ 80.130137700994169, 29.031137958050351 ], [ 80.128554762892065, 29.031558582662512 ], [ 80.128118325500395, 29.031686583169346 ], [ 80.128530825637142, 29.032814958943277 ], [ 80.128796950319042, 29.033570145745671 ], [ 80.129073580881084, 29.03428655018422 ], [ 80.129116575669514, 29.034397896146061 ], [ 80.129409512738903, 29.03516452052628 ], [ 80.129835825562964, 29.036292957454066 ], [ 80.129967888307476, 29.036772082965285 ], [ 80.130208326553088, 29.037324084139243 ], [ 80.1304610756182, 29.038031770549821 ], [ 80.130726889134678, 29.038823083118814 ], [ 80.131113701935874, 29.039806895571814 ], [ 80.131419387794551, 29.040659333261658 ], [ 80.131775826892977, 29.041667770950937 ], [ 80.131792138796243, 29.041712958286439 ], [ 80.131978700456727, 29.042194708019395 ], [ 80.132284951089673, 29.042986208546722 ], [ 80.132537951065672, 29.043705207529342 ], [ 80.132750575978378, 29.044329207526971 ], [ 80.133163576138202, 29.045407957811051 ], [ 80.133350075745454, 29.045898645905822 ], [ 80.133562763610712, 29.046522707956683 ], [ 80.133783036358125, 29.047153812598424 ], [ 80.134094638856538, 29.048046583982739 ], [ 80.13458726319169, 29.049389770921266 ], [ 80.135000888380375, 29.050396270571468 ], [ 80.135320013707712, 29.051343584039216 ], [ 80.135506763326532, 29.051811708143873 ], [ 80.135733263879104, 29.05239970827995 ], [ 80.136012389160499, 29.053215896096788 ], [ 80.136332825699412, 29.054007520730522 ], [ 80.136665263691043, 29.054943582780197 ], [ 80.136878575685785, 29.055495395995763 ], [ 80.137224012478271, 29.056526333823285 ], [ 80.137311741343865, 29.056726050766656 ], [ 80.137544950838844, 29.057256959241329 ], [ 80.137917138864907, 29.058348957438511 ], [ 80.138158077133596, 29.058864832845813 ], [ 80.137216388925253, 29.059097957804568 ], [ 80.135482451054315, 29.059612396095247 ], [ 80.134049076503743, 29.060034020753506 ], [ 80.132847888019683, 29.060362395608138 ], [ 80.132288327144636, 29.060489645181008 ], [ 80.130829487390997, 29.060844848610941 ], [ 80.130609826182592, 29.060898333091643 ], [ 80.130172763762118, 29.061037646170462 ], [ 80.13174738763189, 29.064909895775145 ], [ 80.132579202068598, 29.067227520633594 ], [ 80.133725138904083, 29.070181146043126 ], [ 80.135000202197602, 29.073552895050113 ], [ 80.135365013984256, 29.074491395161829 ], [ 80.136338576863864, 29.077112208461699 ], [ 80.137039138845239, 29.078991395836283 ], [ 80.137739887885573, 29.080838894699298 ], [ 80.138407826060359, 29.082627584195677 ], [ 80.138683201168874, 29.083333208460829 ], [ 80.138734076716332, 29.083464396165027 ], [ 80.139108325988502, 29.084520271293513 ], [ 80.139743701510668, 29.086250083974221 ], [ 80.140151701439947, 29.087261082932685 ], [ 80.140428138647735, 29.088068208281243 ], [ 80.140852388427049, 29.089140208254037 ], [ 80.14147113818251, 29.090869895929018 ], [ 80.142106138687382, 29.092615520489915 ], [ 80.142790700830233, 29.094420083020452 ], [ 80.143409637644709, 29.096149770695433 ], [ 80.143800700641862, 29.097189958949514 ], [ 80.144223763316063, 29.098408582590082 ], [ 80.144714201399324, 29.099553146160815 ], [ 80.145006825504652, 29.100432584196483 ], [ 80.145350076045247, 29.101208521056435 ], [ 80.14552920031241, 29.101721707490867 ], [ 80.146052076042508, 29.102983834036763 ], [ 80.146332137518186, 29.103366833712471 ], [ 80.146844700722397, 29.103823583191854 ], [ 80.147358826049015, 29.104090770872403 ], [ 80.147368113347795, 29.104095135282307 ], [ 80.14792332600075, 29.10435602051399 ], [ 80.148819888926766, 29.104700083142347 ], [ 80.149268200966731, 29.104892458020572 ], [ 80.150280950905199, 29.105322958088095 ], [ 80.151177012908875, 29.105766270796835 ], [ 80.151657700542501, 29.106078394902056 ], [ 80.152418013480599, 29.106827646178999 ], [ 80.152764825336476, 29.107181709268502 ], [ 80.153095201182623, 29.107535707606871 ], [ 80.153822451445023, 29.10825770852648 ], [ 80.155096325834847, 29.109348520517869 ], [ 80.156172701009382, 29.110174207873456 ], [ 80.156702639115565, 29.110556520467071 ], [ 80.157067262943883, 29.110809207479008 ], [ 80.15749813892802, 29.111102895482304 ], [ 80.158807827019643, 29.111902957555515 ], [ 80.160183263646729, 29.112802645625663 ], [ 80.161789951944797, 29.113983458170082 ], [ 80.163148137776375, 29.114986832676266 ], [ 80.163760451083988, 29.115473395580807 ], [ 80.164787076662321, 29.116269394517019 ], [ 80.165598263349239, 29.116948896174677 ], [ 80.166325513611639, 29.117684332965666 ], [ 80.166666701107431, 29.118137646135494 ], [ 80.166968263574574, 29.118536520643943 ], [ 80.167312139143974, 29.119314644655162 ], [ 80.16757245150751, 29.120076520614987 ], [ 80.167745200480681, 29.121395021163323 ], [ 80.16775691055301, 29.121512637198521 ], [ 80.16785307595876, 29.122478520767174 ], [ 80.167915076119925, 29.123078957627854 ], [ 80.167945325716289, 29.123428833473952 ], [ 80.168073889198695, 29.124016145628673 ], [ 80.168219450767083, 29.124558457506851 ], [ 80.168607138608593, 29.125000708116261 ], [ 80.16945645115436, 29.125734645737339 ], [ 80.16987338854608, 29.125922207443978 ], [ 80.171169763074147, 29.126622771223936 ], [ 80.171982075712265, 29.12677220887042 ], [ 80.172724888742664, 29.126939207578403 ], [ 80.173515763341868, 29.126883145640704 ], [ 80.17397233385617, 29.126822275028019 ], [ 80.175424201165981, 29.126628708548139 ], [ 80.176074888545315, 29.126673332908013 ], [ 80.176585825775305, 29.12671933323071 ], [ 80.177976326046689, 29.127298583862625 ], [ 80.179780012637536, 29.128514271216716 ], [ 80.180860138884384, 29.130093209134373 ], [ 80.181176389079155, 29.131277208876156 ], [ 80.18124332651837, 29.131625020778131 ], [ 80.181518388662766, 29.132095957962122 ], [ 80.182227451036113, 29.133571082639378 ], [ 80.182512467776235, 29.134117839866462 ], [ 80.1831665141234, 29.135372520925159 ], [ 80.183903075966214, 29.136335707427008 ], [ 80.184319012412573, 29.136665333238568 ], [ 80.185139013354842, 29.137071896051225 ], [ 80.186049763086146, 29.137257833582225 ], [ 80.186267326176221, 29.13729077125214 ], [ 80.186989012333129, 29.137171083178998 ], [ 80.188202450482777, 29.136607708279143 ], [ 80.188550000682028, 29.136352788250633 ], [ 80.188974200998643, 29.136041646205058 ], [ 80.190050512321363, 29.135148082518072 ], [ 80.191197075984348, 29.134257145750723 ], [ 80.192574825667748, 29.133448834196372 ], [ 80.193134763358671, 29.133228895996808 ], [ 80.19593682602374, 29.131653084122604 ], [ 80.198292575841776, 29.130728770816177 ], [ 80.199177514131009, 29.130508457599262 ], [ 80.199736138811829, 29.130450895592389 ], [ 80.200975205841132, 29.130458257442683 ], [ 80.201619137513262, 29.130462084057967 ], [ 80.202014825723666, 29.13042383319339 ], [ 80.20252701391064, 29.130305021059939 ], [ 80.203459388739873, 29.130024145697803 ], [ 80.204275512704783, 29.129722146160191 ], [ 80.205115700729039, 29.129318832598074 ], [ 80.205490012953817, 29.12899620800863 ], [ 80.205913700656822, 29.128324207596165 ], [ 80.206386701784936, 29.127287082432986 ], [ 80.206766575417191, 29.126247083036503 ], [ 80.207368207476861, 29.125207260806519 ], [ 80.207488512484929, 29.124999333052813 ], [ 80.207941887707989, 29.124638832616085 ], [ 80.208253826552891, 29.124288770610349 ], [ 80.20833351368077, 29.124201271071854 ], [ 80.209032700598698, 29.123438395965252 ], [ 80.209965762509967, 29.12267008265826 ], [ 80.210587139185179, 29.122254209164453 ], [ 80.211094438657483, 29.121983405309948 ], [ 80.211185123594646, 29.121934995703555 ], [ 80.211393950670356, 29.121823521138651 ], [ 80.211842576573702, 29.121744958163333 ], [ 80.212371627048981, 29.121735715830653 ], [ 80.213001763120928, 29.121724708128852 ], [ 80.213836012921718, 29.121743146029416 ], [ 80.214730825767049, 29.12193789601713 ], [ 80.2152420759611, 29.121778458808876 ], [ 80.215644700642486, 29.121658957794693 ], [ 80.216263200386436, 29.12158139486553 ], [ 80.217222825573003, 29.121411021001848 ], [ 80.217748013460096, 29.121427645869232 ], [ 80.218490701484768, 29.121296583170817 ], [ 80.219497826163831, 29.120948333298998 ], [ 80.219885076035496, 29.120828771130959 ], [ 80.220395512343089, 29.120723457821384 ], [ 80.221695450884397, 29.120473833001029 ], [ 80.222623012542044, 29.120425020498374 ], [ 80.223488575837166, 29.120416521005666 ], [ 80.224710200515403, 29.120288270487322 ], [ 80.225390887479534, 29.120181708918778 ], [ 80.226072825400649, 29.119901395632951 ], [ 80.226537764106581, 29.119701021285152 ], [ 80.226894263459542, 29.119567708483032 ], [ 80.228256263315984, 29.119261958772427 ], [ 80.228596575771405, 29.119236832613808 ], [ 80.229554387924736, 29.119255895543176 ], [ 80.230280889051869, 29.11920595798864 ], [ 80.230945826188986, 29.119142083640327 ], [ 80.231782513152496, 29.118862646294133 ], [ 80.232711575778637, 29.118610770470752 ], [ 80.233392575706887, 29.118449958199051 ], [ 80.234103639071748, 29.118399895638731 ], [ 80.234968825550936, 29.118445457991527 ], [ 80.235755387900895, 29.118601083872989 ], [ 80.236325826975417, 29.118807395544934 ], [ 80.236340068639322, 29.118813915629744 ], [ 80.236864825751184, 29.119054146131987 ], [ 80.237833263394464, 29.119725082646482 ], [ 80.238320391972593, 29.120094078079319 ], [ 80.238463387775198, 29.120202396023785 ], [ 80.239385638036822, 29.12087308342609 ], [ 80.239907513720823, 29.121352083931583 ], [ 80.240531418390276, 29.122068820219909 ], [ 80.240750138008536, 29.122320082705698 ], [ 80.241174784388818, 29.122881246172597 ], [ 80.241377701120086, 29.123149396127758 ], [ 80.241605887901471, 29.123653645099694 ], [ 80.242173012974206, 29.124268207611749 ], [ 80.242840239785323, 29.124736990919473 ], [ 80.243215325427002, 29.125000521057245 ], [ 80.243725450569173, 29.125454582463078 ], [ 80.244672639031137, 29.126116333302207 ], [ 80.24600938862244, 29.127073645432461 ], [ 80.246494075541193, 29.127159832860059 ], [ 80.246885888572933, 29.127162020910589 ], [ 80.248006826953542, 29.127019395628679 ], [ 80.248434575994963, 29.127202270968098 ], [ 80.249010700583426, 29.127566457725891 ], [ 80.249938076081378, 29.128469457999131 ], [ 80.250000014189368, 29.128521707710718 ], [ 80.250497325791002, 29.128950957720576 ], [ 80.251155950586735, 29.129802771280936 ], [ 80.251650700919186, 29.130362708971916 ], [ 80.25203820080236, 29.131095832706592 ], [ 80.252391825922075, 29.132383582736225 ], [ 80.25247957547208, 29.132769895514343 ], [ 80.252642450788528, 29.133260332698228 ], [ 80.2528785138324, 29.134057957608718 ], [ 80.253041326196296, 29.134510020720938 ], [ 80.253444450900759, 29.13521614590843 ], [ 80.253766417186455, 29.135814694192845 ], [ 80.253802262364559, 29.135881333956434 ], [ 80.254042075581367, 29.136162395478209 ], [ 80.254266076018666, 29.13654708318137 ], [ 80.254483637310045, 29.136798771046472 ], [ 80.254565826351836, 29.136893957989798 ], [ 80.255091450410191, 29.137361645923249 ], [ 80.255767326001376, 29.137936145436811 ], [ 80.256264325538268, 29.138191520522298 ], [ 80.25694120117555, 29.138657770439806 ], [ 80.257302950770622, 29.138792832423349 ], [ 80.257814638934519, 29.139102458211937 ], [ 80.258809513947995, 29.139450896042092 ], [ 80.259397889101365, 29.139641395833792 ], [ 80.259745013921304, 29.139695208567048 ], [ 80.260363887783228, 29.139804646167534 ], [ 80.260922327203673, 29.139913707851406 ], [ 80.261798389184378, 29.139986144644922 ], [ 80.26225207557286, 29.139961583260515 ], [ 80.263053262697952, 29.139952582845467 ], [ 80.263325575614886, 29.139915708842921 ], [ 80.264443762969336, 29.139960146143892 ], [ 80.26530445103964, 29.140070895855217 ], [ 80.266603388635531, 29.140211146027639 ], [ 80.267086825496676, 29.14025439622344 ], [ 80.267691075482787, 29.140296020445021 ], [ 80.268628200531111, 29.140276334285431 ], [ 80.269504888439883, 29.140305957953672 ], [ 80.27025945111285, 29.140429584158028 ], [ 80.270591763199377, 29.140499083765746 ], [ 80.270772638446545, 29.140538457883565 ], [ 80.271375637475728, 29.14076727059313 ], [ 80.271541263818335, 29.140874208078287 ], [ 80.272038137450124, 29.141143145839578 ], [ 80.272579763145586, 29.141504770428867 ], [ 80.272729700815091, 29.141638646206616 ], [ 80.273009023947338, 29.141832180310928 ], [ 80.273346700489867, 29.142066146135789 ], [ 80.273661450615521, 29.142440021289985 ], [ 80.273976201640437, 29.142811707494332 ], [ 80.274230950797801, 29.143131145785787 ], [ 80.274485388789742, 29.143491271205278 ], [ 80.274512326182958, 29.143956083106787 ], [ 80.274467116364406, 29.144261598993637 ], [ 80.274401428982799, 29.144705505254933 ], [ 80.274391576909807, 29.144772082965289 ], [ 80.274143137395924, 29.145569333757805 ], [ 80.273913638503643, 29.14585908273051 ], [ 80.27352920081205, 29.146669146164243 ], [ 80.272840637585432, 29.147558770820694 ], [ 80.272106950875127, 29.14837814583484 ], [ 80.271832263748024, 29.148656396075864 ], [ 80.271099889148616, 29.149344957503843 ], [ 80.270661914815548, 29.14977350694187 ], [ 80.270153013650713, 29.15027145796148 ], [ 80.269266639144121, 29.151277270529647 ], [ 80.268503014002931, 29.152044645843773 ], [ 80.267953075873834, 29.152628145772383 ], [ 80.267631575436894, 29.153066333244738 ], [ 80.267325450709052, 29.153477458318093 ], [ 80.266773262476136, 29.154379020575391 ], [ 80.266559138393575, 29.154668894553879 ], [ 80.266435263976291, 29.155015583202669 ], [ 80.266082262986117, 29.155638584053463 ], [ 80.265866200864536, 29.156156207742868 ], [ 80.265772576043616, 29.15654145752228 ], [ 80.265588326540069, 29.156833707509634 ], [ 80.265357763749876, 29.157272333851154 ], [ 80.265222126200229, 29.157531039126184 ], [ 80.264850637846735, 29.158239582590738 ], [ 80.264575013626029, 29.158599020928136 ], [ 80.264437200616385, 29.15882389550643 ], [ 80.263748702140958, 29.159684083553657 ], [ 80.263716493821164, 29.159722839837229 ], [ 80.263198138083681, 29.160346582628733 ], [ 80.262753639169148, 29.160996082902955 ], [ 80.262661763529593, 29.161128645670487 ], [ 80.261605450431261, 29.162562084072988 ], [ 80.261191389071428, 29.163184709007169 ], [ 80.260714887781887, 29.16408664628176 ], [ 80.260205825638423, 29.165308770983017 ], [ 80.260035887945946, 29.165759021062001 ], [ 80.259942013113459, 29.16617133413979 ], [ 80.259862951014441, 29.166624270493742 ], [ 80.259860388845937, 29.166667207725482 ], [ 80.259828514174671, 29.167170082533346 ], [ 80.259762700888018, 29.167873520546607 ], [ 80.25977232543255, 29.168685708178941 ], [ 80.259798887808472, 29.169191146054573 ], [ 80.260078076042419, 29.170444771309178 ], [ 80.260347887944704, 29.170859020627347 ], [ 80.260920514170436, 29.171394583992935 ], [ 80.261310952138786, 29.17192914551373 ], [ 80.26161170071947, 29.172289458891441 ], [ 80.261775826093583, 29.172649082489215 ], [ 80.262014763370701, 29.173157958473041 ], [ 80.26225351358886, 29.173702957525506 ], [ 80.262325513311851, 29.174235707811704 ], [ 80.262322576126053, 29.174648520912569 ], [ 80.262304889159338, 29.175009395467271 ], [ 80.262177450728814, 29.1758455842064 ], [ 80.262126139010149, 29.176684521273671 ], [ 80.262048326069475, 29.176963832714762 ], [ 80.261953639149169, 29.177441521109358 ], [ 80.261874576150831, 29.177894519516542 ], [ 80.261849075874181, 29.178041020876435 ], [ 80.261795514051812, 29.178345270517866 ], [ 80.261514763695459, 29.17944908400807 ], [ 80.26128232581874, 29.180140457616062 ], [ 80.260987825727625, 29.18101627048452 ], [ 80.260540200769697, 29.182132707758285 ], [ 80.260400325614569, 29.182583145795604 ], [ 80.260230576779747, 29.183008583579294 ], [ 80.260042262340619, 29.183860209181375 ], [ 80.259910201394746, 29.185375458910357 ], [ 80.259827889145811, 29.186279584235479 ], [ 80.259794325547716, 29.186759895952491 ], [ 80.259607950946247, 29.187329646146281 ], [ 80.259363513415451, 29.187581021047322 ], [ 80.25914888841055, 29.18788652074636 ], [ 80.25788032541675, 29.189251082771307 ], [ 80.257239637599241, 29.189766396102357 ], [ 80.256263575503681, 29.190491896284016 ], [ 80.255897387754317, 29.190823709246843 ], [ 80.255363638321285, 29.191220020687467 ], [ 80.255164889048444, 29.191417457849468 ], [ 80.254783012625978, 29.191828145852298 ], [ 80.254507325452778, 29.192171770510868 ], [ 80.254247576064813, 29.192450020751892 ], [ 80.254018263332227, 29.192701395652932 ], [ 80.253573513506922, 29.193364332697854 ], [ 80.253342950716672, 29.193775957794287 ], [ 80.253235762320628, 29.193935520907587 ], [ 80.25283826377489, 29.194373207457602 ], [ 80.252763139807087, 29.194494946884333 ], [ 80.25259270119227, 29.194771145771824 ], [ 80.252484887767423, 29.19496902090367 ], [ 80.251767387954658, 29.195616958156165 ], [ 80.251554075959916, 29.19573533411841 ], [ 80.251218263711962, 29.196040270841877 ], [ 80.250837887358671, 29.196198207980956 ], [ 80.250441137948201, 29.196527645834237 ], [ 80.249999889183584, 29.196789146202207 ], [ 80.249674263556471, 29.196893332661205 ], [ 80.248430513757285, 29.197730082577323 ], [ 80.247370512539192, 29.198527207464679 ], [ 80.246818388158147, 29.198826395721653 ], [ 80.245691638358494, 29.199302771106034 ], [ 80.245278389086423, 29.199422271220897 ], [ 80.24431263861743, 29.199858957724757 ], [ 80.243575388793204, 29.200375958183997 ], [ 80.243297513569473, 29.200757832807767 ], [ 80.242903387481419, 29.201378333543289 ], [ 80.242713395806618, 29.201858669541991 ], [ 80.242699498583079, 29.20189380425569 ], [ 80.242483200839104, 29.202440646019056 ], [ 80.242434763353685, 29.202783270631471 ], [ 80.242453700378007, 29.203306645485327 ], [ 80.242722451080283, 29.204172208780449 ], [ 80.24310822336588, 29.204792337196636 ], [ 80.243537888862534, 29.205483021024634 ], [ 80.244646513725684, 29.207460895503971 ], [ 80.245216638037448, 29.208332584081518 ], [ 80.245371826848384, 29.208570334253579 ], [ 80.245462075614341, 29.208751332707891 ], [ 80.245800200918609, 29.209538270974463 ], [ 80.246041139187298, 29.21104877048441 ], [ 80.246145888621925, 29.212416458552752 ], [ 80.247167951040183, 29.213708020808554 ], [ 80.248466325660445, 29.214800395821669 ], [ 80.248783888865432, 29.215284957734639 ], [ 80.248873450549354, 29.215567458171734 ], [ 80.248960388910859, 29.216210834062792 ], [ 80.248957450825742, 29.21661464584929 ], [ 80.24890707620068, 29.217216645731639 ], [ 80.248879951748449, 29.217800770689053 ], [ 80.24878488891153, 29.218280709187411 ], [ 80.248699894884282, 29.219128228485033 ], [ 80.24868607590173, 29.219266020810267 ], [ 80.248864013963157, 29.219991145974632 ], [ 80.249273075991709, 29.220496458844536 ], [ 80.249337659005789, 29.220540705489213 ], [ 80.250000139195151, 29.22099458253399 ], [ 80.250771762906595, 29.221330520687047 ], [ 80.251253825603612, 29.221434708944741 ], [ 80.252160326038279, 29.221525520686271 ], [ 80.253067888572275, 29.221478708275811 ], [ 80.253453888386275, 29.221480895427021 ], [ 80.254033451082933, 29.221450270813421 ], [ 80.254381013872774, 29.221436396072875 ], [ 80.254671138762092, 29.221370332774711 ], [ 80.255560825471775, 29.221120395889614 ], [ 80.255890263325057, 29.220953021264961 ], [ 80.256491638178602, 29.220566083458039 ], [ 80.257093388948817, 29.220079958523343 ], [ 80.257696700942063, 29.219422332874387 ], [ 80.258204075957394, 29.218646833084904 ], [ 80.258322013050531, 29.218340771309613 ], [ 80.258672888043407, 29.2178688961327 ], [ 80.258732201030284, 29.217700020539553 ], [ 80.258889826104621, 29.217245271152365 ], [ 80.258930389126192, 29.216972521164962 ], [ 80.259031825458408, 29.216280520729526 ], [ 80.259057575746567, 29.215382833650892 ], [ 80.259084013116762, 29.214383645488908 ], [ 80.259208450509618, 29.213215770591376 ], [ 80.259233013692665, 29.212487334123239 ], [ 80.259255575884197, 29.21203170789704 ], [ 80.259396889055267, 29.211150458626832 ], [ 80.259515887348357, 29.210695332423711 ], [ 80.259771763356241, 29.210017832656888 ], [ 80.260046950506421, 29.209342582993884 ], [ 80.260221763423715, 29.209174332429541 ], [ 80.260612137540193, 29.208567459121014 ], [ 80.260767575463319, 29.208448709040738 ], [ 80.260854888842118, 29.208334146203924 ], [ 80.260924689722685, 29.208242365892545 ], [ 80.261254638390881, 29.207808521246307 ], [ 80.261507263349586, 29.207588833957573 ], [ 80.262090201201886, 29.207016770707469 ], [ 80.262497826113815, 29.206696458274962 ], [ 80.263369138774806, 29.206347084250581 ], [ 80.26487626402843, 29.206118520653263 ], [ 80.265783513598308, 29.206089584067115 ], [ 80.266226887460959, 29.206159770756869 ], [ 80.267345638690358, 29.206267396223382 ], [ 80.267943825447219, 29.206304521136815 ], [ 80.268309826137624, 29.206408020513777 ], [ 80.270006701148418, 29.206669958851592 ], [ 80.27070051371777, 29.206775209208615 ], [ 80.271626201188269, 29.206917895644438 ], [ 80.27268720065382, 29.207007146162937 ], [ 80.273265887410844, 29.207028333291021 ], [ 80.273883200949001, 29.207099332967914 ], [ 80.275059889202566, 29.207189207615897 ], [ 80.275658138912036, 29.207226332529274 ], [ 80.276005575796717, 29.20722814556251 ], [ 80.276682137570674, 29.207046833244817 ], [ 80.277379700312963, 29.206676146187249 ], [ 80.27821363894833, 29.206139208657589 ], [ 80.278407513895729, 29.205989083929126 ], [ 80.279086950802196, 29.205449084207942 ], [ 80.279436325725896, 29.205180270553114 ], [ 80.280019512690387, 29.204558520659248 ], [ 80.280602825559981, 29.203968395425136 ], [ 80.281147576399576, 29.20332839558904 ], [ 80.282139325369656, 29.202282457969091 ], [ 80.282780576162736, 29.201676832919532 ], [ 80.283306138167802, 29.201018646093701 ], [ 80.283712810697693, 29.20040950559428 ], [ 80.283891389076416, 29.200142021137424 ], [ 80.284360512327851, 29.1992805209793 ], [ 80.284829512372141, 29.198437082805185 ], [ 80.285063450318034, 29.198115709172669 ], [ 80.285278514192157, 29.197692770604931 ], [ 80.285842387316393, 29.197120521195131 ], [ 80.286153452020244, 29.19680183383764 ], [ 80.286599701015462, 29.196447832801312 ], [ 80.287084325880983, 29.196127771279691 ], [ 80.287550092862546, 29.195887190941164 ], [ 80.287568450723484, 29.195877707590171 ], [ 80.288033388530096, 29.195659084199406 ], [ 80.288392124497022, 29.195463912429659 ], [ 80.288924389149315, 29.195174332529461 ], [ 80.289697513829253, 29.195006957904809 ], [ 80.290230920620559, 29.195040007090711 ], [ 80.290295700586171, 29.19504402076501 ], [ 80.290758575348036, 29.195080270638016 ], [ 80.291356512992763, 29.195151146208502 ], [ 80.291666575851877, 29.195249771259967 ], [ 80.29179938863092, 29.195291084316125 ], [ 80.292030200533361, 29.195375770775229 ], [ 80.292530388166938, 29.195633333011983 ], [ 80.293049138706863, 29.195956395571272 ], [ 80.293856388161828, 29.196434396030611 ], [ 80.294432512750348, 29.196879582926442 ], [ 80.294778512518405, 29.197100208208099 ], [ 80.294950887373602, 29.197254521079344 ], [ 80.295276638905818, 29.197610459255316 ], [ 80.295735075513392, 29.198291833301539 ], [ 80.295944639133836, 29.198714833023189 ], [ 80.296230950897723, 29.199192395512682 ], [ 80.296554450527537, 29.199870771219196 ], [ 80.296707012418722, 29.200124271218215 ], [ 80.296935138046251, 29.200651084180265 ], [ 80.29704820081389, 29.201041896266531 ], [ 80.297181200651949, 29.201329083970109 ], [ 80.297312325403539, 29.201941145467515 ], [ 80.297559951030962, 29.202398145857785 ], [ 80.297672512876204, 29.202906208854529 ], [ 80.297787013659786, 29.203078332798896 ], [ 80.298129950337, 29.20373883268104 ], [ 80.298455451857649, 29.204130832771739 ], [ 80.298723200715187, 29.204504457914425 ], [ 80.298856012594968, 29.204827707532729 ], [ 80.298970138361256, 29.205065208592544 ], [ 80.299083076123111, 29.205521458048906 ], [ 80.299099075961635, 29.205997583421777 ], [ 80.299037826734377, 29.206452895784537 ], [ 80.298901075824062, 29.2067071458182 ], [ 80.29845307584884, 29.207313833866408 ], [ 80.297868825885644, 29.208055208880864 ], [ 80.297657013960077, 29.208333771186631 ], [ 80.297420888862973, 29.208646208255971 ], [ 80.297090075946301, 29.209034709084619 ], [ 80.29689482593551, 29.209387834181257 ], [ 80.296564200977173, 29.209742520500981 ], [ 80.296136451036432, 29.210198270833587 ], [ 80.295960951037102, 29.210434145919123 ], [ 80.295804951937043, 29.210686020843241 ], [ 80.295705263886873, 29.211161458234756 ], [ 80.295702888777328, 29.211515645430723 ], [ 80.295679262687884, 29.212142645566701 ], [ 80.295773387531881, 29.212481520905499 ], [ 80.295731825363532, 29.212921207547765 ], [ 80.29582513901903, 29.213379645953921 ], [ 80.295935950783587, 29.214090833425246 ], [ 80.296236639109679, 29.215294833190057 ], [ 80.296321138509768, 29.215820833164969 ], [ 80.296354137333651, 29.216071458930742 ], [ 80.296499575694895, 29.216381270879026 ], [ 80.29661307553306, 29.21670220744096 ], [ 80.296840139061203, 29.217398208060899 ], [ 80.297050075900358, 29.217721957702224 ], [ 80.29724038773378, 29.218144709211003 ], [ 80.297373638482668, 29.218400332509361 ], [ 80.297581952045505, 29.219010583671547 ], [ 80.297638201042218, 29.219247708814748 ], [ 80.297788325770682, 29.219857583161001 ], [ 80.297804013544464, 29.220383271071171 ], [ 80.297820888423303, 29.220739770424132 ], [ 80.29778001243767, 29.221077958680894 ], [ 80.297762167190342, 29.221211641104389 ], [ 80.297739389161563, 29.221382271274877 ], [ 80.297726331904755, 29.221416934743786 ], [ 80.2977184727294, 29.221437798115915 ], [ 80.297503638182434, 29.222008145459597 ], [ 80.297043024316167, 29.22267690111812 ], [ 80.297015952024651, 29.222716207786789 ], [ 80.296821264090113, 29.222985895582667 ], [ 80.296567264068017, 29.223408646192127 ], [ 80.296391388152074, 29.223746083514982 ], [ 80.296373076156613, 29.223792048764096 ], [ 80.296155513965857, 29.224338145888794 ], [ 80.295882075997042, 29.224792396152225 ], [ 80.295588700957865, 29.225384145561918 ], [ 80.295374013899675, 29.225705645998801 ], [ 80.295061950948309, 29.226159646250721 ], [ 80.294126325969216, 29.227492458610129 ], [ 80.293911825970042, 29.227780082484855 ], [ 80.293580013906592, 29.22830402121366 ], [ 80.293281433591346, 29.228659153597107 ], [ 80.293268513930855, 29.228674521212213 ], [ 80.292917951902041, 29.229112583678841 ], [ 80.292566700992495, 29.229704021023792 ], [ 80.292409576840555, 29.230057334078765 ], [ 80.292310701777524, 29.230413207503602 ], [ 80.292346512781421, 29.23081945915078 ], [ 80.2922875757111, 29.230972583118273 ], [ 80.292379950474412, 29.231564082516456 ], [ 80.292435700347369, 29.231871208189773 ], [ 80.292913637854156, 29.232550458037281 ], [ 80.293258950540178, 29.232872645556199 ], [ 80.293294361345772, 29.232890127477447 ], [ 80.293335106929703, 29.232910242613684 ], [ 80.293605325325586, 29.233043646247324 ], [ 80.294296576625754, 29.233606771135612 ], [ 80.294660700431052, 29.233998958285326 ], [ 80.295005576046549, 29.234388771224872 ], [ 80.295158575907635, 29.234628707648767 ], [ 80.295502700589225, 29.235086208062114 ], [ 80.295731700357749, 29.23549345795675 ], [ 80.295999888983772, 29.235817458508961 ], [ 80.296209638763855, 29.23617495790802 ], [ 80.296783512349293, 29.236972083694752 ], [ 80.297059708538768, 29.237323867002885 ], [ 80.297185450847962, 29.23748402097084 ], [ 80.297607388470283, 29.237892332964861 ], [ 80.297886275431324, 29.238126635136155 ], [ 80.297972138203647, 29.238198770656766 ], [ 80.298375387913893, 29.238523458291013 ], [ 80.29858695072727, 29.238659896237266 ], [ 80.298971950495172, 29.238831146040582 ], [ 80.299318139120885, 29.239035957643409 ], [ 80.299933325762424, 29.239393332936004 ], [ 80.300202200571164, 29.239615834203448 ], [ 80.300509888320732, 29.239804708920246 ], [ 80.300817263106239, 29.240043146174287 ], [ 80.301065950833049, 29.24039864548115 ], [ 80.301256825642042, 29.240704146079509 ], [ 80.301696451130397, 29.241351646261535 ], [ 80.301963075835317, 29.241910208889067 ], [ 80.302038950737028, 29.242097895601432 ], [ 80.302189075465492, 29.242775396267575 ], [ 80.302280889051872, 29.243452646022831 ], [ 80.302241013112337, 29.243639707706393 ], [ 80.302216200817099, 29.244451646226537 ], [ 80.302135388637339, 29.244943020504024 ], [ 80.302035388522427, 29.24546808428471 ], [ 80.301759575444123, 29.246263021121592 ], [ 80.301524637452133, 29.246769333138275 ], [ 80.301367637406599, 29.247106895466914 ], [ 80.300879825343713, 29.247866834287038 ], [ 80.300625639161979, 29.248321207757556 ], [ 80.300369709194797, 29.248935810739113 ], [ 80.300351013188788, 29.248980708492979 ], [ 80.30034963902466, 29.249183707961777 ], [ 80.300270888990383, 29.249420208975494 ], [ 80.300249888921314, 29.249623083438621 ], [ 80.300249576856572, 29.249999833725383 ], [ 80.300245012797177, 29.250669834045652 ], [ 80.300371014111079, 29.251577333627097 ], [ 80.300445253145995, 29.252000283886048 ], [ 80.300455825575966, 29.252060520476675 ], [ 80.300781262345424, 29.252815709077765 ], [ 80.301063762782462, 29.253358645984804 ], [ 80.301674576020901, 29.25423027071048 ], [ 80.301848450945329, 29.254578583534851 ], [ 80.301889764001487, 29.254984834282709 ], [ 80.301797763356149, 29.255564146068537 ], [ 80.301591887855409, 29.256702270493463 ], [ 80.301276013577194, 29.257801520823591 ], [ 80.300848950718546, 29.259035458119968 ], [ 80.300858607638702, 29.260254472965585 ], [ 80.300860888319392, 29.260542396314577 ], [ 80.300964763613024, 29.261431770959518 ], [ 80.301047513831747, 29.262224020622114 ], [ 80.301264013923173, 29.262784582442578 ], [ 80.301656576090181, 29.263366396142317 ], [ 80.301782143930836, 29.263461417610358 ], [ 80.30209488856832, 29.26369808409936 ], [ 80.302555326167408, 29.264047834040355 ], [ 80.303015950825511, 29.264320959045051 ], [ 80.303323013546276, 29.264514333969373 ], [ 80.303474263326621, 29.264979832952974 ], [ 80.303841764086201, 29.265985520515414 ], [ 80.304054076034845, 29.267164270914407 ], [ 80.304394638501833, 29.268925583249143 ], [ 80.3049122630905, 29.27056827050933 ], [ 80.305496200988955, 29.272213582890572 ], [ 80.305690200942081, 29.272814645679432 ], [ 80.305921200802857, 29.274514520828518 ], [ 80.306197763915748, 29.275946146197725 ], [ 80.306237067886457, 29.276554649077866 ], [ 80.306237701908458, 29.276564458882717 ], [ 80.306230888644677, 29.277568334311241 ], [ 80.306136387884067, 29.278515270963055 ], [ 80.30606226396236, 29.27973077125813 ], [ 80.305855575474482, 29.280945645625081 ], [ 80.305761700642051, 29.281795584098973 ], [ 80.305779575567044, 29.282434082966631 ], [ 80.305928826154457, 29.283149958603758 ], [ 80.305877825601215, 29.284171646004722 ], [ 80.30598070084875, 29.285273020533509 ], [ 80.306434514041655, 29.286570208948035 ], [ 80.306978763958853, 29.287576895657253 ], [ 80.307392639159048, 29.288255833440019 ], [ 80.307806638465649, 29.288973083241274 ], [ 80.308551763653043, 29.289574708106329 ], [ 80.309034825496838, 29.289829896132858 ], [ 80.309716450453891, 29.290025146143648 ], [ 80.310928075570303, 29.290090020538059 ], [ 80.311495575660331, 29.290034332718335 ], [ 80.311532011693032, 29.290053413634155 ], [ 80.311830576719785, 29.290209770664433 ], [ 80.312020565696628, 29.290482361471845 ], [ 80.312223450951535, 29.29077345762903 ], [ 80.312662075494472, 29.291084832598983 ], [ 80.313077637822801, 29.291569709274711 ], [ 80.3131435770145, 29.291667021316016 ], [ 80.313273888779008, 29.291859459146792 ], [ 80.313840200864661, 29.292848145925234 ], [ 80.314276514149867, 29.293506832774142 ], [ 80.315041200491066, 29.294514645434617 ], [ 80.315935450360826, 29.295872708059107 ], [ 80.316632263068527, 29.297130520557118 ], [ 80.317023826088757, 29.297906334209983 ], [ 80.317220201151429, 29.298216334116603 ], [ 80.317326762719972, 29.298738020942949 ], [ 80.317652452198956, 29.299493145692168 ], [ 80.31793451286751, 29.300130771318095 ], [ 80.318415575518429, 29.300694896252537 ], [ 80.319102263658579, 29.301106707508609 ], [ 80.319293575538154, 29.301220458257603 ], [ 80.319512450739069, 29.301453959132971 ], [ 80.319643512538107, 29.301628271127868 ], [ 80.320075263562615, 29.302981770592282 ], [ 80.320179638879267, 29.303889146067263 ], [ 80.320100199064996, 29.304136843640492 ], [ 80.319931887346797, 29.304661645718454 ], [ 80.31926526398081, 29.30548839607269 ], [ 80.318849939972836, 29.305848403680955 ], [ 80.318600326843693, 29.306064770672663 ], [ 80.318155701124738, 29.306642209170661 ], [ 80.317865264170678, 29.307258832928824 ], [ 80.31761638758627, 29.308202771240929 ], [ 80.317590014067946, 29.308879395967381 ], [ 80.317869388461588, 29.309923020531016 ], [ 80.318321450674489, 29.311567583777048 ], [ 80.318687263406559, 29.312884646309442 ], [ 80.318693512795448, 29.313347084000782 ], [ 80.318702139092522, 29.313985520815208 ], [ 80.318677374461345, 29.314190150754882 ], [ 80.318608825437025, 29.314756582450343 ], [ 80.318539372594046, 29.314873853145855 ], [ 80.318099275860959, 29.315616948563388 ], [ 80.318096014019886, 29.315622457810207 ], [ 80.318087822994698, 29.315628358262188 ], [ 80.316257950843806, 29.316946270653943 ], [ 80.315038887434753, 29.317943895794201 ], [ 80.314526388082413, 29.318791709170114 ], [ 80.314014701717156, 29.319483833712013 ], [ 80.313128387465156, 29.320176333271206 ], [ 80.312306576187609, 29.321137645585907 ], [ 80.311473598927478, 29.321921970422636 ], [ 80.311308201012707, 29.322077708719348 ], [ 80.311246441869855, 29.322114707727621 ], [ 80.310182975563919, 29.322751816243397 ], [ 80.310091138595226, 29.322806834068217 ], [ 80.309737575528743, 29.322940333929296 ], [ 80.309399829738425, 29.323000394252858 ], [ 80.309199557913303, 29.323036008305166 ], [ 80.308369325384092, 29.323183645508891 ], [ 80.306639577454575, 29.323230137760675 ], [ 80.306539263476282, 29.323232833928216 ], [ 80.305768513905832, 29.323149832798606 ], [ 80.304997075454708, 29.323127770630151 ], [ 80.304492580068597, 29.323210017228575 ], [ 80.304313138340717, 29.323239271275384 ], [ 80.303318888356046, 29.323563458886554 ], [ 80.30232545045925, 29.323808645552617 ], [ 80.301641075375358, 29.323940333279836 ], [ 80.300936263198025, 29.323860021123153 ], [ 80.300298263454124, 29.3237010830386 ], [ 80.30006811165407, 29.323687353088928 ], [ 80.299593200365962, 29.323659020847174 ], [ 80.299064076146237, 29.323676520754873 ], [ 80.298622575571471, 29.323771208574442 ], [ 80.297892014005299, 29.32420952105258 ], [ 80.297770467932821, 29.324349371926019 ], [ 80.297675388908146, 29.324458770855642 ], [ 80.296936826073704, 29.325307584277652 ], [ 80.295735325524902, 29.326941271122791 ], [ 80.294445012427445, 29.328653395937522 ], [ 80.29371276373314, 29.329326270491038 ], [ 80.293465231635196, 29.329568628789218 ], [ 80.293465050871475, 29.329568806854979 ], [ 80.292869450564751, 29.330151958745944 ], [ 80.292579575686943, 29.33065345849036 ], [ 80.292517535955596, 29.330916557852902 ], [ 80.29246588878982, 29.331135584139929 ], [ 80.292327576656419, 29.332003333686941 ], [ 80.292279389182511, 29.332603208471369 ], [ 80.292494325352891, 29.333396083162768 ], [ 80.292862762306697, 29.334325208741461 ], [ 80.292969950702741, 29.334749833538012 ], [ 80.292764389065383, 29.335811270973409 ], [ 80.292207013542907, 29.336697084303069 ], [ 80.291430451654094, 29.337446520840331 ], [ 80.2899465765733, 29.338404020928863 ], [ 80.288574700362176, 29.339129896127872 ], [ 80.287579889200572, 29.339550957810502 ], [ 80.286759201176267, 29.340241334070356 ], [ 80.286315763461744, 29.340606707933262 ], [ 80.285050887688385, 29.341815770881169 ], [ 80.284646763837145, 29.342393395538807 ], [ 80.284093138487606, 29.343182208891903 ], [ 80.283380701857936, 29.344182208242387 ], [ 80.282705159015961, 29.345064882938061 ], [ 80.28229057604932, 29.345606584176551 ], [ 80.281823013121596, 29.346242457923154 ], [ 80.28115182659559, 29.347628395933782 ], [ 80.280855887589212, 29.348978084071348 ], [ 80.280845825974154, 29.350408208472118 ], [ 80.280969888349716, 29.351586395895481 ], [ 80.28103351268652, 29.351916145813504 ], [ 80.281158763066514, 29.352920646270832 ], [ 80.281237460940133, 29.353255688699107 ], [ 80.281458512500421, 29.354196770764418 ], [ 80.281318451185655, 29.355296896134917 ], [ 80.281302088920313, 29.355379940431931 ], [ 80.281112888648977, 29.356340207734434 ], [ 80.281105950379356, 29.357323708122692 ], [ 80.281230137760701, 29.358483895615336 ], [ 80.281182887380396, 29.358928021311158 ], [ 80.281024826134853, 29.359430209036987 ], [ 80.28080163868475, 29.359814770835044 ], [ 80.280403012389172, 29.360063020591951 ], [ 80.279298638621356, 29.36032777110978 ], [ 80.278502700839056, 29.360632520774288 ], [ 80.277439700381933, 29.361283208153566 ], [ 80.27699663858408, 29.361571770920534 ], [ 80.276377638817053, 29.361798583537848 ], [ 80.275295451324098, 29.362063396108908 ], [ 80.274476826344539, 29.362426583719923 ], [ 80.273723575782469, 29.362925521295836 ], [ 80.272968263974235, 29.363713207798355 ], [ 80.272808451748688, 29.364504084196199 ], [ 80.272963577607072, 29.365308348801307 ], [ 80.273006200975431, 29.365529332912445 ], [ 80.273021075762074, 29.365606145807021 ], [ 80.2732093875033, 29.36701702111867 ], [ 80.273355638851683, 29.368177333617098 ], [ 80.273414513868772, 29.369181521110363 ], [ 80.273583825633125, 29.370186270679881 ], [ 80.273581888493425, 29.370456957622537 ], [ 80.273424888447892, 29.37089595898135 ], [ 80.273350013592335, 29.371105333744197 ], [ 80.273154575623209, 29.371652458794017 ], [ 80.273123930325198, 29.371766749136214 ], [ 80.272859825520584, 29.372751709124145 ], [ 80.27281288900366, 29.373157458050287 ], [ 80.272985763881934, 29.37365920870559 ], [ 80.273204826141864, 29.373874707851542 ], [ 80.274220575319362, 29.375003645701725 ], [ 80.274512076171447, 29.375248833267108 ], [ 80.274939826112131, 29.375542208306342 ], [ 80.275405701911666, 29.375993645490382 ], [ 80.275988075889074, 29.376544958682928 ], [ 80.276259571322214, 29.376702288779654 ], [ 80.276825013763414, 29.377029958565799 ], [ 80.27742920079703, 29.377306207815309 ], [ 80.277564950761928, 29.377412958241507 ], [ 80.278052263701056, 29.377620895887674 ], [ 80.278911451702186, 29.377812770742821 ], [ 80.279419200835491, 29.377901208274181 ], [ 80.280161387937767, 29.378078957477953 ], [ 80.280375263807457, 29.378199646496512 ], [ 80.280607200761779, 29.378543771178158 ], [ 80.280624512711142, 29.378834896113631 ], [ 80.280556138155305, 29.379066833967272 ], [ 80.280523575502684, 29.379177207761984 ], [ 80.280264138179518, 29.379809709050903 ], [ 80.279789637881549, 29.380438770432988 ], [ 80.278844513363651, 29.381189332921451 ], [ 80.278214764000211, 29.381596521662175 ], [ 80.277801825893619, 29.381901084267668 ], [ 80.277427200704778, 29.382239645743084 ], [ 80.277137734119208, 29.382513120584122 ], [ 80.27677670038446, 29.382854208255139 ], [ 80.27630145095128, 29.383537396233919 ], [ 80.276071701148169, 29.383833958470461 ], [ 80.275549825464111, 29.384507833070074 ], [ 80.275212451093807, 29.385088020795592 ], [ 80.274856013794079, 29.385634270804985 ], [ 80.274616763552842, 29.386181083790063 ], [ 80.274533638316825, 29.386780707663604 ], [ 80.27450938809784, 29.387344520533247 ], [ 80.274602950865528, 29.3878593329419 ], [ 80.274795076631563, 29.388237146227368 ], [ 80.274968513586089, 29.388580958844216 ], [ 80.275394013423011, 29.389185583847677 ], [ 80.275483861091345, 29.389273541141051 ], [ 80.275762388323642, 29.389546209290188 ], [ 80.276345326175942, 29.390029896162844 ], [ 80.276811514040219, 29.39044295747658 ], [ 80.27714057597683, 29.390855332607543 ], [ 80.277254951754685, 29.391216833989745 ], [ 80.277252638698371, 29.391489833988715 ], [ 80.277152637684139, 29.391798333826102 ], [ 80.276940076623305, 29.392209958023216 ], [ 80.276340325945341, 29.393009770984179 ], [ 80.275491700481666, 29.393880457716989 ], [ 80.27466520193758, 29.394473708994553 ], [ 80.27399601370513, 29.394932520619363 ], [ 80.273446137629207, 29.395186708599795 ], [ 80.272839138415577, 29.395282645577709 ], [ 80.271801326170305, 29.395362707722825 ], [ 80.271330951062623, 29.395445833858219 ], [ 80.27108454491588, 29.395489434789624 ], [ 80.270860825966395, 29.395529021147468 ], [ 80.26988026366331, 29.395812395725557 ], [ 80.269611257553549, 29.39590722923532 ], [ 80.26868320036948, 29.396234396300372 ], [ 80.267761889000042, 29.396466208248967 ], [ 80.267318787632007, 29.396618939212715 ], [ 80.266486450689229, 29.396905832837945 ], [ 80.265799451383657, 29.397193083494074 ], [ 80.265667971399807, 29.397295284249992 ], [ 80.265563138328218, 29.397376770921312 ], [ 80.265228576137929, 29.397582458463717 ], [ 80.264617263775733, 29.398143021183557 ], [ 80.264065513512719, 29.398602395783996 ], [ 80.263337326156716, 29.399112707985125 ], [ 80.262708325928543, 29.399483708006755 ], [ 80.262393262838884, 29.399721083161523 ], [ 80.261883137696714, 29.399907708673879 ], [ 80.260802826189547, 29.400431832663003 ], [ 80.25992013890334, 29.400699896283243 ], [ 80.259292012816218, 29.400901708646984 ], [ 80.259016701559574, 29.401071584286228 ], [ 80.25883970059175, 29.401190207562081 ], [ 80.258693013971481, 29.401302147076478 ], [ 80.258347202161701, 29.40156420772206 ], [ 80.257932763985934, 29.402006272171775 ], [ 80.257715451806689, 29.402262208434195 ], [ 80.25741838864775, 29.40263727159288 ], [ 80.257004325489277, 29.403027458650342 ], [ 80.256590326182675, 29.403404145984609 ], [ 80.255665326693531, 29.404030584044278 ], [ 80.254702575463568, 29.40450345746865 ], [ 80.254094514150552, 29.404689521804016 ], [ 80.253486451038953, 29.404873334237038 ], [ 80.25268195081145, 29.405141771075932 ], [ 80.252269325668919, 29.405326708560779 ], [ 80.251582200458245, 29.405580020601519 ], [ 80.251072200321858, 29.405782457994064 ], [ 80.249999700325986, 29.406193708073204 ], [ 80.249933450868127, 29.406220397253605 ], [ 80.249777386117557, 29.406282882149355 ], [ 80.24963888872378, 29.406338333447366 ], [ 80.249528386326006, 29.40642371418312 ], [ 80.249067888472325, 29.406779521058127 ], [ 80.248753075394177, 29.406933395959527 ], [ 80.248342132883181, 29.407094650697616 ], [ 80.248243076157109, 29.407133521195078 ], [ 80.24765801410615, 29.407382896003924 ], [ 80.247077763428081, 29.407814959093116 ], [ 80.246736700938072, 29.408162708941916 ], [ 80.246414576371649, 29.408612021027977 ], [ 80.246373390119913, 29.408677981803464 ], [ 80.245971012752079, 29.40932239551222 ], [ 80.245368388740189, 29.410067833663618 ], [ 80.244887264036038, 29.410500521781728 ], [ 80.244607575779071, 29.410654582842767 ], [ 80.244261545434028, 29.410803517768159 ], [ 80.24404895109825, 29.410895021088379 ], [ 80.243768387800912, 29.411119020626359 ], [ 80.243528575483424, 29.411273270545053 ], [ 80.243326951977338, 29.411585707614393 ], [ 80.243285450962844, 29.411793021131075 ], [ 80.243302700859033, 29.412072833494506 ], [ 80.243578763049527, 29.412369896653445 ], [ 80.244170575411772, 29.4129146456944 ], [ 80.244558950335374, 29.413356307247852 ], [ 80.244663012687965, 29.413474647237251 ], [ 80.245097887957229, 29.413774833741627 ], [ 80.246107950721409, 29.414231708226794 ], [ 80.246701826128458, 29.41455089560742 ], [ 80.247134825411933, 29.415058645640045 ], [ 80.247507138443723, 29.415669833895777 ], [ 80.247643200473362, 29.416087895440057 ], [ 80.247497763011438, 29.416766084087556 ], [ 80.247335700682072, 29.417130645862642 ], [ 80.246930138814889, 29.418050958984622 ], [ 80.246780791100662, 29.41825871226979 ], [ 80.246668513441193, 29.418414895730905 ], [ 80.246104637618998, 29.4192282075158 ], [ 80.245820263894132, 29.419923709012039 ], [ 80.245777200757288, 29.420306957799937 ], [ 80.245793513559875, 29.421186832906074 ], [ 80.245843451114411, 29.421839021253902 ], [ 80.245796700757182, 29.422673396060418 ], [ 80.24567045033109, 29.423457708306671 ], [ 80.245745264032792, 29.424015333840657 ], [ 80.246017263086287, 29.424781584102902 ], [ 80.24632920103187, 29.425514208713821 ], [ 80.246701514063659, 29.426163708988042 ], [ 80.247130576115239, 29.427122583240703 ], [ 80.247404201143013, 29.427665521047004 ], [ 80.247598702018536, 29.428205770779755 ], [ 80.247812763148545, 29.428746147316872 ], [ 80.248125264069756, 29.429393020671398 ], [ 80.248320764092057, 29.429793396148341 ], [ 80.248436014010906, 29.43028133321701 ], [ 80.248512138024807, 29.430665208832352 ], [ 80.248528388774162, 29.431082646247205 ], [ 80.248625763768018, 29.431326833766434 ], [ 80.248880326765743, 29.431799646036893 ], [ 80.249054075785011, 29.432394021466962 ], [ 80.249012075646817, 29.432673458813099 ], [ 80.248968575439449, 29.433072459226651 ], [ 80.248985139152921, 29.433489895742127 ], [ 80.249060826995617, 29.433925709004313 ], [ 80.249097888956442, 29.43427552189786 ], [ 80.249153763835182, 29.434693208424903 ], [ 80.249149701597503, 29.435162396427529 ], [ 80.249103264204336, 29.435911020876972 ], [ 80.249039763973997, 29.436397895846255 ], [ 80.248996201713396, 29.436848833007275 ], [ 80.248550888912462, 29.437732833303642 ], [ 80.247827575881956, 29.438583707971816 ], [ 80.246923950579912, 29.439586957472159 ], [ 80.246104527901707, 29.440293298496954 ], [ 80.245962012337031, 29.440416145888491 ], [ 80.245414853113061, 29.440651546132017 ], [ 80.245123637346069, 29.440776832484858 ], [ 80.244702950680676, 29.441121834005514 ], [ 80.244579512434598, 29.441608396910055 ], [ 80.24457632613661, 29.441991833656232 ], [ 80.24465157600946, 29.442445708902369 ], [ 80.244645075709741, 29.443192334158937 ], [ 80.244640200484923, 29.443767520754534 ], [ 80.244872888373152, 29.444447833600691 ], [ 80.245461013515012, 29.445477520471229 ], [ 80.24589495079141, 29.445915332926347 ], [ 80.246904262621683, 29.446480520859382 ], [ 80.247697577081567, 29.446728645610563 ], [ 80.248311887783473, 29.446786207617436 ], [ 80.249382638597922, 29.446848645748446 ], [ 80.249815208005487, 29.446851099098978 ], [ 80.249999889183584, 29.446852145909872 ], [ 80.251435888855269, 29.446885020627235 ], [ 80.252655326382239, 29.446973084040621 ], [ 80.253101638330008, 29.447000395551868 ], [ 80.253666075329193, 29.447134395436024 ], [ 80.254260138694519, 29.447270834281653 ], [ 80.255120013777685, 29.447665895664613 ], [ 80.255566138666438, 29.447668395779885 ], [ 80.256102139102495, 29.447644333519236 ], [ 80.256607389019848, 29.447728396748175 ], [ 80.257319013561698, 29.448045896101291 ], [ 80.257588415373107, 29.448315154920522 ], [ 80.25779107579757, 29.448517707426333 ], [ 80.258083325784924, 29.449169021633111 ], [ 80.25825351348891, 29.450133146127826 ], [ 80.258398013857288, 29.450655020912563 ], [ 80.258661325459855, 29.4511775836786 ], [ 80.258851702044467, 29.451402021186368 ], [ 80.25916363909073, 29.451627083722997 ], [ 80.259817075697526, 29.451786333872235 ], [ 80.260352639063115, 29.45181639551032 ], [ 80.260978639152938, 29.45168902093161 ], [ 80.261995575435492, 29.451096896504623 ], [ 80.262975501917936, 29.450423971589089 ], [ 80.263611887378772, 29.449986958631314 ], [ 80.264865950603223, 29.449526959002014 ], [ 80.265909889030183, 29.449246208645661 ], [ 80.266327325545717, 29.449169582810043 ], [ 80.267133200836611, 29.448889770446613 ], [ 80.267651700465649, 29.448736957644542 ], [ 80.268087888745129, 29.448608520966502 ], [ 80.268594950796398, 29.448532396053281 ], [ 80.268861763459654, 29.448612771162516 ], [ 80.26954263838212, 29.449087895589969 ], [ 80.269896013490268, 29.449507271043785 ], [ 80.270339076187497, 29.449899959115896 ], [ 80.270753263452377, 29.450188708941823 ], [ 80.271048575631312, 29.450476770786395 ], [ 80.27146413885896, 29.450664020428235 ], [ 80.271999263355383, 29.450666958513352 ], [ 80.27277513816216, 29.450436583681437 ], [ 80.274119826069182, 29.449821334087346 ], [ 80.275491950493176, 29.449463395819123 ], [ 80.275967763801304, 29.449517833581183 ], [ 80.276440639024315, 29.449888083568226 ], [ 80.276645637686102, 29.450331332425094 ], [ 80.276669513787112, 29.451008208961753 ], [ 80.276516701884361, 29.45147658307792 ], [ 80.276124138818034, 29.452176020906677 ], [ 80.275733450838118, 29.452616020513005 ], [ 80.274776138707864, 29.453210833912919 ], [ 80.273641701503379, 29.453619770935745 ], [ 80.273134825611749, 29.453720771096755 ], [ 80.272271137403152, 29.453792708766571 ], [ 80.271616263679675, 29.453816208051592 ], [ 80.271137389079286, 29.454097832548996 ], [ 80.270924198493049, 29.454465161538053 ], [ 80.270895950787576, 29.454513833746489 ], [ 80.270861701006766, 29.455034708485073 ], [ 80.271481075791087, 29.455687770973896 ], [ 80.271997571730594, 29.456040825024104 ], [ 80.272369262431596, 29.456294896991949 ], [ 80.272723512580114, 29.456635208548107 ], [ 80.272959637677218, 29.456871146586195 ], [ 80.273315513799957, 29.457028707808661 ], [ 80.273719825609533, 29.457118896320083 ], [ 80.274010700533438, 29.45713852222508 ], [ 80.274339701316194, 29.457226020864198 ], [ 80.27478482615885, 29.457381833804618 ], [ 80.275770513698319, 29.4578293328575 ], [ 80.276602138378053, 29.458140645774222 ], [ 80.277143139044711, 29.458414333754547 ], [ 80.277301168813949, 29.458440183867424 ], [ 80.27789851290612, 29.458537897006408 ], [ 80.279139888495138, 29.458598834168924 ], [ 80.280071077118578, 29.45858583267011 ], [ 80.280603919135615, 29.458526829949278 ], [ 80.280642876867319, 29.45852251590145 ], [ 80.28078957697744, 29.458506270548014 ], [ 80.281607951046169, 29.458104645912726 ], [ 80.281611777661453, 29.458101224891664 ], [ 80.282174764054162, 29.457597895926199 ], [ 80.282333702138715, 29.457122770599426 ], [ 80.282299876837897, 29.456904120229012 ], [ 80.282278513442691, 29.456766021234955 ], [ 80.281983631139724, 29.456330641446016 ], [ 80.28193351372073, 29.456256646127372 ], [ 80.281299450309461, 29.455520082485862 ], [ 80.281108200483118, 29.455178395866312 ], [ 80.280785138823148, 29.454346521175069 ], [ 80.280672451072803, 29.453919584221467 ], [ 80.280715075340538, 29.453446083969652 ], [ 80.281011575523848, 29.452802521019578 ], [ 80.281221118459882, 29.452399392717837 ], [ 80.281267638590691, 29.452309895785106 ], [ 80.281311920308951, 29.452201594927715 ], [ 80.281425950747064, 29.451922708865993 ], [ 80.28162576391793, 29.451229084254862 ], [ 80.281809381198059, 29.451121537928657 ], [ 80.282171576856854, 29.450909395951896 ], [ 80.282715075840144, 29.450860458443458 ], [ 80.283160825711605, 29.450930521026748 ], [ 80.283973513367016, 29.45119208254863 ], [ 80.28457351405649, 29.451314895765904 ], [ 80.285019388933733, 29.451366895465924 ], [ 80.285581325817589, 29.451455645961346 ], [ 80.286531450566031, 29.451548770759189 ], [ 80.287248452154415, 29.451620209305247 ], [ 80.287733076120617, 29.451656646237268 ], [ 80.288082701055885, 29.4516066466295 ], [ 80.288434263130796, 29.451319770990665 ], [ 80.288591326128881, 29.451065708016074 ], [ 80.288757349072455, 29.450814604710274 ], [ 80.288846952125198, 29.450679083173213 ], [ 80.289160825411841, 29.450204770833579 ], [ 80.289550638351329, 29.4500218972928 ], [ 80.290035201163676, 29.450074084051778 ], [ 80.290499075971638, 29.450263707903844 ], [ 80.291078637768976, 29.450555645826455 ], [ 80.291406887617825, 29.450746832700247 ], [ 80.29150293341371, 29.450822810124635 ], [ 80.292486387936492, 29.451600770459265 ], [ 80.292640200784717, 29.451770834056788 ], [ 80.292928763551629, 29.452061021898714 ], [ 80.293350263204161, 29.45237683412364 ], [ 80.293718889015565, 29.452696895645261 ], [ 80.294027762970927, 29.452901521088393 ], [ 80.29447145069696, 29.45322645783483 ], [ 80.294529326567215, 29.453244832782843 ], [ 80.294879950649261, 29.453458708652533 ], [ 80.295201826103437, 29.453600271835114 ], [ 80.295491763034477, 29.453701084037846 ], [ 80.296138014058158, 29.453760896148481 ], [ 80.296913762959832, 29.45372664546835 ], [ 80.297512888608992, 29.453558332850832 ], [ 80.297919013451747, 29.453292084062468 ], [ 80.298017200533423, 29.453179772228737 ], [ 80.298313825722516, 29.452445958714065 ], [ 80.298480201200391, 29.451867083099444 ], [ 80.298680701453293, 29.451049271107024 ], [ 80.29889820069144, 29.45085120621826 ], [ 80.298973762629089, 29.450782395491217 ], [ 80.299333888048579, 29.450804583564718 ], [ 80.299978326038968, 29.450884707763123 ], [ 80.300489639185571, 29.450984395813293 ], [ 80.301112014108242, 29.451086896043478 ], [ 80.30162038916967, 29.451518147044908 ], [ 80.303103577168429, 29.452441770571284 ], [ 80.303586451053945, 29.452730771308097 ], [ 80.304189075965155, 29.453092645908953 ], [ 80.30434276290822, 29.453328021870789 ], [ 80.304367835107541, 29.453387633432612 ], [ 80.304474012665594, 29.453640083922778 ], [ 80.304560576009806, 29.453931458869761 ], [ 80.304511950566109, 29.454459020967079 ], [ 80.304262762816336, 29.455001395797808 ], [ 80.303878576035515, 29.455721271619439 ], [ 80.303493062754683, 29.456309478599621 ], [ 80.303270075853391, 29.456649708317457 ], [ 80.302866138161789, 29.457114646124069 ], [ 80.301702200496209, 29.45792733377948 ], [ 80.301375316717554, 29.458100448776747 ], [ 80.300361075703165, 29.458637584157259 ], [ 80.299510263987543, 29.459276021870949 ], [ 80.298209950428941, 29.460417396445735 ], [ 80.297647325563673, 29.46117239618917 ], [ 80.297061512578807, 29.462067146081949 ], [ 80.296676450757673, 29.462901958858367 ], [ 80.296426950943101, 29.463484895811348 ], [ 80.29629195101279, 29.463675896525444 ], [ 80.295684700888273, 29.464432895461812 ], [ 80.295212888663912, 29.464956021203477 ], [ 80.294495138839636, 29.465674021039263 ], [ 80.294022763639703, 29.466136207819773 ], [ 80.293709201518482, 29.466522583550443 ], [ 80.293347701035657, 29.467204145554945 ], [ 80.293121450494596, 29.467631583430887 ], [ 80.293109632503615, 29.467674832727425 ], [ 80.29298357543172, 29.468136146266204 ], [ 80.292800075962816, 29.46885695918138 ], [ 80.292596013495256, 29.469282271959344 ], [ 80.292532512365597, 29.469376708868083 ], [ 80.292498951465518, 29.469428395604041 ], [ 80.292077887984192, 29.470060020953269 ], [ 80.291180826833738, 29.470889895552261 ], [ 80.29082138849634, 29.471278208422632 ], [ 80.290240138671493, 29.471586397094597 ], [ 80.289994013113244, 29.471761022053556 ], [ 80.28985813814262, 29.471886468485764 ], [ 80.289702451107303, 29.472030208027718 ], [ 80.289297190512968, 29.472613058645777 ], [ 80.289161763404707, 29.47280783291518 ], [ 80.288900063387246, 29.473398745955421 ], [ 80.288776075655448, 29.473678708505645 ], [ 80.288570889035384, 29.474261895470136 ], [ 80.288501513534072, 29.474593147255973 ], [ 80.288297638125584, 29.475040896320365 ], [ 80.288265075472907, 29.476285959129768 ], [ 80.288327076533392, 29.47687052115765 ], [ 80.28848038845922, 29.47716458327892 ], [ 80.288656638493137, 29.47739789619601 ], [ 80.288967013416993, 29.477575521293318 ], [ 80.289298887533675, 29.477814145606374 ], [ 80.289531857809038, 29.47791143156735 ], [ 80.289720201026512, 29.477990082676229 ], [ 80.290319388728847, 29.478207583713072 ], [ 80.290875637400802, 29.478251145973672 ], [ 80.291700888585183, 29.47808183420932 ], [ 80.292301950474666, 29.478026395501786 ], [ 80.293080950425576, 29.478068896562377 ], [ 80.293769513652194, 29.478228208764847 ], [ 80.294168264054179, 29.478446833054932 ], [ 80.294345889151543, 29.478526771093641 ], [ 80.294721200523043, 29.47887839702048 ], [ 80.294940950764328, 29.479249522047837 ], [ 80.295159263888991, 29.479796584145106 ], [ 80.29573113738212, 29.480656772192333 ], [ 80.296346387875531, 29.481634520516764 ], [ 80.297185387895411, 29.482457833662124 ], [ 80.298001138641666, 29.4834366467839 ], [ 80.298135086365221, 29.483902421859341 ], [ 80.298152513427794, 29.483963020876786 ], [ 80.298173075527075, 29.4841593959394 ], [ 80.298123013866075, 29.484878708785459 ], [ 80.298054263393624, 29.485131020780045 ], [ 80.29798238867636, 29.485735146659749 ], [ 80.297754888977011, 29.486338520706227 ], [ 80.297707387685875, 29.486726270600968 ], [ 80.297681575344484, 29.487154708523008 ], [ 80.29767576302612, 29.487856270550481 ], [ 80.297741138342928, 29.488050582568405 ], [ 80.29802751305931, 29.488403957676553 ], [ 80.298778450565123, 29.489109520787792 ], [ 80.298977325743067, 29.489342895758057 ], [ 80.299529201011865, 29.489893958939092 ], [ 80.299949325600949, 29.490245833078802 ], [ 80.300348576026011, 29.490444209132988 ], [ 80.300770512749011, 29.490581709178571 ], [ 80.301370575491717, 29.490681834299266 ], [ 80.302038012744163, 29.490746332777064 ], [ 80.302529450873521, 29.49057295787577 ], [ 80.303002326995852, 29.489855833080298 ], [ 80.303408951861684, 29.489118022079083 ], [ 80.304310262308832, 29.487780583607105 ], [ 80.304565364000382, 29.487396782635471 ], [ 80.304851138869026, 29.486966833852364 ], [ 80.305120388695059, 29.486713333853345 ], [ 80.305568763687575, 29.48632764610403 ], [ 80.30585938770065, 29.48615320910335 ], [ 80.306194638771615, 29.48599933330263 ], [ 80.306752763429358, 29.485828520569839 ], [ 80.307733762802968, 29.48560127178132 ], [ 80.308647200607879, 29.485547396994832 ], [ 80.309247950432621, 29.485552770444031 ], [ 80.309938826715552, 29.485477395565397 ], [ 80.310584451811053, 29.485460458633327 ], [ 80.310874969704173, 29.485461937118771 ], [ 80.31094057614672, 29.485462270767243 ], [ 80.311327796340777, 29.485322634831789 ], [ 80.311440075798942, 29.485282145554606 ], [ 80.312414075749075, 29.484946584217539 ], [ 80.312420961857981, 29.484944686648021 ], [ 80.313105389102475, 29.484756145579695 ], [ 80.313908513367267, 29.484566271716119 ], [ 80.314064825431387, 29.484470083827375 ], [ 80.314576825660026, 29.484493021935464 ], [ 80.31475488872718, 29.48451427111678 ], [ 80.315175325381006, 29.484827709131537 ], [ 80.315411389324197, 29.485233061456654 ], [ 80.315421763003997, 29.485250875227734 ], [ 80.315504762334967, 29.485393396188329 ], [ 80.315667186191774, 29.485873827515206 ], [ 80.315679833357706, 29.485911240211635 ], [ 80.315874514097629, 29.486487083312284 ], [ 80.315948340343709, 29.486897219131436 ], [ 80.315948708166388, 29.486899256095853 ], [ 80.316026343940678, 29.487330553862023 ], [ 80.316151701340004, 29.488026959176864 ], [ 80.316214075619143, 29.488573147133081 ], [ 80.316254700693946, 29.489098959149715 ], [ 80.316337638871005, 29.489857396102025 ], [ 80.316376013842046, 29.490617771992618 ], [ 80.31637497152775, 29.490747770793064 ], [ 80.316373825791459, 29.490890709039036 ], [ 80.316369950612795, 29.491377896972438 ], [ 80.316276825814896, 29.491903021007658 ], [ 80.31612032579244, 29.49260152084355 ], [ 80.316045700948393, 29.492763584072179 ], [ 80.315956512483126, 29.492993208869564 ], [ 80.315861964957776, 29.493248858248251 ], [ 80.315819950430409, 29.493362457911132 ], [ 80.315661014144553, 29.49374958367639 ], [ 80.315607464013283, 29.493811152163005 ], [ 80.315526200373881, 29.493904583629671 ], [ 80.315232351391955, 29.494639143581651 ], [ 80.315230826141772, 29.494642958505779 ], [ 80.315140076453417, 29.494856770523597 ], [ 80.315049387918975, 29.495070583440736 ], [ 80.314913075877826, 29.495401522262512 ], [ 80.314756732337401, 29.495824737821465 ], [ 80.314640262937814, 29.496140021245026 ], [ 80.314547201092523, 29.496606459120869 ], [ 80.314609950388956, 29.497094021172188 ], [ 80.314695638692854, 29.49758170912861 ], [ 80.314699411348784, 29.497590267077214 ], [ 80.314979762406153, 29.498226084166504 ], [ 80.315243325818869, 29.498676334245488 ], [ 80.315552263626103, 29.49904789544405 ], [ 80.315928200925782, 29.499361147299169 ], [ 80.316414887936787, 29.499695208567061 ], [ 80.316823888811484, 29.500001834217301 ], [ 80.317033013562764, 29.500001834217301 ], [ 80.317160889063814, 29.500127646673604 ], [ 80.317840200964554, 29.500442458852433 ], [ 80.318503388920305, 29.500714333799522 ], [ 80.318745450442236, 29.500857646163468 ], [ 80.319877387531449, 29.501359708883513 ], [ 80.320670014009977, 29.501704457694643 ], [ 80.321301076383634, 29.501921957832167 ], [ 80.321916075966215, 29.502110022259785 ], [ 80.32222338869849, 29.502237895962196 ], [ 80.322853263967033, 29.502624583757608 ], [ 80.323273575615076, 29.502825271968788 ], [ 80.323759012568416, 29.503026207493519 ], [ 80.325953763955113, 29.503777270904379 ], [ 80.326536200885016, 29.50407570912671 ], [ 80.327026951932339, 29.50430602100613 ], [ 80.327748451929551, 29.504539770993688 ], [ 80.328931575731701, 29.504773583933797 ], [ 80.329069387842026, 29.504841958489635 ], [ 80.329760826201209, 29.504994332422541 ], [ 80.329914076073806, 29.50507402224838 ], [ 80.330036325416131, 29.505160395835674 ], [ 80.330404577109618, 29.505333646630561 ], [ 80.330786887904594, 29.505685270758704 ], [ 80.33104632612708, 29.505982083906076 ], [ 80.331489262919206, 29.506469270940158 ], [ 80.332114762985952, 29.507293521179122 ], [ 80.332190076710731, 29.507508209136574 ], [ 80.33250901407979, 29.508127895985638 ], [ 80.332628639200379, 29.508667645695368 ], [ 80.332706421564183, 29.509166011302455 ], [ 80.33271707583242, 29.509234270745026 ], [ 80.332775576731535, 29.509703708759218 ], [ 80.332862014170701, 29.510633583473123 ], [ 80.332966575646992, 29.511105583655819 ], [ 80.333071575992506, 29.511509895465338 ], [ 80.33322257576134, 29.511941520584742 ], [ 80.333480950985177, 29.512412020698264 ], [ 80.333740202148647, 29.512749395967887 ], [ 80.334016012528991, 29.512913209277258 ], [ 80.33427726378477, 29.512995708585152 ], [ 80.335014701567275, 29.513121208976656 ], [ 80.335337826179796, 29.513109333429043 ], [ 80.335861326938755, 29.513071333475295 ], [ 80.336647263360589, 29.512872209185161 ], [ 80.337110014015991, 29.512660209301259 ], [ 80.337388263357752, 29.512458583996533 ], [ 80.337851639041958, 29.512192459314576 ], [ 80.337905927516601, 29.512152265015061 ], [ 80.338284452165794, 29.511872020977023 ], [ 80.33877876362908, 29.511551895603532 ], [ 80.33931957543814, 29.511177895443552 ], [ 80.339644576036392, 29.510922272145194 ], [ 80.339906763486397, 29.510804084141228 ], [ 80.340401263807337, 29.51046814598817 ], [ 80.340664513356671, 29.510358153506047 ], [ 80.340972076100513, 29.510229646680898 ], [ 80.341604013514484, 29.510018458884815 ], [ 80.342112388575913, 29.509926271180518 ], [ 80.342558513464667, 29.509928459231048 ], [ 80.342973575769975, 29.509957583775531 ], [ 80.343203263519854, 29.510132458746 ], [ 80.343362085591821, 29.510230394916846 ], [ 80.343402325756813, 29.510255209010722 ], [ 80.343526593177785, 29.510363075495604 ], [ 80.34424388884446, 29.510985708523663 ], [ 80.344946763882092, 29.511715520954567 ], [ 80.345099263720101, 29.511865207713242 ], [ 80.345634826186313, 29.512393396638004 ], [ 80.345982192923941, 29.512677194796765 ], [ 80.346445950820055, 29.513056083671358 ], [ 80.347042013378257, 29.513663583807386 ], [ 80.347226079420068, 29.513938155821279 ], [ 80.347377325603134, 29.514163770541643 ], [ 80.347743577204369, 29.514609959282268 ], [ 80.348109826107645, 29.515110271022252 ], [ 80.348505012496389, 29.515825021607498 ], [ 80.348672825990207, 29.516053709311279 ], [ 80.349009075308629, 29.516404958422129 ], [ 80.349375451915648, 29.516837708593414 ], [ 80.349528200865848, 29.517054958719427 ], [ 80.349894763632506, 29.517458272281488 ], [ 80.350138889098503, 29.517743646052452 ], [ 80.350337826329678, 29.517945397262338 ], [ 80.350980388334335, 29.518501270916943 ], [ 80.351346951100993, 29.51890677073095 ], [ 80.351498887963373, 29.519243646876873 ], [ 80.35154338731752, 29.519498771051474 ], [ 80.351574826716956, 29.519884645859747 ], [ 80.351259138598436, 29.520641083619182 ], [ 80.350993763051804, 29.521205958588155 ], [ 80.350603826005795, 29.522038709219089 ], [ 80.350276326191533, 29.522722897243966 ], [ 80.350167451566676, 29.522909583910234 ], [ 80.3501040754428, 29.523193520564575 ], [ 80.350055825915717, 29.523529332812529 ], [ 80.350130200748197, 29.523947021138156 ], [ 80.350205763585166, 29.524134646696666 ], [ 80.350495575510479, 29.524539833546555 ], [ 80.350740513963615, 29.524757583695589 ], [ 80.35092382547424, 29.524932208654548 ], [ 80.351890138019485, 29.525435457580329 ], [ 80.35230401232036, 29.525665272134631 ], [ 80.352518576171406, 29.525801709181565 ], [ 80.352687138800491, 29.525897271142185 ], [ 80.353071200575528, 29.525991583944517 ], [ 80.353563138727907, 29.526061646527808 ], [ 80.353900826062329, 29.526185145927798 ], [ 80.354438138609282, 29.526374957738142 ], [ 80.354821762414474, 29.526539209017358 ], [ 80.35532820033626, 29.526756021173469 ], [ 80.356018700702521, 29.527084146016591 ], [ 80.35680070079178, 29.527478208252774 ], [ 80.357168200651984, 29.527789021146475 ], [ 80.35741254555262, 29.528061777429116 ], [ 80.357748700442244, 29.528437020452202 ], [ 80.358442513910973, 29.529523146975691 ], [ 80.358459749417932, 29.529555715923607 ], [ 80.358860201337279, 29.530312396499937 ], [ 80.359119263643151, 29.530703895668296 ], [ 80.359318137921775, 29.530867271007821 ], [ 80.35956145040069, 29.531353458895069 ], [ 80.359727263802256, 29.531904646182511 ], [ 80.359692388992642, 29.532524833953971 ], [ 80.359490013653271, 29.532914083917888 ], [ 80.359038638522406, 29.533717333188406 ], [ 80.358496200739125, 29.534348520567846 ], [ 80.358233325307765, 29.534561522296485 ], [ 80.357198826164961, 29.535082146124182 ], [ 80.356658638485442, 29.53534795874134 ], [ 80.356397264022576, 29.535333146907249 ], [ 80.356182264000324, 29.53526445758871 ], [ 80.356059075765813, 29.535263833459226 ], [ 80.355781763517655, 29.535316646146327 ], [ 80.354654575748157, 29.535904459223445 ], [ 80.353897700918196, 29.536369959106366 ], [ 80.353325263550119, 29.536838647085972 ], [ 80.353015200691004, 29.537227334074259 ], [ 80.352688762976072, 29.537751396010151 ], [ 80.352458094965186, 29.538240899697826 ], [ 80.35242363744095, 29.538314020875418 ], [ 80.351895700326338, 29.539026584309454 ], [ 80.351725012599331, 29.539253583985783 ], [ 80.351120950571442, 29.53986870857409 ], [ 80.350703389050238, 29.540216270464555 ], [ 80.350579825798377, 29.54026983408562 ], [ 80.350255451128248, 29.540471271432068 ], [ 80.349222076137949, 29.540802333460988 ], [ 80.348805887881497, 29.540935646263108 ], [ 80.348312887629731, 29.541025708869427 ], [ 80.348159326591713, 29.540984333760036 ], [ 80.347898389199372, 29.540836458236015 ], [ 80.347039825327727, 29.540360770832933 ], [ 80.346717576654896, 29.54022383376298 ], [ 80.346164575434841, 29.540074459069103 ], [ 80.345934076496462, 29.540005708596652 ], [ 80.345580513430036, 29.539976896116912 ], [ 80.344857263352083, 29.53997333390231 ], [ 80.344426012350652, 29.539984708527527 ], [ 80.343963950575926, 29.540077209195886 ], [ 80.343531637475166, 29.540316395585251 ], [ 80.343461892352479, 29.540474367797913 ], [ 80.343359700589758, 29.540705832608126 ], [ 80.343312388156221, 29.540895084140857 ], [ 80.343171013831295, 29.541325209191086 ], [ 80.343061137361644, 29.54166077052821 ], [ 80.343089012747782, 29.542091770618754 ], [ 80.343267473315279, 29.542757748271526 ], [ 80.343269388871249, 29.542764896083156 ], [ 80.343406513899538, 29.543006958504407 ], [ 80.343756888869393, 29.543534270590158 ], [ 80.344322826837072, 29.544087458869171 ], [ 80.345011325312498, 29.544684145556914 ], [ 80.345209950478875, 29.54495352218737 ], [ 80.345453887986594, 29.545263771206123 ], [ 80.346216451028454, 29.546345833693294 ], [ 80.346551389135357, 29.54691139574436 ], [ 80.346719075824751, 29.547167145847141 ], [ 80.34703801409313, 29.54781608314579 ], [ 80.347296076352904, 29.548354270733057 ], [ 80.34735613847505, 29.548598146187544 ], [ 80.347322200759038, 29.549107771306637 ], [ 80.347182263550678, 29.549310083693456 ], [ 80.346763763137233, 29.549793083484076 ], [ 80.346547200992575, 29.549965709250159 ], [ 80.345990075481666, 29.550447959006135 ], [ 80.34521726286647, 29.550956209061837 ], [ 80.345046826050236, 29.551129083940111 ], [ 80.34458176413716, 29.551638834064988 ], [ 80.344411451427391, 29.551784582692392 ], [ 80.3442868260762, 29.552054708458058 ], [ 80.344223200840077, 29.552376958929585 ], [ 80.344234225629066, 29.552573225174228 ], [ 80.34423676351588, 29.552618397221295 ], [ 80.344389075395554, 29.552914646493775 ], [ 80.344649450711643, 29.55309189567447 ], [ 80.344774541012328, 29.553166944998566 ], [ 80.344986763028771, 29.55329427101384 ], [ 80.345339076936909, 29.553526146814249 ], [ 80.345569263810546, 29.553635520562864 ], [ 80.346184325446302, 29.553731083422804 ], [ 80.346568951096287, 29.553760020908271 ], [ 80.347138387426696, 29.553776333710857 ], [ 80.347368576098972, 29.55384514623654 ], [ 80.348227577041087, 29.554307270963818 ], [ 80.348595576025048, 29.554523396037951 ], [ 80.348944192820284, 29.55475310447224 ], [ 80.349009514177794, 29.554796146025353 ], [ 80.350084076319149, 29.55520514690005 ], [ 80.350575887667162, 29.555313583555062 ], [ 80.350757716195687, 29.555325904267136 ], [ 80.351006638645515, 29.555342771052096 ], [ 80.351407014122458, 29.555317645792798 ], [ 80.352023200810152, 29.555241708837855 ], [ 80.352285575319115, 29.555121145724343 ], [ 80.352793762422266, 29.555083021664188 ], [ 80.353255575984122, 29.555085270868631 ], [ 80.353977826015921, 29.555210646254352 ], [ 80.354470450351073, 29.555240083762897 ], [ 80.355655263979315, 29.555259395804512 ], [ 80.355794138188969, 29.555232958434317 ], [ 80.356809887366467, 29.555210833313367 ], [ 80.35696388817297, 29.555184458895724 ], [ 80.357749325471048, 29.555120645701265 ], [ 80.358180513519926, 29.555068583948014 ], [ 80.358934952086429, 29.555058708492652 ], [ 80.359441639120405, 29.555210021225548 ], [ 80.359871514159124, 29.55542639721051 ], [ 80.360408388736232, 29.555697397117228 ], [ 80.360961576115926, 29.555848958062995 ], [ 80.361299512562539, 29.555958833633326 ], [ 80.361453202203563, 29.555986646966232 ], [ 80.362237825615239, 29.556044583990399 ], [ 80.363161325934527, 29.556021957947053 ], [ 80.363699762633985, 29.556051584313195 ], [ 80.364176513035716, 29.556092208488678 ], [ 80.364607201061517, 29.556175458730479 ], [ 80.365021950402763, 29.556285709318104 ], [ 80.365313512408704, 29.556436022004846 ], [ 80.365727825578745, 29.556611708163871 ], [ 80.365996138311175, 29.556985146247541 ], [ 80.366048200963746, 29.557057583940377 ], [ 80.366092887376908, 29.557353334089157 ], [ 80.366060950652411, 29.557488521078426 ], [ 80.366044451690129, 29.557662145991287 ], [ 80.365871513859361, 29.558241020706589 ], [ 80.365715388854142, 29.558603459182336 ], [ 80.36546782617927, 29.558843646517118 ], [ 80.365139821845332, 29.559239613517377 ], [ 80.364955950956414, 29.559461584184817 ], [ 80.364677075686529, 29.559755646306087 ], [ 80.364321013404094, 29.560063084044145 ], [ 80.364181637372724, 29.560224834308713 ], [ 80.364118075988472, 29.560533584157611 ], [ 80.364098138918052, 29.560682333822683 ], [ 80.364069700556286, 29.560896520857796 ], [ 80.364019513889502, 29.561541395918766 ], [ 80.364017075827462, 29.561945208604527 ], [ 80.363998950890903, 29.562348896284561 ], [ 80.364029013428308, 29.562443772062466 ], [ 80.364058138872053, 29.562739397205462 ], [ 80.364469513956976, 29.56338877067526 ], [ 80.364866763390467, 29.56387345849339 ], [ 80.365342575799275, 29.564065209242074 ], [ 80.365619326870501, 29.564120647050288 ], [ 80.365819762372212, 29.564094520845515 ], [ 80.366389763476832, 29.563988958423749 ], [ 80.367161201028637, 29.563683645783669 ], [ 80.367223076184075, 29.563643333672985 ], [ 80.367532389008602, 29.563441772220074 ], [ 80.367702076689568, 29.56339070781496 ], [ 80.368505200954303, 29.562923021680149 ], [ 80.368936451056413, 29.562870959027578 ], [ 80.369337138598098, 29.562791583964497 ], [ 80.369814889045927, 29.562685646525438 ], [ 80.370091952181895, 29.562687020689509 ], [ 80.37059970041588, 29.562729958820569 ], [ 80.371707326132253, 29.562829958935481 ], [ 80.372322763684679, 29.562887021818653 ], [ 80.372876451087393, 29.562957207609088 ], [ 80.373276888617568, 29.562932084148429 ], [ 80.373446263334415, 29.562919396512996 ], [ 80.373630763748793, 29.562906708877563 ], [ 80.373846950876157, 29.562799458428287 ], [ 80.374247888429352, 29.562693083918759 ], [ 80.375000263051732, 29.562398833839154 ], [ 80.375394689513371, 29.562228593075133 ], [ 80.37762657570596, 29.561265270775664 ], [ 80.378715575563433, 29.561144020580116 ], [ 80.379785637497207, 29.561164833590226 ], [ 80.380533950781285, 29.561323958733738 ], [ 80.380658264067677, 29.561466646068936 ], [ 80.380777262360823, 29.562416895823162 ], [ 80.380898513455691, 29.562994895498093 ], [ 80.380893440380021, 29.563831309967043 ], [ 80.380891701091173, 29.564118271041423 ], [ 80.38079882720416, 29.564695333622808 ], [ 80.380597576017351, 29.565535771658574 ], [ 80.380468075441399, 29.566299833870289 ], [ 80.380407887414151, 29.567391396795585 ], [ 80.380347951197052, 29.568435522281561 ], [ 80.380345389028548, 29.568857396951387 ], [ 80.380449138417077, 29.569403771067243 ], [ 80.38046120102365, 29.570337708018883 ], [ 80.380672326766501, 29.570839458674129 ], [ 80.380810951864021, 29.57147852051736 ], [ 80.381290950616915, 29.571746896202342 ], [ 80.381844700972238, 29.571654770551277 ], [ 80.382845014186103, 29.571440583516164 ], [ 80.383826638588573, 29.571384270667636 ], [ 80.384505512519468, 29.571245270552822 ], [ 80.385058388733682, 29.571247770668151 ], [ 80.38600301412788, 29.571394396134508 ], [ 80.386894637977207, 29.571490958141283 ], [ 80.387750200811183, 29.57157383246647 ], [ 80.388062246675418, 29.571598432521682 ], [ 80.388570763829762, 29.571638520701242 ], [ 80.389087388372332, 29.571719833803343 ], [ 80.389640388693067, 29.57175395857837 ], [ 80.389977701909459, 29.5720352089578 ], [ 80.390438388620794, 29.57256745922092 ], [ 80.39070195113419, 29.573209334143485 ], [ 80.391113137361458, 29.573655583138702 ], [ 80.391322388017841, 29.573882145744506 ], [ 80.391924575858525, 29.574602208625095 ], [ 80.392010450322061, 29.575180084193562 ], [ 80.392203201116899, 29.575742647005598 ], [ 80.392325763423287, 29.576178583474871 ], [ 80.392333532666441, 29.576241918229982 ], [ 80.3924617004472, 29.577286771267552 ], [ 80.392457139085764, 29.578051458508071 ], [ 80.392489138762812, 29.578690021227544 ], [ 80.392520201346258, 29.579423271766643 ], [ 80.392550826859235, 29.580296395662174 ], [ 80.392584512765097, 29.580594333861484 ], [ 80.392742763767615, 29.580983020849771 ], [ 80.393149388633447, 29.581609770974183 ], [ 80.394713638823418, 29.582600395791701 ], [ 80.39626070117049, 29.583496270736362 ], [ 80.397594137659382, 29.584296332809572 ], [ 80.397949888776395, 29.584469396545444 ], [ 80.398198513550597, 29.58465770918599 ], [ 80.398481888128686, 29.58501770870032 ], [ 80.398995076361757, 29.585737333611121 ], [ 80.399773200372977, 29.586943208462344 ], [ 80.400057575896483, 29.587084333675136 ], [ 80.400697200715285, 29.587538395980232 ], [ 80.401142637622684, 29.587666708551808 ], [ 80.401445701058321, 29.58769739611796 ], [ 80.401980137573332, 29.587887020869346 ], [ 80.402833887374072, 29.588312708664603 ], [ 80.403494701119598, 29.588709988675078 ], [ 80.403616388385672, 29.588783146724893 ], [ 80.403989388499554, 29.589051020588158 ], [ 80.404914263882233, 29.589569521116573 ], [ 80.405570638574147, 29.590197272186401 ], [ 80.405836327084899, 29.590557146695005 ], [ 80.406279450935983, 29.591089208999847 ], [ 80.406649888881304, 29.591792459054773 ], [ 80.406898325697227, 29.592012334301842 ], [ 80.40739426313479, 29.592668771046988 ], [ 80.407836263732634, 29.59338808299367 ], [ 80.407889201425576, 29.593496583500553 ], [ 80.408225950767076, 29.593840959093029 ], [ 80.408777076001286, 29.594217833486255 ], [ 80.409167576022867, 29.594594083749996 ], [ 80.409368075376449, 29.594793458951017 ], [ 80.409451450623976, 29.594877271269127 ], [ 80.409698262364998, 29.595376895927075 ], [ 80.409891264070666, 29.595923646858864 ], [ 80.409903618057569, 29.596004863733526 ], [ 80.410028951175207, 29.596828834283315 ], [ 80.410165077056718, 29.597937022075939 ], [ 80.410163576088223, 29.598200958707309 ], [ 80.410248513458214, 29.598966020965122 ], [ 80.410368388590314, 29.599823771849628 ], [ 80.410455263999268, 29.600198647049979 ], [ 80.41045013876294, 29.601071582987231 ], [ 80.410554264068082, 29.601586334241972 ], [ 80.410584548737972, 29.601874038156382 ], [ 80.410672576178513, 29.602710271861611 ], [ 80.410758638600328, 29.603288145631439 ], [ 80.410666638854366, 29.6037388957335 ], [ 80.410643075717417, 29.604738083895484 ], [ 80.410600541381939, 29.604892010058279 ], [ 80.410570263007287, 29.605001583456385 ], [ 80.410369200678133, 29.605781270489274 ], [ 80.40993676347091, 29.606512458882946 ], [ 80.409591451684207, 29.607571146191503 ], [ 80.409517826886258, 29.607961084136775 ], [ 80.409515451776713, 29.608367083973803 ], [ 80.409726575720924, 29.608913896059505 ], [ 80.409759512491576, 29.609349459310124 ], [ 80.409685637682117, 29.609786646736381 ], [ 80.409378825872182, 29.610392145880894 ], [ 80.408428701123739, 29.611121084170748 ], [ 80.408123138472092, 29.611449021954854 ], [ 80.408029802333544, 29.611562289767903 ], [ 80.407637888577767, 29.612037897131302 ], [ 80.407475200320278, 29.612380020821377 ], [ 80.407418950424301, 29.612833208985478 ], [ 80.407665701910673, 29.613411771635981 ], [ 80.408176451182328, 29.613904927470458 ], [ 80.408233639071227, 29.613960145844089 ], [ 80.408891388826589, 29.614398522174099 ], [ 80.409336763680756, 29.614556147248436 ], [ 80.409709888800364, 29.614823958159207 ], [ 80.409886638857358, 29.615120272182878 ], [ 80.409973763378559, 29.615510959263418 ], [ 80.409898012583255, 29.616212084220365 ], [ 80.409749013805992, 29.617303271229048 ], [ 80.409671638835107, 29.618347333762472 ], [ 80.409667325686598, 29.619080397242612 ], [ 80.409705074729459, 29.619503172133761 ], [ 80.409750950945693, 29.620016959315251 ], [ 80.410224950321265, 29.62142214551568 ], [ 80.410984451171544, 29.62278345829003 ], [ 80.411567701088586, 29.623767333695525 ], [ 80.411991237705536, 29.624417942833873 ], [ 80.412370325330301, 29.625000270945804 ], [ 80.41249213850142, 29.625084272121512 ], [ 80.412748825697804, 29.625347083701001 ], [ 80.413191700436698, 29.625610708267629 ], [ 80.413562700458328, 29.625756708705183 ], [ 80.413779450561265, 29.625829895533286 ], [ 80.414336451066447, 29.625940584090756 ], [ 80.414811262529781, 29.626050958784788 ], [ 80.415058951109756, 29.626088145751396 ], [ 80.415399512677425, 29.626134771102841 ], [ 80.415575263587584, 29.626162645589659 ], [ 80.415988200794914, 29.626191521021951 ], [ 80.416370575441761, 29.626202146511901 ], [ 80.416638889073511, 29.626230458069244 ], [ 80.416678990742867, 29.626230635235686 ], [ 80.416979762705921, 29.626231959037739 ], [ 80.417362325311103, 29.626215584181921 ], [ 80.417579263372374, 29.626198520445428 ], [ 80.417672518571919, 29.626185375055059 ], [ 80.418013763624344, 29.62613727121817 ], [ 80.418664451003679, 29.626122083467408 ], [ 80.418881701129635, 29.626123083513562 ], [ 80.419046700644799, 29.626159834308964 ], [ 80.419562263088039, 29.626306457976682 ], [ 80.419789450722647, 29.62637052208197 ], [ 80.419868213347399, 29.626407428460084 ], [ 80.419964575704682, 29.626452582520699 ], [ 80.420252825507532, 29.626607209255326 ], [ 80.420272458607144, 29.626623513964034 ], [ 80.420427575472274, 29.626752333753245 ], [ 80.420623075494575, 29.626942708539218 ], [ 80.420759570997461, 29.627161360708271 ], [ 80.420786826750714, 29.62720502189427 ], [ 80.420909388157781, 29.627442459102269 ], [ 80.421205763335365, 29.627994145513469 ], [ 80.421338889078527, 29.628193270702923 ], [ 80.421431387948246, 29.628265834300862 ], [ 80.421472513945446, 29.628356333078386 ], [ 80.421739638673444, 29.628601021519955 ], [ 80.421883326054683, 29.628764083895419 ], [ 80.422180950390612, 29.62909920906128 ], [ 80.422329638901772, 29.629287082832661 ], [ 80.422396575441667, 29.629370896050091 ], [ 80.422652450550231, 29.629778021838263 ], [ 80.422836075924238, 29.63018483376311 ], [ 80.422855201806158, 29.63045564571155 ], [ 80.422874262936944, 29.63072639650602 ], [ 80.422861514147598, 29.631159458742104 ], [ 80.422797950964707, 29.631438896088241 ], [ 80.422797075924393, 29.631583271450893 ], [ 80.422692512649405, 29.631817395556425 ], [ 80.422525575994598, 29.632105396247084 ], [ 80.422265888659865, 29.632311833824133 ], [ 80.42211026367778, 29.632428458806373 ], [ 80.421923639064744, 29.632572022081206 ], [ 80.421788764140217, 29.632661645818359 ], [ 80.421498200381677, 29.632894958735392 ], [ 80.421279389032634, 29.633182770568453 ], [ 80.421184451201498, 29.633527459124991 ], [ 80.421119637960999, 29.634023458615786 ], [ 80.421117950832809, 29.634312208441713 ], [ 80.421149888456625, 29.63454239621467 ], [ 80.421164887349732, 29.634799647285945 ], [ 80.421213138675455, 29.634944208808236 ], [ 80.421325325503403, 29.6354161469377 ], [ 80.421340512354845, 29.63564633381128 ], [ 80.421485826609683, 29.636019146866204 ], [ 80.421615638351113, 29.636292645988874 ], [ 80.421776325616975, 29.636924959319458 ], [ 80.421888450391748, 29.637412708429792 ], [ 80.421967950460612, 29.637857459154475 ], [ 80.421966450391437, 29.638114584320647 ], [ 80.421981951106204, 29.63828608413553 ], [ 80.422013388707001, 29.63848702055958 ], [ 80.422045388384049, 29.638645020651211 ], [ 80.421978262986499, 29.63893120920801 ], [ 80.421977621769884, 29.638934983662637 ], [ 80.421944201164024, 29.639131833567319 ], [ 80.421896996649139, 29.63919837350619 ], [ 80.421811763402218, 29.639318521132907 ], [ 80.421630513137757, 29.639459770452106 ], [ 80.421530763034355, 29.639518020440335 ], [ 80.421284637476106, 29.639659083599895 ], [ 80.420807325897442, 29.639916396724402 ], [ 80.42036282608359, 29.640144520553235 ], [ 80.419885950676132, 29.640340958568459 ], [ 80.419573450654298, 29.640454645465582 ], [ 80.418915326780962, 29.640724709178016 ], [ 80.418734263575459, 29.640838959050768 ], [ 80.41830607566493, 29.641094334136255 ], [ 80.417926826162159, 29.641365521101989 ], [ 80.417613514052505, 29.641621334157321 ], [ 80.417266825403715, 29.642007771041847 ], [ 80.417068889118013, 29.642194145643373 ], [ 80.416969451079353, 29.642308770533361 ], [ 80.416704512603246, 29.642751959135637 ], [ 80.416572201645863, 29.64290702114215 ], [ 80.416291325384407, 29.643264458488034 ], [ 80.416142138648809, 29.643480333550599 ], [ 80.415993076019674, 29.643750395464451 ], [ 80.415893387969561, 29.643966520538527 ], [ 80.415743389146144, 29.644338021482554 ], [ 80.415726325409651, 29.644437208610327 ], [ 80.415692512699366, 29.644653646648521 ], [ 80.4157728878086, 29.644926895759681 ], [ 80.415837138073528, 29.645155020487834 ], [ 80.415998200356739, 29.645701645514578 ], [ 80.416111514035208, 29.645988647058459 ], [ 80.416191012305433, 29.646419834208018 ], [ 80.416189326076619, 29.646706270977688 ], [ 80.416170201093962, 29.647177647030844 ], [ 80.416134450344657, 29.647664771112375 ], [ 80.416132887322931, 29.647937709058056 ], [ 80.416261950828414, 29.648339770763869 ], [ 80.416538575994537, 29.648742520451037 ], [ 80.41691320118332, 29.64927427069108 ], [ 80.417173950617382, 29.649561895465183 ], [ 80.417516763188132, 29.649908521161365 ], [ 80.417908950337846, 29.650196770964271 ], [ 80.418168200602054, 29.650468583858128 ], [ 80.418234388006681, 29.650699021642595 ], [ 80.418249325745819, 29.650958458965761 ], [ 80.418198889067526, 29.651143208492329 ], [ 80.418115450867447, 29.651386458018692 ], [ 80.417981700994744, 29.651803146298221 ], [ 80.417901015619407, 29.651971754792726 ], [ 80.417749014005835, 29.6522893962387 ], [ 80.417633389069692, 29.652473833700526 ], [ 80.417602781543167, 29.652509338934919 ], [ 80.417385387525655, 29.652761521427124 ], [ 80.417235278085684, 29.652918419849243 ], [ 80.417071638345476, 29.65308945921123 ], [ 80.416741200446097, 29.65346020922135 ], [ 80.416229451128345, 29.653974520707607 ], [ 80.415949450806579, 29.654158271087397 ], [ 80.415702764071341, 29.65421583399359 ], [ 80.415575733933053, 29.654206572775138 ], [ 80.41547301246959, 29.654199084120478 ], [ 80.415325888778796, 29.654128458561559 ], [ 80.415031200729402, 29.653953458585306 ], [ 80.414539888505089, 29.653779833672445 ], [ 80.413883888830469, 29.653661896579308 ], [ 80.412768950726559, 29.653472020917093 ], [ 80.412424138962876, 29.65348402057117 ], [ 80.41214495072893, 29.653525645692071 ], [ 80.41176657536721, 29.653695395426212 ], [ 80.411617950707921, 29.653825583983576 ], [ 80.411370513938152, 29.654068082575975 ], [ 80.411022889095136, 29.654553772238842 ], [ 80.410938825866197, 29.654912083725719 ], [ 80.410970262567616, 29.655126520772342 ], [ 80.411033700744724, 29.655528334265284 ], [ 80.411081201136597, 29.655785708543647 ], [ 80.411030012625019, 29.65615764565888 ], [ 80.410980075969803, 29.656258958783951 ], [ 80.410852080858888, 29.656493143144075 ], [ 80.410847263190703, 29.656501959198124 ], [ 80.410616512442175, 29.656701708517062 ], [ 80.41056820086186, 29.656744333684117 ], [ 80.410286575465136, 29.656986709069429 ], [ 80.410154325661665, 29.657130520557132 ], [ 80.409923450806673, 29.657300897118773 ], [ 80.409725325663317, 29.657514396172473 ], [ 80.409576575998244, 29.65771445845553 ], [ 80.409511700704456, 29.657820083829847 ], [ 80.4094272633576, 29.657957395917151 ], [ 80.409177388525734, 29.658558582812418 ], [ 80.409028262944048, 29.658830833676063 ], [ 80.408813200868565, 29.659116396304682 ], [ 80.408516137709626, 29.659401520963456 ], [ 80.408186200732644, 29.659673020893251 ], [ 80.407758262833624, 29.659871834017963 ], [ 80.407379762466121, 29.659998708573596 ], [ 80.406953075524086, 29.660026145989889 ], [ 80.40655888918144, 29.660024395909204 ], [ 80.405690825771046, 29.659734021008319 ], [ 80.405395950662637, 29.65964695854035 ], [ 80.405019513339937, 29.659428709267559 ], [ 80.404643201022964, 29.659242083755203 ], [ 80.404053200794635, 29.659038646316503 ], [ 80.403398637337318, 29.658746959304779 ], [ 80.402726888735003, 29.658500333723453 ], [ 80.402103763777745, 29.658398270563794 ], [ 80.401874076027866, 29.658367895961703 ], [ 80.401266700897565, 29.658380958614373 ], [ 80.401036514023986, 29.658436333470092 ], [ 80.400395512343096, 29.658620645926135 ], [ 80.400022082353303, 29.658766678739312 ], [ 80.399819512760359, 29.658845895521722 ], [ 80.399621137605493, 29.659088583871096 ], [ 80.399551431153668, 29.659208790853086 ], [ 80.399505013545593, 29.659288834112431 ], [ 80.399455388055799, 29.659390084285008 ], [ 80.399438201112162, 29.659505084192347 ], [ 80.399420139128154, 29.659775709081771 ], [ 80.399581763487674, 29.660177957846543 ], [ 80.399841638780686, 29.66066633378432 ], [ 80.400037450867728, 29.660854458466531 ], [ 80.400332013012076, 29.661000146839342 ], [ 80.400642450888483, 29.661245208499622 ], [ 80.400855199907596, 29.661361208453059 ], [ 80.401001950379737, 29.661546833919317 ], [ 80.401066388602999, 29.661734333572667 ], [ 80.401032263827972, 29.661934958831353 ], [ 80.400817137900674, 29.66222045850742 ], [ 80.40066857619388, 29.662391209186978 ], [ 80.400425950797057, 29.662588645449659 ], [ 80.400355201131674, 29.662646959289816 ], [ 80.399910575412775, 29.662875021065418 ], [ 80.399680075575077, 29.662975522102727 ], [ 80.399466201504026, 29.663044458734817 ], [ 80.398776013202507, 29.66319927072982 ], [ 80.39843051345747, 29.663312708514752 ], [ 80.397609075398577, 29.663437583877453 ], [ 80.396821012979444, 29.663476833888808 ], [ 80.396558075494852, 29.663504957487874 ], [ 80.396229512681941, 29.663532833773331 ], [ 80.395391388601752, 29.66368689663301 ], [ 80.39519451351606, 29.663685958640144 ], [ 80.394747307642206, 29.663721590678904 ], [ 80.394176325377146, 29.663767083783966 ], [ 80.393420950616417, 29.663792959077853 ], [ 80.393026512463621, 29.663890396124941 ], [ 80.3925815755793, 29.664161271025876 ], [ 80.392218700932347, 29.664475396122668 ], [ 80.392036450621731, 29.664718208578506 ], [ 80.391854137358621, 29.665017395936104 ], [ 80.391522637359856, 29.665545958978896 ], [ 80.391288825319066, 29.666190021052671 ], [ 80.391155450463714, 29.666577396829439 ], [ 80.391104200798281, 29.666877209215897 ], [ 80.391057721136974, 29.66723688317569 ], [ 80.39103545032583, 29.667409208568188 ], [ 80.391051076046381, 29.667551395880253 ], [ 80.391066076738127, 29.667795084275781 ], [ 80.391131639113894, 29.66822627142534 ], [ 80.391227326080298, 29.668528958944364 ], [ 80.39131388762587, 29.668894770777115 ], [ 80.391479951038946, 29.669367021870642 ], [ 80.391584262503784, 29.669669770543521 ], [ 80.391654638051136, 29.669794145883202 ], [ 80.391768575859146, 29.670067646804512 ], [ 80.391846762917851, 29.670322896884215 ], [ 80.3918894510374, 29.670634333907458 ], [ 80.391834264140016, 29.670958958589097 ], [ 80.391789013851962, 29.671067022025511 ], [ 80.391619326170996, 29.671260208991498 ], [ 80.391253325480648, 29.671608146798576 ], [ 80.390638638862129, 29.671914395632882 ], [ 80.390345138817167, 29.672021334017415 ], [ 80.390051388760639, 29.672159771156544 ], [ 80.389481825625808, 29.672373771132698 ], [ 80.388972700529735, 29.672572146287564 ], [ 80.388867889041876, 29.67261227043997 ], [ 80.388662887682187, 29.672703833115463 ], [ 80.388057888560752, 29.672958209054173 ], [ 80.387772888907762, 29.673094396089539 ], [ 80.387078138345487, 29.673449896295722 ], [ 80.386859017629604, 29.67361901650446 ], [ 80.386819576062635, 29.673649458555701 ], [ 80.386694763652486, 29.673734646836522 ], [ 80.386497825614242, 29.673997645475026 ], [ 80.38639070107007, 29.674089646120308 ], [ 80.386211200886294, 29.674397833892954 ], [ 80.38601232570835, 29.674816459312183 ], [ 80.385941889007029, 29.674989834213534 ], [ 80.385877700795334, 29.675248753527228 ], [ 80.385834638557753, 29.675422458479716 ], [ 80.385851512537329, 29.675512771097544 ], [ 80.385745200980296, 29.67584839718586 ], [ 80.385647638927423, 29.676165958592151 ], [ 80.385550450992582, 29.676386583873807 ], [ 80.385400325364799, 29.676803209200784 ], [ 80.385311013692387, 29.677152459118759 ], [ 80.385230951547214, 29.677463334065692 ], [ 80.385176138767861, 29.677880333510643 ], [ 80.385059638791347, 29.678448332724429 ], [ 80.385020950856244, 29.679070770599651 ], [ 80.3850446380996, 29.67948139564993 ], [ 80.385103951086535, 29.679763646075457 ], [ 80.385180138952308, 29.680082020468944 ], [ 80.385273826725779, 29.680402771770559 ], [ 80.385393825964343, 29.680683084157067 ], [ 80.385642825755838, 29.681209771214014 ], [ 80.385729388200787, 29.681316208676151 ], [ 80.385875013621046, 29.681578584084434 ], [ 80.385909825478109, 29.681641895457176 ], [ 80.386116451013436, 29.682024083944384 ], [ 80.386381762708254, 29.682738082696403 ], [ 80.386553138416673, 29.683181022186488 ], [ 80.386655950711599, 29.683422833696852 ], [ 80.386707077169945, 29.683567459071014 ], [ 80.386801451126132, 29.683818270996483 ], [ 80.38691145080287, 29.684321833785646 ], [ 80.386927013570869, 29.684624146287376 ], [ 80.386950138737973, 29.685079958673214 ], [ 80.386861825313019, 29.685316458787611 ], [ 80.38680436492956, 29.68539522411038 ], [ 80.386729438812608, 29.685497928486654 ], [ 80.386712638577478, 29.68552095742632 ], [ 80.386640478775121, 29.685582662609818 ], [ 80.3865552005621, 29.685655584137976 ], [ 80.386279138371606, 29.685812209166158 ], [ 80.385548887970856, 29.686149458530736 ], [ 80.385139513877505, 29.6863347089797 ], [ 80.384800449681052, 29.686597083488664 ], [ 80.384693138077921, 29.686720583787974 ], [ 80.384443076187097, 29.68695183366026 ], [ 80.384122013720003, 29.687166896635006 ], [ 80.383926013674625, 29.687274272090008 ], [ 80.383498762857698, 29.68742795903313 ], [ 80.383196575361694, 29.687519021685546 ], [ 80.382804512318444, 29.68773377169623 ], [ 80.382447513841726, 29.68802758380599 ], [ 80.382322137556685, 29.688196146435075 ], [ 80.38208901259793, 29.688553771739237 ], [ 80.381961950983282, 29.689002020826649 ], [ 80.381925389045534, 29.689173333582517 ], [ 80.381888199380967, 29.689450583777443 ], [ 80.381851137420085, 29.689698583522841 ], [ 80.381866639034229, 29.690070833602135 ], [ 80.381849943120415, 29.690340058247159 ], [ 80.381827201064539, 29.690706772099929 ], [ 80.381856200603238, 29.691776083999116 ], [ 80.381873575505153, 29.691839334217946 ], [ 80.381885638111783, 29.692768770962061 ], [ 80.381920200856655, 29.692924583902482 ], [ 80.381914949715224, 29.693777208651284 ], [ 80.381888076173823, 29.694210207934816 ], [ 80.381825951006874, 29.694440020690479 ], [ 80.381804075897435, 29.694697020850867 ], [ 80.381762512829766, 29.694838959050799 ], [ 80.381688825978586, 29.695262708807036 ], [ 80.381542387571187, 29.695972584167464 ], [ 80.381459139128026, 29.696335270856139 ], [ 80.381417013084729, 29.69656527067076 ], [ 80.381364387456586, 29.696874020519658 ], [ 80.381332450732089, 29.697131021579423 ], [ 80.381318200974249, 29.697830271449902 ], [ 80.381296637929552, 29.698026395601744 ], [ 80.381255137814435, 29.698159270434019 ], [ 80.381180513869651, 29.698734146763513 ], [ 80.381056512648001, 29.699105770914628 ], [ 80.381014324551472, 29.699344709091122 ], [ 80.381023512924855, 29.699531958732962 ], [ 80.381103138898823, 29.699771458985708 ], [ 80.381112949602993, 29.699859458547223 ], [ 80.381304262381889, 29.70009945882299 ], [ 80.381585887778556, 29.700472958959949 ], [ 80.381676450407895, 29.700606458821085 ], [ 80.38162245061568, 29.700883709016011 ], [ 80.381582450569681, 29.70103014562477 ], [ 80.381398388125149, 29.701295459118171 ], [ 80.381163638091493, 29.701490584123235 ], [ 80.380909013040593, 29.701613458494364 ], [ 80.380471887667511, 29.701744521192722 ], [ 80.379902825455076, 29.701890708689291 ], [ 80.379495887625183, 29.702048958792489 ], [ 80.379232066107022, 29.702152978876939 ], [ 80.379139700336964, 29.702189396023869 ], [ 80.37899670093708, 29.702330834200666 ], [ 80.378843513117715, 29.702454208594929 ], [ 80.378451638932063, 29.703462959248213 ], [ 80.378410450881688, 29.703611645960734 ], [ 80.378338387306769, 29.703762396617378 ], [ 80.378255387975855, 29.704019208819489 ], [ 80.378193075749891, 29.704276021920919 ], [ 80.378109825508091, 29.704575645449722 ], [ 80.377892512429582, 29.705249083878186 ], [ 80.377696512384205, 29.705762521223448 ], [ 80.377552513837486, 29.706070834001821 ], [ 80.377356950862634, 29.706514333769519 ], [ 80.377220887933674, 29.706791146893977 ], [ 80.376991451094625, 29.707173521540824 ], [ 80.376897264197453, 29.707254270768033 ], [ 80.376693637901099, 29.707801458770348 ], [ 80.37650401404909, 29.708220146242809 ], [ 80.376300075687993, 29.708814708731893 ], [ 80.37616363774174, 29.709303520840876 ], [ 80.37602645066022, 29.70986239553315 ], [ 80.375931075758615, 29.710188959153186 ], [ 80.375876200925973, 29.710443584204086 ], [ 80.375864216560387, 29.710797703051583 ], [ 80.375859638111876, 29.71093302044261 ], [ 80.375950637811741, 29.711366521547802 ], [ 80.376082450544686, 29.711610772019583 ], [ 80.376252762355136, 29.712182270495418 ], [ 80.376277950567044, 29.712392146180662 ], [ 80.37624988902121, 29.712637895822297 ], [ 80.376181638571836, 29.712869958681722 ], [ 80.37593913908006, 29.713218458565052 ], [ 80.375670512484248, 29.713463021101575 ], [ 80.374999075946675, 29.713703458447924 ], [ 80.374657637539997, 29.713916146313181 ], [ 80.374366918198746, 29.714221886131213 ], [ 80.374194263654374, 29.71440345925231 ], [ 80.373860200587842, 29.714880083748938 ], [ 80.373728013736923, 29.71530583359737 ], [ 80.373781244608836, 29.715561264440851 ], [ 80.373811763102424, 29.715707709143487 ], [ 80.374038700725521, 29.71626145859949 ], [ 80.374468637817415, 29.716577020812906 ], [ 80.374998575923598, 29.716897584156243 ], [ 80.375695075667238, 29.71738133398145 ], [ 80.376147950867278, 29.717627083623086 ], [ 80.376734950957257, 29.717945645974851 ], [ 80.377074637484611, 29.718181896077681 ], [ 80.377227950309702, 29.718417209086965 ], [ 80.377340075983795, 29.71867033406869 ], [ 80.377390575614641, 29.718857833722097 ], [ 80.377357888855556, 29.719128333605738 ], [ 80.3773040761223, 29.719479958633258 ], [ 80.37720876417319, 29.719849458585713 ], [ 80.377166576076661, 29.719980084213546 ], [ 80.377072075316107, 29.720272896277208 ], [ 80.376978013424662, 29.720443896069014 ], [ 80.376894576123846, 29.720560834015316 ], [ 80.376676138892776, 29.720776334060645 ], [ 80.37650970046235, 29.720946958835157 ], [ 80.37626088862919, 29.721108209076647 ], [ 80.376115637326848, 29.721197770760568 ], [ 80.376001700418215, 29.721233333551538 ], [ 80.375804450315172, 29.721367708453045 ], [ 80.375173012924279, 29.721554208959617 ], [ 80.374998013847346, 29.721594021047281 ], [ 80.374819950780136, 29.721649583861279 ], [ 80.374421887460187, 29.721557459109476 ], [ 80.373805575766767, 29.721453021739592 ], [ 80.373458137982766, 29.721473958856166 ], [ 80.372995451179179, 29.721483022223765 ], [ 80.372377950582006, 29.721502645430803 ], [ 80.371568201011712, 29.721487583585144 ], [ 80.371092513608687, 29.721507833619683 ], [ 80.370920935552817, 29.721525829053803 ], [ 80.370783826712284, 29.721540209213344 ], [ 80.370358763945831, 29.72162845878637 ], [ 80.370152638433581, 29.721695146214074 ], [ 80.369714075943932, 29.721916333571983 ], [ 80.369572200696552, 29.722028459246076 ], [ 80.36935232544954, 29.722219146096791 ], [ 80.369147360962018, 29.722470647802197 ], [ 80.369015389049025, 29.72263258422646 ], [ 80.368678700861437, 29.723057334028795 ], [ 80.36837976261603, 29.723538646691225 ], [ 80.368107137634354, 29.723997458316092 ], [ 80.368037727059516, 29.72418105581113 ], [ 80.367963263194099, 29.724378020829022 ], [ 80.367767451107056, 29.724848520942544 ], [ 80.367674075398327, 29.725364645462093 ], [ 80.367617013414474, 29.726273458953017 ], [ 80.367624888777641, 29.727069708800059 ], [ 80.367629189335673, 29.727124616907588 ], [ 80.367648576920374, 29.727372147206893 ], [ 80.367629513990948, 29.728393896661032 ], [ 80.367663887878166, 29.729043709 ], [ 80.367713450415465, 29.729337146092462 ], [ 80.367851262525789, 29.72991977188002 ], [ 80.368117389006329, 29.730561708855817 ], [ 80.368320888498261, 29.730876208969903 ], [ 80.36853713857812, 29.731269709129833 ], [ 80.368907513570946, 29.731664022276846 ], [ 80.369406201135348, 29.732103958930622 ], [ 80.369880013451905, 29.732433333831352 ], [ 80.370494075940883, 29.732918958743028 ], [ 80.371184825419391, 29.733492959132832 ], [ 80.371324325557225, 29.733809397285881 ], [ 80.371360825441798, 29.734123145566741 ], [ 80.371369825856846, 29.734238208426632 ], [ 80.371384763596041, 29.734425583973575 ], [ 80.371306450632233, 29.734605584180429 ], [ 80.371111825650303, 29.734895646117252 ], [ 80.370917450679883, 29.73512033363653 ], [ 80.37046445137338, 29.735589583692388 ], [ 80.369896139195532, 29.736001958823408 ], [ 80.369288764065288, 29.736513334023186 ], [ 80.368551888359036, 29.737116646915752 ], [ 80.36824176254737, 29.737363271597758 ], [ 80.367517762434829, 29.737975709011835 ], [ 80.367117012839913, 29.738343645942564 ], [ 80.366754388204527, 29.738723147255484 ], [ 80.366159200686639, 29.739349645569746 ], [ 80.365925322995338, 29.739713994205545 ], [ 80.365886388646004, 29.739774647182287 ], [ 80.365832700918475, 29.740144334193701 ], [ 80.366064620785664, 29.74053396187287 ], [ 80.366087200963591, 29.740571897075426 ], [ 80.366443827120975, 29.741101459264996 ], [ 80.366583075448602, 29.741460770797971 ], [ 80.366784575747602, 29.742147458938121 ], [ 80.366858825574411, 29.74257408382698 ], [ 80.3668035136713, 29.743200958957118 ], [ 80.366661233729019, 29.74394357953264 ], [ 80.366657137317077, 29.743964959115601 ], [ 80.366641201330424, 29.744501771639477 ], [ 80.366664012634146, 29.744928208570002 ], [ 80.366762075609358, 29.745727146490651 ], [ 80.366938325643275, 29.7463325215287 ], [ 80.367317826056876, 29.747333646830384 ], [ 80.367495013184396, 29.747772084314306 ], [ 80.367788139111383, 29.748177271164195 ], [ 80.368132638810266, 29.748639083826731 ], [ 80.368400075603063, 29.749021583479362 ], [ 80.368681138923478, 29.749336458610742 ], [ 80.369140762636164, 29.749889020961575 ], [ 80.369289326141541, 29.750000271595297 ], [ 80.369083012670956, 29.750078270695667 ], [ 80.369296450570801, 29.750261959022225 ], [ 80.369744512599254, 29.750645333715227 ], [ 80.370449012711845, 29.750991583494852 ], [ 80.371071888556855, 29.750756458443846 ], [ 80.37124395044799, 29.750785583887648 ], [ 80.371579200619692, 29.750665333738198 ], [ 80.371877263824729, 29.7503283955391 ], [ 80.37198157618883, 29.750083020914758 ], [ 80.372046701494128, 29.749999895678684 ], [ 80.372124200571477, 29.749903270719415 ], [ 80.372486201077379, 29.749580147006213 ], [ 80.372950763866697, 29.749336458610742 ], [ 80.373478576874902, 29.749214895451132 ], [ 80.374070575396786, 29.749161333628706 ], [ 80.374636326305449, 29.749175272221066 ], [ 80.37499345158659, 29.749271709222057 ], [ 80.375104325404379, 29.749260958726325 ], [ 80.375201200375159, 29.749272647214923 ], [ 80.375563513845123, 29.749263083824303 ], [ 80.375879638134847, 29.749348084146845 ], [ 80.376599701015436, 29.749387522116479 ], [ 80.376668950611645, 29.749423959048499 ], [ 80.377402201150744, 29.749574021723788 ], [ 80.378052950583253, 29.749635770974123 ], [ 80.378579263522226, 29.749651771711967 ], [ 80.378883826127719, 29.749675708966834 ], [ 80.379077576069335, 29.749690208736183 ], [ 80.379673200657749, 29.74967945913977 ], [ 80.380144138741059, 29.749717709105028 ], [ 80.380337825730123, 29.749743458493867 ], [ 80.380600514102525, 29.749852959046848 ], [ 80.380830325958811, 29.750000645713271 ], [ 80.381759325632402, 29.750266646288765 ], [ 80.382194075895939, 29.750521334292216 ], [ 80.38289995107192, 29.750650958974632 ], [ 80.383689950630753, 29.750618522227057 ], [ 80.384188638195155, 29.750602833553955 ], [ 80.384521139139338, 29.75060433362313 ], [ 80.384999700775609, 29.750552458928894 ], [ 80.385567263818245, 29.750435333923576 ], [ 80.38576945119928, 29.750393583796892 ], [ 80.386455763422816, 29.750342647095522 ], [ 80.387494200696835, 29.750419647049114 ], [ 80.388011201156075, 29.750857395652361 ], [ 80.388101700832863, 29.751383395627272 ], [ 80.387975512460002, 29.75161739562634 ], [ 80.387708451583819, 29.752227458830191 ], [ 80.387491200558543, 29.752668583488401 ], [ 80.387322263811484, 29.753085145862826 ], [ 80.387194450363666, 29.753592083807689 ], [ 80.387024512671189, 29.75422514717286 ], [ 80.386926888565085, 29.754858520804135 ], [ 80.386820951126026, 29.755221209291449 ], [ 80.386755825820785, 29.755674270651127 ], [ 80.386565513987364, 29.756199021467694 ], [ 80.386601513848859, 29.75708795904211 ], [ 80.386598825775252, 29.757523272281219 ], [ 80.386638075786607, 29.757922708865976 ], [ 80.386853700837662, 29.758341020421824 ], [ 80.386873513801675, 29.75853964648752 ], [ 80.387308076106876, 29.75881458362619 ], [ 80.387928825954589, 29.759306958849095 ], [ 80.388488762746249, 29.759489959194298 ], [ 80.389588326040496, 29.759840209158369 ], [ 80.390231451020725, 29.760043895709259 ], [ 80.391248138191088, 29.760319271717094 ], [ 80.391850513090787, 29.760376208695106 ], [ 80.392723512879854, 29.760362146895602 ], [ 80.393192512924202, 29.760129709018884 ], [ 80.393506263903021, 29.759822084221867 ], [ 80.393923575412714, 29.759535270636263 ], [ 80.39425776258571, 29.759263895712252 ], [ 80.394612638662409, 29.759046708538847 ], [ 80.395197262743523, 29.758616270524499 ], [ 80.395696762395744, 29.758471959013775 ], [ 80.396155013742941, 29.758311708818383 ], [ 80.396924639160829, 29.758224897261243 ], [ 80.397608763333835, 29.758291208772334 ], [ 80.397714012791539, 29.758300709210403 ], [ 80.398356701600562, 29.758538208471577 ], [ 80.398584263353143, 29.758740020835319 ], [ 80.399246139197999, 29.759286646761382 ], [ 80.399264639151852, 29.759649895526309 ], [ 80.399291950663041, 29.76031995879913 ], [ 80.399038388610791, 29.761009021149448 ], [ 80.398702075440497, 29.761641396533264 ], [ 80.398197451451267, 29.762581958790406 ], [ 80.397986200702633, 29.763160708499925 ], [ 80.397979763355465, 29.763201333574727 ], [ 80.397867263563398, 29.76390458362971 ], [ 80.397885075535839, 29.764448270571279 ], [ 80.398068262940058, 29.765103271998441 ], [ 80.398644950504092, 29.765956333817826 ], [ 80.399016575554583, 29.766393334185068 ], [ 80.399315825864733, 29.76677589589093 ], [ 80.399501013361146, 29.767049708877039 ], [ 80.399520820029863, 29.76707744756618 ], [ 80.399851637443192, 29.767540771089784 ], [ 80.399995700741044, 29.767776022045837 ], [ 80.400242637487793, 29.768212521490739 ], [ 80.400466887936602, 29.768921833875595 ], [ 80.400569138155277, 29.769229083655318 ], [ 80.400746099552919, 29.769703126198351 ], [ 80.400753013540793, 29.769721646836558 ], [ 80.400885825420573, 29.770155334101446 ], [ 80.400903762398798, 29.770626834261066 ], [ 80.400901576146907, 29.770990020972761 ], [ 80.401022325420058, 29.771662772319132 ], [ 80.4010207003451, 29.771933459261788 ], [ 80.401142324658622, 29.772459584242483 ], [ 80.401284575822558, 29.773006084263443 ], [ 80.401345388878667, 29.773259022186153 ], [ 80.401602389039056, 29.773749708482285 ], [ 80.401601826063484, 29.773839834041155 ], [ 80.401828263663504, 29.77418608382078 ], [ 80.402096637549846, 29.774496270786301 ], [ 80.402717012380265, 29.775078833621308 ], [ 80.403523325641004, 29.775808771957315 ], [ 80.403875200680034, 29.776044897054419 ], [ 80.404310700978101, 29.776247708564938 ], [ 80.40474576240706, 29.776466208748559 ], [ 80.405098388379997, 29.776630209116888 ], [ 80.405237095315726, 29.776749840532773 ], [ 80.405563762357815, 29.777031583740666 ], [ 80.405811575943517, 29.777323646669004 ], [ 80.405894701179591, 29.777470646253391 ], [ 80.405996450475868, 29.777651583553791 ], [ 80.406118887776529, 29.7780491459514 ], [ 80.406345700393842, 29.778395270725241 ], [ 80.406364012389304, 29.778794584102798 ], [ 80.406358186581087, 29.778860727440644 ], [ 80.406319325976142, 29.779301959118186 ], [ 80.406192763485308, 29.77966452170034 ], [ 80.405836451191306, 29.780116333901731 ], [ 80.405594763787349, 29.780586709009469 ], [ 80.405363263004233, 29.781039084186432 ], [ 80.405379637860051, 29.781765458509142 ], [ 80.405647888539306, 29.782163708888106 ], [ 80.405916262425649, 29.782473895853684 ], [ 80.406247388306383, 29.78273033393782 ], [ 80.406827826043411, 29.782967522033573 ], [ 80.407118638914085, 29.783041020926419 ], [ 80.407552672417978, 29.783241239691506 ], [ 80.407637012638077, 29.783280146161871 ], [ 80.408300950628416, 29.783499708444822 ], [ 80.408570325460232, 29.783647458963117 ], [ 80.408838451133647, 29.784009645628714 ], [ 80.408867888642192, 29.784282770633411 ], [ 80.408845075539887, 29.784645772084787 ], [ 80.408861013325179, 29.785067646754555 ], [ 80.408862950464822, 29.78511727044571 ], [ 80.408735637939401, 29.785606208459797 ], [ 80.408588075379441, 29.785912334087016 ], [ 80.408460387836669, 29.786403522204864 ], [ 80.408438200662488, 29.786656021258409 ], [ 80.408371518630759, 29.786790442025335 ], [ 80.40831201408821, 29.786910397197119 ], [ 80.408206449867805, 29.787216646031425 ], [ 80.408143325554079, 29.78732689571973 ], [ 80.407983700387547, 29.787923959223406 ], [ 80.407918200964275, 29.788449271216962 ], [ 80.40795745097563, 29.78886677068499 ], [ 80.40795395081426, 29.78946445921747 ], [ 80.408200075473189, 29.790045334025024 ], [ 80.408571387559562, 29.790574772108073 ], [ 80.409243013854052, 29.791247771667372 ], [ 80.409344451085587, 29.791647459162959 ], [ 80.409360575929895, 29.791974646013159 ], [ 80.409363201050951, 29.792028770811157 ], [ 80.409360512977344, 29.792482146034274 ], [ 80.409150326126735, 29.792824083564653 ], [ 80.408877513186724, 29.79325820879933 ], [ 80.408583826082747, 29.793728333895558 ], [ 80.40860338903525, 29.793911147181745 ], [ 80.408600200938565, 29.79445477117082 ], [ 80.40884895071855, 29.794600208632801 ], [ 80.409629013668109, 29.794549583996172 ], [ 80.410380889166731, 29.793955145613552 ], [ 80.410965762360092, 29.793504395511491 ], [ 80.411355917941307, 29.793075595162634 ], [ 80.412116637372947, 29.792239520637395 ], [ 80.412534700715923, 29.791896270996176 ], [ 80.412825950657179, 29.791843459208337 ], [ 80.413616514090904, 29.79175670880511 ], [ 80.414510075979308, 29.791814833787612 ], [ 80.41484245101833, 29.791852396670834 ], [ 80.415308075907035, 29.792235709310603 ], [ 80.41572220111874, 29.792564584188256 ], [ 80.415742139088479, 29.792690958720812 ], [ 80.415844262502787, 29.793036458465849 ], [ 80.415882325409029, 29.793598397148344 ], [ 80.415941700449196, 29.794124209164977 ], [ 80.416085700794497, 29.794379772208799 ], [ 80.416416013688149, 29.794780458851164 ], [ 80.416816635579323, 29.795131586553509 ], [ 80.416850575993351, 29.795161333428837 ], [ 80.417679200534735, 29.795710896540697 ], [ 80.418260200348016, 29.795875896955124 ], [ 80.419226263781127, 29.796042521545189 ], [ 80.419703762418749, 29.796137083459712 ], [ 80.42006134365613, 29.796138676159046 ], [ 80.420265326084007, 29.796139583574984 ], [ 80.420764138654135, 29.796141770726194 ], [ 80.422614825613778, 29.79611152202915 ], [ 80.423259388609949, 29.796132334139941 ], [ 80.423675513913906, 29.796061958592588 ], [ 80.424194512666702, 29.796210896215939 ], [ 80.42456870078496, 29.796248584104944 ], [ 80.425222387403323, 29.796467958429616 ], [ 80.426114138956393, 29.796853084102622 ], [ 80.426633450673251, 29.796945521818429 ], [ 80.427359700889554, 29.797203584078204 ], [ 80.428211325592258, 29.797369708645192 ], [ 80.428688888081751, 29.797461959302041 ], [ 80.42922907576127, 29.797536521193535 ], [ 80.430639951072919, 29.798106522298212 ], [ 80.430991764058717, 29.798378709310043 ], [ 80.431416637967516, 29.798599333692323 ], [ 80.431590335725446, 29.798767705665114 ], [ 80.431830388161927, 29.799000397150678 ], [ 80.431912075382058, 29.79925339712662 ], [ 80.432179013051041, 29.799852271864893 ], [ 80.432197763915724, 29.79996064556741 ], [ 80.432340262393268, 29.800777833430345 ], [ 80.432773013463873, 29.801433834004285 ], [ 80.4331970123323, 29.801871020531223 ], [ 80.433860326193155, 29.802237021221629 ], [ 80.433984388568717, 29.802309708925975 ], [ 80.434232325361563, 29.802599520851231 ], [ 80.434562887367406, 29.802982147308285 ], [ 80.434954075370342, 29.803674146844457 ], [ 80.435262639059601, 29.804291208572465 ], [ 80.435466950639295, 29.804925896113275 ], [ 80.435817450614934, 29.805437209259878 ], [ 80.436126950498419, 29.805889645590696 ], [ 80.436458888466973, 29.806019646189782 ], [ 80.437082638453035, 29.806076459061387 ], [ 80.438185576003605, 29.805880396063458 ], [ 80.438988764120211, 29.805412396964584 ], [ 80.439533263149656, 29.804762770785317 ], [ 80.439889887508343, 29.80418458405137 ], [ 80.440499637748132, 29.80297133386 ], [ 80.440960325358787, 29.802393584196579 ], [ 80.441515075760208, 29.801705708951374 ], [ 80.44207970071767, 29.801164397119294 ], [ 80.442119087426022, 29.801133395689703 ], [ 80.442789514024923, 29.800605708586659 ], [ 80.443054450702391, 29.800401584065924 ], [ 80.443395076121931, 29.800136833548095 ], [ 80.44412445058299, 29.79984889670925 ], [ 80.444416950581854, 29.799633583722937 ], [ 80.445062700683138, 29.799435583585364 ], [ 80.445875202178911, 29.799132208984304 ], [ 80.446603513641321, 29.79902695862728 ], [ 80.447560262795946, 29.798956521026696 ], [ 80.448049326715136, 29.798904459273444 ], [ 80.448298637672053, 29.798905459319542 ], [ 80.448590138524139, 29.798870583610608 ], [ 80.448899700460856, 29.798889895652223 ], [ 80.449234575615208, 29.798909396551437 ], [ 80.449961512913546, 29.79905902125688 ], [ 80.450107202185677, 29.799021271314643 ], [ 80.45023188779146, 29.799042083425434 ], [ 80.450418139185842, 29.799151083955394 ], [ 80.45077151339467, 29.799206771775175 ], [ 80.451580575882929, 29.799537208775234 ], [ 80.452119325546505, 29.799864270619651 ], [ 80.452906512925267, 29.800411145657904 ], [ 80.453361514122662, 29.800866395967432 ], [ 80.454282512527982, 29.801668771096956 ], [ 80.455046482109537, 29.802181944940855 ], [ 80.455069762859353, 29.802197584151259 ], [ 80.455609951438191, 29.802271958983795 ], [ 80.455941763501642, 29.802438021497551 ], [ 80.456440826083337, 29.802458146526305 ], [ 80.456897950580014, 29.8025322092941 ], [ 80.457271888686762, 29.802569834230496 ], [ 80.458133950921138, 29.802537271577876 ], [ 80.45901901331689, 29.80250477097843 ], [ 80.459684325471301, 29.802507522004589 ], [ 80.46046463843237, 29.8024204586373 ], [ 80.460860200737727, 29.802349896930252 ], [ 80.461035371585183, 29.802305511789996 ], [ 80.461359700389892, 29.802223333540041 ], [ 80.461629951161399, 29.802224458591922 ], [ 80.462566262323207, 29.802101959238087 ], [ 80.462863137523811, 29.802094145928152 ], [ 80.463231700382721, 29.802086583529046 ], [ 80.463959325662415, 29.802125646481443 ], [ 80.464197614528359, 29.802163757051801 ], [ 80.464769826166616, 29.802255272063235 ], [ 80.465663638066474, 29.802276896261787 ], [ 80.466464639031926, 29.80218989584705 ], [ 80.467401576121915, 29.80194108401389 ], [ 80.467901575797157, 29.801796458639728 ], [ 80.468276701009017, 29.801653584245571 ], [ 80.46885970091455, 29.80145745919441 ], [ 80.469047700590977, 29.801311645815872 ], [ 80.469610700473481, 29.801043083971194 ], [ 80.469735262872121, 29.801025584063495 ], [ 80.470172762363177, 29.800898770661775 ], [ 80.470381114596819, 29.800742803037963 ], [ 80.470799200422846, 29.800429833570035 ], [ 80.471153013500839, 29.800341021021381 ], [ 80.471590638896942, 29.800126208957408 ], [ 80.472070138526135, 29.799927458785248 ], [ 80.472497200485464, 29.799748646582827 ], [ 80.472789325467033, 29.799587395442018 ], [ 80.473372512431581, 29.799352896319135 ], [ 80.474226201078352, 29.799139708430857 ], [ 80.474913387442939, 29.798977772006651 ], [ 80.475371012862013, 29.798889395629146 ], [ 80.475437464667323, 29.798873943477759 ], [ 80.4758290141977, 29.798782897013155 ], [ 80.476287263746258, 29.798638083680657 ], [ 80.476829013548183, 29.798405645803939 ], [ 80.477287138990334, 29.798281084304676 ], [ 80.477899597088765, 29.798059941013491 ], [ 80.478183075988227, 29.797957583775542 ], [ 80.478944013955129, 29.797543270605502 ], [ 80.479382075522437, 29.797290145623776 ], [ 80.479737138658095, 29.796966708946513 ], [ 80.480175764100295, 29.796605270516864 ], [ 80.480594075656143, 29.796117397300122 ], [ 80.481022762690429, 29.795859709158321 ], [ 80.481282513876977, 29.795702834118572 ], [ 80.482072887553784, 29.7955976467141 ], [ 80.482820888773063, 29.795744896309941 ], [ 80.483629888308769, 29.796093209134369 ], [ 80.48440857619488, 29.796312770518 ], [ 80.484574325744575, 29.796405959167714 ], [ 80.4857806385657, 29.796372270563893 ], [ 80.486404888574782, 29.796248396146609 ], [ 80.486716887674277, 29.796249584151042 ], [ 80.487237325342335, 29.796125271763913 ], [ 80.487673888639108, 29.796108958961327 ], [ 80.488236012581979, 29.796002833563989 ], [ 80.489207713864971, 29.795954236898581 ], [ 80.489951825516414, 29.795917022053004 ], [ 80.490513014164321, 29.795919147150983 ], [ 80.490887950518584, 29.795812333772233 ], [ 80.491240450586361, 29.795802397162959 ], [ 80.491407826110333, 29.795796271880477 ], [ 80.492302388944154, 29.795673396610027 ], [ 80.492947389010851, 29.795603709043974 ], [ 80.494092075788728, 29.79537120911408 ], [ 80.494507451058098, 29.795426958987036 ], [ 80.495068513800902, 29.795539646737382 ], [ 80.49542032588738, 29.795847771557476 ], [ 80.495544264156536, 29.796012896977686 ], [ 80.495832701018401, 29.796521522050625 ], [ 80.49608076281703, 29.796829271853483 ], [ 80.496098137718946, 29.797555646176193 ], [ 80.496158388698746, 29.797919083798718 ], [ 80.496249700463352, 29.798408896853175 ], [ 80.496122325884699, 29.798915958904445 ], [ 80.495974887431146, 29.799314647253198 ], [ 80.495744138481257, 29.799676958924579 ], [ 80.495346889047767, 29.800108459038199 ], [ 80.494886325543519, 29.800724833684171 ], [ 80.494362950689663, 29.801483021524291 ], [ 80.494432825314675, 29.802047208511908 ], [ 80.495201638644744, 29.802122334278351 ], [ 80.495575825863739, 29.802159834209021 ], [ 80.495950701963409, 29.802071083713599 ], [ 80.496491012850015, 29.802127270657081 ], [ 80.496656825352261, 29.802200084266531 ], [ 80.49667520119965, 29.802725709224148 ], [ 80.496778137601041, 29.802906583572053 ], [ 80.496839825697464, 29.803035397065969 ], [ 80.496837825605212, 29.803434645692391 ], [ 80.496918013655488, 29.804014645459574 ], [ 80.496978887865453, 29.804323959183421 ], [ 80.497205512524431, 29.804778208547532 ], [ 80.49741220101231, 29.805013583610048 ], [ 80.49782651418235, 29.805324208545414 ], [ 80.498230200963064, 29.805668584137891 ], [ 80.498561825967556, 29.805888645544599 ], [ 80.499225575999617, 29.806218272255535 ], [ 80.499869263056098, 29.806419208679586 ], [ 80.499906383472876, 29.806477566586466 ], [ 80.500000138695498, 29.806624959174599 ], [ 80.500579825498619, 29.806963270638505 ], [ 80.5006507640216, 29.80706277162966 ], [ 80.500750014101925, 29.807200708745768 ], [ 80.500856200653175, 29.807374833681706 ], [ 80.50101932598119, 29.807594270958873 ], [ 80.501097075969312, 29.807761458524567 ], [ 80.501195888079849, 29.807980646689543 ], [ 80.501473389185605, 29.808155395754966 ], [ 80.501758387939333, 29.80833239672279 ], [ 80.501935950983409, 29.808513521082205 ], [ 80.501999325308645, 29.808712271254365 ], [ 80.501990888768546, 29.808980646040027 ], [ 80.501946950591332, 29.809167708622908 ], [ 80.501455700420308, 29.80937339616537 ], [ 80.501078463600265, 29.809523603631476 ], [ 80.501023576177147, 29.809545458955824 ], [ 80.500427450666393, 29.809710147305509 ], [ 80.500118825823222, 29.809803709173877 ], [ 80.499999888683988, 29.809871021630386 ], [ 80.499623013391385, 29.80997327094974 ], [ 80.499225951016911, 29.810353022274228 ], [ 80.499079138491481, 29.810623084188023 ], [ 80.499057137476996, 29.810823771499884 ], [ 80.498992513993358, 29.811258896780714 ], [ 80.499115700429286, 29.811584208544446 ], [ 80.499529887694223, 29.811912834309908 ], [ 80.499861450645483, 29.812148708496125 ], [ 80.500019450737113, 29.812218021944204 ], [ 80.500490138808914, 29.812773645587299 ], [ 80.500596702176097, 29.81293420874681 ], [ 80.500724013802255, 29.813135459034243 ], [ 80.500979825958268, 29.813398083554773 ], [ 80.501249388748363, 29.813746458432377 ], [ 80.501376784011427, 29.813937345831903 ], [ 80.501462200720027, 29.814065333748204 ], [ 80.501639200788532, 29.814366022074296 ], [ 80.501706077073834, 29.814571520759102 ], [ 80.501707555559278, 29.814633996661655 ], [ 80.501711950546166, 29.814819708462835 ], [ 80.501767700419123, 29.815056770653484 ], [ 80.501844950384225, 29.81532552225508 ], [ 80.501929575689417, 29.815537834203724 ], [ 80.502064638572278, 29.8156872088976 ], [ 80.502134827060672, 29.815953646543619 ], [ 80.502262012781728, 29.816179709126345 ], [ 80.502477575779551, 29.816665459043747 ], [ 80.502732825859312, 29.81704089632035 ], [ 80.502916950357019, 29.817339333643361 ], [ 80.502944012756018, 29.817357520633095 ], [ 80.502993201175343, 29.817477208706293 ], [ 80.503094513401152, 29.817590395580339 ], [ 80.503241888902096, 29.817730833711039 ], [ 80.503403201196818, 29.817875772049319 ], [ 80.503591369046489, 29.817962302118588 ], [ 80.503823576696789, 29.81806908402109 ], [ 80.503975888576463, 29.818137333571144 ], [ 80.504160764008134, 29.818226021114015 ], [ 80.504378012335451, 29.818357645888682 ], [ 80.504521263545541, 29.818432646649399 ], [ 80.504714888481374, 29.818507771516465 ], [ 80.504909200499242, 29.818573958921093 ], [ 80.505126700636765, 29.818606333615435 ], [ 80.50549701267704, 29.818659584272439 ], [ 80.505675138696745, 29.818671521873284 ], [ 80.505941012467815, 29.818783083672429 ], [ 80.506461076017899, 29.819035396566335 ], [ 80.506824013617404, 29.819334521870758 ], [ 80.507111512486347, 29.819664896817585 ], [ 80.507224451147579, 29.819908958431711 ], [ 80.50744426254272, 29.820252646042832 ], [ 80.507572263948873, 29.820724584172297 ], [ 80.507628701803185, 29.820959396259184 ], [ 80.507742075736246, 29.821311709268002 ], [ 80.507779450661189, 29.821469708460313 ], [ 80.508027450406587, 29.821748083707121 ], [ 80.508112200717562, 29.822073209311213 ], [ 80.508436512435139, 29.822469208687096 ], [ 80.50858409567951, 29.822641855137533 ], [ 80.508693763506415, 29.822770147024698 ], [ 80.508989637761658, 29.823105084232282 ], [ 80.509419951669486, 29.823325521555603 ], [ 80.510023076603773, 29.823587146030036 ], [ 80.510147419567829, 29.823613173309354 ], [ 80.510275388598359, 29.823639958717195 ], [ 80.510419576002676, 29.823712708474773 ], [ 80.510524647394618, 29.823763925764638 ], [ 80.510676014086812, 29.823837708843257 ], [ 80.510875853338007, 29.823904280258375 ], [ 80.511456701165855, 29.824097772094547 ], [ 80.511499637498332, 29.824113708980519 ], [ 80.511532647114052, 29.824166757290072 ], [ 80.511554512330918, 29.82420189560105 ], [ 80.511610451061529, 29.82426977103313 ], [ 80.511728952029557, 29.824308521021464 ], [ 80.511880825939443, 29.82433389719165 ], [ 80.512055888868247, 29.824372896292175 ], [ 80.512242013458206, 29.82440064667253 ], [ 80.51225566606621, 29.824399071959647 ], [ 80.512279950459401, 29.824396270571469 ], [ 80.512519388658916, 29.824424270963391 ], [ 80.51328970115884, 29.824625584203375 ], [ 80.513774701041655, 29.824704084226141 ], [ 80.514195825676893, 29.824755208885847 ], [ 80.514498616617914, 29.824895591258553 ], [ 80.514534325998397, 29.824912146878148 ], [ 80.515104639167816, 29.825137520580142 ], [ 80.515347137760273, 29.825212895458833 ], [ 80.515625450953848, 29.825238646646255 ], [ 80.515918200964279, 29.825228521179383 ], [ 80.515979889060702, 29.825242270914146 ], [ 80.516141200456104, 29.825324021986091 ], [ 80.516358700593628, 29.825338395850338 ], [ 80.5166177628995, 29.82533933384326 ], [ 80.516859639161055, 29.825349209298622 ], [ 80.517134325388838, 29.825320896841959 ], [ 80.517360637983131, 29.825265334028018 ], [ 80.51740982550308, 29.825188834097446 ], [ 80.517914700403139, 29.825179396611929 ], [ 80.51865757548677, 29.825112146208653 ], [ 80.518985950341403, 29.825138208561555 ], [ 80.519520701619115, 29.825302520994626 ], [ 80.51982751252973, 29.825384897095375 ], [ 80.52012326357783, 29.825555145953274 ], [ 80.520407951166078, 29.825736646229302 ], [ 80.520664513356678, 29.825836772249318 ], [ 80.521020888603175, 29.825968897047005 ], [ 80.521647888739153, 29.82626445923745 ], [ 80.522375389013064, 29.826497146226359 ], [ 80.523091450809886, 29.826822333883626 ], [ 80.523483263841626, 29.827049271506723 ], [ 80.524129638971715, 29.82754339681037 ], [ 80.524194763377693, 29.827593208459859 ], [ 80.524372575534017, 29.827735958747553 ], [ 80.524835264136186, 29.82809402202156 ], [ 80.525020201621089, 29.828250334085681 ], [ 80.525343389186105, 29.82863727189266 ], [ 80.525647700880768, 29.829191084301158 ], [ 80.525788389022978, 29.829665208682513 ], [ 80.525843825931872, 29.830039833871297 ], [ 80.525787701041622, 29.830556209301676 ], [ 80.525664888723668, 29.830880583971805 ], [ 80.52552038745597, 29.831216146208249 ], [ 80.525340514053539, 29.831495208537092 ], [ 80.525257512923929, 29.83168214701351 ], [ 80.525356700951022, 29.83183139580234 ], [ 80.525526888655065, 29.832093647104159 ], [ 80.525776262564534, 29.83222539598529 ], [ 80.526118263946785, 29.832400333908311 ], [ 80.527201763550579, 29.832864333722057 ], [ 80.527437137713775, 29.83287870848568 ], [ 80.527637388854487, 29.832865895844463 ], [ 80.528058700548627, 29.832887708900671 ], [ 80.528669075817277, 29.832932771230446 ], [ 80.528911452101909, 29.833046396074394 ], [ 80.529117325804009, 29.833284022139935 ], [ 80.52930245034787, 29.833383895450481 ], [ 80.529573451153908, 29.833459334180986 ], [ 80.529894513620945, 29.833548458794382 ], [ 80.530057951013703, 29.833733959254857 ], [ 80.530113700886659, 29.834052208642561 ], [ 80.530118514058245, 29.834544020889894 ], [ 80.530178887345812, 29.834632272261615 ], [ 80.530399263515278, 29.834820208985491 ], [ 80.530641200930745, 29.835026333598478 ], [ 80.53088282538215, 29.835293334220069 ], [ 80.531038825381529, 29.835555583723249 ], [ 80.531151826995256, 29.835799584183519 ], [ 80.531276200536297, 29.83588802081556 ], [ 80.531561639058452, 29.835999521460792 ], [ 80.531739577119822, 29.836126583974703 ], [ 80.531874264086071, 29.836311958530132 ], [ 80.531958950545175, 29.836513021758606 ], [ 80.532078825677331, 29.836885645955874 ], [ 80.53252176336872, 29.837333833889375 ], [ 80.532574888120621, 29.837735458524662 ], [ 80.532911888373008, 29.838221708465142 ], [ 80.533303075476624, 29.838534395545992 ], [ 80.533659450723121, 29.838691271485061 ], [ 80.533995262971075, 29.838674396606166 ], [ 80.534224075680584, 29.83863233351542 ], [ 80.534788951548933, 29.838539583734871 ], [ 80.535203791721642, 29.838449106541077 ], [ 80.535317950762874, 29.838424208810238 ], [ 80.535568263564585, 29.838361895685011 ], [ 80.535907950991202, 29.838275209133656 ], [ 80.536079450806085, 29.838250896861439 ], [ 80.536307825545748, 29.838240458430448 ], [ 80.53666545084991, 29.838192083897582 ], [ 80.537000701920931, 29.838292396077293 ], [ 80.537313951078033, 29.838467271947081 ], [ 80.537342950616733, 29.838492209248102 ], [ 80.5375558884935, 29.838673396560068 ], [ 80.537697388723586, 29.838998709223119 ], [ 80.537752825632481, 29.839316958610823 ], [ 80.537829762633521, 29.8396713958183 ], [ 80.538007013612855, 29.839958458516094 ], [ 80.5381658887448, 29.840358333970016 ], [ 80.538208763024045, 29.840468958675558 ], [ 80.538194575319437, 29.840599772261726 ], [ 80.538227012966331, 29.84085477053128 ], [ 80.538212826161043, 29.841553959247847 ], [ 80.538230585972826, 29.841689675038538 ], [ 80.538266575941805, 29.841964709303966 ], [ 80.538270139055726, 29.842167770825995 ], [ 80.538366701062444, 29.842556083696365 ], [ 80.538550637601929, 29.842931145955674 ], [ 80.538848513747951, 29.843354020671541 ], [ 80.53920776412707, 29.84372970885903 ], [ 80.539385513330842, 29.843899521545723 ], [ 80.539491825787195, 29.844060020853306 ], [ 80.539548075683228, 29.844279021060004 ], [ 80.539547637713383, 29.844378271140329 ], [ 80.539560825371836, 29.844601646548824 ], [ 80.539594826040457, 29.844944647077853 ], [ 80.539550888762562, 29.845219709222249 ], [ 80.539567637736354, 29.845443083731368 ], [ 80.539631138866014, 29.845630522230863 ], [ 80.539843388761426, 29.8460485837752 ], [ 80.53988926317902, 29.846120896462253 ], [ 80.540197951874063, 29.846597895976174 ], [ 80.540453326060231, 29.846995834290396 ], [ 80.540627513049344, 29.847158833713252 ], [ 80.540791512518354, 29.847233833574592 ], [ 80.540955512886683, 29.847297583816498 ], [ 80.541405075883574, 29.847373583723936 ], [ 80.541637200796231, 29.847259333851241 ], [ 80.541865013459642, 29.847176646585012 ], [ 80.542260513711824, 29.847053959272841 ], [ 80.542469888474614, 29.847007333921397 ], [ 80.543134950617514, 29.84680664571016 ], [ 80.543637887478553, 29.846673020843298 ], [ 80.544152575780799, 29.846591333623223 ], [ 80.544595701430524, 29.846518458859862 ], [ 80.545002825420113, 29.846395771547691 ], [ 80.545305388832674, 29.846293021305939 ], [ 80.545371998918654, 29.846285422034668 ], [ 80.545401262858036, 29.846282083751191 ], [ 80.545508763318821, 29.846323083843288 ], [ 80.545652137735999, 29.846366396991698 ], [ 80.545831387908265, 29.84643020928678 ], [ 80.546070076073192, 29.846491896483883 ], [ 80.546261076787346, 29.84660764552649 ], [ 80.546484325391361, 29.846806958674279 ], [ 80.546582950442883, 29.846895209146624 ], [ 80.546743700661295, 29.847037833529271 ], [ 80.547047889148814, 29.84722614616976 ], [ 80.547280264072981, 29.847414145846187 ], [ 80.547460745417141, 29.847622181518489 ], [ 80.547470637959634, 29.847633584022731 ], [ 80.547771951314587, 29.847828646974506 ], [ 80.548177389075306, 29.848163897146208 ], [ 80.548630512488216, 29.848463145657718 ], [ 80.54907170099824, 29.848823334029703 ], [ 80.549280263673268, 29.848975208838851 ], [ 80.549396388632488, 29.849070333728946 ], [ 80.549473762704054, 29.849190146807871 ], [ 80.549532825679421, 29.849357270521693 ], [ 80.549663638366269, 29.849535896564419 ], [ 80.549877575389871, 29.849800584129696 ], [ 80.549996887546399, 29.849879897139601 ], [ 80.550075951444057, 29.849923021430357 ], [ 80.550230450474942, 29.850097270472702 ], [ 80.550502013357288, 29.850199708649711 ], [ 80.550696137416878, 29.850268022051637 ], [ 80.551006889156668, 29.850287146134917 ], [ 80.551415637321838, 29.8501013336097 ], [ 80.5518636390957, 29.849951646851082 ], [ 80.551985762532979, 29.849913771903118 ], [ 80.552476700639261, 29.849863522283783 ], [ 80.553020825550732, 29.849842770427585 ], [ 80.553990201186878, 29.850006271672157 ], [ 80.554264666181439, 29.850218991912982 ], [ 80.554332200770489, 29.850271334254728 ], [ 80.554433200931555, 29.850407021267074 ], [ 80.554540075464161, 29.850599146133732 ], [ 80.554652637309403, 29.850813771138689 ], [ 80.554765576869954, 29.851028459096142 ], [ 80.554967637446566, 29.851263709152931 ], [ 80.555148450640559, 29.851629770997192 ], [ 80.555224887618522, 29.851977396739528 ], [ 80.555289013777042, 29.852327333739538 ], [ 80.555246450663219, 29.852509834061664 ], [ 80.555240888356366, 29.853042147277336 ], [ 80.555180012347762, 29.85334420886818 ], [ 80.555053387803639, 29.853521958971271 ], [ 80.554777325613145, 29.853775958993367 ], [ 80.554608950942395, 29.853953584090675 ], [ 80.553795575305628, 29.854564395530474 ], [ 80.553509660142765, 29.854873434061801 ], [ 80.553410700543452, 29.854980395828647 ], [ 80.553227201074549, 29.855221146139058 ], [ 80.553094200337114, 29.855595147198358 ], [ 80.55309276411981, 29.855924459146536 ], [ 80.55315057703757, 29.856310396008041 ], [ 80.553257325665129, 29.856518271601033 ], [ 80.553518638974083, 29.856972583917639 ], [ 80.553658451176659, 29.857171522048134 ], [ 80.553920513620881, 29.857382208921877 ], [ 80.554308325568854, 29.857622584214937 ], [ 80.554333696343065, 29.857644473713549 ], [ 80.554683700792225, 29.857946458862045 ], [ 80.555106263443349, 29.858444145480973 ], [ 80.555448763949357, 29.858826521027197 ], [ 80.555930701640648, 29.85928820868395 ], [ 80.556132201040327, 29.859584459755069 ], [ 80.556130700971153, 29.85991602090769 ], [ 80.555991450844829, 29.860400583720036 ], [ 80.555997077003553, 29.860664459197494 ], [ 80.555992450890926, 29.861201333774602 ], [ 80.556069888814363, 29.861530958686842 ], [ 80.556521451004244, 29.862051272248493 ], [ 80.556770700807249, 29.862241584081914 ], [ 80.5570845138393, 29.862405020575295 ], [ 80.557428762627353, 29.862597958429092 ], [ 80.558030700456527, 29.862994708738881 ], [ 80.558267950605511, 29.863115083894058 ], [ 80.558853575632043, 29.863536583546534 ], [ 80.559222950578771, 29.863704771158325 ], [ 80.559716013783088, 29.86392064622089 ], [ 80.560078575465923, 29.864082021468164 ], [ 80.560493575717999, 29.8644014588603 ], [ 80.560898951425543, 29.864687020589599 ], [ 80.560948388057739, 29.864707520635648 ], [ 80.561277700905237, 29.86485070889313 ], [ 80.561905201064235, 29.865184396043105 ], [ 80.562183450405996, 29.865322897034105 ], [ 80.56250245072755, 29.865545021485616 ], [ 80.562689513310431, 29.865676459201268 ], [ 80.562880701083543, 29.865832771265445 ], [ 80.563243076606739, 29.866111396523763 ], [ 80.563305825903228, 29.866411583927515 ], [ 80.563208700920882, 29.866659396613898 ], [ 80.563029075731322, 29.866961084086824 ], [ 80.562801763090931, 29.867158834212887 ], [ 80.56254057568708, 29.867338458503127 ], [ 80.56225607695643, 29.867511147221705 ], [ 80.561725263809933, 29.867633396564031 ], [ 80.561464201411809, 29.867709333518974 ], [ 80.560780138392715, 29.867797208974082 ], [ 80.560450826444537, 29.867877397024301 ], [ 80.560015138188135, 29.86815339716162 ], [ 80.559589325387094, 29.868300833816477 ], [ 80.559197014130973, 29.868576958959522 ], [ 80.558985450418277, 29.868865020804094 ], [ 80.558856700776175, 29.869083395981988 ], [ 80.558686763083699, 29.86924964555476 ], [ 80.558463263568797, 29.869598584307255 ], [ 80.558438138309498, 29.86996785763057 ], [ 80.55843763918574, 29.86997520868897 ], [ 80.558495014133655, 29.870241584281757 ], [ 80.558624700869302, 29.870623271846569 ], [ 80.559395450439752, 29.871557395857167 ], [ 80.559736838484355, 29.871934114667681 ], [ 80.55984657555905, 29.872055209280518 ], [ 80.560283575926348, 29.872449146510974 ], [ 80.560504700331705, 29.872785958805025 ], [ 80.560850575993356, 29.873229271513708 ], [ 80.561097832898724, 29.873642985735273 ], [ 80.561388200605052, 29.87412883367881 ], [ 80.561579138366596, 29.874339210286394 ], [ 80.561907327061533, 29.874615521589078 ], [ 80.562196638963769, 29.874828520619758 ], [ 80.562213360058593, 29.874837323183954 ], [ 80.563059137369351, 29.875282520871679 ], [ 80.563378325649239, 29.875466209198237 ], [ 80.563611450607993, 29.875505334203865 ], [ 80.564243138909774, 29.875850333925825 ], [ 80.564457138885928, 29.876042770857225 ], [ 80.56519945099393, 29.876791897128385 ], [ 80.565227700498042, 29.876821271684378 ], [ 80.565517952191783, 29.87713127159094 ], [ 80.565814263517495, 29.877355584092982 ], [ 80.566233701923863, 29.877632209259104 ], [ 80.566618887851462, 29.877971770780675 ], [ 80.566941575393457, 29.878390147087657 ], [ 80.567336575622505, 29.878858334144866 ], [ 80.567582639127579, 29.879132084178366 ], [ 80.567630888654662, 29.879186396035379 ], [ 80.567654763856297, 29.87922258385521 ], [ 80.567673013798583, 29.879328646300053 ], [ 80.567758950315351, 29.879504897233289 ], [ 80.567931076058358, 29.879731020969871 ], [ 80.568035575481474, 29.879965958961861 ], [ 80.568157638664161, 29.880243771233097 ], [ 80.568186014073376, 29.880422084311817 ], [ 80.568312013588638, 29.880837521634362 ], [ 80.568499701200324, 29.88136377162084 ], [ 80.568666887866641, 29.881840209058453 ], [ 80.568776262514575, 29.882440645919132 ], [ 80.568875950564745, 29.882637208940082 ], [ 80.56908226403533, 29.883059771591263 ], [ 80.569551451138636, 29.884037958784802 ], [ 80.569575200435224, 29.88415983400921 ], [ 80.569614137482517, 29.884360709279349 ], [ 80.56970570105733, 29.884818896774732 ], [ 80.5697221388657, 29.885285895827508 ], [ 80.569867262464243, 29.886071334024905 ], [ 80.57036882606053, 29.886977521495453 ], [ 80.570509762415668, 29.887158458795909 ], [ 80.57072913763966, 29.887763708828174 ], [ 80.570797263982627, 29.887878959646343 ], [ 80.570826450580284, 29.887948960176402 ], [ 80.570880638330834, 29.888059709887727 ], [ 80.570923950579925, 29.888138771986803 ], [ 80.570944263566957, 29.888159146127748 ], [ 80.571012013993311, 29.888430021028682 ], [ 80.571097575492786, 29.888705522042244 ], [ 80.571308450324807, 29.889188958903389 ], [ 80.571589575698397, 29.889740209143383 ], [ 80.571670450830709, 29.89004952196791 ], [ 80.571768013782844, 29.890230272209351 ], [ 80.571782236561035, 29.890273238219436 ], [ 80.5719990127443, 29.890928084063887 ], [ 80.571988138142103, 29.891428770821165 ], [ 80.572165137311288, 29.891659458617198 ], [ 80.572257075903394, 29.891946209250193 ], [ 80.572522637609723, 29.892359896492053 ], [ 80.572777638577236, 29.892656270770317 ], [ 80.573059951055939, 29.892932333860188 ], [ 80.573326013684664, 29.893296333559022 ], [ 80.573634888539345, 29.893793584006744 ], [ 80.573764951191606, 29.894026333948204 ], [ 80.573832325701346, 29.89416420901108 ], [ 80.573998637327293, 29.89455270894041 ], [ 80.574110825953937, 29.894814708432079 ], [ 80.574112635389895, 29.894817047568722 ], [ 80.57424726390019, 29.89499108347178 ], [ 80.574372013357788, 29.895266708591805 ], [ 80.574411887498684, 29.895564583838507 ], [ 80.574391950428208, 29.895902834148501 ], [ 80.574271639124902, 29.896261146534755 ], [ 80.574153576126719, 29.896635209647286 ], [ 80.573903827199899, 29.897216333566973 ], [ 80.573589014121751, 29.89856420867136 ], [ 80.573431141733863, 29.898949203942664 ], [ 80.573188075669236, 29.89954195879443 ], [ 80.573184243657977, 29.900446244198861 ], [ 80.573183888425774, 29.900529895538284 ], [ 80.573182512463063, 29.900852458973873 ], [ 80.573158139036934, 29.901026083886734 ], [ 80.572999599352102, 29.901565810214038 ], [ 80.57282120083778, 29.9021731457741 ], [ 80.572765888934669, 29.902389520859742 ], [ 80.572796048598832, 29.902614864884185 ], [ 80.572814513479045, 29.902752833476541 ], [ 80.572872763467331, 29.90306658355604 ], [ 80.57293238851895, 29.903578833796189 ], [ 80.573026512463628, 29.904039270496014 ], [ 80.57309832602698, 29.904350772270391 ], [ 80.573060139014274, 29.904738647170859 ], [ 80.572915950710637, 29.905302084123946 ], [ 80.572878450779911, 29.905534396095561 ], [ 80.572525263630098, 29.906230208757165 ], [ 80.572410137817656, 29.906426083796759 ], [ 80.57208745117498, 29.907029520795788 ], [ 80.571803201556577, 29.907734646836559 ], [ 80.571630689105064, 29.908161528032167 ], [ 80.571576513945047, 29.908295583674317 ], [ 80.571449138467017, 29.908642585287112 ], [ 80.571429388455556, 29.909016958665745 ], [ 80.571582952191534, 29.909439271305359 ], [ 80.571639547427253, 29.909560502615136 ], [ 80.571689450807582, 29.909667396932889 ], [ 80.571774451130068, 29.910141397207781 ], [ 80.571876575443639, 29.910335709225649 ], [ 80.572034887600012, 29.910776083849214 ], [ 80.572124514035124, 29.911155334251305 ], [ 80.572271138602218, 29.91169270885149 ], [ 80.572370200724265, 29.912060646681539 ], [ 80.57240620058576, 29.912281834938767 ], [ 80.572425700585654, 29.912403709263799 ], [ 80.572479388313184, 29.912717458443979 ], [ 80.572580076409452, 29.913241084208721 ], [ 80.572579263422313, 29.913430583954323 ], [ 80.572587325844495, 29.913895271749425 ], [ 80.572668700999827, 29.914251897007489 ], [ 80.572657146510153, 29.914359839035399 ], [ 80.572642388635359, 29.914497708702356 ], [ 80.572756012579987, 29.914877021157679 ], [ 80.572743512902832, 29.915149896150865 ], [ 80.572881326811853, 29.915545147290743 ], [ 80.572998637976809, 29.915890647035781 ], [ 80.573088887642086, 29.916206709272274 ], [ 80.573136263927495, 29.916330958706851 ], [ 80.573295388171687, 29.916581833584814 ], [ 80.573313636315333, 29.916600908205396 ], [ 80.573555138458914, 29.916853333514609 ], [ 80.573668514190615, 29.91706577226762 ], [ 80.574029450798548, 29.917736833787899 ], [ 80.574175014165633, 29.917915521883856 ], [ 80.574343513842166, 29.918107833809529 ], [ 80.574622952087623, 29.918539520982165 ], [ 80.574817889134351, 29.918977770507752 ], [ 80.575027325950373, 29.920113083651927 ], [ 80.575291826456692, 29.920950771560911 ], [ 80.575361139005395, 29.921169833820841 ], [ 80.575396075868241, 29.921395522285593 ], [ 80.575519264102809, 29.921968833794722 ], [ 80.575714577066151, 29.922470208533355 ], [ 80.575779763525304, 29.922668958705515 ], [ 80.575826325924254, 29.922908208946751 ], [ 80.575920365332649, 29.923246433176416 ], [ 80.57598451397422, 29.923477147052722 ], [ 80.576278965501899, 29.923958118872122 ], [ 80.576467388759056, 29.924265896553948 ], [ 80.576506567723982, 29.924369757458408 ], [ 80.576556013349375, 29.924500834545938 ], [ 80.57668919574985, 29.924700057761527 ], [ 80.576835575701296, 29.924919021995322 ], [ 80.577020763197709, 29.925066208638668 ], [ 80.577348638029264, 29.925389897126081 ], [ 80.578002388499499, 29.925797959108593 ], [ 80.578258700678532, 29.92604014653557 ], [ 80.578634200907686, 29.926431583650697 ], [ 80.578902825704915, 29.926603833500167 ], [ 80.579527138666549, 29.927557772273417 ], [ 80.57995076341706, 29.928206520714411 ], [ 80.579950013382472, 29.928384708787348 ], [ 80.58005238860693, 29.928836146870708 ], [ 80.580246450613288, 29.929093897065741 ], [ 80.580322138455983, 29.929342270929112 ], [ 80.580386076656168, 29.929764333557216 ], [ 80.580501138616739, 29.930202271917381 ], [ 80.580506575917809, 29.930364709263984 ], [ 80.580469451004433, 29.930651083980365 ], [ 80.58040888885921, 29.930806521903492 ], [ 80.580389762977234, 29.931045522133218 ], [ 80.580509830564267, 29.931610020286257 ], [ 80.580545325906144, 29.931776896686472 ], [ 80.580544450865773, 29.931995708934892 ], [ 80.580699325813271, 29.932190146857863 ], [ 80.580842201106748, 29.932389146142214 ], [ 80.581005888511015, 29.932509147179474 ], [ 80.581039076192496, 29.932534146533669 ], [ 80.581253514138439, 29.932821272184015 ], [ 80.581353364066558, 29.932947455160956 ], [ 80.581572013537652, 29.933223770960296 ], [ 80.581804638473329, 29.933481709113664 ], [ 80.581922763524801, 29.93380464666717 ], [ 80.582042075681329, 29.933920021591803 ], [ 80.582280200870628, 29.934263647149635 ], [ 80.582338967969065, 29.93443236805939 ], [ 80.582365950328381, 29.934509833861796 ], [ 80.582538139023939, 29.934832895521765 ], [ 80.582776327165845, 29.935158459095646 ], [ 80.582841388619272, 29.93539327208191 ], [ 80.582938700660577, 29.935743209081863 ], [ 80.582973575470191, 29.93598245842378 ], [ 80.583103638122452, 29.936325708964375 ], [ 80.583371826748476, 29.936682959251243 ], [ 80.58392938843059, 29.937210272236314 ], [ 80.584072450783026, 29.937373146653442 ], [ 80.584364262800534, 29.937739521461822 ], [ 80.584504013849198, 29.937922646812751 ], [ 80.584689200446292, 29.938067584251655 ], [ 80.584981325427862, 29.938355021966743 ], [ 80.58502951020381, 29.938397656126995 ], [ 80.585124576637952, 29.938481770617273 ], [ 80.585345326026015, 29.938653897259599 ], [ 80.585392700512784, 29.938780396797938 ], [ 80.585490232887992, 29.93902814023653 ], [ 80.585499388885751, 29.939051396704656 ], [ 80.585521112009758, 29.939070397580849 ], [ 80.585636513914039, 29.939171333889988 ], [ 80.585815639080522, 29.939302770706377 ], [ 80.585994763347685, 29.939427459010062 ], [ 80.586421139124354, 29.939825710288346 ], [ 80.586659262515013, 29.940081333586704 ], [ 80.586873888419291, 29.940348209202568 ], [ 80.587035137761461, 29.940490833585159 ], [ 80.587177951001706, 29.940642397228885 ], [ 80.587296951093492, 29.940839020504427 ], [ 80.587352888924727, 29.941085084009444 ], [ 80.587424200666362, 29.941225146223587 ], [ 80.587525326732475, 29.941356271874497 ], [ 80.587557450515988, 29.941415021885803 ], [ 80.587614638404887, 29.94151895923261 ], [ 80.587715950630695, 29.941623020685881 ], [ 80.587859012983131, 29.941781396694125 ], [ 80.587965138380468, 29.941867459115997 ], [ 80.588091638818128, 29.941969334317378 ], [ 80.588204763638998, 29.942105022229043 ], [ 80.588476013557226, 29.942423958698782 ], [ 80.588678200938261, 29.942783209077902 ], [ 80.58894620070663, 29.943117897173295 ], [ 80.58918995115539, 29.943526959201847 ], [ 80.589389513415369, 29.943735083907029 ], [ 80.589675763126024, 29.944042771656655 ], [ 80.590042950921486, 29.944348397260796 ], [ 80.590278888959631, 29.945165709230139 ], [ 80.59046938875133, 29.945448271720409 ], [ 80.590588450896348, 29.945626833911319 ], [ 80.590778950688104, 29.945918395917317 ], [ 80.591052200698584, 29.946415520459936 ], [ 80.591209013685102, 29.946842334206394 ], [ 80.591216737962156, 29.946864670668049 ], [ 80.591298014192034, 29.947099708484814 ], [ 80.591398825495446, 29.947282771782568 ], [ 80.591607014052499, 29.94762177122783 ], [ 80.591756138734866, 29.947813959047039 ], [ 80.592169638018447, 29.948437771985652 ], [ 80.59231863769503, 29.948582646472005 ], [ 80.592724450473042, 29.948965084970723 ], [ 80.593070451140477, 29.949221084185751 ], [ 80.593848826062526, 29.950021959246101 ], [ 80.594111512636232, 29.950162646488991 ], [ 80.59445883440776, 29.950345885154547 ], [ 80.594571638170635, 29.950405396891597 ], [ 80.594798451687268, 29.950597833822997 ], [ 80.595308700935846, 29.951007708838745 ], [ 80.595487701096602, 29.951188709091696 ], [ 80.596042512651877, 29.951706958709224 ], [ 80.596478075902553, 29.95210527114142 ], [ 80.596608786965987, 29.952295413002958 ], [ 80.596686326512838, 29.952408208671955 ], [ 80.596986638022997, 29.952941458981172 ], [ 80.597117951632242, 29.953056895959037 ], [ 80.597299701020461, 29.953120585047031 ], [ 80.597375013845863, 29.953145645555139 ], [ 80.597626200788568, 29.953241147261167 ], [ 80.597792950384417, 29.953401833627765 ], [ 80.597882638872761, 29.953492334203929 ], [ 80.598306388628998, 29.953840959093043 ], [ 80.599276700459427, 29.954511645596028 ], [ 80.600035014204593, 29.955093647254046 ], [ 80.600417388851497, 29.955270708476462 ], [ 80.60047206673255, 29.955301887072494 ], [ 80.601220826080294, 29.955728833918613 ], [ 80.601411950900854, 29.955873770458197 ], [ 80.602039013090064, 29.956320021252054 ], [ 80.602174527432567, 29.956528355499245 ], [ 80.602178701186176, 29.956534772162058 ], [ 80.602530825337396, 29.956905709231137 ], [ 80.603133826165219, 29.957302270683272 ], [ 80.603940013520855, 29.957904708535523 ], [ 80.604486512642495, 29.958260520806448 ], [ 80.604671451926038, 29.958412209455958 ], [ 80.605322825488088, 29.958770583895387 ], [ 80.605663700919138, 29.958891147008899 ], [ 80.606040387354028, 29.959023083848308 ], [ 80.606473754460239, 29.959035408157604 ], [ 80.606660138054963, 29.959040708761734 ], [ 80.607270700382571, 29.959078646662249 ], [ 80.607738012399409, 29.959068772106207 ], [ 80.608073325523605, 29.959033647285025 ], [ 80.608402825430119, 29.958908333952479 ], [ 80.608932262613905, 29.95883095988097 ], [ 80.609515762542458, 29.958670271715732 ], [ 80.609940762356359, 29.958556458913506 ], [ 80.610431388397899, 29.958618834091965 ], [ 80.610769075732321, 29.95871458401092 ], [ 80.611002262744307, 29.958771646894036 ], [ 80.611279575891785, 29.958837834298663 ], [ 80.611335887840994, 29.958851584033425 ], [ 80.611765513767523, 29.959044583940454 ], [ 80.612267887652933, 29.959183647007762 ], [ 80.612877075816471, 29.959235083732153 ], [ 80.613062262413564, 29.959255958795495 ], [ 80.613353139136109, 29.959396708990994 ], [ 80.61364288810887, 29.959835083522364 ], [ 80.613986388660976, 29.960045896301096 ], [ 80.614408950412781, 29.960277209125934 ], [ 80.615018200629493, 29.960324083589626 ], [ 80.615467825679673, 29.960463020751831 ], [ 80.615864450983679, 29.960649147140487 ], [ 80.61652626297672, 29.960743584049226 ], [ 80.61745201339977, 29.961021397219781 ], [ 80.618007575888953, 29.961140272305784 ], [ 80.618536325990704, 29.961417021578313 ], [ 80.619011700429667, 29.96176577147321 ], [ 80.619301887372274, 29.962089209949113 ], [ 80.61964482584807, 29.962433084619192 ], [ 80.620146763562332, 29.962759270523975 ], [ 80.62041126406865, 29.962875147270267 ], [ 80.620860577054032, 29.963083959057542 ], [ 80.620969138714827, 29.963072958550242 ], [ 80.621160950617423, 29.963129895528311 ], [ 80.622041887822945, 29.963443708560362 ], [ 80.622776137508822, 29.963759395779562 ], [ 80.622978547022399, 29.963880520969326 ], [ 80.623162576191987, 29.963990646551167 ], [ 80.623657138566159, 29.964143083436625 ], [ 80.624230513927159, 29.964257521267655 ], [ 80.624539708940461, 29.964206071053411 ], [ 80.625016638307272, 29.964126708580807 ], [ 80.625332137568137, 29.964102772225203 ], [ 80.625669513737137, 29.964036146850731 ], [ 80.625928326031499, 29.963930770588661 ], [ 80.626093763516451, 29.96378014673644 ], [ 80.626215950805545, 29.963744396886455 ], [ 80.626481575464368, 29.963724834833329 ], [ 80.626911763467149, 29.963757583645645 ], [ 80.627504200858255, 29.96408183420931 ], [ 80.628160262586107, 29.964446896906793 ], [ 80.628796888165937, 29.964728397297733 ], [ 80.629824388784584, 29.964729021427274 ], [ 80.63025438882903, 29.964836271876493 ], [ 80.630498137479094, 29.964873021772576 ], [ 80.630747354007212, 29.964981756103214 ], [ 80.630773888504223, 29.964993333975258 ], [ 80.631189263773535, 29.965118583455933 ], [ 80.631555075606286, 29.965157960271711 ], [ 80.631985388614851, 29.965177208461455 ], [ 80.632731763859852, 29.965111584032456 ], [ 80.633230700536444, 29.96503852131076 ], [ 80.633661513568029, 29.964926958612295 ], [ 80.633927201179461, 29.964889333675842 ], [ 80.634659262814807, 29.964747022257313 ], [ 80.634874700806847, 29.964736333814812 ], [ 80.635427639074351, 29.964512334276833 ], [ 80.635988075889031, 29.964277022166868 ], [ 80.63623611700325, 29.964165306583709 ], [ 80.636595326013548, 29.964003522144878 ], [ 80.636819218532139, 29.963954017164212 ], [ 80.63711938884876, 29.963887647197225 ], [ 80.637758825709284, 29.963657083507655 ], [ 80.637959763032711, 29.963608020993433 ], [ 80.638965575600878, 29.963179896934719 ], [ 80.639673262910833, 29.962868334006487 ], [ 80.640169513312458, 29.962569646671909 ], [ 80.640924388949429, 29.96211158418231 ], [ 80.641194326756818, 29.961787458624372 ], [ 80.641353576006793, 29.961449584230991 ], [ 80.641376762327752, 29.961303020817809 ], [ 80.641744201034101, 29.960532522158246 ], [ 80.642183512659017, 29.96002170903472 ], [ 80.642431950374259, 29.959729146982625 ], [ 80.642870576715779, 29.959498021216746 ], [ 80.643244075953419, 29.9593681456235 ], [ 80.643566638489631, 29.959357771943644 ], [ 80.643968763147939, 29.959288958518698 ], [ 80.644363700424492, 29.959134333582654 ], [ 80.644565263676043, 29.959015396443419 ], [ 80.644910262498684, 29.958792959027903 ], [ 80.645183762520674, 29.958550083619514 ], [ 80.645345512785241, 29.958412958591225 ], [ 80.645654638550809, 29.958276145627678 ], [ 80.646071200925235, 29.95805845843114 ], [ 80.646351888329036, 29.957797583991351 ], [ 80.646675450911403, 29.957590897302111 ], [ 80.646773138869321, 29.957534771512542 ], [ 80.647430200643328, 29.957162083463459 ], [ 80.647807763017909, 29.956887897258696 ], [ 80.64808107598094, 29.956701396752123 ], [ 80.648311138748113, 29.956553146210808 ], [ 80.648741950880378, 29.956416709163875 ], [ 80.649108200682974, 29.956336459959687 ], [ 80.649718450945784, 29.956175708841954 ], [ 80.650049012951627, 29.956014146535665 ], [ 80.650339763769125, 29.955926959061969 ], [ 80.650758262383931, 29.955889709142809 ], [ 80.651021263720395, 29.955865584828928 ], [ 80.651315700858959, 29.955855083445385 ], [ 80.651839387777557, 29.955831709166091 ], [ 80.652241075365396, 29.955783146674946 ], [ 80.652441951534911, 29.955752084990763 ], [ 80.653073763943098, 29.95562964679084 ], [ 80.653281700690002, 29.95561670914384 ], [ 80.654046013812547, 29.955487834496012 ], [ 80.65457726402957, 29.95543964702216 ], [ 80.655086201167308, 29.955465771428237 ], [ 80.656022137311822, 29.955524583492775 ], [ 80.656218387368767, 29.955525146468403 ], [ 80.656998637377285, 29.955276771705712 ], [ 80.657357700697389, 29.955196521602261 ], [ 80.657651762818659, 29.955183708961044 ], [ 80.65813938872185, 29.955185021071941 ], [ 80.658534013034341, 29.955210834312595 ], [ 80.659028075385436, 29.955426397310418 ], [ 80.659317951162564, 29.955607583723065 ], [ 80.659632950400407, 29.955813709235372 ], [ 80.659890637642889, 29.955915896501494 ], [ 80.660327888021698, 29.956090708519412 ], [ 80.660556950742716, 29.95614764729612 ], [ 80.660865512633336, 29.95614845848462 ], [ 80.661604637544031, 29.956100708980614 ], [ 80.66189870056462, 29.95606308404416 ], [ 80.662569700930987, 29.955976896616562 ], [ 80.663019730676069, 29.95598950960823 ], [ 80.663100388172438, 29.955991770503829 ], [ 80.663516137559782, 29.95608083396337 ], [ 80.663655423658952, 29.956118552429302 ], [ 80.663953263832127, 29.956199209026352 ], [ 80.664347326068309, 29.956387458714289 ], [ 80.664784075524722, 29.956614147225139 ], [ 80.665067138937388, 29.95669608355746 ], [ 80.665490138659038, 29.956760209715981 ], [ 80.665927451091079, 29.956797521688316 ], [ 80.66620726345451, 29.956786897097686 ], [ 80.666802638031356, 29.956838083810567 ], [ 80.66743357539923, 29.956878021803334 ], [ 80.667989263793572, 29.956971896635764 ], [ 80.668555825890735, 29.957029708654204 ], [ 80.66933205053374, 29.957103591557541 ], [ 80.669358888102238, 29.957106145632167 ], [ 80.669420767754275, 29.957118540987949 ], [ 80.669803513821137, 29.957195209091651 ], [ 80.670283762585655, 29.957295709229641 ], [ 80.670789012503008, 29.957430084131147 ], [ 80.671283950793736, 29.957410897095258 ], [ 80.673078637868912, 29.957386146853253 ], [ 80.673131138491328, 29.957379458595199 ], [ 80.673375201004774, 29.957298895527686 ], [ 80.673784826008955, 29.957105896519977 ], [ 80.674028950575689, 29.95701177167598 ], [ 80.674452512373591, 29.956913583694984 ], [ 80.674897514009103, 29.956896646762914 ], [ 80.675205387918368, 29.957010146601021 ], [ 80.675549075529489, 29.957184709506805 ], [ 80.675836264132329, 29.957192208953359 ], [ 80.676137012713014, 29.95731020899899 ], [ 80.677368013722912, 29.957962896470519 ], [ 80.677658700688539, 29.957986145744087 ], [ 80.677950200641305, 29.958074835085597 ], [ 80.678210075934317, 29.9583213338625 ], [ 80.67855432562169, 29.958610896675566 ], [ 80.678784200430584, 29.958731020919913 ], [ 80.67910607678408, 29.958831021034825 ], [ 80.679436012861743, 29.958852146109734 ], [ 80.679665638558447, 29.958906833883304 ], [ 80.679979700702688, 29.959160271829148 ], [ 80.68035426383824, 29.959483708506411 ], [ 80.680637388404818, 29.959764145898646 ], [ 80.680717325544208, 29.959978583844645 ], [ 80.680792887481857, 29.960244958538055 ], [ 80.680868639176424, 29.960551897152357 ], [ 80.681052387757518, 29.960705772053814 ], [ 80.681228513685028, 29.960821209930941 ], [ 80.681542637882501, 29.960934770923018 ], [ 80.681772513590715, 29.961061647277234 ], [ 80.682040450406532, 29.961204396665607 ], [ 80.68242263889374, 29.961597771819754 ], [ 80.683184701013204, 29.962068834009528 ], [ 80.683202954552769, 29.962079571914785 ], [ 80.683843138749921, 29.962456146833745 ], [ 80.684042013028545, 29.96264383354611 ], [ 80.684359389174517, 29.962958145701919 ], [ 80.684435513188419, 29.963145522148181 ], [ 80.684488012911515, 29.96355396004725 ], [ 80.684490416799349, 29.963577050140827 ], [ 80.6845103259908, 29.963768272088146 ], [ 80.684622700777084, 29.964555708579155 ], [ 80.684743825966848, 29.965117772267433 ], [ 80.684936137892521, 29.966133271433364 ], [ 80.685256700336481, 29.966668646840617 ], [ 80.685436200520314, 29.96694202185688 ], [ 80.685688575467452, 29.967211021671346 ], [ 80.685933388015485, 29.967437209259856 ], [ 80.686078700471683, 29.967572897171522 ], [ 80.68629763412855, 29.967719090064008 ], [ 80.686729575809352, 29.968007521529955 ], [ 80.687303576199156, 29.968369834100599 ], [ 80.687938825816218, 29.968932958988944 ], [ 80.688263700509424, 29.969226959956302 ], [ 80.688592575387077, 29.969595458963283 ], [ 80.688714950634505, 29.969715271142888 ], [ 80.689166013700628, 29.970250958614884 ], [ 80.689291951162659, 29.970472270978576 ], [ 80.689305637944869, 29.97096633422899 ], [ 80.689414931653857, 29.971340457596114 ], [ 80.689442137944354, 29.971433585091916 ], [ 80.689801450376706, 29.971921646266992 ], [ 80.69021445053653, 29.97230383385488 ], [ 80.690768826819976, 29.972966021764535 ], [ 80.690929201121776, 29.973153646423668 ], [ 80.691411450877808, 29.973576584092143 ], [ 80.691579575537048, 29.973777771427081 ], [ 80.691770014174892, 29.974184209233897 ], [ 80.692344013665377, 29.974679583695888 ], [ 80.693159512601483, 29.975209271790504 ], [ 80.693549951469151, 29.975471772204571 ], [ 80.693840950499521, 29.97563270858268 ], [ 80.694101450821336, 29.975813770888863 ], [ 80.694490045179521, 29.975990543428907 ], [ 80.694515138063252, 29.976001958523625 ], [ 80.694809826112646, 29.976203395870073 ], [ 80.694847430364689, 29.976248426723544 ], [ 80.695268450678498, 29.97675258396464 ], [ 80.695766139096122, 29.977094333536741 ], [ 80.696600950973163, 29.977583459509106 ], [ 80.696812101897024, 29.977666094614619 ], [ 80.697267701143574, 29.977844396901446 ], [ 80.69761257585975, 29.97797152056927 ], [ 80.697838450484142, 29.978120897061785 ], [ 80.698182576065108, 29.978514209263381 ], [ 80.698269216750987, 29.978717520796977 ], [ 80.69829707594937, 29.978782896113842 ], [ 80.698556575325767, 29.97920308365542 ], [ 80.698785826005121, 29.979512583538963 ], [ 80.699000326004295, 29.979598833919113 ], [ 80.699368387940808, 29.979680772050017 ], [ 80.699874637904259, 29.979774583929952 ], [ 80.70026601296621, 29.979734771842288 ], [ 80.700569200508255, 29.979721959201129 ], [ 80.701091137346168, 29.979671208659397 ], [ 80.701359450977918, 29.979723709281814 ], [ 80.701371536067597, 29.979726346993345 ], [ 80.701735387378278, 29.979805771519182 ], [ 80.701956762694522, 29.979826583629972 ], [ 80.702041825969559, 29.979878647181863 ], [ 80.702240952058332, 29.980000896524189 ], [ 80.702559887628752, 29.980466333454558 ], [ 80.702708138170124, 29.980708021757835 ], [ 80.702758020866042, 29.980855947643931 ], [ 80.70282763738561, 29.981062396012817 ], [ 80.702928700499172, 29.981267896496263 ], [ 80.702965700406821, 29.981344708491577 ], [ 80.703100075308271, 29.981577395480485 ], [ 80.703223825619091, 29.981789647174537 ], [ 80.703394888363448, 29.981988521453161 ], [ 80.703671700588586, 29.982372647080069 ], [ 80.703761388177554, 29.982589397183006 ], [ 80.70390638856901, 29.982736334714104 ], [ 80.704179263562196, 29.983136209268707 ], [ 80.704317575695597, 29.983337271597861 ], [ 80.704539013065073, 29.983707708643863 ], [ 80.705141888887113, 29.984327083428184 ], [ 80.705401825334036, 29.984605146610306 ], [ 80.705668637997292, 29.984889897151106 ], [ 80.706084014165981, 29.98548408372352 ], [ 80.706287013634835, 29.985730459293336 ], [ 80.706825889203458, 29.986106083628897 ], [ 80.707057139075744, 29.986205833732299 ], [ 80.707348513123463, 29.986348584019993 ], [ 80.707778889084523, 29.98663602173508 ], [ 80.70808432583101, 29.986742709208727 ], [ 80.708591638793166, 29.986820522149401 ], [ 80.709087512378858, 29.986844210292134 ], [ 80.709411888847626, 29.986808833660803 ], [ 80.709668701049793, 29.98693114595568 ], [ 80.709853387623809, 29.987233833474704 ], [ 80.710200075373223, 29.987536896010965 ], [ 80.710282450574709, 29.987848334832847 ], [ 80.710332451081797, 29.98825220867252 ], [ 80.710713513617804, 29.988652334137953 ], [ 80.711082575600415, 29.989165208507643 ], [ 80.711476325771855, 29.989319458426337 ], [ 80.711939262586952, 29.989417397295085 ], [ 80.712580825444775, 29.989572209290088 ], [ 80.713034513631953, 29.989717583799518 ], [ 80.713446325787345, 29.989932771780047 ], [ 80.713701075844028, 29.989989708758117 ], [ 80.714064263455043, 29.990189021006586 ], [ 80.714322950743622, 29.990458021720372 ], [ 80.714475700593141, 29.99062527223856 ], [ 80.714544763130391, 29.990717959066615 ], [ 80.714794200891731, 29.991052272144714 ], [ 80.714888388688223, 29.991318646838124 ], [ 80.714989262944187, 29.991700085290745 ], [ 80.715238013623491, 29.992163021206522 ], [ 80.715605075513906, 29.992716458597727 ], [ 80.715849763955475, 29.993019272021854 ], [ 80.716071825454435, 29.993202458526696 ], [ 80.716515451127236, 29.99358233395759 ], [ 80.716698075555826, 29.993736146805759 ], [ 80.716813325474675, 29.993986771672212 ], [ 80.716914512694643, 29.994289209179726 ], [ 80.717205262612822, 29.994673333907258 ], [ 80.717397262473753, 29.995057208623336 ], [ 80.71739607536864, 29.995138395820334 ], [ 80.717402200651122, 29.995251209475782 ], [ 80.717452326163993, 29.995524271527984 ], [ 80.717487013015273, 29.995740895725817 ], [ 80.717553700442977, 29.995878583729734 ], [ 80.717571075344893, 29.995917083706502 ], [ 80.717636950684778, 29.996097583936375 ], [ 80.717853700787714, 29.996420645596345 ], [ 80.717983200464403, 29.996563021766065 ], [ 80.718223575757463, 29.996800396920833 ], [ 80.718639639008188, 29.997214022109461 ], [ 80.718946200806556, 29.997722210111931 ], [ 80.719214200574982, 29.998074709280445 ], [ 80.71947726396462, 29.998397896845518 ], [ 80.720029887469366, 29.998874959311991 ], [ 80.720307200616844, 29.999229583578483 ], [ 80.72057245115775, 29.999593397117621 ], [ 80.720715763521753, 29.999776396563504 ], [ 80.720919950994983, 29.999973084590238 ], [ 80.720932825689431, 30.000006958454435 ], [ 80.721099201167249, 30.000183271440903 ], [ 80.721311951085738, 30.000325833770262 ], [ 80.721811825755196, 30.000543396860337 ], [ 80.721992450990854, 30.000615958659637 ], [ 80.722289076180004, 30.000657208763243 ], [ 80.722713075947752, 30.000676146686885 ], [ 80.723306638390682, 30.000639021773509 ], [ 80.723617200373553, 30.000560770862933 ], [ 80.723739106174889, 30.000506322308979 ], [ 80.723979200879455, 30.000399083550917 ], [ 80.724190387776218, 30.000302521544199 ], [ 80.724626513103146, 30.000145583551898 ], [ 80.724984263413091, 30.000008709434439 ], [ 80.725648950538698, 29.999913020669396 ], [ 80.725864763548032, 29.99988195988459 ], [ 80.726198575703791, 29.999846584152579 ], [ 80.726821887720007, 29.999845646159713 ], [ 80.727278263081416, 29.999848834256341 ], [ 80.727655888408606, 30.000018771049497 ], [ 80.727998450967789, 30.000080396193368 ], [ 80.728505513019059, 30.000300271440437 ], [ 80.728752995654304, 30.000385506485998 ], [ 80.728926887665807, 30.00044539683762 ], [ 80.729181825680769, 30.000446020967161 ], [ 80.729580326970563, 30.00043995863723 ], [ 80.729865450730017, 30.000420333631553 ], [ 80.730403388305774, 30.000356021313394 ], [ 80.730718763460231, 30.000304771647961 ], [ 80.731279826203092, 30.000208958776454 ], [ 80.731761950953342, 30.000169333747806 ], [ 80.732450325322304, 30.000057959906997 ], [ 80.732506764075936, 30.000046771441419 ], [ 80.732702512311164, 30.000011084543985 ], [ 80.733289888317756, 29.999865647082004 ], [ 80.733503137359946, 29.999834521546006 ], [ 80.733904512883043, 29.999713522261288 ], [ 80.734265888360142, 29.999666896909844 ], [ 80.734859450803071, 29.999627458940154 ], [ 80.735346200766628, 29.999572021131939 ], [ 80.736090200902083, 29.99949233400406 ], [ 80.736642076170938, 29.999432521893425 ], [ 80.737005825858262, 29.999449083808202 ], [ 80.737441512316025, 29.999465709574906 ], [ 80.738444638609224, 29.999506083738822 ], [ 80.738704137985621, 29.999522333588857 ], [ 80.739320575584145, 29.999528083854045 ], [ 80.739821389145845, 29.999531334003905 ], [ 80.740321575880103, 29.999690209135906 ], [ 80.740615137978295, 29.99990058394485 ], [ 80.740769700861051, 30.000000146089917 ], [ 80.741031700352721, 30.000167583667121 ], [ 80.741540575437284, 30.00055658451879 ], [ 80.741716262495572, 30.000653896560152 ], [ 80.742019263877978, 30.000859772060892 ], [ 80.742347575780059, 30.001167083893847 ], [ 80.742504950842886, 30.001332147260825 ], [ 80.742575200485192, 30.00148339704117 ], [ 80.742597075594631, 30.001530833581171 ], [ 80.742735388627352, 30.001788270812085 ], [ 80.742991950817952, 30.002059458677138 ], [ 80.743306012962194, 30.002490895838207 ], [ 80.743659138958151, 30.003005835051283 ], [ 80.743761012360892, 30.003057958857767 ], [ 80.743974076142763, 30.003114771729372 ], [ 80.744298638771227, 30.003142459157232 ], [ 80.744580887398115, 30.003233208845586 ], [ 80.745067512355888, 30.003358209214014 ], [ 80.745387138605622, 30.003408458833349 ], [ 80.74560720091165, 30.003485584692044 ], [ 80.7459404509911, 30.003657646583179 ], [ 80.746421575695194, 30.004010459615074 ], [ 80.74683307668522, 30.004385708933398 ], [ 80.747126201712888, 30.004790084594788 ], [ 80.747255825495984, 30.004916647085622 ], [ 80.747653700857654, 30.005167771975152 ], [ 80.74789426410905, 30.005337395804247 ], [ 80.748065700971381, 30.005457271835667 ], [ 80.748467887682921, 30.005785145767902 ], [ 80.748703950726792, 30.005954772294956 ], [ 80.749078638868127, 30.006287021428932 ], [ 80.74940701282344, 30.006580896491243 ], [ 80.750011512821118, 30.007258771275303 ], [ 80.750011950790963, 30.007247146638576 ], [ 80.750460200777695, 30.007911458746889 ], [ 80.750600075932823, 30.008200521536878 ], [ 80.750845200545598, 30.008507771316658 ], [ 80.751177637637909, 30.008889584786573 ], [ 80.751370200474412, 30.009226022063331 ], [ 80.751334450624427, 30.009410958648857 ], [ 80.751529012653862, 30.009722584529698 ], [ 80.751701513414162, 30.010189833593984 ], [ 80.751963200841089, 30.010894146647615 ], [ 80.752050325362291, 30.011185271583088 ], [ 80.752272265452746, 30.011523933782541 ], [ 80.752330075672489, 30.011612145584081 ], [ 80.752662950734646, 30.011964646551235 ], [ 80.753013387757676, 30.012285584012545 ], [ 80.753275951124294, 30.012608646571834 ], [ 80.753328262889056, 30.012823021565225 ], [ 80.753379387548762, 30.013357708991123 ], [ 80.753396575391719, 30.013632959093854 ], [ 80.753640763810267, 30.014197334039807 ], [ 80.753763076105145, 30.014520145688209 ], [ 80.753885200441687, 30.014795521696044 ], [ 80.753902325332092, 30.014946709423157 ], [ 80.75400713771927, 30.015283020794811 ], [ 80.754269263116043, 30.015788771634561 ], [ 80.754444451050631, 30.015971896985491 ], [ 80.754602014071736, 30.016170584205156 ], [ 80.754741075340405, 30.016707708793774 ], [ 80.754740700323111, 30.016858833568392 ], [ 80.75479326299876, 30.016951397189302 ], [ 80.754827887796864, 30.017104897073409 ], [ 80.755019825604506, 30.01771652150029 ], [ 80.75512457593851, 30.017931021499521 ], [ 80.75514176378141, 30.01806864655083 ], [ 80.755194982962166, 30.018292586733537 ], [ 80.75522863919042, 30.018434209271391 ], [ 80.755263451047483, 30.018648584264781 ], [ 80.755350888532746, 30.018802147101439 ], [ 80.755402826179534, 30.019030021818082 ], [ 80.755507450608434, 30.019291897203345 ], [ 80.755612262995612, 30.019641709197572 ], [ 80.755786763848107, 30.020086396969702 ], [ 80.755926263086621, 30.020422772193228 ], [ 80.756066262348213, 30.020666645849076 ], [ 80.756363575518662, 30.021140896135478 ], [ 80.756726305374741, 30.02152730963769 ], [ 80.756766576116661, 30.021570209097945 ], [ 80.757222513508225, 30.021954583837044 ], [ 80.758028700863917, 30.022612396544901 ], [ 80.758221513711931, 30.022750333661008 ], [ 80.758624950481135, 30.023010521918081 ], [ 80.759028139037468, 30.023363146991699 ], [ 80.759220200951574, 30.023805521707516 ], [ 80.759272763627223, 30.023913959261847 ], [ 80.759359201066331, 30.024493834922623 ], [ 80.759358513984296, 30.024755460296319 ], [ 80.75935782600294, 30.025060022002492 ], [ 80.759391575760674, 30.02556533397302 ], [ 80.759478201158117, 30.026052708965381 ], [ 80.759565450685045, 30.026267146012003 ], [ 80.759547325748542, 30.026558146841069 ], [ 80.759809576151099, 30.027048021049382 ], [ 80.759886451098907, 30.027289583447555 ], [ 80.759983889045316, 30.027598772165675 ], [ 80.759930763394095, 30.027720521484923 ], [ 80.759877512737091, 30.028027146235843 ], [ 80.759542700535235, 30.028437084204143 ], [ 80.759190700490478, 30.028774771538508 ], [ 80.758873513202104, 30.029155459057222 ], [ 80.75848601331893, 30.029660021892539 ], [ 80.758168763078004, 30.030069958961462 ], [ 80.757922137496678, 30.030344709041117 ], [ 80.757570013345514, 30.030695896998111 ], [ 80.757560800690442, 30.030708321132181 ], [ 80.757411326171848, 30.030909896074888 ], [ 80.757384939163671, 30.031015785849888 ], [ 80.757357950509061, 30.031124084009321 ], [ 80.757264371553561, 30.031550581194438 ], [ 80.757233763127715, 30.031690084030231 ], [ 80.757274536590671, 30.031966040100713 ], [ 80.757285763727054, 30.032042022021756 ], [ 80.757355325388005, 30.032209083682289 ], [ 80.757389451062352, 30.032714395652874 ], [ 80.757476575583553, 30.03298977076139 ], [ 80.757581137959221, 30.033294460171248 ], [ 80.757668138373958, 30.033646522269237 ], [ 80.757737638880997, 30.033982771587716 ], [ 80.75778976268748, 30.034258020791071 ], [ 80.757789137658619, 30.034517459013557 ], [ 80.757665076182377, 30.034900708700775 ], [ 80.757647139204153, 30.035112709483997 ], [ 80.757611013437554, 30.035419396288148 ], [ 80.757592450531206, 30.035847959215971 ], [ 80.757609450415885, 30.036062272156187 ], [ 80.757573762619131, 30.036321583574249 ], [ 80.757643014013922, 30.036779646963168 ], [ 80.757589075375563, 30.037237396488706 ], [ 80.75751782568716, 30.037604960200781 ], [ 80.757446638051988, 30.038094335285393 ], [ 80.757445763910937, 30.038446208525727 ], [ 80.757445325941092, 30.038628896806188 ], [ 80.757444649650893, 30.038918639483654 ], [ 80.757444325894994, 30.039057458834691 ], [ 80.757425575929631, 30.039422896549468 ], [ 80.757442950831546, 30.039621396710118 ], [ 80.75750418117309, 30.03973675095034 ], [ 80.757687450415574, 30.040082020468901 ], [ 80.757950700864228, 30.040326083881723 ], [ 80.758494200746838, 30.040724084249121 ], [ 80.759195387757018, 30.041320895942647 ], [ 80.759598701319078, 30.041657709136018 ], [ 80.759914450591452, 30.041888396932052 ], [ 80.760264700555524, 30.042333395869548 ], [ 80.760562388743324, 30.042670084057193 ], [ 80.760842326112538, 30.043128458611534 ], [ 80.761105075638795, 30.043541708782868 ], [ 80.76082232608951, 30.044136710141117 ], [ 80.760575888466519, 30.044334708480051 ], [ 80.760487638893494, 30.044503834984027 ], [ 80.760205950544218, 30.044778459158636 ], [ 80.760185834508718, 30.044818595901518 ], [ 80.760152888744869, 30.044884333645143 ], [ 80.760134950867325, 30.045067021925547 ], [ 80.760222388352588, 30.0452363336899 ], [ 80.760503012803838, 30.045527833642666 ], [ 80.760614635756895, 30.045621690488701 ], [ 80.760976200990967, 30.045925709004337 ], [ 80.761291826156935, 30.046185710202394 ], [ 80.761642451138243, 30.046506646764385 ], [ 80.762080575658103, 30.046951770707722 ], [ 80.762483700362566, 30.047381083670132 ], [ 80.762658575333035, 30.047731021569462 ], [ 80.762710262968312, 30.048067208834652 ], [ 80.762708888804241, 30.048633396813841 ], [ 80.762725512772249, 30.049138708784426 ], [ 80.76295282541264, 30.049520335195382 ], [ 80.763268763542669, 30.049690084030203 ], [ 80.763549575952254, 30.049767271942073 ], [ 80.764181888383519, 30.049919459715341 ], [ 80.764602951864788, 30.050181960129407 ], [ 80.765076389164108, 30.050487334822719 ], [ 80.765392075483931, 30.050763084049152 ], [ 80.765549763510819, 30.050977646101558 ], [ 80.765971076104336, 30.051145396642767 ], [ 80.766462513334375, 30.05123864644645 ], [ 80.766953950564414, 30.05149895880993 ], [ 80.767227312090824, 30.051851531722889 ], [ 80.767321700436185, 30.05197327204894 ], [ 80.767781926694624, 30.052071531076365 ], [ 80.767971576627019, 30.05211202125281 ], [ 80.76849813867824, 30.052311458507063 ], [ 80.769165575930629, 30.052420896107549 ], [ 80.769955825501029, 30.052544147294611 ], [ 80.770429950781647, 30.052727646763515 ], [ 80.770751284843982, 30.052833995192771 ], [ 80.770991575600817, 30.052913522241283 ], [ 80.771536075529525, 30.053065647061999 ], [ 80.772012165828869, 30.053108776748672 ], [ 80.772221138594716, 30.053127709276396 ], [ 80.772870888880448, 30.053192084547106 ], [ 80.773151693196155, 30.053357112840558 ], [ 80.773467388509232, 30.05354264657592 ], [ 80.773765450814949, 30.053910833518216 ], [ 80.774309638678915, 30.054065210241333 ], [ 80.77485438861919, 30.054127021544844 ], [ 80.775363950785732, 30.054096334878011 ], [ 80.776049137957386, 30.054113271810081 ], [ 80.776626021573691, 30.054114270956916 ], [ 80.776699076201453, 30.054114396861962 ], [ 80.777436826048756, 30.054237459191427 ], [ 80.777840763740301, 30.054359895592768 ], [ 80.778016200787079, 30.054452709225188 ], [ 80.778064103175893, 30.054474434147892 ], [ 80.77852526382992, 30.0546835849795 ], [ 80.778924206686838, 30.054885412631734 ], [ 80.779191888095227, 30.055020833444757 ], [ 80.779525201127171, 30.055280833743552 ], [ 80.779946137804075, 30.055649146590895 ], [ 80.780314450651417, 30.056031022114041 ], [ 80.78077045099559, 30.056352084581079 ], [ 80.781191450624988, 30.056675334199383 ], [ 80.781423575537644, 30.056948647162415 ], [ 80.781489200865963, 30.057025459157671 ], [ 80.781892512629383, 30.057438958441253 ], [ 80.782137451981896, 30.057899521046124 ], [ 80.782245866153858, 30.058088732109354 ], [ 80.782365138740204, 30.058296897284038 ], [ 80.782575200585086, 30.058556646671946 ], [ 80.78278532538252, 30.058863708493391 ], [ 80.783118200444676, 30.059322208952835 ], [ 80.783486450339467, 30.059751396909519 ], [ 80.783783825563148, 30.060315771855414 ], [ 80.784149288458934, 30.060582707725814 ], [ 80.784204826091923, 30.060623271646705 ], [ 80.784678763414263, 30.060912771507276 ], [ 80.785310450816723, 30.061252145969831 ], [ 80.785678575705788, 30.061602333880671 ], [ 80.785818512914091, 30.061954458931211 ], [ 80.786081075381389, 30.062412771432321 ], [ 80.786168075796127, 30.062812146863166 ], [ 80.786395575495476, 30.063299771867037 ], [ 80.786605264121704, 30.063760271519357 ], [ 80.786649888481634, 30.06385913848851 ], [ 80.786797826058887, 30.064186897307536 ], [ 80.786990012978777, 30.064692522242183 ], [ 80.787200075722978, 30.064983834236614 ], [ 80.787533075790861, 30.065412959240746 ], [ 80.787637889077359, 30.065656709689449 ], [ 80.787883013690191, 30.06609920851173 ], [ 80.78793557546652, 30.066223396792395 ], [ 80.788303763308079, 30.066573583803915 ], [ 80.788654325336893, 30.066926021818517 ], [ 80.789005075324042, 30.067278521886351 ], [ 80.789513950408548, 30.067631209013143 ], [ 80.789671575482885, 30.067890835193964 ], [ 80.789846700464921, 30.06815052162932 ], [ 80.790221446162889, 30.068538801224747 ], [ 80.790232637326426, 30.068550397083186 ], [ 80.79051307561798, 30.068855333806653 ], [ 80.790828450772437, 30.06932952203988 ], [ 80.790968012963503, 30.069726833526602 ], [ 80.791038012594242, 30.069880272256796 ], [ 80.791042351823137, 30.069938176006076 ], [ 80.791072325327605, 30.070338209740612 ], [ 80.791036825489186, 30.070462209163679 ], [ 80.791018638499452, 30.07076670881662 ], [ 80.790877264174469, 30.07108677213688 ], [ 80.790753450911097, 30.07154677176618 ], [ 80.790752888834788, 30.071806147036114 ], [ 80.790945200760461, 30.072248583805163 ], [ 80.791173138429656, 30.072524146871956 ], [ 80.791576201080886, 30.07312027148339 ], [ 80.792173075726907, 30.073396396626435 ], [ 80.792805764074785, 30.073336521563249 ], [ 80.793215818954934, 30.073515731266014 ], [ 80.79343757558371, 30.073612646706351 ], [ 80.793806013436836, 30.074041833763658 ], [ 80.794261826721993, 30.074516209055844 ], [ 80.794717826166789, 30.074929709238745 ], [ 80.794997888541786, 30.075573022177309 ], [ 80.795261138091121, 30.075740334748673 ], [ 80.795594388170514, 30.076061209257432 ], [ 80.795980075919829, 30.07642945915228 ], [ 80.796225137580109, 30.076919335159232 ], [ 80.796364888628773, 30.077393208629701 ], [ 80.796750387520433, 30.077851771142377 ], [ 80.797856201102832, 30.078541396468324 ], [ 80.798206826084197, 30.078938958865933 ], [ 80.798469700616238, 30.07929120982152 ], [ 80.798768013832841, 30.0795984596013 ], [ 80.799206638375722, 30.079919460015105 ], [ 80.799715763471738, 30.080195397199873 ], [ 80.800312951081878, 30.080363208895051 ], [ 80.801032638945173, 30.080747771592428 ], [ 80.801225888863712, 30.08090145853555 ], [ 80.801541076059891, 30.081359833989211 ], [ 80.801558700973317, 30.081450021601256 ], [ 80.801716076036143, 30.081725521715498 ], [ 80.801978700556617, 30.082215458876362 ], [ 80.802083762955363, 30.082522333638849 ], [ 80.802188514188629, 30.082827022149388 ], [ 80.802433513795677, 30.083393522193319 ], [ 80.802678450450173, 30.083960084290482 ], [ 80.802976138637973, 30.084434208671837 ], [ 80.803150762697612, 30.084984834782347 ], [ 80.803238138129643, 30.085260208991485 ], [ 80.803395639097516, 30.085625833765278 ], [ 80.803728950330878, 30.085946584167573 ], [ 80.804132763016639, 30.086208896623305 ], [ 80.804571263453113, 30.086622333853654 ], [ 80.804816826035733, 30.086897896920448 ], [ 80.805167638076114, 30.087247959825561 ], [ 80.805606075559979, 30.087708834495174 ], [ 80.806167450367582, 30.088350270548574 ], [ 80.806851700445691, 30.08894902207976 ], [ 80.807149575692449, 30.089330708745251 ], [ 80.807535762565465, 30.089667333980344 ], [ 80.807974450960216, 30.090004084221164 ], [ 80.808396075618475, 30.090126521521825 ], [ 80.809098575638814, 30.090357583435775 ], [ 80.810205450421279, 30.090589272177226 ], [ 80.810627075978857, 30.090711708578567 ], [ 80.811417700566494, 30.090850459581077 ], [ 80.811821514151632, 30.091094647100363 ], [ 80.812312887529799, 30.091415646614848 ], [ 80.812698951195671, 30.091799647235973 ], [ 80.813014700468102, 30.09218127094897 ], [ 80.813558887432748, 30.092502397267879 ], [ 80.814033075665975, 30.092764771776842 ], [ 80.814472201131252, 30.092916459527032 ], [ 80.815210138936834, 30.092949085132204 ], [ 80.81570232620146, 30.092981271868268 ], [ 80.816017763409093, 30.093516397263954 ], [ 80.816069388991139, 30.094035271910343 ], [ 80.816015887423305, 30.09455395859834 ], [ 80.816014825323975, 30.095120146577528 ], [ 80.816067137988057, 30.095257834581446 ], [ 80.816523637455987, 30.095626146529469 ], [ 80.816716575309783, 30.095793334994482 ], [ 80.816839137616171, 30.095978458639024 ], [ 80.817142962777552, 30.096340736136142 ], [ 80.817172450648116, 30.096375896930169 ], [ 80.817244008804039, 30.096408411918731 ], [ 80.817506137798091, 30.096527521727808 ], [ 80.817787514082568, 30.096591084011379 ], [ 80.818349325960696, 30.096819646709378 ], [ 80.818595137655564, 30.097034270815016 ], [ 80.818911450802887, 30.097095709799191 ], [ 80.819684950500118, 30.097067333490713 ], [ 80.820107014027542, 30.096943897043275 ], [ 80.820651888973543, 30.096883709016026 ], [ 80.820898012733153, 30.096915645740523 ], [ 80.821196388902308, 30.09706939653546 ], [ 80.82130182631829, 30.097191396765595 ], [ 80.821687701126564, 30.097588959163204 ], [ 80.821967888507288, 30.098094522044619 ], [ 80.822107638656632, 30.098658646979004 ], [ 80.822194763177833, 30.099071522133102 ], [ 80.822405513004071, 30.099317708845263 ], [ 80.822844325505287, 30.099622833527008 ], [ 80.823476638835871, 30.099822146674796 ], [ 80.824267387529972, 30.099915708543165 ], [ 80.824935450710541, 30.099932397262364 ], [ 80.825638763718018, 30.099748333918512 ], [ 80.826236637510874, 30.09959802213109 ], [ 80.826816576124145, 30.099736397216986 ], [ 80.82727338765676, 30.099980584736272 ], [ 80.827954554858877, 30.100053977509106 ], [ 80.827993826453962, 30.100058208819348 ], [ 80.828040487778367, 30.100003217074857 ], [ 80.828338469145081, 30.099652036312477 ], [ 80.828487075817975, 30.099476896941269 ], [ 80.828744474378027, 30.099068904206604 ], [ 80.828804138100566, 30.098974334198203 ], [ 80.829015763866494, 30.098667834453067 ], [ 80.829280200520884, 30.098178708480646 ], [ 80.829632325571424, 30.09782952151528 ], [ 80.830125137864854, 30.097523334734149 ], [ 80.830212950367411, 30.097497016973819 ], [ 80.830529700585259, 30.097402084538601 ], [ 80.831250513500436, 30.097249646753824 ], [ 80.831695105045128, 30.097187627706887 ], [ 80.831795325493943, 30.097173646846386 ], [ 80.832139745153199, 30.097193339301214 ], [ 80.832885200391729, 30.097235959072293 ], [ 80.833342013723041, 30.097297397157206 ], [ 80.833921825531888, 30.097483146729871 ], [ 80.834554200915704, 30.097820021976474 ], [ 80.835186762459159, 30.097881709173578 ], [ 80.835767076989043, 30.097805772218692 ], [ 80.836417575510779, 30.097623833972818 ], [ 80.837173825311822, 30.097410584031252 ], [ 80.837774588626417, 30.097265715840138 ], [ 80.837807012783458, 30.097257897134284 ], [ 80.838228887453226, 30.097258397157361 ], [ 80.83849942330977, 30.097353021125059 ], [ 80.83884376382872, 30.097473459232788 ], [ 80.839247388556203, 30.097688271296761 ], [ 80.839580825694611, 30.098024770626694 ], [ 80.84010757570411, 30.098361459713658 ], [ 80.840775200914834, 30.098605897244397 ], [ 80.841021075562253, 30.098743708455459 ], [ 80.841502880153826, 30.09894464218155 ], [ 80.841759012468515, 30.099051460056899 ], [ 80.842461451334941, 30.099433521739684 ], [ 80.842777513571434, 30.099709083907157 ], [ 80.842985115770546, 30.099864336569908 ], [ 80.843146075531024, 30.099984709926446 ], [ 80.84349720053541, 30.100244522266962 ], [ 80.843883512414209, 30.10061264715597 ], [ 80.844269201062843, 30.101131896819652 ], [ 80.844673325813403, 30.101333147107084 ], [ 80.845569200758064, 30.101607146252832 ], [ 80.845973325508623, 30.101761022053552 ], [ 80.846090110570231, 30.101808932536244 ], [ 80.846535638309092, 30.101991708950266 ], [ 80.846869325459068, 30.102219958684202 ], [ 80.846992013670558, 30.102344146964867 ], [ 80.84714945078656, 30.102863146616983 ], [ 80.847150950855735, 30.102921351639111 ], [ 80.847166013600713, 30.103506021585702 ], [ 80.847393887418036, 30.103993521583789 ], [ 80.847520390553655, 30.10433775328471 ], [ 80.847551450439141, 30.104422271570627 ], [ 80.847638888823724, 30.104713334452867 ], [ 80.847651448755414, 30.104950414629968 ], [ 80.847672950646199, 30.105356271474818 ], [ 80.847637512861013, 30.105615521738969 ], [ 80.847689262549466, 30.106134460237229 ], [ 80.847864263425095, 30.106639959266772 ], [ 80.847594917371623, 30.106922939941796 ], [ 80.847529700335485, 30.106991459288452 ], [ 80.847132426620249, 30.107196786202792 ], [ 80.847089888687492, 30.107218771928842 ], [ 80.84670320089208, 30.107310771674804 ], [ 80.846333387975506, 30.107585521754459 ], [ 80.845768106512935, 30.108133092868002 ], [ 80.845435638843696, 30.10845514548862 ], [ 80.845312675439686, 30.108553341563493 ], [ 80.844995637438785, 30.108806522303212 ], [ 80.844678639008066, 30.109110646938859 ], [ 80.844539497699714, 30.109266790829793 ], [ 80.844379450751092, 30.109446397133581 ], [ 80.844097325331347, 30.109813771988058 ], [ 80.844041294869896, 30.109871150533195 ], [ 80.843710138412234, 30.110210272286281 ], [ 80.843586514006461, 30.110440209148408 ], [ 80.843585826924425, 30.110882333852658 ], [ 80.843638325748202, 30.111112459572382 ], [ 80.843725701180233, 30.111464521670371 ], [ 80.843764723663128, 30.111518543945692 ], [ 80.844024075550692, 30.111877583883427 ], [ 80.844199137580176, 30.112335708426258 ], [ 80.844391638363504, 30.112809583695366 ], [ 80.844540513034303, 30.11322258385519 ], [ 80.844584139146775, 30.113344459079599 ], [ 80.844829388765334, 30.113940208673739 ], [ 80.845180263758209, 30.114353396791898 ], [ 80.845443450354992, 30.114737208555368 ], [ 80.845706388738904, 30.115134459787555 ], [ 80.846039888829864, 30.115547647006338 ], [ 80.846250762762566, 30.115701271896228 ], [ 80.846689701168827, 30.116051459807068 ], [ 80.847181387511057, 30.11628208375123 ], [ 80.847761264071153, 30.116465459113726 ], [ 80.848288076133883, 30.116878834290844 ], [ 80.848815451172186, 30.117093772259807 ], [ 80.849623763625857, 30.117263834058747 ], [ 80.850274013934666, 30.117508208636991 ], [ 80.850660512872423, 30.117601147275195 ], [ 80.851223075684459, 30.117692021969276 ], [ 80.851926138680426, 30.117769458993394 ], [ 80.852348013350195, 30.11786245878551 ], [ 80.853015888572429, 30.11801658369842 ], [ 80.853578075467851, 30.118170583605604 ], [ 80.854245700678575, 30.118536772254288 ], [ 80.854596950688801, 30.118735646532912 ], [ 80.855212076176429, 30.11884458411032 ], [ 80.855968200971745, 30.118858959773206 ], [ 80.856179012851214, 30.11904414547098 ], [ 80.856318950958894, 30.119380396588099 ], [ 80.856511762907587, 30.119976085028327 ], [ 80.856581450473641, 30.120206271901964 ], [ 80.85673963852355, 30.120267334969583 ], [ 80.85691538763507, 30.12029683363204 ], [ 80.857478200458615, 30.120268147057402 ], [ 80.858269138909691, 30.120375021590007 ], [ 80.858778764028784, 30.120560522050482 ], [ 80.859183013785128, 30.120712084794945 ], [ 80.85981551417467, 30.120942833744834 ], [ 80.860184762316976, 30.121065021933248 ], [ 80.860658950550203, 30.121311396603744 ], [ 80.861063325312273, 30.121372708783554 ], [ 80.861362075599345, 30.121357271920601 ], [ 80.861977763163281, 30.121082709799282 ], [ 80.862716638961786, 30.120853397066696 ], [ 80.863419888117392, 30.120793271092623 ], [ 80.863525637598173, 30.120793334045175 ], [ 80.864263637456986, 30.120947521910637 ], [ 80.864685201860652, 30.121238896857676 ], [ 80.865141825434932, 30.121543896533638 ], [ 80.865703951176442, 30.121988834317278 ], [ 80.866143201647503, 30.122203585227339 ], [ 80.866582325314141, 30.122476960243546 ], [ 80.866898451402449, 30.122799833945237 ], [ 80.867179263812034, 30.123136210068083 ], [ 80.867372575783804, 30.123380020771378 ], [ 80.867882012944619, 30.123703084229987 ], [ 80.868321013404113, 30.124114084297617 ], [ 80.868794950726453, 30.124527396522183 ], [ 80.869269263965407, 30.124972147246865 ], [ 80.86972576343328, 30.12536958463869 ], [ 80.87021782569218, 30.12561595930913 ], [ 80.870885763866966, 30.125815021546032 ], [ 80.871360200313063, 30.125921584013952 ], [ 80.872028263493632, 30.126014709711114 ], [ 80.87269626372165, 30.126152959791341 ], [ 80.872867200560904, 30.126157647057823 ], [ 80.873294076360594, 30.12616708454334 ], [ 80.87335302871935, 30.126160098609716 ], [ 80.873804075597661, 30.126106646504581 ], [ 80.874358365546186, 30.12609499219019 ], [ 80.874419388144304, 30.126093708857638 ], [ 80.874573488775525, 30.126170153030216 ], [ 80.874665450750001, 30.126215772040325 ], [ 80.874748218055856, 30.126231200809343 ], [ 80.874823700853142, 30.126245271602045 ], [ 80.875368701704303, 30.126200647242115 ], [ 80.875755637712587, 30.126246145743096 ], [ 80.875948763524661, 30.126383896699508 ], [ 80.876018951113736, 30.126553083458077 ], [ 80.876422826752105, 30.126812958751088 ], [ 80.876508609484802, 30.126870625079334 ], [ 80.876651263545057, 30.126966521587747 ], [ 80.876863398327203, 30.127016213627428 ], [ 80.877038138399428, 30.127057147169637 ], [ 80.877565325479452, 30.127258334504575 ], [ 80.877969201117821, 30.127486585137831 ], [ 80.87819776381582, 30.127595021792899 ], [ 80.878601950619554, 30.127839084306345 ], [ 80.878847826166293, 30.128130209241817 ], [ 80.879269325818768, 30.128527645734323 ], [ 80.879479825633496, 30.128803021742101 ], [ 80.879602762957177, 30.129094084624342 ], [ 80.879690513406501, 30.129245271452191 ], [ 80.879690388400775, 30.129322022293536 ], [ 80.879660288091884, 30.129597685185047 ], [ 80.879636950684755, 30.129811396478829 ], [ 80.8796362627034, 30.130330209071928 ], [ 80.879741075989898, 30.130880710176712 ], [ 80.880039512413646, 30.131386209206255 ], [ 80.88035526258534, 30.131828645975304 ], [ 80.880425326068007, 30.132090334301552 ], [ 80.880424951050713, 30.132487333723532 ], [ 80.880372075411003, 30.1326090839421 ], [ 80.88030132574562, 30.132976709707464 ], [ 80.880142638571954, 30.133312646961144 ], [ 80.88003688819191, 30.133571959278527 ], [ 80.879842702079088, 30.133984646474289 ], [ 80.879663951929899, 30.134261833716721 ], [ 80.879596388562561, 30.134365521951338 ], [ 80.879384638690169, 30.134809708801072 ], [ 80.879173326787679, 30.135206522063413 ], [ 80.878821013778804, 30.1357249587399 ], [ 80.87831051361934, 30.136168896477443 ], [ 80.878028764116209, 30.13638289555422 ], [ 80.877905513828466, 30.13654970900194 ], [ 80.877957638534269, 30.136885897166451 ], [ 80.878080638810502, 30.137145333590297 ], [ 80.878343638348269, 30.137711771581053 ], [ 80.878167325361858, 30.138108583944017 ], [ 80.877885637911902, 30.138476021751046 ], [ 80.877779450461333, 30.13884133356072 ], [ 80.877797012422263, 30.139042083825132 ], [ 80.877848950968371, 30.13956095847152 ], [ 80.877953637450446, 30.140172333786211 ], [ 80.877953077172833, 30.140614460289157 ], [ 80.877882762779336, 30.140815146701698 ], [ 80.877812014013273, 30.141088021694884 ], [ 80.877530200658271, 30.141532084438211 ], [ 80.877195638467981, 30.141867896686108 ], [ 80.876773138769408, 30.142203584827655 ], [ 80.876368013972751, 30.142661085240945 ], [ 80.876015763017108, 30.143105084132401 ], [ 80.875575387494223, 30.143761083807021 ], [ 80.875311012893008, 30.144234459053109 ], [ 80.875134388741117, 30.144845647308841 ], [ 80.875046075316163, 30.145181646615754 ], [ 80.874975325650837, 30.145443209036898 ], [ 80.874939575800852, 30.14573189680965 ], [ 80.874845700968365, 30.146083708896072 ], [ 80.874903450933573, 30.146589021765976 ], [ 80.875008075362473, 30.147277084070197 ], [ 80.874972513470766, 30.147689834218511 ], [ 80.874866388972748, 30.147978521991263 ], [ 80.874461637394688, 30.148329959060391 ], [ 80.874320638087056, 30.148498958760001 ], [ 80.874126951097992, 30.148774021803717 ], [ 80.87403845061408, 30.149200271675227 ], [ 80.873985012898061, 30.149660335156398 ], [ 80.873949326000627, 30.150147522190423 ], [ 80.873949013935885, 30.150438522120169 ], [ 80.873913389091683, 30.15059183494526 ], [ 80.873872076035525, 30.150700084541313 ], [ 80.873736889046256, 30.151049583571478 ], [ 80.873631013660429, 30.151446458886994 ], [ 80.873419637906011, 30.151845520454458 ], [ 80.87320770097466, 30.152379896714933 ], [ 80.873136763350999, 30.152792583910696 ], [ 80.872661451864587, 30.15326583505032 ], [ 80.872748950503706, 30.153647146698518 ], [ 80.872977452047849, 30.15383014704372 ], [ 80.873257950593995, 30.154428083789071 ], [ 80.873204325819017, 30.155007646485728 ], [ 80.873168513915857, 30.15560320902091 ], [ 80.87316776388127, 30.156200958707302 ], [ 80.873220075646032, 30.156460396929845 ], [ 80.873202012762761, 30.156812271968818 ], [ 80.873008075762129, 30.157254146661614 ], [ 80.873253637445487, 30.157759646590478 ], [ 80.873429388355646, 30.157974146589652 ], [ 80.87346401315375, 30.158217771133309 ], [ 80.873199638552535, 30.158706959158906 ], [ 80.872900139130195, 30.159180396458169 ], [ 80.872864012464277, 30.159807396594147 ], [ 80.872986700675767, 30.1602496472035 ], [ 80.873109513892985, 30.160387334308098 ], [ 80.873179576476332, 30.160694209070527 ], [ 80.873091263950755, 30.160953522287286 ], [ 80.873003138484137, 30.16112033483563 ], [ 80.872879576131595, 30.161320959194938 ], [ 80.872474638393896, 30.16176264682872 ], [ 80.872175013965773, 30.162175146965524 ], [ 80.871805264001807, 30.162542458867449 ], [ 80.871224325342382, 30.162891520827088 ], [ 80.870801575632242, 30.163303895958109 ], [ 80.870449262623424, 30.163747896648147 ], [ 80.870150012313275, 30.164022771733585 ], [ 80.869938263340259, 30.164435396876115 ], [ 80.869779326155026, 30.164861521741898 ], [ 80.869550325487182, 30.165274083931877 ], [ 80.869215389178919, 30.165824147066758 ], [ 80.868951012779064, 30.166284021690274 ], [ 80.868833891371025, 30.166443376160942 ], [ 80.868832854452705, 30.166444787197236 ], [ 80.868704201038099, 30.166619833938228 ], [ 80.868323509922106, 30.166747983732535 ], [ 80.86827540878312, 30.166764176025936 ], [ 80.867982513981872, 30.166862772299169 ], [ 80.867454763926276, 30.166954709092579 ], [ 80.866786263675181, 30.166983333613985 ], [ 80.866047825846522, 30.166876647039658 ], [ 80.865660388016579, 30.167119770660918 ], [ 80.865132012932122, 30.167653833957331 ], [ 80.864973075746889, 30.168037146597101 ], [ 80.864779075793763, 30.168510583896364 ], [ 80.864660289740641, 30.168840747502543 ], [ 80.864620075656035, 30.168952521541712 ], [ 80.864345897545206, 30.169074008258917 ], [ 80.863985271203376, 30.169263711251347 ], [ 80.863103609144332, 30.170288826867932 ], [ 80.862268387176357, 30.171009367288548 ], [ 80.861531483591136, 30.171404870238632 ], [ 80.86081350983568, 30.172012851511965 ], [ 80.860626475131767, 30.172461580837364 ], [ 80.860342074427251, 30.173143893775716 ], [ 80.859867078602861, 30.173614062039405 ], [ 80.859296503730718, 30.174178830888366 ], [ 80.85840502017561, 30.175046819655051 ], [ 80.857934681940094, 30.175842699880718 ], [ 80.857573194947065, 30.17645437916633 ], [ 80.856241647933757, 30.177589242649503 ], [ 80.856344704844332, 30.178525145519075 ], [ 80.855898446855917, 30.179293341014954 ], [ 80.855727345440698, 30.17979924294076 ], [ 80.855820319152485, 30.180109683515127 ], [ 80.855897028625009, 30.180352772962181 ], [ 80.855968021107344, 30.180577741069953 ], [ 80.856038818436787, 30.181021840685446 ], [ 80.855669737568405, 30.181618239590136 ], [ 80.854324877890861, 30.182492241223997 ], [ 80.853513313488691, 30.183033857026942 ], [ 80.852082948968985, 30.184006235499396 ], [ 80.851842347946047, 30.184537200631382 ], [ 80.851641820713496, 30.184979722835976 ], [ 80.851009626093401, 30.185088817794735 ], [ 80.850184536787026, 30.185550998280007 ], [ 80.850139621946028, 30.186176396723397 ], [ 80.849462382982665, 30.186987274942851 ], [ 80.848949167769945, 30.187561946226879 ], [ 80.848653079476094, 30.187893485795769 ], [ 80.847503547151064, 30.188445987892067 ], [ 80.846810298456546, 30.188922623180588 ], [ 80.846614412625115, 30.189217813951018 ], [ 80.846361783169812, 30.189598513160888 ], [ 80.846264903702377, 30.189744502806604 ], [ 80.846110650186404, 30.189976953273799 ], [ 80.844872756772361, 30.190772823606949 ], [ 80.843948562176479, 30.191296915220505 ], [ 80.843703078734166, 30.191530318069795 ], [ 80.843497188844253, 30.191726076197483 ], [ 80.8429359759146, 30.192097810065945 ], [ 80.842440973772, 30.192307290948747 ], [ 80.842368785191354, 30.192770323991283 ], [ 80.842241820703521, 30.193113929764081 ], [ 80.841983132515622, 30.193338015636982 ], [ 80.841637448409585, 30.19351638357432 ], [ 80.841179995660355, 30.193752420537805 ], [ 80.840918141858822, 30.194234320457554 ], [ 80.840876215465016, 30.194671130168558 ], [ 80.84084238476828, 30.19520105028829 ], [ 80.840280241040375, 30.196131379159851 ], [ 80.840171798989388, 30.196364085933851 ], [ 80.839715431721856, 30.197343392783409 ], [ 80.839549318846025, 30.198092773562678 ], [ 80.839388854612025, 30.198746674219706 ], [ 80.839107864136679, 30.199152155147885 ], [ 80.839015029819848, 30.199773602869527 ], [ 80.838459142675333, 30.200212166258495 ], [ 80.837666599833767, 30.20082708670077 ], [ 80.836582177525543, 30.201766300874112 ], [ 80.835453768476668, 30.202700675795597 ], [ 80.835029504308238, 30.20330171879931 ], [ 80.834440246919939, 30.203950297268477 ], [ 80.834576808972599, 30.204466107025269 ], [ 80.834645278856613, 30.204921924807024 ], [ 80.834680102404832, 30.205153752943374 ], [ 80.833975520453976, 30.205725792811165 ], [ 80.833205432784553, 30.206278439698281 ], [ 80.832979344121497, 30.206440689985925 ], [ 80.832401339050591, 30.206917393622859 ], [ 80.831609366379212, 30.207143163925934 ], [ 80.831015932539287, 30.20699200587643 ], [ 80.830396805068574, 30.207399418548391 ], [ 80.830008653176833, 30.207749835786331 ], [ 80.829496589096379, 30.208228999968412 ], [ 80.828984816396201, 30.208536283023079 ], [ 80.828942683158346, 30.209059025653573 ], [ 80.828909154633834, 30.209374093239887 ], [ 80.828948798548254, 30.210290831556676 ], [ 80.828333450928085, 30.21116168826137 ], [ 80.828064908868498, 30.211639470185446 ], [ 80.827576096759515, 30.212509135288428 ], [ 80.827187513193223, 30.213473932476063 ], [ 80.826715534594314, 30.214198141231293 ], [ 80.826153564435515, 30.21489207430983 ], [ 80.825682651533214, 30.215385599765682 ], [ 80.82492607258024, 30.215816739251181 ], [ 80.824212795084463, 30.216508009437121 ], [ 80.823824304148388, 30.217015962716573 ], [ 80.823881352642388, 30.217395605223032 ], [ 80.824163882757034, 30.217894518517255 ], [ 80.824093482927935, 30.218677817227558 ], [ 80.823696403466329, 30.219371959848104 ], [ 80.823340706308613, 30.219980217213333 ], [ 80.822926546922645, 30.220496172660319 ], [ 80.822497191692094, 30.220495591698239 ], [ 80.822479904923739, 30.220495569215188 ], [ 80.821954087511187, 30.220622886237265 ], [ 80.821573556474505, 30.22127407363962 ], [ 80.821597612439916, 30.221653672079356 ], [ 80.821769777753104, 30.222219672999586 ], [ 80.821579528872235, 30.222534524748596 ], [ 80.82117510284877, 30.222713014094381 ], [ 80.820786739616381, 30.22312785606573 ], [ 80.820637110414395, 30.223779356432203 ], [ 80.819964087472727, 30.224264229510652 ], [ 80.819888121739496, 30.224363662153337 ], [ 80.819633412152314, 30.224697051627686 ], [ 80.819299296925067, 30.224753885183702 ], [ 80.818131649556051, 30.225117510764562 ], [ 80.817463402014425, 30.225238330184823 ], [ 80.816185383548657, 30.225075407204315 ], [ 80.815278848040464, 30.224723214704625 ], [ 80.81481308375686, 30.224615133281816 ], [ 80.814548728041416, 30.224883225680344 ], [ 80.814404069392367, 30.225029927589162 ], [ 80.813833717552086, 30.225716631917066 ], [ 80.813815348, 30.226712068107531 ], [ 80.813619966688179, 30.227691481077045 ], [ 80.813116313067439, 30.228567418951286 ], [ 80.812084332925679, 30.229114999058027 ], [ 80.81134841499744, 30.229382500601957 ], [ 80.810667969051565, 30.229393456143157 ], [ 80.809967143568883, 30.229279049788374 ], [ 80.809278778193118, 30.229833072638257 ], [ 80.808383503096252, 30.230521054003475 ], [ 80.806498804676153, 30.23150600409889 ], [ 80.805740027780132, 30.231980850635807 ], [ 80.805005525384729, 30.232422861126167 ], [ 80.80490853620006, 30.232810636201975 ], [ 80.804536214175016, 30.233400912522143 ], [ 80.804145225821571, 30.233604630549337 ], [ 80.803965143776395, 30.233698458617027 ], [ 80.803380084423395, 30.234115342049449 ], [ 80.802224368359987, 30.23461491364742 ], [ 80.80180488139024, 30.2351791797754 ], [ 80.801465952991407, 30.235783492714063 ], [ 80.800557530705532, 30.236343103951128 ], [ 80.800246911166084, 30.236993141120593 ], [ 80.799346095346095, 30.237182740690969 ], [ 80.798505897429266, 30.237981160602146 ], [ 80.797918993566782, 30.238278416215962 ], [ 80.797542596713527, 30.238469050906019 ], [ 80.797424962691935, 30.238850820309153 ], [ 80.796618574787431, 30.239905904034288 ], [ 80.795969681555619, 30.241244109627985 ], [ 80.795588978748413, 30.241857025481409 ], [ 80.795326279584174, 30.242029964211554 ], [ 80.794740797549821, 30.242415391157408 ], [ 80.794546502619085, 30.242775753098556 ], [ 80.794457877129389, 30.242940128484179 ], [ 80.793867896686152, 30.243283823289858 ], [ 80.793466825133919, 30.243517464459444 ], [ 80.792550321540148, 30.244596221038819 ], [ 80.7918406251448, 30.245388835826191 ], [ 80.791130613986695, 30.246324678441226 ], [ 80.790681859480287, 30.247237063140005 ], [ 80.790263234061058, 30.248131138541282 ], [ 80.790039641016676, 30.248608668655208 ], [ 80.789144581757114, 30.249263707853913 ], [ 80.788991366958101, 30.249484994137219 ], [ 80.788566722376402, 30.250098293101814 ], [ 80.788383411765096, 30.250950223574023 ], [ 80.788321193967988, 30.251240659628763 ], [ 80.788265928829617, 30.251498640050272 ], [ 80.78813342631662, 30.252117155082715 ], [ 80.787943755699814, 30.252709828995478 ], [ 80.787793034720835, 30.253180786863879 ], [ 80.787622328108, 30.253714190957226 ], [ 80.787070463631039, 30.254590585687026 ], [ 80.787020898395781, 30.255258917764877 ], [ 80.786429219133197, 30.25546683382737 ], [ 80.786028774408464, 30.256253951958342 ], [ 80.785559134046878, 30.257243866311455 ], [ 80.785186240952328, 30.258001186305762 ], [ 80.78495804068109, 30.258609543495709 ], [ 80.784654148969878, 30.259247616983998 ], [ 80.784432323093313, 30.260082767006168 ], [ 80.783929562499395, 30.260672956092094 ], [ 80.783584501623523, 30.261078017936256 ], [ 80.782957654372296, 30.261626033314826 ], [ 80.782813417505281, 30.261870963674085 ], [ 80.782557394907883, 30.262305716635581 ], [ 80.781449647783063, 30.26267985529114 ], [ 80.781002013831937, 30.263013313113959 ], [ 80.78080799499304, 30.263693334579784 ], [ 80.780408440597114, 30.264044775246248 ], [ 80.779884528847958, 30.264664562819348 ], [ 80.779547127498006, 30.264890778286826 ], [ 80.77900355477027, 30.265074868610327 ], [ 80.778486490459215, 30.265700631279174 ], [ 80.778692192390849, 30.26595163296156 ], [ 80.779062387519218, 30.266435661576566 ], [ 80.779095897157958, 30.266823636301808 ], [ 80.778943872162017, 30.267163553055582 ], [ 80.778455250709328, 30.267365637014564 ], [ 80.778013882334847, 30.267955717282575 ], [ 80.777228672565229, 30.268569082797001 ], [ 80.77641291102708, 30.269511837601272 ], [ 80.77620369814224, 30.269753614937429 ], [ 80.775670451430244, 30.270230526317789 ], [ 80.775023339755364, 30.270809262537512 ], [ 80.774850794928284, 30.271198990041398 ], [ 80.774735821101331, 30.271458678275451 ], [ 80.774417157126152, 30.27189498346678 ], [ 80.773588543376661, 30.272820973109447 ], [ 80.773130431424306, 30.273493364727074 ], [ 80.772842992809956, 30.274099210110535 ], [ 80.772517430135338, 30.274537885015434 ], [ 80.771905928016224, 30.274928318487184 ], [ 80.771734460576965, 30.275333839884865 ], [ 80.771431069788093, 30.275696161448764 ], [ 80.770940599329265, 30.276077253662379 ], [ 80.770571835921544, 30.276162546264572 ], [ 80.770449505640215, 30.276308130316011 ], [ 80.770235342886849, 30.276563001781142 ], [ 80.769656668720359, 30.277020324128728 ], [ 80.769111297348559, 30.277348794311479 ], [ 80.768729810332559, 30.277930590924086 ], [ 80.768407241501052, 30.278252290111141 ], [ 80.767673235531447, 30.278086275261444 ], [ 80.766848228063338, 30.278020354056139 ], [ 80.766096738373847, 30.278269667711072 ], [ 80.765364164124946, 30.278659853869215 ], [ 80.764863358657124, 30.278744893761882 ], [ 80.764452959336666, 30.278597743091439 ], [ 80.764247760126068, 30.278524166856869 ], [ 80.76369099434396, 30.279005372499967 ], [ 80.763326625923128, 30.279544215693079 ], [ 80.763154530757049, 30.280193216843543 ], [ 80.763224819969537, 30.280704199938953 ], [ 80.763580738360417, 30.281397123978138 ], [ 80.76341465875953, 30.281831289682316 ], [ 80.763269814850105, 30.282585374815255 ], [ 80.76340597310724, 30.283158990295192 ], [ 80.763030711198439, 30.283644848131303 ], [ 80.76250195749941, 30.283901705299513 ], [ 80.762395728680019, 30.284608115572155 ], [ 80.762214430751442, 30.285182643863948 ], [ 80.762151801064817, 30.285381117044949 ], [ 80.761748982129859, 30.285881690487656 ], [ 80.761576438202098, 30.286707339172438 ], [ 80.761590260781986, 30.287257048873755 ], [ 80.761749683601067, 30.287867819844053 ], [ 80.761461566897879, 30.288707580690357 ], [ 80.761784319191008, 30.289472062885466 ], [ 80.761926738528246, 30.289730691718091 ], [ 80.762255403863833, 30.290327527693307 ], [ 80.762215854378212, 30.290757146425221 ], [ 80.761884121455125, 30.291429726001127 ], [ 80.762119662892189, 30.291859844756061 ], [ 80.762272700524761, 30.292280265222132 ], [ 80.762304389036387, 30.292829371478376 ], [ 80.762422979037296, 30.293846521799594 ], [ 80.762740391156171, 30.294553700992537 ], [ 80.762502850526175, 30.29494954028911 ], [ 80.762150168795301, 30.295178067913582 ], [ 80.76184020935824, 30.295941398976424 ], [ 80.761364951831126, 30.296799914284691 ], [ 80.76104459083524, 30.297310184217679 ], [ 80.761236239960567, 30.297692480623539 ], [ 80.761449028549862, 30.298008421451527 ], [ 80.761649787807528, 30.298464289595358 ], [ 80.761469758822386, 30.298962880932265 ], [ 80.761100576330591, 30.299181827179609 ], [ 80.761175918833658, 30.29987901760262 ], [ 80.761197303812594, 30.300136871219706 ], [ 80.760998027536971, 30.300628263483645 ], [ 80.760812835543959, 30.301440625584462 ], [ 80.760678219624197, 30.302031120439892 ], [ 80.760625754075363, 30.302117175667149 ], [ 80.759962277437239, 30.303424128920483 ], [ 80.759788209158557, 30.303631433443968 ], [ 80.759029637307947, 30.304534833915511 ], [ 80.758622989059745, 30.305386564738228 ], [ 80.758487603320305, 30.305670125475956 ], [ 80.75766608252377, 30.306332239641222 ], [ 80.757131078536474, 30.306837326781249 ], [ 80.756805475392412, 30.307079236317747 ], [ 80.756377890027636, 30.307396911038666 ], [ 80.755427384865982, 30.307914345870415 ], [ 80.754613581151887, 30.308224347575617 ], [ 80.754429510613477, 30.308208885531712 ], [ 80.753305572094519, 30.308114465710048 ], [ 80.752030591538642, 30.308001053106182 ], [ 80.750345471566334, 30.307962042314443 ], [ 80.74961669335579, 30.307829354541127 ], [ 80.748383267773647, 30.307153112026526 ], [ 80.748043737728381, 30.30696695685964 ], [ 80.746997381024357, 30.306843854060673 ], [ 80.746496571959312, 30.306784930480205 ], [ 80.744867165887058, 30.306489336813513 ], [ 80.743445626414598, 30.306844076193215 ], [ 80.743032895152055, 30.306947067453279 ], [ 80.7415328745426, 30.3076751819641 ], [ 80.740203177434751, 30.307973331504115 ], [ 80.739311546390809, 30.308043173753504 ], [ 80.737632820598265, 30.309478680596669 ], [ 80.737220051564179, 30.309849991783722 ], [ 80.73672424003172, 30.310469537439246 ], [ 80.736192081499439, 30.310890993924261 ], [ 80.735725159788331, 30.311608588165882 ], [ 80.735935518409519, 30.312169994449732 ], [ 80.735892219650282, 30.312590306997095 ], [ 80.736034750503393, 30.313129834574283 ], [ 80.736052405993803, 30.313729047457628 ], [ 80.735477940654505, 30.314527586978613 ], [ 80.735583366379331, 30.315229624747417 ], [ 80.735681699151144, 30.315402402498933 ], [ 80.735988691724799, 30.315941816761494 ], [ 80.736225796183589, 30.316281272163053 ], [ 80.73569554781136, 30.317003512302279 ], [ 80.735075606454132, 30.317310200905126 ], [ 80.734633015901011, 30.317663798145816 ], [ 80.734314506609223, 30.317920964680809 ], [ 80.733574518349371, 30.318352729195169 ], [ 80.733181448964729, 30.318706420864658 ], [ 80.732619545355817, 30.318912956467841 ], [ 80.732045004473434, 30.319212562909513 ], [ 80.731793422728344, 30.319243217200778 ], [ 80.73106232336761, 30.319332291452156 ], [ 80.730936961471627, 30.319503724717151 ], [ 80.730793026776837, 30.31970055393748 ], [ 80.73043298049771, 30.320047144560135 ], [ 80.72974286504126, 30.320342921688564 ], [ 80.729270954790763, 30.32083966851593 ], [ 80.728444184651437, 30.321292709191255 ], [ 80.72815573070244, 30.321380464137178 ], [ 80.727345312036562, 30.32162701147746 ], [ 80.726618514133179, 30.321747240942443 ], [ 80.726476960843115, 30.321902755307974 ], [ 80.726254168195339, 30.322147521091267 ], [ 80.725496522646438, 30.322226499553381 ], [ 80.725477717822457, 30.322309176027716 ], [ 80.725402497627215, 30.322639877428458 ], [ 80.72500104476245, 30.323022172934998 ], [ 80.724166392964719, 30.323328358816752 ], [ 80.723282633686665, 30.323871690526175 ], [ 80.72293006976696, 30.324088442427751 ], [ 80.72257764973881, 30.324642709893226 ], [ 80.721479266355118, 30.324783604879485 ], [ 80.72043383955014, 30.325171674932903 ], [ 80.719651724347671, 30.325861082622907 ], [ 80.719637025828149, 30.326228213761112 ], [ 80.719625062146974, 30.326527042289229 ], [ 80.719522633862539, 30.326669952656232 ], [ 80.719029549074492, 30.327357916035055 ], [ 80.718737877351202, 30.327803656913261 ], [ 80.718467613989276, 30.328216678656872 ], [ 80.718356622360318, 30.328386297089992 ], [ 80.717918337761148, 30.328639584848986 ], [ 80.717468512162156, 30.329064147592362 ], [ 80.71734299558284, 30.329182613486864 ], [ 80.717116861953684, 30.329290810922259 ], [ 80.716702280785682, 30.329489170788634 ], [ 80.716433438352567, 30.329671205261945 ], [ 80.71592175018867, 30.329609223087232 ], [ 80.715582492637964, 30.329873460092188 ], [ 80.715020613310685, 30.330036949645546 ], [ 80.713938942927939, 30.3300847189347 ], [ 80.712993023409354, 30.33029391023581 ], [ 80.712125384478952, 30.330553397021731 ], [ 80.711600576105752, 30.330742019029003 ], [ 80.71117135937078, 30.330708845736694 ], [ 80.710746650037947, 30.330546773514811 ], [ 80.709883553583211, 30.330663027077094 ], [ 80.709436949355791, 30.330927008674564 ], [ 80.709204075307866, 30.331021842184327 ], [ 80.708833530343213, 30.331172737631789 ], [ 80.708506410942164, 30.331512177744855 ], [ 80.707750015450927, 30.331836336577737 ], [ 80.70766725444031, 30.332165812202504 ], [ 80.707536965158852, 30.33268449259532 ], [ 80.707160020618517, 30.33311691721201 ], [ 80.706461113389707, 30.333537877271283 ], [ 80.705998455364465, 30.333640677875053 ], [ 80.705383443191408, 30.333614228813644 ], [ 80.704837942317226, 30.33380993927733 ], [ 80.704264941973577, 30.333540090502822 ], [ 80.703752938147659, 30.333578319783669 ], [ 80.703227459779498, 30.333978170056582 ], [ 80.702598772515387, 30.334377782908405 ], [ 80.702092958723142, 30.33441533499979 ], [ 80.701616047342782, 30.334450739510089 ], [ 80.701096032356077, 30.334406583696932 ], [ 80.699915080416702, 30.334416450159097 ], [ 80.699540353604505, 30.334535411580021 ], [ 80.699390739690955, 30.334836825659011 ], [ 80.699261643809848, 30.335096901500833 ], [ 80.698932598060992, 30.335350005798205 ], [ 80.698558856905777, 30.335129475844667 ], [ 80.698386701485163, 30.334677159123657 ], [ 80.69771046436648, 30.334078010092128 ], [ 80.69690374371288, 30.333923688227685 ], [ 80.696169515610734, 30.333889848537751 ], [ 80.695113148553048, 30.333985399706478 ], [ 80.694837415514371, 30.334010338806138 ], [ 80.694265335177136, 30.333754212786744 ], [ 80.693684373135397, 30.333264156915334 ], [ 80.693205406804111, 30.333357334773211 ], [ 80.69312474750916, 30.333373026144272 ], [ 80.692630302046837, 30.333075858664017 ], [ 80.691833583653022, 30.333124835742638 ], [ 80.691677773410561, 30.333783716845119 ], [ 80.691412896088366, 30.334107683223067 ], [ 80.691026292829235, 30.334208860550518 ], [ 80.690650345636982, 30.334139570484865 ], [ 80.690293173591158, 30.333901390436893 ], [ 80.689989196444344, 30.33369868144905 ], [ 80.689486045544641, 30.333565276016714 ], [ 80.688843095032894, 30.333837146467204 ], [ 80.688507111014417, 30.334119963465582 ], [ 80.688454714713373, 30.334164068017401 ], [ 80.687904055327976, 30.334239143421769 ], [ 80.687565802319966, 30.334161643445157 ], [ 80.687321250575337, 30.334105611185066 ], [ 80.687043547122073, 30.334289339081806 ], [ 80.686893224542757, 30.334388790610262 ], [ 80.686454763676466, 30.3344679480374 ], [ 80.68561890498853, 30.334578828150427 ], [ 80.685024543048257, 30.334788936760049 ], [ 80.684446674674348, 30.335169622480123 ], [ 80.684433988837554, 30.335447193733046 ], [ 80.684429407691084, 30.335547442060829 ], [ 80.684052764423598, 30.336134016771496 ], [ 80.68352962249412, 30.336651905760903 ], [ 80.682988201844125, 30.337271252666255 ], [ 80.682195375716049, 30.337847727091003 ], [ 80.681862404426454, 30.338470332240092 ], [ 80.68158223952878, 30.338792973017348 ], [ 80.681545194655087, 30.338835635056569 ], [ 80.681384113486104, 30.339021135517044 ], [ 80.680857271745765, 30.339194883637049 ], [ 80.679855184169469, 30.339278372199146 ], [ 80.679345339615793, 30.339129755633792 ], [ 80.679105958073592, 30.338838109990832 ], [ 80.678695301547009, 30.339044827256998 ], [ 80.678547869388694, 30.339119041110905 ], [ 80.678149306045668, 30.339121408126516 ], [ 80.677471028365346, 30.339310026536566 ], [ 80.677062928611349, 30.339379054899496 ], [ 80.676420252392802, 30.33931766088142 ], [ 80.675771145122326, 30.339585222679943 ], [ 80.67549349113176, 30.339926474926926 ], [ 80.675177843482743, 30.340067831265458 ], [ 80.67479819108371, 30.340449919028572 ], [ 80.674722755950484, 30.340969336865442 ], [ 80.67370345804818, 30.341137486705691 ], [ 80.673108097860506, 30.341306394674405 ], [ 80.672235482081874, 30.341914788736574 ], [ 80.671672270858664, 30.342031741971368 ], [ 80.671364607390785, 30.341987876639223 ], [ 80.671278893905878, 30.3419756566513 ], [ 80.670718915745397, 30.342248888675329 ], [ 80.670416810087772, 30.34288112106691 ], [ 80.670387984118236, 30.342941446690475 ], [ 80.669902709042844, 30.343356236501165 ], [ 80.669652184001166, 30.343672234885787 ], [ 80.669577449439771, 30.343766500024003 ], [ 80.669035082702976, 30.343882562030672 ], [ 80.668649270847254, 30.34419495863051 ], [ 80.668192091491903, 30.344541334315181 ], [ 80.667916130924766, 30.344750410503082 ], [ 80.667535407433149, 30.345749146306105 ], [ 80.667479708821588, 30.345895258259588 ], [ 80.667123638445219, 30.346585101221478 ], [ 80.667309049872813, 30.34734021787682 ], [ 80.667142715763759, 30.347539745962536 ], [ 80.666932442578229, 30.347791980615455 ], [ 80.66683782310713, 30.348307900988914 ], [ 80.666798657632, 30.348521452203329 ], [ 80.666571020336391, 30.348612286427908 ], [ 80.666434738872169, 30.348666667532711 ], [ 80.66641972379125, 30.348710798164859 ], [ 80.666261717404382, 30.349175201774187 ], [ 80.665885556173521, 30.349236723496062 ], [ 80.665245612095362, 30.349636126805876 ], [ 80.66487348971981, 30.350170119055804 ], [ 80.664626545778503, 30.350524477122974 ], [ 80.664436444386467, 30.350508372963077 ], [ 80.663789480200421, 30.350453566478961 ], [ 80.663447669474408, 30.350610021535317 ], [ 80.663023577076501, 30.350804137500973 ], [ 80.66268636278545, 30.350970355597497 ], [ 80.662866608507215, 30.351281131618975 ], [ 80.662883702820693, 30.351310605100423 ], [ 80.662832621328448, 30.351897711310357 ], [ 80.66282639262397, 30.351969307237766 ], [ 80.662890375790255, 30.352389892279746 ], [ 80.662981515784395, 30.353123293005638 ], [ 80.662744441902532, 30.353391830568569 ], [ 80.662558279541031, 30.353486320537343 ], [ 80.662126774031435, 30.353705338730435 ], [ 80.661688513714012, 30.354181871496223 ], [ 80.661266587782848, 30.354383614612175 ], [ 80.660708324629525, 30.354632845529466 ], [ 80.66047932755896, 30.354735077761688 ], [ 80.660493181615095, 30.355006579490123 ], [ 80.660687542196399, 30.355422376541469 ], [ 80.660742613081197, 30.355682299498596 ], [ 80.661172061841228, 30.355733236199967 ], [ 80.661963654998715, 30.355665661141416 ], [ 80.662393227865209, 30.355966367453959 ], [ 80.662489083904177, 30.356512943017947 ], [ 80.662335964433282, 30.356914192635941 ], [ 80.662124920528697, 30.357448366548908 ], [ 80.662087391819739, 30.357925208681479 ], [ 80.66165235287383, 30.358705496461539 ], [ 80.661613688321097, 30.358774844083825 ], [ 80.661600966511458, 30.359318525629533 ], [ 80.661768685576419, 30.360131197097132 ], [ 80.661926485119238, 30.360617286958302 ], [ 80.661936359675337, 30.360880381824188 ], [ 80.661837100601758, 30.361095166908456 ], [ 80.661742701464561, 30.361234937742211 ], [ 80.66147574850703, 30.361630201472678 ], [ 80.661394912944957, 30.362090987109411 ], [ 80.661248595946006, 30.362295344554582 ], [ 80.661137162749924, 30.362450979429184 ], [ 80.661033728124096, 30.363266151012112 ], [ 80.660824492756205, 30.36389227610772 ], [ 80.660307535464426, 30.364457598039792 ], [ 80.660203414655939, 30.364571458506077 ], [ 80.660079255153562, 30.365024206002374 ], [ 80.659877496749118, 30.365863371497426 ], [ 80.659857564175297, 30.365946278198237 ], [ 80.659847975603668, 30.36601561322999 ], [ 80.659794608034815, 30.366401519514568 ], [ 80.659507551632259, 30.367003904306785 ], [ 80.659575597935543, 30.367925390144705 ], [ 80.659580485750894, 30.367991575750693 ], [ 80.659580137713249, 30.368095531983272 ], [ 80.6595790297485, 30.368427508622688 ], [ 80.659577394781024, 30.368917093249308 ], [ 80.659189915582203, 30.369997972228703 ], [ 80.659016076630678, 30.370632670561349 ], [ 80.65880212611728, 30.372190910582106 ], [ 80.658665619822557, 30.372889397827521 ], [ 80.658600207633526, 30.37322409761407 ], [ 80.658480578016338, 30.373599674285572 ], [ 80.658348586318255, 30.374014054005443 ], [ 80.658403296574932, 30.374369773646208 ], [ 80.658416407791037, 30.374455014987007 ], [ 80.658305959352617, 30.374726738847983 ], [ 80.657965021868335, 30.3750578998023 ], [ 80.657648629580649, 30.375420179098057 ], [ 80.657680126536661, 30.375691094468493 ], [ 80.657699528510477, 30.3758579861572 ], [ 80.657672275455184, 30.376483146280236 ], [ 80.657540307139527, 30.377102779170002 ], [ 80.657504770428886, 30.377414317816545 ], [ 80.657440351990715, 30.377979064182512 ], [ 80.657214781337132, 30.378177370089588 ], [ 80.656890932770409, 30.378462074764968 ], [ 80.656598700769507, 30.379249691120378 ], [ 80.656308186473666, 30.380047302541016 ], [ 80.655906185921822, 30.380441434024988 ], [ 80.655548213479335, 30.380874373053928 ], [ 80.655513189382248, 30.381197521948138 ], [ 80.654982097445895, 30.38145622182725 ], [ 80.65493885894125, 30.38147728394955 ], [ 80.654585670892061, 30.381854593614662 ], [ 80.654270562836246, 30.382033742163514 ], [ 80.65409191610911, 30.382021165144693 ], [ 80.653697040885788, 30.381993363503 ], [ 80.653546911660726, 30.382134889813358 ], [ 80.653377281536393, 30.38229479916572 ], [ 80.652817925706756, 30.38264385752808 ], [ 80.652701473394359, 30.38273847609986 ], [ 80.652315291017942, 30.383052247763089 ], [ 80.651867475403719, 30.383059855128238 ], [ 80.65164223300269, 30.383063680844259 ], [ 80.651100234987894, 30.383280416558023 ], [ 80.650725531558066, 30.383688670995411 ], [ 80.650607661014817, 30.383817095082918 ], [ 80.65028739534705, 30.384273492927434 ], [ 80.649879248828313, 30.38509837359112 ], [ 80.649819846808555, 30.385218426789038 ], [ 80.649457589995848, 30.38554331407272 ], [ 80.649041860393595, 30.386021856823277 ], [ 80.648737734858628, 30.386592303092357 ], [ 80.647976585551021, 30.387027067745009 ], [ 80.647552562400904, 30.387273589904282 ], [ 80.647491577574328, 30.387309045675977 ], [ 80.647087807156652, 30.38734351489137 ], [ 80.646539527377342, 30.387431375057986 ], [ 80.646035624644412, 30.387685414650207 ], [ 80.645701783710422, 30.388080798889803 ], [ 80.645235572463775, 30.388285810142065 ], [ 80.645103879340638, 30.388284110423399 ], [ 80.644796342677125, 30.388280142614519 ], [ 80.64446666560417, 30.388275887921964 ], [ 80.643991271380116, 30.388347534211391 ], [ 80.643613307008593, 30.388551180292779 ], [ 80.64346976711613, 30.388628519290762 ], [ 80.64277130864906, 30.388926609475504 ], [ 80.641927089863373, 30.389366816825202 ], [ 80.641341478326638, 30.389753193455192 ], [ 80.640886989742853, 30.390101461313463 ], [ 80.640348291340615, 30.390568527815333 ], [ 80.639948155982665, 30.391066878133984 ], [ 80.639688197052692, 30.391864797122764 ], [ 80.639775245131489, 30.392321090645851 ], [ 80.639763974827645, 30.392972464207901 ], [ 80.639545733648731, 30.393376697776432 ], [ 80.639484775801805, 30.393450021301476 ], [ 80.63922745548274, 30.393759530178215 ], [ 80.639195761575195, 30.393820694869248 ], [ 80.639032710890945, 30.394135362257202 ], [ 80.638767366820559, 30.39440198516354 ], [ 80.638437636687627, 30.394503408005903 ], [ 80.638027195998347, 30.394708210615477 ], [ 80.637983046480485, 30.395010917020272 ], [ 80.6381004547722, 30.395310730305994 ], [ 80.638144447808088, 30.395423070018694 ], [ 80.638201726528507, 30.395788871059608 ], [ 80.638132260195732, 30.396367215174905 ], [ 80.638048284201034, 30.39700669520289 ], [ 80.637748595921039, 30.397693551516227 ], [ 80.637442296724657, 30.398265450190422 ], [ 80.637221352183701, 30.398436708087672 ], [ 80.63693568073711, 30.398430467691981 ], [ 80.636283637180156, 30.3983786991177 ], [ 80.635873548125801, 30.398466198656195 ], [ 80.635673439977325, 30.398711529213756 ], [ 80.635614885118912, 30.398985808048678 ], [ 80.635472534130201, 30.399432096614021 ], [ 80.635606812804212, 30.399906613999065 ], [ 80.635914087765002, 30.400438251823914 ], [ 80.6360232339851, 30.401010547998453 ], [ 80.635961269796837, 30.401402485136657 ], [ 80.635971744200674, 30.401799712087097 ], [ 80.636073381981078, 30.402125775684055 ], [ 80.63616145978358, 30.402560641060802 ], [ 80.636129340496723, 30.403070679868051 ], [ 80.635836035604598, 30.403527225201344 ], [ 80.635654692709977, 30.403710568188217 ], [ 80.635549033161396, 30.403817391459484 ], [ 80.635119641058623, 30.404253938568445 ], [ 80.635143451509123, 30.404516416499462 ], [ 80.634950757371598, 30.404807431717643 ], [ 80.634722574187492, 30.404908756533928 ], [ 80.634486890657513, 30.405165477904518 ], [ 80.634290620815534, 30.405596819737468 ], [ 80.633914810320277, 30.405697097742916 ], [ 80.633872951375679, 30.405708268222043 ], [ 80.633672514075329, 30.405988997893985 ], [ 80.632931988020914, 30.406752859556889 ], [ 80.63229517088547, 30.407161793881755 ], [ 80.631575669181871, 30.40747528585581 ], [ 80.63115296893443, 30.408063472151582 ], [ 80.630517159039698, 30.408634011050822 ], [ 80.629978461536837, 30.408840717525152 ], [ 80.629872914403506, 30.408881216694851 ], [ 80.629697003414037, 30.408948716210318 ], [ 80.629662960477276, 30.409029907004651 ], [ 80.629335570380306, 30.409810696606428 ], [ 80.629216031594638, 30.410274966216775 ], [ 80.629152850623598, 30.410520349834314 ], [ 80.628805488382625, 30.410763839479671 ], [ 80.628474783384604, 30.410995651428209 ], [ 80.62836125836543, 30.411407775648399 ], [ 80.628288983449863, 30.41187283126618 ], [ 80.628428777665988, 30.412256547701588 ], [ 80.628482025625033, 30.412402707319131 ], [ 80.628577293507362, 30.41307769348083 ], [ 80.628459975147791, 30.413440998003693 ], [ 80.628074782924955, 30.41395480586965 ], [ 80.627996760442215, 30.414058879913455 ], [ 80.627917825147563, 30.414505149593026 ], [ 80.628048764638834, 30.414643050736231 ], [ 80.628456409335854, 30.415072364598018 ], [ 80.628547303815083, 30.415495862544049 ], [ 80.628787743859334, 30.416177671862101 ], [ 80.629435121733536, 30.416121813171173 ], [ 80.630063031084092, 30.416205827836734 ], [ 80.630536979198268, 30.416673949243432 ], [ 80.630732168954466, 30.417012319163234 ], [ 80.630701425630321, 30.417453611095311 ], [ 80.63084472540379, 30.41801747252839 ], [ 80.630304822809364, 30.418410558100845 ], [ 80.630255431143269, 30.418417824622964 ], [ 80.629711619195916, 30.418497826513544 ], [ 80.629587436311169, 30.418516094442282 ], [ 80.628929861024346, 30.418898388150126 ], [ 80.628799376589996, 30.419046148560938 ], [ 80.628527418006001, 30.419354116899001 ], [ 80.628497979598137, 30.4193775676207 ], [ 80.628419739479455, 30.419439896933739 ], [ 80.627810468578332, 30.419925260142691 ], [ 80.627759404173219, 30.419965939176791 ], [ 80.627217336011313, 30.420525973095209 ], [ 80.627054514654162, 30.420736990919465 ], [ 80.626763575878385, 30.421114046975731 ], [ 80.626453405999939, 30.422273383709751 ], [ 80.626338525702465, 30.422486138124839 ], [ 80.626078895924365, 30.422966960656765 ], [ 80.625613752172967, 30.423588662886516 ], [ 80.624965538828633, 30.424539259779067 ], [ 80.624641688463214, 30.424946524062875 ], [ 80.624400007354495, 30.425475766993088 ], [ 80.624477912925386, 30.425893422043828 ], [ 80.624537668378764, 30.426213778543115 ], [ 80.62421764103135, 30.427238718791898 ], [ 80.624193683092074, 30.427357928425693 ], [ 80.62417551678675, 30.427448322881844 ], [ 80.624147521790746, 30.427587621571547 ], [ 80.62401298770925, 30.4282570301379 ], [ 80.623990305008647, 30.428369893256047 ], [ 80.624145680878541, 30.429158086076882 ], [ 80.624395758957178, 30.430394132283425 ], [ 80.624317486462871, 30.431050362184521 ], [ 80.624283858113643, 30.431199221566885 ], [ 80.624234917907188, 30.431415860153891 ], [ 80.624212397983854, 30.431515544606725 ], [ 80.62410730770614, 30.431980727928305 ], [ 80.62409292305, 30.432140193914847 ], [ 80.624012904971664, 30.433027198846219 ], [ 80.623680097358658, 30.433829503828576 ], [ 80.623629272173218, 30.433923325601029 ], [ 80.623354085922358, 30.43443130675945 ], [ 80.62309341472934, 30.434840857119923 ], [ 80.622952195087805, 30.435062729761228 ], [ 80.622379037362748, 30.43545494478991 ], [ 80.621799586182021, 30.435691978202271 ], [ 80.621585860499124, 30.43588416782012 ], [ 80.621555237684106, 30.435911705960507 ], [ 80.621336526159837, 30.436108378698748 ], [ 80.621194498927025, 30.436268283554512 ], [ 80.620911329394403, 30.436587094119147 ], [ 80.62059634994165, 30.436941715687681 ], [ 80.619911793194774, 30.437637951930014 ], [ 80.619180891684834, 30.437850659580306 ], [ 80.618710887097791, 30.438373223245719 ], [ 80.618565240093801, 30.438535155173327 ], [ 80.618471938129517, 30.438617238095105 ], [ 80.618268372087755, 30.438796325490102 ], [ 80.618243508531179, 30.438818197901583 ], [ 80.618113463865313, 30.438932605155628 ], [ 80.618063263708734, 30.438976768163343 ], [ 80.617943227597948, 30.43908237015529 ], [ 80.617845671840314, 30.439185502608893 ], [ 80.617217031340999, 30.439850081815848 ], [ 80.616857952732403, 30.440385982427188 ], [ 80.616797146870908, 30.440476731216222 ], [ 80.61635101478754, 30.44114254159507 ], [ 80.615838241142001, 30.441928776591794 ], [ 80.615372993069229, 30.442888214719403 ], [ 80.614865681006449, 30.443665345879083 ], [ 80.614673102881454, 30.443960345093899 ], [ 80.614601081574733, 30.444043929883492 ], [ 80.613794315055657, 30.444980222159586 ], [ 80.613705923389716, 30.44516441680446 ], [ 80.613502620849317, 30.445588068534562 ], [ 80.612959962732134, 30.445862469677309 ], [ 80.612798632450961, 30.445944047180092 ], [ 80.612636356083044, 30.445986311718968 ], [ 80.612497314599466, 30.446022523820488 ], [ 80.612312292578281, 30.44607071129434 ], [ 80.611529918371104, 30.446274470690298 ], [ 80.610027620678181, 30.446449022804188 ], [ 80.609158919648507, 30.446649327004877 ], [ 80.608605969689791, 30.447125089051667 ], [ 80.608384788627177, 30.447315393690531 ], [ 80.60761160279327, 30.44774274882883 ], [ 80.606962779708567, 30.448074990768248 ], [ 80.606367569707629, 30.448777390064549 ], [ 80.605801873657583, 30.44899052219489 ], [ 80.604202317882709, 30.449355680220492 ], [ 80.602962874936793, 30.449244495237338 ], [ 80.601091940640629, 30.449087869309778 ], [ 80.599467311767057, 30.448875474623492 ], [ 80.592111108341044, 30.445748264770657 ], [ 80.584484336682863, 30.445610182863675 ], [ 80.575103150490065, 30.442446501904612 ], [ 80.570202627749154, 30.438894168131412 ], [ 80.56736483771715, 30.437373963137929 ], [ 80.564846840309485, 30.43447063051525 ], [ 80.562536736481263, 30.431546476788526 ], [ 80.560826157601127, 30.429763522268786 ], [ 80.558502627794098, 30.428004837753122 ], [ 80.555752422736191, 30.426458430112518 ], [ 80.553421225309364, 30.424837765450548 ], [ 80.55094706175754, 30.423374348147718 ], [ 80.550691189346992, 30.422767397497466 ], [ 80.549085271767922, 30.420755096970197 ], [ 80.547718333734167, 30.419422970793505 ], [ 80.546368402779649, 30.418202615958023 ], [ 80.544589731730809, 30.417310803251041 ], [ 80.543051490833705, 30.416250810126826 ], [ 80.541452087943583, 30.415811243094424 ], [ 80.540999907919456, 30.415288963614842 ], [ 80.539528625145977, 30.415355842598103 ], [ 80.537620931061156, 30.416997479450174 ], [ 80.536808550074568, 30.417631453828562 ], [ 80.534050013697254, 30.420921885236851 ], [ 80.533431269337655, 30.421772884910752 ], [ 80.53088106900617, 30.423045113541207 ], [ 80.529122043647476, 30.423651640610785 ], [ 80.527204957043182, 30.425256612102999 ], [ 80.527733208920495, 30.425913012875299 ], [ 80.528225651592606, 30.426500288157797 ], [ 80.52936514298699, 30.427998607250004 ], [ 80.529911055750688, 30.42896196282436 ], [ 80.530411853124576, 30.430084084712803 ], [ 80.530668707594828, 30.431766309767454 ], [ 80.530637023579857, 30.433077334251607 ], [ 80.530703089575979, 30.434425864062405 ], [ 80.530552857828184, 30.43525644462926 ], [ 80.529966492659582, 30.436201422557644 ], [ 80.530683416006923, 30.437058958504167 ], [ 80.532789795512713, 30.438749478006059 ], [ 80.536882348441679, 30.440800738962992 ], [ 80.537988394948513, 30.441163228700077 ], [ 80.53950498376804, 30.443641485965884 ], [ 80.540488152306466, 30.445703181756471 ], [ 80.542429454955425, 30.448360132514154 ], [ 80.545811333925997, 30.448582775874456 ], [ 80.547661949839153, 30.448563531281991 ], [ 80.5497268391224, 30.448801186125877 ], [ 80.551087683349976, 30.449247959425861 ], [ 80.55269763618702, 30.449999202701122 ], [ 80.554192050422841, 30.450743507706761 ], [ 80.555006105947086, 30.451335788615779 ], [ 80.555223357871739, 30.452362745144626 ], [ 80.557567867962803, 30.452712157839869 ], [ 80.559256064515807, 30.453354482423492 ], [ 80.561239751313508, 30.454115601154115 ], [ 80.561534295471404, 30.454976777556283 ], [ 80.561526163801489, 30.455702972014592 ], [ 80.563629884012016, 30.457126105985083 ], [ 80.565219438426425, 30.458514170892329 ], [ 80.566825775089512, 30.459683767092201 ], [ 80.567196751728773, 30.460234234022721 ], [ 80.566799855728789, 30.461488469917015 ], [ 80.566651333592233, 30.462973439472705 ], [ 80.566720351163326, 30.464006240695483 ], [ 80.568948082488077, 30.467556180473423 ], [ 80.570057879167848, 30.464387741201335 ], [ 80.571828584022001, 30.464447729579092 ], [ 80.574041337138055, 30.464418437760742 ], [ 80.575044543470938, 30.464759602773483 ], [ 80.576786665172506, 30.46465603774601 ], [ 80.577904178934773, 30.463973601600458 ], [ 80.579247436919729, 30.464387408452183 ], [ 80.580109299504613, 30.465749571985214 ], [ 80.583448370745771, 30.467961013889749 ], [ 80.585906618096033, 30.468548130891577 ], [ 80.586520822677869, 30.468546825975295 ], [ 80.587119684825666, 30.468549016723784 ], [ 80.588099713830786, 30.468416108616566 ], [ 80.591060755949172, 30.468278710194397 ], [ 80.592873789194073, 30.468248724998716 ], [ 80.594459088016549, 30.468500949759061 ], [ 80.595855795408681, 30.468430051705582 ], [ 80.597737278752447, 30.467962311611416 ], [ 80.598835480473099, 30.467995930068184 ], [ 80.599506568973027, 30.46918777549547 ], [ 80.599598503068535, 30.469749486649562 ], [ 80.599782969308649, 30.47114093030973 ], [ 80.600059608863887, 30.47226403155986 ], [ 80.600086596619178, 30.472373598662728 ], [ 80.600733024809301, 30.473079292175669 ], [ 80.601444224871159, 30.473036768632028 ], [ 80.602100327967833, 30.472997535707748 ], [ 80.603092897119552, 30.472895528306026 ], [ 80.603727792403731, 30.472954172197319 ], [ 80.60416181871301, 30.472994259477559 ], [ 80.605837361804845, 30.473018429656861 ], [ 80.606782909903416, 30.473059680659787 ], [ 80.607248180459237, 30.473079975660426 ], [ 80.607387927910622, 30.473085511886893 ], [ 80.608030757913184, 30.47311097529132 ] ] ] } }
]
}
