{
"type": "FeatureCollection",
"name": "bagmati_boundary_wgs84",
"crs": { "type": "name", "properties": { "name": "urn:ogc:def:crs:OGC:1.3:CRS84" } },
"features": [
{ "type": "Feature", "properties": { "Province": 3, "TARGET": "Province3", "Level": 0, "DISTRICT": "बागमती प्रदेश" }, "geometry": { "type": "Polygon", "coordinates": [ [ [ 86.51556950910971, 27.956621571758195 ], [ 86.518220798702302, 27.953203799103616 ], [ 86.519928339777948, 27.944061147141092 ], [ 86.521732245517128, 27.940435065697361 ], [ 86.523795175211745, 27.939821781730018 ], [ 86.5284548395408, 27.941399034816733 ], [ 86.534483789859522, 27.941688052201425 ], [ 86.538812166056985, 27.935701226206383 ], [ 86.542064353705229, 27.93331837141077 ], [ 86.547802724929028, 27.930458477902359 ], [ 86.548718389745261, 27.928873135764526 ], [ 86.549788778052402, 27.919134525495121 ], [ 86.553423899905624, 27.911827492663516 ], [ 86.554716023858177, 27.907041818221984 ], [ 86.554248994142299, 27.902706260150051 ], [ 86.551749715611408, 27.899092789368435 ], [ 86.552262801154797, 27.892204164167595 ], [ 86.554622451407766, 27.885538051379783 ], [ 86.551260117516094, 27.87826233022836 ], [ 86.552514183009237, 27.867879030102699 ], [ 86.554450143080956, 27.861021989209206 ], [ 86.554102649684324, 27.857147016834944 ], [ 86.550141801401367, 27.848414040181741 ], [ 86.549140520823528, 27.841628691293469 ], [ 86.547109874895241, 27.834869322027206 ], [ 86.543842664157452, 27.827081522948344 ], [ 86.543533140634821, 27.821507765309711 ], [ 86.540732145786492, 27.818136767386243 ], [ 86.540352580224493, 27.814877551795231 ], [ 86.542426327150579, 27.811170794021351 ], [ 86.546379113752977, 27.811463586958624 ], [ 86.552954934570437, 27.808755006243619 ], [ 86.560738155392329, 27.806223743325415 ], [ 86.56217427396092, 27.806460684790352 ], [ 86.567082995796326, 27.80400786461707 ], [ 86.565630721178252, 27.799619543434545 ], [ 86.568815083937423, 27.795387851842829 ], [ 86.568831926131736, 27.791119170624729 ], [ 86.566169673291952, 27.787277591923893 ], [ 86.565599534565237, 27.78280404368893 ], [ 86.5658868918281, 27.776241634312932 ], [ 86.563918277521424, 27.770486550929213 ], [ 86.566071543383401, 27.762621540258298 ], [ 86.570360989687586, 27.759354406657039 ], [ 86.572762654286691, 27.754598997813712 ], [ 86.569182371153445, 27.751916487048906 ], [ 86.562887254506819, 27.749347231296223 ], [ 86.563276363173088, 27.74493756891005 ], [ 86.558259290239178, 27.738439560907086 ], [ 86.556272642614374, 27.731450212080539 ], [ 86.556898436025421, 27.728586853340293 ], [ 86.554369118721823, 27.724018904069453 ], [ 86.553548949123538, 27.719580535529648 ], [ 86.551323535903791, 27.717554052429389 ], [ 86.550962417698855, 27.710878953784363 ], [ 86.54791075607794, 27.70802621745036 ], [ 86.543263949448502, 27.704236286897771 ], [ 86.540989090265072, 27.702886367633933 ], [ 86.539114473984739, 27.69662358080986 ], [ 86.540782776231936, 27.69281163714567 ], [ 86.53919698623919, 27.68988224566295 ], [ 86.539236089661372, 27.684938999442593 ], [ 86.53898691132359, 27.68316477823895 ], [ 86.536736422512647, 27.679028420240698 ], [ 86.536692696824417, 27.678182182398231 ], [ 86.538810176413861, 27.674992128518866 ], [ 86.538224176095554, 27.672815187324357 ], [ 86.53803388098423, 27.670312407041958 ], [ 86.537497712133316, 27.669821004007517 ], [ 86.535482883635851, 27.668358974256385 ], [ 86.533368649916738, 27.66316933743353 ], [ 86.529330519037543, 27.661953125626709 ], [ 86.52750840827936, 27.660807508546842 ], [ 86.528828723725837, 27.655618181353908 ], [ 86.527634490837613, 27.653432355355928 ], [ 86.52664201765522, 27.652447488363435 ], [ 86.526217805335193, 27.65041541203836 ], [ 86.523483182831725, 27.649564440365943 ], [ 86.517585888044295, 27.646992254649788 ], [ 86.516148640795436, 27.646917298883395 ], [ 86.513706245660146, 27.648203829375667 ], [ 86.511385676405169, 27.64243561551622 ], [ 86.506960743489884, 27.640199737957566 ], [ 86.506481872379467, 27.637179186245614 ], [ 86.505987421958949, 27.63502049497712 ], [ 86.504232057773478, 27.633626651210847 ], [ 86.503365788325397, 27.628278487602692 ], [ 86.500492617602106, 27.624741690348426 ], [ 86.50015349575061, 27.620911650615238 ], [ 86.497597188405521, 27.618862788818749 ], [ 86.494695151963612, 27.617933946285817 ], [ 86.493725574025319, 27.615879487478296 ], [ 86.492498094063293, 27.613749593421794 ], [ 86.484612116822831, 27.61716359033381 ], [ 86.480367113716284, 27.617055214023395 ], [ 86.476622569213632, 27.61583407050891 ], [ 86.469694762523005, 27.617132147550677 ], [ 86.446376555083035, 27.612201496321326 ], [ 86.434791117209542, 27.610288904214592 ], [ 86.430225035319978, 27.604248363581835 ], [ 86.42467506241411, 27.602007592490313 ], [ 86.419879335624103, 27.598264843240855 ], [ 86.417959924222828, 27.591393359780131 ], [ 86.41345424004497, 27.586807753125381 ], [ 86.410925448024301, 27.586756464142898 ], [ 86.407813155646181, 27.584489237504645 ], [ 86.398241562157978, 27.583319989412253 ], [ 86.392725983286127, 27.577100386042769 ], [ 86.389749971329877, 27.575485416215923 ], [ 86.387743550497461, 27.572444215103026 ], [ 86.381821778814412, 27.57181329451765 ], [ 86.376293335154571, 27.568079344620461 ], [ 86.37515053951023, 27.565565298915512 ], [ 86.371639513161284, 27.562079361603814 ], [ 86.368747077054834, 27.556443751372001 ], [ 86.370666922242009, 27.55194899710855 ], [ 86.368960650199242, 27.548868304666424 ], [ 86.364823302699008, 27.546687990338054 ], [ 86.358536089232445, 27.539784372259785 ], [ 86.357437995941837, 27.533405421418639 ], [ 86.357653049457625, 27.529615949995318 ], [ 86.354945507232898, 27.52486076445026 ], [ 86.346536889296019, 27.523524176919562 ], [ 86.341380038646861, 27.521888921716315 ], [ 86.338276859711442, 27.520082716908906 ], [ 86.334418522403396, 27.515718851896004 ], [ 86.333209972793313, 27.510871137784182 ], [ 86.330801871344576, 27.509936804774465 ], [ 86.326035424174108, 27.504591324129496 ], [ 86.325016587705676, 27.500295001650205 ], [ 86.318730208742153, 27.498141273444915 ], [ 86.315548623374909, 27.492451225574172 ], [ 86.306451536598317, 27.485125284827511 ], [ 86.305393411577654, 27.482857031151159 ], [ 86.302987046560801, 27.482540393278171 ], [ 86.295392488146916, 27.479264492813854 ], [ 86.292949305387083, 27.476501759546007 ], [ 86.292159659759434, 27.470631518513805 ], [ 86.285137419487683, 27.466498329188344 ], [ 86.276760318535921, 27.464158207287554 ], [ 86.274778990032161, 27.462448950670154 ], [ 86.267614061276532, 27.459232489981517 ], [ 86.26410064408185, 27.456454552427484 ], [ 86.259750936687396, 27.448990455168282 ], [ 86.25702805584767, 27.445503594151738 ], [ 86.255895580447188, 27.439599787706065 ], [ 86.255852046062913, 27.435621765891621 ], [ 86.251260214413421, 27.432526463277579 ], [ 86.251987328517274, 27.428566140448879 ], [ 86.24796319306175, 27.424499058932778 ], [ 86.247424559149167, 27.419435375228346 ], [ 86.244713278332512, 27.419971281547578 ], [ 86.241229835234449, 27.418210566566476 ], [ 86.24031169901744, 27.415588284248788 ], [ 86.237560746023945, 27.412714618203044 ], [ 86.237585297520781, 27.410144909686313 ], [ 86.234449382345247, 27.407864684331734 ], [ 86.236095257514293, 27.40652451893148 ], [ 86.235456651176619, 27.403709695954731 ], [ 86.232385457157605, 27.402384261781915 ], [ 86.23059500592224, 27.399378061302432 ], [ 86.227715789950196, 27.39790014396068 ], [ 86.226585978128242, 27.39307905357235 ], [ 86.226925776575044, 27.388703823399613 ], [ 86.224921949011602, 27.387072747008684 ], [ 86.225624421826282, 27.38401715560585 ], [ 86.222107540289713, 27.38249716872469 ], [ 86.223811150807691, 27.378546986290292 ], [ 86.224722825303417, 27.37058745937308 ], [ 86.222074861842827, 27.367556121555165 ], [ 86.219260898241231, 27.362610513602753 ], [ 86.221849668661747, 27.36038000566014 ], [ 86.21996081240377, 27.356439074016187 ], [ 86.217129072229866, 27.352851595008726 ], [ 86.218414635153707, 27.350778488500222 ], [ 86.216623546266376, 27.342460947442277 ], [ 86.217881110748877, 27.34048701911162 ], [ 86.217885383935567, 27.33641675588116 ], [ 86.215700723900554, 27.333886506309696 ], [ 86.217103902447164, 27.328576376842889 ], [ 86.221966594660586, 27.3277709055542 ], [ 86.218976835059365, 27.323117705963845 ], [ 86.221170275529232, 27.32120760020717 ], [ 86.2284194722763, 27.320178314111526 ], [ 86.228805317316045, 27.316254544183533 ], [ 86.231428263421861, 27.314373755563842 ], [ 86.233687857633598, 27.307748194720499 ], [ 86.236471263616011, 27.306770641067985 ], [ 86.237890230517948, 27.302504918876153 ], [ 86.235434336467421, 27.297938470403466 ], [ 86.235808028351698, 27.295417950535445 ], [ 86.240163545029958, 27.288338902659376 ], [ 86.233475179072173, 27.285015022334441 ], [ 86.231557497176581, 27.28185252074335 ], [ 86.228972295549241, 27.280802632825768 ], [ 86.226862261887135, 27.277731494881813 ], [ 86.22344097436806, 27.277055934642863 ], [ 86.223052082847389, 27.274332732347023 ], [ 86.219425897314835, 27.273058034360837 ], [ 86.218840273464707, 27.27071729478951 ], [ 86.214200329160377, 27.267266272937579 ], [ 86.211371397033773, 27.263841091826752 ], [ 86.211134239156536, 27.260947219716364 ], [ 86.208405563936537, 27.259532861798913 ], [ 86.204281284034053, 27.253968098797227 ], [ 86.204406170567879, 27.249679731530779 ], [ 86.211124309630975, 27.245812062902036 ], [ 86.213947953448752, 27.24516460541015 ], [ 86.218415940002387, 27.2417622325904 ], [ 86.223511454685195, 27.239058245859432 ], [ 86.229164311926795, 27.237397238479794 ], [ 86.23903450700449, 27.240946277462047 ], [ 86.241930954406584, 27.2461942981645 ], [ 86.248367506048751, 27.248228163791172 ], [ 86.255592763839303, 27.253363642575795 ], [ 86.257058165574108, 27.257802835912454 ], [ 86.261575642986969, 27.257495064523813 ], [ 86.264623739155056, 27.260669896801598 ], [ 86.267078182880127, 27.25995400180134 ], [ 86.26630633682727, 27.254500972609414 ], [ 86.268638320819406, 27.252640489581331 ], [ 86.272382652350544, 27.25219971695822 ], [ 86.277121824022359, 27.250204849035725 ], [ 86.279241299576796, 27.247106597215293 ], [ 86.281764809908424, 27.245772508216998 ], [ 86.285310518853194, 27.246449508107546 ], [ 86.291252622501077, 27.243185523110686 ], [ 86.29557391146453, 27.238241159728855 ], [ 86.306114678407639, 27.237213054232473 ], [ 86.30830314841748, 27.233956692538669 ], [ 86.315882209711773, 27.231439793997087 ], [ 86.319017293030413, 27.231739320514631 ], [ 86.32828486338785, 27.230168554232431 ], [ 86.331660213848579, 27.231125589063193 ], [ 86.3409843506778, 27.229023995892149 ], [ 86.343075724858039, 27.219105973015573 ], [ 86.34015252457425, 27.214166673780976 ], [ 86.339999066714938, 27.210176774807099 ], [ 86.342650530437112, 27.204365647218193 ], [ 86.344931404845482, 27.202108698354749 ], [ 86.351322283441945, 27.200825232853404 ], [ 86.355266876659428, 27.201567671411237 ], [ 86.358787549923733, 27.201150643035849 ], [ 86.365179194022616, 27.196188691019557 ], [ 86.368739305416213, 27.192554010882514 ], [ 86.376678610331311, 27.194044888455643 ], [ 86.380055957959712, 27.192189297625674 ], [ 86.383721421520562, 27.183094352888965 ], [ 86.386477051710727, 27.180592808685983 ], [ 86.389862685313886, 27.179939736464615 ], [ 86.384281889133248, 27.175271742683854 ], [ 86.384872777057339, 27.173965680864804 ], [ 86.381187278021173, 27.170120396384462 ], [ 86.378139210782919, 27.165558123705708 ], [ 86.379098681098384, 27.163987404049411 ], [ 86.373640506770229, 27.158701342110575 ], [ 86.373722512554878, 27.154969673898982 ], [ 86.370460521715216, 27.151065151842907 ], [ 86.374222398054982, 27.148433011072321 ], [ 86.371102766412818, 27.147347304362629 ], [ 86.368629041787145, 27.14371020946475 ], [ 86.368183972076892, 27.140892263885913 ], [ 86.363526492338664, 27.142130262973602 ], [ 86.36030722141895, 27.13937863959432 ], [ 86.355565383698874, 27.143292025437166 ], [ 86.350308207439753, 27.142755671512514 ], [ 86.344838583943144, 27.143996031718437 ], [ 86.343672165799646, 27.147341278305642 ], [ 86.341189541117899, 27.144942448739634 ], [ 86.34102264306226, 27.141148719316138 ], [ 86.336434587681666, 27.136664038850395 ], [ 86.337667773621789, 27.135020455194375 ], [ 86.334337239976918, 27.13059585314927 ], [ 86.335193187905631, 27.127759056233586 ], [ 86.332153342004133, 27.12151711994974 ], [ 86.330733868779845, 27.117191666358615 ], [ 86.329028618292895, 27.115931249144104 ], [ 86.32450308596988, 27.109950514647302 ], [ 86.313237476703094, 27.110884179550915 ], [ 86.31189618056608, 27.109530589254089 ], [ 86.306430595972728, 27.108898990553993 ], [ 86.311194410234194, 27.102976969984599 ], [ 86.31766796079549, 27.101936733647264 ], [ 86.324935380863181, 27.099198785962425 ], [ 86.327832036234213, 27.100550715171806 ], [ 86.331933515252047, 27.099830160610367 ], [ 86.334065839153851, 27.100891727643134 ], [ 86.340404520435314, 27.106354976157515 ], [ 86.344055245000277, 27.105677097771647 ], [ 86.348132825361631, 27.106228555321227 ], [ 86.349728643728781, 27.104949820421304 ], [ 86.354906105889469, 27.104290028746941 ], [ 86.355830938440533, 27.100571248403721 ], [ 86.357868825580198, 27.099220027375232 ], [ 86.362439794596469, 27.099033246120413 ], [ 86.357027728959224, 27.094195707674768 ], [ 86.358279342176829, 27.084029690603234 ], [ 86.355382457405213, 27.081696910542203 ], [ 86.354390026406136, 27.075676801265075 ], [ 86.351486132051122, 27.073840227203622 ], [ 86.351220427642332, 27.070355218443737 ], [ 86.346929550840017, 27.070355646032546 ], [ 86.345771120635277, 27.068292496465535 ], [ 86.346889615160009, 27.064576906424826 ], [ 86.350343118535363, 27.063762536678432 ], [ 86.351161618922035, 27.061631801403813 ], [ 86.35604659291748, 27.059266967903412 ], [ 86.360900551961251, 27.05483725394981 ], [ 86.363491049899451, 27.053702772953908 ], [ 86.364232596606783, 27.049849938588672 ], [ 86.364119020869438, 27.0422724815305 ], [ 86.366792766513797, 27.037760425455332 ], [ 86.370948924453998, 27.037126989042232 ], [ 86.375226852248488, 27.034794892326225 ], [ 86.379164528681315, 27.034640784884395 ], [ 86.379370381508636, 27.031446633143691 ], [ 86.37773235567802, 27.027989411030212 ], [ 86.374092562205533, 27.022941483216684 ], [ 86.37544105522997, 27.02084225395231 ], [ 86.37199148966674, 27.015659716221879 ], [ 86.374007148809795, 27.013405511871053 ], [ 86.372209000774433, 27.010804898832092 ], [ 86.37405986667622, 27.00865830717682 ], [ 86.373102723258995, 27.003583864344311 ], [ 86.370172450273131, 27.002065824077576 ], [ 86.369603406598102, 27.001731531522694 ], [ 86.367609417331337, 26.998737387435806 ], [ 86.367862459506824, 26.998131570214174 ], [ 86.36817841179861, 26.995461373908331 ], [ 86.367810923174375, 26.994227726691062 ], [ 86.367311636143185, 26.993142439148293 ], [ 86.366843164355245, 26.991734555618535 ], [ 86.366710237967126, 26.989053352705245 ], [ 86.366690256672555, 26.988286107636167 ], [ 86.366527813257306, 26.986599816341478 ], [ 86.366467713812142, 26.985755639889536 ], [ 86.366387945478337, 26.984146530664827 ], [ 86.366236165730811, 26.983529770081955 ], [ 86.365968221703142, 26.982528978960335 ], [ 86.365719336074861, 26.981604993875269 ], [ 86.362730837797471, 26.976284413467905 ], [ 86.361562708511997, 26.97481927320306 ], [ 86.359821905082413, 26.973301815425671 ], [ 86.35814240415155, 26.971879412788041 ], [ 86.357656547146163, 26.971064914043858 ], [ 86.357246423864524, 26.970555327147178 ], [ 86.356754015658396, 26.969242122331622 ], [ 86.355096027071539, 26.967095471513986 ], [ 86.354859383436718, 26.966476084729724 ], [ 86.354347151276471, 26.965832945409435 ], [ 86.35370974966888, 26.96510799870881 ], [ 86.350828334966849, 26.964074854004444 ], [ 86.349157183825028, 26.963803099914902 ], [ 86.346949849428512, 26.963686885583588 ], [ 86.344392616166743, 26.963907510633284 ], [ 86.343963794597386, 26.964029555151242 ], [ 86.337231865482423, 26.96381527349207 ], [ 86.333374537913159, 26.964708692315703 ], [ 86.332606761958431, 26.964765986863831 ], [ 86.329754899787659, 26.964025879345094 ], [ 86.328366204023951, 26.964125347248075 ], [ 86.314018784243615, 26.963198813332884 ], [ 86.312368321518548, 26.962755324821636 ], [ 86.309278694059174, 26.961241969175504 ], [ 86.307831775151996, 26.960420267491031 ], [ 86.304899834501555, 26.957953186239386 ], [ 86.303305762575178, 26.956399671729997 ], [ 86.296961233221822, 26.952579652809966 ], [ 86.29275363406758, 26.950712872211152 ], [ 86.283471127858476, 26.949192663576 ], [ 86.281214089530408, 26.947179741089172 ], [ 86.281059128372107, 26.943286644828785 ], [ 86.279568816791127, 26.940582671197294 ], [ 86.278911003164268, 26.935757336321892 ], [ 86.278470328930354, 26.934881843764153 ], [ 86.278143255548201, 26.93445375109777 ], [ 86.276372137117889, 26.933237516381897 ], [ 86.273321496086183, 26.932125188602946 ], [ 86.271680222816272, 26.931527838916342 ], [ 86.264506353343322, 26.928218823738209 ], [ 86.262577013170457, 26.92663605627445 ], [ 86.260126088547466, 26.923371741089447 ], [ 86.259748718041592, 26.922519122575256 ], [ 86.259503972695825, 26.920825518034114 ], [ 86.259471435173197, 26.919828043066513 ], [ 86.259684484088865, 26.919143169596488 ], [ 86.25855799283454, 26.919784844129108 ], [ 86.257246189479716, 26.921571789439142 ], [ 86.256972699054387, 26.922829423820577 ], [ 86.256879879597818, 26.923747341215027 ], [ 86.257276246027359, 26.924676765760619 ], [ 86.257207695234939, 26.927551073293138 ], [ 86.257834668388696, 26.927910864490862 ], [ 86.256999870541307, 26.929443090237321 ], [ 86.256586966831946, 26.930411185346465 ], [ 86.256051895248291, 26.931202606516663 ], [ 86.255589445131335, 26.931707866671267 ], [ 86.25548625920193, 26.932280439380602 ], [ 86.254299903179088, 26.932806685591299 ], [ 86.25300274599644, 26.933483541650144 ], [ 86.251690205884472, 26.934638605216183 ], [ 86.250676689849811, 26.935763676422514 ], [ 86.249884915097482, 26.935915212317102 ], [ 86.247553820295138, 26.93708057046344 ], [ 86.246115433041737, 26.937686680411893 ], [ 86.240850814389162, 26.940390916155316 ], [ 86.235281778570439, 26.947039735836093 ], [ 86.23515893621726, 26.949248101180018 ], [ 86.232585308438189, 26.950520258326577 ], [ 86.22871509066313, 26.949235557247903 ], [ 86.225581354823333, 26.950206669159765 ], [ 86.224825477237033, 26.952075366434464 ], [ 86.219015830526132, 26.956558310883988 ], [ 86.216281546419793, 26.96035193002459 ], [ 86.209366643050245, 26.966094119691014 ], [ 86.205982435583451, 26.967280020935153 ], [ 86.20343079766063, 26.968908271964359 ], [ 86.202339614181682, 26.969560946078047 ], [ 86.201514465206841, 26.969887965913525 ], [ 86.200187384922515, 26.970065490596124 ], [ 86.198081325980695, 26.971107238398279 ], [ 86.196176794099685, 26.972587825765476 ], [ 86.192562840240058, 26.975049172932536 ], [ 86.192392353731236, 26.975472382675964 ], [ 86.192358100152944, 26.975860285311132 ], [ 86.192347699993547, 26.977137359732101 ], [ 86.191268371854861, 26.978663206839077 ], [ 86.188517817133544, 26.977539572841408 ], [ 86.187684265327647, 26.982270828128957 ], [ 86.187362176790117, 26.982541986285064 ], [ 86.185847504888528, 26.982294107959465 ], [ 86.181015591663879, 26.984448024486646 ], [ 86.178411240502214, 26.984642713880852 ], [ 86.176388587720695, 26.986672875658208 ], [ 86.174252674497424, 26.986908569235663 ], [ 86.173177368121301, 26.987362573675483 ], [ 86.169773150654891, 26.989165670018206 ], [ 86.168532126409033, 26.98911552878544 ], [ 86.167191370505137, 26.988809721004564 ], [ 86.165097234143929, 26.990500911563892 ], [ 86.160982421919286, 26.992313120274542 ], [ 86.156768260546357, 26.993506382081861 ], [ 86.153911874005729, 26.993985667148252 ], [ 86.146171686243008, 26.997585219944614 ], [ 86.144763615874609, 26.997800052514659 ], [ 86.140729926261088, 26.999221797141043 ], [ 86.139152484359357, 27.0003381096449 ], [ 86.135102218036323, 27.00255159645199 ], [ 86.133761503868286, 27.003249574902405 ], [ 86.128459214095699, 27.005448417188344 ], [ 86.12718192998291, 27.006106087760745 ], [ 86.12577934332019, 27.007074416261062 ], [ 86.124117797289387, 27.007716206850979 ], [ 86.119588480982486, 27.009337300619269 ], [ 86.118583785786555, 27.01001691128106 ], [ 86.11747567378066, 27.010350675829947 ], [ 86.116195454163503, 27.010931603146421 ], [ 86.114999722649529, 27.011553590733101 ], [ 86.113636268701285, 27.011903787086705 ], [ 86.112188013731213, 27.012235358680798 ], [ 86.111847181386196, 27.01232796982222 ], [ 86.107255980418785, 27.014810236361559 ], [ 86.105890584101715, 27.015408535727875 ], [ 86.102461579451528, 27.016162849513709 ], [ 86.100927521230005, 27.016590786160982 ], [ 86.100583932944716, 27.016987995297054 ], [ 86.100071056285884, 27.017289335107581 ], [ 86.093178691402798, 27.018079963194669 ], [ 86.091645258493074, 27.018489713970467 ], [ 86.088494406479285, 27.019173351159104 ], [ 86.087731636489366, 27.018920173413136 ], [ 86.086709326917969, 27.019200131665539 ], [ 86.085774700882297, 27.019117373483098 ], [ 86.084584982456832, 27.019071232827358 ], [ 86.083102126021586, 27.018486260010505 ], [ 86.08199796010733, 27.018382063417018 ], [ 86.077250699493206, 27.01870076896013 ], [ 86.07674039248171, 27.018641015786788 ], [ 86.07652629234552, 27.018792998781066 ], [ 86.075418748240736, 27.018864724064024 ], [ 86.073525310219253, 27.018777887854156 ], [ 86.070714550023538, 27.018917203917376 ], [ 86.070480455257751, 27.018936010871325 ], [ 86.069905467260355, 27.018970560780126 ], [ 86.066584400064798, 27.019050123683858 ], [ 86.065648524161361, 27.018969427816536 ], [ 86.061649052580151, 27.018717196368186 ], [ 86.058669570893002, 27.018546162144602 ], [ 86.056542417094207, 27.018283712642649 ], [ 86.055265147659995, 27.018236820636815 ], [ 86.052281592979526, 27.018600301537216 ], [ 86.049063192902324, 27.019018523708599 ], [ 86.04861311971915, 27.019360798448794 ], [ 86.045456205641273, 27.020068183541341 ], [ 86.043244000552107, 27.019802732923942 ], [ 86.038304707936931, 27.019868395356411 ], [ 86.036857145164703, 27.019973549589377 ], [ 86.035152986627935, 27.020289055950592 ], [ 86.034046067486869, 27.020360406316918 ], [ 86.033109124964454, 27.02048712959288 ], [ 86.031362912190431, 27.020669147084448 ], [ 86.030170690982374, 27.020775992899665 ], [ 86.028983105196573, 27.020348136145639 ], [ 86.027537421889988, 27.02022537310555 ], [ 86.026513235637466, 27.020601885322421 ], [ 86.025493121589122, 27.020482004068342 ], [ 86.021609653131563, 27.019347227850105 ], [ 86.015304336291706, 27.020167425978187 ], [ 86.012464488295933, 27.018692259695726 ], [ 86.005244113969496, 27.022050655445224 ], [ 86.000930695246495, 27.021234906453135 ], [ 85.998318684723685, 27.0231703168823 ], [ 85.993288129985586, 27.024413811166465 ], [ 85.992607154852948, 27.024499104868077 ], [ 85.991152829940177, 27.025239952730246 ], [ 85.989822734013359, 27.02621196966421 ], [ 85.988985955464599, 27.026846774614238 ], [ 85.988144357620385, 27.027842422516585 ], [ 85.987173899290767, 27.028952370664111 ], [ 85.98610336724137, 27.031243774985153 ], [ 85.986047477594937, 27.032310617042693 ], [ 85.985760059317585, 27.033204283119922 ], [ 85.984070386642927, 27.034119424145459 ], [ 85.982484070736817, 27.035263234115842 ], [ 85.982572091838165, 27.036714544475021 ], [ 85.982485350045479, 27.03686740449886 ], [ 85.981949224628266, 27.037260610808417 ], [ 85.974868112421362, 27.04523472480917 ], [ 85.971656499840762, 27.049875010556196 ], [ 85.969810408567852, 27.053904685427671 ], [ 85.970620138170418, 27.055817154278156 ], [ 85.969690714784164, 27.061040363444139 ], [ 85.967811431564726, 27.065496249912474 ], [ 85.966134806650615, 27.067047459713439 ], [ 85.96678397580115, 27.069879344366882 ], [ 85.965335395969419, 27.073859967523401 ], [ 85.963214874124986, 27.073230675807775 ], [ 85.961792738566515, 27.076715093376208 ], [ 85.962187630065927, 27.079470668056199 ], [ 85.955603518960359, 27.084245698411408 ], [ 85.9502228551804, 27.083930387561356 ], [ 85.95048348328875, 27.088189826601766 ], [ 85.948078672572933, 27.088223783898918 ], [ 85.944129610362452, 27.092081626553405 ], [ 85.937019928145276, 27.106693525489817 ], [ 85.935898252778287, 27.11020250814386 ], [ 85.938217893053618, 27.118971955803634 ], [ 85.938129041346556, 27.121437360559003 ], [ 85.929970029638255, 27.125355378144128 ], [ 85.921355305241846, 27.127333622887612 ], [ 85.919762857789095, 27.128844275027436 ], [ 85.91391966535474, 27.129848339504775 ], [ 85.912071296198974, 27.1322210983929 ], [ 85.909054806746525, 27.132696318954736 ], [ 85.901215828529573, 27.136003708577356 ], [ 85.900746934949609, 27.136855125257359 ], [ 85.898069774758838, 27.137393720804454 ], [ 85.892542109508071, 27.141147358914569 ], [ 85.891326455673934, 27.141180648423497 ], [ 85.890875261824803, 27.141326003081229 ], [ 85.890611226963188, 27.141664593665421 ], [ 85.889777191172271, 27.142641680660912 ], [ 85.886294019733967, 27.145824653119405 ], [ 85.885214479318236, 27.145554409328948 ], [ 85.882726915687073, 27.14627011728647 ], [ 85.882249801587193, 27.145742968738634 ], [ 85.880162942483722, 27.143079733363113 ], [ 85.87953409597614, 27.142664072416562 ], [ 85.878969366422893, 27.14223091408034 ], [ 85.877010641720545, 27.141330836750605 ], [ 85.875877367038186, 27.140638129602163 ], [ 85.874543816817265, 27.139424902879789 ], [ 85.872853023536237, 27.137112267903557 ], [ 85.871684562158805, 27.136604293777062 ], [ 85.86958649970606, 27.134780171223078 ], [ 85.868301192438409, 27.133601129766344 ], [ 85.867590871547861, 27.132458282057609 ], [ 85.867075826949517, 27.131831454242089 ], [ 85.866131723034471, 27.130745347648805 ], [ 85.861980335516364, 27.127422261928697 ], [ 85.858018679134048, 27.132933519903485 ], [ 85.854814136836296, 27.134146047034452 ], [ 85.853670084100557, 27.137929379738818 ], [ 85.84894034546204, 27.140180664531893 ], [ 85.845540025735886, 27.140937916378011 ], [ 85.841216773356507, 27.144309108386405 ], [ 85.83834495308399, 27.144763708310244 ], [ 85.834582539284014, 27.149373424500784 ], [ 85.839756107184229, 27.15259516082677 ], [ 85.840607115583268, 27.155880507954716 ], [ 85.843486652620612, 27.160032998891953 ], [ 85.835290769455497, 27.16407144281327 ], [ 85.830688434264772, 27.167175966295737 ], [ 85.825337110308723, 27.168433079130811 ], [ 85.822585311372976, 27.167087903450188 ], [ 85.8200284644508, 27.163790466963839 ], [ 85.814201596727543, 27.161085861603368 ], [ 85.809251172361812, 27.161630544428434 ], [ 85.805697401534161, 27.164041459345206 ], [ 85.798491902947561, 27.167393480690588 ], [ 85.793204943417919, 27.168762709753963 ], [ 85.788596826141003, 27.173483464552056 ], [ 85.773849598302817, 27.178370663277857 ], [ 85.768422353039398, 27.182390904386317 ], [ 85.763142980597252, 27.182522681160876 ], [ 85.759088656025185, 27.184675298331523 ], [ 85.748794653467172, 27.186675264398946 ], [ 85.7475489075849, 27.188353969712814 ], [ 85.741684621477162, 27.188023965566227 ], [ 85.737771647236102, 27.190481745436607 ], [ 85.733312977352838, 27.190730275377412 ], [ 85.725520040178694, 27.194887653107219 ], [ 85.722283287101931, 27.194420454233764 ], [ 85.72085110646421, 27.19105260539822 ], [ 85.717822686596264, 27.188234119099647 ], [ 85.714551062398215, 27.187800354215636 ], [ 85.705009372574722, 27.184975887084612 ], [ 85.698359285782814, 27.186064931627246 ], [ 85.694891843581885, 27.184099237391329 ], [ 85.693738119719129, 27.181051802148687 ], [ 85.690128972994899, 27.177767035452355 ], [ 85.685990542975162, 27.176455959575158 ], [ 85.685661687713207, 27.174539749660681 ], [ 85.681717748607952, 27.169354334089885 ], [ 85.677533904350327, 27.167191958235243 ], [ 85.67107726658891, 27.166469917267161 ], [ 85.669616007880819, 27.164039797116896 ], [ 85.665593519772273, 27.161761309276095 ], [ 85.662445234286182, 27.156170130316188 ], [ 85.656065593857889, 27.1550803734319 ], [ 85.650525161668142, 27.150625617023344 ], [ 85.64793360263846, 27.14566439111929 ], [ 85.641738237150904, 27.142152727735741 ], [ 85.639905336563331, 27.142949439602177 ], [ 85.638656828531083, 27.142181612605171 ], [ 85.633458465159137, 27.141354976688476 ], [ 85.63233664614306, 27.139692606314231 ], [ 85.631556836329978, 27.138444204677231 ], [ 85.629769341541802, 27.13742957839051 ], [ 85.626585742675573, 27.138255765735803 ], [ 85.624511111501349, 27.139661294559353 ], [ 85.622507103965432, 27.140677171683375 ], [ 85.621477872330047, 27.140270003694361 ], [ 85.621087369953031, 27.139832973727213 ], [ 85.620081897405328, 27.138823672179274 ], [ 85.619680324057143, 27.138876098500781 ], [ 85.617437591516406, 27.140205443879179 ], [ 85.613278361739546, 27.141477450767976 ], [ 85.612007712919251, 27.141631853924014 ], [ 85.611104525068868, 27.141331865958257 ], [ 85.610388630396258, 27.140772029143928 ], [ 85.607667324328489, 27.13957865366265 ], [ 85.603586090876846, 27.140528565500194 ], [ 85.603034200762892, 27.141766133969231 ], [ 85.600371139459327, 27.143539933011546 ], [ 85.599709099683693, 27.143623602337147 ], [ 85.597189757166689, 27.142921623949906 ], [ 85.596488988932592, 27.14219267743831 ], [ 85.594685757105623, 27.140640598785865 ], [ 85.592377800543218, 27.141113644311638 ], [ 85.591307171961077, 27.142059542820579 ], [ 85.590215495068279, 27.14244111619028 ], [ 85.588354979130344, 27.142945853649486 ], [ 85.584176033328859, 27.142673622684693 ], [ 85.582911751862497, 27.143166183390516 ], [ 85.581862504208758, 27.14368124557684 ], [ 85.579077369654655, 27.143693699373767 ], [ 85.575273448343111, 27.139777048751718 ], [ 85.570956318900656, 27.137120652719954 ], [ 85.570026729844429, 27.138288846251463 ], [ 85.570262183921017, 27.13903122151406 ], [ 85.569415448434853, 27.140721369944249 ], [ 85.569497536367209, 27.142021693081592 ], [ 85.565620950457685, 27.143626800050885 ], [ 85.563890165917556, 27.144211407535973 ], [ 85.562720562861287, 27.144540109369547 ], [ 85.561253131956491, 27.14447102928132 ], [ 85.556453113447702, 27.145651096651985 ], [ 85.555432561136499, 27.145593335290069 ], [ 85.554627331348229, 27.146733345826707 ], [ 85.549766927620297, 27.145719857438738 ], [ 85.549343363859876, 27.142347275702544 ], [ 85.547166647618852, 27.142451106286408 ], [ 85.544674866688368, 27.14471286475581 ], [ 85.537541662355295, 27.148609277756591 ], [ 85.534680610334121, 27.148128274352107 ], [ 85.532969188495215, 27.146102489503615 ], [ 85.532352840403178, 27.142585730024699 ], [ 85.528094756090042, 27.140406980178206 ], [ 85.521228461164426, 27.140864953616578 ], [ 85.515962429065596, 27.142663771069614 ], [ 85.51259582257282, 27.141978465264444 ], [ 85.509649242961757, 27.143424851513348 ], [ 85.501036434238372, 27.14355195135369 ], [ 85.495704324389607, 27.146545536453054 ], [ 85.491223636096322, 27.154089980117163 ], [ 85.489520036871255, 27.154613406066236 ], [ 85.492129007424282, 27.160778336716213 ], [ 85.49562531099032, 27.163238486528968 ], [ 85.502682834971282, 27.162558160911082 ], [ 85.503740700081011, 27.165454857563581 ], [ 85.499667800117948, 27.168434401564973 ], [ 85.502156621908554, 27.17035377080283 ], [ 85.50313948871019, 27.173653492830447 ], [ 85.50094273440746, 27.175782205322591 ], [ 85.495184970870397, 27.173679362207309 ], [ 85.494056007427844, 27.169923865931928 ], [ 85.486202275327628, 27.164416979707035 ], [ 85.480205718084605, 27.162935077553691 ], [ 85.474073341647824, 27.16267250217323 ], [ 85.472578304578477, 27.16185348853481 ], [ 85.468719345098862, 27.16329717284664 ], [ 85.467491708764499, 27.165665254692634 ], [ 85.463189192410724, 27.16662166276253 ], [ 85.457214112164067, 27.166146921398266 ], [ 85.452924317517088, 27.168429399096045 ], [ 85.452503853490114, 27.175603315821423 ], [ 85.453382451528171, 27.177417043391422 ], [ 85.44948346526445, 27.180460147066338 ], [ 85.450051816783727, 27.184127017033383 ], [ 85.446616209916726, 27.187032140423501 ], [ 85.445711517782016, 27.186960257272247 ], [ 85.443583474400768, 27.18748755105555 ], [ 85.442457194519761, 27.187011825324387 ], [ 85.439351532538936, 27.187395741164572 ], [ 85.437765305585415, 27.187294662160738 ], [ 85.434215415724324, 27.189483285060984 ], [ 85.433689028215014, 27.190438441485338 ], [ 85.428615924814537, 27.19144901987049 ], [ 85.427319071452942, 27.19263545579626 ], [ 85.422911413169345, 27.192025939271808 ], [ 85.421403067478067, 27.191104997104571 ], [ 85.418280060048602, 27.190134970873498 ], [ 85.415937654379263, 27.191435504844325 ], [ 85.414414691092844, 27.193352747014504 ], [ 85.409279792904243, 27.19700277672667 ], [ 85.406196320854107, 27.197126278702338 ], [ 85.40512253202975, 27.196753482188946 ], [ 85.402691976036834, 27.196782378090884 ], [ 85.401346280519334, 27.196655930259034 ], [ 85.399333733376793, 27.196619651188264 ], [ 85.398141690287488, 27.197233952299666 ], [ 85.39728504406429, 27.197675586684994 ], [ 85.396276190741361, 27.200090605220634 ], [ 85.396127877559366, 27.201096013216425 ], [ 85.3965623587344, 27.202300912781613 ], [ 85.397271561970356, 27.206210263162806 ], [ 85.393950365018057, 27.209756018737025 ], [ 85.393165704777189, 27.210424821513918 ], [ 85.393045037516387, 27.210207213978016 ], [ 85.392601855542239, 27.20972206261813 ], [ 85.390866285891661, 27.208994787102231 ], [ 85.390615434317226, 27.209471115608736 ], [ 85.388101338094188, 27.208940997525971 ], [ 85.387857251260598, 27.208638833049243 ], [ 85.386541255408218, 27.207713331947797 ], [ 85.385163879707704, 27.207431459980075 ], [ 85.383837551655702, 27.207555115177623 ], [ 85.382612578369063, 27.208022928817893 ], [ 85.380024199535754, 27.20960505873617 ], [ 85.378974824847191, 27.210238047966001 ], [ 85.377371072833242, 27.211505971690148 ], [ 85.375984748557158, 27.211835420081204 ], [ 85.373335255046527, 27.21018964934418 ], [ 85.372995864244402, 27.210086965558617 ], [ 85.372400000563601, 27.210313873272479 ], [ 85.371784568626097, 27.210956118637903 ], [ 85.37052809623961, 27.21158660477418 ], [ 85.36792062297404, 27.21177223392241 ], [ 85.366746641978779, 27.212291293819163 ], [ 85.361600751257058, 27.212544438776337 ], [ 85.36001636650451, 27.210955805057274 ], [ 85.359340639862054, 27.211106655779233 ], [ 85.358467835496114, 27.213310320279888 ], [ 85.356773372905337, 27.213209427131385 ], [ 85.352867938124433, 27.21687716247207 ], [ 85.351023578866759, 27.218841957693702 ], [ 85.34983238137562, 27.220922253069396 ], [ 85.348861985018317, 27.222120505649311 ], [ 85.348386107318134, 27.222260423047246 ], [ 85.347118029321564, 27.222001925794665 ], [ 85.345985557472289, 27.221793988705606 ], [ 85.34509474454336, 27.221425757285317 ], [ 85.344116377224111, 27.22122763429104 ], [ 85.341149777240133, 27.220741630144246 ], [ 85.338825106123195, 27.219590758086593 ], [ 85.336886531392409, 27.220453025145769 ], [ 85.33411848398201, 27.222279755398876 ], [ 85.332815578149194, 27.223016356340807 ], [ 85.330387332813714, 27.223131932175576 ], [ 85.327121489523435, 27.224279652539479 ], [ 85.325628804405255, 27.224605099627514 ], [ 85.323198545580937, 27.225408676565216 ], [ 85.320960875307861, 27.226767644535904 ], [ 85.318624490047753, 27.227026584069897 ], [ 85.315810655295977, 27.227901273537064 ], [ 85.312313624847476, 27.230555605798074 ], [ 85.309873259237435, 27.230517570179863 ], [ 85.307395183874661, 27.231840225051357 ], [ 85.305233749131474, 27.230299203012581 ], [ 85.30403891372211, 27.229931341743313 ], [ 85.298115106492475, 27.231145951218711 ], [ 85.293027427966891, 27.23292571113673 ], [ 85.28788545478595, 27.231044109445385 ], [ 85.280631468396336, 27.231223477655981 ], [ 85.279537223729548, 27.228778928353087 ], [ 85.273806710634389, 27.22964550959745 ], [ 85.269731332915725, 27.228473236722234 ], [ 85.267376436503724, 27.226285894384844 ], [ 85.260823222519008, 27.226987977269118 ], [ 85.25698752885188, 27.230675087059669 ], [ 85.258094312533743, 27.234216226124047 ], [ 85.254272755489509, 27.237228583827505 ], [ 85.251555435269381, 27.243014961471829 ], [ 85.249038886376553, 27.24640799344526 ], [ 85.245566464626762, 27.246603670642816 ], [ 85.242966452662102, 27.248697879737666 ], [ 85.238954357793602, 27.248602574334896 ], [ 85.233213926758452, 27.245433765858479 ], [ 85.231797528773782, 27.243399987399147 ], [ 85.224713794612398, 27.245499374704213 ], [ 85.220357523351083, 27.243985190599002 ], [ 85.217220109885346, 27.244691640111224 ], [ 85.215196084087268, 27.246816418182313 ], [ 85.209176220962391, 27.245223839674399 ], [ 85.206739354643346, 27.248349271823219 ], [ 85.2024540684952, 27.250256470875861 ], [ 85.199745506342495, 27.249318574092602 ], [ 85.197075681385655, 27.245625611485508 ], [ 85.192901866574815, 27.24509496757554 ], [ 85.189770319631009, 27.246193257252788 ], [ 85.182147925605619, 27.247343033538701 ], [ 85.177354385387346, 27.249684685797288 ], [ 85.18095975053636, 27.254590679798557 ], [ 85.17543499614807, 27.25368736029154 ], [ 85.170109974930583, 27.255453430522753 ], [ 85.168300251222718, 27.259836385244402 ], [ 85.16144185963465, 27.262102198998889 ], [ 85.155994763925491, 27.262140546682851 ], [ 85.151794495425193, 27.265757906856919 ], [ 85.151315819208577, 27.268365416262114 ], [ 85.145562869583713, 27.272523328478687 ], [ 85.144227707732767, 27.280090068535173 ], [ 85.144783264444953, 27.282989068227032 ], [ 85.138757612371037, 27.286566902871673 ], [ 85.137459038150794, 27.2894788719729 ], [ 85.132187619643844, 27.292030497795178 ], [ 85.126637339186473, 27.292630293708648 ], [ 85.127120278534719, 27.295627095925695 ], [ 85.125075178962007, 27.301624589756685 ], [ 85.121279799562444, 27.30185813372627 ], [ 85.120603868113051, 27.30603962409312 ], [ 85.119057820118272, 27.309276060162485 ], [ 85.119020223331617, 27.314397726513867 ], [ 85.117788466398537, 27.316627632548624 ], [ 85.116795446683454, 27.317917063979408 ], [ 85.105767189471308, 27.319103470613943 ], [ 85.103918785421214, 27.32024846391376 ], [ 85.103231127680246, 27.323315428664991 ], [ 85.099341379922933, 27.326996537738552 ], [ 85.098872596497429, 27.328644945338038 ], [ 85.094900606651876, 27.332475477210799 ], [ 85.091907688049858, 27.341954394128138 ], [ 85.093026637879447, 27.343344412462351 ], [ 85.093097461061873, 27.348627753266758 ], [ 85.091340034497776, 27.356594324902378 ], [ 85.08806655902309, 27.35821500296764 ], [ 85.087061512613261, 27.360930181500315 ], [ 85.080793177654087, 27.362779229172357 ], [ 85.075333448006049, 27.363398962223634 ], [ 85.074344890574324, 27.363415570083344 ], [ 85.073108290013522, 27.364104176355436 ], [ 85.072174601922853, 27.364041417190993 ], [ 85.070816773612364, 27.364415112237989 ], [ 85.07022623408433, 27.364033824524942 ], [ 85.070113312538794, 27.363980515010006 ], [ 85.069401087875804, 27.364288351175365 ], [ 85.069374779738538, 27.364243417281781 ], [ 85.069883607949393, 27.36321970448698 ], [ 85.068233409157912, 27.362160710674072 ], [ 85.067552215752769, 27.360688144225026 ], [ 85.066041694891751, 27.362330848254363 ], [ 85.065766413152389, 27.362610506360635 ], [ 85.06549376108525, 27.362637374640325 ], [ 85.063619348553473, 27.361241594940505 ], [ 85.06147720933734, 27.360450194400293 ], [ 85.060788911148848, 27.361154807928351 ], [ 85.060292288234322, 27.361201483393 ], [ 85.059516310070464, 27.362109827293185 ], [ 85.060067087644853, 27.363357786774984 ], [ 85.05735267288523, 27.36450870328801 ], [ 85.05605107259376, 27.365617270941861 ], [ 85.054341934138918, 27.365059418856713 ], [ 85.053480365409399, 27.36480192828536 ], [ 85.053267459903992, 27.364605005050219 ], [ 85.052376105247248, 27.363206178700445 ], [ 85.051285494305148, 27.363449077206464 ], [ 85.048739922455582, 27.361945234107793 ], [ 85.045277383342452, 27.361738822854903 ], [ 85.044544924745395, 27.36137203161983 ], [ 85.042455499150634, 27.358912656304341 ], [ 85.039984441550217, 27.359346265936097 ], [ 85.035617992818842, 27.357442929879067 ], [ 85.031168267668534, 27.360582578477505 ], [ 85.029300226023338, 27.359350971762225 ], [ 85.024562738865754, 27.358704454862831 ], [ 85.02150460968555, 27.357197166566699 ], [ 85.022102660404542, 27.353806292130795 ], [ 85.016004338651371, 27.353873377411237 ], [ 85.013204115251455, 27.355407570863605 ], [ 85.008673413319343, 27.354761307286196 ], [ 85.004456006203085, 27.35291909326531 ], [ 85.000918353996184, 27.355775969169954 ], [ 85.000641015547529, 27.362099773452048 ], [ 84.999224136813368, 27.365421891072423 ], [ 84.994461704822911, 27.365318325283056 ], [ 84.987727852696338, 27.361688606796925 ], [ 84.983412219489011, 27.362459094814756 ], [ 84.98019184989127, 27.361552187840083 ], [ 84.975599683409698, 27.356361268006729 ], [ 84.972339949238048, 27.355188259277735 ], [ 84.968408067695563, 27.356476769509758 ], [ 84.965582274278873, 27.358572099874085 ], [ 84.964900712416551, 27.363098121216328 ], [ 84.961894180529981, 27.36265186390327 ], [ 84.957726168759777, 27.359451835028231 ], [ 84.955304452771145, 27.361257635186615 ], [ 84.95640601280455, 27.363517637540319 ], [ 84.954382411050219, 27.366374224803497 ], [ 84.951790678053726, 27.36701237688392 ], [ 84.949160309736612, 27.362093713711872 ], [ 84.947237761680128, 27.361551794550859 ], [ 84.944652116004164, 27.360890188199111 ], [ 84.944927633058938, 27.361350838757787 ], [ 84.945332697042616, 27.361733935799876 ], [ 84.945522348951911, 27.36226957829086 ], [ 84.942906420366427, 27.363480803675028 ], [ 84.941753456293767, 27.363037325295853 ], [ 84.940982367226596, 27.36320723546028 ], [ 84.940850872961079, 27.363796993055129 ], [ 84.940999096567623, 27.364143464341101 ], [ 84.94088470432456, 27.365784503011565 ], [ 84.934337445602452, 27.365681784382495 ], [ 84.933911821475846, 27.36531687289569 ], [ 84.932566634714661, 27.36477533779626 ], [ 84.932372906883813, 27.364948131771921 ], [ 84.930123567360368, 27.365529419372464 ], [ 84.929547714198065, 27.365106948187318 ], [ 84.928523421377108, 27.364626350171534 ], [ 84.92807416825697, 27.364622530961874 ], [ 84.926835089792348, 27.364217922767814 ], [ 84.926235668620706, 27.364233161994406 ], [ 84.924057888964455, 27.36764319725275 ], [ 84.923346334261481, 27.36884364101288 ], [ 84.921410988666665, 27.37080356000487 ], [ 84.921025475945811, 27.370860236375755 ], [ 84.919612408851009, 27.37104551009763 ], [ 84.919098224933961, 27.371136931336299 ], [ 84.917422795279847, 27.372449787391457 ], [ 84.916972914228225, 27.372599454419472 ], [ 84.916653020876595, 27.372502208115485 ], [ 84.916138584686863, 27.372710868843914 ], [ 84.91485550081083, 27.372877271300528 ], [ 84.914343069998111, 27.372799395240705 ], [ 84.913700648514009, 27.373119481475911 ], [ 84.911125383457971, 27.37528193477003 ], [ 84.910519395027592, 27.375583710717372 ], [ 84.906436335584786, 27.377415232519503 ], [ 84.904604478863263, 27.376073386563998 ], [ 84.90392788647182, 27.37577996475466 ], [ 84.901523727039759, 27.374604282438803 ], [ 84.900819187564011, 27.37498561221518 ], [ 84.900603337398636, 27.375171967128193 ], [ 84.900232065750714, 27.375587299081023 ], [ 84.899623563770362, 27.376595199200832 ], [ 84.898828030086889, 27.377292999183162 ], [ 84.898281391884638, 27.378456198849438 ], [ 84.897824373251481, 27.379293929093102 ], [ 84.897485012660027, 27.380839347742686 ], [ 84.897730465498171, 27.381589096882259 ], [ 84.896701274030562, 27.385521478231961 ], [ 84.895825946281263, 27.385818250404043 ], [ 84.895268701083452, 27.386137650534476 ], [ 84.89462158523969, 27.386838952518605 ], [ 84.89164203542083, 27.387133254428825 ], [ 84.891148281095667, 27.387490589653879 ], [ 84.890495031256378, 27.388690596830262 ], [ 84.890190248537664, 27.389222731844715 ], [ 84.88963538140348, 27.389370709880939 ], [ 84.888425481242521, 27.389240765068962 ], [ 84.887686022962413, 27.388907033401594 ], [ 84.886029431827112, 27.388775394244419 ], [ 84.885139679056635, 27.388535151842269 ], [ 84.884251866548141, 27.388141423232465 ], [ 84.884082827150294, 27.388101861631093 ], [ 84.883447164257475, 27.387941241072905 ], [ 84.882470169981687, 27.387854921006344 ], [ 84.881506911872677, 27.38837992134599 ], [ 84.878060237197502, 27.394985275091827 ], [ 84.878140844373988, 27.395350243628108 ], [ 84.878791434134897, 27.39595082496637 ], [ 84.878616262294926, 27.396330975633848 ], [ 84.877759552948618, 27.39683941662005 ], [ 84.876727797898241, 27.397669513520157 ], [ 84.872815428391391, 27.398242275875656 ], [ 84.872690382303603, 27.398247585941021 ], [ 84.872255996403098, 27.398541365292711 ], [ 84.871813668773385, 27.399103620443771 ], [ 84.871510455192919, 27.399288286634555 ], [ 84.870610460359146, 27.398714074034153 ], [ 84.868951508102867, 27.397894121587679 ], [ 84.868109438954946, 27.397531578414863 ], [ 84.866127700474607, 27.397543921281414 ], [ 84.86392806424891, 27.3969979983057 ], [ 84.863519490772077, 27.397122418252579 ], [ 84.859971686986924, 27.398263385401872 ], [ 84.858278341092046, 27.398623514104909 ], [ 84.858066369553939, 27.398600012895574 ], [ 84.856740541514938, 27.398761602657412 ], [ 84.855693615188784, 27.398869576592894 ], [ 84.855436773111478, 27.39892075548433 ], [ 84.854904593612076, 27.398910498077939 ], [ 84.853971031359151, 27.398812429767844 ], [ 84.853042972146298, 27.398522566246214 ], [ 84.851742266153437, 27.398665845549125 ], [ 84.851559531011219, 27.399138487800418 ], [ 84.851437097750974, 27.399746181382007 ], [ 84.850946005265001, 27.401393963409898 ], [ 84.850442983234402, 27.402716899383734 ], [ 84.850408728405654, 27.403193168629464 ], [ 84.850905590267615, 27.40370231823443 ], [ 84.851367337436386, 27.403922868176029 ], [ 84.851098675822797, 27.404411882610841 ], [ 84.850638664200758, 27.404915517740175 ], [ 84.849311755078006, 27.406031396890501 ], [ 84.848191252048451, 27.407358135354038 ], [ 84.847923715644043, 27.407829026429415 ], [ 84.845411577073364, 27.409507086605561 ], [ 84.844629152654505, 27.410922009939881 ], [ 84.84413138405786, 27.412035027307219 ], [ 84.842955097264635, 27.412274549920873 ], [ 84.842109837695901, 27.412083366351542 ], [ 84.841919301188526, 27.412041679611171 ], [ 84.841114972565805, 27.411908866446527 ], [ 84.840744577445889, 27.412242768199441 ], [ 84.840674894669363, 27.412471059129423 ], [ 84.840758367124977, 27.413312047488464 ], [ 84.841041194153618, 27.413851940976603 ], [ 84.84039869772397, 27.414810157462938 ], [ 84.839970939697096, 27.414914266432827 ], [ 84.839377394865238, 27.414825390123671 ], [ 84.838430839984184, 27.414440722331474 ], [ 84.838178062491735, 27.414358788229304 ], [ 84.837709248892153, 27.414386403420771 ], [ 84.83436626616222, 27.416904062770392 ], [ 84.834126356347099, 27.417108540673446 ], [ 84.833992807048901, 27.417334893276863 ], [ 84.833704524541872, 27.417747351763161 ], [ 84.83198157933812, 27.41700182921582 ], [ 84.831690810274097, 27.416746347592408 ], [ 84.831037025703708, 27.41654041834844 ], [ 84.830191705514309, 27.416254368299636 ], [ 84.829332064218022, 27.416503207536497 ], [ 84.828935233016523, 27.416943224354412 ], [ 84.828387419930436, 27.417476730423957 ], [ 84.827230054614404, 27.41840637892205 ], [ 84.825618244294517, 27.419593684697791 ], [ 84.82288111655842, 27.419054815276528 ], [ 84.822456486449212, 27.418989626990736 ], [ 84.821424054458816, 27.419291271292895 ], [ 84.819756834998998, 27.419407109850663 ], [ 84.816773731604385, 27.419284699234531 ], [ 84.815670444154364, 27.419067826462435 ], [ 84.813259743971955, 27.416836988991772 ], [ 84.81242585301095, 27.416895970678063 ], [ 84.810509311074341, 27.416013707421211 ], [ 84.810126112244689, 27.415986578872914 ], [ 84.810016812362832, 27.416079693811163 ], [ 84.809863190703879, 27.416944738790189 ], [ 84.808956088766408, 27.421882156561267 ], [ 84.808757283138362, 27.422871502172658 ], [ 84.80865938327743, 27.424798890175367 ], [ 84.807686752903052, 27.42525352168736 ], [ 84.807426597276418, 27.425381443644742 ], [ 84.806821734338726, 27.425655597096416 ], [ 84.806713935364883, 27.425692342115532 ], [ 84.805469142326729, 27.426714855912543 ], [ 84.802852449594099, 27.428681576046849 ], [ 84.802158158403614, 27.429087153806492 ], [ 84.801809824359239, 27.429346375102742 ], [ 84.800553414989992, 27.430005671314944 ], [ 84.797512375808537, 27.433378008652326 ], [ 84.79764190766258, 27.434067761261311 ], [ 84.797553839981262, 27.43492562038336 ], [ 84.79700721560225, 27.435391257553693 ], [ 84.796876856402903, 27.435464186472508 ], [ 84.795685751984522, 27.436068926096308 ], [ 84.794583638028243, 27.436560302285468 ], [ 84.793782985985175, 27.4369619412353 ], [ 84.792847111976045, 27.436845437087459 ], [ 84.792066394005957, 27.437287572713792 ], [ 84.78621561304908, 27.436871706255989 ], [ 84.784639788345814, 27.435366691780633 ], [ 84.779564691554739, 27.436268281693494 ], [ 84.774659230633361, 27.438662427770172 ], [ 84.770284241652931, 27.438910087337248 ], [ 84.768628743772723, 27.437211214063634 ], [ 84.757906031360434, 27.437466274118133 ], [ 84.755485572811466, 27.43573082974557 ], [ 84.749125127312283, 27.437592688553408 ], [ 84.743321869455272, 27.442075320711762 ], [ 84.739624201890692, 27.440488530669732 ], [ 84.738128237934774, 27.442369151013363 ], [ 84.734505846874242, 27.442115304961273 ], [ 84.73401106169662, 27.444065059665363 ], [ 84.725752019996733, 27.444516703170446 ], [ 84.725278593703464, 27.443948309359051 ], [ 84.722426369349066, 27.439545410449057 ], [ 84.721436642962985, 27.43863678916933 ], [ 84.720747165659191, 27.435741101004346 ], [ 84.720272925509107, 27.435247137995628 ], [ 84.719156567838979, 27.432315321434725 ], [ 84.719323552864964, 27.431951169229535 ], [ 84.719427045530338, 27.431625762558504 ], [ 84.71331614806256, 27.432548397293871 ], [ 84.709896366911323, 27.431694920840716 ], [ 84.704918936632978, 27.433026536488331 ], [ 84.702628694180845, 27.432144642646023 ], [ 84.690606026574585, 27.432529609066275 ], [ 84.685907288377024, 27.431738419774948 ], [ 84.684018812810621, 27.430470566875481 ], [ 84.677867834179551, 27.429422128223319 ], [ 84.670704725588209, 27.429084485093686 ], [ 84.662971924470995, 27.429667500498351 ], [ 84.662873165588422, 27.430796085092574 ], [ 84.662685241035959, 27.431408464674728 ], [ 84.662348458220279, 27.432172640816205 ], [ 84.662115608380518, 27.432462548669307 ], [ 84.66216047152723, 27.432766959518545 ], [ 84.661735272505453, 27.433037491134321 ], [ 84.660794528515112, 27.432699006978417 ], [ 84.659917651039493, 27.432362461137888 ], [ 84.659574512622441, 27.432172285410545 ], [ 84.658635138581843, 27.432084216283176 ], [ 84.658294057917857, 27.432124207411984 ], [ 84.656825242760718, 27.432609453590246 ], [ 84.652607529492926, 27.430481267011725 ], [ 84.651153355951777, 27.430012036668877 ], [ 84.647663771927725, 27.429141560894305 ], [ 84.646958801077062, 27.429223792605256 ], [ 84.645888832542127, 27.431672306095617 ], [ 84.645454666447947, 27.433526695285554 ], [ 84.643349865253981, 27.43762479454896 ], [ 84.643267804703271, 27.438083189594614 ], [ 84.643293912925969, 27.438768940885389 ], [ 84.643343262112836, 27.439761477470753 ], [ 84.643325315103624, 27.440373047243977 ], [ 84.642991836916693, 27.441520751464171 ], [ 84.642995823017571, 27.442208877196389 ], [ 84.642979061509209, 27.442915188473055 ], [ 84.642087975808252, 27.443742787827347 ], [ 84.641599284099101, 27.444070000867033 ], [ 84.640147478969567, 27.443925491398552 ], [ 84.639851572040385, 27.444366822165861 ], [ 84.638162742017983, 27.443900712932606 ], [ 84.636946587274849, 27.44406199213531 ], [ 84.634940969542683, 27.444477236312398 ], [ 84.634707745949441, 27.444706212130971 ], [ 84.633074495016373, 27.44622536286791 ], [ 84.63271272622687, 27.44643908806918 ], [ 84.631671286911015, 27.447190691927354 ], [ 84.630974545013771, 27.448301581325868 ], [ 84.628910233845275, 27.449423261112788 ], [ 84.628555509228406, 27.450532718422988 ], [ 84.626823553622089, 27.45039157933688 ], [ 84.625752451861203, 27.450055717967054 ], [ 84.625174468325511, 27.449927408066038 ], [ 84.62286215195823, 27.449788884783327 ], [ 84.622032312136398, 27.450413065863838 ], [ 84.621819702589804, 27.451066003896369 ], [ 84.62178181498733, 27.451973234273325 ], [ 84.620391264845807, 27.451155911245401 ], [ 84.619653044615617, 27.451434437307171 ], [ 84.618398519058047, 27.451643086673133 ], [ 84.617548322614752, 27.45145959003143 ], [ 84.614020664957664, 27.45143010069388 ], [ 84.608476682552677, 27.452898383112018 ], [ 84.607946548127785, 27.453778420824943 ], [ 84.607637770682572, 27.454077576667707 ], [ 84.606827248139538, 27.454324791932589 ], [ 84.603336482090697, 27.453189277613482 ], [ 84.601946808546288, 27.452283712563514 ], [ 84.601400777413701, 27.451169241812096 ], [ 84.600977457300971, 27.451227480044643 ], [ 84.600264793014091, 27.451670554220925 ], [ 84.599462318874956, 27.452590021689133 ], [ 84.59927564525448, 27.453148156138635 ], [ 84.598063973263919, 27.454170920505167 ], [ 84.595569357583756, 27.454599031030952 ], [ 84.593939899537219, 27.453886194971439 ], [ 84.58974664598297, 27.453678398972542 ], [ 84.588953868617168, 27.45405404047791 ], [ 84.586812263043313, 27.45477606754449 ], [ 84.583444556003769, 27.456207136965855 ], [ 84.58243630876278, 27.45650015757834 ], [ 84.582330833947054, 27.45592077054026 ], [ 84.582424580246752, 27.455471374886592 ], [ 84.582403973227812, 27.45468400785342 ], [ 84.581899170676863, 27.45439277625325 ], [ 84.58096554783134, 27.45420715354911 ], [ 84.577791778883068, 27.454283535265617 ], [ 84.577215730292806, 27.454274652186722 ], [ 84.575857290735442, 27.453982470020883 ], [ 84.575078927964753, 27.45544313920773 ], [ 84.574134606978987, 27.455880335350574 ], [ 84.573515056500696, 27.456266416093239 ], [ 84.573408686438697, 27.456738434516609 ], [ 84.573512401310765, 27.457843586753089 ], [ 84.568274732742921, 27.460389839617822 ], [ 84.567151993199104, 27.461069011254086 ], [ 84.566791969674512, 27.461517215407255 ], [ 84.565268202030353, 27.463161481585491 ], [ 84.563001010204786, 27.462744234183173 ], [ 84.561653057976557, 27.463036187170648 ], [ 84.557786150211186, 27.458882126160805 ], [ 84.557679423540478, 27.458406479786785 ], [ 84.557820237579747, 27.457363513234462 ], [ 84.558056668246977, 27.456099068066603 ], [ 84.558332712388562, 27.45515934430966 ], [ 84.557835249124466, 27.453433054366222 ], [ 84.55684509683951, 27.451925299689112 ], [ 84.556581044684606, 27.449965659313186 ], [ 84.557188347948554, 27.449518708842863 ], [ 84.557331331433872, 27.449394097246621 ], [ 84.557081403889967, 27.447357651486421 ], [ 84.556584371855152, 27.445951707736377 ], [ 84.556195788050644, 27.443248007320825 ], [ 84.555475112304265, 27.441107376170887 ], [ 84.553051842050834, 27.439345872248428 ], [ 84.551691739659674, 27.437787553915566 ], [ 84.550994862342051, 27.436210997420879 ], [ 84.550846136582607, 27.432739182215599 ], [ 84.549933184442494, 27.43004422292023 ], [ 84.547817465273837, 27.426762922834364 ], [ 84.548047919515128, 27.417838415973556 ], [ 84.547363822789549, 27.417825281643488 ], [ 84.544409650449197, 27.417863920288305 ], [ 84.543434839864858, 27.417971520644485 ], [ 84.541721037053279, 27.419505668941063 ], [ 84.540660186057167, 27.419058567831417 ], [ 84.539526026861708, 27.418891440434429 ], [ 84.538779572916923, 27.418384412041203 ], [ 84.538097864410574, 27.4176695908181 ], [ 84.53728156606148, 27.416054973397092 ], [ 84.532437118159265, 27.414185004593378 ], [ 84.53411555305567, 27.412524804559308 ], [ 84.539262325128817, 27.411715206322679 ], [ 84.539526042124081, 27.411617156682805 ], [ 84.540222273686979, 27.411036844522524 ], [ 84.544962041643402, 27.409994073510319 ], [ 84.545501105495987, 27.409466254219378 ], [ 84.54640422582402, 27.406752886908365 ], [ 84.546380983204713, 27.406529594115753 ], [ 84.546888826767471, 27.404675206040658 ], [ 84.545873539658871, 27.40384207780972 ], [ 84.542029364310153, 27.403658535281522 ], [ 84.540791402488665, 27.403690450910151 ], [ 84.538686676287512, 27.403933209290926 ], [ 84.53745827805318, 27.40384319852604 ], [ 84.535823065094007, 27.40341852409211 ], [ 84.534728866040695, 27.401800465196352 ], [ 84.534553406063381, 27.400927915907886 ], [ 84.53445163483461, 27.399484294062177 ], [ 84.534944542658678, 27.397639029925219 ], [ 84.535870476035939, 27.391491533961293 ], [ 84.539526631273077, 27.387522196647524 ], [ 84.539754250593631, 27.386253251634457 ], [ 84.533489868108433, 27.384237649129378 ], [ 84.532491004778706, 27.384002279958381 ], [ 84.530453581030059, 27.381054263553612 ], [ 84.527317911290197, 27.382201112466426 ], [ 84.522007024628095, 27.3835929060469 ], [ 84.519872922400097, 27.384090453650284 ], [ 84.516247851820211, 27.383449580697445 ], [ 84.511196603026747, 27.382387411272052 ], [ 84.509961546905544, 27.38080122237076 ], [ 84.506393015014496, 27.381010523941235 ], [ 84.506068180368999, 27.381147069201578 ], [ 84.504081692577941, 27.381179098421388 ], [ 84.502552854952825, 27.38000230575523 ], [ 84.502413734460276, 27.377471218527599 ], [ 84.502182025409923, 27.376935075650305 ], [ 84.501068491307663, 27.376618712036599 ], [ 84.500500255248298, 27.376553021745259 ], [ 84.499282162683272, 27.376746985685546 ], [ 84.496970472791929, 27.376525032767368 ], [ 84.495556655768922, 27.376737617045105 ], [ 84.495343559771456, 27.376695492570796 ], [ 84.494520055274947, 27.376093721542855 ], [ 84.49383815964849, 27.375356089887099 ], [ 84.494024450673948, 27.375190732591953 ], [ 84.493671144906287, 27.374018707487163 ], [ 84.492987812789963, 27.373238142166251 ], [ 84.488414445822883, 27.371780828182008 ], [ 84.487705739459415, 27.371135750305115 ], [ 84.487614762522682, 27.370560738074218 ], [ 84.487164539108576, 27.369021244501152 ], [ 84.486519886381643, 27.368396228300668 ], [ 84.486292984855012, 27.368085690231631 ], [ 84.486005531042608, 27.367660224062313 ], [ 84.484538432312192, 27.366634168824827 ], [ 84.48412366651857, 27.363799417148943 ], [ 84.485304059254219, 27.361247914385739 ], [ 84.485661037086757, 27.359940287301082 ], [ 84.485704921633868, 27.35913910993894 ], [ 84.485890782564866, 27.358590162087854 ], [ 84.476428145929631, 27.362557848659325 ], [ 84.472892820654963, 27.35827605434244 ], [ 84.472752688316874, 27.35636316154077 ], [ 84.469622686344692, 27.355243339371732 ], [ 84.465966573677406, 27.357013249597845 ], [ 84.46476018010064, 27.359792544012812 ], [ 84.46139087916896, 27.359620945534186 ], [ 84.457756061258394, 27.362173535768481 ], [ 84.448310538733196, 27.36334134933735 ], [ 84.444998074969121, 27.364757671592916 ], [ 84.444044880377859, 27.368456574692729 ], [ 84.440425387252191, 27.370266294410012 ], [ 84.43584513130817, 27.36959028537726 ], [ 84.43051949232698, 27.371226807191501 ], [ 84.424253493559661, 27.372040263677228 ], [ 84.420353362557947, 27.369928831577045 ], [ 84.415729456129, 27.370892612096259 ], [ 84.410184171689096, 27.368580485552524 ], [ 84.406087928360122, 27.370440381095079 ], [ 84.395522958870814, 27.370066816582955 ], [ 84.391132068778404, 27.36856069775428 ], [ 84.388167393274827, 27.372124957329852 ], [ 84.372852396123562, 27.376692939139019 ], [ 84.371704074171731, 27.375326294582031 ], [ 84.356419819425355, 27.373525099701052 ], [ 84.348073410842062, 27.374241096324909 ], [ 84.338763891404767, 27.377637212416101 ], [ 84.331785999112071, 27.377834464019596 ], [ 84.327963893259735, 27.380438296994964 ], [ 84.324024039889963, 27.380442986945702 ], [ 84.317549613952977, 27.382197543684445 ], [ 84.313787741183418, 27.38527695980299 ], [ 84.310590010890593, 27.386793587519648 ], [ 84.305275571617685, 27.387748421270736 ], [ 84.300572517650608, 27.390482041762837 ], [ 84.298180482491503, 27.389268739759792 ], [ 84.29539824772182, 27.384827409757179 ], [ 84.291348962052652, 27.385327803574938 ], [ 84.287169480281307, 27.390489963543224 ], [ 84.284978240291679, 27.392085224425816 ], [ 84.284257406854294, 27.394929645117955 ], [ 84.282000171599222, 27.396737073403038 ], [ 84.276591724126945, 27.395493353655226 ], [ 84.275555942114877, 27.401124956265782 ], [ 84.277344608848011, 27.402908447778035 ], [ 84.279121296532097, 27.406966296937746 ], [ 84.27760549839229, 27.410207169878603 ], [ 84.278046518727379, 27.415939660605154 ], [ 84.273597317242277, 27.421395289833001 ], [ 84.272343460651996, 27.425887803985333 ], [ 84.272620742231382, 27.428874664288244 ], [ 84.26765021454176, 27.432108610553424 ], [ 84.266220548724732, 27.434363135975776 ], [ 84.261928844942432, 27.435551339174896 ], [ 84.258671027321952, 27.438813308765869 ], [ 84.258782301219512, 27.446658354002501 ], [ 84.255749043944562, 27.448466770330921 ], [ 84.254178181114796, 27.452210596933163 ], [ 84.249370729328447, 27.453609148375374 ], [ 84.245688661298772, 27.453272810581492 ], [ 84.243879685675779, 27.454744838188589 ], [ 84.240078104379094, 27.452648532135221 ], [ 84.234803839624107, 27.454042951960339 ], [ 84.23169895734128, 27.456358634032568 ], [ 84.226632545452674, 27.450872801789966 ], [ 84.224051270735501, 27.450445988824907 ], [ 84.220734085017043, 27.447170608865651 ], [ 84.221095415966559, 27.443665929984146 ], [ 84.21884614983729, 27.440458809959395 ], [ 84.216524561006693, 27.441599547247048 ], [ 84.212552843337193, 27.441292015135005 ], [ 84.208389179776148, 27.442773943965587 ], [ 84.206858013931992, 27.445752340128799 ], [ 84.208330365267145, 27.453202816127881 ], [ 84.207258308630003, 27.45710107378358 ], [ 84.204125542080973, 27.46010888061145 ], [ 84.20875339906901, 27.46496213803184 ], [ 84.206220463106519, 27.469415386102852 ], [ 84.199890065886592, 27.472012619200509 ], [ 84.195617568534061, 27.47208867300785 ], [ 84.194237354712598, 27.473243548149057 ], [ 84.191481667884716, 27.469400353012791 ], [ 84.188737292011055, 27.472165812483368 ], [ 84.184675326635968, 27.472381106954064 ], [ 84.180639454995088, 27.474067394253815 ], [ 84.176539315495347, 27.473844727650437 ], [ 84.171581811939774, 27.475752981103646 ], [ 84.170986699234078, 27.479278154401715 ], [ 84.167841734996415, 27.479615889171377 ], [ 84.166980865644973, 27.482051531668667 ], [ 84.163646898391676, 27.483876317046224 ], [ 84.159466626285436, 27.484623499354782 ], [ 84.157743934916766, 27.483691370001434 ], [ 84.153566479649541, 27.484190137270343 ], [ 84.151489028783104, 27.486252482625723 ], [ 84.148794137809531, 27.486171886913397 ], [ 84.148846451068579, 27.489073438587436 ], [ 84.145619501962884, 27.492499768674467 ], [ 84.14633572846472, 27.495330711660188 ], [ 84.144558552390421, 27.497281946511215 ], [ 84.149868709608185, 27.501290352321067 ], [ 84.149553531050444, 27.50964128195394 ], [ 84.150910712893875, 27.516941268936218 ], [ 84.143376146103051, 27.51715907352143 ], [ 84.138872668001767, 27.517858692735459 ], [ 84.131617787655429, 27.512863409360072 ], [ 84.123849663957174, 27.511119637540066 ], [ 84.117540889184625, 27.513742431274174 ], [ 84.116665524844677, 27.519332101363897 ], [ 84.110926846057396, 27.519487938709236 ], [ 84.108896198861146, 27.521698458807581 ], [ 84.104738332969106, 27.520652490827352 ], [ 84.097656493328884, 27.515594466035282 ], [ 84.099763747641177, 27.510475646934424 ], [ 84.097604221399976, 27.497225809833864 ], [ 84.095646180518898, 27.48996181070304 ], [ 84.090890590275691, 27.488437439508878 ], [ 84.087963913763005, 27.485242121407389 ], [ 84.082166160950308, 27.483097603101875 ], [ 84.077793162289268, 27.483973333731399 ], [ 84.072828384939143, 27.480578003255335 ], [ 84.070636342326551, 27.48169599466403 ], [ 84.068213202312577, 27.476322630593359 ], [ 84.068447974291772, 27.473493076788142 ], [ 84.06680400943641, 27.469924374072047 ], [ 84.062859699920438, 27.467681142477169 ], [ 84.060483437128568, 27.461849570383595 ], [ 84.058539580660238, 27.461284092369048 ], [ 84.061332763376114, 27.455107253506878 ], [ 84.054706998357162, 27.449457914038206 ], [ 84.051773201742364, 27.442696792364302 ], [ 84.043480477922103, 27.443313363204375 ], [ 84.038903720390564, 27.442766406845948 ], [ 84.036756408016785, 27.441284570971142 ], [ 84.031492040972282, 27.441446040538992 ], [ 84.025746364632596, 27.438166500722122 ], [ 84.027241141177711, 27.436167078227886 ], [ 84.026879548460343, 27.433662611140747 ], [ 84.022734358533043, 27.433121848234471 ], [ 84.018641095680366, 27.436116642354897 ], [ 84.015806370776488, 27.434833090933481 ], [ 84.012260705916646, 27.438732436639185 ], [ 84.008952537867188, 27.43776922431897 ], [ 84.007793141113382, 27.440479150232328 ], [ 84.004866309175242, 27.442237010722032 ], [ 83.997930546188016, 27.442015927615454 ], [ 83.996847051296967, 27.446097668420006 ], [ 83.992052344646325, 27.444380377084737 ], [ 83.982713980986986, 27.443199469965712 ], [ 83.978541164456729, 27.439595483088869 ], [ 83.977823017768472, 27.442519583716635 ], [ 83.972481169796509, 27.442220843930304 ], [ 83.969733986790459, 27.444776697668644 ], [ 83.965258859612376, 27.446582968394701 ], [ 83.962257055916368, 27.444012218283781 ], [ 83.950131384649566, 27.442304880155394 ], [ 83.946464203956225, 27.441227298060905 ], [ 83.94318251812426, 27.444396088634399 ], [ 83.944134042630651, 27.44636848728867 ], [ 83.93961697045026, 27.448884693424652 ], [ 83.934131143120084, 27.448512208347026 ], [ 83.935016543603595, 27.450904318130082 ], [ 83.939355888054465, 27.455177496814581 ], [ 83.942931857123057, 27.461555411794819 ], [ 83.9446029303529, 27.46584767423878 ], [ 83.943655474602423, 27.473582024739901 ], [ 83.941363305409126, 27.478872138337746 ], [ 83.940111364418698, 27.484627537809686 ], [ 83.938547938614761, 27.488433233616355 ], [ 83.938754289921647, 27.491587701919102 ], [ 83.941147241378545, 27.493908215410062 ], [ 83.957784160475313, 27.500421499230349 ], [ 83.966530077366642, 27.506265476534736 ], [ 83.968726782684385, 27.50976781798315 ], [ 83.969394637907769, 27.516110505259523 ], [ 83.964883665848774, 27.523259667684513 ], [ 83.956536327206067, 27.527131444009484 ], [ 83.950933395466606, 27.526515853881012 ], [ 83.947661073816249, 27.520163128997361 ], [ 83.941928604436626, 27.515788126502144 ], [ 83.935386202815366, 27.513544669547802 ], [ 83.930107599810896, 27.513097631652656 ], [ 83.925645286087288, 27.51478528810431 ], [ 83.922009269368829, 27.518122682813523 ], [ 83.922125563806105, 27.524966128942591 ], [ 83.920054561402225, 27.52644283986298 ], [ 83.918772857800931, 27.533084720897477 ], [ 83.920002043325937, 27.541185569786059 ], [ 83.92445132510565, 27.544642448457552 ], [ 83.932345137475281, 27.545379811469534 ], [ 83.93941894568141, 27.542138521799181 ], [ 83.947964221970565, 27.540181263010716 ], [ 83.954893049854718, 27.543608743856879 ], [ 83.957757266207963, 27.548451661456181 ], [ 83.969196831348995, 27.550591325822133 ], [ 83.974649562399591, 27.549633555987935 ], [ 83.981409558638106, 27.545270988170717 ], [ 83.986515846380158, 27.543748514215633 ], [ 83.992012933765807, 27.543478183013143 ], [ 83.9979286109604, 27.545452655346509 ], [ 84.00556123397304, 27.544823075993857 ], [ 84.008102661499592, 27.544019686445104 ], [ 84.014364032594273, 27.539881153553164 ], [ 84.019598682360012, 27.538152137774169 ], [ 84.025383745380097, 27.537151689443768 ], [ 84.031175099156641, 27.537265578124742 ], [ 84.036488552786167, 27.538769209228636 ], [ 84.038854267029791, 27.540582643346351 ], [ 84.041787537833102, 27.545349381802303 ], [ 84.043153190378106, 27.55085434265489 ], [ 84.045743909570703, 27.55413421022736 ], [ 84.049757459969484, 27.556341695923464 ], [ 84.052506590675861, 27.556564091971442 ], [ 84.057777233392798, 27.554962315480708 ], [ 84.064427167455221, 27.551398924265452 ], [ 84.067019002934884, 27.551815112996131 ], [ 84.070870822950013, 27.55743591319137 ], [ 84.074662154247719, 27.559568402450324 ], [ 84.083470020155005, 27.557686141918353 ], [ 84.090269485760942, 27.554721636518703 ], [ 84.100685180692722, 27.553906741345052 ], [ 84.107303154914689, 27.551769533603693 ], [ 84.114713578740648, 27.553347564941117 ], [ 84.119400211146981, 27.556407671629874 ], [ 84.119800026796639, 27.560042224554277 ], [ 84.125646947909416, 27.566122388578091 ], [ 84.126195088248053, 27.57136998557716 ], [ 84.12911734614913, 27.57686359605 ], [ 84.135268070447722, 27.584590053497088 ], [ 84.141659327926263, 27.588877450117216 ], [ 84.149776338161246, 27.597404427456457 ], [ 84.159793327196283, 27.603627391573443 ], [ 84.167980859974449, 27.610458773227048 ], [ 84.174618089703117, 27.617751902311699 ], [ 84.184085467808586, 27.623766189720328 ], [ 84.190828669902629, 27.6284794910103 ], [ 84.194979586078475, 27.630186212172031 ], [ 84.20104645159013, 27.634313306247765 ], [ 84.205913789299458, 27.638417071795324 ], [ 84.212176851614359, 27.640688711513434 ], [ 84.21817543669475, 27.643605851459657 ], [ 84.225227357864611, 27.644510564205266 ], [ 84.230598300743054, 27.646148810233345 ], [ 84.234988532422321, 27.649297967429249 ], [ 84.241054552862849, 27.651855203567294 ], [ 84.250761781561664, 27.654186702982603 ], [ 84.256209805663389, 27.651054131249303 ], [ 84.258535551276282, 27.651473941198329 ], [ 84.26149532424931, 27.655852340758841 ], [ 84.270228348132548, 27.662568242051616 ], [ 84.27564742153892, 27.663581920506569 ], [ 84.292371671220934, 27.668366993162547 ], [ 84.297005576254932, 27.670556991027645 ], [ 84.305771370218253, 27.675986759348209 ], [ 84.309658129647048, 27.677904957925609 ], [ 84.320650481435678, 27.684443410248999 ], [ 84.32381692269314, 27.688370916377142 ], [ 84.324066064468624, 27.692264630948443 ], [ 84.326044008864883, 27.694489147736817 ], [ 84.329934202136755, 27.696566957033703 ], [ 84.337364793826353, 27.698976728044439 ], [ 84.343118470072739, 27.70206491215021 ], [ 84.348672898294808, 27.70318595845222 ], [ 84.354678826701942, 27.701198729994875 ], [ 84.360415126020612, 27.698045540239441 ], [ 84.362616818489485, 27.695600794808545 ], [ 84.363920621985486, 27.69034935159555 ], [ 84.369678340554174, 27.684767943911787 ], [ 84.372912384854615, 27.682900162160657 ], [ 84.378115974602949, 27.681322509416212 ], [ 84.380489154235676, 27.681598020939141 ], [ 84.386959656248081, 27.685551075775145 ], [ 84.394500711007666, 27.689121744125561 ], [ 84.408199187800193, 27.696457667179825 ], [ 84.427954736021235, 27.703760061712973 ], [ 84.430666709652854, 27.705888223799086 ], [ 84.431360293918345, 27.709676579881698 ], [ 84.430748556680498, 27.713195940134344 ], [ 84.427439811149966, 27.722695843662709 ], [ 84.425741507262401, 27.730629413363189 ], [ 84.423518077021143, 27.735791662753101 ], [ 84.422234512676994, 27.741431633422081 ], [ 84.427572096281878, 27.742464372380876 ], [ 84.433065578510551, 27.741222131811355 ], [ 84.43861653558001, 27.7440880835019 ], [ 84.441804326409894, 27.749134114289514 ], [ 84.447852115509903, 27.757223476744958 ], [ 84.449858750688634, 27.759060279264553 ], [ 84.457101217029148, 27.759541910134494 ], [ 84.460299144476096, 27.757514267759692 ], [ 84.464750262590002, 27.753205788317143 ], [ 84.468626086240562, 27.751886404926601 ], [ 84.471981972464846, 27.754097319578936 ], [ 84.4705600277467, 27.76092943033261 ], [ 84.467368328974672, 27.767201189278484 ], [ 84.460012231876192, 27.774183944507808 ], [ 84.455355055867358, 27.776462354088366 ], [ 84.448401315732099, 27.778443442551954 ], [ 84.439336581584527, 27.77847711196268 ], [ 84.43412681167456, 27.782929254058203 ], [ 84.431274550758658, 27.786888727072284 ], [ 84.429984272854767, 27.790694488079332 ], [ 84.430970382373346, 27.800778841521051 ], [ 84.430651961856455, 27.8020748444129 ], [ 84.432210616228062, 27.812360438366074 ], [ 84.435340143411068, 27.815274660685979 ], [ 84.438487966033534, 27.815740729706246 ], [ 84.441106146558283, 27.817483175112695 ], [ 84.443757143969108, 27.821971310210131 ], [ 84.445802348709705, 27.823171670790575 ], [ 84.454135045029844, 27.820439421864091 ], [ 84.464927640524209, 27.818936974863856 ], [ 84.466117215046125, 27.819826412861065 ], [ 84.465405225566485, 27.824115576452829 ], [ 84.474341735277918, 27.823629446410209 ], [ 84.480532514933671, 27.821609037593515 ], [ 84.488575023184694, 27.820885915222643 ], [ 84.492794241461226, 27.81942017571501 ], [ 84.495992475754718, 27.820863969809068 ], [ 84.502976508250597, 27.819706120416082 ], [ 84.508033641698162, 27.816896702940003 ], [ 84.512704486304898, 27.815496402080736 ], [ 84.518022192382233, 27.81677386922285 ], [ 84.520501137279155, 27.821901881674233 ], [ 84.52017726960274, 27.826893800333735 ], [ 84.520766288967664, 27.831462458924999 ], [ 84.525035558399864, 27.833415911201648 ], [ 84.532247232778516, 27.83304311961427 ], [ 84.541110798470228, 27.833396663127669 ], [ 84.545687472765067, 27.831763319563802 ], [ 84.549943948321967, 27.832858724338866 ], [ 84.555175757615146, 27.835815851029761 ], [ 84.556748809007928, 27.838460511458102 ], [ 84.558216684757326, 27.847544650528761 ], [ 84.556982727329185, 27.853690825535654 ], [ 84.558787278183786, 27.857965717112915 ], [ 84.567428361092198, 27.858936701653242 ], [ 84.573428014634985, 27.861438756571783 ], [ 84.57699373530393, 27.864253120266319 ], [ 84.576947234358343, 27.870931453093156 ], [ 84.580537188877514, 27.874395383419643 ], [ 84.584402204373077, 27.876089165652335 ], [ 84.589965705430885, 27.879740734901976 ], [ 84.596040591508, 27.876303328313007 ], [ 84.601686095347247, 27.876111871472137 ], [ 84.604021370020092, 27.874982635142093 ], [ 84.604899245012518, 27.872253333186809 ], [ 84.608136265922681, 27.871578069918929 ], [ 84.613076150106437, 27.872695546222687 ], [ 84.614231307148728, 27.875948270191969 ], [ 84.617954487580946, 27.879728674170096 ], [ 84.619877278677336, 27.880534506430305 ], [ 84.624857634599849, 27.879654726544739 ], [ 84.627375660932444, 27.877222485946834 ], [ 84.626778252438754, 27.873461941602823 ], [ 84.628494009682498, 27.871062685421894 ], [ 84.633807846838579, 27.868901776590555 ], [ 84.633732155367355, 27.863311468282376 ], [ 84.635969609616964, 27.86009291930171 ], [ 84.641908888658961, 27.859828536321668 ], [ 84.646315350162467, 27.860626908268355 ], [ 84.649872235851205, 27.858336046130589 ], [ 84.646881259076409, 27.85513516351838 ], [ 84.649132321001105, 27.852701481280601 ], [ 84.654834444127744, 27.852437657077139 ], [ 84.658724704056965, 27.851106088459726 ], [ 84.660715418812046, 27.849014121249866 ], [ 84.663986089349393, 27.840594370891075 ], [ 84.663277584239069, 27.836146449149929 ], [ 84.661097413111179, 27.83101069144362 ], [ 84.661291120009253, 27.828737837315693 ], [ 84.667453226794535, 27.823083632246831 ], [ 84.668033177464864, 27.81854148912139 ], [ 84.671133546270468, 27.817014863143669 ], [ 84.676865058359581, 27.815867806672173 ], [ 84.68505951807019, 27.810342746754241 ], [ 84.693085345588671, 27.809458952578531 ], [ 84.696696636021059, 27.808470598544982 ], [ 84.707133159719191, 27.806784164800508 ], [ 84.707960883755618, 27.802565496193616 ], [ 84.710225056599413, 27.800767006647082 ], [ 84.713826584339444, 27.800486776056616 ], [ 84.719221246503452, 27.803484215279401 ], [ 84.721958179408304, 27.801170904660694 ], [ 84.727276121446138, 27.800037528126825 ], [ 84.729509965273479, 27.796133915635885 ], [ 84.731868348785341, 27.795688305464544 ], [ 84.736748451607454, 27.798818662216579 ], [ 84.738573607613063, 27.803934854135143 ], [ 84.744929442387289, 27.804415098382801 ], [ 84.747575316682585, 27.805655215625119 ], [ 84.750512811227622, 27.805192553672192 ], [ 84.753847968351877, 27.806469428478259 ], [ 84.756258785340052, 27.809012424438645 ], [ 84.756647382317126, 27.8141000338127 ], [ 84.760119989984062, 27.81693945725538 ], [ 84.764643607499664, 27.818561444696272 ], [ 84.769437039974079, 27.815137141948515 ], [ 84.76928358234764, 27.810903271693327 ], [ 84.774845766735652, 27.808539385330761 ], [ 84.779348335667308, 27.812737452504649 ], [ 84.782391657993628, 27.813938579650749 ], [ 84.781935994192452, 27.815777593965269 ], [ 84.777421225525885, 27.818532961456683 ], [ 84.773717916063504, 27.824200828832474 ], [ 84.773116452983899, 27.829474405737415 ], [ 84.775958021150885, 27.83534467061552 ], [ 84.770357930095827, 27.839549764961141 ], [ 84.769932170191439, 27.84287089583794 ], [ 84.767560341510773, 27.843791025283466 ], [ 84.768038931761055, 27.85172975340004 ], [ 84.765350122435365, 27.853786525160945 ], [ 84.765660871846379, 27.858003711668683 ], [ 84.763732960921871, 27.860092242560381 ], [ 84.759344682305567, 27.859392298964142 ], [ 84.756033261644234, 27.861774843946336 ], [ 84.754232866392869, 27.865360616586837 ], [ 84.755092981980241, 27.86949813138126 ], [ 84.752539083629927, 27.875113896164144 ], [ 84.746955880188665, 27.878591618746146 ], [ 84.745919291461902, 27.880532926955887 ], [ 84.748465700031417, 27.883826544549034 ], [ 84.748838284565579, 27.886500246318619 ], [ 84.741502376335546, 27.889980440924006 ], [ 84.736679366507673, 27.891238126093437 ], [ 84.735718888463467, 27.893391103834592 ], [ 84.737626562030584, 27.897047053509411 ], [ 84.734007963717588, 27.904107608126466 ], [ 84.733226125535396, 27.907455293140465 ], [ 84.735099154385537, 27.915443100558907 ], [ 84.734231988864551, 27.916975135838612 ], [ 84.733109175551732, 27.927580159154303 ], [ 84.736433089686599, 27.928548311643592 ], [ 84.734204895033201, 27.931197599339392 ], [ 84.734439309073906, 27.933932980667592 ], [ 84.739548630391937, 27.937052841802984 ], [ 84.73981239953136, 27.943700057277926 ], [ 84.742064866159424, 27.949140850793292 ], [ 84.745568883689245, 27.953101672975261 ], [ 84.746532888060059, 27.955844315141704 ], [ 84.74654522845205, 27.960597760326639 ], [ 84.754501010808511, 27.962377350348028 ], [ 84.758235538569153, 27.96429917316749 ], [ 84.760711275890614, 27.967222947905807 ], [ 84.769150465798489, 27.96729788743772 ], [ 84.774721018383559, 27.971392917854793 ], [ 84.775159675276143, 27.973123143288564 ], [ 84.771461733837214, 27.97598876285749 ], [ 84.777284360036361, 27.977864623049292 ], [ 84.778826830442966, 27.981571624648044 ], [ 84.784066224571831, 27.983299301535197 ], [ 84.784871360710568, 27.986741940341936 ], [ 84.787783801534374, 27.989085149598164 ], [ 84.788068451021104, 27.995292154979662 ], [ 84.790765720701685, 27.998238806209258 ], [ 84.79690646923234, 27.998144724860147 ], [ 84.797416003735734, 28.002369600651761 ], [ 84.803852125338508, 28.000428003734651 ], [ 84.81132914362081, 28.002944707502348 ], [ 84.813283504867158, 28.009331223200856 ], [ 84.810155328434419, 28.013884323841548 ], [ 84.810078935471623, 28.018365229583114 ], [ 84.813107575157773, 28.022462344498628 ], [ 84.812376744049615, 28.025092719772399 ], [ 84.813414246968208, 28.027401214847053 ], [ 84.812616332073617, 28.031523204009495 ], [ 84.809468061972012, 28.034659619916042 ], [ 84.809500677735357, 28.037989381489886 ], [ 84.812130165178516, 28.042957348622405 ], [ 84.818501527771502, 28.048047426862194 ], [ 84.818486027663454, 28.054321483528927 ], [ 84.820647323759061, 28.056375144552298 ], [ 84.820925149421441, 28.063150535439569 ], [ 84.824396490734685, 28.066712268297639 ], [ 84.824999106909601, 28.069359413183776 ], [ 84.828248164059687, 28.076055983572562 ], [ 84.829037405558594, 28.080540652482572 ], [ 84.831511183508908, 28.084512082281105 ], [ 84.831809603582627, 28.089568191545084 ], [ 84.837016936096617, 28.094495265958436 ], [ 84.837846876790564, 28.101203983952811 ], [ 84.837149659690326, 28.104143268995546 ], [ 84.840336387789506, 28.108967382888611 ], [ 84.842458632495706, 28.110716320883839 ], [ 84.842097861195398, 28.114118319348197 ], [ 84.844376942812247, 28.116712183290144 ], [ 84.849597398916814, 28.118538913857133 ], [ 84.85469238741112, 28.122660496993163 ], [ 84.859042236771117, 28.120072738691299 ], [ 84.863020614591449, 28.121577353622612 ], [ 84.869368105689688, 28.120470180719209 ], [ 84.871483444196627, 28.117663843912894 ], [ 84.878267248354419, 28.113690625191662 ], [ 84.880995591953024, 28.112768502500391 ], [ 84.884107369708147, 28.109513409803672 ], [ 84.885381656975937, 28.105512042706454 ], [ 84.889205503990965, 28.103414106589803 ], [ 84.892449455574578, 28.099970720524365 ], [ 84.896978385224827, 28.10454337907013 ], [ 84.900086867329335, 28.106609804320154 ], [ 84.903640485514117, 28.105237360698915 ], [ 84.908988848311651, 28.1046898087085 ], [ 84.912891050606902, 28.103053207129175 ], [ 84.916296416683764, 28.10275078924564 ], [ 84.921279065643589, 28.105871149263656 ], [ 84.921582161909711, 28.108362053552266 ], [ 84.920767738720386, 28.116008472915905 ], [ 84.92881695766323, 28.126320293390478 ], [ 84.931498681069229, 28.125471850916867 ], [ 84.935439008628933, 28.126627184711101 ], [ 84.940931250058057, 28.124969798294813 ], [ 84.942476531210247, 28.122576914921233 ], [ 84.948420193536734, 28.124902425059645 ], [ 84.951830941793361, 28.124215542242975 ], [ 84.957163858776667, 28.127223918251016 ], [ 84.95691723013303, 28.132044352667801 ], [ 84.958483798701408, 28.133783970364007 ], [ 84.957023132418016, 28.139163334526479 ], [ 84.954199668770599, 28.143496396449258 ], [ 84.957923146620374, 28.147862685959119 ], [ 84.957166214370872, 28.149462966261968 ], [ 84.957244516418655, 28.155548916118128 ], [ 84.960924999072049, 28.15995376391362 ], [ 84.960591563461293, 28.162018071477885 ], [ 84.961909807948018, 28.168959338763194 ], [ 84.965377624294888, 28.173701715010807 ], [ 84.964076157219097, 28.177473664632874 ], [ 84.967976102902995, 28.18528102003825 ], [ 84.973352621218709, 28.189127633315309 ], [ 84.973498249118947, 28.191080208682834 ], [ 84.971132380186091, 28.193921412869866 ], [ 84.970629964946809, 28.199115808856096 ], [ 84.967531068690406, 28.201948626909651 ], [ 84.966924391852928, 28.205345809094279 ], [ 84.962081008465148, 28.212747809593392 ], [ 84.964732873021276, 28.217364996304045 ], [ 84.96725369146904, 28.219000763758068 ], [ 84.969148184428263, 28.222274247563334 ], [ 84.977061977403324, 28.226722972257384 ], [ 84.98255977272872, 28.234509292672033 ], [ 84.984443439464727, 28.23548610960826 ], [ 84.989602475161419, 28.242886522039029 ], [ 84.991604421202013, 28.244706076968601 ], [ 84.994115102467291, 28.243968184624663 ], [ 84.997781437080363, 28.240471936210149 ], [ 84.999129987395335, 28.244473095195794 ], [ 85.002690689081192, 28.248078950931482 ], [ 85.000776167427347, 28.252370155614809 ], [ 85.005906417624729, 28.255619319181896 ], [ 85.009703533800078, 28.255796614772283 ], [ 85.017234793976286, 28.258229016502273 ], [ 85.021403071228974, 28.260313895142048 ], [ 85.026942121797859, 28.261522250603338 ], [ 85.031236564272461, 28.272902288145779 ], [ 85.031825353811271, 28.27926390807955 ], [ 85.034868137966853, 28.285207605843205 ], [ 85.035091125539438, 28.287385099399604 ], [ 85.037992958258798, 28.291890550346327 ], [ 85.037082379454517, 28.295495583380021 ], [ 85.032727819359167, 28.302205965964106 ], [ 85.033245341083671, 28.303860074272297 ], [ 85.040095542720977, 28.310431277002341 ], [ 85.042652161676088, 28.315392680860935 ], [ 85.042135368777835, 28.317754020594105 ], [ 85.046657472881904, 28.325867482854278 ], [ 85.052993105733051, 28.327014357140662 ], [ 85.06605583446499, 28.337567174990802 ], [ 85.067370748586143, 28.339284915534385 ], [ 85.080549294179249, 28.345883219491913 ], [ 85.088368243298163, 28.346371490615446 ], [ 85.091146651440383, 28.345036344804114 ], [ 85.09515524908754, 28.344742562102926 ], [ 85.103119047016747, 28.3455649303828 ], [ 85.107955381635662, 28.346603977806012 ], [ 85.108442091839976, 28.345411219052647 ], [ 85.113801957622471, 28.341636462024983 ], [ 85.120773152852081, 28.335770608679884 ], [ 85.124144945386945, 28.336191813238315 ], [ 85.128652806145226, 28.338074278831144 ], [ 85.132350295912659, 28.335963781014101 ], [ 85.133757469374757, 28.333664700231903 ], [ 85.140821971313486, 28.330476917908815 ], [ 85.142936984502967, 28.331332312505836 ], [ 85.154751292445482, 28.33111096407141 ], [ 85.158027838360695, 28.331978751660753 ], [ 85.166828612535724, 28.331626303258467 ], [ 85.170195221966949, 28.328899605967667 ], [ 85.18224946051339, 28.324525450972921 ], [ 85.185547263801794, 28.327885012985771 ], [ 85.193595768890773, 28.333208412565053 ], [ 85.195547057228353, 28.336874987086741 ], [ 85.200261417214293, 28.340460926933314 ], [ 85.204049859595528, 28.340044027171313 ], [ 85.210251926488198, 28.33627840846264 ], [ 85.215396518961384, 28.332043689862413 ], [ 85.218912389354429, 28.330834794968002 ], [ 85.225606536089757, 28.326114458439239 ], [ 85.228623406407237, 28.325094788163025 ], [ 85.231307729351343, 28.322490006141571 ], [ 85.236365398228827, 28.321120088796498 ], [ 85.241456103261712, 28.31782784630445 ], [ 85.244114639880294, 28.314147036392118 ], [ 85.246007379459058, 28.308632505053438 ], [ 85.247109971398856, 28.303244699143221 ], [ 85.252583020356354, 28.299021422257326 ], [ 85.254777512018251, 28.294471683328343 ], [ 85.25893269756429, 28.295049324559457 ], [ 85.266388454415306, 28.298118107050158 ], [ 85.270473676567335, 28.297401114508109 ], [ 85.273326047279852, 28.294446616872587 ], [ 85.272910492833887, 28.287791463065432 ], [ 85.286941624018283, 28.28799155178498 ], [ 85.292933899296386, 28.287562752208778 ], [ 85.294921217571314, 28.289583164524096 ], [ 85.298737121961111, 28.290816865870333 ], [ 85.303150866912688, 28.289919895163646 ], [ 85.3059263419416, 28.291395744887232 ], [ 85.311245435637233, 28.291965093857335 ], [ 85.322902113007601, 28.296046042215689 ], [ 85.325386529719168, 28.299150614625329 ], [ 85.331585495579787, 28.3002362440341 ], [ 85.339810886876577, 28.303934107947576 ], [ 85.342413254284097, 28.302722010934595 ], [ 85.348196944724279, 28.30171307331652 ], [ 85.348181879322468, 28.293094166293681 ], [ 85.347147864565883, 28.291423862927662 ], [ 85.348264215619082, 28.288502958506218 ], [ 85.35266554369629, 28.286720255492742 ], [ 85.355675076172048, 28.286967908008659 ], [ 85.359992150561212, 28.285889577325158 ], [ 85.368095944398789, 28.286113191635959 ], [ 85.370829905768886, 28.28554666334972 ], [ 85.375561773082239, 28.2827967409712 ], [ 85.377455421624845, 28.278667708801159 ], [ 85.386521838683905, 28.284740809596926 ], [ 85.387479174261557, 28.286497353964485 ], [ 85.39196128575054, 28.28853374411317 ], [ 85.396754904505542, 28.294164626485813 ], [ 85.397712439357576, 28.298305267464791 ], [ 85.400518663241783, 28.299641193198205 ], [ 85.40879293612366, 28.305666722821815 ], [ 85.412372953789529, 28.308925299865656 ], [ 85.414119007470816, 28.316062182596141 ], [ 85.413107863602093, 28.323257014055287 ], [ 85.415387228195257, 28.327135700717804 ], [ 85.418399259167273, 28.327435973753218 ], [ 85.424607125642098, 28.330197639659488 ], [ 85.430233876501475, 28.330276413935302 ], [ 85.434845691683392, 28.3336610593452 ], [ 85.440151013803771, 28.335330746710724 ], [ 85.45240157298241, 28.33537907205605 ], [ 85.458003418650449, 28.337029078770776 ], [ 85.465342969028754, 28.335847433562961 ], [ 85.46847408010477, 28.334586662636102 ], [ 85.478690445507326, 28.332960543393199 ], [ 85.483572041866552, 28.33320979005935 ], [ 85.486770783199603, 28.331287017745716 ], [ 85.490775315463893, 28.331213966438224 ], [ 85.500221702963401, 28.33334224452328 ], [ 85.50652797615966, 28.334013664459373 ], [ 85.51170020837472, 28.331958937243801 ], [ 85.518430774588509, 28.33091339481712 ], [ 85.526052130072102, 28.328352379571026 ], [ 85.535307011394039, 28.323221186927533 ], [ 85.538819676042962, 28.320028722371354 ], [ 85.543195927065071, 28.319121377991991 ], [ 85.547272215021493, 28.315436279975653 ], [ 85.551688150458446, 28.314429820248272 ], [ 85.562229663798291, 28.309770544029117 ], [ 85.565823424593631, 28.310340677860552 ], [ 85.570439267292542, 28.309511642992685 ], [ 85.575922146354515, 28.310362908199544 ], [ 85.578455709850218, 28.309211929961759 ], [ 85.58043413408187, 28.306336223420864 ], [ 85.588052828849371, 28.308393478029309 ], [ 85.5930980326021, 28.30847486811296 ], [ 85.600600000562807, 28.304363178907582 ], [ 85.596635703676057, 28.299032906785499 ], [ 85.596886685573892, 28.292509751009959 ], [ 85.598477045428723, 28.289212450990536 ], [ 85.598972943372317, 28.279263171559371 ], [ 85.603621015472783, 28.264655445512904 ], [ 85.606296861388643, 28.261123309842201 ], [ 85.606868050621713, 28.257513208285928 ], [ 85.60868851023028, 28.256882108462683 ], [ 85.619242432926143, 28.262242739068494 ], [ 85.626961241420915, 28.267143238623621 ], [ 85.630491062831723, 28.271117126391271 ], [ 85.636826571561016, 28.275231736255918 ], [ 85.641186179305237, 28.281110778320645 ], [ 85.645111721432599, 28.289802683746807 ], [ 85.648968649434295, 28.292606432864837 ], [ 85.652401863618877, 28.296337466000349 ], [ 85.660724491565873, 28.302972256710252 ], [ 85.66163839263109, 28.304835478681362 ], [ 85.659725941874314, 28.308516051032878 ], [ 85.656007537299843, 28.312469818128911 ], [ 85.653680947083629, 28.316471041934616 ], [ 85.6547192902826, 28.320248342850046 ], [ 85.658085296517768, 28.325327565353525 ], [ 85.661340969784646, 28.326243787545685 ], [ 85.664395945556024, 28.331746091527371 ], [ 85.664401110117339, 28.33566654947392 ], [ 85.665728247047824, 28.338533000128002 ], [ 85.6664822407418, 28.348646035457609 ], [ 85.676200469162907, 28.350703138947825 ], [ 85.681526409403105, 28.3496900708545 ], [ 85.683766975929473, 28.347320635687229 ], [ 85.686193724341734, 28.34695602230552 ], [ 85.683958604051909, 28.377722762979957 ], [ 85.684343006666083, 28.38274094031496 ], [ 85.692615243626676, 28.384589038450287 ], [ 85.695321234674438, 28.385731543489218 ], [ 85.70093032680316, 28.38462342654417 ], [ 85.711481765383624, 28.386284580490301 ], [ 85.71244826746981, 28.383162754440011 ], [ 85.716260517612753, 28.377133114868286 ], [ 85.719643822194399, 28.374094884787699 ], [ 85.724323904466175, 28.373369529981257 ], [ 85.720296581177976, 28.369695543926849 ], [ 85.718904317012687, 28.367343295581854 ], [ 85.720561578802986, 28.362432330535231 ], [ 85.719935288601505, 28.359475962337605 ], [ 85.722682433971087, 28.353266820674644 ], [ 85.725116881628509, 28.352317447910153 ], [ 85.726745225924887, 28.349540039288929 ], [ 85.728165364720951, 28.343106395282941 ], [ 85.732266839680264, 28.339352616934871 ], [ 85.731950071441602, 28.336369881273743 ], [ 85.728814243538125, 28.333205176670656 ], [ 85.727565846618688, 28.330324228468523 ], [ 85.72808945153713, 28.328048568122139 ], [ 85.735897074235709, 28.32363891191298 ], [ 85.737244927756237, 28.319270767204458 ], [ 85.736700266287428, 28.3127555969028 ], [ 85.737654961942852, 28.30942366428792 ], [ 85.736069788745425, 28.306927612982186 ], [ 85.736022161746376, 28.298659859412506 ], [ 85.73290747628198, 28.294548053150187 ], [ 85.733185016621761, 28.290986504711352 ], [ 85.738222421535497, 28.284741841953082 ], [ 85.739441384021461, 28.276124766182104 ], [ 85.742660412507632, 28.272421155376954 ], [ 85.743105663462941, 28.269650600708779 ], [ 85.742378624400303, 28.2643563791034 ], [ 85.743030636550344, 28.256911562589554 ], [ 85.748393219717386, 28.249106170932276 ], [ 85.748311108642994, 28.240294277736794 ], [ 85.749564005192795, 28.237400310273703 ], [ 85.753742056299572, 28.235448869795871 ], [ 85.757021012309565, 28.22895269935341 ], [ 85.758703623847225, 28.227937069566117 ], [ 85.763956627814238, 28.227364335350419 ], [ 85.767856712635549, 28.222671387601789 ], [ 85.772168264237692, 28.219885899647895 ], [ 85.775555830372141, 28.21630921741431 ], [ 85.774647308629952, 28.211318027423754 ], [ 85.776377075652633, 28.208606176477907 ], [ 85.781899970065552, 28.208565273867276 ], [ 85.784325464956254, 28.205507653414092 ], [ 85.790965122626503, 28.203797920359492 ], [ 85.794570093082527, 28.200430222883138 ], [ 85.79919315367394, 28.198221813098051 ], [ 85.800013084088079, 28.196419802076672 ], [ 85.804313663100714, 28.198223774875814 ], [ 85.807300701196795, 28.198403246923082 ], [ 85.81266357344964, 28.203259274994025 ], [ 85.816614627141064, 28.202596464439583 ], [ 85.816557451953813, 28.199491931009252 ], [ 85.818062122626316, 28.193955518456399 ], [ 85.821789899761825, 28.190114490737578 ], [ 85.829801830595713, 28.184735362029517 ], [ 85.833885098536811, 28.184921352187281 ], [ 85.843280324866981, 28.183421959696226 ], [ 85.848519115119345, 28.184174480990126 ], [ 85.849349203960116, 28.175006946646914 ], [ 85.851306676650537, 28.167195496627468 ], [ 85.853816421764137, 28.163629735736112 ], [ 85.856425557500941, 28.161621273655996 ], [ 85.859334553773692, 28.16133422402633 ], [ 85.859729338510945, 28.154434540074686 ], [ 85.863108043008992, 28.150323155563356 ], [ 85.870263735517483, 28.14677972162562 ], [ 85.872355604412661, 28.14294166554156 ], [ 85.869311858106897, 28.135390981521752 ], [ 85.870423611346595, 28.131335053321433 ], [ 85.869418665804432, 28.129185917328087 ], [ 85.870128814058504, 28.123770917180074 ], [ 85.872394378130494, 28.121402856507633 ], [ 85.877556709241873, 28.117871887336182 ], [ 85.879896101417941, 28.117221048248492 ], [ 85.88615989429131, 28.117391639466888 ], [ 85.888867052781833, 28.116628566761332 ], [ 85.89001308258463, 28.114025508180646 ], [ 85.894335984915401, 28.112339171117767 ], [ 85.89805062682511, 28.10907765303558 ], [ 85.899749080558593, 28.103729101014657 ], [ 85.899069918408244, 28.098045601132288 ], [ 85.903089285546031, 28.08829392236531 ], [ 85.900779783149062, 28.0851848504096 ], [ 85.90098251550414, 28.078982724572427 ], [ 85.896532819896791, 28.07476684081211 ], [ 85.89628051204707, 28.070311674958987 ], [ 85.897121424678772, 28.0663186735786 ], [ 85.90078191673615, 28.061648968497849 ], [ 85.900009731518153, 28.057588883175949 ], [ 85.901370078551309, 28.053453465860429 ], [ 85.909338462857477, 28.050563986273808 ], [ 85.914902690636367, 28.049378562536237 ], [ 85.923746496755612, 28.038978460899461 ], [ 85.928339611749919, 28.031603639746411 ], [ 85.931290633467484, 28.029909842259165 ], [ 85.935837281890485, 28.02416768591835 ], [ 85.938066662755105, 28.024728610921152 ], [ 85.945674622176668, 28.020591112383947 ], [ 85.950240606812031, 28.016531555046992 ], [ 85.956338077393454, 28.012440589088289 ], [ 85.958069472539378, 28.009604435984986 ], [ 85.960955453215504, 28.007322940180885 ], [ 85.964426418943503, 28.002160463238329 ], [ 85.967071294344322, 28.000441037795415 ], [ 85.973967616402803, 28.001239333540212 ], [ 85.97714042030384, 27.996714981635002 ], [ 85.977090238755579, 27.993856300129622 ], [ 85.978642213570382, 27.991325303968878 ], [ 85.978302520071182, 27.987896043769428 ], [ 85.975707748483188, 27.984504116793602 ], [ 85.971397328901574, 27.981087975284286 ], [ 85.968871677015002, 27.977515940674408 ], [ 85.965593857525477, 27.97472551055526 ], [ 85.959771593015859, 27.967575303785303 ], [ 85.957989901546298, 27.961278964022046 ], [ 85.958488197418774, 27.958999677205249 ], [ 85.955845320228704, 27.954991117292799 ], [ 85.95169875843753, 27.945554456786187 ], [ 85.948278159898791, 27.942074461186678 ], [ 85.95224869535113, 27.939309589381839 ], [ 85.954297989411089, 27.939214570219345 ], [ 85.96105187701707, 27.934965878915946 ], [ 85.967595065488908, 27.932551581843462 ], [ 85.972847521389085, 27.928534656707743 ], [ 85.974454610537691, 27.926157522402345 ], [ 85.977504169055848, 27.925070234334321 ], [ 85.982515966441298, 27.921186418127281 ], [ 85.992159055412273, 27.916023420460018 ], [ 85.997656298842784, 27.91457683128295 ], [ 85.999308323933377, 27.912001215501409 ], [ 86.00301072466587, 27.911344462425575 ], [ 86.007723241579811, 27.91361196417505 ], [ 86.010331468264397, 27.913229167922132 ], [ 86.013761224979206, 27.915121681514282 ], [ 86.021270501571038, 27.908535837772547 ], [ 86.023194642149548, 27.907638076085334 ], [ 86.028094240272154, 27.907898386202884 ], [ 86.033531945714159, 27.905691801804217 ], [ 86.039649234647882, 27.904153044097541 ], [ 86.043628224691375, 27.906360101473954 ], [ 86.047845918301562, 27.906366735309479 ], [ 86.050461996274834, 27.904146854038231 ], [ 86.05565143682314, 27.904150942204659 ], [ 86.064821447686313, 27.8997533055866 ], [ 86.065488189533824, 27.901844629423195 ], [ 86.069342150280988, 27.906168432465112 ], [ 86.066083860276066, 27.910543421950024 ], [ 86.067420667237641, 27.911317250374385 ], [ 86.073959503410165, 27.910810907476908 ], [ 86.077172406775119, 27.913025326270574 ], [ 86.087282552444208, 27.916885027933475 ], [ 86.090450440974905, 27.920055422769025 ], [ 86.101219520402765, 27.922959659065455 ], [ 86.104034607866794, 27.924864036459546 ], [ 86.108964218452385, 27.924374914735623 ], [ 86.118005899998082, 27.927309493940594 ], [ 86.12398272966918, 27.927643191447466 ], [ 86.124471702068462, 27.931698148674261 ], [ 86.12627017117606, 27.933710686515528 ], [ 86.125741671875645, 27.936883830360099 ], [ 86.123664968042831, 27.941606058692997 ], [ 86.115387787266414, 27.94550800425894 ], [ 86.113178300931366, 27.949658344052292 ], [ 86.10714133705207, 27.955873057984476 ], [ 86.109135901446706, 27.958058521083412 ], [ 86.108744670006743, 27.965324862353874 ], [ 86.106798119976872, 27.967936032151769 ], [ 86.10549835538572, 27.976486929944894 ], [ 86.103585814456892, 27.984217078294943 ], [ 86.099358494115904, 27.992972157329405 ], [ 86.096407255987359, 27.995959963458045 ], [ 86.095821706878425, 27.998893502525174 ], [ 86.093595408770966, 28.000243405630027 ], [ 86.091480205469736, 28.005177176323976 ], [ 86.089010574451208, 28.006069991289046 ], [ 86.085657838000159, 28.011417016095525 ], [ 86.081587552120538, 28.014773894798179 ], [ 86.079389407941761, 28.020367604672586 ], [ 86.07953785107901, 28.022078641024034 ], [ 86.086409275006034, 28.026968132201041 ], [ 86.090473290241832, 28.033196829923529 ], [ 86.087720015450472, 28.03953590065364 ], [ 86.089046572803866, 28.04320396886903 ], [ 86.088902130997795, 28.047139675261107 ], [ 86.08751095383046, 28.049354827324663 ], [ 86.089622619873907, 28.057607746974739 ], [ 86.09485458602019, 28.061867766546239 ], [ 86.091556733024788, 28.069349412444961 ], [ 86.087637526320819, 28.073891749289665 ], [ 86.084743673817144, 28.081770678770951 ], [ 86.085116842231443, 28.083248552322754 ], [ 86.083058873755377, 28.091381160751666 ], [ 86.089008836450361, 28.094303937776694 ], [ 86.092133346699015, 28.097825924846859 ], [ 86.09893635386959, 28.096422418116202 ], [ 86.104910140682463, 28.092960269722806 ], [ 86.108029402199364, 28.093600953328885 ], [ 86.110346451346317, 28.091653293324676 ], [ 86.113852853248829, 28.09211143752583 ], [ 86.117851715756714, 28.09139944541425 ], [ 86.124143361433781, 28.095322326179545 ], [ 86.127693235521974, 28.099638124392307 ], [ 86.130506469319712, 28.100535779702302 ], [ 86.132958366918444, 28.110385123987619 ], [ 86.132358746430256, 28.116634926690626 ], [ 86.13693191500262, 28.118452779655584 ], [ 86.140004966418445, 28.117551663729262 ], [ 86.141897403180138, 28.120433124808603 ], [ 86.141445133176816, 28.124062415648549 ], [ 86.143431174390614, 28.127314470006088 ], [ 86.152345052509801, 28.130476402173116 ], [ 86.160275089223234, 28.138015048831328 ], [ 86.166147561344616, 28.138116328800983 ], [ 86.177315544631739, 28.142844659374195 ], [ 86.178908907061739, 28.145209474297722 ], [ 86.17880675591509, 28.149842680850007 ], [ 86.17562553895678, 28.156063628735279 ], [ 86.176602336660665, 28.159385784333363 ], [ 86.176229127951387, 28.162582490318439 ], [ 86.173813857914439, 28.16662196009711 ], [ 86.174055961984649, 28.168953817012582 ], [ 86.17883659258662, 28.17123406971151 ], [ 86.182300559801021, 28.171807515662767 ], [ 86.186726360321572, 28.174175566858079 ], [ 86.189385223521498, 28.172955035266995 ], [ 86.189004543068293, 28.169252986693966 ], [ 86.192078198812979, 28.166455666619367 ], [ 86.192116264721179, 28.160412148371389 ], [ 86.197307981147986, 28.156350353701626 ], [ 86.197533651019128, 28.152967599332207 ], [ 86.195563135031946, 28.151324962889607 ], [ 86.196940511316797, 28.145855541102666 ], [ 86.197190145593694, 28.138274602075558 ], [ 86.201179526008417, 28.133979932335457 ], [ 86.204970036289637, 28.133489854596089 ], [ 86.20761029039565, 28.128832944004451 ], [ 86.210170619413603, 28.126925597342062 ], [ 86.212206924051301, 28.12359393211436 ], [ 86.213511044052979, 28.118848068779773 ], [ 86.218224446975171, 28.114872820257325 ], [ 86.219843741609637, 28.111658199716633 ], [ 86.218489729174934, 28.108990665954575 ], [ 86.221978409459851, 28.09976986744957 ], [ 86.222519238723891, 28.095770736121789 ], [ 86.22020717991505, 28.095270366009601 ], [ 86.209741998617318, 28.095275871726283 ], [ 86.207419955899923, 28.094105124205754 ], [ 86.207771004887135, 28.089775644265686 ], [ 86.204420986973304, 28.085122379325739 ], [ 86.204254167621116, 28.083594076236768 ], [ 86.206310678776703, 28.076431880210645 ], [ 86.20962764283577, 28.072372177259769 ], [ 86.210240579611408, 28.068727765192353 ], [ 86.209663540968762, 28.06542155214386 ], [ 86.213364771506022, 28.055464385348067 ], [ 86.216390937560561, 28.052492454554251 ], [ 86.216895438627887, 28.049415864518895 ], [ 86.21538214340417, 28.046339052088371 ], [ 86.217323801312673, 28.044561057799683 ], [ 86.217399863893448, 28.041256418292221 ], [ 86.219151663754531, 28.037002517963522 ], [ 86.224297358731931, 28.034213857283991 ], [ 86.225409009643869, 28.029204951097103 ], [ 86.221205751746311, 28.023505014989286 ], [ 86.221041299215784, 28.016636628544362 ], [ 86.219990374073504, 28.01099736642913 ], [ 86.222430702548522, 28.004146085848308 ], [ 86.222238815946625, 27.997279761069066 ], [ 86.222873457744498, 27.992696870666872 ], [ 86.225219766526877, 27.987306894693326 ], [ 86.226760827792134, 27.980944429489391 ], [ 86.231266052736004, 27.977799914321761 ], [ 86.233024833011996, 27.974394062640012 ], [ 86.237398222709757, 27.973082818272616 ], [ 86.243703177276018, 27.974304317679838 ], [ 86.253809389803394, 27.977962414370111 ], [ 86.264168304037256, 27.97945533470449 ], [ 86.266409299077196, 27.980459970904587 ], [ 86.271397527677692, 27.979954040114347 ], [ 86.27505244895319, 27.978678405269392 ], [ 86.278098545176178, 27.978782386193707 ], [ 86.281066627773384, 27.977130710680726 ], [ 86.286289182999539, 27.97742408734511 ], [ 86.288780270817782, 27.978395855885502 ], [ 86.296566987690767, 27.973025784736144 ], [ 86.299861244793505, 27.967172304014237 ], [ 86.299620220123956, 27.961210521675678 ], [ 86.302389147468162, 27.959291116679047 ], [ 86.304051072289298, 27.955592726916784 ], [ 86.30790418214724, 27.955932575741954 ], [ 86.310032725177777, 27.95259072459752 ], [ 86.313297171620803, 27.949678604620804 ], [ 86.3187711150144, 27.947880610619919 ], [ 86.335334179100258, 27.965094355639803 ], [ 86.335494832130337, 27.960023437808562 ], [ 86.339469512804172, 27.953585646120022 ], [ 86.337626908826778, 27.949461671094195 ], [ 86.341109637981702, 27.946604112542012 ], [ 86.342095256048069, 27.943860937882675 ], [ 86.348364255424841, 27.93761198144113 ], [ 86.354567245664427, 27.940691438346338 ], [ 86.357569147640049, 27.941380053816317 ], [ 86.363595370576448, 27.940627475926711 ], [ 86.370054448995049, 27.941011366312235 ], [ 86.381316972646246, 27.937870030967677 ], [ 86.383571118272229, 27.93481184401822 ], [ 86.387272508769797, 27.931848048776725 ], [ 86.390870854000553, 27.925885270224033 ], [ 86.393007572080094, 27.92591274243636 ], [ 86.398324745847162, 27.923134021207069 ], [ 86.400267615389822, 27.920286247435783 ], [ 86.40540945495222, 27.91670771973051 ], [ 86.406329608877726, 27.912738653487018 ], [ 86.408939008591091, 27.910213987351046 ], [ 86.410755787001833, 27.906584906244841 ], [ 86.421344525439892, 27.90909574089881 ], [ 86.42921904141437, 27.909554961972422 ], [ 86.439332439720204, 27.907662995011901 ], [ 86.442456946372644, 27.905724097957524 ], [ 86.443529173685889, 27.908850899390675 ], [ 86.446472579495463, 27.912553869395879 ], [ 86.450958007818087, 27.914539145003076 ], [ 86.455865402522917, 27.915533266683251 ], [ 86.456676844555332, 27.918977035206577 ], [ 86.459445906111284, 27.922322534188332 ], [ 86.466546845713211, 27.92800858689159 ], [ 86.469881986680434, 27.930045212912308 ], [ 86.470091051975558, 27.934319146596692 ], [ 86.466441751909414, 27.941330642811518 ], [ 86.469383944176215, 27.946201695756251 ], [ 86.473738514861054, 27.948169970720777 ], [ 86.481529494650374, 27.947933315676771 ], [ 86.486246480603398, 27.951569822735362 ], [ 86.492323657046455, 27.952636958602323 ], [ 86.493871466849711, 27.954842413307674 ], [ 86.497713220821197, 27.957223142502169 ], [ 86.499865949543235, 27.956680478781454 ], [ 86.506346646993023, 27.957225043588569 ], [ 86.51556950910971, 27.956621571758195 ] ] ] } }
]
}
