{
"type": "FeatureCollection",
"name": "lumbini_boundary_wgs84",
"crs": { "type": "name", "properties": { "name": "urn:ogc:def:crs:OGC:1.3:CRS84" } },
"features": [
{ "type": "Feature", "properties": { "Province": 5, "TARGET": "Province5", "Level": 0, "DISTRICT": "लुम्बिनी प्रदेश" }, "geometry": { "type": "Polygon", "coordinates": [ [ [ 82.672626640735373, 28.852259020406539 ], [ 82.673732327614502, 28.852053333268138 ], [ 82.673838515209397, 28.852067958194532 ], [ 82.67458857829206, 28.852170020438688 ], [ 82.67556557742148, 28.852466145680342 ], [ 82.676417578072375, 28.852943707725498 ], [ 82.677228202551916, 28.853454707702301 ], [ 82.678894015907147, 28.854190583345105 ], [ 82.680399265447036, 28.854708395590436 ], [ 82.681937515515557, 28.855837770673755 ], [ 82.683271765578013, 28.856967395210447 ], [ 82.684200265899634, 28.857838145750545 ], [ 82.684780515337863, 28.858816082728211 ], [ 82.686235390652854, 28.860088957943137 ], [ 82.687364515722848, 28.861286583313099 ], [ 82.688504015764892, 28.861658520278109 ], [ 82.689969827489833, 28.862067520373138 ], [ 82.692578265530742, 28.862595895229816 ], [ 82.694412203036606, 28.862974583323229 ], [ 82.69546789033275, 28.863523895892495 ], [ 82.697051140423056, 28.864331020234445 ], [ 82.697599078305615, 28.864622833520897 ], [ 82.698909952712881, 28.862839832722486 ], [ 82.700339265674316, 28.862147583096352 ], [ 82.701073828157234, 28.861674270770845 ], [ 82.70181132758924, 28.860975207837733 ], [ 82.701748953174402, 28.860110645984385 ], [ 82.701863390728761, 28.859694458143377 ], [ 82.702158827847569, 28.859376958427958 ], [ 82.703040327936236, 28.858807957762622 ], [ 82.703666577708304, 28.858236520653325 ], [ 82.704145890074045, 28.857760645809925 ], [ 82.704886827873608, 28.856772957849163 ], [ 82.705369764982478, 28.856008395651973 ], [ 82.705630640113029, 28.85552814549326 ], [ 82.706608203276119, 28.854545021003091 ], [ 82.707776015315872, 28.85436220819243 ], [ 82.708944578228156, 28.854150083501878 ], [ 82.710075827734343, 28.853969145439219 ], [ 82.71139607826548, 28.853244145507905 ], [ 82.71223939042423, 28.852803270201587 ], [ 82.712828640540238, 28.852294583062019 ], [ 82.714041202605628, 28.85143995778159 ], [ 82.71506201592608, 28.851354958422689 ], [ 82.717345515210951, 28.850799208491647 ], [ 82.718514827642579, 28.850490020528284 ], [ 82.719735515031516, 28.850091020933924 ], [ 82.721106265309231, 28.84970477081502 ], [ 82.722110140587318, 28.849513520622896 ], [ 82.723111890000041, 28.849523020218165 ], [ 82.724063890318945, 28.849852333399607 ], [ 82.724974890117608, 28.849820332964864 ], [ 82.725659890737376, 28.849666646016672 ], [ 82.726166327630821, 28.849190958155994 ], [ 82.726220078240218, 28.84851020843038 ], [ 82.726454640376119, 28.847950770714267 ], [ 82.727052328220552, 28.847475895709962 ], [ 82.727929452896518, 28.846482645400293 ], [ 82.728342327845866, 28.84624514535076 ], [ 82.729385265026707, 28.846575271005701 ], [ 82.730471577475498, 28.84710664526823 ], [ 82.731102578036271, 28.847633645687083 ], [ 82.731693890620747, 28.847679832905957 ], [ 82.732809765840273, 28.847649708329612 ], [ 82.733809640669961, 28.84781927064666 ], [ 82.735175390913582, 28.84783208284702 ], [ 82.736631202959046, 28.847926895532723 ], [ 82.737633140776651, 28.847895707865561 ], [ 82.738043015218125, 28.847899520384704 ], [ 82.738735953442102, 28.847064582985894 ], [ 82.739562702851302, 28.846470020870022 ], [ 82.740159328149986, 28.846076333542833 ], [ 82.740251765468386, 28.845955395856997 ], [ 82.741208953035326, 28.845885395713196 ], [ 82.742668577735969, 28.845657645652697 ], [ 82.743304453096513, 28.84578308332004 ], [ 82.743714515934883, 28.845748583081807 ], [ 82.744036015402145, 28.845510208182112 ], [ 82.74449526538929, 28.845194145759386 ], [ 82.745099577826437, 28.844157582893207 ], [ 82.745388640271727, 28.842836208540106 ], [ 82.745641327751741, 28.840754145708715 ], [ 82.746593640861562, 28.839161395764563 ], [ 82.747058078334504, 28.838403208013137 ], [ 82.747747077712688, 28.837888520824119 ], [ 82.748393890300946, 28.837093770683506 ], [ 82.748595765558477, 28.835451020416002 ], [ 82.749154515075517, 28.834414082687065 ], [ 82.749437203373475, 28.833615895648524 ], [ 82.749858765458598, 28.832616020397662 ], [ 82.750000077956514, 28.832445896029292 ], [ 82.751343390737318, 28.83038520809853 ], [ 82.752840077492124, 28.829611770603822 ], [ 82.753441203440445, 28.829094020705615 ], [ 82.755019952833962, 28.827669395472459 ], [ 82.756681453032002, 28.825523645562445 ], [ 82.757296577572362, 28.823826145263865 ], [ 82.758060515361166, 28.822130083230135 ], [ 82.758742890004356, 28.821021958258122 ], [ 82.75979151502419, 28.820377395750167 ], [ 82.760835765575138, 28.820125332811767 ], [ 82.761360703126471, 28.819737645385189 ], [ 82.761596265952534, 28.818690833003693 ], [ 82.762074327807284, 28.816010833283624 ], [ 82.764027515969431, 28.814325583395302 ], [ 82.765523827624236, 28.813554270534656 ], [ 82.766137953013455, 28.811922145594242 ], [ 82.767350703458106, 28.809968395354591 ], [ 82.767764828066447, 28.808485645692837 ], [ 82.767832390221059, 28.808540395779115 ], [ 82.767964328030828, 28.80864758297778 ], [ 82.768219452651238, 28.808843957821185 ], [ 82.768790890882613, 28.809173957864704 ], [ 82.768912327790503, 28.809247270651838 ], [ 82.769143953051284, 28.809425333287933 ], [ 82.769330578158318, 28.809618770568736 ], [ 82.769402265902059, 28.809673582773716 ], [ 82.769406952589975, 28.80974127029053 ], [ 82.769787953139442, 28.810204958401993 ], [ 82.769836640462287, 28.810338520723995 ], [ 82.769929952780259, 28.810436333455911 ], [ 82.769989577875364, 28.81056095769172 ], [ 82.77017632772926, 28.810776957684439 ], [ 82.770211577914381, 28.810826958312759 ], [ 82.770216890202079, 28.810865333076705 ], [ 82.770594202571402, 28.81139883276569 ], [ 82.770654265161497, 28.811491895482632 ], [ 82.770774140595606, 28.811698270403888 ], [ 82.770828890314675, 28.81177770823982 ], [ 82.770913390765458, 28.811916082705022 ], [ 82.770945952530965, 28.811979582752116 ], [ 82.771011203468575, 28.81212227094753 ], [ 82.771433827973979, 28.812581770531065 ], [ 82.771499328375981, 28.812699708122306 ], [ 82.771542953029595, 28.812754207851633 ], [ 82.771642327502335, 28.812831832708412 ], [ 82.771666453356787, 28.812897458393422 ], [ 82.771847515944003, 28.813104395564743 ], [ 82.772001390970345, 28.813277208151053 ], [ 82.772401327942106, 28.813765895320579 ], [ 82.772497327998508, 28.813879520621711 ], [ 82.772805078007494, 28.814200395157474 ], [ 82.772969203141486, 28.814432020654948 ], [ 82.773444890290577, 28.814876207659562 ], [ 82.773731203477197, 28.815120208240632 ], [ 82.774007202586958, 28.815312145880874 ], [ 82.774156452926277, 28.815387958077263 ], [ 82.774727390377151, 28.815774396038471 ], [ 82.774942578242317, 28.815927457848819 ], [ 82.775146515819898, 28.816067020360222 ], [ 82.775356327869389, 28.816197396042295 ], [ 82.775904703441014, 28.816617458110318 ], [ 82.776102703190702, 28.816795207818544 ], [ 82.776284703241132, 28.816950270213724 ], [ 82.776411265702052, 28.817052895366011 ], [ 82.776571578426967, 28.81714233295866 ], [ 82.77698614017153, 28.81758827091468 ], [ 82.7772940778069, 28.817868520774354 ], [ 82.777420890662469, 28.817977958050147 ], [ 82.77758689043182, 28.818049395824779 ], [ 82.777703015775288, 28.818113583542392 ], [ 82.778314078263378, 28.818403332923324 ], [ 82.778457515791033, 28.818488145432486 ], [ 82.778651202792531, 28.818573333172811 ], [ 82.77888351531918, 28.818692770622071 ], [ 82.779033140719847, 28.81874145787441 ], [ 82.779677578291867, 28.819027020400778 ], [ 82.779730890374196, 28.819068082889618 ], [ 82.780212516017372, 28.819501082738537 ], [ 82.780705703243711, 28.820292832901082 ], [ 82.7809204534949, 28.820709833266459 ], [ 82.781107452499626, 28.820930333467732 ], [ 82.781562703303706, 28.821536708322991 ], [ 82.781692390042522, 28.821625895956014 ], [ 82.781761265264038, 28.821759583217709 ], [ 82.781820578184451, 28.821839083227477 ], [ 82.781949202667846, 28.822009457942809 ], [ 82.782096390062648, 28.822319832987077 ], [ 82.782386827558895, 28.822818708407773 ], [ 82.782630140855701, 28.823066771031254 ], [ 82.782709452837778, 28.823166770619821 ], [ 82.78282882759477, 28.823273895400884 ], [ 82.78294820314855, 28.823389958550656 ], [ 82.783046890808009, 28.823521707877429 ], [ 82.783412828237147, 28.824021270191334 ], [ 82.783532640202949, 28.824101332977602 ], [ 82.783692515254799, 28.82417495775513 ], [ 82.783853140617921, 28.824185457709277 ], [ 82.783963515454403, 28.824195457698846 ], [ 82.784174640993427, 28.824188333322777 ], [ 82.785106577822276, 28.823984645843595 ], [ 82.785238140536578, 28.823904646005648 ], [ 82.785440203142414, 28.823818520380822 ], [ 82.785682578171276, 28.823714645691268 ], [ 82.785824453265761, 28.823591833235813 ], [ 82.786099015879032, 28.82333714522154 ], [ 82.786250452953183, 28.823259583479491 ], [ 82.786533703341973, 28.823101957695506 ], [ 82.786685890634971, 28.822988270235594 ], [ 82.786877390315851, 28.822929082988164 ], [ 82.787424265134732, 28.822573083000464 ], [ 82.787740203406756, 28.822363832810876 ], [ 82.787934140469943, 28.822259582839898 ], [ 82.788144077649591, 28.822189270312098 ], [ 82.788669703346585, 28.82192558285703 ], [ 82.789089890164092, 28.821753395341087 ], [ 82.789275327621212, 28.821691895281393 ], [ 82.789359015550005, 28.821681332712878 ], [ 82.789455328297578, 28.821686708405561 ], [ 82.790797328437293, 28.821547645516166 ], [ 82.79198301531305, 28.821549208447713 ], [ 82.792677703371922, 28.821424583191469 ], [ 82.793373077561952, 28.821270707806807 ], [ 82.79370589090675, 28.821149520856697 ], [ 82.793847578483636, 28.821080895552015 ], [ 82.794040203327953, 28.82092245797417 ], [ 82.794507640827305, 28.820484458218214 ], [ 82.794720640541954, 28.820308145983933 ], [ 82.794964452544662, 28.820073457941877 ], [ 82.79509032811157, 28.819959583458854 ], [ 82.795293265639742, 28.819798957678014 ], [ 82.795582640058882, 28.819781208457147 ], [ 82.795687140940473, 28.819795708544873 ], [ 82.795798890676593, 28.819853083429827 ], [ 82.795927265063042, 28.819883583550194 ], [ 82.796022515024475, 28.819974645739265 ], [ 82.796444077878405, 28.82038220838831 ], [ 82.796882890513658, 28.820677145707375 ], [ 82.797049953438531, 28.820820708010565 ], [ 82.797210265705729, 28.820865020292249 ], [ 82.797382015576474, 28.820965832721846 ], [ 82.797605953302593, 28.821064770215063 ], [ 82.797845703257011, 28.821181957996576 ], [ 82.797875077788021, 28.821189020549202 ], [ 82.798026015833855, 28.821233207763484 ], [ 82.798757140247616, 28.82145170821401 ], [ 82.799108702587631, 28.821454895974188 ], [ 82.799652203512693, 28.821387583023359 ], [ 82.79996495274105, 28.821259520246077 ], [ 82.800117140917948, 28.821136770473668 ], [ 82.800664953458195, 28.820690458257257 ], [ 82.800947390337512, 28.820577957833329 ], [ 82.80113876566007, 28.820561583548802 ], [ 82.801289077588066, 28.820580958263555 ], [ 82.801408953413755, 28.820651958294984 ], [ 82.801757327601436, 28.820930332852264 ], [ 82.801897015423279, 28.821037520449313 ], [ 82.802106202710178, 28.821197333479994 ], [ 82.802644890625444, 28.821520145777683 ], [ 82.802884578520803, 28.821673458068105 ], [ 82.803228702666047, 28.821879520749615 ], [ 82.803338202675846, 28.821961708044945 ], [ 82.803896890819303, 28.822336583242745 ], [ 82.804136140415693, 28.822498895659628 ], [ 82.804345828113782, 28.822606770606729 ], [ 82.804505515756958, 28.822705207820665 ], [ 82.804684515798655, 28.822876020548136 ], [ 82.80531514043588, 28.823093582996034 ], [ 82.805505702743673, 28.823113332910307 ], [ 82.805759015851535, 28.823108770557646 ], [ 82.806241640733603, 28.823076957698241 ], [ 82.806448577796928, 28.823263770922864 ], [ 82.806646265694084, 28.823561020626027 ], [ 82.806948453197961, 28.823854708542687 ], [ 82.807234827839594, 28.824125708542677 ], [ 82.807314015612207, 28.824225645228438 ], [ 82.807840515680539, 28.824586708466786 ], [ 82.808248015778105, 28.824937708032653 ], [ 82.808311952606971, 28.824972145383501 ], [ 82.808496766044641, 28.825109083157006 ], [ 82.809104890740201, 28.825362645591827 ], [ 82.809223140684125, 28.825438082927043 ], [ 82.809760890751321, 28.825652645172269 ], [ 82.810465390346067, 28.825902457909557 ], [ 82.810734577748519, 28.825999582956438 ], [ 82.810971453434519, 28.82609420841516 ], [ 82.81118601578811, 28.82617502066784 ], [ 82.811812577654806, 28.82649183280283 ], [ 82.812254140347434, 28.826694270788277 ], [ 82.812528827567689, 28.826865832681278 ], [ 82.812599078405242, 28.826877770698403 ], [ 82.81318376557067, 28.827228020312212 ], [ 82.813247890968242, 28.827246645448348 ], [ 82.813337140689484, 28.827308333399976 ], [ 82.813471453149646, 28.827383957993071 ], [ 82.813693515891316, 28.827487458298076 ], [ 82.813906703531373, 28.827579520753133 ], [ 82.814047765914452, 28.827621395499605 ], [ 82.814555577937398, 28.827907832726485 ], [ 82.814683453408378, 28.827983395974595 ], [ 82.814824390239238, 28.828036520917419 ], [ 82.81493882809427, 28.828139020552186 ], [ 82.815118078060578, 28.828230832674336 ], [ 82.815354890418931, 28.828329958089068 ], [ 82.815904578466132, 28.82862802095125 ], [ 82.815961640800552, 28.828702957921031 ], [ 82.816098390177302, 28.828846270939231 ], [ 82.816200515963274, 28.828903582723541 ], [ 82.816321703256676, 28.829006145852656 ], [ 82.816429890991941, 28.829092770617788 ], [ 82.816570952704964, 28.829139145416313 ], [ 82.816787516027176, 28.829328207710788 ], [ 82.817061890741897, 28.829504395852577 ], [ 82.81741920341473, 28.829762458199106 ], [ 82.81759445326685, 28.82989483344971 ], [ 82.817696702684643, 28.829974645803897 ], [ 82.817818078115167, 28.830032145833947 ], [ 82.817939578330709, 28.83010083308017 ], [ 82.818181703394174, 28.830296957746036 ], [ 82.818226390881634, 28.830342457744166 ], [ 82.818589452687078, 28.830656895613295 ], [ 82.818639703168685, 28.830747645694451 ], [ 82.818786016006584, 28.830891020866058 ], [ 82.818979765965466, 28.831118270697505 ], [ 82.819037828421699, 28.831195520629041 ], [ 82.819059640319608, 28.831225020256149 ], [ 82.819204515250419, 28.831149645887557 ], [ 82.819424890754618, 28.831004895610146 ], [ 82.82001445324741, 28.830606270612886 ], [ 82.820202515626107, 28.830483833541358 ], [ 82.820409327746333, 28.830406708411029 ], [ 82.820609515765625, 28.830318207977633 ], [ 82.820797266049055, 28.830222895993742 ], [ 82.821259827573201, 28.829983270848267 ], [ 82.821324266044257, 28.829950020643057 ], [ 82.821414890660563, 28.829916958554087 ], [ 82.821550202732482, 28.829873020189119 ], [ 82.821737390349853, 28.829829520295185 ], [ 82.822206890738968, 28.829826895498254 ], [ 82.822335140789448, 28.829873083012249 ], [ 82.822501952908453, 28.829903895514779 ], [ 82.823203640049883, 28.830124332942976 ], [ 82.823414952834881, 28.830211958158188 ], [ 82.823536827701673, 28.83025352043034 ], [ 82.823684265119354, 28.830270645569051 ], [ 82.823806265952499, 28.830301020652257 ], [ 82.823928328399106, 28.830324645798058 ], [ 82.823992390365035, 28.830352270640933 ], [ 82.824753140764287, 28.830473958109724 ], [ 82.825196515700966, 28.830489083426905 ], [ 82.825324702686245, 28.830535333457671 ], [ 82.825601266050072, 28.830549020310794 ], [ 82.826272828432423, 28.830599958539079 ], [ 82.826973640265706, 28.830617332738825 ], [ 82.82726945353717, 28.830624395278182 ], [ 82.827908890422421, 28.830659332869384 ], [ 82.828423828465461, 28.830634457880997 ], [ 82.829073203298591, 28.830635582732601 ], [ 82.829803827594475, 28.830596770709445 ], [ 82.830112327868548, 28.830610770443215 ], [ 82.830402015401049, 28.830595208287452 ], [ 82.830517703392516, 28.83058495811418 ], [ 82.830832890351459, 28.830576395310487 ], [ 82.831557452673593, 28.830503707997444 ], [ 82.831821140331954, 28.83049470768729 ], [ 82.83221376557016, 28.830464270869378 ], [ 82.832478140977173, 28.830421458373976 ], [ 82.832652015144063, 28.830393646003145 ], [ 82.832932265781906, 28.830357707710903 ], [ 82.833646140262232, 28.830352582861241 ], [ 82.833813453208577, 28.83033602034163 ], [ 82.834039765156476, 28.830229707690041 ], [ 82.834239640471395, 28.830197582813391 ], [ 82.83438801566254, 28.830160520885556 ], [ 82.834606952743627, 28.830139833030536 ], [ 82.834726015723817, 28.830118332782977 ], [ 82.835400766007496, 28.830173770220746 ], [ 82.835515953267262, 28.830242395492895 ], [ 82.83568826595895, 28.83035220814422 ], [ 82.835777140920996, 28.830454458188775 ], [ 82.835956702639891, 28.830519208103652 ], [ 82.836211077878971, 28.830765020859673 ], [ 82.836639702870301, 28.831271770243401 ], [ 82.836830578542376, 28.83144483292741 ], [ 82.836990765608732, 28.831495833391667 ], [ 82.837118953173388, 28.831542083166561 ], [ 82.837633452568355, 28.831553270870184 ], [ 82.837871015820866, 28.831503458309832 ], [ 82.838300765517644, 28.831412395995283 ], [ 82.838364828287951, 28.831412958430008 ], [ 82.838675015707338, 28.831284771017899 ], [ 82.838850390336077, 28.831150957908719 ], [ 82.839129390400643, 28.830909707951314 ], [ 82.839227140933161, 28.830818082897604 ], [ 82.839729765480442, 28.830427645522754 ], [ 82.83989145279142, 28.830343270550788 ], [ 82.840254203434426, 28.830120832833796 ], [ 82.840461328156636, 28.830007520852771 ], [ 82.840687640766504, 28.829903458154142 ], [ 82.840900578355445, 28.829815082799229 ], [ 82.84148064068205, 28.829427520912301 ], [ 82.841708015814547, 28.829226457936624 ], [ 82.841851890698777, 28.829013332730874 ], [ 82.841936765756742, 28.828899083557413 ], [ 82.842047578287563, 28.828753395697959 ], [ 82.842450453031745, 28.828111645798046 ], [ 82.842509702846698, 28.827965582809014 ], [ 82.842575140709627, 28.827869083263845 ], [ 82.842581640259183, 28.827745082858737 ], [ 82.842592890784857, 28.827713583093573 ], [ 82.842632202841074, 28.827603395611614 ], [ 82.842649140470186, 28.827463708250498 ], [ 82.842692077726184, 28.827315271041503 ], [ 82.84281457848364, 28.827153833145537 ], [ 82.842996265293976, 28.827031333250876 ], [ 82.8431930782573, 28.826897645657983 ], [ 82.843426265311152, 28.826750770577217 ], [ 82.84362257808526, 28.826684770575646 ], [ 82.843730765638995, 28.82666314558525 ], [ 82.843895578127132, 28.826641957872578 ], [ 82.844060640162283, 28.826598270477668 ], [ 82.844138265133367, 28.826556083410907 ], [ 82.844745765714762, 28.826434957844615 ], [ 82.844976515627934, 28.826418895558785 ], [ 82.845269140616125, 28.826403395806697 ], [ 82.845719640163793, 28.826404958506455 ], [ 82.84625414067915, 28.826454645985844 ], [ 82.846416703346122, 28.826467270943045 ], [ 82.846531890956044, 28.826475020531053 ], [ 82.847017203265992, 28.826517520562287 ], [ 82.847296828237887, 28.826540207815423 ], [ 82.847464015241059, 28.826566458444219 ], [ 82.848071327951743, 28.826664145223301 ], [ 82.848256202988367, 28.826686020653053 ], [ 82.848375390791375, 28.826711895624637 ], [ 82.84852907811181, 28.826769582723497 ], [ 82.848681265353378, 28.826791145229421 ], [ 82.848865640186517, 28.826862708294001 ], [ 82.849050390121576, 28.826893583315208 ], [ 82.849638140605762, 28.827167020847835 ], [ 82.849732266060087, 28.827224270960006 ], [ 82.849940890627451, 28.827325270597324 ], [ 82.850087765258664, 28.827446083303062 ], [ 82.850280328179167, 28.827533458271827 ], [ 82.850429452830582, 28.827629458306244 ], [ 82.850476515524079, 28.827656958334192 ], [ 82.850536015336061, 28.827666457955864 ], [ 82.851329891036741, 28.828128895848089 ], [ 82.852462265689169, 28.828767957704716 ], [ 82.852766328391994, 28.828957770847023 ], [ 82.852918890252496, 28.829004145271579 ], [ 82.853289515583469, 28.829314083173454 ], [ 82.853798953171534, 28.829751582949072 ], [ 82.853908328196837, 28.829858520783862 ], [ 82.854051452686818, 28.830001833371682 ], [ 82.854228765266967, 28.830100332694386 ], [ 82.854472141005928, 28.830395708489753 ], [ 82.854786203290658, 28.830838270805707 ], [ 82.855081327590909, 28.831059583093406 ], [ 82.855275015203048, 28.831239395441461 ], [ 82.855672265187863, 28.831459333336259 ], [ 82.856152265235878, 28.831869457678916 ], [ 82.856282828127959, 28.831996895785235 ], [ 82.85653639010107, 28.832118645759426 ], [ 82.856834077689527, 28.832107582873245 ], [ 82.857216328537817, 28.83214695820109 ], [ 82.857565578186623, 28.832098020694094 ], [ 82.85782926546338, 28.832084457859473 ], [ 82.858203202973826, 28.832096583329832 ], [ 82.858431327783478, 28.832231645999947 ], [ 82.858616765273965, 28.832368583155972 ], [ 82.85872682855792, 28.832414645723077 ], [ 82.859512952650775, 28.832450583536289 ], [ 82.859768078133015, 28.832430207671287 ], [ 82.860142765739468, 28.832404020749763 ], [ 82.86028714071702, 28.832405270258359 ], [ 82.860491390713193, 28.832384457809109 ], [ 82.861180952897527, 28.832315832673693 ], [ 82.861214827769984, 28.83232289519249 ], [ 82.861440515369367, 28.832302208109699 ], [ 82.861925452692446, 28.832261207966734 ], [ 82.862291390847219, 28.832241707899382 ], [ 82.862895578334715, 28.832194958514393 ], [ 82.863235953438902, 28.832168458420487 ], [ 82.863635828173486, 28.832149270413002 ], [ 82.863920952981459, 28.832106583514975 ], [ 82.864048452767676, 28.832107645377615 ], [ 82.864729703177474, 28.832009583372955 ], [ 82.864832578427652, 28.831942770695466 ], [ 82.864977077921154, 28.831934958515689 ], [ 82.86518151568616, 28.83189158286963 ], [ 82.865411453285745, 28.831864207824324 ], [ 82.865666890704489, 28.831843771034535 ], [ 82.865836953037231, 28.831845208001521 ], [ 82.865922202850001, 28.831809832772727 ], [ 82.866109203210584, 28.831811395532078 ], [ 82.866546328321576, 28.831896270394306 ], [ 82.866774640489112, 28.83201777026364 ], [ 82.867170890909335, 28.832305333005277 ], [ 82.867279015633471, 28.832554333415782 ], [ 82.867294953310321, 28.832644770884087 ], [ 82.867343577675754, 28.832861707754173 ], [ 82.86733307857051, 28.833033020320116 ], [ 82.867509015736687, 28.833670707773937 ], [ 82.867736203120273, 28.833891457833534 ], [ 82.868626327772446, 28.83414477042378 ], [ 82.869527515498405, 28.834145582758325 ], [ 82.870179515980993, 28.833999895194296 ], [ 82.870692327608936, 28.833751520460535 ], [ 82.871358765701416, 28.83345708313546 ], [ 82.872102515594406, 28.833088832919547 ], [ 82.872277640443215, 28.833000083410376 ], [ 82.872474641030053, 28.832875395722489 ], [ 82.872963140988901, 28.832511771046374 ], [ 82.873160140868563, 28.832387083211255 ], [ 82.873331140638953, 28.832298270760553 ], [ 82.873400140225968, 28.832224395560651 ], [ 82.873648890316304, 28.831994145410395 ], [ 82.87402201572641, 28.83178064534891 ], [ 82.874418890171228, 28.831556145181533 ], [ 82.874844265145796, 28.831230332694528 ], [ 82.87501557787219, 28.831112208018958 ], [ 82.875111078483599, 28.831072395250047 ], [ 82.875233953153483, 28.831055395375458 ], [ 82.875349765251229, 28.831031520214118 ], [ 82.875595328471164, 28.830950083074725 ], [ 82.876171390774957, 28.830774458303072 ], [ 82.876465265708717, 28.830785895937574 ], [ 82.876867453240649, 28.830818583385458 ], [ 82.877462703259511, 28.83088439586135 ], [ 82.877625327844896, 28.830919645373712 ], [ 82.877837702623495, 28.830912395734103 ], [ 82.878158765572223, 28.83092408289081 ], [ 82.878798265774492, 28.830900083501344 ], [ 82.878825828489241, 28.830866458414448 ], [ 82.878967827711506, 28.830824770713093 ], [ 82.879033203609296, 28.830820832867591 ], [ 82.879202453234001, 28.830774833436525 ], [ 82.879360265144498, 28.830751333481533 ], [ 82.879534702895612, 28.830730208326795 ], [ 82.880164515133075, 28.830620395667811 ], [ 82.880279016076003, 28.830601020688366 ], [ 82.880491390254392, 28.830564457805764 ], [ 82.880578452993674, 28.830569708160496 ], [ 82.880791203083788, 28.830528645223374 ], [ 82.88093839046573, 28.830511770517372 ], [ 82.881519640238679, 28.830329270882242 ], [ 82.881755078529807, 28.830202707859272 ], [ 82.881919702896568, 28.830084458321316 ], [ 82.882100140862988, 28.82998002094843 ], [ 82.882165890421845, 28.82994220794502 ], [ 82.882629703217845, 28.829567083193336 ], [ 82.882738765482955, 28.82954989525583 ], [ 82.882991515345168, 28.829335457738463 ], [ 82.883304390805733, 28.829065082915069 ], [ 82.883703327995121, 28.828655520723757 ], [ 82.883846203606538, 28.82852364564269 ], [ 82.883983515984411, 28.828414208117504 ], [ 82.88410995286003, 28.828295708483022 ], [ 82.884236266041157, 28.828161395905656 ], [ 82.884398015463773, 28.828072520531816 ], [ 82.88485326586499, 28.827722082694727 ], [ 82.884990452698077, 28.827617208019046 ], [ 82.885083765691334, 28.827545770723599 ], [ 82.885302953452779, 28.82738064600829 ], [ 82.885489452802943, 28.827251395266792 ], [ 82.88594751543873, 28.826912270543215 ], [ 82.886111766045957, 28.826816645190096 ], [ 82.886270827698567, 28.82670739559498 ], [ 82.886511202617854, 28.826598833095552 ], [ 82.886860953221827, 28.826468645457513 ], [ 82.887344140182094, 28.826294395781439 ], [ 82.887448452890894, 28.826209458157848 ], [ 82.887650953530311, 28.826109708513556 ], [ 82.887864015521885, 28.826034833050798 ], [ 82.888098140270031, 28.826005082987045 ], [ 82.888652515285216, 28.825817895280984 ], [ 82.888772390382471, 28.825803145640094 ], [ 82.889055890666256, 28.825767083452053 ], [ 82.889229828083586, 28.825759520835305 ], [ 82.889262515862924, 28.825759770968936 ], [ 82.889510077873169, 28.825757332982686 ], [ 82.890076452845378, 28.825737146023503 ], [ 82.890331703220809, 28.825764083397171 ], [ 82.890620077674285, 28.82577545825513 ], [ 82.890891640906915, 28.825807020573524 ], [ 82.891427077851887, 28.825863333558054 ], [ 82.891535140927118, 28.825936395531293 ], [ 82.89165476513999, 28.825953145793651 ], [ 82.891969765274695, 28.825991833050399 ], [ 82.892073203250433, 28.825992707684687 ], [ 82.892268952893545, 28.826014583355022 ], [ 82.892863328194338, 28.826159333479634 ], [ 82.892933453441614, 28.826191520767569 ], [ 82.893069328456349, 28.826212895900756 ], [ 82.893194140190317, 28.826252332661291 ], [ 82.893291640269183, 28.826296020940458 ], [ 82.893459703577349, 28.826360458002682 ], [ 82.893622390881148, 28.826388895862696 ], [ 82.893725203273817, 28.826448395904666 ], [ 82.894308515774028, 28.826615583345475 ], [ 82.894547890374582, 28.82663108351263 ], [ 82.894820078379652, 28.826597145335196 ], [ 82.895049453131179, 28.82653139567967 ], [ 82.895120390485886, 28.826511708047644 ], [ 82.895643203328788, 28.826229458547221 ], [ 82.895780077724211, 28.826120082700481 ], [ 82.896087328138279, 28.825897020732665 ], [ 82.896224577997103, 28.825778583404517 ], [ 82.896246890959503, 28.825731395393845 ], [ 82.896661390144089, 28.825385083289984 ], [ 82.89693557791766, 28.825161770594548 ], [ 82.897012140192899, 28.825128520519531 ], [ 82.897154828378518, 28.825023771045963 ], [ 82.897341202755314, 28.82489664556828 ], [ 82.897595765427837, 28.824745332746048 ], [ 82.897890578491811, 28.824637145638004 ], [ 82.898054140610952, 28.824615957948456 ], [ 82.898625453301023, 28.824613833048247 ], [ 82.898701328082439, 28.82464377051836 ], [ 82.8992681404482, 28.824822145259784 ], [ 82.899387078362309, 28.824899770807225 ], [ 82.899495577632237, 28.824939020879643 ], [ 82.899668266084078, 28.825044208232413 ], [ 82.899878828190182, 28.825215082886494 ], [ 82.900056827801748, 28.825369958443318 ], [ 82.900153452926446, 28.825499333380343 ], [ 82.90051126572591, 28.825885770858871 ], [ 82.900677515307805, 28.826092395189097 ], [ 82.900720078319239, 28.826189708280918 ], [ 82.900881641086329, 28.826357957924856 ], [ 82.901059516002647, 28.826526395279206 ], [ 82.901334578486342, 28.827013645553567 ], [ 82.901398515925621, 28.82714270834455 ], [ 82.901441453607845, 28.827201707858649 ], [ 82.901650515132488, 28.827485457677078 ], [ 82.901835702752265, 28.827746333258354 ], [ 82.901957265352806, 28.828063145326723 ], [ 82.902064266034628, 28.828246770425739 ], [ 82.902187390797621, 28.828448520358588 ], [ 82.902280265391653, 28.828654582738331 ], [ 82.902365765638777, 28.828808645910563 ], [ 82.902559515751577, 28.829017771043844 ], [ 82.902797390356056, 28.829182145456528 ], [ 82.902894765984215, 28.829239333138862 ], [ 82.903062703381536, 28.829288082696408 ], [ 82.903209077958834, 28.829343395499702 ], [ 82.903475703611932, 28.829359083433204 ], [ 82.903807203617504, 28.829377582681637 ], [ 82.904626140491018, 28.829406770797597 ], [ 82.905240828320089, 28.829420770624058 ], [ 82.905357515906715, 28.82943752020471 ], [ 82.905553515768602, 28.829439145427454 ], [ 82.905716202944205, 28.82946977056833 ], [ 82.905791827935005, 28.82952677075798 ], [ 82.905861516044965, 28.829628895230083 ], [ 82.905898828111873, 28.82970133334846 ], [ 82.905903202950711, 28.829805082955403 ], [ 82.906209390951815, 28.830446083569122 ], [ 82.906197390648586, 28.830549708528505 ], [ 82.906249265149668, 28.830796020822085 ], [ 82.90625720281578, 28.830834458439206 ], [ 82.906293452635794, 28.831006208423844 ], [ 82.906303452843616, 28.831092020708017 ], [ 82.906332766034808, 28.831419333444831 ], [ 82.906391952757573, 28.831731145949384 ], [ 82.906481703190821, 28.831995770603829 ], [ 82.906594765872597, 28.832116270668092 ], [ 82.906697453376594, 28.832189270867104 ], [ 82.906827265919077, 28.832242270958659 ], [ 82.906957890464653, 28.8322432706595 ], [ 82.907208953276196, 28.832177583232994 ], [ 82.907383515472659, 28.832147458174127 ], [ 82.907596390754478, 28.832065645284068 ], [ 82.90830932838891, 28.831818833347903 ], [ 82.908461890158293, 28.831799770311822 ], [ 82.908668703170278, 28.831767582748558 ], [ 82.908870015138248, 28.83178952017391 ], [ 82.908924203293836, 28.831814770293178 ], [ 82.909027390715067, 28.831833583138597 ], [ 82.909173578495825, 28.831882207975973 ], [ 82.909421453528907, 28.831945145696007 ], [ 82.909468640645969, 28.831931958503919 ], [ 82.909911390911446, 28.831917520275468 ], [ 82.910375578205958, 28.831779145554574 ], [ 82.910723515721529, 28.831700708568302 ], [ 82.910958015261301, 28.831416145528564 ], [ 82.911260953044419, 28.831235833206541 ], [ 82.911581577803943, 28.831132395938848 ], [ 82.91163239015242, 28.831117021052215 ], [ 82.912022703659076, 28.830996145712451 ], [ 82.912260202792638, 28.830948395387622 ], [ 82.912734453038155, 28.830918395304931 ], [ 82.913426765958988, 28.830890145397213 ], [ 82.913938390142533, 28.830903270278725 ], [ 82.914440890501282, 28.830898271012014 ], [ 82.915188702687217, 28.830985520823788 ], [ 82.915362952859496, 28.831013957980765 ], [ 82.915567266132854, 28.831047207861211 ], [ 82.915756453413778, 28.831082582728961 ], [ 82.915938327672691, 28.831117895866612 ], [ 82.916051702791464, 28.831145833070529 ], [ 82.916150328424578, 28.831153395740056 ], [ 82.916912577885853, 28.831139207868649 ], [ 82.917261140397002, 28.831155583261776 ], [ 82.917648015609288, 28.831158645946839 ], [ 82.91831507773604, 28.831184332857706 ], [ 82.919063890209202, 28.83121064530209 ], [ 82.919154515208945, 28.831238395837559 ], [ 82.919300015186749, 28.831262145411305 ], [ 82.919420952878298, 28.831303708120149 ], [ 82.91952389082725, 28.831327083173036 ], [ 82.920208453518939, 28.831113833031296 ], [ 82.920470703245726, 28.830991770903708 ], [ 82.920806328472082, 28.830802708219426 ], [ 82.921154015277452, 28.830629520529122 ], [ 82.92182695281771, 28.830368708092976 ], [ 82.922003328081544, 28.830316020583375 ], [ 82.922082640363797, 28.830294082847807 ], [ 82.92223470361651, 28.830236645724415 ], [ 82.922399140382538, 28.830190583032131 ], [ 82.922697703425143, 28.830055333489028 ], [ 82.923358953175622, 28.829780895483136 ], [ 82.923547703070156, 28.829707958444693 ], [ 82.923712140374732, 28.8296303334849 ], [ 82.92381551565208, 28.829599583000373 ], [ 82.924053078367947, 28.829515770525436 ], [ 82.924211953309154, 28.829415457878685 ], [ 82.924263452754388, 28.829424895616476 ], [ 82.924970578011724, 28.829078645205222 ], [ 82.925263140859244, 28.828963645849417 ], [ 82.92567732810079, 28.828795521038863 ], [ 82.925775140921019, 28.82872183324363 ], [ 82.925854078616723, 28.828706645271687 ], [ 82.92645532777351, 28.828343770820322 ], [ 82.926553391010444, 28.828274645819828 ], [ 82.926766891140545, 28.828159020403213 ], [ 82.926876765533024, 28.828094458456171 ], [ 82.927096953501461, 28.827920270702155 ], [ 82.927265077731505, 28.827792958222073 ], [ 82.927941890719708, 28.827493833287992 ], [ 82.927979578021493, 28.827476082968719 ], [ 82.928367391081892, 28.827472395976411 ], [ 82.929057077734029, 28.827448583292597 ], [ 82.929522703571379, 28.827452270985951 ], [ 82.929858453360865, 28.827468457845605 ], [ 82.930625203143904, 28.827519645492472 ], [ 82.931091641116083, 28.827403770659618 ], [ 82.931525765238462, 28.827102646036295 ], [ 82.931845703235709, 28.827005958230359 ], [ 82.932164702708789, 28.826970145791158 ], [ 82.932739827930078, 28.827031083235958 ], [ 82.933118765227874, 28.827056646040379 ], [ 82.933670265434401, 28.827081270628604 ], [ 82.933821891113922, 28.827093770790661 ], [ 82.934409827749533, 28.827157083524284 ], [ 82.934646953269294, 28.827176957932725 ], [ 82.935021578519837, 28.827209270669918 ], [ 82.935192266096934, 28.827239957795001 ], [ 82.935775577740046, 28.827291895446756 ], [ 82.935845890256431, 28.827303770929767 ], [ 82.936212140650539, 28.827311145457461 ], [ 82.936494702843902, 28.82730208354295 ], [ 82.936619828248951, 28.82730533281801 ], [ 82.937199202676666, 28.82726702048128 ], [ 82.93745857771593, 28.827269083104092 ], [ 82.937705641129696, 28.827286833176558 ], [ 82.937751390257617, 28.82729170782606 ], [ 82.937902827665724, 28.8273244579728 ], [ 82.937980202703358, 28.827367957694559 ], [ 82.938266828197584, 28.827458145988103 ], [ 82.938548140651974, 28.827573207682267 ], [ 82.938643141057938, 28.827616770788502 ], [ 82.93887532822535, 28.827677270752559 ], [ 82.939008703367207, 28.82775277102203 ], [ 82.939112015964682, 28.827859582896995 ], [ 82.939217452727576, 28.827885270817337 ], [ 82.939758140573971, 28.827837646006021 ], [ 82.940030202716699, 28.827819458022731 ], [ 82.940205015470752, 28.827796020976788 ], [ 82.940371765668175, 28.827740895576408 ], [ 82.940435452948719, 28.827714333208114 ], [ 82.941005953112892, 28.827506770476223 ], [ 82.94113320368136, 28.827491958091873 ], [ 82.94130482867574, 28.827430145427819 ], [ 82.941468140169064, 28.827370520500434 ], [ 82.941680015605129, 28.827347395737267 ], [ 82.941936641036321, 28.827462208065935 ], [ 82.942258577729802, 28.827203020479416 ], [ 82.942467265350032, 28.827179833385568 ], [ 82.942573078070708, 28.827164895822705 ], [ 82.942739703558729, 28.827121082901744 ], [ 82.942859640531196, 28.827106207958678 ], [ 82.94297657852222, 28.827068770398132 ], [ 82.94354039078155, 28.827014583504155 ], [ 82.943783891080898, 28.827005208566707 ], [ 82.943988953570596, 28.826995520636924 ], [ 82.94402414088924, 28.82699583301628 ], [ 82.944297327874082, 28.827027270183859 ], [ 82.944364453565683, 28.827039020657249 ], [ 82.944941891126717, 28.82718795805442 ], [ 82.945093516159005, 28.827200395937421 ], [ 82.945197578204073, 28.827210270921867 ], [ 82.945292265828627, 28.827249333217814 ], [ 82.945429765204992, 28.827268457749138 ], [ 82.94552139041653, 28.827300770698912 ], [ 82.945693453526303, 28.827383333543494 ], [ 82.946247203037302, 28.827601957801594 ], [ 82.946289765652097, 28.827602270343842 ], [ 82.946430265854843, 28.827671082930969 ], [ 82.946545577672467, 28.827764458443045 ], [ 82.946647703285024, 28.827803583288631 ], [ 82.946749453425809, 28.827869833534717 ], [ 82.946891703666765, 28.827927332948367 ], [ 82.94710601591315, 28.828046271056877 ], [ 82.947525328543804, 28.828133020261856 ], [ 82.947668828425918, 28.828255958400067 ], [ 82.94769964030445, 28.828346457699634 ], [ 82.947778265247109, 28.828430520696596 ], [ 82.948076640887408, 28.828624583317435 ], [ 82.948285827679115, 28.828711958552496 ], [ 82.94876451590369, 28.828907458442586 ], [ 82.948881015932386, 28.828915145469644 ], [ 82.948974453273379, 28.828922583265626 ], [ 82.949169516077319, 28.828917333134221 ], [ 82.949331890440718, 28.828823895439079 ], [ 82.949638453630669, 28.828589395923984 ], [ 82.949841953103373, 28.828512020230409 ], [ 82.950481327921423, 28.828365833365226 ], [ 82.951284953694426, 28.827929958211204 ], [ 82.951610828468603, 28.827627958131607 ], [ 82.951718078066776, 28.827437020900181 ], [ 82.951787953590795, 28.827211958489862 ], [ 82.951849077872723, 28.827081582663066 ], [ 82.951993203551012, 28.826566145664611 ], [ 82.952047077800643, 28.82643345842606 ], [ 82.952100265804972, 28.826368457890847 ], [ 82.952131952686443, 28.826210770869437 ], [ 82.952157078661699, 28.82594027083233 ], [ 82.952195640408675, 28.825451020303905 ], [ 82.952220578476442, 28.825225645604942 ], [ 82.952238015648575, 28.824988895294634 ], [ 82.9522385780799, 28.824928020378948 ], [ 82.952268640857582, 28.824903395691724 ], [ 82.952277452932393, 28.82479077061825 ], [ 82.952429078088016, 28.824261707785318 ], [ 82.952467952978182, 28.824117646058124 ], [ 82.952516640705753, 28.823991770785678 ], [ 82.952570641121227, 28.823877083541035 ], [ 82.952615078306323, 28.823746583138007 ], [ 82.952799015223562, 28.823617145515403 ], [ 82.952842391103033, 28.82359952071381 ], [ 82.953410265337695, 28.82352039602031 ], [ 82.953578328347717, 28.823526208471396 ], [ 82.953722578360285, 28.823513770895076 ], [ 82.953843203268534, 28.823456082695404 ], [ 82.953963578053262, 28.823427708217707 ], [ 82.954633577869046, 28.823356145753657 ], [ 82.954798453242077, 28.823199520348297 ], [ 82.955143077995601, 28.823030770234549 ], [ 82.955372641135696, 28.822946833531269 ], [ 82.955914265946888, 28.822632895620746 ], [ 82.956047515631354, 28.822505395653216 ], [ 82.956121827731536, 28.822404395763463 ], [ 82.956311828682473, 28.822202895438974 ], [ 82.956816890699187, 28.821848082922784 ], [ 82.957059077987353, 28.821667208533917 ], [ 82.957153640782181, 28.821593520995208 ], [ 82.957416265717995, 28.821457957853436 ], [ 82.957899578626993, 28.821195458443515 ], [ 82.958099016135066, 28.821104520252455 ], [ 82.958340577925384, 28.820995770428219 ], [ 82.958613453587432, 28.820860332740939 ], [ 82.959171328451191, 28.820657083453973 ], [ 82.959364015836243, 28.820599895425584 ], [ 82.959498078120873, 28.820580645942666 ], [ 82.95967445276996, 28.820491770808587 ], [ 82.959867077889115, 28.820472957962291 ], [ 82.960429203643017, 28.820263020794567 ], [ 82.96076407806423, 28.820206895292735 ], [ 82.961066203380526, 28.82009195828444 ], [ 82.961200140712279, 28.820047833520633 ], [ 82.961284327706139, 28.819992083221372 ], [ 82.961854640308417, 28.819825020833559 ], [ 82.962094952963525, 28.81984495794774 ], [ 82.962281953552292, 28.819875708239056 ], [ 82.962368578477552, 28.819923832966733 ], [ 82.962749515440294, 28.819937957875414 ], [ 82.96333982848617, 28.820016958219743 ], [ 82.963408766060681, 28.820069332785202 ], [ 82.963515765715954, 28.820094957765111 ], [ 82.963809327874827, 28.82013783270952 ], [ 82.963980515869494, 28.820150458092012 ], [ 82.964564391017134, 28.820299270636411 ], [ 82.96467120330027, 28.820313645366049 ], [ 82.964927953642189, 28.8203156455602 ], [ 82.965193391194461, 28.820317646007538 ], [ 82.965296265601793, 28.82027783316434 ], [ 82.965388578414377, 28.820267270452526 ], [ 82.965950328631493, 28.820158770247755 ], [ 82.966198516148225, 28.820149395844467 ], [ 82.966365328118172, 28.820157458449266 ], [ 82.966553515282655, 28.820174708131919 ], [ 82.966747953351188, 28.820194208072152 ], [ 82.967350952968999, 28.820255208401644 ], [ 82.967453265375184, 28.820301145322755 ], [ 82.967611327971525, 28.82031814589795 ], [ 82.967714266211189, 28.820303145664905 ], [ 82.967825828542345, 28.820254333130929 ], [ 82.96789076602029, 28.820198458490356 ], [ 82.967919140325648, 28.820146707709032 ], [ 82.967932640988607, 28.820072458340878 ], [ 82.96774895277666, 28.819606332872453 ], [ 82.967709890679487, 28.819448083265083 ], [ 82.967676140592218, 28.819395895209887 ], [ 82.967664390727691, 28.819289833125982 ], [ 82.967639390680503, 28.819224208184178 ], [ 82.967631703006489, 28.819127145722039 ], [ 82.967628453587025, 28.819036895735188 ], [ 82.967629890986075, 28.818885770522368 ], [ 82.967675952883766, 28.818766582784178 ], [ 82.967770453178957, 28.818302583167451 ], [ 82.967773328323148, 28.818207833025181 ], [ 82.967786640713456, 28.818156083450631 ], [ 82.967810640673363, 28.817899082753193 ], [ 82.967830515830897, 28.817635270162008 ], [ 82.967837640349956, 28.816527707690245 ], [ 82.968044703007408, 28.816375895317524 ], [ 82.968336641042185, 28.816123207801279 ], [ 82.968558265455187, 28.81604364599545 ], [ 82.968749203235134, 28.815977457841321 ], [ 82.968962827805882, 28.815938458487587 ], [ 82.969169016073693, 28.815881395397472 ], [ 82.969313827839301, 28.81586895783802 ], [ 82.969879015559599, 28.815699582908373 ], [ 82.970123078480228, 28.815660832965278 ], [ 82.970284453090173, 28.815499645707028 ], [ 82.97038076587809, 28.815407895759257 ], [ 82.970420015793124, 28.815293146023858 ], [ 82.970630765827067, 28.814764583335933 ], [ 82.97069445360934, 28.814471833434503 ], [ 82.970718516051988, 28.814336645696152 ], [ 82.970730703192999, 28.814269083242085 ], [ 82.970754391111626, 28.814176771010914 ], [ 82.970778891083526, 28.814034895585387 ], [ 82.971050140953366, 28.813533833541186 ], [ 82.971073766167137, 28.813448270417325 ], [ 82.971181828705568, 28.813300208232942 ], [ 82.971266390894726, 28.813228645859692 ], [ 82.971343515740642, 28.813134520965786 ], [ 82.971389828204877, 28.813046895530231 ], [ 82.971486828047276, 28.812880707867649 ], [ 82.971772578329194, 28.812440708256563 ], [ 82.97188901520525, 28.812234082842316 ], [ 82.971921078683664, 28.812065082921581 ], [ 82.971944890624798, 28.811986270692497 ], [ 82.971939203113493, 28.811785520594167 ], [ 82.972014577713892, 28.811477020617094 ], [ 82.972153266085769, 28.811308895787644 ], [ 82.972268140702269, 28.811251082725814 ], [ 82.972382703660486, 28.811191083476363 ], [ 82.972581453000828, 28.811138458376124 ], [ 82.972688327978872, 28.811112208213331 ], [ 82.972802765985875, 28.81106114553776 ], [ 82.972864390533402, 28.811014270294162 ], [ 82.973445016116145, 28.810804395461702 ], [ 82.97362082848251, 28.810738021039107 ], [ 82.973697703523214, 28.81067095823024 ], [ 82.973880640558377, 28.810624957913557 ], [ 82.974103077835125, 28.810473270677615 ], [ 82.97462807848872, 28.810120833249353 ], [ 82.974820078602917, 28.809968833257461 ], [ 82.975004078293878, 28.809816832686149 ], [ 82.975065578186573, 28.809783458395621 ], [ 82.975172266185865, 28.809770770914295 ], [ 82.975564328499303, 28.809365395700127 ], [ 82.975710640306048, 28.809204082659495 ], [ 82.975892203414517, 28.808937020176455 ], [ 82.976023077701839, 28.808784645752567 ], [ 82.976270890296448, 28.808357895198601 ], [ 82.976287015970925, 28.808276770598315 ], [ 82.97637951531469, 28.80814889535819 ], [ 82.976410515930539, 28.808090457933787 ], [ 82.976472452864485, 28.808009707747139 ], [ 82.976600515319831, 28.807816707787094 ], [ 82.976853890232633, 28.807543395300435 ], [ 82.976923265520682, 28.807455957912342 ], [ 82.977000515993865, 28.807343708348601 ], [ 82.977062390586141, 28.807235895541947 ], [ 82.977102015392887, 28.807082832974928 ], [ 82.977164765218106, 28.806889270715992 ], [ 82.977165203383478, 28.806841895487679 ], [ 82.977128766075225, 28.806277645457211 ], [ 82.977130015253294, 28.806151333171172 ], [ 82.977109516069902, 28.805923333067234 ], [ 82.977118640355158, 28.805774520476191 ], [ 82.977142140896845, 28.805695770678113 ], [ 82.977143828229359, 28.805519770388173 ], [ 82.97723645313053, 28.805024207816075 ], [ 82.977260452891201, 28.804891270364827 ], [ 82.977276953494496, 28.804776333277125 ], [ 82.977293140451081, 28.8046568955297 ], [ 82.977294390835155, 28.804528332725209 ], [ 82.977456078281506, 28.803974583535123 ], [ 82.977540765798452, 28.803860207968185 ], [ 82.977603452851781, 28.803666583532156 ], [ 82.977681328685037, 28.803498083071315 ], [ 82.977812578071877, 28.803325395469674 ], [ 82.977850578008088, 28.803312082768883 ], [ 82.978155078517673, 28.802946708280849 ], [ 82.978308328545211, 28.802826020231432 ], [ 82.978415702703245, 28.802747895846711 ], [ 82.978569015434744, 28.80265433300438 ], [ 82.978791140323963, 28.802527395938984 ], [ 82.979288515480761, 28.802251395740189 ], [ 82.979441703563737, 28.802164583317388 ], [ 82.979618016130317, 28.802044145660517 ], [ 82.97972539117977, 28.801965957937451 ], [ 82.979890203300698, 28.801845396001074 ], [ 82.979982140390632, 28.801798708432941 ], [ 82.980563328250625, 28.801530145830363 ], [ 82.980731015903032, 28.801504395157338 ], [ 82.98086051584275, 28.801491770551031 ], [ 82.980975453205374, 28.801424958139243 ], [ 82.981104766180351, 28.80142595848217 ], [ 82.981204640412088, 28.801359020458627 ], [ 82.981365390258404, 28.801260958036952 ], [ 82.981792890844346, 28.801149145868319 ], [ 82.981884516031343, 28.801109207914262 ], [ 82.982248640390452, 28.800870582652738 ], [ 82.982363202939155, 28.80080602030586 ], [ 82.982523765362785, 28.800759958298869 ], [ 82.982886516165095, 28.800627270202554 ], [ 82.983115765254865, 28.800556770938968 ], [ 82.983382515718034, 28.800518207706272 ], [ 82.983625453366656, 28.800587707799725 ], [ 82.983921265880525, 28.80072302050803 ], [ 82.984110015407182, 28.800871083237791 ], [ 82.984450702910436, 28.801063145582571 ], [ 82.984732015847683, 28.801103582965865 ], [ 82.984865140335486, 28.801145208447949 ], [ 82.984978827758383, 28.801173145885805 ], [ 82.985092641136333, 28.80122139549875 ], [ 82.985168703456594, 28.801235458517368 ], [ 82.985275141169936, 28.801256583405475 ], [ 82.985327765264742, 28.801311145155523 ], [ 82.985965641067381, 28.801496395275489 ], [ 82.986102077804674, 28.801558333196873 ], [ 82.986177952899169, 28.801585957689497 ], [ 82.986413140282679, 28.801666708478134 ], [ 82.986565140304322, 28.801708457771319 ], [ 82.987122578447213, 28.801899833006569 ], [ 82.987517390939402, 28.802031395904727 ], [ 82.987714453574455, 28.802111833266032 ], [ 82.987813390224829, 28.802139646009618 ], [ 82.987858578405707, 28.80217383340063 ], [ 82.98845870316643, 28.802320458201333 ], [ 82.988595453231454, 28.802353082662933 ], [ 82.988671265424728, 28.802387457697545 ], [ 82.988769890522363, 28.802422020712985 ], [ 82.988830515986706, 28.80244277079526 ], [ 82.988860703223281, 28.80246333348882 ], [ 82.990503890627281, 28.802220707709733 ], [ 82.991100265731816, 28.801956708459503 ], [ 82.991207453178475, 28.801903395478401 ], [ 82.991356390919066, 28.801859333166746 ], [ 82.991440141068622, 28.801839707959072 ], [ 82.991562453410964, 28.801806770294149 ], [ 82.991792015269809, 28.80167314533826 ], [ 82.992326203065403, 28.801557520424318 ], [ 82.992455640877708, 28.8015449581988 ], [ 82.9925620784568, 28.801566082783157 ], [ 82.992691390519369, 28.801600895392482 ], [ 82.993131266219478, 28.801771082710655 ], [ 82.993411765698838, 28.801899520892523 ], [ 82.994158578532904, 28.802207395721066 ], [ 82.99439339037167, 28.802330958013119 ], [ 82.99474239039732, 28.802466645266755 ], [ 82.994810141129108, 28.802534833479427 ], [ 82.995067577859118, 28.802703645269634 ], [ 82.995226202751709, 28.802819895625621 ], [ 82.995415703343724, 28.802920583249275 ], [ 82.995927765555905, 28.803113895774299 ], [ 82.99607945275126, 28.803187207706742 ], [ 82.996230953664195, 28.803242458134836 ], [ 82.996398203394733, 28.803297832690866 ], [ 82.996603203639381, 28.803353521013275 ], [ 82.997134203248422, 28.803537957843886 ], [ 82.997286577939704, 28.803539083361404 ], [ 82.997438265679307, 28.803614645196532 ], [ 82.997643515897437, 28.803643270951433 ], [ 82.997761140381385, 28.803662145536919 ], [ 82.997875140483671, 28.803696833251408 ], [ 82.998080453102276, 28.8037186459451 ], [ 82.998620015820762, 28.803837645906654 ], [ 82.998703640742619, 28.803838332949706 ], [ 82.999015578041039, 28.803860958478001 ], [ 82.999092078655508, 28.803827645436897 ], [ 82.999259765483615, 28.803795083226092 ], [ 82.999343703456489, 28.803795708124586 ], [ 82.999489078240472, 28.803729146017027 ], [ 82.999626890445782, 28.803644395559832 ], [ 82.999734327782164, 28.803564020168793 ], [ 83.00000032824596, 28.803435145835223 ], [ 83.001674890573909, 28.802247395179396 ], [ 83.001792265687413, 28.802187333462665 ], [ 83.00187626576411, 28.802145083064534 ], [ 83.001971202909786, 28.802125458200301 ], [ 83.002032453467748, 28.802116895430903 ], [ 83.002111140372918, 28.802058833136442 ], [ 83.002284452971423, 28.801976708270221 ], [ 83.00272101528013, 28.801792645722102 ], [ 83.00287176584618, 28.801726083482215 ], [ 83.003073453412412, 28.801623770940832 ], [ 83.003274890841652, 28.801517020205971 ], [ 83.003465328751474, 28.801425895478211 ], [ 83.003605265257789, 28.801357021022149 ], [ 83.003773266102357, 28.801261270756353 ], [ 83.004008578610765, 28.801129896001388 ], [ 83.004210015519092, 28.801018583261911 ], [ 83.004361266011202, 28.800940708217638 ], [ 83.004467703126465, 28.80088739527196 ], [ 83.004691640553901, 28.800771707893851 ], [ 83.004898453552684, 28.800669458307574 ], [ 83.005099891044907, 28.800598770599077 ], [ 83.005155765890692, 28.800578895303055 ], [ 83.005245015435762, 28.800554708032092 ], [ 83.005334578568821, 28.800526083362861 ], [ 83.005474515741341, 28.800448145347008 ], [ 83.005530765783121, 28.800401145679523 ], [ 83.00560351585672, 28.8003610830987 ], [ 83.005721140782953, 28.800278457813871 ], [ 83.005872202848693, 28.800211895334446 ], [ 83.005984078525344, 28.800167645786935 ], [ 83.006040202937868, 28.800125208247707 ], [ 83.006107452767537, 28.800085083237406 ], [ 83.006314578079355, 28.799989583434751 ], [ 83.006622265931398, 28.799849708461636 ], [ 83.006767453525754, 28.799796645373771 ], [ 83.00679014123439, 28.799767520509519 ], [ 83.006857390836501, 28.799698083494583 ], [ 83.006964265658098, 28.799606332675488 ], [ 83.007042890957351, 28.79955277067128 ], [ 83.007121015924781, 28.79951502074444 ], [ 83.007204703373603, 28.79950433308462 ], [ 83.007360890556512, 28.799471645385022 ], [ 83.007467140942239, 28.799443021038435 ], [ 83.007679078349099, 28.799410833029697 ], [ 83.00779057785131, 28.799400395433167 ], [ 83.007985702940076, 28.799388270264682 ], [ 83.008203078692532, 28.799385332849493 ], [ 83.008409140378362, 28.799395895339256 ], [ 83.008514578367482, 28.799421457724645 ], [ 83.008670703497856, 28.799431645876922 ], [ 83.008820765599381, 28.799444020895567 ], [ 83.008881953348009, 28.799469270768441 ], [ 83.008965140788135, 28.799508270862578 ], [ 83.009070640383442, 28.799522583443895 ], [ 83.009298953675795, 28.799555832812167 ], [ 83.009437765445909, 28.79959970839095 ], [ 83.009587640648391, 28.799663958348635 ], [ 83.009709765895906, 28.799685083454538 ], [ 83.010155640702777, 28.799726770527144 ], [ 83.010272141244442, 28.799734395966684 ], [ 83.010572515238252, 28.799754645820357 ], [ 83.010611577800631, 28.79975495824781 ], [ 83.010661828135127, 28.799755332792923 ], [ 83.010945953629559, 28.799743832930087 ], [ 83.011275203645411, 28.7996921456763 ], [ 83.011503952941808, 28.799639582876139 ], [ 83.011738765676711, 28.799562396013645 ], [ 83.012124578389376, 28.799423145138746 ], [ 83.012342328270336, 28.799345771000215 ], [ 83.012437328506067, 28.799317145240373 ], [ 83.012537703595527, 28.799304333032769 ], [ 83.012610578455707, 28.799284583455087 ], [ 83.012744328054723, 28.799256208366895 ], [ 83.012828265746748, 28.799218457895364 ], [ 83.012934577895038, 28.799178645704924 ], [ 83.013007015297561, 28.799174645366374 ], [ 83.013218765270636, 28.799160395367654 ], [ 83.013558703759244, 28.799162895676485 ], [ 83.013625328253937, 28.799158895849146 ], [ 83.013809952823209, 28.799101583317185 ], [ 83.013932828028246, 28.799043833101241 ], [ 83.014072765389372, 28.798977083510696 ], [ 83.014296640350153, 28.798859208357101 ], [ 83.014398015701289, 28.798767458288516 ], [ 83.014639390517971, 28.798564020408428 ], [ 83.014735140365957, 28.798460895259531 ], [ 83.014774327952722, 28.798407021013453 ], [ 83.014976641259111, 28.798246083298853 ], [ 83.015055078635697, 28.798178957961365 ], [ 83.015145141203263, 28.798100645877188 ], [ 83.015358453102152, 28.797914958191548 ], [ 83.015599952847666, 28.797702395556986 ], [ 83.015718015917145, 28.797608521013331 ], [ 83.015886516014504, 28.797467645902096 ], [ 83.016094390761879, 28.797279645196465 ], [ 83.0163920786011, 28.797011145640738 ], [ 83.016515578233268, 28.796912770146932 ], [ 83.016661328285821, 28.796801021034973 ], [ 83.016925328433857, 28.796577270664226 ], [ 83.017239453353781, 28.796329208381763 ], [ 83.017323391032974, 28.796282520666924 ], [ 83.017620765631648, 28.796059020783943 ], [ 83.017806203579411, 28.795911520271741 ], [ 83.018052952922901, 28.795717020566098 ], [ 83.018171078640762, 28.795611833020889 ], [ 83.018311391051867, 28.795497833504424 ], [ 83.0184798284876, 28.795356895887185 ], [ 83.018530203331977, 28.795314458124338 ], [ 83.018642891008014, 28.795177708116444 ], [ 83.018732890347337, 28.795103832717988 ], [ 83.018828016265857, 28.795027833331797 ], [ 83.01901851604481, 28.794925458398499 ], [ 83.01916989126417, 28.794818270903605 ], [ 83.019237203748403, 28.794784895679904 ], [ 83.019382765553431, 28.79469120848746 ], [ 83.019663015564561, 28.794508270132933 ], [ 83.019758327773275, 28.794450333265061 ], [ 83.019809015263036, 28.794405582692562 ], [ 83.019904078554546, 28.794338645471843 ], [ 83.020010890470061, 28.79424908348782 ], [ 83.020229765357911, 28.794086020750257 ], [ 83.020454265547841, 28.7939048959913 ], [ 83.020543828355741, 28.793842395962365 ], [ 83.020678766049571, 28.793719270720509 ], [ 83.020892390889813, 28.793511020465317 ], [ 83.02097664068647, 28.79343270816927 ], [ 83.02116776571134, 28.793228770981003 ], [ 83.021241077875018, 28.793159395714294 ], [ 83.021420765681682, 28.792975708367372 ], [ 83.021539015551511, 28.79286377069387 ], [ 83.02163489117055, 28.79274489580315 ], [ 83.021781266000716, 28.792560958455361 ], [ 83.021939015314445, 28.792361333483441 ], [ 83.022135890519365, 28.792159707745025 ], [ 83.022180640974042, 28.792130708343567 ], [ 83.022281578711585, 28.792084082770486 ], [ 83.022309578603242, 28.792068520170488 ], [ 83.022370952930601, 28.792044145699911 ], [ 83.022516327933758, 28.791972957864321 ], [ 83.022818765978954, 28.791812770463046 ], [ 83.023026140498672, 28.791681145902139 ], [ 83.023211140615587, 28.791544895138504 ], [ 83.023351453437826, 28.791433082898042 ], [ 83.023564702901766, 28.79125414531741 ], [ 83.023750390481112, 28.791084083281966 ], [ 83.023862765547904, 28.790976583073324 ], [ 83.023896515414464, 28.79093170845135 ], [ 83.023986265893512, 28.790848895908677 ], [ 83.024070391250305, 28.790790833506289 ], [ 83.024193765833999, 28.790703770905779 ], [ 83.024316952886451, 28.790645958113334 ], [ 83.024451015580652, 28.790613145474307 ], [ 83.024606827952894, 28.79062327033969 ], [ 83.024706828015994, 28.790648833085601 ], [ 83.024778765476341, 28.790687645660128 ], [ 83.024845203374014, 28.790742270448121 ], [ 83.025138015633118, 28.79099033322661 ], [ 83.025204390529879, 28.791049458417312 ], [ 83.025292703452266, 28.79111327092895 ], [ 83.025448203386958, 28.791197832838183 ], [ 83.02563645299162, 28.791302957704641 ], [ 83.025697328514809, 28.79136658281039 ], [ 83.025807766177678, 28.791471146009702 ], [ 83.025973578247815, 28.791605458188279 ], [ 83.026195015671135, 28.791758207920683 ], [ 83.026311265658165, 28.791822207705486 ], [ 83.026427828041506, 28.791852270537618 ], [ 83.026561202817888, 28.791898458030531 ], [ 83.026655577884171, 28.791941957664488 ], [ 83.026844453453037, 28.792013270809104 ], [ 83.027132577773116, 28.792141771000946 ], [ 83.027299078483878, 28.79220827059067 ], [ 83.027454828587153, 28.792263583450659 ], [ 83.0276435782405, 28.792312270316572 ], [ 83.027821453050407, 28.792354208295706 ], [ 83.028010640723224, 28.792389395614823 ], [ 83.02813276615349, 28.792410583403221 ], [ 83.028233077874901, 28.792429332907819 ], [ 83.028450077873629, 28.792437645891845 ], [ 83.028605891112022, 28.792443270579309 ], [ 83.028945578329669, 28.792475083232386 ], [ 83.029056828006745, 28.792496145959351 ], [ 83.029307078384491, 28.792536332909641 ], [ 83.029679641003369, 28.792613458045448 ], [ 83.029773765375069, 28.792647957977508 ], [ 83.029857141218727, 28.79266889557341 ], [ 83.029957390336747, 28.792698895937168 ], [ 83.030135015361424, 28.792734020698923 ], [ 83.030352078208907, 28.792769395941136 ], [ 83.030580202926302, 28.792820707639063 ], [ 83.030747015416935, 28.792851207825976 ], [ 83.030886078102228, 28.792872457862199 ], [ 83.031041640362901, 28.792911958422064 ], [ 83.031375328567293, 28.792968520947792 ], [ 83.031619890737133, 28.792999583167425 ], [ 83.031703202933585, 28.793034020472806 ], [ 83.031786515977942, 28.793054958241875 ], [ 83.031892515328977, 28.793060208436032 ], [ 83.03204801593543, 28.793095145911174 ], [ 83.032193015781431, 28.793096207782202 ], [ 83.032409828270275, 28.793122583094164 ], [ 83.032554765549833, 28.793132645295103 ], [ 83.032704765705319, 28.793145020294116 ], [ 83.032833077976747, 28.793150395295299 ], [ 83.033183953070932, 28.793152958481965 ], [ 83.03353476576585, 28.793159958179093 ], [ 83.033807577837663, 28.793182208448574 ], [ 83.033880078410363, 28.793166958221224 ], [ 83.03403614061591, 28.793154520160851 ], [ 83.034158828645459, 28.79314414516487 ], [ 83.034331452978847, 28.793136333477371 ], [ 83.034443015851195, 28.793116833277306 ], [ 83.034599265891728, 28.793113458436974 ], [ 83.034683015706605, 28.79309595827273 ], [ 83.035000891159427, 28.793028333390371 ], [ 83.03527439127312, 28.79298064539217 ], [ 83.035424891038133, 28.792972708524264 ], [ 83.035614265269714, 28.792953770366317 ], [ 83.036021203319379, 28.792947645965555 ], [ 83.036216328078964, 28.792933208442069 ], [ 83.036333203083629, 28.792929520773153 ], [ 83.036539390813019, 28.792926520804265 ], [ 83.036773641054722, 28.792903395644768 ], [ 83.037097140476988, 28.792851520738505 ], [ 83.03718070295443, 28.792843082919315 ], [ 83.037387203418504, 28.79281070802244 ], [ 83.037565640326761, 28.792762333138914 ], [ 83.037655203372168, 28.792738208522334 ], [ 83.03781126612499, 28.792719020841751 ], [ 83.038056953418121, 28.792666645996142 ], [ 83.038124140544369, 28.792637770389302 ], [ 83.038257953293623, 28.792600332914144 ], [ 83.038515328517306, 28.79249852091834 ], [ 83.038677390376932, 28.792420645767066 ], [ 83.038767203781575, 28.792369395934099 ], [ 83.038879328304347, 28.792286708230517 ], [ 83.039047203282706, 28.792204457781246 ], [ 83.039175827794082, 28.792139958173433 ], [ 83.039276515435262, 28.792086520406258 ], [ 83.039416702927966, 28.791985958250137 ], [ 83.039607640449347, 28.791829395527738 ], [ 83.039657891183992, 28.791791457966255 ], [ 83.039781515817893, 28.791684020649846 ], [ 83.039960766047983, 28.79158602047395 ], [ 83.04023451583565, 28.79147520845488 ], [ 83.040385641269509, 28.791399583394451 ], [ 83.040536828638153, 28.791321645816083 ], [ 83.0406042661008, 28.79126358343753 ], [ 83.040766828770884, 28.79113152080545 ], [ 83.040896141130702, 28.791028770956508 ], [ 83.041013578698369, 28.790966395492312 ], [ 83.041120078151977, 28.790903958498294 ], [ 83.041226390322805, 28.790834770329816 ], [ 83.041400327783165, 28.790714208108554 ], [ 83.041674890448903, 28.790515333459116 ], [ 83.041759078116229, 28.790446020332062 ], [ 83.041882515326677, 28.79035889573268 ], [ 83.042067703452247, 28.790202332809191 ], [ 83.042219265848445, 28.79008158279499 ], [ 83.042499516098701, 28.789887270338518 ], [ 83.04257820300775, 28.789824770306215 ], [ 83.042696015503822, 28.78972177018785 ], [ 83.042903703783068, 28.78955177038771 ], [ 83.043021266065622, 28.789469145619034 ], [ 83.04313332784038, 28.78940227061732 ], [ 83.043206453429676, 28.789353145497408 ], [ 83.04330726534387, 28.789283895902319 ], [ 83.043453078766063, 28.789163082959998 ], [ 83.04373357778401, 28.788944020169708 ], [ 83.043806578792825, 28.788872332657263 ], [ 83.043918640651981, 28.788794207976487 ], [ 83.044126328032206, 28.788633208294289 ], [ 83.044333891219921, 28.788476770708996 ], [ 83.04446870349544, 28.788364958463834 ], [ 83.044563640765546, 28.788306957742268 ], [ 83.04470376629591, 28.788210958160054 ], [ 83.044832765577922, 28.788146458345256 ], [ 83.045118203230118, 28.787972520966992 ], [ 83.045274890665269, 28.787894645669223 ], [ 83.045482140660113, 28.787774270162803 ], [ 83.045694827976604, 28.787653958016566 ], [ 83.045862765586492, 28.787564895360525 ], [ 83.04597476614363, 28.787493520950584 ], [ 83.046064577924113, 28.787440020977044 ], [ 83.046210015879637, 28.787362083149723 ], [ 83.046394765780434, 28.787246082629689 ], [ 83.046467890382814, 28.787196958378264 ], [ 83.046608141222237, 28.787089645458764 ], [ 83.046731140726038, 28.787007082791614 ], [ 83.047061828255821, 28.786795083436154 ], [ 83.04725801596696, 28.786658832781292 ], [ 83.047470891239797, 28.78651827066885 ], [ 83.047588766207355, 28.78644014592863 ], [ 83.04768939102955, 28.786395707849834 ], [ 83.047784328371492, 28.786371582675624 ], [ 83.047828515398137, 28.786407957654117 ], [ 83.047872702864368, 28.786442145263155 ], [ 83.048066891108846, 28.786522458473829 ], [ 83.048327890735735, 28.786616832899323 ], [ 83.048589015671794, 28.786702082886833 ], [ 83.048783390353321, 28.786762083015489 ], [ 83.048877516099807, 28.7867965832191 ], [ 83.048938952854698, 28.786801582801619 ], [ 83.049412453721729, 28.786795895372542 ], [ 83.049518203018238, 28.786783083268528 ], [ 83.049613015449495, 28.786777020590442 ], [ 83.049841641282924, 28.786769582948423 ], [ 83.050064702870756, 28.786737270592788 ], [ 83.050293390712568, 28.786684770674896 ], [ 83.050634203394026, 28.786594645356288 ], [ 83.050762578014442, 28.786554957935479 ], [ 83.050930203573913, 28.786501958247893 ], [ 83.05107520330516, 28.786464646001829 ], [ 83.051198327873124, 28.786415895707009 ], [ 83.051337766185952, 28.786387520941375 ], [ 83.051494015977852, 28.786339020195012 ], [ 83.051667390928358, 28.786292770928732 ], [ 83.051912640744987, 28.786249457922555 ], [ 83.052219266016124, 28.786217770979938 ], [ 83.052347327866286, 28.786214146011773 ], [ 83.052481390840029, 28.786185770236806 ], [ 83.05279357798797, 28.786138333028482 ], [ 83.052866577803158, 28.786109520467374 ], [ 83.0529333910426, 28.786080645533314 ], [ 83.053128453731702, 28.786061707982579 ], [ 83.053312828152798, 28.786033708461982 ], [ 83.053390891137099, 28.786004895911464 ], [ 83.053580953709428, 28.785943083237328 ], [ 83.053793203128762, 28.785870082862413 ], [ 83.053932766169808, 28.785837270182011 ], [ 83.054100141195406, 28.785804582663701 ], [ 83.054267578049632, 28.785765145592219 ], [ 83.054329140980755, 28.785756582685188 ], [ 83.054423703730478, 28.785741395441907 ], [ 83.054629891250954, 28.785738333306966 ], [ 83.054747141266688, 28.785725645405808 ], [ 83.055008640735693, 28.785727458227203 ], [ 83.05528695286182, 28.785747458240767 ], [ 83.055715640648856, 28.78577977082124 ], [ 83.055910328196546, 28.785805895819681 ], [ 83.055977203519149, 28.785810958187113 ], [ 83.056049391226452, 28.785827270585902 ], [ 83.056455890829582, 28.785834583307295 ], [ 83.056594953561628, 28.785855895247849 ], [ 83.056745390675829, 28.785856957740055 ], [ 83.05679014088507, 28.785827895199592 ], [ 83.056857453151622, 28.785783270797648 ], [ 83.056975140298647, 28.785725395679851 ], [ 83.057008515570175, 28.785716645553954 ], [ 83.057047390404819, 28.785730458048825 ], [ 83.057124890901704, 28.785764832850361 ], [ 83.057313890884217, 28.785831582644942 ], [ 83.057397266047118, 28.785841145932029 ], [ 83.057770453569901, 28.785848270925928 ], [ 83.057820702843102, 28.785844207958029 ], [ 83.057887578668925, 28.78581527052356 ], [ 83.057954453158871, 28.785811207972728 ], [ 83.058127516227998, 28.785796645971917 ], [ 83.058205453582346, 28.785779145545291 ], [ 83.058339640663107, 28.78573502100787 ], [ 83.058473141234629, 28.785735832639354 ], [ 83.058835203482758, 28.785733895766256 ], [ 83.058991390756546, 28.785739458079686 ], [ 83.059275265350351, 28.785745958396202 ], [ 83.059481640891221, 28.785727083215921 ], [ 83.05961514061255, 28.785714520480226 ], [ 83.059938703186361, 28.785691957645341 ], [ 83.060106078303619, 28.785659270768559 ], [ 83.060440890812202, 28.785587145232036 ], [ 83.060597266178817, 28.785525082825281 ], [ 83.060692578570851, 28.785476083399164 ], [ 83.060848827956505, 28.785434333239589 ], [ 83.061010890438723, 28.785385832921421 ], [ 83.06125632870561, 28.785324395235723 ], [ 83.061474202920209, 28.785267145698523 ], [ 83.061585890736296, 28.785231895251055 ], [ 83.061887141252129, 28.785161833045919 ], [ 83.062160828111018, 28.785089270481436 ], [ 83.062289140440399, 28.785056333075353 ], [ 83.062395203495512, 28.78504577075558 ], [ 83.062445266206367, 28.785037082782591 ], [ 83.062523640811051, 28.785003770509164 ], [ 83.062674328501203, 28.784980020846213 ], [ 83.06283045364053, 28.784951770685929 ], [ 83.062947641039599, 28.784914270633237 ], [ 83.063059265797321, 28.784883458212949 ], [ 83.063215765604269, 28.784855208397108 ], [ 83.063321578327944, 28.784837895625795 ], [ 83.063505640521768, 28.784798583066319 ], [ 83.063695453627503, 28.784761520948081 ], [ 83.063879640549786, 28.784713145253388 ], [ 83.064041891108332, 28.784655582678955 ], [ 83.064158953585832, 28.784622582659637 ], [ 83.064332202934168, 28.78457870831587 ], [ 83.064449265828145, 28.784554708364233 ], [ 83.064566391118873, 28.784521645255921 ], [ 83.064695016305009, 28.78449320786423 ], [ 83.064867890732202, 28.784451583467273 ], [ 83.065119141205187, 28.784383333480292 ], [ 83.065236703304578, 28.784341332945036 ], [ 83.065437703042988, 28.784272770654532 ], [ 83.065616328327295, 28.784235645536764 ], [ 83.065750078126868, 28.784207270555363 ], [ 83.065900952918895, 28.784158645394182 ], [ 83.066046453021528, 28.784105520634487 ], [ 83.066264015534543, 28.784043833148282 ], [ 83.066420516065548, 28.783975020378833 ], [ 83.066554578309933, 28.783946582681377 ], [ 83.066828203400803, 28.783880832997387 ], [ 83.067146453281893, 28.783765707813352 ], [ 83.067241640487381, 28.783725770814844 ], [ 83.06737032870133, 28.783643208411092 ], [ 83.067493766246869, 28.783551520870489 ], [ 83.067667953389233, 28.783399333435913 ], [ 83.06781370322588, 28.783278520123837 ], [ 83.067920453173912, 28.78318677024027 ], [ 83.068038390463869, 28.783070270313402 ], [ 83.068195453227673, 28.782933770972399 ], [ 83.068346952844948, 28.782815208454281 ], [ 83.068487078294552, 28.782719208002487 ], [ 83.068633265824417, 28.782582583492886 ], [ 83.068756765343068, 28.782450333236323 ], [ 83.068863703273493, 28.782338270410616 ], [ 83.068948327904153, 28.782212520706597 ], [ 83.068999265974753, 28.78213839577176 ], [ 83.069066828722498, 28.782030583180344 ], [ 83.069179327948532, 28.781905020923823 ], [ 83.06926382834456, 28.781797333070411 ], [ 83.069359703067235, 28.781669395634204 ], [ 83.069449891044471, 28.781568521003464 ], [ 83.069539515992403, 28.781499207656001 ], [ 83.069679265780536, 28.781441520144359 ], [ 83.069830890534632, 28.781304957878397 ], [ 83.069909453475915, 28.781217520508754 ], [ 83.070022453039783, 28.78103777036161 ], [ 83.070090578242571, 28.780900645485552 ], [ 83.070125265586498, 28.780781333454016 ], [ 83.070131452924144, 28.780693395859434 ], [ 83.070121515487131, 28.780555708265091 ], [ 83.070094640432558, 28.780442707766564 ], [ 83.07006782837496, 28.780329770862089 ], [ 83.070024890668904, 28.780148957837671 ], [ 83.070025703545369, 28.780061020235355 ], [ 83.070037328546164, 28.780011457668188 ], [ 83.070082328559451, 28.779957583197724 ], [ 83.070132952921895, 28.779912833489487 ], [ 83.070266766174058, 28.779875395356541 ], [ 83.070350453238831, 28.779862458224635 ], [ 83.070478390425123, 28.779872332708976 ], [ 83.070561765828714, 28.779886458372367 ], [ 83.070728328102575, 28.779946270780631 ], [ 83.070822702931437, 28.779996520218017 ], [ 83.070972078073964, 28.780110395678292 ], [ 83.071060577858603, 28.780165145318481 ], [ 83.07111582810019, 28.780219645497787 ], [ 83.071220765779969, 28.780328645439582 ], [ 83.071358515997019, 28.780496520157957 ], [ 83.071507765878238, 28.780635207812303 ], [ 83.071618078535636, 28.7807532709034 ], [ 83.071772265379039, 28.780946082644764 ], [ 83.071838203164532, 28.78105933321633 ], [ 83.07192576564276, 28.781215582740572 ], [ 83.0720302037073, 28.7813900210088 ], [ 83.072117765712861, 28.781546270406899 ], [ 83.072178578042596, 28.781616645132708 ], [ 83.072261578490028, 28.781684895531654 ], [ 83.072377203536476, 28.781818770807533 ], [ 83.072432390924391, 28.781877770195585 ], [ 83.07251489120577, 28.781995645178394 ], [ 83.072608703280991, 28.782100082841133 ], [ 83.072719015764747, 28.782222645218432 ], [ 83.072857390450935, 28.782322895693323 ], [ 83.07295164054355, 28.782377645694297 ], [ 83.073106828298279, 28.782462207941606 ], [ 83.073361765470693, 28.782590270501256 ], [ 83.073478140718578, 28.782670020759532 ], [ 83.073572640635732, 28.782704457677514 ], [ 83.073738828078092, 28.782804958492036 ], [ 83.073843703654958, 28.782893645252752 ], [ 83.073954328753672, 28.782977833286836 ], [ 83.0741703280395, 28.783130520417256 ], [ 83.074403077926931, 28.783274145702805 ], [ 83.074546891199304, 28.783374457918736 ], [ 83.074669078027654, 28.783418145485523 ], [ 83.074807890643896, 28.783468708362658 ], [ 83.074991077966232, 28.783533145903707 ], [ 83.075113015588528, 28.783603957804615 ], [ 83.075301202962407, 28.783722520519866 ], [ 83.075401203618625, 28.78377733347784 ], [ 83.075478578417886, 28.783823020930726 ], [ 83.075722765848226, 28.783941958262979 ], [ 83.075977578388787, 28.784081332759644 ], [ 83.076038828394232, 28.784106583473491 ], [ 83.076205015807631, 28.784213770647032 ], [ 83.076382265821593, 28.784327770439756 ], [ 83.076481953455485, 28.784387083345536 ], [ 83.076653390461885, 28.784516832883188 ], [ 83.07687464108686, 28.784685270222635 ], [ 83.077018890880197, 28.784769770435226 ], [ 83.077290640342341, 28.78488439587024 ], [ 83.077501328118075, 28.784989583519131 ], [ 83.077634453114911, 28.785062708399742 ], [ 83.077784578787444, 28.785108895887159 ], [ 83.077956578365544, 28.785159645181761 ], [ 83.07809007784104, 28.785194333497685 ], [ 83.078229078204373, 28.785224707950135 ], [ 83.078490515352271, 28.785276145456912 ], [ 83.078607078233674, 28.785306208513106 ], [ 83.07895157806206, 28.785410020122068 ], [ 83.079256765527006, 28.785536270350899 ], [ 83.079518015603668, 28.785610208165615 ], [ 83.079645515883016, 28.78566527042096 ], [ 83.079800828049258, 28.785731707957993 ], [ 83.079912077902634, 28.785750520724182 ], [ 83.080073516043285, 28.785776458452261 ], [ 83.080262078551797, 28.785847645573728 ], [ 83.080373328621548, 28.785866457964282 ], [ 83.080612640956275, 28.785917708259628 ], [ 83.080879328760474, 28.785982708116677 ], [ 83.081157328373735, 28.786038770534457 ], [ 83.081212828561434, 28.786063958156458 ], [ 83.081240765843503, 28.78605508289866 ], [ 83.081252266133902, 28.786021332700479 ], [ 83.081290453798516, 28.785940395393649 ], [ 83.081320141268307, 28.785877457786906 ], [ 83.081393890369071, 28.785747082690889 ], [ 83.081478391304643, 28.78563489595825 ], [ 83.081557328097816, 28.785511332920422 ], [ 83.081630515558459, 28.785410270394973 ], [ 83.081704453117354, 28.785268707775742 ], [ 83.081727453174764, 28.785165083186314 ], [ 83.081717265929527, 28.785047708072184 ], [ 83.081712766125932, 28.784941645967148 ], [ 83.081714390514435, 28.784756707813123 ], [ 83.08174045382053, 28.784337207683169 ], [ 83.081758828245967, 28.784247082818638 ], [ 83.081787453198714, 28.784051020477357 ], [ 83.081807202845908, 28.78380752099827 ], [ 83.081830765965847, 28.78367464591221 ], [ 83.081836265336406, 28.783561833375686 ], [ 83.081841765437559, 28.783442270131939 ], [ 83.081874391320824, 28.783266520460209 ], [ 83.081906452973115, 28.783185582790516 ], [ 83.081925203804218, 28.783054895719779 ], [ 83.081953015405134, 28.782946707927909 ], [ 83.081972515996867, 28.782768645534798 ], [ 83.082000266080968, 28.782631208439284 ], [ 83.082041953726019, 28.782439770132289 ], [ 83.08208414124627, 28.782232520976979 ], [ 83.08210682794946, 28.782160458513179 ], [ 83.082129703704595, 28.782106458482858 ], [ 83.08214845375602, 28.782011833196872 ], [ 83.08215770318624, 28.781946458093319 ], [ 83.082212516038794, 28.781829520131708 ], [ 83.082239702854096, 28.781757520702332 ], [ 83.082253766330766, 28.781678708457878 ], [ 83.082290141025254, 28.781588708483284 ], [ 83.082326828307984, 28.781496458277509 ], [ 83.082372203104768, 28.781390707902961 ], [ 83.082460765372957, 28.781224395215084 ], [ 83.08267945325801, 28.780887457895666 ], [ 83.082855953137226, 28.780613458169743 ], [ 83.083089016252544, 28.780247395911097 ], [ 83.083300703522553, 28.779905833074402 ], [ 83.083406577862249, 28.77976445807877 ], [ 83.083652641318679, 28.779484082863796 ], [ 83.083738265320903, 28.779389957867881 ], [ 83.083934515924156, 28.779240145462897 ], [ 83.084085953122369, 28.779128333195136 ], [ 83.084321516012636, 28.778947207919749 ], [ 83.08446126569801, 28.778884957802987 ], [ 83.084662328257707, 28.778811895598249 ], [ 83.084718328141008, 28.778778458308889 ], [ 83.084780328569693, 28.778715770342359 ], [ 83.084842328296219, 28.778616895931513 ], [ 83.084926577986465, 28.778529458308693 ], [ 83.08502739110385, 28.778462458072177 ], [ 83.085161765480947, 28.778397958158848 ], [ 83.085362390815561, 28.778365458498147 ], [ 83.085485202859687, 28.778341458273513 ], [ 83.085663703546331, 28.778308832735803 ], [ 83.085792140592503, 28.778280395392674 ], [ 83.085875765868849, 28.778251645655153 ], [ 83.085959828358526, 28.778202583499162 ], [ 83.086194578366516, 28.778111645133649 ], [ 83.086289578527399, 28.778082957646816 ], [ 83.086434640707139, 28.778038833235165 ], [ 83.086624640723926, 28.777981457849144 ], [ 83.086786515715062, 28.777919395485657 ], [ 83.086870390564641, 28.77787933274243 ], [ 83.087027578046659, 28.777767645280385 ], [ 83.087106015649894, 28.777695957750755 ], [ 83.087168016249478, 28.777630895381677 ], [ 83.087235390332296, 28.777534396005901 ], [ 83.087342516303977, 28.777402020255774 ], [ 83.087438140757214, 28.777301145581646 ], [ 83.087539515956848, 28.777168770517992 ], [ 83.08761839070857, 28.777076770292229 ], [ 83.087769828609368, 28.776924395275611 ], [ 83.087887890350743, 28.776812395611238 ], [ 83.088067890745862, 28.776626395414652 ], [ 83.088236328687145, 28.776471832629746 ], [ 83.088444015792163, 28.776261207765977 ], [ 83.088551015887404, 28.776131083388371 ], [ 83.088680265974872, 28.775994333033267 ], [ 83.088736515587655, 28.775924770622478 ], [ 83.088888578831515, 28.775740833148038 ], [ 83.089017765331448, 28.775608583103708 ], [ 83.089102140634623, 28.775509895391966 ], [ 83.089197453590728, 28.775442833180758 ], [ 83.089349140900907, 28.775301770236126 ], [ 83.089461202984154, 28.775223520198725 ], [ 83.089578640763222, 28.775156645636439 ], [ 83.089757640390658, 28.775074395897022 ], [ 83.089875391310244, 28.775005270831972 ], [ 83.090071203221996, 28.774898270577623 ], [ 83.090239265821282, 28.77479114542168 ], [ 83.090457328020477, 28.77467077042003 ], [ 83.090557953792498, 28.774617332873369 ], [ 83.090664703449846, 28.774521020938995 ], [ 83.090866641196499, 28.774344145894847 ], [ 83.091158453168049, 28.774095708008648 ], [ 83.091265078058157, 28.774012958457853 ], [ 83.091338015828399, 28.773945770333313 ], [ 83.091540078521632, 28.773755395419322 ], [ 83.091697765817457, 28.773580458498227 ], [ 83.091849078274691, 28.773443895692676 ], [ 83.092017702942272, 28.773262270340293 ], [ 83.092287577974744, 28.77299564560445 ], [ 83.092405577823897, 28.772863333226113 ], [ 83.092450453127512, 28.772820770579155 ], [ 83.092534828039774, 28.772722083301993 ], [ 83.092709328408162, 28.772531458224428 ], [ 83.092832703244667, 28.77243527057249 ], [ 83.092995453157755, 28.772273957735639 ], [ 83.093107702832327, 28.772175458119708 ], [ 83.093332141120669, 28.771976207639081 ], [ 83.093495327870855, 28.771796770914897 ], [ 83.093568328163784, 28.771722833009104 ], [ 83.093731640496429, 28.771532208165727 ], [ 83.093917203078291, 28.77131233267151 ], [ 83.09404114120639, 28.77115752065561 ], [ 83.094164828449067, 28.770991395451642 ], [ 83.094260453697402, 28.770888270533479 ], [ 83.094333515700441, 28.770805270859597 ], [ 83.09457507832758, 28.770592645952359 ], [ 83.094670578245101, 28.770480458144856 ], [ 83.094777515485674, 28.770352583149499 ], [ 83.094867578362951, 28.770231270851777 ], [ 83.094963515425576, 28.770089833161666 ], [ 83.094997953383555, 28.769990833171441 ], [ 83.095071515917738, 28.76984920761554 ], [ 83.095269390714847, 28.769512145941317 ], [ 83.095370516310865, 28.769400020533194 ], [ 83.095404328279372, 28.769341582917107 ], [ 83.095416203045147, 28.769262708304101 ], [ 83.095467015841507, 28.769195332677331 ], [ 83.095607390378035, 28.769058708413546 ], [ 83.09583214099564, 28.768827833342772 ], [ 83.0959332660467, 28.76872239595291 ], [ 83.096113078041114, 28.768545458397636 ], [ 83.096163578677661, 28.768478083108274 ], [ 83.096253703096863, 28.768383958160467 ], [ 83.096343578640813, 28.768278520995455 ], [ 83.096383016337953, 28.768229145485993 ], [ 83.096467203828055, 28.768155270798378 ], [ 83.096646890579237, 28.767994082776084 ], [ 83.096837640905846, 28.767844207660243 ], [ 83.096932765679881, 28.767761333202987 ], [ 83.097123640687371, 28.767600208467293 ], [ 83.097347703331494, 28.767446020719831 ], [ 83.097577203263029, 28.767294145620085 ], [ 83.097750765662113, 28.767207333036538 ], [ 83.097907203020199, 28.767140707745991 ], [ 83.098074953372773, 28.767067395315724 ], [ 83.098192078464606, 28.767029708439381 ], [ 83.098331641139112, 28.76698558288383 ], [ 83.098543952937405, 28.766937395453102 ], [ 83.098772641065594, 28.766880270507734 ], [ 83.099101766035474, 28.766828333132047 ], [ 83.09925807828543, 28.766781957647954 ], [ 83.099676703294676, 28.766665207894793 ], [ 83.10012876551734, 28.766541895392173 ], [ 83.100184640876506, 28.766517458232375 ], [ 83.10020164131349, 28.766476957789987 ], [ 83.100219015785186, 28.766425207992668 ], [ 83.100253390497997, 28.766301332742408 ], [ 83.10030532806239, 28.766105395324043 ], [ 83.100367891301076, 28.765934395661251 ], [ 83.100448515544116, 28.76565064582795 ], [ 83.100505828362046, 28.765450270964191 ], [ 83.100550952983426, 28.765376083038063 ], [ 83.100585140957492, 28.765272583198826 ], [ 83.100636078376496, 28.765189457903478 ], [ 83.100675640751092, 28.765131020142974 ], [ 83.100681640687824, 28.765067895792033 ], [ 83.100772390901184, 28.764897083498642 ], [ 83.100930202840885, 28.764668020790797 ], [ 83.101076265736353, 28.764506520747872 ], [ 83.101318015880906, 28.76423295801629 ], [ 83.101632890879515, 28.763901145619531 ], [ 83.101795578530499, 28.763739770616873 ], [ 83.101907953064298, 28.763623208285249 ], [ 83.102059765665885, 28.763457270391438 ], [ 83.102127328475575, 28.76338102014769 ], [ 83.10221176602586, 28.763277832965521 ], [ 83.102347015525083, 28.763102770742627 ], [ 83.102465515577194, 28.762907270873121 ], [ 83.10252789090498, 28.762763333164688 ], [ 83.102640890636422, 28.762567832684518 ], [ 83.102810203826209, 28.762309457755453 ], [ 83.102894953631491, 28.762167895496319 ], [ 83.102951328308833, 28.762084833310499 ], [ 83.103036078318596, 28.761938770753265 ], [ 83.103166141198741, 28.761738833211094 ], [ 83.103211265841011, 28.761664708372464 ], [ 83.103323890677117, 28.761518770143152 ], [ 83.103453266092103, 28.761357208035083 ], [ 83.103565891204525, 28.761215832957578 ], [ 83.103706516353824, 28.761049770116653 ], [ 83.103796141181704, 28.760971458061732 ], [ 83.10383026619516, 28.760913020226827 ], [ 83.10392039103283, 28.760776020176817 ], [ 83.104027765699499, 28.760609770772341 ], [ 83.10409564084398, 28.760492958350955 ], [ 83.104152078735439, 28.760400833365182 ], [ 83.104208578750274, 28.760306458212479 ], [ 83.104253953057068, 28.760205207997487 ], [ 83.104282640734283, 28.760101645337027 ], [ 83.104300078261943, 28.760009270789197 ], [ 83.104317328271037, 28.759939458272981 ], [ 83.104317890742649, 28.759871770360672 ], [ 83.10431895312216, 28.759758958300811 ], [ 83.104315516264137, 28.759517583149183 ], [ 83.104312265878306, 28.759258082980796 ], [ 83.10434464094439, 28.758728145266193 ], [ 83.104352266271988, 28.758468770389555 ], [ 83.104352765661616, 28.758410145618885 ], [ 83.104365078360885, 28.75828164520032 ], [ 83.104400015810455, 28.758090083411251 ], [ 83.104429391027125, 28.757909833164803 ], [ 83.104464578328731, 28.757734082822161 ], [ 83.104493578471448, 28.757585395564057 ], [ 83.104527827937332, 28.757472833148025 ], [ 83.104562328002487, 28.757330895168007 ], [ 83.10458026578965, 28.757218208409348 ], [ 83.104620203504254, 28.757076395771445 ], [ 83.104643141274835, 28.757013332812964 ], [ 83.104649515569605, 28.756900582962519 ], [ 83.104655828690667, 28.756835208032729 ], [ 83.104679578326483, 28.756645895642507 ], [ 83.104698515469067, 28.75641364555322 ], [ 83.104704703567265, 28.756321145830761 ], [ 83.104705765369957, 28.756199333288855 ], [ 83.104701391149888, 28.756075270274618 ], [ 83.104680078136553, 28.755948770493422 ], [ 83.104664577991244, 28.755811082616294 ], [ 83.104632140886253, 28.755677833266489 ], [ 83.104627266332372, 28.755610020853155 ], [ 83.104627641109332, 28.75556489584665 ], [ 83.104611578137366, 28.75549714556719 ], [ 83.10459039103506, 28.755354833162539 ], [ 83.104536578735491, 28.755137957794474 ], [ 83.104499203526345, 28.754941395769116 ], [ 83.104478703299606, 28.754754020857217 ], [ 83.104473828090732, 28.754652458233934 ], [ 83.104458203662873, 28.754539583341973 ], [ 83.104426703515912, 28.754322770934102 ], [ 83.104421702903878, 28.754230270150526 ], [ 83.104428202861456, 28.754146833353207 ], [ 83.104434390481671, 28.754063395387146 ], [ 83.104451827997522, 28.753964270863325 ], [ 83.104470078844017, 28.753813270756275 ], [ 83.104505391236302, 28.753576582871901 ], [ 83.104517203533248, 28.753509020868648 ], [ 83.104517515352626, 28.753468395639416 ], [ 83.104590828418068, 28.75335608291098 ], [ 83.10478170342094, 28.753185895484009 ], [ 83.105095015396898, 28.752996208479679 ], [ 83.105408453123616, 28.75279295776712 ], [ 83.105666202868463, 28.752627770526239 ], [ 83.105806328631175, 28.752515895570092 ], [ 83.105946515980392, 28.752399520660905 ], [ 83.106126140779281, 28.752238270784837 ], [ 83.106271827902589, 28.75211739559052 ], [ 83.106389516059735, 28.752014395512187 ], [ 83.106552265349222, 28.751877832895371 ], [ 83.106597265993699, 28.751819520250436 ], [ 83.106681827948989, 28.751698270317718 ], [ 83.106788515880012, 28.751604208415614 ], [ 83.106945265636597, 28.751492395157459 ], [ 83.107040766206438, 28.751409583196804 ], [ 83.107080141173952, 28.751371520705025 ], [ 83.107219766099959, 28.751318270874986 ], [ 83.107353515735085, 28.751280833448359 ], [ 83.107498827845347, 28.751245645189123 ], [ 83.107655203025047, 28.751183520426672 ], [ 83.107794890737281, 28.751125833363513 ], [ 83.107929016158806, 28.751038707823525 ], [ 83.108074953280294, 28.75092689584579 ], [ 83.109083452871189, 28.750004083232504 ], [ 83.10934495322104, 28.749730645736413 ], [ 83.109471015939548, 28.749623083217607 ], [ 83.109678953616367, 28.749475583249374 ], [ 83.10978032802285, 28.749408582616315 ], [ 83.110061391177965, 28.749178082732364 ], [ 83.110186390470915, 28.749151833098146 ], [ 83.110283328420635, 28.749073458035411 ], [ 83.110563078350339, 28.74895577051058 ], [ 83.110736640950876, 28.748909520816145 ], [ 83.111151266268777, 28.748761083368183 ], [ 83.111324827855498, 28.748669770294921 ], [ 83.111450203082001, 28.748643520142348 ], [ 83.111681703595366, 28.748548020466508 ], [ 83.111911140581455, 28.748434458141151 ], [ 83.112133203718798, 28.748323145367134 ], [ 83.112398391325186, 28.748225582663778 ], [ 83.112707266287075, 28.748058457664094 ], [ 83.112813891348139, 28.747980208387055 ], [ 83.112987828392946, 28.74784595809432 ], [ 83.113036328378428, 28.747819208274571 ], [ 83.113230015713526, 28.747660332904346 ], [ 83.113664390833662, 28.747455582608467 ], [ 83.113956453565621, 28.74727927090149 ], [ 83.114150078098902, 28.747120395556703 ], [ 83.114456015673397, 28.746784020229082 ], [ 83.114533703602405, 28.746673958423322 ], [ 83.114568015349391, 28.746588457949748 ], [ 83.114607203824775, 28.74649620794829 ], [ 83.11469089133297, 28.746280207767875 ], [ 83.114747140763612, 28.746131645720137 ], [ 83.114924828302321, 28.745600457824203 ], [ 83.11495545356685, 28.745384082926726 ], [ 83.114994765819802, 28.745321145931591 ], [ 83.114996890362931, 28.745061708255712 ], [ 83.115047016097648, 28.744502583405605 ], [ 83.115066578226163, 28.744457582933311 ], [ 83.115096140870747, 28.744405833071099 ], [ 83.115091828419679, 28.744308833088667 ], [ 83.115144453235686, 28.744067833297876 ], [ 83.115276515981378, 28.743809208125253 ], [ 83.115359265908396, 28.743674395632063 ], [ 83.115422265819589, 28.743602645537955 ], [ 83.11563001565807, 28.743477582607824 ], [ 83.115788953685879, 28.743453895880666 ], [ 83.11587570293257, 28.743445458306386 ], [ 83.115943141109966, 28.743416520219146 ], [ 83.116082766339375, 28.743408520334093 ], [ 83.116164702993714, 28.743363832761993 ], [ 83.116299702936644, 28.743321895088755 ], [ 83.116444391245693, 28.743250645985267 ], [ 83.116608453408517, 28.743179520619194 ], [ 83.116810953178472, 28.743113145494029 ], [ 83.117013015859399, 28.74309189576066 ], [ 83.117173641192437, 28.743135832736247 ], [ 83.117288515648227, 28.743208770515064 ], [ 83.117498828508658, 28.743354520710277 ], [ 83.117752515970736, 28.74347570814281 ], [ 83.117853140955489, 28.743487583330339 ], [ 83.117900890718147, 28.743521832924415 ], [ 83.117982703754336, 28.743531395161789 ], [ 83.118222390897557, 28.743609645769297 ], [ 83.118476390806208, 28.743694770755877 ], [ 83.118802266065913, 28.743832270229728 ], [ 83.119001016129332, 28.743899020558242 ], [ 83.119221141079734, 28.744022208222919 ], [ 83.119355641227813, 28.744036645616148 ], [ 83.11941307886255, 28.744070833265681 ], [ 83.119494578564741, 28.744078145601485 ], [ 83.119537453673672, 28.744114520492197 ], [ 83.119681766086259, 28.744115457634866 ], [ 83.119768265921536, 28.744140833038895 ], [ 83.120080515646777, 28.744147458139448 ], [ 83.120548890443189, 28.744195583173248 ], [ 83.121398953337319, 28.744291332685879 ], [ 83.121696078141767, 28.744381270983528 ], [ 83.122232015799568, 28.744655457621562 ], [ 83.122795390668003, 28.745130583286876 ], [ 83.12292682847864, 28.745214957859105 ], [ 83.123032265665074, 28.745262957893924 ], [ 83.123118266246976, 28.745322208212194 ], [ 83.123243328123138, 28.745327520535255 ], [ 83.123405953639264, 28.74539177056463 ], [ 83.123511828322293, 28.745401520705762 ], [ 83.123780765501849, 28.745416708029392 ], [ 83.12420832877244, 28.745448832674274 ], [ 83.124679328708382, 28.745451895988964 ], [ 83.124763390577556, 28.745468207771246 ], [ 83.124815953348104, 28.745486583280606 ], [ 83.124993890811254, 28.745487770374226 ], [ 83.125046515775551, 28.745508395858831 ], [ 83.125099640650831, 28.745513270610413 ], [ 83.125157078105715, 28.745531708219307 ], [ 83.125402140893101, 28.7455332705239 ], [ 83.125973703324917, 28.745609145980929 ], [ 83.126088703148469, 28.745630207736731 ], [ 83.126323578545112, 28.745703895637831 ], [ 83.126397890927763, 28.74573370814587 ], [ 83.126532328229175, 28.745772958313598 ], [ 83.126714452895982, 28.745841770159693 ], [ 83.126877578654245, 28.745851895642716 ], [ 83.126992765674601, 28.74588645762201 ], [ 83.127603265660326, 28.745890395385814 ], [ 83.12821851571843, 28.745905583169758 ], [ 83.128271015626979, 28.745944332946085 ], [ 83.12857376579349, 28.745939520649223 ], [ 83.128934641053903, 28.745908020409196 ], [ 83.129353640425052, 28.745815957762744 ], [ 83.129665828155879, 28.745826957755629 ], [ 83.130735078720889, 28.746156458331214 ], [ 83.130845577981518, 28.746186520965988 ], [ 83.131114640613305, 28.746192770791033 ], [ 83.131195890736606, 28.746233895252839 ], [ 83.131282453006648, 28.746247957678932 ], [ 83.13135426602625, 28.74627327014489 ], [ 83.131445453367206, 28.746278332852867 ], [ 83.131527203676526, 28.746296895115236 ], [ 83.131632640465085, 28.746317958418395 ], [ 83.131670890740722, 28.746336207756315 ], [ 83.131781453840844, 28.746348207761482 ], [ 83.132014265911465, 28.746410582768348 ], [ 83.132172015487299, 28.746486082668785 ], [ 83.132406015785847, 28.746670270432539 ], [ 83.132558765693616, 28.746806645660605 ], [ 83.132597016305766, 28.746824895644757 ], [ 83.132978953002493, 28.747156770540478 ], [ 83.133026766313151, 28.747175082643512 ], [ 83.13322770367968, 28.747293708414574 ], [ 83.133366516094199, 28.747380332927971 ], [ 83.133615328230633, 28.747517270493717 ], [ 83.133708703761997, 28.747560708214213 ], [ 83.133775515631498, 28.74761077065931 ], [ 83.133938203261124, 28.747706583245478 ], [ 83.134110702955994, 28.747786645874772 ], [ 83.134205953016263, 28.7478730202584 ], [ 83.134349890990052, 28.747923520458066 ], [ 83.134631078170401, 28.74793439537012 ], [ 83.134962266353881, 28.747970333289015 ], [ 83.135630765978092, 28.747931770467915 ], [ 83.13598620340575, 28.747976957963083 ], [ 83.136553453218326, 28.747955708177756 ], [ 83.13734657818263, 28.747972020489986 ], [ 83.138007640593969, 28.74797627020908 ], [ 83.138767828630264, 28.747879583088114 ], [ 83.139104766102761, 28.747841082947872 ], [ 83.139321265763328, 28.747810895934766 ], [ 83.139455952881846, 28.747775645109392 ], [ 83.139660890470736, 28.747729583039916 ], [ 83.139752265520784, 28.747705333442561 ], [ 83.139839452984617, 28.747649520305423 ], [ 83.140138578384082, 28.74751152093523 ], [ 83.140558203860834, 28.747333770542387 ], [ 83.140664203333827, 28.747282583017132 ], [ 83.141012015706536, 28.747090707884134 ], [ 83.14112295323946, 28.747023770317192 ], [ 83.141190953444692, 28.746963270966599 ], [ 83.141316265998782, 28.746900895923151 ], [ 83.141408016282767, 28.746876708030925 ], [ 83.14149720329668, 28.746838895705292 ], [ 83.141641765401715, 28.746776645314537 ], [ 83.141762828509698, 28.746687145796539 ], [ 83.141913015730495, 28.746552770935779 ], [ 83.142052828226298, 28.746476957651272 ], [ 83.142173516370207, 28.74643714566621 ], [ 83.142245516048121, 28.746437582703773 ], [ 83.142298515630685, 28.74640858309121 ], [ 83.142635141111981, 28.746412958322736 ], [ 83.142683391361004, 28.746383958213269 ], [ 83.142808578053518, 28.746364395922672 ], [ 83.142924390905392, 28.746297457978169 ], [ 83.143059141237401, 28.746289333468276 ], [ 83.143513515545052, 28.746253833470121 ], [ 83.14360982812174, 28.746258958352705 ], [ 83.143686390391352, 28.746284270935639 ], [ 83.143989328121336, 28.746299645231485 ], [ 83.144056390704108, 28.746315958337004 ], [ 83.144104140970455, 28.746343333398723 ], [ 83.144171578202133, 28.746355020442508 ], [ 83.144257641210402, 28.746393895372329 ], [ 83.144339016035829, 28.746421520208642 ], [ 83.144488203741673, 28.746417895660187 ], [ 83.144603203086689, 28.746468270423247 ], [ 83.144847828247549, 28.746537520287383 ], [ 83.145260703884631, 28.746607832792225 ], [ 83.145735828031789, 28.746696520352284 ], [ 83.1458315163501, 28.746735520091459 ], [ 83.145994453788333, 28.746799708137701 ], [ 83.146157890417967, 28.746816520756415 ], [ 83.146344766217069, 28.746894395499336 ], [ 83.14655057832708, 28.746963395385968 ], [ 83.146728391148699, 28.746973520204399 ], [ 83.146786078612166, 28.74700777013188 ], [ 83.146905953295843, 28.747017520881709 ], [ 83.146992515675009, 28.747042895622076 ], [ 83.147261578801192, 28.747053582905192 ], [ 83.14741214100188, 28.747027458104792 ], [ 83.147250266184798, 28.746821208247223 ], [ 83.146548765575872, 28.746045207985194 ], [ 83.14611232881326, 28.745611520763692 ], [ 83.146074578018229, 28.745532332743853 ], [ 83.145839953194567, 28.745303020284783 ], [ 83.145743515993985, 28.745187333091103 ], [ 83.145668078157641, 28.745074083260707 ], [ 83.145628828836522, 28.744976770988973 ], [ 83.14558070373478, 28.744877207983503 ], [ 83.145560578745815, 28.744791395755826 ], [ 83.145533203627451, 28.744734833019219 ], [ 83.145520141097549, 28.74465127087673 ], [ 83.14550395381724, 28.744477457690937 ], [ 83.145488328082976, 28.744272020939501 ], [ 83.145456765763981, 28.744100395413628 ], [ 83.145451203616446, 28.743924395194675 ], [ 83.145423703289254, 28.74387683302357 ], [ 83.145351766397724, 28.743750020503644 ], [ 83.14533139068817, 28.743659708213755 ], [ 83.145249141365937, 28.743544020129406 ], [ 83.145228577884509, 28.743474020432153 ], [ 83.14515307808152, 28.743356270583494 ], [ 83.145114765548612, 28.743162020768935 ], [ 83.145053266373338, 28.742999145838901 ], [ 83.144947203277297, 28.742784207834429 ], [ 83.14490726547254, 28.742583145425954 ], [ 83.144894203459714, 28.742452208413503 ], [ 83.144873891003556, 28.742397957928855 ], [ 83.14485270312251, 28.742246645785116 ], [ 83.144801953536643, 28.742070395761555 ], [ 83.144774577960177, 28.742013770597637 ], [ 83.144769015841305, 28.741835520647513 ], [ 83.144748641203634, 28.741783520320141 ], [ 83.144742577964934, 28.741661645185442 ], [ 83.144701203389104, 28.741595958032931 ], [ 83.144707640490793, 28.741476457669748 ], [ 83.144676141093953, 28.741058895546736 ], [ 83.144628078276398, 28.740559958047314 ], [ 83.144523016205099, 28.740218770193373 ], [ 83.144497828094515, 28.740087645384058 ], [ 83.144541140502866, 28.739918770103074 ], [ 83.144651641327741, 28.739587832918993 ], [ 83.144750640538589, 28.739380895813714 ], [ 83.144803766202344, 28.739261707890613 ], [ 83.144827516345558, 28.739133270483446 ], [ 83.144824516078103, 28.738871520935572 ], [ 83.144797015470928, 28.73882845796475 ], [ 83.144776327939184, 28.738774207782996 ], [ 83.144789203050024, 28.738063645191318 ], [ 83.144833078456145, 28.738016583081947 ], [ 83.144834453522463, 28.737856395933406 ], [ 83.144900141212133, 28.737480083176521 ], [ 83.144926391032683, 28.737245645452138 ], [ 83.144932453350833, 28.737128332738326 ], [ 83.144947015696516, 28.737067520390397 ], [ 83.145003266366146, 28.737000208221719 ], [ 83.145087453807207, 28.73688333266302 ], [ 83.145109766118267, 28.736727895421314 ], [ 83.145090953200693, 28.736445770784179 ], [ 83.145049890418008, 28.735951457925079 ], [ 83.144997516023395, 28.735779645487767 ], [ 83.144955140450477, 28.735402645567703 ], [ 83.144845015895925, 28.734862770659639 ], [ 83.144721703818846, 28.734404020580794 ], [ 83.144637890724269, 28.734010958354233 ], [ 83.144641578276335, 28.73375377012211 ], [ 83.144679640913026, 28.733587083088917 ], [ 83.14487682871021, 28.733274770420895 ], [ 83.144898578341383, 28.733191395775862 ], [ 83.144983078873196, 28.733070145536466 ], [ 83.144983703566439, 28.733002458090578 ], [ 83.145053765911086, 28.73292845797798 ], [ 83.145117328294631, 28.732816020702906 ], [ 83.145329203030371, 28.73260983344581 ], [ 83.145570703796196, 28.732419645724747 ], [ 83.145784078606567, 28.732305895079794 ], [ 83.145951390668756, 28.732232520530129 ], [ 83.14639139084629, 28.732021020476761 ], [ 83.146478641327192, 28.731994457854761 ], [ 83.146621828729891, 28.731936707667529 ], [ 83.146748765736405, 28.731903645405367 ], [ 83.146898640848192, 28.731886582837422 ], [ 83.147076640427954, 28.731799707675428 ], [ 83.147167577987716, 28.731752895533909 ], [ 83.147397702929084, 28.731661833094613 ], [ 83.147548140885689, 28.731565770379444 ], [ 83.147660391013673, 28.731462707840731 ], [ 83.147692515439203, 28.731370395777809 ], [ 83.147703266119407, 28.73130283346396 ], [ 83.147822515406503, 28.731195270428621 ], [ 83.147908766053092, 28.731058208471847 ], [ 83.148021765792194, 28.730853645202458 ], [ 83.148074828770291, 28.730738895123725 ], [ 83.148103391246906, 28.730653332987909 ], [ 83.148107391339522, 28.73059020759673 ], [ 83.148077453036748, 28.730418582648138 ], [ 83.148025890933525, 28.730346020972508 ], [ 83.147924265535664, 28.730210020307361 ], [ 83.147817641209414, 28.730062770376065 ], [ 83.147684015433924, 28.729816020710569 ], [ 83.147622890646247, 28.72965320770993 ], [ 83.147533328684517, 28.729533020585698 ], [ 83.147414890597403, 28.729342770678823 ], [ 83.147384203185325, 28.729265895166936 ], [ 83.147329265444583, 28.729170770085219 ], [ 83.147316266053082, 28.729080458410706 ], [ 83.14720626584581, 28.728915082840757 ], [ 83.14719282803182, 28.728833770694337 ], [ 83.147117516185133, 28.728693457680606 ], [ 83.146984078643001, 28.728419645644522 ], [ 83.146820890480896, 28.728188520439009 ], [ 83.146755703711065, 28.728059582642906 ], [ 83.146701015399529, 28.727941833095819 ], [ 83.146688266221204, 28.72781764516758 ], [ 83.146660827958399, 28.727758833407748 ], [ 83.146650266342533, 28.727569270728612 ], [ 83.146612203754714, 28.7275261459531 ], [ 83.146606078102394, 28.727453957993138 ], [ 83.146541078681125, 28.727306958002746 ], [ 83.146531141033449, 28.727227895888834 ], [ 83.146493390427537, 28.727178020416375 ], [ 83.146445890510833, 28.727046833424406 ], [ 83.146319453649014, 28.726739207895225 ], [ 83.146239828653407, 28.726504083040872 ], [ 83.146238266006478, 28.726260457690337 ], [ 83.146197203282156, 28.726192520513504 ], [ 83.146198141312695, 28.725407457616807 ], [ 83.146247203463574, 28.725355832616653 ], [ 83.146254953151953, 28.725272457672368 ], [ 83.14631214059915, 28.725083270244433 ], [ 83.146393828778073, 28.724871770456591 ], [ 83.146525703101474, 28.724710145157282 ], [ 83.146602953209609, 28.724613645738224 ], [ 83.146666891326504, 28.724460645329025 ], [ 83.146747641217829, 28.724361895666263 ], [ 83.146838703187015, 28.724260895454002 ], [ 83.146994953447177, 28.724085957863934 ], [ 83.147249265850121, 28.723618270960447 ], [ 83.147421515588093, 28.723407395586374 ], [ 83.147630015389893, 28.723178520922623 ], [ 83.147879391170008, 28.722880020919103 ], [ 83.147914828483366, 28.722812583345284 ], [ 83.147936515840371, 28.722702207900809 ], [ 83.147971828419344, 28.722650520867198 ], [ 83.147969141196967, 28.722345958393838 ], [ 83.147927640724006, 28.722291520621116 ], [ 83.147931516240774, 28.722255458168984 ], [ 83.147907703365377, 28.722192145748668 ], [ 83.147849640736595, 28.722054145391333 ], [ 83.147647203773587, 28.721732520526473 ], [ 83.147532453671886, 28.72152202061962 ], [ 83.147512516024833, 28.721373020145791 ], [ 83.147474890839561, 28.721323145720259 ], [ 83.147457891380725, 28.721246332986173 ], [ 83.147437515527784, 28.721194270676826 ], [ 83.147424453065128, 28.721119770332027 ], [ 83.147382828798811, 28.721076645871943 ], [ 83.147391328650073, 28.720893957664092 ], [ 83.147349828357093, 28.720850833073079 ], [ 83.147350578324861, 28.720751583109131 ], [ 83.147379391278832, 28.720632207914456 ], [ 83.147444390960899, 28.720341582733308 ], [ 83.147544141360129, 28.720080520689795 ], [ 83.147660828712915, 28.719812770233961 ], [ 83.148469203860273, 28.718128083258705 ], [ 83.148468078383644, 28.718064957951604 ], [ 83.148552078684219, 28.717997833070893 ], [ 83.148608578443756, 28.717894395806042 ], [ 83.148679141349604, 28.717752707746154 ], [ 83.148707640751368, 28.717673895706326 ], [ 83.148771140661879, 28.717575082992322 ], [ 83.148792703655758, 28.717482708454025 ], [ 83.148863141348983, 28.717354520271353 ], [ 83.149012328007643, 28.717179520187074 ], [ 83.14906870293575, 28.717091895543888 ], [ 83.149170890730304, 28.716961707772448 ], [ 83.149294016241171, 28.716766207879367 ], [ 83.149459016249665, 28.716579958156025 ], [ 83.14955045301663, 28.716467770289739 ], [ 83.149693703321191, 28.716358145120278 ], [ 83.149797453625467, 28.716221145432936 ], [ 83.149948578685141, 28.716052895535093 ], [ 83.150064703322343, 28.715848333215476 ], [ 83.150121515982931, 28.715713333121542 ], [ 83.150149890520794, 28.715645833315296 ], [ 83.150185453000418, 28.715555833136758 ], [ 83.150231078005476, 28.715488395661634 ], [ 83.15031320294014, 28.715224958185612 ], [ 83.150445890672046, 28.714955082852132 ], [ 83.150719515930973, 28.714467270549022 ], [ 83.15090176546866, 28.71427889557776 ], [ 83.150989766029639, 28.714159895432076 ], [ 83.15111601542182, 28.714011770294789 ], [ 83.15137195334249, 28.713774270235376 ], [ 83.151618578576347, 28.713577270482705 ], [ 83.151839203275728, 28.713391395351788 ], [ 83.151902078096242, 28.713366958242815 ], [ 83.152143578250559, 28.713172208430819 ], [ 83.152195953441648, 28.713145458400071 ], [ 83.152475640601097, 28.712935145382616 ], [ 83.152563516042363, 28.712825207962311 ], [ 83.152644640824164, 28.71268358286277 ], [ 83.15274545319312, 28.712474395662102 ], [ 83.152798640576847, 28.712352895852138 ], [ 83.15285870304541, 28.712238207967115 ], [ 83.152897515433466, 28.712150458062617 ], [ 83.152936828630615, 28.712037895301229 ], [ 83.15296901541474, 28.711927582706121 ], [ 83.153006016167069, 28.711862395840981 ], [ 83.153006765792014, 28.711772145264067 ], [ 83.153049078726184, 28.711722770096088 ], [ 83.153063828261878, 28.71159877079965 ], [ 83.15308489066895, 28.711556082909926 ], [ 83.153096827886841, 28.711391458028523 ], [ 83.153122640546826, 28.71120433294719 ], [ 83.153120327958575, 28.711057708347052 ], [ 83.153082953623127, 28.710928895092785 ], [ 83.152991828120918, 28.710806458251152 ], [ 83.152803202909638, 28.710478207881099 ], [ 83.152741515816999, 28.710392082785265 ], [ 83.152643453224329, 28.710251583154328 ], [ 83.152574952982562, 28.710140583081117 ], [ 83.1524854531812, 28.710013708159611 ], [ 83.152430391143312, 28.709936645714745 ], [ 83.152375640676468, 28.709825770486919 ], [ 83.15231014102298, 28.709737395090258 ], [ 83.152300828594974, 28.709620020294469 ], [ 83.152354203735626, 28.709473707590465 ], [ 83.152438953536674, 28.709314083403481 ], [ 83.152472891140931, 28.709190207953117 ], [ 83.152480702949916, 28.709090957743946 ], [ 83.152519203796189, 28.709039332609706 ], [ 83.152525015623183, 28.7087551456247 ], [ 83.152476765733951, 28.708705207781655 ], [ 83.152485265515239, 28.708531520220188 ], [ 83.152442140465112, 28.708481645150627 ], [ 83.152446141358055, 28.707987582923291 ], [ 83.152460952984299, 28.707852332897954 ], [ 83.152507640381174, 28.707699208381278 ], [ 83.152591141109198, 28.707456082570182 ], [ 83.152595828147838, 28.707313957786511 ], [ 83.152634703398476, 28.707246520383709 ], [ 83.152629953503236, 28.706964582723575 ], [ 83.152588453144617, 28.706912332830662 ], [ 83.152564203875414, 28.706709145481927 ], [ 83.152540827954553, 28.706593958415557 ], [ 83.152520515615706, 28.706537458260041 ], [ 83.152521953659445, 28.706354707819663 ], [ 83.152509078158104, 28.706210270248921 ], [ 83.152469390616673, 28.705973145260963 ], [ 83.15240682868739, 28.705756145765058 ], [ 83.152318078034455, 28.705534520695231 ], [ 83.152278328835266, 28.705270333176959 ], [ 83.152185765971026, 28.705125270822894 ], [ 83.152167765412244, 28.704976333305993 ], [ 83.152140266333319, 28.704926520860543 ], [ 83.152134015789457, 28.704840770829264 ], [ 83.1521137031839, 28.70478195775355 ], [ 83.152086827965746, 28.70466227004988 ], [ 83.152025265825372, 28.704558082956879 ], [ 83.151963516392399, 28.704444895928244 ], [ 83.151937266026934, 28.704252957832875 ], [ 83.151990453634127, 28.70412020792854 ], [ 83.152048202941216, 28.704055145845714 ], [ 83.152114765563852, 28.704005895775623 ], [ 83.152118953550371, 28.703929270341998 ], [ 83.152217453763768, 28.703774208177382 ], [ 83.152316141198412, 28.703632708377494 ], [ 83.152375328337527, 28.703596957893488 ], [ 83.15246995388523, 28.703518583402115 ], [ 83.152491265810966, 28.703457832848613 ], [ 83.152899453393559, 28.703092645489775 ], [ 83.153217390415776, 28.70289383344463 ], [ 83.153388765420203, 28.702784395167544 ], [ 83.153619765460235, 28.702578270150372 ], [ 83.153648140836509, 28.702508520620746 ], [ 83.153697766330211, 28.702389270159184 ], [ 83.15372820334963, 28.702303708104484 ], [ 83.153746203073538, 28.702206833368166 ], [ 83.153792390444622, 28.702078520208037 ], [ 83.153828765937291, 28.701889270621606 ], [ 83.153867640561856, 28.701837583268691 ], [ 83.153917078105707, 28.701725083293738 ], [ 83.154036203172424, 28.701588208395638 ], [ 83.154200266240906, 28.701508020655652 ], [ 83.154322515608115, 28.701461395175691 ], [ 83.154443391092443, 28.701344895321146 ], [ 83.154485453560213, 28.701286457888749 ], [ 83.154528077953145, 28.701201020509846 ], [ 83.154542328310185, 28.701133458361468 ], [ 83.154539516406288, 28.70104995788218 ], [ 83.154515703301101, 28.700988895226519 ], [ 83.154412141351855, 28.700898020638991 ], [ 83.154243140511795, 28.700757020098745 ], [ 83.154065140685603, 28.700616083112291 ], [ 83.153691765601025, 28.700349770871423 ], [ 83.153535953845036, 28.700238270220435 ], [ 83.153357078015873, 28.700011583416124 ], [ 83.153288203024999, 28.699936645734311 ], [ 83.15323695377127, 28.699828082960916 ], [ 83.153158016328618, 28.699705770270491 ], [ 83.153073578421314, 28.699585645721587 ], [ 83.152909453513402, 28.699232770479835 ], [ 83.152793515438859, 28.698968020198397 ], [ 83.152696578861992, 28.69869445773308 ], [ 83.152666141138099, 28.698583707685767 ], [ 83.152653453147877, 28.698452770169339 ], [ 83.152611890696633, 28.698409645861471 ], [ 83.152605953809982, 28.698274270193352 ], [ 83.152575515423237, 28.698199582769394 ], [ 83.152565515681331, 28.698129583166999 ], [ 83.152541703412638, 28.698073082709666 ], [ 83.152532328304517, 28.697919583336652 ], [ 83.152494765538336, 28.69786520763834 ], [ 83.152433078892713, 28.697733957797411 ], [ 83.152426640501503, 28.697659457653799 ], [ 83.152413390918952, 28.697598520348741 ], [ 83.152352203089791, 28.697413145772824 ], [ 83.152246015389537, 28.697213895497732 ], [ 83.152194578439847, 28.697127895686005 ], [ 83.152016640712674, 28.696786082867753 ], [ 83.151969078512664, 28.696654958317929 ], [ 83.151952015985174, 28.696591707678824 ], [ 83.151956953061784, 28.696415770394761 ], [ 83.15192957868156, 28.696359145532501 ], [ 83.15190226586455, 28.69629133308084 ], [ 83.151909453350839, 28.696031895371949 ], [ 83.151907765794661, 28.695846895254988 ], [ 83.151853015646935, 28.695736020612259 ], [ 83.151708078778256, 28.69558620784564 ], [ 83.151590515944193, 28.695486207635021 ], [ 83.151461328147406, 28.69536583311373 ], [ 83.151316141044333, 28.695245395135622 ], [ 83.151229452974036, 28.695206457905737 ], [ 83.150983765542421, 28.695094395180323 ], [ 83.150914328009662, 28.695055645385349 ], [ 83.150849141152293, 28.694969457728504 ], [ 83.150738703237607, 28.694865020172688 ], [ 83.150628078251046, 28.694778583355859 ], [ 83.150475390782233, 28.694716708374688 ], [ 83.15027414067643, 28.694683832890654 ], [ 83.150057328495095, 28.694644145508665 ], [ 83.149974265624508, 28.694587208400005 ], [ 83.149814391319197, 28.69458620773753 ], [ 83.149759015834505, 28.69454977011705 ], [ 83.149654515886553, 28.694535582939992 ], [ 83.149585265566984, 28.694517082627179 ], [ 83.149449891113647, 28.694489145407648 ], [ 83.149338890872031, 28.694456895282418 ], [ 83.14925564098219, 28.694422520199844 ], [ 83.149075202908421, 28.694392083018943 ], [ 83.148974765722244, 28.694355332864902 ], [ 83.148520328650164, 28.69422839518597 ], [ 83.147928641339675, 28.694075770483312 ], [ 83.147567703467715, 28.69397427040288 ], [ 83.147144203801616, 28.693899395716546 ], [ 83.146748516351025, 28.693822520279429 ], [ 83.146354391270293, 28.69375902081066 ], [ 83.145937515969493, 28.693738395879283 ], [ 83.145673953885719, 28.693621645573611 ], [ 83.145554765727837, 28.693523895875686 ], [ 83.145428640933162, 28.693225270284778 ], [ 83.145322765825284, 28.692987770235661 ], [ 83.145242765543728, 28.692795457908471 ], [ 83.145230452998589, 28.69258108342115 ], [ 83.145209827895911, 28.692558458108078 ], [ 83.145189391358059, 28.692515395507208 ], [ 83.145181640801127, 28.692370895646466 ], [ 83.145154328124676, 28.69230989590308 ], [ 83.145134390948925, 28.692199207822156 ], [ 83.145114578386867, 28.692084020251265 ], [ 83.145102203191811, 28.691910270524602 ], [ 83.145077953163863, 28.691862707908509 ], [ 83.14506876597207, 28.691736332701627 ], [ 83.145050890543558, 28.691573708210957 ], [ 83.145017952897234, 28.691341207705513 ], [ 83.144946390429638, 28.691171457976786 ], [ 83.144888015910922, 28.691071895453799 ], [ 83.144860766392796, 28.691006332604779 ], [ 83.144829766322246, 28.690963270882449 ], [ 83.144716328813232, 28.690827208369711 ], [ 83.144604077913613, 28.690711395921518 ], [ 83.144539015418502, 28.690614020813474 ], [ 83.144432641008706, 28.690435082715439 ], [ 83.144419390860421, 28.690340270314884 ], [ 83.144371703470341, 28.690222645893765 ], [ 83.144344328202365, 28.690168333281477 ], [ 83.144338766002235, 28.689987833256335 ], [ 83.144347266372577, 28.689809645646452 ], [ 83.144383515803028, 28.689638395145398 ], [ 83.144536328340763, 28.68944308343492 ], [ 83.144879328433973, 28.689149770499025 ], [ 83.14491457886902, 28.689102582849891 ], [ 83.145220953832776, 28.688827020665439 ], [ 83.145276765394669, 28.688809333220068 ], [ 83.145367953640559, 28.688724207986247 ], [ 83.145375015983419, 28.6886813957362 ], [ 83.145567766060225, 28.68849983307253 ], [ 83.145799453092991, 28.68824189565925 ], [ 83.145966203618357, 28.688035395583181 ], [ 83.146064390758752, 28.687950270698028 ], [ 83.146142016174792, 28.687806395122124 ], [ 83.146163578746325, 28.687714020549787 ], [ 83.146181203478022, 28.687666770086725 ], [ 83.146203640414512, 28.687504457679648 ], [ 83.146245641283528, 28.687452832715078 ], [ 83.146246765627495, 28.687310707945478 ], [ 83.146254390593896, 28.687003957534341 ], [ 83.14628564071198, 28.686582270123154 ], [ 83.146355891103283, 28.68584502049983 ], [ 83.146427703192714, 28.685588270796185 ], [ 83.146527141036245, 28.685315895074208 ], [ 83.146682453275744, 28.685014583148526 ], [ 83.146817703365471, 28.684663520578844 ], [ 83.146853640611241, 28.684490020254831 ], [ 83.146980515592759, 28.684305832837502 ], [ 83.146987827934808, 28.684229145862631 ], [ 83.147259140716415, 28.683779645205991 ], [ 83.147387390949746, 28.683618020670085 ], [ 83.147499891232272, 28.68346308287941 ], [ 83.14761989101072, 28.683263082924 ], [ 83.147669953856209, 28.68308289512834 ], [ 83.147724953813494, 28.682932082711343 ], [ 83.147820390631395, 28.68275220758591 ], [ 83.148010453618653, 28.682462395412848 ], [ 83.14829082888248, 28.682195707651172 ], [ 83.148375078097018, 28.682099145502796 ], [ 83.148466828071406, 28.681910270479456 ], [ 83.148444328227114, 28.681684520172386 ], [ 83.148391391047298, 28.681591708035899 ], [ 83.148264265732536, 28.68136983313487 ], [ 83.147848453844176, 28.6809882080859 ], [ 83.147427328430567, 28.680626833427844 ], [ 83.146986015406924, 28.680387207874109 ], [ 83.146595891173575, 28.680071145242266 ], [ 83.146412703594692, 28.679948145205554 ], [ 83.146360328125368, 28.67993202019947 ], [ 83.146267202951364, 28.679868270182926 ], [ 83.146145828614465, 28.679808833188982 ], [ 83.14600082846728, 28.679704145873025 ], [ 83.145966015746012, 28.679703895577063 ], [ 83.145914203692456, 28.679665270742479 ], [ 83.145521703443947, 28.67939883304776 ], [ 83.145407203122971, 28.679359770820462 ], [ 83.145210578672234, 28.67919608256366 ], [ 83.145037453829872, 28.679093458216361 ], [ 83.144902828130427, 28.678979832894647 ], [ 83.144750641341915, 28.678888645735416 ], [ 83.144591765983947, 28.678765770694657 ], [ 83.144050266004768, 28.67846458325581 ], [ 83.143828765580409, 28.67833233336766 ], [ 83.14369020346885, 28.67826827078645 ], [ 83.14359357874045, 28.678197708052078 ], [ 83.143454891028554, 28.678142708169059 ], [ 83.143185578630295, 28.677913145570642 ], [ 83.143120078610792, 28.677831520209654 ], [ 83.142875015997305, 28.677599832824225 ], [ 83.142704827964707, 28.6773822075316 ], [ 83.142571015483824, 28.677162520308705 ], [ 83.142440890521954, 28.676918082657735 ], [ 83.142349578828245, 28.676822770027556 ], [ 83.142298015644229, 28.676759208420407 ], [ 83.142187578193813, 28.676650270062083 ], [ 83.142146453381457, 28.676600333133148 ], [ 83.142091265571338, 28.67654133268627 ], [ 83.141985453025242, 28.676299270377605 ], [ 83.141840890606304, 28.676108833371014 ], [ 83.141801391282698, 28.676047707827216 ], [ 83.141784703553384, 28.675979895688435 ], [ 83.141663828812725, 28.675870832995372 ], [ 83.141657453184578, 28.675825707643394 ], [ 83.141046016036086, 28.675311958006542 ], [ 83.140997453281727, 28.675309395699447 ], [ 83.140942078664338, 28.675275207871248 ], [ 83.140675828322713, 28.675104333111825 ], [ 83.140403890905191, 28.675001082964165 ], [ 83.140334453591393, 28.674964520723378 ], [ 83.139441390783759, 28.674952082856016 ], [ 83.139392203535621, 28.67499014576892 ], [ 83.139195890503146, 28.674988895060071 ], [ 83.138779266106013, 28.674945645571874 ], [ 83.138539266034229, 28.674926020140031 ], [ 83.138424828087267, 28.674916270634569 ], [ 83.138268578807327, 28.674906270260617 ], [ 83.138108953195925, 28.674833082768185 ], [ 83.137957203549973, 28.674694457911215 ], [ 83.137847515809867, 28.674502020676307 ], [ 83.137813828638002, 28.674402520259715 ], [ 83.137722578714047, 28.674257582767929 ], [ 83.137388202911325, 28.673930520347827 ], [ 83.137105016252377, 28.673721207548734 ], [ 83.136928327879858, 28.673625332745381 ], [ 83.136817390955883, 28.673584020143728 ], [ 83.135237078398092, 28.673623583406172 ], [ 83.135132828066801, 28.673625145551938 ], [ 83.135078828126368, 28.673658645188024 ], [ 83.134869953380047, 28.673661832639375 ], [ 83.134810891281887, 28.673693082619597 ], [ 83.134529141083107, 28.673698020139192 ], [ 83.134480265533554, 28.673729270114517 ], [ 83.134215827921722, 28.673763707976033 ], [ 83.133986015968489, 28.673789270586788 ], [ 83.133822391098406, 28.673817582642371 ], [ 83.133646328810741, 28.67388189564355 ], [ 83.133423766206519, 28.673876020689622 ], [ 83.133340390411888, 28.673911520826508 ], [ 83.133121328592978, 28.673912332921834 ], [ 83.133072328752135, 28.6739210829064 ], [ 83.132940078243706, 28.673945020501073 ], [ 83.132598891149939, 28.674017332874286 ], [ 83.132218328546514, 28.674023895712008 ], [ 83.131971516369916, 28.674015520306963 ], [ 83.13190564127261, 28.673976770257102 ], [ 83.131665828526593, 28.67397520808759 ], [ 83.131603453165553, 28.673936457777664 ], [ 83.131398516220074, 28.673935082724054 ], [ 83.13113445342421, 28.673919957964124 ], [ 83.130828578641172, 28.673906708386728 ], [ 83.130465515465829, 28.673884020816818 ], [ 83.130302015396325, 28.673892020860368 ], [ 83.13022182793938, 28.673923082580348 ], [ 83.129947078656684, 28.673930333184359 ], [ 83.129891266288453, 28.673950270423195 ], [ 83.129493453065677, 28.673956770687315 ], [ 83.129249703726387, 28.67400708323704 ], [ 83.129110202946478, 28.674049020273152 ], [ 83.128959953226968, 28.674124770465276 ], [ 83.128778641277975, 28.674200333245448 ], [ 83.128335515969198, 28.67438464539239 ], [ 83.128252203610941, 28.674409020676983 ], [ 83.128076078318756, 28.674477832545278 ], [ 83.127943703087723, 28.674476958326721 ], [ 83.127867016166178, 28.67450802042335 ], [ 83.127584515900068, 28.674634833119072 ], [ 83.127371765379593, 28.674725895878801 ], [ 83.127211203877252, 28.67479708276808 ], [ 83.127120327956945, 28.674855145742008 ], [ 83.126872453708188, 28.674977645587902 ], [ 83.12677132792497, 28.675024395599646 ], [ 83.126567141093489, 28.675122332644154 ], [ 83.126384890905726, 28.67526777071221 ], [ 83.126199141124502, 28.6754628333093 ], [ 83.126028015812651, 28.67557908323851 ], [ 83.125901641349486, 28.675697832754306 ], [ 83.125112140803452, 28.67639658295284 ], [ 83.125083828458841, 28.676452833397271 ], [ 83.125003141122789, 28.676542520382874 ], [ 83.124957640699492, 28.676591833052687 ], [ 83.124905015379227, 28.676609583324776 ], [ 83.124804328568928, 28.676608895476576 ], [ 83.124703703566269, 28.676596957729668 ], [ 83.124613515802878, 28.676560332752238 ], [ 83.124485390709395, 28.676505333167103 ], [ 83.124218702891923, 28.676390832627508 ], [ 83.123877453114872, 28.676239707953258 ], [ 83.123704203735954, 28.676191207985248 ], [ 83.123596765508154, 28.676154395784256 ], [ 83.123430203503787, 28.67611045797814 ], [ 83.123312265508559, 28.676062332764335 ], [ 83.123163203203376, 28.676032020488588 ], [ 83.122989390560576, 28.676012895405329 ], [ 83.122864766194567, 28.675964707542192 ], [ 83.122729828204953, 28.675884832639419 ], [ 83.122546890737922, 28.67573708293347 ], [ 83.122414141080313, 28.675591770829367 ], [ 83.122286828318096, 28.675437520378569 ], [ 83.122145452919739, 28.675290020627141 ], [ 83.122011578141866, 28.675088333324084 ], [ 83.121922891189158, 28.674905020354473 ], [ 83.121567765647143, 28.674316145850621 ], [ 83.120916952895072, 28.673172645282289 ], [ 83.120667640767778, 28.672435582837977 ], [ 83.120579890495407, 28.672103395275357 ], [ 83.12052726557188, 28.671742082528652 ], [ 83.120516390463493, 28.671590770502569 ], [ 83.120489015562967, 28.671541020229615 ], [ 83.120496703646452, 28.671464395920431 ], [ 83.120465828753126, 28.671405520396039 ], [ 83.120449203391246, 28.671326457786027 ], [ 83.120443328655256, 28.671186582764744 ], [ 83.1204514536022, 28.671058020029488 ], [ 83.120452641278646, 28.670918145759295 ], [ 83.120446891354618, 28.670769207831366 ], [ 83.12043470382703, 28.67057964533047 ], [ 83.120479016310114, 28.670440082760653 ], [ 83.120528328265777, 28.670393020718073 ], [ 83.12054951576701, 28.67034127030557 ], [ 83.120585266140694, 28.670235457808719 ], [ 83.120599952891709, 28.6701250208639 ], [ 83.120628141026046, 28.670077833318803 ], [ 83.120684765838959, 28.669958583347178 ], [ 83.12073464080774, 28.669807770470534 ], [ 83.120812390870014, 28.669648082974781 ], [ 83.120928203734238, 28.669520270778929 ], [ 83.121157890889975, 28.668944208139902 ], [ 83.121181140733569, 28.668917333036667 ], [ 83.121974328333735, 28.668320145865042 ], [ 83.122364641158242, 28.668288770250399 ], [ 83.122712827863253, 28.66821883261661 ], [ 83.122889265979936, 28.668068833341597 ], [ 83.123238390637638, 28.667960582655923 ], [ 83.123587203024641, 28.667852270380063 ], [ 83.123633266160653, 28.667737520469728 ], [ 83.123636765776126, 28.667584145739021 ], [ 83.123426078733999, 28.667314270761572 ], [ 83.1233863911811, 28.667160645339216 ], [ 83.123699703711296, 28.666709207541057 ], [ 83.124009765514501, 28.666408895649393 ], [ 83.124360453180444, 28.666223957852239 ], [ 83.125053265728681, 28.666235207605308 ], [ 83.125578203754657, 28.666015207848794 ], [ 83.125934328832884, 28.665602395833996 ], [ 83.126168578769565, 28.664845895449844 ], [ 83.12634889052211, 28.664542520725476 ], [ 83.126524703864291, 28.664430832931703 ], [ 83.126924891109809, 28.663982207990955 ], [ 83.126986828351974, 28.663878832843881 ], [ 83.126907078335918, 28.663587332816604 ], [ 83.126877078135593, 28.66296439524033 ], [ 83.126810578545999, 28.662499270825371 ], [ 83.12656926593985, 28.661908895402277 ], [ 83.126469891222541, 28.661132208264178 ], [ 83.126297390744767, 28.660727270442429 ], [ 83.126163015945821, 28.660658707977298 ], [ 83.126099765647211, 28.660346958375943 ], [ 83.126334016218081, 28.659588208157182 ], [ 83.126377391223429, 28.659369645383688 ], [ 83.126432078090261, 28.6590947707205 ], [ 83.126435577873238, 28.658943645352263 ], [ 83.126401952939986, 28.658523832854645 ], [ 83.126195453292866, 28.658100645513844 ], [ 83.125856140551861, 28.657789332517012 ], [ 83.125772140894256, 28.657673770098217 ], [ 83.12573701600806, 28.65733064564872 ], [ 83.125895078004504, 28.656113395686532 ], [ 83.125815765975773, 28.655808332732335 ], [ 83.125482578317062, 28.655230895479328 ], [ 83.12523001577236, 28.654922458391173 ], [ 83.125110765408678, 28.654463707796548 ], [ 83.125166328540587, 28.653929395500938 ], [ 83.124992203732717, 28.653761332525207 ], [ 83.124584641130014, 28.653366083374461 ], [ 83.124446390992986, 28.653232145819182 ], [ 83.124319078132217, 28.653116270044382 ], [ 83.123860702973218, 28.652346270537251 ], [ 83.123176891182851, 28.651953770178071 ], [ 83.12292276601859, 28.65171977062402 ], [ 83.122380265409205, 28.650834145226565 ], [ 83.121828140858398, 28.650368082732371 ], [ 83.121705391265735, 28.650060520370165 ], [ 83.12145282785616, 28.649752020413676 ], [ 83.121067640952134, 28.649555520444398 ], [ 83.120859891097382, 28.649170645585464 ], [ 83.120657828422452, 28.648557957715546 ], [ 83.120670266372926, 28.648023395155001 ], [ 83.120671202873254, 28.647984957947578 ], [ 83.120372641233786, 28.647791332980795 ], [ 83.120115328788984, 28.64767233331942 ], [ 83.119939703519137, 28.647380208064241 ], [ 83.119906891151473, 28.64732583265582 ], [ 83.119532578135818, 28.646671395073756 ], [ 83.119150891148095, 28.646321520209153 ], [ 83.119044828595349, 28.646239582676642 ], [ 83.118640453782376, 28.645932395055802 ], [ 83.118304766043693, 28.645470020284076 ], [ 83.118189078152838, 28.645277457892035 ], [ 83.11788795386417, 28.644776957628128 ], [ 83.117758765793198, 28.644552770680892 ], [ 83.117554891291874, 28.644199520024074 ], [ 83.117226328766691, 28.643430333041646 ], [ 83.11728032853263, 28.642974957546731 ], [ 83.117117953306746, 28.642515895437153 ], [ 83.117435015946711, 28.641911145192264 ], [ 83.117442328173368, 28.641606582826263 ], [ 83.11745351562891, 28.641566082722125 ], [ 83.117631203670427, 28.640924270051013 ], [ 83.117649078707601, 28.640161832569436 ], [ 83.117692016254153, 28.639889145789297 ], [ 83.11775076580075, 28.639515020723653 ], [ 83.117728952975895, 28.638601208038622 ], [ 83.117751641301794, 28.638526895687143 ], [ 83.117831828662517, 28.638268020765988 ], [ 83.117869266283662, 28.638146395701217 ], [ 83.118110578413237, 28.637083145536376 ], [ 83.118112641211951, 28.636988395665153 ], [ 83.118118516233707, 28.636740270865314 ], [ 83.117959640967385, 28.636127895645988 ], [ 83.118154266051079, 28.635217707503198 ], [ 83.117995453488518, 28.634605270366933 ], [ 83.11805645379107, 28.633843145249099 ], [ 83.117980391218509, 28.63338470770422 ], [ 83.117934140355672, 28.633253520055032 ], [ 83.117818016290954, 28.632925645084995 ], [ 83.117608640951289, 28.632617457949628 ], [ 83.117489453432071, 28.632156520277761 ], [ 83.117493266314838, 28.63200533270971 ], [ 83.117550515827517, 28.63188614586366 ], [ 83.117584328554074, 28.631816457616278 ], [ 83.117675140377955, 28.631627520360016 ], [ 83.11779432871235, 28.631477145243547 ], [ 83.117850265472086, 28.631362458122656 ], [ 83.117683391200472, 28.631284582527293 ], [ 83.117255140617232, 28.631085582885898 ], [ 83.116958578409765, 28.630812958217899 ], [ 83.116763202873415, 28.630705645237612 ], [ 83.116142265811803, 28.630692582919817 ], [ 83.113913453814476, 28.63095327032131 ], [ 83.113089265359051, 28.63143064562605 ], [ 83.110821390896632, 28.631657207626727 ], [ 83.109383827898654, 28.632089895282252 ], [ 83.109254953564658, 28.632129707889433 ], [ 83.107490015377309, 28.632943770722562 ], [ 83.106199828719937, 28.633072832534712 ], [ 83.105026078033575, 28.633306520338795 ], [ 83.104671453642297, 28.633649332618614 ], [ 83.103535516257622, 28.634020832994825 ], [ 83.102950141307971, 28.633949333225331 ], [ 83.101657578370364, 28.634353582989469 ], [ 83.100598703813901, 28.634829332909323 ], [ 83.099189953165663, 28.63512908260099 ], [ 83.098331328210321, 28.635019583258838 ], [ 83.096200078102498, 28.634290207623351 ], [ 83.094433203319312, 28.633899395128928 ], [ 83.093276827840228, 28.633514957924476 ], [ 83.09230176532806, 28.633348208040086 ], [ 83.089931827855722, 28.632093770207081 ], [ 83.088593265776822, 28.631599770056429 ], [ 83.087436952979743, 28.631215208238341 ], [ 83.086281515883002, 28.630722395059383 ], [ 83.085202141076607, 28.628506458164825 ], [ 83.084363265901942, 28.626725332661703 ], [ 83.082848203066121, 28.625476583045533 ], [ 83.080594077983918, 28.624976270813359 ], [ 83.078099953218299, 28.624043395599514 ], [ 83.076760577914811, 28.623657458371383 ], [ 83.074199265675858, 28.623425707826947 ], [ 83.072370078371762, 28.623250770643981 ], [ 83.070536702889015, 28.623506645351604 ], [ 83.069225890754552, 28.623337520543597 ], [ 83.065881890875374, 28.621913520863941 ], [ 83.062960141172454, 28.621031582521574 ], [ 83.061499265891172, 28.620590583214305 ], [ 83.060526265931799, 28.620207082671666 ], [ 83.059490828262255, 28.619985582830264 ], [ 83.058635766294941, 28.62003152010627 ], [ 83.057653203546465, 28.620726333084903 ], [ 83.056362515702034, 28.62173933264533 ], [ 83.05556301540112, 28.62243533279716 ], [ 83.05383201578563, 28.624900332644597 ], [ 83.052970391098057, 28.625701957780297 ], [ 83.049564828194477, 28.627724333158124 ], [ 83.046315953199979, 28.629262645559667 ], [ 83.044784765838017, 28.629842958138909 ], [ 83.043079203062049, 28.629454145508777 ], [ 83.041927452882305, 28.628584207586567 ], [ 83.040410453108819, 28.627605708095462 ], [ 83.039380391280687, 28.626790770444501 ], [ 83.037499453761953, 28.62559302022013 ], [ 83.036401141085349, 28.625531082498505 ], [ 83.035240640547897, 28.625631082749965 ], [ 83.034385891167958, 28.625676957584933 ], [ 83.033532515409249, 28.625564770732137 ], [ 83.031730952920526, 28.625657958202964 ], [ 83.029528078018018, 28.626289645219988 ], [ 83.026720140831159, 28.626323645020733 ], [ 83.025201828203606, 28.625505145005526 ], [ 83.024360516215353, 28.624098083166025 ], [ 83.023516890740225, 28.622907582910948 ], [ 83.022426453236392, 28.622037958322807 ], [ 83.021087827860853, 28.621597458151651 ], [ 83.019376827921036, 28.62185352013071 ], [ 83.017790578695184, 28.621790145767047 ], [ 83.016509515295368, 28.621726707935867 ], [ 83.015623578523403, 28.621826333346245 ], [ 83.014765828377676, 28.622196832978446 ], [ 83.013356640898024, 28.622779895461349 ], [ 83.012069516097, 28.62336383269961 ], [ 83.011946953324596, 28.623414833144452 ], [ 83.011090828743832, 28.623571083240183 ], [ 83.009688703542096, 28.623398395063099 ], [ 83.00871689056801, 28.622908582542109 ], [ 83.007804640262037, 28.622576957858307 ], [ 83.00725476623839, 28.622627083228778 ], [ 83.006216390302626, 28.62272777000657 ], [ 83.005538828455457, 28.623367958323957 ], [ 83.004743078240054, 28.623632895222364 ], [ 83.003216828225391, 28.623675770788786 ], [ 83.002243016237458, 28.623397895191417 ], [ 83.000839890938352, 28.623333458302064 ], [ 83.000000015367618, 28.623437770261432 ], [ 82.998601078166388, 28.625146520621335 ], [ 82.997413390860231, 28.625347520537204 ], [ 82.996492703374116, 28.625399395614174 ], [ 82.996087828091291, 28.626059645793852 ], [ 82.995952202770027, 28.626372145379428 ], [ 82.995756078185607, 28.626722707773975 ], [ 82.9951690157976, 28.626754457556274 ], [ 82.994576952947241, 28.626596645390105 ], [ 82.993827952976744, 28.626241395339726 ], [ 82.99290201577108, 28.6258397080924 ], [ 82.992325328431946, 28.625715895062953 ], [ 82.991482703533947, 28.626066020449418 ], [ 82.990770703583138, 28.626451020440761 ], [ 82.990365391159955, 28.627190207479121 ], [ 82.9901390779021, 28.627696145062618 ], [ 82.989671828378647, 28.62808745808513 ], [ 82.988837953228213, 28.628527895631375 ], [ 82.988307141239673, 28.629006707723935 ], [ 82.987818266072821, 28.629594145243182 ], [ 82.987374890697382, 28.629629145737912 ], [ 82.986664016121907, 28.629896770863692 ], [ 82.986262078573461, 28.63024577057557 ], [ 82.985728328077201, 28.630514708249883 ], [ 82.984891078205962, 28.630659645151194 ], [ 82.984311140991338, 28.630504145712351 ], [ 82.98359976605515, 28.630255145475875 ], [ 82.982902202846844, 28.629672395723496 ], [ 82.981766140958271, 28.629420208011236 ], [ 82.98095964063252, 28.629129895469951 ], [ 82.980374203283617, 28.628947270073262 ], [ 82.979746140499003, 28.629048582747625 ], [ 82.978925265986561, 28.628823582907177 ], [ 82.978223015287242, 28.628193395400441 ], [ 82.97738907774135, 28.627444895252438 ], [ 82.97650989029475, 28.626774957507344 ], [ 82.976486640499687, 28.626012270597922 ], [ 82.976512890525015, 28.625969645212891 ], [ 82.976518641022949, 28.62574408319141 ], [ 82.975858140862371, 28.624769020265074 ], [ 82.975689391116035, 28.623714207878283 ], [ 82.975239390675171, 28.622959582839009 ], [ 82.974887203270413, 28.622036458153435 ], [ 82.974061765656771, 28.620415020745735 ], [ 82.973649390370696, 28.619960645554752 ], [ 82.972870577985418, 28.619101958363064 ], [ 82.972469640948987, 28.618954583158928 ], [ 82.971879577754535, 28.618304895076793 ], [ 82.970928890503885, 28.617217020156126 ], [ 82.96981351585012, 28.616069333334028 ], [ 82.969025515972646, 28.61530308277543 ], [ 82.968136265196975, 28.614768395321697 ], [ 82.967115390346549, 28.614059020823575 ], [ 82.966191452843375, 28.613673020626628 ], [ 82.965036891165894, 28.613138520538804 ], [ 82.964242390230908, 28.613042270408727 ], [ 82.96305326572805, 28.612654145282828 ], [ 82.962127578257892, 28.612441770245802 ], [ 82.961169515904913, 28.612111832629179 ], [ 82.960609328643912, 28.61178720778938 ], [ 82.959815953661604, 28.611578082908203 ], [ 82.959287828015647, 28.611368707640896 ], [ 82.958829078494077, 28.610837332741831 ], [ 82.95844345360608, 28.610374145537456 ], [ 82.958450452775509, 28.609823707515002 ], [ 82.958949890925922, 28.607950583095064 ], [ 82.958287953152265, 28.60676564577091 ], [ 82.957595327722757, 28.605190207554223 ], [ 82.956584078223614, 28.603725020617375 ], [ 82.955965515326298, 28.602418583011548 ], [ 82.955865140824827, 28.601131957678849 ], [ 82.955653953529364, 28.600485083305099 ], [ 82.95527145285979, 28.599771520123994 ], [ 82.954764953132468, 28.599099832881897 ], [ 82.95463945335726, 28.598022770507587 ], [ 82.954588265913628, 28.597966020139864 ], [ 82.954659141022987, 28.59791239533283 ], [ 82.955166765228654, 28.59739970828084 ], [ 82.955385640353967, 28.597017833332536 ], [ 82.955819827877974, 28.595502958063875 ], [ 82.956159203419219, 28.594788145265493 ], [ 82.956346141015118, 28.594394833063806 ], [ 82.95639520295137, 28.593215332796905 ], [ 82.956339890437604, 28.593020894946662 ], [ 82.956597202805838, 28.592916832458705 ], [ 82.958430578362737, 28.591333707480732 ], [ 82.95901664117288, 28.590352395207216 ], [ 82.960144702955944, 28.589325457690776 ], [ 82.960702015863731, 28.588630395380967 ], [ 82.96133151578718, 28.587649395833704 ], [ 82.962464140587954, 28.585505832609925 ], [ 82.963736640234202, 28.58300014508092 ], [ 82.964244077837776, 28.581754208198884 ], [ 82.966004140917946, 28.581061520260373 ], [ 82.966867390371348, 28.580510895221874 ], [ 82.968321328294692, 28.579396270467026 ], [ 82.969375452925249, 28.578887583030887 ], [ 82.97063370315459, 28.577493957847185 ], [ 82.971777765583496, 28.577231895403553 ], [ 82.972424328038201, 28.576905144959131 ], [ 82.973042453352704, 28.576384207972875 ], [ 82.973820578203217, 28.575505707991002 ], [ 82.974594078366138, 28.575101020561803 ], [ 82.976347390978376, 28.574699145133565 ], [ 82.978386015557732, 28.574628770258311 ], [ 82.979431765614052, 28.575234457658709 ], [ 82.980376140594544, 28.575462645411008 ], [ 82.981447328688461, 28.574924769948773 ], [ 82.983051015651156, 28.573208708117978 ], [ 82.983822703733793, 28.571856394963667 ], [ 82.984434953138361, 28.571238332952717 ], [ 82.985215953644797, 28.570912520518931 ], [ 82.986894828477773, 28.571098770292917 ], [ 82.987427078335543, 28.57072602027867 ], [ 82.987663452859394, 28.569762208179323 ], [ 82.987551515353459, 28.568407770328779 ], [ 82.98775932794716, 28.567085020021569 ], [ 82.987277641049033, 28.565851895306885 ], [ 82.987269828274705, 28.564665270503632 ], [ 82.987542640759358, 28.563929582464247 ], [ 82.986828140951829, 28.562987957808634 ], [ 82.986422140930443, 28.5625902079688 ], [ 82.986090328518827, 28.562077833030994 ], [ 82.985728077755638, 28.561380332656739 ], [ 82.985365203221548, 28.560784270346204 ], [ 82.985096015379341, 28.56044383251508 ], [ 82.984635827814714, 28.559901270095551 ], [ 82.984384577888378, 28.559389520781711 ], [ 82.984133577900067, 28.558780770786438 ], [ 82.983887515788169, 28.557964457600153 ], [ 82.983581078181757, 28.5571771451656 ], [ 82.983406515227784, 28.556298270000806 ], [ 82.983208516159763, 28.555094333088093 ], [ 82.983059390596395, 28.554263020030881 ], [ 82.982652765817221, 28.553034957437951 ], [ 82.982578890231352, 28.552547082914625 ], [ 82.982535702753282, 28.551554145257885 ], [ 82.982462016061561, 28.55104602043809 ], [ 82.982387078438322, 28.550700270569578 ], [ 82.982155203515418, 28.550301458186922 ], [ 82.981792452988415, 28.549931020702626 ], [ 82.981483202928672, 28.549676020206736 ], [ 82.981029203356329, 28.549293645083242 ], [ 82.980802766181043, 28.549088895468422 ], [ 82.980463140466739, 28.548736645360343 ], [ 82.980108828370277, 28.548415895040673 ], [ 82.979698078120251, 28.548058645520832 ], [ 82.979372828280376, 28.547702020392688 ], [ 82.979132827793421, 28.547386582877962 ], [ 82.979036015440471, 28.547058770619511 ], [ 82.979038953014268, 28.546754207834887 ], [ 82.979170765218214, 28.546401020143012 ], [ 82.979316890896939, 28.546088520651278 ], [ 82.979076015231641, 28.545897270550075 ], [ 82.978650828151245, 28.545503770254943 ], [ 82.978128953102043, 28.545046394953069 ], [ 82.97767351583235, 28.544684208176019 ], [ 82.977208141138988, 28.544193458271614 ], [ 82.976907578029611, 28.543997145369008 ], [ 82.976681265224769, 28.543652520402532 ], [ 82.976227266215702, 28.543107645114997 ], [ 82.976018891069032, 28.542643520036943 ], [ 82.975767891155741, 28.542199582800542 ], [ 82.975091828532555, 28.542690770704333 ], [ 82.972853140629624, 28.543995895271095 ], [ 82.972667328049866, 28.544120770783177 ], [ 82.972508890670838, 28.544227895515437 ], [ 82.972121453212694, 28.544457332693913 ], [ 82.972087077856813, 28.544477395313478 ], [ 82.971776890199394, 28.544650957888713 ], [ 82.971335766014477, 28.544783020214386 ], [ 82.970960015606849, 28.545301270157591 ], [ 82.970732765647071, 28.545777832418295 ], [ 82.970704078577228, 28.545838520299807 ], [ 82.970189078229765, 28.546412145276388 ], [ 82.970017078416006, 28.546528145626343 ], [ 82.969898515476018, 28.546606207517566 ], [ 82.969371390885271, 28.546949645510974 ], [ 82.968682015500676, 28.547258020074814 ], [ 82.968588453351202, 28.547288894970183 ], [ 82.967733015561507, 28.547566645410683 ], [ 82.967346640889147, 28.547949458273138 ], [ 82.966705078051575, 28.549020708229733 ], [ 82.966319265765208, 28.549480207635625 ], [ 82.965937641174264, 28.549966833024246 ], [ 82.965803328007468, 28.549979395493942 ], [ 82.965420890701836, 28.549931333167674 ], [ 82.965284640800562, 28.549979958063123 ], [ 82.964939015308303, 28.550020145675088 ], [ 82.964321890739257, 28.550092145526865 ], [ 82.964097077898813, 28.550119770784541 ], [ 82.963945515437288, 28.550138895551498 ], [ 82.963427578623879, 28.550256770574446 ], [ 82.963255265311801, 28.550370519909137 ], [ 82.962953828136847, 28.550562270131152 ], [ 82.962824640687657, 28.550640207465385 ], [ 82.962266140358849, 28.55121345762117 ], [ 82.962009640309276, 28.551674020052456 ], [ 82.961880453133816, 28.551788082836861 ], [ 82.96153532831778, 28.551904958027674 ], [ 82.961016078089429, 28.551831083082885 ], [ 82.959975765427416, 28.551376457485375 ], [ 82.959629327968656, 28.55130158280501 ], [ 82.959420077819189, 28.551241332616257 ], [ 82.959369452813107, 28.55122745741836 ], [ 82.957985828668328, 28.551194208175321 ], [ 82.957640390224356, 28.551272770784227 ], [ 82.957123765886379, 28.551618520793166 ], [ 82.95701045342139, 28.551642457969272 ], [ 82.956951265992757, 28.551655520174901 ], [ 82.956736515766423, 28.551924583182409 ], [ 82.956525202680027, 28.552687770639608 ], [ 82.956353953691988, 28.552957145647504 ], [ 82.955667515939496, 28.553836207974005 ], [ 82.95536626582853, 28.55406627043325 ], [ 82.95497845332325, 28.554297957934438 ], [ 82.954805890337468, 28.554337208168935 ], [ 82.954761765890098, 28.554409020043888 ], [ 82.954549140886868, 28.554757082861421 ], [ 82.953991515840656, 28.555522083027832 ], [ 82.953960828540417, 28.555720270646255 ], [ 82.953820077781501, 28.555750832836505 ], [ 82.953474328502935, 28.55579102051728 ], [ 82.951918390810491, 28.55583545814055 ], [ 82.951054702958402, 28.556029582452993 ], [ 82.950017453236995, 28.556073394918208 ], [ 82.949672328090259, 28.55618814491751 ], [ 82.949372328446643, 28.556648208156918 ], [ 82.948985515969241, 28.557031020785946 ], [ 82.948468828031551, 28.557376582622965 ], [ 82.947951078055951, 28.557568958000388 ], [ 82.947231640639799, 28.557800207882241 ], [ 82.947008953614315, 28.55787295753721 ], [ 82.946872452721948, 28.55791702077498 ], [ 82.946354015830295, 28.557958082744516 ], [ 82.945800702772416, 28.557960582579774 ], [ 82.945705203482078, 28.557959832749603 ], [ 82.945014203166593, 28.558037957579153 ], [ 82.944367765892721, 28.558384833014518 ], [ 82.943120515907694, 28.559496333237554 ], [ 82.942821516030889, 28.560107645470151 ], [ 82.942784327796829, 28.560565332566391 ], [ 82.942781078206977, 28.560603707506353 ], [ 82.942568390655964, 28.561177270258217 ], [ 82.942383515484352, 28.561326958264761 ], [ 82.942204828335377, 28.561469957901846 ], [ 82.942138140458226, 28.561523583276959 ], [ 82.941102015190054, 28.561831270301649 ], [ 82.940929015500259, 28.561793895372894 ], [ 82.939892703527079, 28.562027207579597 ], [ 82.939201265649473, 28.562107520445828 ], [ 82.938856015698377, 28.562222145621455 ], [ 82.938079390730238, 28.562493520630493 ], [ 82.937948452902248, 28.562560207678271 ], [ 82.937777953274775, 28.562646832757217 ], [ 82.937680640233395, 28.562761145408537 ], [ 82.937648953586191, 28.562799270527133 ], [ 82.93743595299776, 28.563334520163568 ], [ 82.93713439095194, 28.563526145176887 ], [ 82.936876453397602, 28.563794833094381 ], [ 82.936620577875544, 28.564368082433013 ], [ 82.935975078475565, 28.564904457465769 ], [ 82.934983890822437, 28.565442645157695 ], [ 82.934466328643154, 28.565673207776147 ], [ 82.933774952768914, 28.565715145084855 ], [ 82.933505265484769, 28.565690458293361 ], [ 82.933048266034803, 28.565646207474931 ], [ 82.932996202908768, 28.565641333156059 ], [ 82.932521140692188, 28.565718832923203 ], [ 82.932219515808811, 28.56591270753831 ], [ 82.932014328327881, 28.566125457597735 ], [ 82.931961640943527, 28.566179145545174 ], [ 82.931789265534221, 28.566295082862975 ], [ 82.930883828275867, 28.566718895740443 ], [ 82.930855266049889, 28.566734457975365 ], [ 82.930366515881119, 28.566987770494379 ], [ 82.929802702808686, 28.56711420760875 ], [ 82.928639203051972, 28.567375708000412 ], [ 82.927255577821043, 28.56738058331316 ], [ 82.926858265950472, 28.56735033267368 ], [ 82.926779640806544, 28.567345208016782 ], [ 82.925742828595588, 28.567501708162229 ], [ 82.925396702990028, 28.567426770740475 ], [ 82.924952577801648, 28.567247270156773 ], [ 82.924833265544166, 28.567198957871785 ], [ 82.924313702860402, 28.567086582453936 ], [ 82.923795203581321, 28.567127582833297 ], [ 82.92327657801809, 28.567206957743519 ], [ 82.923245640339459, 28.567199895668601 ], [ 82.922757015680844, 28.567094520449093 ], [ 82.922410140228877, 28.566904519982046 ], [ 82.921932078349954, 28.566485645233012 ], [ 82.921714265515277, 28.566219958289839 ], [ 82.921280265567532, 28.565878082644826 ], [ 82.921106890321781, 28.565802270384005 ], [ 82.920587515949634, 28.56576658325562 ], [ 82.920455953295502, 28.565422645128535 ], [ 82.920410078594486, 28.564966583225377 ], [ 82.920276140777105, 28.564663208062811 ], [ 82.920191266134708, 28.56447077066446 ], [ 82.920103703329204, 28.564318895671271 ], [ 82.919930140703357, 28.564204707460025 ], [ 82.919583953626031, 28.564129770306561 ], [ 82.91923826571518, 28.564169895693865 ], [ 82.919088890630448, 28.56422508258899 ], [ 82.918720453548772, 28.564362020058027 ], [ 82.918575766125798, 28.56441945817409 ], [ 82.918363452913255, 28.56450133248757 ], [ 82.918188203252683, 28.564305895096766 ], [ 82.918015827888453, 28.563754082801307 ], [ 82.917932202667359, 28.563324769992722 ], [ 82.917758640550872, 28.562892520144128 ], [ 82.917587390419783, 28.562304582973937 ], [ 82.917505015143888, 28.561676770580046 ], [ 82.917511390864718, 28.561049707453712 ], [ 82.917650203005337, 28.560504832913004 ], [ 82.917833390837046, 28.559955832525635 ], [ 82.917794703494167, 28.559368957679499 ], [ 82.917712265219109, 28.558779520394523 ], [ 82.917540640989827, 28.558191582680827 ], [ 82.917280640674875, 28.557602957892779 ], [ 82.917019765588989, 28.557091082506812 ], [ 82.916318827645171, 28.556264270296172 ], [ 82.915968015870703, 28.555868957920936 ], [ 82.915617640844729, 28.555435270622567 ], [ 82.915665265596033, 28.555124332717828 ], [ 82.915939327778332, 28.554341458233452 ], [ 82.916300641046874, 28.55367883300358 ], [ 82.916571828471461, 28.55317339495268 ], [ 82.916772202709893, 28.552601957474049 ], [ 82.916777515794024, 28.552080895636283 ], [ 82.916696703174637, 28.551744083266097 ], [ 82.916531828570612, 28.551370520801761 ], [ 82.916243390923341, 28.550659895394855 ], [ 82.915953640656241, 28.550136457923507 ], [ 82.915622952797577, 28.549463770349711 ], [ 82.915416015477106, 28.549051520091197 ], [ 82.915293390144754, 28.548678395619287 ], [ 82.91538189050317, 28.548268457523662 ], [ 82.915471828355777, 28.547750270667642 ], [ 82.915433953430266, 28.547303333066225 ], [ 82.915354515202409, 28.54685595782496 ], [ 82.915148015621682, 28.546407644955437 ], [ 82.914857203066958, 28.545956332512343 ], [ 82.914735327683104, 28.545508770225847 ], [ 82.91465645266004, 28.544948644988292 ], [ 82.914494015743642, 28.544351770651339 ], [ 82.914161765732644, 28.543827958033489 ], [ 82.913957140412094, 28.543192395152136 ], [ 82.913793515161075, 28.542706082559977 ], [ 82.913842202865425, 28.542072520308423 ], [ 82.913937077948546, 28.54106945808936 ], [ 82.914156953385998, 28.540213894999116 ], [ 82.914377327881539, 28.5394057702396 ], [ 82.914584515490432, 28.539005832676718 ], [ 82.915047328135273, 28.538472645093659 ], [ 82.915306578547984, 28.53797839503591 ], [ 82.915462390439458, 28.537666020205048 ], [ 82.915365578531123, 28.537173519937578 ], [ 82.915116765182788, 28.536677395118922 ], [ 82.914916640916559, 28.536359957994517 ], [ 82.914715828392076, 28.536135020615426 ], [ 82.914159452777326, 28.535862145517104 ], [ 82.913959140907636, 28.535589833015219 ], [ 82.913962828529364, 28.535231145501321 ], [ 82.914223578408098, 28.534558707553344 ], [ 82.914484141150112, 28.533935895189273 ], [ 82.91454095321302, 28.5333497702307 ], [ 82.914547390656892, 28.532722645078287 ], [ 82.914450890487899, 28.532230020140965 ], [ 82.914151328038415, 28.53173133298441 ], [ 82.913700078043178, 28.531145770201171 ], [ 82.913450015601654, 28.530739895484633 ], [ 82.913353265519191, 28.530245083081951 ], [ 82.913308016013076, 28.529705645361709 ], [ 82.913618016017864, 28.529216208233567 ], [ 82.914180765185336, 28.52886202052256 ], [ 82.915050452997377, 28.528284707899967 ], [ 82.915818953422118, 28.527661395653293 ], [ 82.916011140868022, 28.527457645122087 ], [ 82.915566640880769, 28.527018708172875 ], [ 82.915045328082414, 28.526601707902152 ], [ 82.914394515261861, 28.526260333201005 ], [ 82.913958765152174, 28.525690645410485 ], [ 82.913544515438403, 28.525328582841411 ], [ 82.913263140230967, 28.525082707944325 ], [ 82.912422328195291, 28.524593208160688 ], [ 82.912351890884025, 28.524552020482858 ], [ 82.912091015747635, 28.524362645272387 ], [ 82.911570202738844, 28.524020145324986 ], [ 82.911310140487672, 28.523945832385667 ], [ 82.911007203314654, 28.523907333049852 ], [ 82.90996907837085, 28.523912520185885 ], [ 82.909709265895728, 28.523836020626366 ], [ 82.909360765925811, 28.523418083078944 ], [ 82.909251703472862, 28.523338270121833 ], [ 82.909100203495399, 28.523228707466622 ], [ 82.90887945288118, 28.522466770067858 ], [ 82.908357953364046, 28.522011333143315 ], [ 82.906925640171167, 28.521138082430102 ], [ 82.906318515442109, 28.520873708145775 ], [ 82.905797890908246, 28.520607770146409 ], [ 82.905752265539107, 28.520573645232027 ], [ 82.905450390755661, 28.520343332514329 ], [ 82.90523345295118, 28.520228832966449 ], [ 82.903712390681804, 28.518899083013441 ], [ 82.903321640974582, 28.518672582999145 ], [ 82.903104765763644, 28.518558020179913 ], [ 82.903018015697796, 28.518521208005321 ], [ 82.902498390722329, 28.518408707709774 ], [ 82.901370578115376, 28.517801770604013 ], [ 82.900979640213549, 28.517536957927774 ], [ 82.900588765845356, 28.517233707476453 ], [ 82.899807952909654, 28.516816833132193 ], [ 82.8997433905664, 28.516793832744469 ], [ 82.89950457817443, 28.51670383281013 ], [ 82.899244328618622, 28.516550582816205 ], [ 82.898334515825184, 28.516288270744699 ], [ 82.898306265390559, 28.516272270654166 ], [ 82.897943890526022, 28.516059520477739 ], [ 82.897422827691955, 28.515719145688099 ], [ 82.89717739012633, 28.515556957464941 ], [ 82.897075640793076, 28.515490707580803 ], [ 82.896555578120626, 28.515301519973118 ], [ 82.89599307795946, 28.515229270619393 ], [ 82.895733515958099, 28.515229457876856 ], [ 82.895594890254088, 28.515230520329578 ], [ 82.895387391044508, 28.515231083179792 ], [ 82.894089765125955, 28.515236332647603 ], [ 82.893700265212431, 28.515122645571321 ], [ 82.89339651607466, 28.514971270105349 ], [ 82.893179703357745, 28.514856707582755 ], [ 82.893101202634796, 28.5148492704052 ], [ 82.892833328148015, 28.514820020763658 ], [ 82.892055327751592, 28.514899395632685 ], [ 82.890887140859448, 28.514867333043913 ], [ 82.890454328591076, 28.514791583151666 ], [ 82.889935015874812, 28.514717457878298 ], [ 82.889764765465301, 28.514693457546649 ], [ 82.889675203155107, 28.514679207940326 ], [ 82.889286515696739, 28.514757270159567 ], [ 82.888645328615482, 28.514909894956173 ], [ 82.888082328517683, 28.514982020369544 ], [ 82.887687452899982, 28.515030645648437 ], [ 82.886649953617379, 28.515110145106007 ], [ 82.886433577636467, 28.515101645513809 ], [ 82.886084765825558, 28.515087395449253 ], [ 82.885784765967728, 28.515076020030143 ], [ 82.885265890645343, 28.515116832664742 ], [ 82.885215265935145, 28.51512545740183 ], [ 82.884574640838849, 28.515233082628821 ], [ 82.884536703487456, 28.515228207813863 ], [ 82.883968765407175, 28.515160332790014 ], [ 82.883859890657121, 28.515159457399115 ], [ 82.883622703163908, 28.515159770120018 ], [ 82.883103140141344, 28.515047207622636 ], [ 82.88271389102546, 28.51504852012576 ], [ 82.882195703200239, 28.515204457403438 ], [ 82.881417390748197, 28.515283770351527 ], [ 82.880770703316571, 28.515628082592102 ], [ 82.880122765148855, 28.515821269896719 ], [ 82.87929276531068, 28.515297832917241 ], [ 82.879575828195499, 28.514675270012198 ], [ 82.881272265476042, 28.512940895608832 ], [ 82.882096765992785, 28.51241070751913 ], [ 82.883367265348539, 28.511825582805837 ], [ 82.885124203012168, 28.510461583126716 ], [ 82.886123078375618, 28.509495270246592 ], [ 82.887004015313153, 28.508902395393857 ], [ 82.88902945296087, 28.507109707853065 ], [ 82.890167827923591, 28.506570770692122 ], [ 82.890334640498835, 28.506490957780738 ], [ 82.890584578409886, 28.50603952001326 ], [ 82.890680078566874, 28.505548520229617 ], [ 82.890676641078699, 28.50416558267391 ], [ 82.891426952797616, 28.5027527077496 ], [ 82.891555515448658, 28.501997957840217 ], [ 82.891963765363045, 28.500904895328311 ], [ 82.892018202684454, 28.500429333009812 ], [ 82.892201140830366, 28.499999958213071 ], [ 82.892356452668011, 28.499890645355297 ], [ 82.892691640611972, 28.49934070789778 ], [ 82.893307765135077, 28.498700520007837 ], [ 82.893533391060529, 28.49824664524867 ], [ 82.893789202627843, 28.497409458075381 ], [ 82.894103890702326, 28.496802957717044 ], [ 82.894349202877606, 28.496423645280515 ], [ 82.894902140558386, 28.495744582948124 ], [ 82.895386265547401, 28.495236520350872 ], [ 82.896271577756067, 28.494122395288244 ], [ 82.896753203078873, 28.49372702012932 ], [ 82.897017078243493, 28.4934652079382 ], [ 82.897965266143657, 28.492408082435993 ], [ 82.898556890703361, 28.491900769954228 ], [ 82.898930765195857, 28.491524770379307 ], [ 82.899302390478354, 28.491243520543765 ], [ 82.899806952968419, 28.490794145517931 ], [ 82.900730890350872, 28.489851894895718 ], [ 82.901211828575811, 28.489497082473996 ], [ 82.901406640214077, 28.489424207807307 ], [ 82.901752078455772, 28.4893525199784 ], [ 82.90209901595037, 28.489204207795098 ], [ 82.902707953270834, 28.488870707479073 ], [ 82.902861078449035, 28.488756957886292 ], [ 82.903169327797812, 28.488436770705679 ], [ 82.903680202906699, 28.487700958214425 ], [ 82.904097890367822, 28.487286957833831 ], [ 82.904494140840825, 28.48687277071625 ], [ 82.904849891108512, 28.486361270647532 ], [ 82.905092516009205, 28.486078957738329 ], [ 82.905772203036904, 28.485477582631219 ], [ 82.906566953620441, 28.484552270726251 ], [ 82.907027328584405, 28.484140895160671 ], [ 82.907621640586825, 28.483518457767339 ], [ 82.907818516135507, 28.483368894855406 ], [ 82.90807939046347, 28.483237895279284 ], [ 82.909374390302631, 28.482952770454055 ], [ 82.910588702714037, 28.482436833038374 ], [ 82.91136739115278, 28.482199457757925 ], [ 82.91180107807881, 28.482015645614901 ], [ 82.912496953403348, 28.481644520413443 ], [ 82.913023265780041, 28.481174957509101 ], [ 82.913197265774201, 28.481081582532546 ], [ 82.913328578505485, 28.480969832745302 ], [ 82.913526702899588, 28.480761583137063 ], [ 82.913705140836214, 28.48047876993385 ], [ 82.914005578214983, 28.479565270162251 ], [ 82.914055640925341, 28.479261082978301 ], [ 82.914059078053754, 28.479107707880313 ], [ 82.913939202659009, 28.478723207584473 ], [ 82.91375257779616, 28.478432957904502 ], [ 82.913732953247703, 28.478356145433462 ], [ 82.913756578402612, 28.478261582729669 ], [ 82.913585390234559, 28.478239895042496 ], [ 82.913308390339367, 28.478140645441297 ], [ 82.912819953135781, 28.477902144926006 ], [ 82.912480078645146, 28.47774602020252 ], [ 82.911971265387521, 28.47746895776362 ], [ 82.911380828124265, 28.477001832910737 ], [ 82.910873828430439, 28.476650270283347 ], [ 82.909068390167391, 28.475798832665124 ], [ 82.908471140527709, 28.475618082359937 ], [ 82.908299452787787, 28.475616707818133 ], [ 82.907954391110351, 28.475686145080331 ], [ 82.907696327957069, 28.475702082497207 ], [ 82.907353203532764, 28.475676707532021 ], [ 82.905901390261533, 28.475331207950234 ], [ 82.905557702847688, 28.475323957552131 ], [ 82.904866453219981, 28.475505707957669 ], [ 82.904607890923785, 28.475539645458436 ], [ 82.904093327731417, 28.475512895705943 ], [ 82.903749516011516, 28.475525958011438 ], [ 82.903319953160633, 28.475520270158363 ], [ 82.902459266054848, 28.475601270191902 ], [ 82.901679952775467, 28.475876894935855 ], [ 82.901161578612061, 28.476001394848861 ], [ 82.900553890800509, 28.476278457433917 ], [ 82.899950765158323, 28.47636608239446 ], [ 82.899692953314997, 28.476361770441965 ], [ 82.89951995320105, 28.476416770088044 ], [ 82.89925976517641, 28.476527457916113 ], [ 82.898757953271243, 28.476864020241809 ], [ 82.898498703235248, 28.476936394983657 ], [ 82.897321515179684, 28.47768258259789 ], [ 82.896974828134802, 28.477810645716108 ], [ 82.896452890120941, 28.478068083000583 ], [ 82.896038766104937, 28.478330957837411 ], [ 82.895691265183359, 28.478477020018378 ], [ 82.894825078049351, 28.478749708054082 ], [ 82.893444953026844, 28.47893702019633 ], [ 82.892585452983994, 28.478905207477304 ], [ 82.89207239012174, 28.478761144959712 ], [ 82.891127077803645, 28.478726394954244 ], [ 82.890782327965837, 28.478759645460844 ], [ 82.890261578060503, 28.478960707634833 ], [ 82.889586828243182, 28.479331958151803 ], [ 82.888722327785587, 28.479527894862727 ], [ 82.888550328192551, 28.479526520683041 ], [ 82.888122952986365, 28.479403457378112 ], [ 82.887952703454317, 28.479325333136643 ], [ 82.887699140729538, 28.479129270649288 ], [ 82.887017828441259, 28.478812395701347 ], [ 82.886333140281494, 28.478666895115861 ], [ 82.885730953524288, 28.478657458138684 ], [ 82.88547439088461, 28.478594457777607 ], [ 82.884962578016456, 28.478396207523289 ], [ 82.883882890844902, 28.477631645571879 ], [ 82.883332078098846, 28.477259395299221 ], [ 82.882628952645433, 28.476960333141111 ], [ 82.881417890912431, 28.476307457698073 ], [ 82.881247826669096, 28.476209020276379 ], [ 82.880858889202671, 28.475323706426963 ], [ 82.880737703546572, 28.474977583020628 ], [ 82.880711140384918, 28.474230582945637 ], [ 82.880610140306956, 28.473941020374738 ], [ 82.880620078254253, 28.473483144871203 ], [ 82.880668140885319, 28.473253394104827 ], [ 82.881095514900579, 28.472399581989272 ], [ 82.881495890467733, 28.471814144442991 ], [ 82.881714327334748, 28.47164452000899 ], [ 82.881913016002486, 28.471418270308845 ], [ 82.882203014420341, 28.470944644163037 ], [ 82.882362264589361, 28.470546645223191 ], [ 82.882406639768348, 28.469513770203136 ], [ 82.882372576752843, 28.469111957235981 ], [ 82.882387828074926, 28.468423957451787 ], [ 82.882548889542903, 28.46794702008258 ], [ 82.882724577485334, 28.46777927052722 ], [ 82.883052140903771, 28.467554145090343 ], [ 82.883182827963878, 28.467480768269773 ], [ 82.883593952924286, 28.467353270522608 ], [ 82.883986453012255, 28.467110582794124 ], [ 82.884336641124861, 28.466829268310441 ], [ 82.884646702878811, 28.466414393909488 ], [ 82.884762015415944, 28.466072457823159 ], [ 82.884860640157029, 28.464523393897 ], [ 82.884860640453823, 28.463548831800697 ], [ 82.88468995230464, 28.462511895606262 ], [ 82.884700202724659, 28.462054019456975 ], [ 82.884806514402925, 28.461136707352857 ], [ 82.885102452163053, 28.460394645249639 ], [ 82.885478202868384, 28.459924019769257 ], [ 82.88587389058479, 28.459527957773158 ], [ 82.886322889994773, 28.458674332533473 ], [ 82.886542516110453, 28.458333206669277 ], [ 82.886701139767439, 28.458088644370655 ], [ 82.887317952863896, 28.457389770975826 ], [ 82.887652640195753, 28.457180457268858 ], [ 82.888079452309, 28.456983207167497 ], [ 82.888254827724083, 28.456813145116893 ], [ 82.888562390626589, 28.456513395189702 ], [ 82.888857451606995, 28.455791583345857 ], [ 82.888798888956117, 28.455502394253429 ], [ 82.88874182827189, 28.455158956488731 ], [ 82.888660953249428, 28.45492820816127 ], [ 82.888454577954846, 28.454522707571119 ], [ 82.88818376393192, 28.454116644022026 ], [ 82.888081765659066, 28.453865457694977 ], [ 82.88796220255783, 28.453424519541191 ], [ 82.887903639970943, 28.453135270483795 ], [ 82.887930327270979, 28.452907645096257 ], [ 82.887998452869127, 28.452736769691096 ], [ 82.888286828003672, 28.452319519526476 ], [ 82.888549515874558, 28.452096020253819 ], [ 82.888745328512115, 28.451984831249366 ], [ 82.889156889252646, 28.451837082463136 ], [ 82.889549014768065, 28.451596580960178 ], [ 82.88981207740531, 28.451370894793904 ], [ 82.889966764515407, 28.45116233217664 ], [ 82.890164328494961, 28.450974457256983 ], [ 82.890733890978183, 28.450487332984963 ], [ 82.890929703113585, 28.450376082046926 ], [ 82.891447577884364, 28.450287832005497 ], [ 82.891898640420294, 28.450296018934274 ], [ 82.892093515506787, 28.450241206138575 ], [ 82.892746514552144, 28.449869769880916 ], [ 82.893248515774829, 28.449515143884728 ], [ 82.894186702708893, 28.448861768980336 ], [ 82.894602514335219, 28.44852451949227 ], [ 82.894995828343013, 28.448225394457182 ], [ 82.89503964055686, 28.448187393918555 ], [ 82.895519827895001, 28.447850645263046 ], [ 82.895977078038172, 28.447572331964981 ], [ 82.896431702013984, 28.447427145144768 ], [ 82.896690514937049, 28.447393145294242 ], [ 82.897207264385671, 28.447343143407213 ], [ 82.897916265862818, 28.447373769145557 ], [ 82.89836489071665, 28.447496956597799 ], [ 82.898556202618181, 28.447595520033158 ], [ 82.89894076551947, 28.447715956342869 ], [ 82.899197889785356, 28.447758645326466 ], [ 82.899777077682558, 28.447806145452091 ], [ 82.900421889695878, 28.447818144347348 ], [ 82.90100263944376, 28.447807019595409 ], [ 82.902040765951639, 28.447517645110306 ], [ 82.902605702026392, 28.447222206751796 ], [ 82.903244515689209, 28.446505394361839 ], [ 82.904187577945962, 28.445621833194949 ], [ 82.904427639373523, 28.445454581048459 ], [ 82.905101140643566, 28.445121581794798 ], [ 82.905429827098899, 28.44484001945866 ], [ 82.905892453207088, 28.44431133326454 ], [ 82.906089452571194, 28.444143707467408 ], [ 82.90632951544427, 28.443976394064425 ], [ 82.906807952221399, 28.443716331930602 ], [ 82.907046265475174, 28.443623458197042 ], [ 82.907459515184698, 28.443401207629648 ], [ 82.907809515532904, 28.443119768845619 ], [ 82.908007765923017, 28.442893456405326 ], [ 82.908207951693512, 28.442572457006268 ], [ 82.908696139383238, 28.441854456649178 ], [ 82.908831138886171, 28.441569080861015 ], [ 82.909257890396475, 28.440715206905598 ], [ 82.909509890855247, 28.439972644533558 ], [ 82.909603078240082, 28.439630581605911 ], [ 82.909960953222381, 28.438985956355939 ], [ 82.910357890635609, 28.438515394271636 ], [ 82.910891765546424, 28.437664645046297 ], [ 82.911575139295309, 28.436853458142487 ], [ 82.912296015460896, 28.436308707414614 ], [ 82.912752952419083, 28.436050706425576 ], [ 82.913492576725233, 28.435641457007474 ], [ 82.913927639274235, 28.435399081962256 ], [ 82.915033890349306, 28.434920582914227 ], [ 82.915686391155973, 28.434567081786071 ], [ 82.916057201780689, 28.434306083010675 ], [ 82.916188452036337, 28.43419433166472 ], [ 82.91625545252198, 28.434079770248601 ], [ 82.916280452087207, 28.433908520398148 ], [ 82.916056327878735, 28.433331456390391 ], [ 82.915597078566677, 28.432691644097311 ], [ 82.915252265087204, 28.431712019230634 ], [ 82.915214076940714, 28.431481644252255 ], [ 82.915223889640473, 28.431023707150707 ], [ 82.915317014886071, 28.430679269171257 ], [ 82.915295952376596, 28.429648207597939 ], [ 82.915235202718492, 28.429473957207119 ], [ 82.915007452005227, 28.429068269963473 ], [ 82.914527703520434, 28.428371895230093 ], [ 82.914445265262742, 28.428199769977052 ], [ 82.914201140579848, 28.427545832989914 ], [ 82.914207265097588, 28.427257144180476 ], [ 82.914391452745178, 28.426687832595235 ], [ 82.914635827393198, 28.426308519217219 ], [ 82.914856452610209, 28.42604408215092 ], [ 82.915124452518612, 28.425572457248531 ], [ 82.915303389811825, 28.425230957788521 ], [ 82.915373890919085, 28.424944957338283 ], [ 82.915714389901225, 28.424090394238672 ], [ 82.91587226440933, 28.423748769448345 ], [ 82.916100889527286, 28.423100832396912 ], [ 82.916629076955047, 28.422516268498828 ], [ 82.916666701788429, 28.422487206412914 ], [ 82.916847702908697, 28.422348770505092 ], [ 82.917087327729234, 28.422219832761204 ], [ 82.917417202674997, 28.421899831855839 ], [ 82.917662390427992, 28.421502520416141 ], [ 82.917890139870963, 28.420913207393628 ], [ 82.918200077926343, 28.420518643771864 ], [ 82.918768827729025, 28.420108019039908 ], [ 82.919097890911132, 28.419806081522029 ], [ 82.919499390431398, 28.419164082524176 ], [ 82.919747015603846, 28.418651644126523 ], [ 82.920146890380167, 28.418066019437727 ], [ 82.920486703081096, 28.41727008235511 ], [ 82.920535890533614, 28.416983957401062 ], [ 82.920542889938076, 28.416668144612192 ], [ 82.920545952144124, 28.416523832159577 ], [ 82.920356078160623, 28.415432644874254 ], [ 82.920386952540724, 28.415031332676119 ], [ 82.920191515078031, 28.414167957850896 ], [ 82.920175139675379, 28.413019520093442 ], [ 82.920246265664247, 28.412735831328135 ], [ 82.920254202892124, 28.412390770778789 ], [ 82.920496076914702, 28.411248894702755 ], [ 82.920575514848153, 28.410620082980195 ], [ 82.920668076679789, 28.410334269827668 ], [ 82.92071907759609, 28.409991769387531 ], [ 82.920969140207617, 28.409423020616586 ], [ 82.921080890981699, 28.409252394936495 ], [ 82.921150889583529, 28.409022831769999 ], [ 82.921162765393632, 28.408508520048851 ], [ 82.921049515204416, 28.407817331239201 ], [ 82.920906953260541, 28.407471020312062 ], [ 82.920617514249159, 28.406949894708948 ], [ 82.920558327013069, 28.406719270038881 ], [ 82.92025026482699, 28.406082894356576 ], [ 82.919812014825609, 28.405483831496529 ], [ 82.919265327113891, 28.404920020269422 ], [ 82.918847265553296, 28.404377520294258 ], [ 82.918511389492338, 28.404007144770166 ], [ 82.918067453185671, 28.403656207061996 ], [ 82.917985328387985, 28.403481831898194 ], [ 82.917860138936746, 28.4033093308777 ], [ 82.917822327710454, 28.403078957892152 ], [ 82.917891702888951, 28.402869707145431 ], [ 82.917958202952761, 28.402793520173052 ], [ 82.918113703263373, 28.402587207611429 ], [ 82.918245640224626, 28.402473206939423 ], [ 82.918638265119228, 28.402250707774538 ], [ 82.919335203121989, 28.401899706463222 ], [ 82.919790828181718, 28.401756770593323 ], [ 82.920308139337777, 28.40172701900276 ], [ 82.920953390229698, 28.401756957868795 ], [ 82.921601326743215, 28.401674019502302 ], [ 82.923026140512931, 28.401507145084324 ], [ 82.923937640325747, 28.401198519893619 ], [ 82.92465001620134, 28.401113895702601 ], [ 82.925422826798808, 28.401205706503269 ], [ 82.925807515590364, 28.401326019981532 ], [ 82.927546890286962, 28.401529269134649 ], [ 82.9280602642514, 28.401670894430236 ], [ 82.928700828599375, 28.401912832524665 ], [ 82.929342764164119, 28.402075831377644 ], [ 82.929730765817837, 28.402063082913358 ], [ 82.930250764240313, 28.401920519190504 ], [ 82.930577951765855, 28.401735832477907 ], [ 82.930906390100375, 28.401492519967984 ], [ 82.931494577087634, 28.401197080928654 ], [ 82.931624265312479, 28.401180020199263 ], [ 82.931881514504795, 28.401222644961383 ], [ 82.932523328826449, 28.40140589416233 ], [ 82.93290982813518, 28.401449518956671 ], [ 82.933168703360209, 28.401417770404958 ], [ 82.933212264305126, 28.401397769481434 ], [ 82.933840264596981, 28.401238020164065 ], [ 82.93513451474783, 28.401144332462284 ], [ 82.935777703050576, 28.401253143854934 ], [ 82.936289328366101, 28.401471457302353 ], [ 82.936674578288276, 28.401573770546989 ], [ 82.936930452802343, 28.401693081580408 ], [ 82.937635640620144, 28.401915143865683 ], [ 82.937849639708062, 28.401975456548683 ], [ 82.938150514508138, 28.40200039492877 ], [ 82.938431202743345, 28.401966457434888 ], [ 82.939169889282795, 28.401674394743981 ], [ 82.939433390542533, 28.401448582984202 ], [ 82.939589328660674, 28.401221957776222 ], [ 82.93968213937039, 28.400938457630847 ], [ 82.93969001511465, 28.400593332311992 ], [ 82.939507953432155, 28.400075269029543 ], [ 82.939482141103269, 28.399328333024194 ], [ 82.939574951931263, 28.399044768780389 ], [ 82.939687390170661, 28.398835833019817 ], [ 82.939842889832022, 28.39862726926598 ], [ 82.940040202404376, 28.398477643918262 ], [ 82.940300578247175, 28.398369144311719 ], [ 82.940494203436046, 28.398372893715042 ], [ 82.941008389877311, 28.398458082363593 ], [ 82.941328514993003, 28.398559832782382 ], [ 82.941906452459008, 28.398683894742543 ], [ 82.942486639458394, 28.398713207932513 ], [ 82.943325640929771, 28.398690395382033 ], [ 82.943582389877989, 28.398753332652667 ], [ 82.943775951694036, 28.398757082327904 ], [ 82.94403563946139, 28.398684644011244 ], [ 82.944686703213264, 28.398409958315884 ], [ 82.945201702452906, 28.3984590194456 ], [ 82.945439701414998, 28.398386456507129 ], [ 82.945570702779293, 28.398292706661163 ], [ 82.945682140189732, 28.398124332097424 ], [ 82.945726391059964, 28.398066020619019 ], [ 82.945748827430307, 28.398030143875182 ], [ 82.945753578055132, 28.397800020088752 ], [ 82.945672639618408, 28.397569332428745 ], [ 82.945506076823222, 28.397317582109412 ], [ 82.945063328044426, 28.396908082562295 ], [ 82.944582453389444, 28.396288457909755 ], [ 82.944502702359856, 28.396001333031322 ], [ 82.944486139294867, 28.395771082046654 ], [ 82.94415964046155, 28.394963143977961 ], [ 82.944081076867022, 28.394619644558933 ], [ 82.944094953309801, 28.393988081276508 ], [ 82.944208764907799, 28.393704707680062 ], [ 82.94460601549801, 28.393234020066185 ], [ 82.944868827156071, 28.393010332083009 ], [ 82.945263453429135, 28.39267283140504 ], [ 82.94552570224262, 28.392467269862774 ], [ 82.946049139976267, 28.392132958309556 ], [ 82.947022578083889, 28.391865207033948 ], [ 82.947674141053653, 28.391572456986708 ], [ 82.947848703053225, 28.391461019040314 ], [ 82.948178828476301, 28.391102582679945 ], [ 82.948356952985833, 28.390819708006045 ], [ 82.948516203205244, 28.390421644417067 ], [ 82.948588202744091, 28.390079270174009 ], [ 82.948574390021108, 28.389736268923933 ], [ 82.948686639753561, 28.38950926984263 ], [ 82.94887114085445, 28.38893989450661 ], [ 82.948920201849987, 28.388653769919724 ], [ 82.949124889701679, 28.388140957781257 ], [ 82.949179077005553, 28.387627019934243 ], [ 82.949161328369001, 28.387455393241552 ], [ 82.949211890667669, 28.387112895544011 ], [ 82.949258576946775, 28.38694176932135 ], [ 82.949326890104047, 28.386770832389463 ], [ 82.949371641174011, 28.386694519343784 ], [ 82.949483889878124, 28.386467520310539 ], [ 82.949991952081788, 28.385846519355191 ], [ 82.950233328314965, 28.385622769669858 ], [ 82.95056132763834, 28.385379394105801 ], [ 82.951083703240457, 28.385083332267104 ], [ 82.951501576793632, 28.384653331434883 ], [ 82.95182851519904, 28.384448333144668 ], [ 82.952178515926221, 28.384169083078707 ], [ 82.952288703537107, 28.384054832039002 ], [ 82.952356640785254, 28.383886145631493 ], [ 82.95231757739387, 28.383712144402647 ], [ 82.95213276593509, 28.38330914347193 ], [ 82.951317453211004, 28.382242519848713 ], [ 82.950778703542326, 28.381315706601118 ], [ 82.950422014710227, 28.380909083418477 ], [ 82.95017282856297, 28.380503331692559 ], [ 82.949867640437731, 28.379695582427868 ], [ 82.949830890188821, 28.379408830990759 ], [ 82.949840827214913, 28.378950893286291 ], [ 82.949935640144574, 28.37855233222394 ], [ 82.950070764514109, 28.378266832704032 ], [ 82.950400639478417, 28.377930957710475 ], [ 82.950710328560078, 28.377534083050342 ], [ 82.95117501588625, 28.37593808131178 ], [ 82.951485827951913, 28.375487020607789 ], [ 82.951880078366827, 28.37514939525288 ], [ 82.952045139269615, 28.375001768836089 ], [ 82.952099202432294, 28.374952519235713 ], [ 82.9521487015313, 28.374907832324524 ], [ 82.952569515095121, 28.374301894889278 ], [ 82.952767890362082, 28.374073332438595 ], [ 82.953052264556788, 28.37384989358242 ], [ 82.95398876558933, 28.373326832902801 ], [ 82.954423077112807, 28.373161082357289 ], [ 82.954750015505809, 28.372956019105494 ], [ 82.955010951718762, 28.372845206208105 ], [ 82.955208077656778, 28.372675332502315 ], [ 82.955815264315703, 28.372474581962429 ], [ 82.956142328647346, 28.372287644836376 ], [ 82.956662202312998, 28.372142707542878 ], [ 82.95692488974575, 28.371916831948315 ], [ 82.956969639648875, 28.371840456459914 ], [ 82.957061577527782, 28.371536582200111 ], [ 82.957073015357906, 28.370923082491164 ], [ 82.95719076599535, 28.370389269837137 ], [ 82.957194953406727, 28.370159207642288 ], [ 82.957266578461059, 28.369778458005058 ], [ 82.957558202625478, 28.369169332621059 ], [ 82.957650139341226, 28.36886545776661 ], [ 82.957655702233353, 28.368558644736428 ], [ 82.957747639511382, 28.368254832948423 ], [ 82.957820951792016, 28.367795144313785 ], [ 82.958113952896781, 28.367111519977126 ], [ 82.958313327545497, 28.366808519712464 ], [ 82.958333453396875, 28.36674095801018 ], [ 82.958405264894154, 28.366502457620435 ], [ 82.95845664090271, 28.366044769362453 ], [ 82.958620951803908, 28.365281268470376 ], [ 82.958682327935279, 28.364286832470313 ], [ 82.958426202593529, 28.363057582645943 ], [ 82.958333391060137, 28.362826769145737 ], [ 82.957746703465261, 28.361364831659206 ], [ 82.957348827513258, 28.360745894045088 ], [ 82.95673701567263, 28.360028332264513 ], [ 82.956694452936574, 28.360007706737832 ], [ 82.9570820784338, 28.360015207704404 ], [ 82.95751445350345, 28.359944020582358 ], [ 82.957861453124337, 28.359833895449615 ], [ 82.958333390924778, 28.359632207280757 ], [ 82.958382640525215, 28.359612270115239 ], [ 82.959246265258571, 28.359357144913133 ], [ 82.960018952713952, 28.359369832994297 ], [ 82.960361890190285, 28.359413019968216 ], [ 82.96096020287834, 28.359557457946163 ], [ 82.961109453551813, 28.359615019734061 ], [ 82.961429828000504, 28.359716707298102 ], [ 82.962373702832906, 28.35976902057612 ], [ 82.963235390696539, 28.359610894875903 ], [ 82.963580766207357, 28.359500707503273 ], [ 82.964360515910528, 28.359147958122271 ], [ 82.965137828557232, 28.358912457589678 ], [ 82.965484390945718, 28.358745832577519 ], [ 82.966262453493684, 28.358469770217557 ], [ 82.966674578551917, 28.358247270480962 ], [ 82.967280578541732, 28.357987895082331 ], [ 82.967538890750006, 28.357953769804791 ], [ 82.967882015523884, 28.357976644767174 ], [ 82.968140265296626, 28.357942520580497 ], [ 82.968399702750233, 28.357852019969087 ], [ 82.968725828538126, 28.357626582828832 ], [ 82.969071640577155, 28.357498394871456 ], [ 82.969329203517304, 28.35750258261697 ], [ 82.970525265870521, 28.357845520066647 ], [ 82.971722515655529, 28.358132020617834 ], [ 82.97197957780169, 28.358154270550969 ], [ 82.972407390685746, 28.358256770378123 ], [ 82.973859140450671, 28.358700832854144 ], [ 82.974801641101195, 28.358829707506622 ], [ 82.976172203661719, 28.359095020118321 ], [ 82.97668651529095, 28.359157520144361 ], [ 82.977030453182749, 28.359162332594714 ], [ 82.977544015209091, 28.359265457936054 ], [ 82.978402766001679, 28.359314770413317 ], [ 82.979345890514196, 28.359441394943428 ], [ 82.980806577729211, 28.359459082759862 ], [ 82.981667515883402, 28.359375270520513 ], [ 82.981883266098663, 28.359320520072274 ], [ 82.982034578591737, 28.359265207909562 ], [ 82.98233907800946, 28.359059957505249 ], [ 82.982732078723814, 28.358701895603438 ], [ 82.983167453674255, 28.358382520335912 ], [ 82.984020391197987, 28.357533894737248 ], [ 82.984216703348977, 28.357384144887479 ], [ 82.984260703118167, 28.357307770463247 ], [ 82.984893140214808, 28.356782332785968 ], [ 82.985979328436727, 28.356106832734458 ], [ 82.986412452970782, 28.355922770564991 ], [ 82.9874797031556, 28.35509595810144 ], [ 82.987718641182681, 28.354946520377705 ], [ 82.988001265509553, 28.354759207806033 ], [ 82.988132578168546, 28.354627083097281 ], [ 82.988806140466053, 28.354196645297993 ], [ 82.98906576551893, 28.354085770121831 ], [ 82.989413453102671, 28.353860457534307 ], [ 82.990953890691884, 28.353021332854482 ], [ 82.991300203703162, 28.352872770610269 ], [ 82.991559015849774, 28.352818269728992 ], [ 82.992339265742501, 28.352426957557185 ], [ 82.993031765583353, 28.352150082529885 ], [ 82.99398195335209, 28.351857020488474 ], [ 82.994240516039298, 28.351820582724081 ], [ 82.994672578568412, 28.351674894738444 ], [ 82.995453390863005, 28.351263270253884 ], [ 82.995671077930439, 28.35109564473191 ], [ 82.995955578473982, 28.350811207397399 ], [ 82.996614203574396, 28.349999395339282 ], [ 82.99679139050717, 28.349696082886744 ], [ 82.996947265621216, 28.34939270728702 ], [ 82.997085577933476, 28.348859020104044 ], [ 82.997306890456599, 28.348479394768358 ], [ 82.998271265272152, 28.347385519795761 ], [ 82.998602953342427, 28.346855520455264 ], [ 82.998715827725775, 28.346549457963029 ], [ 82.99911564111963, 28.345792145583378 ], [ 82.999342203213146, 28.345126019790797 ], [ 82.999413328052469, 28.34474527060781 ], [ 82.999617328573848, 28.344137645340528 ], [ 82.999629453432817, 28.343449644984204 ], [ 82.999722015469885, 28.343069020239962 ], [ 83.000000078413393, 28.342951520169716 ], [ 83.000349453631472, 28.342814145533211 ], [ 83.000667515322888, 28.342487144927979 ], [ 83.000856765701258, 28.342123082307769 ], [ 83.001164766197732, 28.34078064513395 ], [ 83.001097640730094, 28.340493645145671 ], [ 83.00115932813317, 28.340207582953582 ], [ 83.001708703463848, 28.339476145311092 ], [ 83.001937765693697, 28.338805520245618 ], [ 83.001934515535126, 28.338480582427017 ], [ 83.002017140836216, 28.338154082656324 ], [ 83.002393890524274, 28.337270207945071 ], [ 83.002541140410614, 28.337002832622925 ], [ 83.003047328394544, 28.33621464518836 ], [ 83.003364703011073, 28.335846957383875 ], [ 83.003704578519205, 28.335538082726032 ], [ 83.004190328153825, 28.334885145113791 ], [ 83.004443077813022, 28.334442520007297 ], [ 83.004672953294474, 28.333886957482452 ], [ 83.004883703364428, 28.333541082874969 ], [ 83.005084827809313, 28.333332707344933 ], [ 83.00535007837999, 28.333057144927405 ], [ 83.005322203247573, 28.332998270389243 ], [ 83.006052078249155, 28.332593020194977 ], [ 83.006158453315464, 28.332535145424668 ], [ 83.006693077760488, 28.332453270168759 ], [ 83.008619765995206, 28.332437957215703 ], [ 83.009477828046101, 28.332602144941198 ], [ 83.010337078304218, 28.332881332356791 ], [ 83.010658953238575, 28.332955895296891 ], [ 83.010981765742258, 28.333104832492506 ], [ 83.011310828373325, 28.333332894922904 ], [ 83.011714015669767, 28.333538832654096 ], [ 83.011928515246154, 28.333574207458266 ], [ 83.012249390968947, 28.333554019817893 ], [ 83.01246289070572, 28.333494582829832 ], [ 83.012782828472737, 28.333357019995749 ], [ 83.01281814050509, 28.333332457815395 ], [ 83.013037828229102, 28.333182894925738 ], [ 83.013464515941294, 28.333025832278754 ], [ 83.014853328235716, 28.332708708013755 ], [ 83.015598766082192, 28.332339583079012 ], [ 83.015939078116119, 28.332107395600289 ], [ 83.016320765906599, 28.331740144772848 ], [ 83.016746265648422, 28.331468020480457 ], [ 83.016958828039776, 28.331295832670026 ], [ 83.017191515669566, 28.331024520432578 ], [ 83.017381078349317, 28.330716770241047 ], [ 83.017590453160167, 28.33023770799641 ], [ 83.017690953064474, 28.329568395572661 ], [ 83.017687828165549, 28.329281894949322 ], [ 83.017914702806749, 28.32841952007384 ], [ 83.018400890758983, 28.327784458097248 ], [ 83.018676828224955, 28.327551832657434 ], [ 83.018782452997499, 28.327399144812919 ], [ 83.019121828743025, 28.327090269818811 ], [ 83.01929039056408, 28.326820770347105 ], [ 83.019671640392062, 28.326397082623608 ], [ 83.020198828118239, 28.325629207858 ], [ 83.020538953566913, 28.325376769780203 ], [ 83.020987515841824, 28.325258207430817 ], [ 83.021950765623686, 28.325249332983471 ], [ 83.023129265816124, 28.325334457690779 ], [ 83.023236640878324, 28.325373582336091 ], [ 83.023557640723467, 28.32536908251787 ], [ 83.023878140673361, 28.325310457764935 ], [ 83.024306078190079, 28.325286457888868 ], [ 83.024947016238428, 28.325146645563034 ], [ 83.025161203676774, 28.325145957648314 ], [ 83.026016016191207, 28.325003082693204 ], [ 83.02654914112658, 28.324770082411323 ], [ 83.026762577954145, 28.324710645530754 ], [ 83.027190640779494, 28.324706957499597 ], [ 83.027595765340962, 28.324531583065326 ], [ 83.028022953033144, 28.324451145168652 ], [ 83.028343015318043, 28.324333895557679 ], [ 83.029304641114379, 28.324153457454596 ], [ 83.029708953507466, 28.323919457883235 ], [ 83.030029078263922, 28.323802145130994 ], [ 83.030564391223663, 28.323817270000482 ], [ 83.03077795288425, 28.323778145007026 ], [ 83.031417702936423, 28.323523270357658 ], [ 83.031629766068249, 28.323330707205017 ], [ 83.031970015830979, 28.323098520290692 ], [ 83.032288015787898, 28.322789394839663 ], [ 83.032564828453047, 28.3226334578933 ], [ 83.033204390286087, 28.322360520124704 ], [ 83.033289203028346, 28.322284395185193 ], [ 83.034526265545082, 28.321814832259715 ], [ 83.03523045358908, 28.321616770160539 ], [ 83.035765140890788, 28.321555145136887 ], [ 83.037093453153147, 28.321638957370318 ], [ 83.037628578348119, 28.321633707661185 ], [ 83.038164015926739, 28.321666832244631 ], [ 83.038485828570302, 28.321720957407685 ], [ 83.039130703760264, 28.321982707444715 ], [ 83.039988765992064, 28.322148958014299 ], [ 83.040844891269501, 28.322103082411306 ], [ 83.041666827883347, 28.32210883236252 ], [ 83.042023078521723, 28.322111332674954 ], [ 83.042539953023422, 28.322297707431193 ], [ 83.042820515711725, 28.322466644842073 ], [ 83.043080140546252, 28.322694082276772 ], [ 83.043468391001539, 28.322902082685545 ], [ 83.04392314116599, 28.323300082602191 ], [ 83.044097016000919, 28.32352689480329 ], [ 83.044271952953977, 28.323850770141757 ], [ 83.044487952822493, 28.324003457618822 ], [ 83.044961953756413, 28.324209770196127 ], [ 83.045458265868049, 28.324490832449861 ], [ 83.045866516268134, 28.324563520576032 ], [ 83.046188516222287, 28.324561332499144 ], [ 83.046723516118931, 28.324461270091827 ], [ 83.047022391185266, 28.324325707404785 ], [ 83.047086140323245, 28.324249457352366 ], [ 83.047938140777475, 28.323668832251542 ], [ 83.048384452802352, 28.323263582557139 ], [ 83.048959953244804, 28.322915644713405 ], [ 83.049321265639847, 28.322606832863691 ], [ 83.049938828716321, 28.322162144875396 ], [ 83.050575453314877, 28.32148752056305 ], [ 83.050745577921987, 28.321351144825289 ], [ 83.051231390282013, 28.320621270563471 ], [ 83.051397702790851, 28.320123770381866 ], [ 83.051651640426769, 28.319778145160267 ], [ 83.051864640466093, 28.31962164552279 ], [ 83.052611453736219, 28.319252332406986 ], [ 83.053229203522292, 28.318846020587021 ], [ 83.05378476584761, 28.318651332865564 ], [ 83.054128203277045, 28.318667269846777 ], [ 83.05646089070548, 28.318150957819256 ], [ 83.056954078384749, 28.318127269859875 ], [ 83.057789078566699, 28.317986395293715 ], [ 83.05916151561857, 28.317934957434034 ], [ 83.059482202833905, 28.317817582995264 ], [ 83.059696078779268, 28.317776208018554 ], [ 83.060293516090383, 28.317464457863242 ], [ 83.06061464043151, 28.317405770136372 ], [ 83.060936890354171, 28.317439582928579 ], [ 83.061152266072, 28.317513270443456 ], [ 83.061581890941753, 28.317586145003318 ], [ 83.062118328158007, 28.317580832254148 ], [ 83.062333141190635, 28.317616145108893 ], [ 83.06316976604343, 28.317608332898992 ], [ 83.063597703186474, 28.317507519883421 ], [ 83.063915016237701, 28.317085519973485 ], [ 83.06467989076225, 28.316391394785249 ], [ 83.065081703505967, 28.315852644971894 ], [ 83.065443516311262, 28.315582145080697 ], [ 83.065823390570614, 28.315004957638166 ], [ 83.066163703555432, 28.314716207462105 ], [ 83.066396953220305, 28.314465145474909 ], [ 83.067143078035784, 28.314019020121023 ], [ 83.068060328163298, 28.313533457378082 ], [ 83.068594578123566, 28.31333633284617 ], [ 83.068871578686569, 28.313180270547104 ], [ 83.068956515317453, 28.313086082959153 ], [ 83.069550953073602, 28.312526144984009 ], [ 83.06954714060771, 28.312162895231541 ], [ 83.069587515839928, 28.31191495805875 ], [ 83.069756202960122, 28.311645457980934 ], [ 83.069969327812743, 28.311511457628743 ], [ 83.070653516259668, 28.311292769884375 ], [ 83.070802515804189, 28.311196707859395 ], [ 83.070865515706714, 28.311061832982482 ], [ 83.070947828300817, 28.310755582622239 ], [ 83.070922953262595, 28.310432770306843 ], [ 83.071080828370071, 28.309134332898541 ], [ 83.071040765425792, 28.307396895374513 ], [ 83.070971453240332, 28.306940707585387 ], [ 83.070860953495696, 28.306637583005784 ], [ 83.070837141029742, 28.306407332930519 ], [ 83.070702390531451, 28.305855895503775 ], [ 83.070697766174675, 28.305397833061857 ], [ 83.070759140639311, 28.305150145544694 ], [ 83.070798016102898, 28.304748832199071 ], [ 83.070739577836903, 28.303297770048662 ], [ 83.070819953214922, 28.302781645333038 ], [ 83.070946015674252, 28.30253208307041 ], [ 83.070945077937921, 28.302455395381486 ], [ 83.071388266209667, 28.301763519955362 ], [ 83.071791391282744, 28.301357894756539 ], [ 83.071833515732436, 28.301281457375872 ], [ 83.072300828206949, 28.300856019733835 ], [ 83.072662890603596, 28.300623832766 ], [ 83.073750828660707, 28.300060395135521 ], [ 83.074495890572038, 28.299539770520521 ], [ 83.074708952993873, 28.299403582213607 ], [ 83.076330890364133, 28.298663333006864 ], [ 83.076970391300776, 28.298295395498439 ], [ 83.077522641005046, 28.297773519756291 ], [ 83.077884078071889, 28.297502895466007 ], [ 83.078053640655739, 28.29731001977607 ], [ 83.078136765719009, 28.297062394830075 ], [ 83.078787765830228, 28.295756019838596 ], [ 83.079210641266712, 28.29519933293366 ], [ 83.079846390473094, 28.294486145276327 ], [ 83.080205015410215, 28.293911020136125 ], [ 83.080454516191026, 28.29319977011717 ], [ 83.080443953057568, 28.292207020147625 ], [ 83.080526578568708, 28.291900707746741 ], [ 83.080610578457765, 28.291727582652019 ], [ 83.080626703754575, 28.291666769944165 ], [ 83.080692891093733, 28.291421269814208 ], [ 83.080756265866938, 28.291345020275244 ], [ 83.081097578120094, 28.291189394979856 ], [ 83.08135489099007, 28.291166332324252 ], [ 83.082256328774534, 28.291235519825783 ], [ 83.082684578790861, 28.291193270288787 ], [ 83.082983516279, 28.291077957450721 ], [ 83.083196391193013, 28.290923770107895 ], [ 83.083333328029042, 28.29081639510698 ], [ 83.083918703316414, 28.29036233246212 ], [ 83.085711328092373, 28.289681708046956 ], [ 83.08635201582176, 28.289464894846482 ], [ 83.086778391168295, 28.289271457556485 ], [ 83.086969891047232, 28.289155394803156 ], [ 83.087160952824519, 28.288982957622068 ], [ 83.087457202922394, 28.288655582844278 ], [ 83.088047765467536, 28.287808957537376 ], [ 83.088381515900409, 28.28700570805535 ], [ 83.088549765804899, 28.286736145149796 ], [ 83.088825015649519, 28.286408582767329 ], [ 83.089309265975146, 28.285660520144042 ], [ 83.089517078114909, 28.285086582894486 ], [ 83.089790703556204, 28.284643957429182 ], [ 83.089957703705906, 28.284261519852731 ], [ 83.090420641335399, 28.283511082634821 ], [ 83.090671641311502, 28.282955520399653 ], [ 83.090920765615834, 28.282246457969038 ], [ 83.091299203334444, 28.281615020055074 ], [ 83.091720828321556, 28.280999644698667 ], [ 83.092378203775269, 28.280383582887492 ], [ 83.09242026620224, 28.280307145354396 ], [ 83.093037141076493, 28.279918707815 ], [ 83.093249515909733, 28.279746394837176 ], [ 83.093501891316365, 28.279323895347652 ], [ 83.09381345329777, 28.27846189550365 ], [ 83.094066453804928, 28.278077770110308 ], [ 83.094299078807396, 28.277808582883804 ], [ 83.094609703540129, 28.277544395553036 ], [ 83.095172765756246, 28.277381207570873 ], [ 83.095924640578147, 28.277528270369558 ], [ 83.096567890643456, 28.277561895035539 ], [ 83.097320078305273, 28.277747332470312 ], [ 83.097856390667872, 28.277800519741064 ], [ 83.097963453835703, 28.277798957961828 ], [ 83.098304703795705, 28.277643269773328 ], [ 83.09836889089361, 28.277623394659226 ], [ 83.098877890555627, 28.27718008282363 ], [ 83.099025890388177, 28.277007332302315 ], [ 83.099130078676268, 28.276739520314205 ], [ 83.099251203519174, 28.276088332646331 ], [ 83.099375640799309, 28.275723645236184 ], [ 83.099433391251523, 28.275150957688766 ], [ 83.099400953402892, 28.274196394698752 ], [ 83.099458641041878, 28.273621457685209 ], [ 83.099256077907356, 28.272783145493076 ], [ 83.099190453117103, 28.272669895015476 ], [ 83.098836265604149, 28.271679395159996 ], [ 83.098704703786353, 28.271412269785383 ], [ 83.098508640805889, 28.271126707651725 ], [ 83.098376015807474, 28.270764832264209 ], [ 83.098266891029823, 28.270594894848347 ], [ 83.097893140547455, 28.269775707931693 ], [ 83.097652953066159, 28.269395144861932 ], [ 83.097499078117607, 28.269053457749028 ], [ 83.097432078423523, 28.268804832722559 ], [ 83.09740282857436, 28.268116520366696 ], [ 83.097311765374286, 28.267660145050442 ], [ 83.097200640573263, 28.2673165199576 ], [ 83.097199015568606, 28.267163082947906 ], [ 83.097277765952654, 28.266552207456989 ], [ 83.097464953441914, 28.266072895126666 ], [ 83.097505765955518, 28.265881395106042 ], [ 83.097540577973618, 28.265193457744701 ], [ 83.097513577892869, 28.264696957510282 ], [ 83.097468765797302, 28.264525207885033 ], [ 83.097271641203704, 28.264144895090567 ], [ 83.097047641331983, 28.263324333037747 ], [ 83.096955578828783, 28.26279133268984 ], [ 83.096952765793176, 28.262561207490499 ], [ 83.096863578320992, 28.262258332664398 ], [ 83.096881015769725, 28.261951582512008 ], [ 83.096811390516891, 28.261495395182322 ], [ 83.096870828165194, 28.261094207748528 ], [ 83.096862577881978, 28.260406019852468 ], [ 83.096772952985106, 28.260082832381588 ], [ 83.096641078483003, 28.259815707343872 ], [ 83.096505765434756, 28.259244020474814 ], [ 83.096344828016242, 28.25831114518212 ], [ 83.096168890920623, 28.257949019802926 ], [ 83.095928766014694, 28.257568395353704 ], [ 83.095906266242807, 28.257473519937577 ], [ 83.095666766290577, 28.257131270448181 ], [ 83.095644015600087, 28.257036332863915 ], [ 83.095534766089216, 28.256846082768408 ], [ 83.096220265415141, 28.256879957834784 ], [ 83.096411890572952, 28.256781958000463 ], [ 83.097154578556683, 28.256225020175084 ], [ 83.097770953337914, 28.255838832762691 ], [ 83.098027203025865, 28.255779644711328 ], [ 83.098541952858056, 28.255852958020775 ], [ 83.099057828536004, 28.256021082888445 ], [ 83.099572140885499, 28.256035707594602 ], [ 83.100169828060871, 28.255897520387439 ], [ 83.100851828248636, 28.255626770071398 ], [ 83.101193328057917, 28.255547832582671 ], [ 83.101449703608736, 28.255506645504244 ], [ 83.101878203466853, 28.255504895411843 ], [ 83.10273576587602, 28.255594019788308 ], [ 83.103034078809316, 28.255496707230009 ], [ 83.10394582808685, 28.254726582766452 ], [ 83.104093078159266, 28.254515457432351 ], [ 83.104224953010558, 28.254403519801464 ], [ 83.104410952889154, 28.254246832147889 ], [ 83.104833828560672, 28.253805144731341 ], [ 83.10519426561163, 28.253516457707683 ], [ 83.105694265743935, 28.253255769972561 ], [ 83.105789890480935, 28.253206769740085 ], [ 83.106322452890296, 28.252973332838195 ], [ 83.106917452906728, 28.252586957982974 ], [ 83.107124015459675, 28.252493520149514 ], [ 83.107413891020585, 28.252294644749242 ], [ 83.107703828085462, 28.252093394760063 ], [ 83.107986703020615, 28.252047894744091 ], [ 83.10851270314177, 28.251875394923676 ], [ 83.1090348907546, 28.251779519821998 ], [ 83.10946457785019, 28.251816144675971 ], [ 83.109634141068099, 28.251880520214065 ], [ 83.109738328408767, 28.251960082208285 ], [ 83.109993016049131, 28.252045269945317 ], [ 83.110329391029396, 28.252230145006706 ], [ 83.110500515883274, 28.252256082451137 ], [ 83.110633641277801, 28.252184770499412 ], [ 83.110728016292811, 28.252016144807911 ], [ 83.11086270306032, 28.25190645784841 ], [ 83.111173140410727, 28.251725832930131 ], [ 83.111523390961992, 28.251624270072611 ], [ 83.112899515715213, 28.251714395029943 ], [ 83.113497953694875, 28.251833332983363 ], [ 83.113957140740993, 28.252156707303797 ], [ 83.11424782844496, 28.25239770798612 ], [ 83.114815391345587, 28.252705957184119 ], [ 83.115154515783388, 28.252834519817316 ], [ 83.115660515811683, 28.253081457740063 ], [ 83.116514453256698, 28.253267457870759 ], [ 83.116944141190572, 28.253304082804462 ], [ 83.117114516312228, 28.253348082415052 ], [ 83.117707641133549, 28.253579770001821 ], [ 83.117793890388711, 28.253584832647732 ], [ 83.118299515947285, 28.253831770241433 ], [ 83.118466390805324, 28.253954645328836 ], [ 83.118893891020434, 28.254487582469405 ], [ 83.118977515409938, 28.254546832437942 ], [ 83.119315203048444, 28.255153645393143 ], [ 83.119680828540268, 28.255627520138951 ], [ 83.120300390625758, 28.256204582562997 ], [ 83.120615140653399, 28.256389332310629 ], [ 83.120875578159627, 28.256361707738666 ], [ 83.12113307788303, 28.256390394940368 ], [ 83.121805516276567, 28.256760145081866 ], [ 83.122232890697845, 28.256853207997736 ], [ 83.122491140872981, 28.256861645515187 ], [ 83.122838391028182, 28.25681876987333 ], [ 83.123454202926951, 28.256572269764355 ], [ 83.123628328071106, 28.256541832948844 ], [ 83.124403703290312, 28.256569332160232 ], [ 83.124893703531711, 28.256710082880627 ], [ 83.125000203140559, 28.256771707455467 ], [ 83.125115328818282, 28.25683783265459 ], [ 83.125669891119244, 28.257261019852468 ], [ 83.125979765873211, 28.257427707822067 ], [ 83.126353328523223, 28.257628645154629 ], [ 83.127127578863892, 28.257405707901874 ], [ 83.127624516293963, 28.257007332625459 ], [ 83.127906265471879, 28.256666144679631 ], [ 83.127971703429608, 28.256533457361623 ], [ 83.128126703831484, 28.255923082775816 ], [ 83.12828639102834, 28.254777957508583 ], [ 83.128352578621232, 28.254548269846897 ], [ 83.128358766138007, 28.253785707764422 ], [ 83.128404890871792, 28.253404707402861 ], [ 83.128731828181955, 28.252795395494122 ], [ 83.129229828689503, 28.252225519654214 ], [ 83.129317078385071, 28.252072645384526 ], [ 83.129494953287988, 28.251311207917329 ], [ 83.129649578357871, 28.250777457815541 ], [ 83.129736515376905, 28.250624582130239 ], [ 83.129908952926741, 28.250530957172042 ], [ 83.130188703840034, 28.250437958014651 ], [ 83.130876266169224, 28.250288957990069 ], [ 83.131479141328356, 28.250064895235873 ], [ 83.131843953805756, 28.250046894699608 ], [ 83.1321010158467, 28.250086894938054 ], [ 83.132669890721345, 28.249998020022353 ], [ 83.132788515465734, 28.249980707254835 ], [ 83.132830390803093, 28.249999020220109 ], [ 83.133472703207829, 28.250287394975491 ], [ 83.135186078266401, 28.250663707610489 ], [ 83.135442766324346, 28.250742082510691 ], [ 83.135680453261131, 28.250849582697182 ], [ 83.135955890494628, 28.250973207939715 ], [ 83.136811328208381, 28.251305707757826 ], [ 83.137068640931318, 28.251345707523949 ], [ 83.137727203724083, 28.252150832307152 ], [ 83.138132391048757, 28.252460145280121 ], [ 83.138495703090811, 28.252633895072439 ], [ 83.138986578800143, 28.252943832223682 ], [ 83.139411453671102, 28.253460957739001 ], [ 83.139815766159401, 28.253883144988475 ], [ 83.140092327977385, 28.254191707730321 ], [ 83.140283765568697, 28.254384645161394 ], [ 83.14033332812545, 28.254520332587767 ], [ 83.140409703371688, 28.254728395067403 ], [ 83.14045082873109, 28.254958770173975 ], [ 83.140640203346663, 28.255417957607524 ], [ 83.14110714119289, 28.256050394771428 ], [ 83.141405202966084, 28.256338770301138 ], [ 83.141511140876375, 28.256513145069224 ], [ 83.141978140996542, 28.257145520141901 ], [ 83.142404078519064, 28.257529520050326 ], [ 83.14347132883664, 28.258224332906874 ], [ 83.144004203134614, 28.258667582818298 ], [ 83.144492953470277, 28.259243769710892 ], [ 83.145109390406787, 28.259956020147161 ], [ 83.145341578042618, 28.260433519921428 ], [ 83.145383703094126, 28.260548833005167 ], [ 83.145487766131339, 28.260790895306467 ], [ 83.145573203347794, 28.260989957255532 ], [ 83.146297890454719, 28.261623957549105 ], [ 83.146509641149649, 28.26195014549619 ], [ 83.146615203283517, 28.26218095726772 ], [ 83.146742827956885, 28.262314895357374 ], [ 83.147233141379317, 28.262699145266325 ], [ 83.148430328395222, 28.26328202043166 ], [ 83.14883607791937, 28.263494332351115 ], [ 83.149498765702916, 28.263841395365983 ], [ 83.149990015768211, 28.26411295795479 ], [ 83.150074452975986, 28.264266895337322 ], [ 83.150094453158729, 28.264476832750898 ], [ 83.150176078588174, 28.264991770376028 ], [ 83.150238140451094, 28.265278644730003 ], [ 83.150406703295161, 28.2656812696972 ], [ 83.150598328071666, 28.265853957448794 ], [ 83.15179020335556, 28.266436645276872 ], [ 83.152303327987681, 28.266439833018559 ], [ 83.15247389125426, 28.266458957279589 ], [ 83.15298670382488, 28.266520832691274 ], [ 83.153157390619441, 28.26656020799571 ], [ 83.1537528279963, 28.26683239480213 ], [ 83.154177390414318, 28.267121520057746 ], [ 83.154536703028739, 28.267487020428671 ], [ 83.154787452987378, 28.268003019823144 ], [ 83.155019328179364, 28.268290895459682 ], [ 83.155570578323335, 28.268716207146124 ], [ 83.155822703448678, 28.269099082761322 ], [ 83.156309203614015, 28.26958039502103 ], [ 83.157050891086314, 28.270176082714237 ], [ 83.157155640807588, 28.270348207409405 ], [ 83.157366578660444, 28.270617957706616 ], [ 83.157494203667653, 28.270675144648166 ], [ 83.157751391326101, 28.270620333024457 ], [ 83.158609766307578, 28.270359394959581 ], [ 83.158954453170864, 28.270151707566164 ], [ 83.15942951544487, 28.269734957708383 ], [ 83.159949703308868, 28.269126770060893 ], [ 83.160121828902618, 28.269033082790912 ], [ 83.160531828292093, 28.268710707735842 ], [ 83.16072620328643, 28.268540457420315 ], [ 83.161375828435681, 28.26783820799384 ], [ 83.162235016040682, 28.267500582363049 ], [ 83.162921390975029, 28.267313020101167 ], [ 83.16343620299638, 28.267183082844724 ], [ 83.163651766144042, 28.267033207283106 ], [ 83.163803765483593, 28.266822082450282 ], [ 83.163826203388652, 28.266727457152051 ], [ 83.163837453275974, 28.26573483294144 ], [ 83.163878328512652, 28.265595207451543 ], [ 83.163926453246233, 28.26543076989395 ], [ 83.164014390565754, 28.265221519748195 ], [ 83.164167765820608, 28.264877270373155 ], [ 83.164368391265199, 28.264154269993451 ], [ 83.164499453608983, 28.263924894823205 ], [ 83.164738203862271, 28.263621770048374 ], [ 83.164892766324158, 28.263164770181053 ], [ 83.165001453518528, 28.263030020397583 ], [ 83.165217203566215, 28.2628598947943 ], [ 83.165561265469123, 28.262690519871647 ], [ 83.166076515925056, 28.262504145024213 ], [ 83.166335516046303, 28.262295895421495 ], [ 83.166552391142162, 28.26201070737433 ], [ 83.166666453435553, 28.261930144636704 ], [ 83.166768265764389, 28.261858582240801 ], [ 83.167390891317709, 28.261711207844176 ], [ 83.167649140969061, 28.261600020497625 ], [ 83.16780157877858, 28.261370832572783 ], [ 83.167847016222083, 28.261143207613053 ], [ 83.16806626559918, 28.260686519987388 ], [ 83.16854514099488, 28.260003645372574 ], [ 83.168805516270496, 28.259698332473128 ], [ 83.169197890609695, 28.259091582357783 ], [ 83.169617328187314, 28.257950269924407 ], [ 83.169790516070066, 28.257797894825472 ], [ 83.169846828446452, 28.257802707658698 ], [ 83.17002570302752, 28.257819582542929 ], [ 83.17062195296964, 28.25810983233934 ], [ 83.170856765690658, 28.258187894848405 ], [ 83.17102664045224, 28.258304019632256 ], [ 83.171450266309577, 28.258710457318074 ], [ 83.172086202931652, 28.259307645156539 ], [ 83.172596828528668, 28.25959727029834 ], [ 83.17314901631589, 28.25998414503696 ], [ 83.173827703506205, 28.260563582185569 ], [ 83.174231391393789, 28.260852520533835 ], [ 83.174954827947502, 28.261258519749994 ], [ 83.175296766319576, 28.261319207413379 ], [ 83.175552641248998, 28.261435832972786 ], [ 83.17572189135447, 28.261628644731097 ], [ 83.175868391243128, 28.261916019651984 ], [ 83.176179266339773, 28.262836145377449 ], [ 83.176369578575986, 28.263065207885774 ], [ 83.176560578705036, 28.263201707144578 ], [ 83.177349765667245, 28.263474957357509 ], [ 83.177437578015443, 28.263529645280297 ], [ 83.177753953694705, 28.26372783250433 ], [ 83.17794470346179, 28.263900395173099 ], [ 83.178882078880704, 28.264327957957683 ], [ 83.179223891014047, 28.26440670785588 ], [ 83.179564828341412, 28.264562207705239 ], [ 83.179883641395776, 28.264776207687898 ], [ 83.180158141306407, 28.265120769858051 ], [ 83.180303328122633, 28.265543520240819 ], [ 83.180429328036936, 28.265774395225773 ], [ 83.180745328431826, 28.266234332880554 ], [ 83.180913953740387, 28.26646545755413 ], [ 83.18108351576484, 28.266619894763931 ], [ 83.181553203171234, 28.266776082758767 ], [ 83.181913765572631, 28.267064832555526 ], [ 83.182230640537696, 28.267450270375125 ], [ 83.182503703649402, 28.267948207772349 ], [ 83.182586641220439, 28.268178832189726 ], [ 83.182775453705204, 28.268522895523173 ], [ 83.183326453156468, 28.269042895201281 ], [ 83.183539140940169, 28.269179519913742 ], [ 83.183752828484515, 28.269237207567233 ], [ 83.184180766233894, 28.269260082162162 ], [ 83.184522766283166, 28.26932077005215 ], [ 83.18533089130041, 28.269824207179727 ], [ 83.185821266173036, 28.270018894734555 ], [ 83.186012828451425, 28.27013508260724 ], [ 83.186161328620756, 28.270251020052481 ], [ 83.186267015628317, 28.270384770533017 ], [ 83.186286265692772, 28.270576645365551 ], [ 83.186328578414461, 28.270633332703358 ], [ 83.18656407814774, 28.27061658282274 ], [ 83.186821890524783, 28.270561832766731 ], [ 83.18699389053603, 28.270486145360515 ], [ 83.187188641296729, 28.270297770170682 ], [ 83.187406203518862, 28.270012520354971 ], [ 83.187538640946912, 28.269652332692193 ], [ 83.187607952963617, 28.269194707219125 ], [ 83.187786828607244, 28.268507645183654 ], [ 83.188180015600352, 28.267824144868023 ], [ 83.188418953718951, 28.267520957463251 ], [ 83.188548516005682, 28.267406707353093 ], [ 83.189021578319711, 28.267238020158672 ], [ 83.189536266116619, 28.267166582841156 ], [ 83.190052453928374, 28.266980145508736 ], [ 83.190204703748591, 28.266771269819468 ], [ 83.190445640782897, 28.266294394709085 ], [ 83.190489515665107, 28.266181832513663 ], [ 83.190556703906609, 28.265934020228372 ], [ 83.190623390950833, 28.265704332672492 ], [ 83.190754453875513, 28.26547720756729 ], [ 83.191058328655686, 28.265097707702225 ], [ 83.191814203040735, 28.264511145289525 ], [ 83.192330703708819, 28.264286270445741 ], [ 83.192587453460717, 28.264326144997479 ], [ 83.193187953914261, 28.264237207350828 ], [ 83.193360141127457, 28.264161519971015 ], [ 83.193749578593739, 28.263802832398508 ], [ 83.195212516207803, 28.263184207261148 ], [ 83.195862516308793, 28.262481895452741 ], [ 83.197163828558871, 28.260984582230083 ], [ 83.19891545357055, 28.259451707334879 ], [ 83.199541828212233, 28.258961270479094 ], [ 83.200081390910469, 28.258583144962682 ], [ 83.200318266333255, 28.258469520264541 ], [ 83.200474640755004, 28.258391457820981 ], [ 83.200878453401614, 28.258188519801219 ], [ 83.201222640904476, 28.258037082259509 ], [ 83.202340015651018, 28.257739020096604 ], [ 83.202597765809017, 28.257684145381042 ], [ 83.203112453303262, 28.25764876992622 ], [ 83.203544328917332, 28.257308332846755 ], [ 83.204192578303562, 28.256797707785143 ], [ 83.20434326630108, 28.256703832634102 ], [ 83.204666703044751, 28.256513957638685 ], [ 83.204818015456411, 28.25638170737923 ], [ 83.20529282865165, 28.256061832440384 ], [ 83.2056809536694, 28.255815957718852 ], [ 83.205810766159431, 28.255701645101063 ], [ 83.205984141352218, 28.255513082451131 ], [ 83.206243703324006, 28.255266457357596 ], [ 83.206699390580425, 28.254716332322651 ], [ 83.206982453440915, 28.254262207511804 ], [ 83.207159328598621, 28.253728520330508 ], [ 83.207207890557086, 28.253194082395684 ], [ 83.207431516156191, 28.252281644904933 ], [ 83.207453766458102, 28.25220508241253 ], [ 83.207627453955737, 28.251978207812723 ], [ 83.207886640757877, 28.251769894901027 ], [ 83.208333328922691, 28.251537832559379 ], [ 83.208575641036603, 28.251412895016468 ], [ 83.210122140689421, 28.250966083007494 ], [ 83.211154203477761, 28.250518582391585 ], [ 83.211477140477612, 28.250348957171635 ], [ 83.211822015487911, 28.2501411452673 ], [ 83.211915641201955, 28.250010832883536 ], [ 83.211932891003116, 28.249999645184065 ], [ 83.211975141122437, 28.249972769637587 ], [ 83.212923078858694, 28.249357769897905 ], [ 83.213907078459215, 28.248596394838156 ], [ 83.214363203383272, 28.248375644696232 ], [ 83.21449276557901, 28.248340269792632 ], [ 83.214750390527271, 28.248344082724053 ], [ 83.214986703522385, 28.248347707813942 ], [ 83.215623141295069, 28.248682957937515 ], [ 83.216652328812273, 28.248758769747099 ], [ 83.216847015733066, 28.248705769679223 ], [ 83.217064828184803, 28.248576145160403 ], [ 83.21739376645418, 28.248277957471942 ], [ 83.217636640833263, 28.247995082253958 ], [ 83.217794890488619, 28.247655270377646 ], [ 83.217802765703524, 28.247312395066771 ], [ 83.217721953506796, 28.247084082267996 ], [ 83.217650766394868, 28.246454207627199 ], [ 83.217572702975744, 28.24610858248839 ], [ 83.217546890650794, 28.245366145441402 ], [ 83.217447516363308, 28.245022645370291 ], [ 83.21757201615533, 28.244281019768373 ], [ 83.21777932876283, 28.243675332675366 ], [ 83.217934266281603, 28.243468645147903 ], [ 83.218021203531322, 28.24343302024003 ], [ 83.218393640984573, 28.243114770216661 ], [ 83.219306702976667, 28.242637207156317 ], [ 83.219762328193269, 28.24243445772446 ], [ 83.221289703317865, 28.241396332811114 ], [ 83.222036641403335, 28.240667332778024 ], [ 83.22217082829988, 28.240440269818141 ], [ 83.222369266030839, 28.240215707377839 ], [ 83.222527891288905, 28.239857895278373 ], [ 83.22303864120066, 28.239123020300283 ], [ 83.223107078402222, 28.238954207977464 ], [ 83.223285203854374, 28.238670957548351 ], [ 83.223668703481124, 28.237876707404897 ], [ 83.223787953914041, 28.237365207889706 ], [ 83.223879140814034, 28.237137832157625 ], [ 83.224122953945326, 28.236800832222546 ], [ 83.224519828112008, 28.236349582726529 ], [ 83.224782891151094, 28.236125457854868 ], [ 83.225109078447943, 28.235942269713416 ], [ 83.225759766456434, 28.235668457721403 ], [ 83.226276328173014, 28.235619520124075 ], [ 83.226642640624689, 28.235569707467914 ], [ 83.226814202991761, 28.235572894980859 ], [ 83.227071828128388, 28.235576645464253 ], [ 83.227266141043941, 28.23552358280898 ], [ 83.227852516380352, 28.23524714472979 ], [ 83.228073640655765, 28.234966332460399 ], [ 83.228145828261773, 28.234626082769875 ], [ 83.228156453599098, 28.234168207772942 ], [ 83.228014078089018, 28.233822145224288 ], [ 83.227767078267917, 28.233360457501529 ], [ 83.227605703062281, 28.23290158224231 ], [ 83.227652828010477, 28.232730332128376 ], [ 83.2277865785545, 28.232505457240713 ], [ 83.227897078094358, 28.23237302002471 ], [ 83.228223578794271, 28.232189832206245 ], [ 83.228873453494728, 28.231934019855537 ], [ 83.22913557873099, 28.231748270191034 ], [ 83.229399078975362, 28.231636957209343 ], [ 83.22967907817079, 28.231453520043249 ], [ 83.230270515717862, 28.230949207636527 ], [ 83.230470328398695, 28.230668332526136 ], [ 83.230844828421851, 28.230216895271685 ], [ 83.230910078115571, 28.230181269872613 ], [ 83.231175953256354, 28.229785582765516 ], [ 83.231307328203982, 28.229673520468097 ], [ 83.231571765827695, 28.22933658253476 ], [ 83.231618140950658, 28.229183395018396 ], [ 83.2317723285813, 28.228997020076189 ], [ 83.232553453803163, 28.228593020034722 ], [ 83.233228328413702, 28.228129769981756 ], [ 83.233619140678869, 28.227723645296106 ], [ 83.234040328979532, 28.227286020008975 ], [ 83.234481578638849, 28.226724457276323 ], [ 83.234745015949542, 28.226443895472656 ], [ 83.234921453570735, 28.226219269961035 ], [ 83.235232640931955, 28.225711145195589 ], [ 83.235300328352324, 28.225558082637665 ], [ 83.235239578734664, 28.225187707784496 ], [ 83.235176015939373, 28.225036207257133 ], [ 83.235116391377787, 28.224422207241833 ], [ 83.235470578535597, 28.223199082170087 ], [ 83.235498890799207, 28.222357645171872 ], [ 83.235586828476514, 28.222128019670272 ], [ 83.235588203770163, 28.221974582660145 ], [ 83.235762828009655, 28.221689082908483 ], [ 83.236001515790662, 28.221478332449877 ], [ 83.236066328100407, 28.221460644966637 ], [ 83.236261578325596, 28.221269957980784 ], [ 83.236586140978758, 28.221077707368806 ], [ 83.236780453246226, 28.221022395222352 ], [ 83.237276766155432, 28.220946207893181 ], [ 83.237707328913316, 28.220987019875093 ], [ 83.23822470299055, 28.220951519837623 ], [ 83.238396703643289, 28.220988519631888 ], [ 83.238655516129811, 28.220951644945355 ], [ 83.239086266468973, 28.220954020017011 ], [ 83.239604640482696, 28.220783082557855 ], [ 83.240124141155746, 28.220497269936256 ], [ 83.240219078842514, 28.220432395031487 ], [ 83.240600453882948, 28.220175020048597 ], [ 83.24066564122792, 28.22009864460026 ], [ 83.240990640842611, 28.219888394962933 ], [ 83.241595703035102, 28.219661645304917 ], [ 83.241854578842478, 28.219604395118299 ], [ 83.242285016227186, 28.219663207129635 ], [ 83.242564890721596, 28.219664707420321 ], [ 83.243081141279433, 28.219782644715611 ], [ 83.243339578397752, 28.219802144674727 ], [ 83.243684078030014, 28.219804019978323 ], [ 83.244115890494015, 28.219709395256658 ], [ 83.24472139070528, 28.219405894917795 ], [ 83.244981703020173, 28.219156895356893 ], [ 83.245223015810282, 28.218621270275101 ], [ 83.245399328525181, 28.218087582966099 ], [ 83.245922453882088, 28.217323332793153 ], [ 83.246204390683829, 28.217074457136661 ], [ 83.246463703055881, 28.216960769666692 ], [ 83.246808953708737, 28.216906332119304 ], [ 83.247929078699272, 28.216910207548686 ], [ 83.248273641342024, 28.216948207500575 ], [ 83.248532328748269, 28.216931582815956 ], [ 83.249309140635702, 28.216762082388058 ], [ 83.249547266025743, 28.216628020314442 ], [ 83.249719953354258, 28.216570332784112 ], [ 83.24993639109411, 28.216438394628192 ], [ 83.250000203621525, 28.216373332187999 ], [ 83.250066641029122, 28.216303707654657 ], [ 83.250586140649332, 28.215999769728917 ], [ 83.250932953440497, 28.215715082680848 ], [ 83.251106891422808, 28.215524269782549 ], [ 83.251756141041838, 28.215105895156253 ], [ 83.252102140981464, 28.214934082197757 ], [ 83.252533953273627, 28.214839457537412 ], [ 83.2529666408157, 28.214611645339904 ], [ 83.253161328346238, 28.214497645318627 ], [ 83.253789703866119, 28.214020582484611 ], [ 83.254116078651464, 28.213600395224123 ], [ 83.254202640905945, 28.213562520010477 ], [ 83.254290016346246, 28.213411832479913 ], [ 83.25485470299536, 28.212780895398481 ], [ 83.25500807843278, 28.212474895110212 ], [ 83.255487266503607, 28.211789395226464 ], [ 83.255836515968582, 28.211195644655128 ], [ 83.255900265786011, 28.211047082779025 ], [ 83.255927328731616, 28.210584707231959 ], [ 83.255822703551047, 28.210200582169513 ], [ 83.255804516240872, 28.209742457520864 ], [ 83.255916515619518, 28.209206145459181 ], [ 83.255964891412077, 28.208518270131833 ], [ 83.256027015655121, 28.208333645334971 ], [ 83.256427828554891, 28.207142207318959 ], [ 83.256689828513899, 28.206683394626435 ], [ 83.257081328598332, 28.206186894933886 ], [ 83.257515703414356, 28.205710957681113 ], [ 83.257948890657445, 28.205406457933755 ], [ 83.258274328253492, 28.20511939525386 ], [ 83.258879890631988, 28.204795520027051 ], [ 83.259398516036285, 28.204568207773129 ], [ 83.260003203241695, 28.204359457209353 ], [ 83.260436828846821, 28.203998519796837 ], [ 83.260545703734351, 28.203863707607624 ], [ 83.260699328101907, 28.203462957579141 ], [ 83.260834453511634, 28.202698832093905 ], [ 83.260836828070225, 28.202392020470246 ], [ 83.260794828718446, 28.202258644727056 ], [ 83.260818203300147, 28.202008332437778 ], [ 83.260777515512032, 28.201721582212851 ], [ 83.260778953546065, 28.201511770151058 ], [ 83.260823328339541, 28.201358582243017 ], [ 83.260825453217635, 28.201051770114898 ], [ 83.260981703192328, 28.200364457178821 ], [ 83.261222016204002, 28.199905520478417 ], [ 83.261612453378078, 28.199562395243479 ], [ 83.261892828901821, 28.199487207787108 ], [ 83.262927703907195, 28.199357395217948 ], [ 83.263961704003719, 28.199360707349847 ], [ 83.264563890696209, 28.199476769748905 ], [ 83.265856390907587, 28.199481457307876 ], [ 83.266286703072012, 28.199540145449127 ], [ 83.266631453071426, 28.199503645080647 ], [ 83.267235765775496, 28.199351207909924 ], [ 83.267494391080845, 28.19933458248158 ], [ 83.267904953385582, 28.199162957255712 ], [ 83.268165328663969, 28.198934269931527 ], [ 83.268684016181524, 28.198686645075064 ], [ 83.268943016134187, 28.198611270186269 ], [ 83.269116328427558, 28.198497145039401 ], [ 83.269304516078847, 28.198356020188342 ], [ 83.269571078582345, 28.198154395097237 ], [ 83.270005265873934, 28.19773476990482 ], [ 83.270828453557257, 28.197087145261722 ], [ 83.271349828630491, 28.196496519728637 ], [ 83.271501328100413, 28.196400332140989 ], [ 83.271826703160983, 28.196113269969388 ], [ 83.271979140575354, 28.195886207364481 ], [ 83.272499453055445, 28.195446770357321 ], [ 83.272673265905652, 28.195255895377652 ], [ 83.272804078287493, 28.195026457965913 ], [ 83.272872641001328, 28.194492082782464 ], [ 83.273114766114546, 28.193802957755903 ], [ 83.273164891105537, 28.192884957235044 ], [ 83.273080515792699, 28.192654394687388 ], [ 83.272823828710429, 28.192386832931511 ], [ 83.272696516341938, 28.192156020384093 ], [ 83.272677765526652, 28.191772332193317 ], [ 83.273025515861463, 28.191372582766661 ], [ 83.273372078078197, 28.191105957356523 ], [ 83.273568204003695, 28.190820457908707 ], [ 83.274176516401056, 28.19011295745451 ], [ 83.274718203250899, 28.189655582085038 ], [ 83.274892828963928, 28.189349644612868 ], [ 83.275132016442072, 28.189044082157654 ], [ 83.275350453600879, 28.188663957410487 ], [ 83.275437203238241, 28.188587707475001 ], [ 83.275613328530568, 28.188051645057904 ], [ 83.275682578862913, 28.18745864522645 ], [ 83.275876953087902, 28.187382957146248 ], [ 83.276649391231956, 28.187786395162963 ], [ 83.276863391222363, 28.187958957534871 ], [ 83.276905829017508, 28.188035895341372 ], [ 83.277505953015904, 28.188402332593096 ], [ 83.277935390850601, 28.188594082489345 ], [ 83.278278391434185, 28.188805769659048 ], [ 83.278384765729399, 28.188980020244109 ], [ 83.279196766326777, 28.189843894789867 ], [ 83.279345828071541, 28.19007258237243 ], [ 83.279493266015251, 28.190533644840087 ], [ 83.279578515745925, 28.190649144574508 ], [ 83.2797925165208, 28.190821770123456 ], [ 83.280050578575384, 28.190879520071476 ], [ 83.280396078536867, 28.190766270336852 ], [ 83.280634078714655, 28.190593770067789 ], [ 83.280916828151135, 28.190250082548268 ], [ 83.281111703136844, 28.190097645367697 ], [ 83.281565078067374, 28.189946645119409 ], [ 83.281846703791487, 28.189717957474592 ], [ 83.282106390798816, 28.189583957203627 ], [ 83.28245082885374, 28.189585770287273 ], [ 83.282967015827396, 28.189703519799551 ], [ 83.283740328109985, 28.189973832874234 ], [ 83.28386332817017, 28.190001582442171 ], [ 83.285116328603394, 28.190283332783483 ], [ 83.28571945374992, 28.190286457678834 ], [ 83.285892016122048, 28.190246769739534 ], [ 83.286064328623169, 28.190229645043367 ], [ 83.286408703239601, 28.190287832254224 ], [ 83.286838266436831, 28.190461519917445 ], [ 83.287245766273173, 28.190691519984092 ], [ 83.28752395372743, 28.190941145409457 ], [ 83.287801390822722, 28.191249457510896 ], [ 83.288056766266664, 28.191670457393776 ], [ 83.288527953707103, 28.192054207826921 ], [ 83.289472453850038, 28.192478769812393 ], [ 83.289730578341377, 28.192536519987879 ], [ 83.290591453359596, 28.192617644698515 ], [ 83.291538953542101, 28.192638394977653 ], [ 83.291666453280826, 28.192661644853668 ], [ 83.292571328964428, 28.192833207826432 ], [ 83.29300245347504, 28.192815144730904 ], [ 83.293520641371359, 28.192684707568024 ], [ 83.293779266027798, 28.192665707384819 ], [ 83.295158328468489, 28.192708894864925 ], [ 83.295589828394085, 28.192632207460147 ], [ 83.29662364066391, 28.192750332187771 ], [ 83.296882328190549, 28.192771957154161 ], [ 83.29709745379084, 28.192829457275177 ], [ 83.297614516089325, 28.192868144888198 ], [ 83.298132140933191, 28.192812207159982 ], [ 83.2986494538724, 28.192814894798047 ], [ 83.299426078971194, 28.192683394589793 ], [ 83.299856828793878, 28.192724019928484 ], [ 83.30020120363092, 28.192800270116518 ], [ 83.300459140711368, 28.19291664526898 ], [ 83.300673578729075, 28.193089207447304 ], [ 83.300886453729731, 28.193491894611739 ], [ 83.30105745360008, 28.193722894857686 ], [ 83.301657015949388, 28.194296770463055 ], [ 83.30253670357699, 28.194912707280629 ], [ 83.302772266117785, 28.195162082245357 ], [ 83.303523891053288, 28.195605894858989 ], [ 83.304189953959749, 28.195893519651865 ], [ 83.30548045319243, 28.196337770395349 ], [ 83.306168015759027, 28.196645895391008 ], [ 83.306661641237326, 28.196955270139615 ], [ 83.306919015626576, 28.197184394847632 ], [ 83.307262203639937, 28.197416270110754 ], [ 83.307606078200592, 28.19756920774789 ], [ 83.308294954022415, 28.197723832581779 ], [ 83.309070766275738, 28.197727770143228 ], [ 83.30984845401278, 28.197481207589238 ], [ 83.309921765595107, 28.197416145345478 ], [ 83.310065141456676, 28.197290520395878 ], [ 83.310671516325399, 28.196871707687087 ], [ 83.310758453194694, 28.196718707857347 ], [ 83.311018453517519, 28.196433457402421 ], [ 83.311277890611478, 28.19618658263683 ], [ 83.311493766029315, 28.196034207577092 ], [ 83.311580578608186, 28.195901582849856 ], [ 83.311667766126774, 28.19559514506604 ], [ 83.311820016022438, 28.195291332969045 ], [ 83.312080015868048, 28.194909082224399 ], [ 83.312124015668076, 28.194699519918366 ], [ 83.312210953749386, 28.19454651997891 ], [ 83.312426953584776, 28.194376207096632 ], [ 83.312448765611023, 28.194299519731548 ], [ 83.312665266247052, 28.19399602028043 ], [ 83.313161765777423, 28.193711957364133 ], [ 83.313851515861657, 28.193428894839712 ], [ 83.314541016447194, 28.193278895336253 ], [ 83.314798953452822, 28.193318582075644 ], [ 83.315143390893809, 28.193320269719624 ], [ 83.315315515891115, 28.193282832940966 ], [ 83.315660578139529, 28.193131082789662 ], [ 83.316027766071372, 28.192864457575126 ], [ 83.316503515660315, 28.192390770253855 ], [ 83.316785391182336, 28.191913832203557 ], [ 83.317347390598343, 28.191381957609988 ], [ 83.317866828371905, 28.190752770085364 ], [ 83.318147703843991, 28.190487957792268 ], [ 83.318514829046592, 28.190221270250962 ], [ 83.318880828424952, 28.19018477045174 ], [ 83.31956826556592, 28.190456645296273 ], [ 83.320600328180021, 28.190651269968555 ], [ 83.320858516090908, 28.190652582720343 ], [ 83.321117015782335, 28.190597457762962 ], [ 83.321548265922701, 28.19040783283323 ], [ 83.32197895340785, 28.190315207458713 ], [ 83.32215164079787, 28.190239332388725 ], [ 83.322475453658328, 28.189972457509452 ], [ 83.32277707871728, 28.189897270264986 ], [ 83.323035953634204, 28.189785707419023 ], [ 83.323465765979037, 28.189920957109763 ], [ 83.324498390822015, 28.189982457406686 ], [ 83.324756203665331, 28.190040144681266 ], [ 83.325186578666745, 28.190080645134149 ], [ 83.326390516234909, 28.190334707947606 ], [ 83.326537890651664, 28.190335457427498 ], [ 83.326992766473694, 28.190337707145229 ], [ 83.327144078348852, 28.190223394739817 ], [ 83.327834328754676, 28.189901832733774 ], [ 83.328503203465914, 28.189485457157009 ], [ 83.32867557904126, 28.189409645345606 ], [ 83.328956015662683, 28.189239519797258 ], [ 83.329387453288604, 28.18903183280316 ], [ 83.329732015920186, 28.188956832338885 ], [ 83.330678891207825, 28.18897945711949 ], [ 83.331970390815542, 28.188927145344902 ], [ 83.332228766048175, 28.188890020430069 ], [ 83.332658640932479, 28.188968832599191 ], [ 83.332874078348411, 28.188931519707147 ], [ 83.333132079069657, 28.189009519781052 ], [ 83.33333332845524, 28.189044332439288 ], [ 83.333820203582789, 28.189127832615362 ], [ 83.334335515887318, 28.189340269665674 ], [ 83.334399766334229, 28.189396957764249 ], [ 83.334700891410947, 28.189457082331568 ], [ 83.334958828714548, 28.189496707614545 ], [ 83.335217266445184, 28.189497957460208 ], [ 83.335389391304986, 28.189460457348957 ], [ 83.335647766573146, 28.189479707096542 ], [ 83.336077516540868, 28.189576582095462 ], [ 83.336399703503218, 28.18973158254272 ], [ 83.337065453285348, 28.190021332703505 ], [ 83.337344765573121, 28.190099394705612 ], [ 83.337990516177044, 28.190120582355554 ], [ 83.33850720377724, 28.190008020084168 ], [ 83.338959140978531, 28.190030519992298 ], [ 83.33921801614855, 28.189916644852193 ], [ 83.339648766274564, 28.18980370761783 ], [ 83.340164766358839, 28.189900957890544 ], [ 83.340508578862142, 28.190056019584681 ], [ 83.340852078612556, 28.190211082527689 ], [ 83.341539703740594, 28.190460332427719 ], [ 83.341711391252417, 28.190558144942926 ], [ 83.342141141086771, 28.190655019957756 ], [ 83.342656703864833, 28.190887582392545 ], [ 83.343171890905452, 28.191176644986012 ], [ 83.343622391381274, 28.191521707160621 ], [ 83.34411651558213, 28.191733895080258 ], [ 83.344696078341443, 28.192061582792515 ], [ 83.345189640613953, 28.192350519911024 ], [ 83.345704141178913, 28.192810957730224 ], [ 83.346304703412386, 28.193251520333273 ], [ 83.346476703402033, 28.193290707304001 ], [ 83.34690639121861, 28.193464332858778 ], [ 83.347078454052536, 28.193485394705984 ], [ 83.34768145387163, 28.193373207806488 ], [ 83.347939578897993, 28.193374395250149 ], [ 83.34843576559642, 28.193146707382372 ], [ 83.348608141284416, 28.193109082674287 ], [ 83.349210578254656, 28.193132270424591 ], [ 83.349640265660327, 28.193305770119579 ], [ 83.349982453382083, 28.193727082476482 ], [ 83.350025078997234, 28.193842332325424 ], [ 83.35002457854344, 28.193973207935201 ], [ 83.350024328506521, 28.194072457923884 ], [ 83.350216890904875, 28.19428320797272 ], [ 83.350367328547946, 28.194358395387315 ], [ 83.351249453851338, 28.194362582739288 ], [ 83.351507891100994, 28.19432545792861 ], [ 83.351766579076241, 28.194231894880904 ], [ 83.351917266081728, 28.194214582109804 ], [ 83.352153891579562, 28.194251770212738 ], [ 83.352325640625224, 28.194329332431565 ], [ 83.352475828228819, 28.194445082328574 ], [ 83.35266839144974, 28.194732519768287 ], [ 83.352796140782289, 28.195076082204391 ], [ 83.352988265880356, 28.195363519827396 ], [ 83.35322332886328, 28.195822644653116 ], [ 83.353822391376113, 28.196628707925747 ], [ 83.353972515902555, 28.196762520112557 ], [ 83.354143640865416, 28.196993394603993 ], [ 83.354356703666582, 28.197452520154332 ], [ 83.3545497662071, 28.197586519815214 ], [ 83.354743328331637, 28.197646082503571 ], [ 83.355087766170442, 28.197645457790902 ], [ 83.355432078242799, 28.197610957611833 ], [ 83.356552265924762, 28.197365832907625 ], [ 83.357068704094999, 28.19735014503544 ], [ 83.357533703403789, 28.197316269583329 ], [ 83.357653828842004, 28.196931020301616 ], [ 83.357587016070795, 28.196817894712627 ], [ 83.357581641029824, 28.196590019909021 ], [ 83.357485703994371, 28.196133770245037 ], [ 83.357460828285966, 28.195980270050132 ], [ 83.357501828174094, 28.195883395305689 ], [ 83.357584516124433, 28.195748457897771 ], [ 83.357837390820023, 28.195555520015066 ], [ 83.358091641309841, 28.195416895385883 ], [ 83.358992765733021, 28.195441457821364 ], [ 83.359695391092899, 28.195219082651239 ], [ 83.360434953331605, 28.19473070792063 ], [ 83.360686890805312, 28.194497144639339 ], [ 83.360853703671197, 28.194283644663351 ], [ 83.361337578229211, 28.193857207093284 ], [ 83.361591578527353, 28.193700457180281 ], [ 83.362038015854523, 28.193522082170695 ], [ 83.362614640602331, 28.193398395462928 ], [ 83.362934203411527, 28.193298395417539 ], [ 83.363230140617347, 28.193103457389483 ], [ 83.363803891003514, 28.192864707333928 ], [ 83.364160390779389, 28.192496332902902 ], [ 83.364519703279726, 28.192243082275073 ], [ 83.36466470323262, 28.192011332527027 ], [ 83.364659641215894, 28.191783457320309 ], [ 83.364561141436894, 28.191212145226892 ], [ 83.364595328423164, 28.19081070744291 ], [ 83.364777016385432, 28.190292582563487 ], [ 83.364920703171862, 28.190004457694247 ], [ 83.365190265807755, 28.189581582546904 ], [ 83.366034328349585, 28.188955957124584 ], [ 83.366244079017548, 28.188744895321889 ], [ 83.366410078745247, 28.188492957243703 ], [ 83.366363765985994, 28.188321269628318 ], [ 83.366231015806903, 28.188153707856028 ], [ 83.365961265631839, 28.187583832675731 ], [ 83.365954704027203, 28.18723639471224 ], [ 83.366011765839218, 28.186954582706164 ], [ 83.366210453224255, 28.186244894728834 ], [ 83.366292640705822, 28.186071457192998 ], [ 83.366397078856792, 28.185956894609269 ], [ 83.366820140625677, 28.185681332220373 ], [ 83.367071828920658, 28.185429769574544 ], [ 83.367453203254215, 28.185214957680596 ], [ 83.36777270398288, 28.185114895061062 ], [ 83.368025515768593, 28.184899457107296 ], [ 83.368851140892019, 28.184411395148942 ], [ 83.369042828766538, 28.184349144876133 ], [ 83.369487203585592, 28.184075895085897 ], [ 83.369742453397137, 28.183977832338623 ], [ 83.369836640760866, 28.183926332897453 ], [ 83.370060203121128, 28.183801020063743 ], [ 83.37037920409584, 28.183680644702754 ], [ 83.370571891525756, 28.183659019818492 ], [ 83.370890391178406, 28.183520582084164 ], [ 83.37116495317359, 28.183325519808804 ], [ 83.371564391249763, 28.182955082151945 ], [ 83.371899453485696, 28.182588894727889 ], [ 83.371981329087816, 28.182415519804078 ], [ 83.372055641333091, 28.181899207310806 ], [ 83.372198016181699, 28.181552395255334 ], [ 83.37236464112047, 28.181323019998768 ], [ 83.372318891421017, 28.181189644822719 ], [ 83.37201245381145, 28.180908520312077 ], [ 83.371945641541217, 28.180795395097562 ], [ 83.371874703971187, 28.180508520235435 ], [ 83.372052516446089, 28.179818894779284 ], [ 83.372065079035735, 28.179419644563033 ], [ 83.371880890825722, 28.178850207775543 ], [ 83.371852015933598, 28.178507145258322 ], [ 83.371964265623475, 28.177760832065434 ], [ 83.372367641268497, 28.176609770335087 ], [ 83.372490953671303, 28.176359894565874 ], [ 83.372617078957475, 28.176243144769312 ], [ 83.372956078213491, 28.176066457811302 ], [ 83.373020391447596, 28.176064457249307 ], [ 83.373147578470125, 28.175986082207483 ], [ 83.373530328145364, 28.17584795724764 ], [ 83.373914141019696, 28.175745895181777 ], [ 83.374171328148094, 28.175742582703993 ], [ 83.374430079017245, 28.175795582539365 ], [ 83.374623016210379, 28.175792019911725 ], [ 83.374862516130506, 28.175876582358541 ], [ 83.375000078906297, 28.175850145405207 ], [ 83.375056578241072, 28.175839144657537 ], [ 83.375229578396812, 28.175747332833001 ], [ 83.375487828343395, 28.175674145375758 ], [ 83.37594370338374, 28.175335519727152 ], [ 83.37620314133666, 28.175205832097152 ], [ 83.37648589106071, 28.174979269956577 ], [ 83.3765482656964, 28.174925395303561 ], [ 83.37679039120178, 28.174716645082029 ], [ 83.377334453872407, 28.174265644859801 ], [ 83.377836890636317, 28.173735457097994 ], [ 83.378140891079482, 28.17351120718455 ], [ 83.378580328958691, 28.172924332714295 ], [ 83.37889007859043, 28.172411332503248 ], [ 83.37954926562098, 28.171520832278581 ], [ 83.379726390688788, 28.171217020209287 ], [ 83.380143141491743, 28.170706770361981 ], [ 83.381432829086791, 28.16930920773034 ], [ 83.381830016159512, 28.168701832338201 ], [ 83.382352766421675, 28.16823033216065 ], [ 83.38285601576068, 28.167664082933726 ], [ 83.382878766551229, 28.167587457112777 ], [ 83.383098828371658, 28.167283832879754 ], [ 83.383492453678343, 28.166850144942362 ], [ 83.383614140749728, 28.16666570725133 ], [ 83.383844640756294, 28.16631920783286 ], [ 83.384652328476847, 28.165433957460593 ], [ 83.384784766268879, 28.165206645159458 ], [ 83.385132453300002, 28.164905894679737 ], [ 83.38552682861318, 28.164395519758692 ], [ 83.38580951645848, 28.164150832225015 ], [ 83.386224766038524, 28.163660832364702 ], [ 83.386412078894097, 28.163639082083598 ], [ 83.386653766571044, 28.163608582561007 ], [ 83.386823703751318, 28.163668020067032 ], [ 83.386992953651259, 28.163786082234477 ], [ 83.387330266444337, 28.164078645447319 ], [ 83.3875393908814, 28.164348145427855 ], [ 83.387792016276009, 28.164581644923715 ], [ 83.38859401614269, 28.16520564530202 ], [ 83.389291828719365, 28.165673582617043 ], [ 83.389781203378703, 28.165932957919193 ], [ 83.389885515989619, 28.165987582292662 ], [ 83.390347453823551, 28.166472457374027 ], [ 83.390594266331391, 28.166667582435856 ], [ 83.390917141544463, 28.166921769834619 ], [ 83.39159532900959, 28.167256395339983 ], [ 83.391935641538439, 28.167357207324496 ], [ 83.392131265669875, 28.167206894942883 ], [ 83.392482641005728, 28.166752707829502 ], [ 83.392524204039248, 28.166667145112974 ], [ 83.392593703681825, 28.166525332752503 ], [ 83.392754390931373, 28.16591683230962 ], [ 83.392781266343661, 28.165610145131257 ], [ 83.392897578889972, 28.165075894616621 ], [ 83.393148016191503, 28.164239957863604 ], [ 83.393303016274999, 28.163936020303982 ], [ 83.393457140721623, 28.163708832397518 ], [ 83.39363120374874, 28.163540394851477 ], [ 83.393739140779061, 28.163484395281003 ], [ 83.394175515832089, 28.163012582859412 ], [ 83.394355141436336, 28.162555395232697 ], [ 83.394642578762173, 28.162026394707723 ], [ 83.394868891420103, 28.16134152037451 ], [ 83.395153579115302, 28.16096145731256 ], [ 83.395240140937403, 28.16090545778437 ], [ 83.395503891219803, 28.160527582119549 ], [ 83.395765828402048, 28.160244457417566 ], [ 83.395964890787226, 28.159866270179968 ], [ 83.396038578333815, 28.159331832873953 ], [ 83.39633157815355, 28.158496082246284 ], [ 83.396356016422956, 28.158342769855448 ], [ 83.39629970333371, 28.157882269583801 ], [ 83.396392203142341, 28.157501332191778 ], [ 83.39651401583977, 28.156662582918422 ], [ 83.396787078690835, 28.15574995762416 ], [ 83.397333578483071, 28.155107082938517 ], [ 83.397646390749145, 28.154882832262079 ], [ 83.397853765671073, 28.154732582616571 ], [ 83.398091265879884, 28.154602770307839 ], [ 83.398349828497913, 28.154511395420307 ], [ 83.398891328150597, 28.15413701984216 ], [ 83.399087016099372, 28.153968645374718 ], [ 83.399370766445301, 28.153647207592229 ], [ 83.399566453755838, 28.153476644750832 ], [ 83.399652578578937, 28.153440895141951 ], [ 83.399892328409877, 28.153196020017486 ], [ 83.400152828881218, 28.152989582469498 ], [ 83.400568391023768, 28.152479144742561 ], [ 83.400965390665561, 28.151815394654296 ], [ 83.40121020361056, 28.151283957912693 ], [ 83.401778078713846, 28.150681770415318 ], [ 83.402427204118908, 28.150328144658271 ], [ 83.403376328711317, 28.149959957324622 ], [ 83.4035483910137, 28.14992464525201 ], [ 83.404325766441772, 28.149573769749843 ], [ 83.404584265811152, 28.14950045782415 ], [ 83.404844078968551, 28.14935264526364 ], [ 83.405092078377649, 28.149279269613736 ], [ 83.40527470366861, 28.149225895265207 ], [ 83.405339953214451, 28.1491697704232 ], [ 83.405621579154626, 28.14900183232335 ], [ 83.406098266411419, 28.148703770262184 ], [ 83.406872391009685, 28.148542457723703 ], [ 83.407023640912229, 28.148468645271375 ], [ 83.40762489147275, 28.148380957051142 ], [ 83.407795578568397, 28.148404269971905 ], [ 83.408140141352831, 28.148313269583415 ], [ 83.408270578932374, 28.148201082695515 ], [ 83.408314891106997, 28.148124520028141 ], [ 83.408339390640052, 28.147953145395476 ], [ 83.408827453412485, 28.147043707800606 ], [ 83.408963140986444, 28.146662957882956 ], [ 83.408945891011712, 28.146432770278079 ], [ 83.408737640784722, 28.146125019982581 ], [ 83.408697454045836, 28.145971457628036 ], [ 83.408717204136138, 28.14584739490234 ], [ 83.408721829112949, 28.145818082694625 ], [ 83.408810141379035, 28.145667332811247 ], [ 83.408940954141528, 28.145555082741371 ], [ 83.409286891564619, 28.145369270359225 ], [ 83.410404578865354, 28.145157519720659 ], [ 83.411180203455828, 28.144901394709116 ], [ 83.411953453817702, 28.144778394692757 ], [ 83.412385266322943, 28.144595207231379 ], [ 83.412905953538981, 28.144220644798612 ], [ 83.413254079152892, 28.143919769962178 ], [ 83.413235578623087, 28.143766270090502 ], [ 83.413237266300783, 28.143689582779349 ], [ 83.413074328332854, 28.143228582430048 ], [ 83.413017203233053, 28.142847020220049 ], [ 83.413028515721265, 28.142235707166488 ], [ 83.413325328796816, 28.141246457667584 ], [ 83.413375203638694, 28.140865332738681 ], [ 83.413532203217429, 28.140484770002733 ], [ 83.413707453534599, 28.140257582234067 ], [ 83.413753141220752, 28.140106582493875 ], [ 83.414018766381858, 28.139651957858909 ], [ 83.41445564067763, 28.139180019773253 ], [ 83.414588328705648, 28.138952707609363 ], [ 83.41485032847379, 28.138689832031339 ], [ 83.415072641542778, 28.138235020253163 ], [ 83.415309890756447, 28.138012645281027 ], [ 83.415334266405424, 28.13799020747318 ], [ 83.415619391336449, 28.137630394678379 ], [ 83.416095578738791, 28.137352644898719 ], [ 83.416354578757151, 28.137240957832589 ], [ 83.416666703853494, 28.137176832618433 ], [ 83.417129891323881, 28.1370818328989 ], [ 83.417989828600511, 28.13703583238976 ], [ 83.418266954078788, 28.137156582308382 ], [ 83.418610140666715, 28.137180582073317 ], [ 83.418865640672763, 28.137299019803923 ], [ 83.41903920402757, 28.137205019918643 ], [ 83.419384204041819, 28.137134269900482 ], [ 83.419557328675822, 28.137060519645789 ], [ 83.419900828878895, 28.137084520214369 ], [ 83.420073203755223, 28.137049145048636 ], [ 83.420225453642246, 28.136957394552525 ], [ 83.420445203361979, 28.136673957090384 ], [ 83.420535516165756, 28.136444207088591 ], [ 83.420503828169259, 28.135832644714267 ], [ 83.42044639096703, 28.135451082735283 ], [ 83.420456329022485, 28.134916394566805 ], [ 83.420503641179351, 28.134686457280015 ], [ 83.420724703377104, 28.134346707685353 ], [ 83.421027953522326, 28.134217082666748 ], [ 83.421181704036883, 28.134028207279481 ], [ 83.421248141025387, 28.133915707423284 ], [ 83.421315890959022, 28.133744519692019 ], [ 83.421518891297964, 28.133212895215479 ], [ 83.421524641459499, 28.132906019676678 ], [ 83.421639015828148, 28.132527457274843 ], [ 83.421998266081602, 28.131691895331922 ], [ 83.42215964092884, 28.131083394897278 ], [ 83.422185328538802, 28.130853394572021 ], [ 83.422164516031401, 28.130650207455371 ], [ 83.42213095367326, 28.130318395026713 ], [ 83.421834203491855, 28.128938582129503 ], [ 83.421835578311544, 28.128864144908981 ], [ 83.42184001609597, 28.128631769816234 ], [ 83.421974641289012, 28.128327769567637 ], [ 83.422173453202987, 28.128026269808608 ], [ 83.422456454017677, 28.127819832292609 ], [ 83.422980453835279, 28.127350520187399 ], [ 83.423153891086784, 28.127276770019051 ], [ 83.423545453318667, 28.126996395330025 ], [ 83.423718579109376, 28.126922644928726 ], [ 83.423936391394747, 28.126772395400554 ], [ 83.42459314079656, 28.126039644940459 ], [ 83.424858328884909, 28.125587207728493 ], [ 83.424904578936193, 28.125508457876986 ], [ 83.425056829097883, 28.125414332572976 ], [ 83.425275641294363, 28.125189644650014 ], [ 83.425321203358692, 28.125054457254532 ], [ 83.425475516152417, 28.1254070825577 ], [ 83.425506641321775, 28.125479395294924 ], [ 83.425717828360618, 28.125672082137157 ], [ 83.425867829134958, 28.125695270286297 ], [ 83.426469204040288, 28.12568420737734 ], [ 83.4273299537073, 28.125602082889394 ], [ 83.428614265828656, 28.125830832193611 ], [ 83.429041453887351, 28.12597252001315 ], [ 83.42929657821567, 28.126108957077118 ], [ 83.429486766246427, 28.126283457349231 ], [ 83.429693953295796, 28.126688207388039 ], [ 83.429947641357955, 28.126903582070927 ], [ 83.430544953860576, 28.127122644823356 ], [ 83.430717078570254, 28.127105332146453 ], [ 83.431232016220576, 28.127150332113569 ], [ 83.431488391057158, 28.127212332629881 ], [ 83.431658391174025, 28.127310019756425 ], [ 83.431785078175494, 28.1274278948875 ], [ 83.432099766198164, 28.127833082349323 ], [ 83.432290078890816, 28.128007582894575 ], [ 83.432477828299952, 28.128297144627744 ], [ 83.432921829104885, 28.128687082471409 ], [ 83.432985203724428, 28.128743770107352 ], [ 83.433239328737088, 28.128938832400308 ], [ 83.43392114093939, 28.129237207171887 ], [ 83.434262953729984, 28.129337894627493 ], [ 83.434691079044697, 28.12942089521944 ], [ 83.435634078767578, 28.129530832188223 ], [ 83.436923891385334, 28.129472957137164 ], [ 83.437873640726025, 28.129219644554926 ], [ 83.438216390958132, 28.12926389509747 ], [ 83.438642703972505, 28.129441645304865 ], [ 83.438981953360553, 28.129675457126122 ], [ 83.439067703825231, 28.129696082806124 ], [ 83.439491891092771, 28.129988894708813 ], [ 83.439596828693055, 28.130124645350534 ], [ 83.439913453938175, 28.130417019813589 ], [ 83.440125516391618, 28.130571332703799 ], [ 83.440380578787583, 28.130710019756751 ], [ 83.44076482859785, 28.130849207254073 ], [ 83.441284266160253, 28.130627894843773 ], [ 83.441436641587401, 28.130515770338572 ], [ 83.441633140881663, 28.130347332171471 ], [ 83.442028516308923, 28.129875144789363 ], [ 83.442227329130873, 28.129571332120165 ], [ 83.442379266052171, 28.129479520137874 ], [ 83.442553765952127, 28.129329019553602 ], [ 83.442814015859526, 28.129199207058583 ], [ 83.443709766578365, 28.128372519822957 ], [ 83.443948391116095, 28.128242645342599 ], [ 83.444144953992634, 28.128071957358262 ], [ 83.444299141394637, 28.127844707854248 ], [ 83.444429828864813, 28.127752707219432 ], [ 83.444846704115889, 28.12728058219103 ], [ 83.444913703260312, 28.127129644930186 ], [ 83.444962328258725, 28.126822957278428 ], [ 83.444943703495639, 28.126671832151196 ], [ 83.44503364121023, 28.126442020207683 ], [ 83.445232391560054, 28.126140520261991 ], [ 83.44562645356649, 28.125744957410163 ], [ 83.445974890887697, 28.125482394567872 ], [ 83.446299891633117, 28.125316770031471 ], [ 83.446422078963167, 28.125265332333125 ], [ 83.446559141370258, 28.125207269707609 ], [ 83.447048203961302, 28.125001644928087 ], [ 83.447255515971065, 28.124914457637402 ], [ 83.44734207846038, 28.124903582126599 ], [ 83.447686016255247, 28.124893645266429 ], [ 83.447857453292869, 28.124905645102675 ], [ 83.4480292659198, 28.124899582569277 ], [ 83.448200016560037, 28.124922770294994 ], [ 83.448284828498402, 28.124941207774448 ], [ 83.448481453758433, 28.125000644658133 ], [ 83.448560578345436, 28.125025770127799 ], [ 83.449412016402931, 28.125439832577857 ], [ 83.449669141186419, 28.12548152015416 ], [ 83.450267016109265, 28.125662144878255 ], [ 83.450695953779643, 28.125706707031352 ], [ 83.451106078984893, 28.125816645018684 ], [ 83.45137995326715, 28.125889957115582 ], [ 83.451778140941542, 28.125920894950433 ], [ 83.451980391135351, 28.12593520775685 ], [ 83.452065453249347, 28.125976207479514 ], [ 83.452664953431395, 28.126080145005883 ], [ 83.452921703375409, 28.126142082675955 ], [ 83.45307007892977, 28.12623970769258 ], [ 83.45315589159155, 28.126260332037379 ], [ 83.453830328820843, 28.126957957061794 ], [ 83.453892329173399, 28.127091332816835 ], [ 83.454082641564185, 28.127247769581821 ], [ 83.454398391166052, 28.127614520112939 ], [ 83.454729203443321, 28.128308520079724 ], [ 83.454918328398691, 28.128539332856231 ], [ 83.454958766669122, 28.12865464535761 ], [ 83.455095079149814, 28.1288198946968 ], [ 83.455440703428977, 28.129236394918252 ], [ 83.455555703257303, 28.129329394712425 ], [ 83.455778453778748, 28.129508519723096 ], [ 83.455882204151109, 28.129700707888968 ], [ 83.456030704097998, 28.129778020213418 ], [ 83.45632501606741, 28.130088332347473 ], [ 83.45655814128402, 28.130224582157314 ], [ 83.456984016413145, 28.130384207528788 ], [ 83.457069891280682, 28.130386832814757 ], [ 83.457409016379074, 28.130582207213649 ], [ 83.457577390965312, 28.130756582602682 ], [ 83.45767776586537, 28.131102207442307 ], [ 83.457761203496801, 28.131217582725192 ], [ 83.458161391048023, 28.131604957775551 ], [ 83.458333203219453, 28.131671082050232 ], [ 83.458522765784338, 28.131744019756308 ], [ 83.458925015962478, 28.131980332887085 ], [ 83.459520453993804, 28.132199207649453 ], [ 83.45977720322216, 28.132261145241426 ], [ 83.460117203924682, 28.132343707639023 ], [ 83.460288266185515, 28.132364707515226 ], [ 83.460460265864711, 28.132329269911349 ], [ 83.460611891405804, 28.132237394896517 ], [ 83.460743016228733, 28.132104770309269 ], [ 83.46094095342697, 28.131841582780453 ], [ 83.461242766131406, 28.131732207725758 ], [ 83.461481640871256, 28.13156389474695 ], [ 83.461957953436439, 28.131304144619886 ], [ 83.462154203465076, 28.131117582308011 ], [ 83.46230614079775, 28.131023395274951 ], [ 83.462529391629232, 28.130778332218362 ], [ 83.462546703718644, 28.130760332807007 ], [ 83.462676953836137, 28.130668332833068 ], [ 83.462830954050133, 28.130459145012598 ], [ 83.463134516604256, 28.130273082031877 ], [ 83.463244390920551, 28.130122332423149 ], [ 83.463524828893014, 28.130033145179819 ], [ 83.463695204016034, 28.129932269843025 ], [ 83.463936766262293, 28.129791082417952 ], [ 83.464365203455856, 28.129817582379971 ], [ 83.464623078515672, 28.129784770074558 ], [ 83.464793704143545, 28.129826020277207 ], [ 83.465304391208463, 28.130006270055336 ], [ 83.465558391129065, 28.130162957484067 ], [ 83.465899328886067, 28.13026351963109 ], [ 83.466034516289824, 28.130336270322999 ], [ 83.466047515961023, 28.130343144815885 ], [ 83.466304516208908, 28.130366645114361 ], [ 83.466327704206449, 28.130366707409937 ], [ 83.466385328594441, 28.130366957903391 ], [ 83.466652266684818, 28.130363520289979 ], [ 83.466990453716619, 28.130360269855824 ], [ 83.46750239162597, 28.130484207113327 ], [ 83.46767139155321, 28.130599832097275 ], [ 83.467754454153024, 28.130735519904725 ], [ 83.467835328978111, 28.130966020203534 ], [ 83.467852391528993, 28.131196207767278 ], [ 83.467914141504849, 28.131311519858741 ], [ 83.468482765734564, 28.131816895319375 ], [ 83.468737328334484, 28.131935207181595 ], [ 83.468908391157584, 28.131958394820881 ], [ 83.469510078448891, 28.131893082612979 ], [ 83.47002876630377, 28.131671707499567 ], [ 83.470285766300393, 28.13169526986032 ], [ 83.470457703742255, 28.131659832059277 ], [ 83.471652265854729, 28.131948707876504 ], [ 83.471823766684807, 28.131951644911922 ], [ 83.472425891049141, 28.131847894600771 ], [ 83.472685453733249, 28.13173833252608 ], [ 83.47288232913256, 28.131549582053566 ], [ 83.473246516487762, 28.131557769742951 ], [ 83.473504453396913, 28.131522645008896 ], [ 83.474269703387023, 28.131841457043553 ], [ 83.474611015786607, 28.131923957031383 ], [ 83.475209328566621, 28.13200976968011 ], [ 83.475379203853691, 28.132089394772311 ], [ 83.475720890907965, 28.132153832455796 ], [ 83.475938266029218, 28.132003519769395 ], [ 83.476050078771934, 28.131778332844764 ], [ 83.476312203791892, 28.131533394753053 ], [ 83.476529578418706, 28.13138526967559 ], [ 83.476681453838324, 28.131293394826884 ], [ 83.476961078774835, 28.131240270029291 ], [ 83.477241016719489, 28.131187207222389 ], [ 83.477412578746083, 28.131172082813439 ], [ 83.477754703423713, 28.131216270219735 ], [ 83.478185266637411, 28.131127644615493 ], [ 83.478337579021542, 28.131015394549141 ], [ 83.478683891440056, 28.130849769623278 ], [ 83.478837953294374, 28.130642770391773 ], [ 83.479119016444557, 28.130411457185172 ], [ 83.479351578695073, 28.130222769671789 ], [ 83.479361141449431, 28.130213770076615 ], [ 83.479661953847284, 28.130181144856447 ], [ 83.479917766139735, 28.130242957316025 ], [ 83.480089641598539, 28.130225582576855 ], [ 83.480155141257697, 28.130169457589375 ], [ 83.480266578475906, 28.129962269781458 ], [ 83.480270390923877, 28.129770520127281 ], [ 83.480274953882301, 28.129542644992679 ], [ 83.480261265858672, 28.129161269681926 ], [ 83.480165953847461, 28.128793145054484 ], [ 83.480161891618906, 28.128777332139279 ], [ 83.480125203934918, 28.128470332847925 ], [ 83.479921578470282, 28.127932582266599 ], [ 83.479776391127416, 28.127701895281202 ], [ 83.479655391476143, 28.127317832840024 ], [ 83.479611203350416, 28.126918332035949 ], [ 83.479622703793751, 28.126778520208312 ], [ 83.479636766449147, 28.126376957126109 ], [ 83.479644828931811, 28.126146894878698 ], [ 83.479558015718368, 28.125688457210533 ], [ 83.479499391180539, 28.125376895214298 ], [ 83.479331640865951, 28.125055832339036 ], [ 83.479303578744748, 28.125001582440856 ], [ 83.479284391278412, 28.124965394764565 ], [ 83.479216578311082, 28.124834269765898 ], [ 83.479119766377607, 28.12452708228944 ], [ 83.479012078646548, 28.123910707014854 ], [ 83.479016453410878, 28.12378895709714 ], [ 83.47896882852703, 28.123709769561636 ], [ 83.478726516112644, 28.123020644600064 ], [ 83.478587891155598, 28.122483145208111 ], [ 83.478451328979233, 28.122175769922791 ], [ 83.478281391256886, 28.121791519908655 ], [ 83.478116453801121, 28.121484082332287 ], [ 83.477845141397268, 28.121153582901439 ], [ 83.477445953722935, 28.120804644739341 ], [ 83.477234766523082, 28.120666207036106 ], [ 83.476900453269536, 28.120279082155754 ], [ 83.476755516610936, 28.120048394639909 ], [ 83.476554641463537, 28.119433895290086 ], [ 83.476388016170787, 28.119203207610319 ], [ 83.476299390874203, 28.119112582094438 ], [ 83.476157579054572, 28.118969895141667 ], [ 83.476115453507376, 28.11893133241951 ], [ 83.476138390846927, 28.118854707637549 ], [ 83.476203078350878, 28.118836894636111 ], [ 83.476911390742544, 28.118733520245943 ], [ 83.4770841409984, 28.118662019879498 ], [ 83.477430203272164, 28.118476082821029 ], [ 83.477865453489315, 28.11813926988896 ], [ 83.479160516508557, 28.117609520178966 ], [ 83.479507016393015, 28.117405520219418 ], [ 83.479852140815453, 28.117275957695892 ], [ 83.480967391350504, 28.117142520038385 ], [ 83.481563890972126, 28.117286957090677 ], [ 83.481726454229701, 28.117371019504269 ], [ 83.481902453995943, 28.117464207234555 ], [ 83.482414265878006, 28.117549644805848 ], [ 83.482829266243485, 28.117503770158578 ], [ 83.483443891562473, 28.117433895041586 ], [ 83.483788641360945, 28.117324644786947 ], [ 83.484220640750436, 28.117120895083829 ], [ 83.484478578678932, 28.11706995713876 ], [ 83.484890516187235, 28.116809832165661 ], [ 83.485149703795599, 28.116698019689252 ], [ 83.485323266216824, 28.116588082081638 ], [ 83.485650015952444, 28.11630726986311 ], [ 83.485801579083272, 28.116213082764119 ], [ 83.486197453472684, 28.11570464530476 ], [ 83.486485016013972, 28.115252207112604 ], [ 83.486775578881534, 28.114632832106452 ], [ 83.486910516184309, 28.114344519969364 ], [ 83.486935516424111, 28.114308520282282 ], [ 83.487548578563718, 28.113424144964043 ], [ 83.487682454235255, 28.113230582674937 ], [ 83.487790891487109, 28.113176832536809 ], [ 83.488091453425625, 28.113123832090562 ], [ 83.488348140805826, 28.113127020106528 ], [ 83.488596953630974, 28.113177582686109 ], [ 83.489455953745221, 28.113356770284391 ], [ 83.490054890840497, 28.113365770256742 ], [ 83.491083828474032, 28.113270332434393 ], [ 83.491538829116323, 28.113371270260281 ], [ 83.492020953367899, 28.113476832247983 ], [ 83.492529828899677, 28.113695332566 ], [ 83.49346407874215, 28.11403501993389 ], [ 83.493972141474032, 28.114309894540082 ], [ 83.49437289083447, 28.114584332838838 ], [ 83.494646329024263, 28.114817769985375 ], [ 83.494984453591258, 28.115035582278662 ], [ 83.495469703410876, 28.115346520171812 ], [ 83.496100891192953, 28.115872269706244 ], [ 83.496564765903059, 28.116203394712151 ], [ 83.496989766594595, 28.116344832795114 ], [ 83.497417204179982, 28.116371269639863 ], [ 83.497566579227851, 28.116392082017857 ], [ 83.498035390899119, 28.116477269508657 ], [ 83.498462453383084, 28.116521707739217 ], [ 83.499314828331975, 28.116689520140149 ], [ 83.49991301607497, 28.116736832144493 ], [ 83.50000014092727, 28.116746207456575 ], [ 83.500077328428048, 28.116838957525793 ], [ 83.501098641508804, 28.117066082157521 ], [ 83.501691391184778, 28.11734126983373 ], [ 83.501817140921688, 28.117459019886784 ], [ 83.502046204121825, 28.117730582870845 ], [ 83.502105641044338, 28.117940645322438 ], [ 83.502121766442073, 28.118170832639077 ], [ 83.502085828965093, 28.118301582597184 ], [ 83.50207520409765, 28.118342145311345 ], [ 83.50206995391747, 28.118572270341936 ], [ 83.502187765831863, 28.119033019664474 ], [ 83.502372578638443, 28.119378894877176 ], [ 83.502601266630165, 28.11966852021952 ], [ 83.50283114128716, 28.119901769584253 ], [ 83.50327357845849, 28.120194395159775 ], [ 83.503630391094916, 28.120486769846277 ], [ 83.504153516350456, 28.121030145165776 ], [ 83.504806890745016, 28.121594332472615 ], [ 83.505101016667609, 28.121904519949439 ], [ 83.505819390930853, 28.122450832674957 ], [ 83.506661766066898, 28.123209770138693 ], [ 83.506829141621523, 28.12342245705689 ], [ 83.507160453471954, 28.124019269808837 ], [ 83.507261015857338, 28.124364832824092 ], [ 83.507232703526867, 28.124709957891522 ], [ 83.50714226638479, 28.124937519620808 ], [ 83.507179829105169, 28.125000832239465 ], [ 83.507500641004086, 28.125538895290973 ], [ 83.507836079025168, 28.125795145014909 ], [ 83.508113704173923, 28.125818707750831 ], [ 83.508628266196681, 28.1257912077801 ], [ 83.508798578480224, 28.125834644949034 ], [ 83.509135953359632, 28.12601189532888 ], [ 83.509659953564963, 28.126426644981009 ], [ 83.509829953484939, 28.126467894780493 ], [ 83.510000703537358, 28.12649108238562 ], [ 83.510258578673884, 28.126458145200189 ], [ 83.51051870381454, 28.126348520149289 ], [ 83.510758265952177, 28.126200457266854 ], [ 83.511191454028648, 28.126017020086184 ], [ 83.511363328593703, 28.126001832507477 ], [ 83.511701828255013, 28.126142895326222 ], [ 83.511849016088462, 28.126240457510779 ], [ 83.5122654537725, 28.126670645214226 ], [ 83.512368140767762, 28.126826707250515 ], [ 83.512412203292783, 28.126788395321181 ], [ 83.512433890749307, 28.126770519694514 ], [ 83.51263014103148, 28.126640332576571 ], [ 83.512852266010086, 28.126356832723438 ], [ 83.513031766173043, 28.126055145302832 ], [ 83.513407828407651, 28.125623269554413 ], [ 83.513689704143772, 28.125495644629989 ], [ 83.513992391096821, 28.125386144931941 ], [ 83.514165828987501, 28.125312269932177 ], [ 83.514617641526684, 28.125225957469155 ], [ 83.514753266552731, 28.125136144862338 ], [ 83.514903765766121, 28.125053207736393 ], [ 83.514955265750174, 28.125001519882282 ], [ 83.51501251578236, 28.124943020333735 ], [ 83.515188453499533, 28.124715770069688 ], [ 83.515257203496944, 28.124485895186353 ], [ 83.5153456414711, 28.124355332777075 ], [ 83.515913703462729, 28.123827082260281 ], [ 83.516217328447055, 28.123640895323049 ], [ 83.516523828475528, 28.12333964482962 ], [ 83.516806641135759, 28.123135332015053 ], [ 83.517092329023725, 28.122775332726501 ], [ 83.517223266239185, 28.122662957233096 ], [ 83.517267891151818, 28.122568332511303 ], [ 83.51774870343921, 28.122116520144608 ], [ 83.518466141137637, 28.121629457504621 ], [ 83.519051641278338, 28.121295395150288 ], [ 83.519699391649482, 28.121076457137608 ], [ 83.520604953874198, 28.120822394765543 ], [ 83.521775703264495, 28.120169957234708 ], [ 83.522035141240821, 28.120060269692271 ], [ 83.522682078933329, 28.119877457538479 ], [ 83.522940266199441, 28.119844582215457 ], [ 83.523454641122314, 28.119853145113378 ], [ 83.523522953842473, 28.1198668949385 ], [ 83.524415828777734, 28.120039207804453 ], [ 83.524927266143948, 28.120198957547093 ], [ 83.525245953644458, 28.120357957826599 ], [ 83.525885578467836, 28.120538457043821 ], [ 83.526142516057334, 28.120561894521536 ], [ 83.52678251613213, 28.120724332481721 ], [ 83.527232579215493, 28.120730394868968 ], [ 83.527362329012988, 28.120694769622695 ], [ 83.52764464175479, 28.120508395132308 ], [ 83.528212203669497, 28.120000457053663 ], [ 83.528668016737797, 28.119719957568819 ], [ 83.528884141751533, 28.119628207105652 ], [ 83.529252391482061, 28.119442207494984 ], [ 83.529576453689657, 28.119314707848151 ], [ 83.530355891177877, 28.118942832866903 ], [ 83.530681578419802, 28.11873864503071 ], [ 83.53094064141662, 28.118647020184451 ], [ 83.531266016276618, 28.118460832309847 ], [ 83.53159001577832, 28.11833108217095 ], [ 83.532306890797344, 28.117864207398558 ], [ 83.532567891289361, 28.117677832897552 ], [ 83.532634953316887, 28.117544957801105 ], [ 83.53337801632803, 28.116830020258373 ], [ 83.533422266489978, 28.11675345711485 ], [ 83.533749140885178, 28.116490582575054 ], [ 83.534008140936564, 28.116398957035699 ], [ 83.534210578779209, 28.116447019589849 ], [ 83.53426432888314, 28.11646070737746 ], [ 83.534707454241655, 28.116830019650248 ], [ 83.535914203490833, 28.117612520403526 ], [ 83.536551329005263, 28.117928270049728 ], [ 83.536743203621839, 28.117987582738625 ], [ 83.537823454016888, 28.118672645254303 ], [ 83.538142265840563, 28.118811332127745 ], [ 83.539603953814805, 28.119732332197497 ], [ 83.540178079153094, 28.119971145243948 ], [ 83.540626141441052, 28.120092207659461 ], [ 83.541666704020699, 28.120253645170379 ], [ 83.541844704079466, 28.120281332622422 ], [ 83.542487453569677, 28.120328582816548 ], [ 83.542872015876952, 28.120411082702017 ], [ 83.54441614107624, 28.12043427037371 ], [ 83.544543891714056, 28.12047308233149 ], [ 83.545058079205518, 28.120519895197845 ], [ 83.545570829268655, 28.12062089467063 ], [ 83.545763891532019, 28.120623707633335 ], [ 83.546320579040767, 28.120709082024934 ], [ 83.546514453979469, 28.120673645341842 ], [ 83.546905016068251, 28.120469645081183 ], [ 83.547227266329116, 28.120472957723202 ], [ 83.547746328986278, 28.120289645271011 ], [ 83.548264078306872, 28.120162769787086 ], [ 83.549042828534382, 28.119869707184424 ], [ 83.549623579233355, 28.119837769811095 ], [ 83.549882829110373, 28.1197665200663 ], [ 83.550248829284826, 28.119733770223469 ], [ 83.550832453671546, 28.119530395375417 ], [ 83.551158015972447, 28.119344269870108 ], [ 83.552572828360439, 28.118333457482301 ], [ 83.553050516409144, 28.118053019853559 ], [ 83.553504829177029, 28.117887520094747 ], [ 83.553698704159288, 28.117852019928929 ], [ 83.554412766117736, 28.117574582140257 ], [ 83.555254891033499, 28.117338144837529 ], [ 83.555578703665077, 28.117267019592312 ], [ 83.555879329054122, 28.117272519687564 ], [ 83.555987328291749, 28.117234457453414 ], [ 83.556314454075547, 28.116971582752633 ], [ 83.556536329085915, 28.116572894769735 ], [ 83.556652016364055, 28.11611751995585 ], [ 83.556655828490207, 28.115887395218422 ], [ 83.556574453798234, 28.115636707385725 ], [ 83.556533515871024, 28.115521457280526 ], [ 83.556431391762061, 28.115234582657472 ], [ 83.556404578367264, 28.114316145158675 ], [ 83.556362516747825, 28.114259645155233 ], [ 83.55634376658162, 28.114106145011569 ], [ 83.556259516681479, 28.1140088952559 ], [ 83.556182766629718, 28.113491957247831 ], [ 83.556341453877963, 28.113034394942684 ], [ 83.55671664139085, 28.112467020139754 ], [ 83.556761641500046, 28.112352145278486 ], [ 83.556791516494911, 28.111894207489804 ], [ 83.55675857846083, 28.111320956998696 ], [ 83.556719765826102, 28.111090707871007 ], [ 83.556677703588633, 28.111031894794838 ], [ 83.556602141118233, 28.110458582227228 ], [ 83.556674578851286, 28.110000770203534 ], [ 83.556683516210597, 28.109542770016677 ], [ 83.557019579233383, 28.108801520376634 ], [ 83.556993516776899, 28.107941832083434 ], [ 83.557062266610501, 28.107711895122556 ], [ 83.557067891707362, 28.107425394793967 ], [ 83.557136578867258, 28.107197707547677 ], [ 83.557147890878056, 28.106624644751989 ], [ 83.557215704186106, 28.106435332354437 ], [ 83.557298954267509, 28.10637920728449 ], [ 83.557411579002249, 28.106302832405934 ], [ 83.558125391233403, 28.105989269913628 ], [ 83.55883514081242, 28.105883269606093 ], [ 83.559613078498984, 28.105590145386888 ], [ 83.559830329258233, 28.105439707139844 ], [ 83.55998451629371, 28.105230332211711 ], [ 83.560071578978011, 28.105176457708957 ], [ 83.560466141649655, 28.104742269567243 ], [ 83.560727141577743, 28.10455358234907 ], [ 83.561244578846939, 28.104408582004741 ], [ 83.561823453785806, 28.104417207609618 ], [ 83.56195307835651, 28.104379270033249 ], [ 83.562382641523911, 28.10434901964911 ], [ 83.562557141258637, 28.104198457755189 ], [ 83.5630614539471, 28.103631457130987 ], [ 83.563409953894791, 28.10336858205811 ], [ 83.563846641462092, 28.102954832765739 ], [ 83.564085453687923, 28.102824707791736 ], [ 83.564630141612284, 28.102393207213865 ], [ 83.565286828914495, 28.101713894802138 ], [ 83.565742828360442, 28.101433332768202 ], [ 83.566392203827007, 28.101155582710554 ], [ 83.566607578724614, 28.101140395236836 ], [ 83.566759328470496, 28.10104620759865 ], [ 83.566956828671067, 28.100818894708262 ], [ 83.567068453457281, 28.100591395366997 ], [ 83.567188766070927, 28.099849457862302 ], [ 83.56719932905709, 28.099274145365513 ], [ 83.567245516109821, 28.09910277006723 ], [ 83.567123516121214, 28.098757207782555 ], [ 83.566915141386161, 28.098449707223491 ], [ 83.566535828707103, 28.098098769624077 ], [ 83.566431079081354, 28.097965332409537 ], [ 83.566346016729952, 28.09792439514662 ], [ 83.565903203375996, 28.097537207551504 ], [ 83.565777953448205, 28.097363082589151 ], [ 83.565239329140326, 28.09637989449844 ], [ 83.565099203412245, 28.095862707633149 ], [ 83.564976016563278, 28.095573519973851 ], [ 83.564830328940701, 28.095342957069835 ], [ 83.564514829289138, 28.095032832329188 ], [ 83.5643475160782, 28.094799895230427 ], [ 83.564327079265624, 28.094741144923368 ], [ 83.564245953798391, 28.094513020125685 ], [ 83.564227891190697, 28.094339207035244 ], [ 83.564409328496424, 28.09382764497634 ], [ 83.564397703510522, 28.093310894946306 ], [ 83.564668265999131, 28.092625832530445 ], [ 83.564866140964483, 28.092380520014871 ], [ 83.565258704116644, 28.092041082202218 ], [ 83.565303203330515, 28.09196676982922 ], [ 83.565455016747322, 28.091872519538381 ], [ 83.565912953390509, 28.091476832405146 ], [ 83.566067515928509, 28.091251645322064 ], [ 83.566263390932392, 28.091101144914365 ], [ 83.567109516497069, 28.090596145002866 ], [ 83.567411641578857, 28.090511332267361 ], [ 83.567691828350078, 28.090433270087946 ], [ 83.568145766201297, 28.090247395022789 ], [ 83.568667641419864, 28.08987226956733 ], [ 83.569188578762407, 28.089555769556739 ], [ 83.569512078898342, 28.08946427020912 ], [ 83.57022051597518, 28.089416832482417 ], [ 83.570350516146007, 28.08936083207599 ], [ 83.570546391376411, 28.089212520368374 ], [ 83.571322641765946, 28.088993832829704 ], [ 83.57151532841489, 28.088996769480588 ], [ 83.571899829116973, 28.089076895025162 ], [ 83.572093579214538, 28.089041394931979 ], [ 83.573119141393136, 28.089247644659011 ], [ 83.573634203509016, 28.089217645189972 ], [ 83.574669641397264, 28.088907207425205 ], [ 83.575472765968769, 28.088402020233524 ], [ 83.575778953935966, 28.088100645244726 ], [ 83.576104516427336, 28.087894082363082 ], [ 83.576429079200793, 28.087746145174464 ], [ 83.576773515913871, 28.08767501979408 ], [ 83.577186141376714, 28.087412270111162 ], [ 83.577579016717124, 28.087054770361931 ], [ 83.577668078564486, 28.086885832609877 ], [ 83.577739453950315, 28.085394644904252 ], [ 83.577662704309489, 28.084936332188704 ], [ 83.577667079161913, 28.084706207201407 ], [ 83.57756870429867, 28.084245644641594 ], [ 83.577576328516002, 28.083843957586204 ], [ 83.57764845343597, 28.083444895005091 ], [ 83.577674328775245, 28.083334332706166 ], [ 83.577742265926204, 28.083043582317096 ], [ 83.57787782850933, 28.082701020354929 ], [ 83.578032328605261, 28.08247358257314 ], [ 83.578436891361889, 28.081563332075564 ], [ 83.578703266660156, 28.08110833223181 ], [ 83.579561328550412, 28.080030207776428 ], [ 83.58002189148246, 28.079519395000176 ], [ 83.580676703804116, 28.078937082529141 ], [ 83.58083107889145, 28.078727644521244 ], [ 83.581137265916212, 28.078426270362684 ], [ 83.581332641714837, 28.078314082744267 ], [ 83.581786391204361, 28.078148457000712 ], [ 83.581938141288674, 28.07805420768323 ], [ 83.582069266229382, 28.077941770031995 ], [ 83.582267891558899, 28.077658082771908 ], [ 83.582614954108408, 28.077453832754149 ], [ 83.582702765889337, 28.077359332164679 ], [ 83.582704766171375, 28.077262270121786 ], [ 83.582600329261311, 28.077126582276797 ], [ 83.582451890846855, 28.07702914479411 ], [ 83.582157579011223, 28.07673939493997 ], [ 83.581988953505075, 28.076603520234634 ], [ 83.581564703473546, 28.076367582459024 ], [ 83.580968640885388, 28.076149145054988 ], [ 83.580797641274444, 28.076126082406134 ], [ 83.579775328494122, 28.075768707166638 ], [ 83.579434203452536, 28.075686456997598 ], [ 83.579114640905075, 28.075568145021084 ], [ 83.578775079266592, 28.075409144774969 ], [ 83.578348891053821, 28.075270207840873 ], [ 83.578179453408524, 28.075172645296036 ], [ 83.578008516389289, 28.075131519898669 ], [ 83.577328141115601, 28.074854145353516 ], [ 83.576988578580256, 28.074677145306445 ], [ 83.576053015936665, 28.074281645349753 ], [ 83.575798891208279, 28.074125145296371 ], [ 83.57537351615926, 28.073947832733328 ], [ 83.575355078355031, 28.073936520335096 ], [ 83.574568265816325, 28.073476020357173 ], [ 83.574126766475686, 28.073030207621052 ], [ 83.573624078669795, 28.072448769953173 ], [ 83.573478391028516, 28.072218145168581 ], [ 83.573232954154165, 28.071642082716103 ], [ 83.572614141027145, 28.070428457353824 ], [ 83.572009640976816, 28.069557894759495 ], [ 83.571720141149882, 28.069038082658501 ], [ 83.571288516272446, 28.068113894716827 ], [ 83.57123101646728, 28.067768519878648 ], [ 83.570985641332143, 28.06719239474301 ], [ 83.570949453718569, 28.066847019562967 ], [ 83.570725391502563, 28.066270957810762 ], [ 83.570684828549943, 28.066155770073212 ], [ 83.570648203496162, 28.065848832780176 ], [ 83.570543516399567, 28.065713020341025 ], [ 83.570332328754446, 28.065556769949268 ], [ 83.569975829300347, 28.065169832243015 ], [ 83.569638266113003, 28.064898020200584 ], [ 83.569468953894187, 28.064780145075805 ], [ 83.568619328697068, 28.064384894925446 ], [ 83.567763829180691, 28.064278395163846 ], [ 83.567078016332047, 28.064269457335449 ], [ 83.566905828840106, 28.064305019736775 ], [ 83.566732204313197, 28.064396957117854 ], [ 83.566454078332043, 28.064373519677797 ], [ 83.566195640827345, 28.064429144458309 ], [ 83.565849703918403, 28.06457695740669 ], [ 83.565247516156589, 28.064663019913446 ], [ 83.565076141047442, 28.064660269567884 ], [ 83.564819703886187, 28.064618832614745 ], [ 83.564220204161174, 28.064571769741018 ], [ 83.563366641357888, 28.064368269933876 ], [ 83.563153891183674, 28.064288644966066 ], [ 83.562985016260484, 28.064152707412362 ], [ 83.562944454207198, 28.064037520135582 ], [ 83.562996828678152, 28.063579644601408 ], [ 83.563201390998969, 28.063009457702474 ], [ 83.563511891002648, 28.062495957203886 ], [ 83.563527016587955, 28.062448644470351 ], [ 83.563603328296466, 28.06221201976782 ], [ 83.564224328861513, 28.061187332783188 ], [ 83.56453195351375, 28.060829582685528 ], [ 83.565064203557242, 28.059955832451969 ], [ 83.565240328913248, 28.059728457824626 ], [ 83.565353391063013, 28.059444519832599 ], [ 83.565464078995717, 28.059273395125551 ], [ 83.565510203727158, 28.059102082290675 ], [ 83.565642578492302, 28.05893101972875 ], [ 83.565843515977434, 28.058532270262525 ], [ 83.565931704250843, 28.058419769655966 ], [ 83.566023453486054, 28.05813345771066 ], [ 83.566049516096967, 28.057903394617153 ], [ 83.565908079007812, 28.057501332442722 ], [ 83.565806828962721, 28.057212207295319 ], [ 83.56559839125822, 28.056940832321665 ], [ 83.565516141790695, 28.056766832579221 ], [ 83.56541164121748, 28.056651394857312 ], [ 83.565081953964537, 28.056014082288065 ], [ 83.564873954271533, 28.055724644466039 ], [ 83.564503703591612, 28.054972082241097 ], [ 83.563852141795806, 28.053113082000898 ], [ 83.56369495386501, 28.052663582111073 ], [ 83.563640265987132, 28.052203145131269 ], [ 83.56369895418193, 28.050423082377275 ], [ 83.563704453387558, 28.050156832414746 ], [ 83.563743079034779, 28.049333394683295 ], [ 83.563583891164555, 28.048757520154808 ], [ 83.563273204128592, 28.048235332430625 ], [ 83.56315182850247, 28.047889770248556 ], [ 83.562985578668702, 28.04765683210087 ], [ 83.562677578839143, 28.047019582273983 ], [ 83.562407391134712, 28.046614832627906 ], [ 83.561852016185313, 28.045514207682015 ], [ 83.561589266678226, 28.044764269520567 ], [ 83.561524954003033, 28.044479769587252 ], [ 83.5614714536365, 28.044244895208902 ], [ 83.561227704073602, 28.043610144902491 ], [ 83.56118832923103, 28.043438582564459 ], [ 83.561217078708466, 28.043093457411327 ], [ 83.561307329290884, 28.042865832641997 ], [ 83.561639016311617, 28.04237276945922 ], [ 83.561749329123003, 28.042221957381241 ], [ 83.561989204194177, 28.042015145105559 ], [ 83.562075390916675, 28.041997332370219 ], [ 83.562400766047659, 28.041811082492362 ], [ 83.562589391471278, 28.041784644467427 ], [ 83.56265839126506, 28.041775832581692 ], [ 83.56317320369412, 28.041745894849324 ], [ 83.563429266620318, 28.041787332478869 ], [ 83.563816016461644, 28.041736645051671 ], [ 83.564072765865774, 28.041760019603171 ], [ 83.564459640886369, 28.041689020309253 ], [ 83.564502954082371, 28.04166889501586 ], [ 83.565238328351612, 28.041337269820879 ], [ 83.565717203375044, 28.040982269535473 ], [ 83.565959015803017, 28.040698769568515 ], [ 83.566070079134533, 28.0405095826756 ], [ 83.566208641423145, 28.040036207445841 ], [ 83.566176703759837, 28.039519394822843 ], [ 83.565974641077105, 28.038943394988262 ], [ 83.565495953843907, 28.038287520236143 ], [ 83.564865703424331, 28.03770564485011 ], [ 83.564824390988917, 28.037628894892872 ], [ 83.564676641531292, 28.037531332074455 ], [ 83.563941266099079, 28.036852082343955 ], [ 83.563711954277892, 28.036562582764454 ], [ 83.563548953420693, 28.036158144592441 ], [ 83.563533579005878, 28.035871582294082 ], [ 83.563583078609341, 28.035567144847633 ], [ 83.563912766691033, 28.035171082568464 ], [ 83.564043516790875, 28.035058644642646 ], [ 83.564457016312204, 28.034759894749008 ], [ 83.5647173283961, 28.034611770256785 ], [ 83.565689766128145, 28.03420645773938 ], [ 83.56665982926215, 28.033913957510926 ], [ 83.566982328454557, 28.03386302030637 ], [ 83.567370266215008, 28.033753769439489 ], [ 83.567563266420109, 28.033738582795294 ], [ 83.56833914088908, 28.033519895245519 ], [ 83.56866164120602, 28.033468957693934 ], [ 83.568854266639704, 28.033471832141473 ], [ 83.569759391251466, 28.033217457190393 ], [ 83.570210640858619, 28.033146706983604 ], [ 83.570729765829114, 28.032906894690839 ], [ 83.571182266672395, 28.032779707415969 ], [ 83.572472828840304, 28.032533269586395 ], [ 83.572536766294959, 28.032528894506758 ], [ 83.572859203962253, 28.032500582260198 ], [ 83.57337207845049, 28.032547332791538 ], [ 83.574145516762215, 28.032443707693488 ], [ 83.574401953608771, 28.032467082602327 ], [ 83.575303453733653, 28.032384082266738 ], [ 83.575624765897544, 28.032389582281461 ], [ 83.575947015891288, 28.03233645711548 ], [ 83.576652828406978, 28.032386019975647 ], [ 83.577228641511837, 28.032509582794486 ], [ 83.577739078973593, 28.032689457720622 ], [ 83.578311016761091, 28.032982269664316 ], [ 83.57907164121572, 28.033490019607484 ], [ 83.579452953715688, 28.033687457372007 ], [ 83.579963016275002, 28.033885331977203 ], [ 83.580091453315973, 28.03388795742449 ], [ 83.580139141245581, 28.033876832389197 ], [ 83.580457328680978, 28.03379883224083 ], [ 83.580588016465327, 28.033704457653251 ], [ 83.580632516787887, 28.033627894831625 ], [ 83.58091570332067, 28.033403144878942 ], [ 83.581199641471017, 28.033140020208943 ], [ 83.58133301601589, 28.032914832494789 ], [ 83.581424704011852, 28.032628520266201 ], [ 83.581782891362423, 28.031889519563656 ], [ 83.582236703790173, 28.030695082125956 ], [ 83.582505579032613, 28.030125020099629 ], [ 83.582705578375766, 28.029784895003168 ], [ 83.582969766474704, 28.02944501946882 ], [ 83.583301640880521, 28.028936082062259 ], [ 83.583333266047305, 28.028906832230373 ], [ 83.58369464123389, 28.028578519770015 ], [ 83.585098391429796, 28.026980769601341 ], [ 83.585207515873961, 28.026868332498154 ], [ 83.585360703789277, 28.02671758231779 ], [ 83.585578453932825, 28.026549020314274 ], [ 83.585862765821105, 28.026247520118282 ], [ 83.586320328891048, 28.025874394547866 ], [ 83.586450328511901, 28.025800270272434 ], [ 83.586644079155093, 28.025746707741579 ], [ 83.587864328598897, 28.025748082163254 ], [ 83.588310703728212, 28.02588708211481 ], [ 83.588630516242262, 28.025951270183086 ], [ 83.588887328756726, 28.025954269769453 ], [ 83.589078765931816, 28.026015769427492 ], [ 83.589655454168877, 28.02606258215242 ], [ 83.589846954023187, 28.026124082736288 ], [ 83.590167141112246, 28.026167956922333 ], [ 83.590744954307311, 28.026176394673595 ], [ 83.591798579002202, 28.025947145070013 ], [ 83.592079704056715, 28.025817144593244 ], [ 83.592253828433655, 28.02566645779261 ], [ 83.592607703450781, 28.025139520007389 ], [ 83.592701703612448, 28.024740457024947 ], [ 83.592906266565478, 28.024170207371128 ], [ 83.592910954303477, 28.02394233236085 ], [ 83.59295620357301, 28.023827394680257 ], [ 83.59293032913142, 28.023026332268266 ], [ 83.592948141790856, 28.022166707603059 ], [ 83.593044516590098, 28.021652519904467 ], [ 83.593178266138921, 28.021407019610283 ], [ 83.59363351585813, 28.021128581930416 ], [ 83.593956828788478, 28.021018957643125 ], [ 83.594212828615696, 28.021062582140438 ], [ 83.594466641106678, 28.021198707305562 ], [ 83.594540578437744, 28.021226019427171 ], [ 83.595103953415872, 28.021439769648094 ], [ 83.595359579000373, 28.021501457775944 ], [ 83.59548826594812, 28.02148376974009 ], [ 83.595935516034785, 28.021586644488799 ], [ 83.59612814097315, 28.021589457081284 ], [ 83.596257266296618, 28.021553769539022 ], [ 83.596899266665659, 28.021564582790472 ], [ 83.59709301585508, 28.021511019834474 ], [ 83.597222953861973, 28.021436957247857 ], [ 83.597636391006148, 28.021117832068573 ], [ 83.597960891087652, 28.020951770152841 ], [ 83.598419141028586, 28.020540207353033 ], [ 83.598834891549274, 28.020108207467771 ], [ 83.599304454089861, 28.019141582695433 ], [ 83.599746828619161, 28.01846145776355 ], [ 83.599795641301512, 28.018177332277414 ], [ 83.59993095348382, 28.017834769647155 ], [ 83.599956078774326, 28.017663332001447 ], [ 83.600092891757129, 28.017264395104007 ], [ 83.600182266413768, 28.017075081952804 ], [ 83.600409641389234, 28.016450769747632 ], [ 83.600514266238207, 28.01573126956659 ], [ 83.600534516539938, 28.015593707655729 ], [ 83.600624953825246, 28.015366082057181 ], [ 83.600847016690523, 28.014967394610991 ], [ 83.601087516396888, 28.014724394703116 ], [ 83.60128314086576, 28.014594082507294 ], [ 83.601930954344212, 28.014318457629983 ], [ 83.60218889105812, 28.014265019938101 ], [ 83.602512578896309, 28.014137331957929 ], [ 83.603481266654313, 28.013867145279058 ], [ 83.603996453752373, 28.013798644472939 ], [ 83.60427451682574, 28.013803957016158 ], [ 83.604594266231544, 28.013865832384873 ], [ 83.605302829016424, 28.013761895215193 ], [ 83.605779141391594, 28.013503707269564 ], [ 83.606040641445176, 28.013278831976489 ], [ 83.606524766211109, 28.012637145205176 ], [ 83.606701891613071, 28.012353332654556 ], [ 83.606814766589892, 28.012069394764264 ], [ 83.606947641232551, 28.011862207573262 ], [ 83.606952391084874, 28.011634332537959 ], [ 83.606956516509996, 28.010411395183873 ], [ 83.607030265989479, 28.009955832294931 ], [ 83.6070182662571, 28.009495581968071 ], [ 83.607293453545566, 28.007591957440699 ], [ 83.607295766422197, 28.007479144675358 ], [ 83.60729995427522, 28.007287332202669 ], [ 83.60714632910593, 28.006445270081606 ], [ 83.607170704185577, 28.006291957779297 ], [ 83.607133141141844, 28.006043644712975 ], [ 83.607031453764748, 28.005792894733478 ], [ 83.60657814183547, 28.00494770777054 ], [ 83.606515078948689, 28.004888895108326 ], [ 83.606124453989054, 28.004118332380393 ], [ 83.605895141322321, 28.003828895171651 ], [ 83.605771703612234, 28.003598332019795 ], [ 83.605520766494038, 28.003306582158785 ], [ 83.605397390950287, 28.003076082019501 ], [ 83.605275203520875, 28.002768895074158 ], [ 83.605176141193695, 28.002385020232069 ], [ 83.605139766809174, 28.002078082239642 ], [ 83.605525954147623, 28.001016456973165 ], [ 83.605727828844721, 28.000561207526943 ], [ 83.605905266833702, 28.000259457508417 ], [ 83.606126391390504, 28.000000457271906 ], [ 83.606128328377693, 27.999998269662143 ], [ 83.606138390945105, 27.999513207082735 ], [ 83.606080516312048, 27.999167832757667 ], [ 83.605978891752528, 27.998880957157002 ], [ 83.605502454021192, 27.997956769566684 ], [ 83.605320578384379, 27.99738095775766 ], [ 83.605347641795248, 27.997094394976372 ], [ 83.605279266477822, 27.997024269448037 ], [ 83.605031704127342, 27.996766332659849 ], [ 83.604814891162619, 27.99644077023407 ], [ 83.604593078860177, 27.996108457470108 ], [ 83.60438645336616, 27.995947707523158 ], [ 83.604186641738323, 27.995762082265646 ], [ 83.603860766399961, 27.995461082737769 ], [ 83.603550266701049, 27.99521420754564 ], [ 83.603445640883464, 27.995141707621727 ], [ 83.603262204050026, 27.994904269498388 ], [ 83.602448203383418, 27.994443895028557 ], [ 83.602011704332369, 27.99398464485942 ], [ 83.601802516073974, 27.993846332369348 ], [ 83.601515328785069, 27.993658207415304 ], [ 83.601132141437802, 27.993384082518283 ], [ 83.600846578436787, 27.993180207139226 ], [ 83.600648641247304, 27.992999144503358 ], [ 83.600533391235231, 27.992885957742438 ], [ 83.600342265919963, 27.992677832089566 ], [ 83.600128641542341, 27.992444832779871 ], [ 83.599831704071505, 27.992229582778346 ], [ 83.599727015895894, 27.992096145212283 ], [ 83.599334579297874, 27.991846832477112 ], [ 83.598626828886694, 27.991179144801126 ], [ 83.598320703352414, 27.990959394476075 ], [ 83.597842516534968, 27.990612770229411 ], [ 83.597112203884166, 27.99014133271119 ], [ 83.596672391178288, 27.989982081986646 ], [ 83.596284141560645, 27.989705644463896 ], [ 83.595612516132618, 27.989351707131188 ], [ 83.595430141440644, 27.989256394697829 ], [ 83.594904328939393, 27.98915108257258 ], [ 83.594490203985444, 27.988926457749621 ], [ 83.593385328925706, 27.988695331907294 ], [ 83.593019266664911, 27.988615332470964 ], [ 83.592535078587957, 27.988521332228729 ], [ 83.592421704196227, 27.988507457384582 ], [ 83.591544516349472, 27.988398769446629 ], [ 83.590939828598891, 27.988322519576112 ], [ 83.590001953781368, 27.988204644851788 ], [ 83.589571328522155, 27.988151519835458 ], [ 83.589220390990761, 27.988107581926709 ], [ 83.588935828929351, 27.988072957113246 ], [ 83.58838245384139, 27.987944894960012 ], [ 83.588291328813895, 27.987924270067158 ], [ 83.587949016292271, 27.98786683206281 ], [ 83.587684828419668, 27.987820956944088 ], [ 83.587518265911342, 27.987766270258369 ], [ 83.586983078708002, 27.987701520200936 ], [ 83.586799391487219, 27.987626520224939 ], [ 83.586459640863723, 27.987496895185249 ], [ 83.586396328815667, 27.987428956958372 ], [ 83.58616801589659, 27.987301956889613 ], [ 83.586084266107122, 27.987186645259296 ], [ 83.586015828517077, 27.986888582102257 ], [ 83.586167203669561, 27.986273019779901 ], [ 83.586282766064542, 27.985874020144266 ], [ 83.586292891626542, 27.985305394981125 ], [ 83.586305329170031, 27.985127270194987 ], [ 83.58634901631558, 27.984497832006959 ], [ 83.586412265942741, 27.983586457278541 ], [ 83.586428391652419, 27.983356394503147 ], [ 83.586452266532021, 27.983011270045818 ], [ 83.586484329027186, 27.982927832287615 ], [ 83.58662876605112, 27.982558269376351 ], [ 83.586783641410378, 27.982333081919148 ], [ 83.586922204114515, 27.981925081883354 ], [ 83.586947579325198, 27.981843956971812 ], [ 83.587037016413746, 27.981557645231934 ], [ 83.587115954292543, 27.981187832719321 ], [ 83.587261203374226, 27.980511394928257 ], [ 83.587363141027225, 27.980019894640911 ], [ 83.587439204252178, 27.97965226999343 ], [ 83.587242891405225, 27.978726581995186 ], [ 83.586943641545716, 27.978633145033914 ], [ 83.586771766348519, 27.978630395102023 ], [ 83.586549829205524, 27.978686144896134 ], [ 83.584355204104881, 27.979047332227687 ], [ 83.583750766331931, 27.97916958258465 ], [ 83.583577329047912, 27.979243519590963 ], [ 83.583333453955703, 27.979292394448816 ], [ 83.582127453781695, 27.979530207122096 ], [ 83.581135266505342, 27.979181957345659 ], [ 83.580677078766996, 27.9780478949606 ], [ 83.580661328820568, 27.977761269376632 ], [ 83.580692015910557, 27.977303394721563 ], [ 83.581051891004279, 27.9765080196313 ], [ 83.581098641206893, 27.976338832749072 ], [ 83.581104204110702, 27.976052332499638 ], [ 83.580984579031309, 27.975591645196602 ], [ 83.580880390999496, 27.97541758248386 ], [ 83.579629516766957, 27.974217894570828 ], [ 83.579357829131396, 27.974151644802021 ], [ 83.578841891505363, 27.974143332648396 ], [ 83.578322766032599, 27.974306457199109 ], [ 83.5781750167301, 27.974389457266007 ], [ 83.577541765834368, 27.974653769583259 ], [ 83.57706764177415, 27.974936581905126 ], [ 83.576956204294518, 27.974911457479894 ], [ 83.575785891167044, 27.975368144439429 ], [ 83.575526016419687, 27.975459832040841 ], [ 83.575180703894048, 27.975530957341537 ], [ 83.574857203969515, 27.975708207012126 ], [ 83.57442407881264, 27.975727207464278 ], [ 83.57251026611641, 27.975793457202681 ], [ 83.572164454056619, 27.975842019901044 ], [ 83.571467454252712, 27.975812770116057 ], [ 83.570531703335462, 27.975773769850711 ], [ 83.567703328755044, 27.975182769605503 ], [ 83.566852578892153, 27.97483708275065 ], [ 83.56676651641547, 27.974836894812917 ], [ 83.565655704196587, 27.974474582575127 ], [ 83.565227453958769, 27.974392019875719 ], [ 83.562478079259208, 27.973695145073201 ], [ 83.561973891074246, 27.973673207657246 ], [ 83.561878266553478, 27.973584832044715 ], [ 83.561095828622001, 27.973505769973048 ], [ 83.560751703843763, 27.973520394852947 ], [ 83.558171766235503, 27.974040144957012 ], [ 83.557875391548265, 27.974355082661393 ], [ 83.557861891324038, 27.974470082631878 ], [ 83.557553891121131, 27.975362582538903 ], [ 83.557354391554028, 27.975722957231234 ], [ 83.557245516250489, 27.975722644806833 ], [ 83.556504954078889, 27.976187332732248 ], [ 83.556418766399119, 27.976205082091543 ], [ 83.556352704013023, 27.976281582670136 ], [ 83.556092766019816, 27.97637333247409 ], [ 83.555662141752833, 27.976403457051866 ], [ 83.555460829018969, 27.976454706945095 ], [ 83.552858266266014, 27.9765793949895 ], [ 83.551994578405413, 27.976619457383844 ], [ 83.549924141511923, 27.974153270029436 ], [ 83.549842016719808, 27.973981519916389 ], [ 83.5495358915759, 27.973172769975275 ], [ 83.54924307838661, 27.972765644531481 ], [ 83.548934578356125, 27.972074144432902 ], [ 83.548789203538846, 27.971823269623599 ], [ 83.548725516589869, 27.971782457556422 ], [ 83.548264766660409, 27.971183019494053 ], [ 83.547650266769139, 27.970824519558715 ], [ 83.54698514178294, 27.970725270133578 ], [ 83.546704641012425, 27.97071983187535 ], [ 83.546533703284055, 27.970805020209259 ], [ 83.545580640797667, 27.971027519423796 ], [ 83.545178578545602, 27.971229270171605 ], [ 83.543170328784555, 27.971233894439699 ], [ 83.542873890808991, 27.97103883266746 ], [ 83.541804766106267, 27.969850707353146 ], [ 83.541666641462115, 27.969764456985871 ], [ 83.541296203524709, 27.969535395071595 ], [ 83.540530828639731, 27.969176332520558 ], [ 83.539937828813564, 27.968932957648285 ], [ 83.538519891644412, 27.968501769627181 ], [ 83.537367703917667, 27.968491082111164 ], [ 83.536856015803139, 27.968405894528875 ], [ 83.536425703581116, 27.968359332387418 ], [ 83.536170078699996, 27.968259207621603 ], [ 83.535937203618843, 27.968120769837007 ], [ 83.535538016470483, 27.967711020230947 ], [ 83.53514276622262, 27.967129832043732 ], [ 83.534731141224469, 27.966298145044057 ], [ 83.534562828456217, 27.966141831926972 ], [ 83.534314266468385, 27.965734832726596 ], [ 83.533916204069115, 27.965207769951611 ], [ 83.533875829165439, 27.965153457701007 ], [ 83.533560016133222, 27.964861332179815 ], [ 83.533050703818532, 27.964584332121397 ], [ 83.531712703836448, 27.964577519388904 ], [ 83.531330703831316, 27.964686832620899 ], [ 83.531178453569197, 27.96478108188365 ], [ 83.531046704195731, 27.964911457059515 ], [ 83.530957391730624, 27.965064582512277 ], [ 83.530166329038863, 27.965894457732741 ], [ 83.529926766009041, 27.966042582016509 ], [ 83.529580203586193, 27.966190332021341 ], [ 83.528993641475637, 27.966294332702532 ], [ 83.528783329213283, 27.966291395177688 ], [ 83.528548516210179, 27.96622964464542 ], [ 83.528250828964119, 27.966091019711357 ], [ 83.527996766566602, 27.965932206989745 ], [ 83.52722864093576, 27.965419645193517 ], [ 83.526409516086616, 27.964870769809927 ], [ 83.525966329242223, 27.964517269433848 ], [ 83.525541578548967, 27.964299207604149 ], [ 83.524902765811618, 27.963866019656997 ], [ 83.524758640850081, 27.963768519538981 ], [ 83.523870954075306, 27.963731581867119 ], [ 83.523685203811894, 27.963769331960957 ], [ 83.5228167657868, 27.964195019555874 ], [ 83.522620016368265, 27.964363519756134 ], [ 83.522446953656612, 27.964417082134791 ], [ 83.521706641610464, 27.964883831972905 ], [ 83.521113141561287, 27.965337582305288 ], [ 83.520401829070209, 27.96562614494373 ], [ 83.520207891177535, 27.965661581960738 ], [ 83.520098141288642, 27.965774019486545 ], [ 83.51923157894467, 27.966122957274106 ], [ 83.518367391437735, 27.966356832160983 ], [ 83.518106953824102, 27.966486832749435 ], [ 83.517675453404379, 27.96657558240085 ], [ 83.517159016408499, 27.966623394365861 ], [ 83.516385766436443, 27.966923020192677 ], [ 83.516125703997048, 27.966969457346284 ], [ 83.515995954207838, 27.966993832420442 ], [ 83.515435766164529, 27.967018957696499 ], [ 83.515042766104017, 27.967035644666026 ], [ 83.514914953660167, 27.967055456926836 ], [ 83.514780141705543, 27.967073081920542 ], [ 83.513884078380855, 27.967121769891278 ], [ 83.51321457881788, 27.967302207466087 ], [ 83.512794078269096, 27.967492457740004 ], [ 83.51208795370195, 27.967760769611072 ], [ 83.511565515983605, 27.968077019901671 ], [ 83.511301953676423, 27.968340081915631 ], [ 83.511057516601241, 27.968720519733445 ], [ 83.510922079257867, 27.969024582412608 ], [ 83.51082595385877, 27.96948233240882 ], [ 83.510580015801992, 27.969919145088969 ], [ 83.510469391207621, 27.970069957195005 ], [ 83.51027264120404, 27.970238519652376 ], [ 83.509967766614835, 27.97042470771213 ], [ 83.509484204149203, 27.970932895118494 ], [ 83.509308703936597, 27.971103770177713 ], [ 83.508936453727259, 27.971422832644464 ], [ 83.508849890849902, 27.971458644787834 ], [ 83.508258516727082, 27.971984519632255 ], [ 83.507450766566791, 27.972584019378143 ], [ 83.507100265816931, 27.972885144565552 ], [ 83.506579328416635, 27.973142769450966 ], [ 83.506230328848631, 27.97338745707723 ], [ 83.505782954220081, 27.973886707557515 ], [ 83.505723891336828, 27.973951957744607 ], [ 83.504868453656542, 27.974761145018327 ], [ 83.504405203999866, 27.975328082123191 ], [ 83.503682391368315, 27.975966269436867 ], [ 83.503508079182751, 27.976078394504789 ], [ 83.502420203327418, 27.976710831989976 ], [ 83.50216014076176, 27.976820457419567 ], [ 83.500952829037487, 27.977028144463642 ], [ 83.500610641378088, 27.976966019921335 ], [ 83.500266828291174, 27.97697826972389 ], [ 83.499995203875812, 27.977049894945285 ], [ 83.499577641157899, 27.97727814457253 ], [ 83.499449953403783, 27.977331832746653 ], [ 83.499321203836999, 27.977356082733802 ], [ 83.499150766288906, 27.977452644951175 ], [ 83.498637641380427, 27.977590582298497 ], [ 83.497931891742098, 27.977689519648035 ], [ 83.497417578818414, 27.977674144409882 ], [ 83.497075391334278, 27.977751832759942 ], [ 83.496476329143647, 27.977794832042417 ], [ 83.496048516273973, 27.977892519444179 ], [ 83.495620453478693, 27.977913519376493 ], [ 83.495470891399947, 27.97797158212348 ], [ 83.495128391215033, 27.977974895138466 ], [ 83.494529829127885, 27.978112582034122 ], [ 83.493932078857526, 27.978345019518208 ], [ 83.493589891648497, 27.978422769545411 ], [ 83.493419391326952, 27.978519144748901 ], [ 83.493014078707731, 27.978711707156872 ], [ 83.49292889161967, 27.978790331996112 ], [ 83.492609766190128, 27.979039581897837 ], [ 83.491841016346271, 27.979330082569849 ], [ 83.491713640948802, 27.979465020220346 ], [ 83.49138695407477, 27.979745832299056 ], [ 83.491222703788495, 27.979887394884095 ], [ 83.491038015752068, 27.980046895224586 ], [ 83.49097414093292, 27.98010758228704 ], [ 83.490730953428312, 27.980273644622468 ], [ 83.490606641518013, 27.980358894805597 ], [ 83.490183078924076, 27.980777082775411 ], [ 83.490001266463551, 27.980925270110916 ], [ 83.489590890962731, 27.981172020145053 ], [ 83.489008828586606, 27.981379644765532 ], [ 83.488620266445963, 27.981569957453416 ], [ 83.488426266735488, 27.981682081957985 ], [ 83.488146078564597, 27.981739707638532 ], [ 83.488016890977661, 27.981777582529165 ], [ 83.487815891234249, 27.981756520183449 ], [ 83.487528266149795, 27.981847957206242 ], [ 83.48737076611755, 27.981887957057275 ], [ 83.487177328465719, 27.981887332633871 ], [ 83.486854891380077, 27.981809332291263 ], [ 83.48640357847448, 27.98176926980975 ], [ 83.486081390881012, 27.98170939496806 ], [ 83.485758453717082, 27.981728520274185 ], [ 83.485627578634833, 27.981664832336861 ], [ 83.485529703519163, 27.981671269582517 ], [ 83.48519982870674, 27.981611332344141 ], [ 83.484899515825859, 27.9814951448448 ], [ 83.484400328268862, 27.981109707526542 ], [ 83.484041953550189, 27.981031644440513 ], [ 83.483828453337736, 27.980762332375747 ], [ 83.483764140860075, 27.9807237697038 ], [ 83.483334953835993, 27.980589020199833 ], [ 83.4829710160801, 27.980280769838089 ], [ 83.482645891161795, 27.979771894405328 ], [ 83.482540203615784, 27.979679020261603 ], [ 83.482432578478196, 27.979529707273567 ], [ 83.482220516671134, 27.979237832222314 ], [ 83.481756828425787, 27.978401207050844 ], [ 83.481714641646036, 27.978247644497646 ], [ 83.481459890941935, 27.977712019564148 ], [ 83.481375891538207, 27.977404770202522 ], [ 83.481248328473214, 27.977176394541853 ], [ 83.481015515809389, 27.97656177012459 ], [ 83.480527579162086, 27.975488207691527 ], [ 83.480420891721792, 27.975336644838865 ], [ 83.480291640863285, 27.975128520047985 ], [ 83.479950515895069, 27.974912894967204 ], [ 83.47967157837293, 27.974796769750565 ], [ 83.47909164164885, 27.974679520027728 ], [ 83.47870439107308, 27.974678019915068 ], [ 83.478253141292498, 27.974635707376326 ], [ 83.478059391283935, 27.974616957130824 ], [ 83.477801828236991, 27.974539269394676 ], [ 83.477480203866278, 27.974366520073282 ], [ 83.477031016206013, 27.97396320723524 ], [ 83.47645464135293, 27.973308957386738 ], [ 83.475986078770262, 27.972580644538692 ], [ 83.475900578933931, 27.972465207692252 ], [ 83.475666891437825, 27.972044645197709 ], [ 83.475432703641289, 27.971660207708087 ], [ 83.475133953345022, 27.971275457667033 ], [ 83.474727641591883, 27.970892582508792 ], [ 83.474685140801341, 27.970815707127457 ], [ 83.473701204018866, 27.969968081989837 ], [ 83.473273765898441, 27.969546769703822 ], [ 83.472974766427555, 27.969162082628515 ], [ 83.472949328734174, 27.969107832572821 ], [ 83.472868828584026, 27.968933769384538 ], [ 83.472292078947092, 27.968317831998039 ], [ 83.471965765843308, 27.967867582081176 ], [ 83.471781579028573, 27.967532957574463 ], [ 83.471160953671173, 27.966916832590861 ], [ 83.470905516690934, 27.966532269615286 ], [ 83.470670579116899, 27.966244832143396 ], [ 83.470585078908996, 27.96618808254409 ], [ 83.470201329096213, 27.965669895227279 ], [ 83.469709953354865, 27.965131019544472 ], [ 83.469453515985307, 27.964899894379307 ], [ 83.469111516343887, 27.964535395086742 ], [ 83.469047329077497, 27.964478644627224 ], [ 83.468983828853069, 27.964324957051986 ], [ 83.468663203435455, 27.964037207157023 ], [ 83.468578141551362, 27.963883456901179 ], [ 83.468151141630514, 27.963365082413812 ], [ 83.468087828312179, 27.963211395141997 ], [ 83.468002078716808, 27.963134332471963 ], [ 83.467618828342964, 27.96252133191043 ], [ 83.467362703541667, 27.962213582060979 ], [ 83.467192703689861, 27.961906019883013 ], [ 83.466808953482186, 27.96138783212286 ], [ 83.466744828843943, 27.96131089486866 ], [ 83.466426453974734, 27.960680144975498 ], [ 83.466256390708864, 27.960372644554951 ], [ 83.466171766529499, 27.960142145203928 ], [ 83.466107704062381, 27.960065206989587 ], [ 83.46591820360095, 27.959453019863226 ], [ 83.465835391556112, 27.958917894760866 ], [ 83.465666828776392, 27.958380269727318 ], [ 83.46566707914441, 27.958335207401429 ], [ 83.465668266036104, 27.958152394728437 ], [ 83.465584703366503, 27.957768457336229 ], [ 83.465291203216736, 27.95661889452737 ], [ 83.464995015884782, 27.955873144840059 ], [ 83.464889828338073, 27.95548914454918 ], [ 83.464401078530116, 27.954568895161255 ], [ 83.464320953289061, 27.95445576983861 ], [ 83.464251891109825, 27.954358519707807 ], [ 83.463611328344768, 27.95368589482538 ], [ 83.462884265818616, 27.953051269862726 ], [ 83.462134641287093, 27.95253164445543 ], [ 83.461698953565815, 27.9522704577148 ], [ 83.461538703244798, 27.952208894852653 ], [ 83.461072329198529, 27.951918270129955 ], [ 83.460908266381793, 27.951825144582013 ], [ 83.46039882844596, 27.951624582081237 ], [ 83.459884641381194, 27.951297644886107 ], [ 83.459306953600887, 27.95083508231286 ], [ 83.45855901664082, 27.950123644874257 ], [ 83.458333390803674, 27.949949082540961 ], [ 83.457938516037515, 27.949642894613376 ], [ 83.45730945408242, 27.949358457736995 ], [ 83.457244391610189, 27.949344582062295 ], [ 83.456906203517008, 27.949266519736398 ], [ 83.456528640735669, 27.949120644797503 ], [ 83.456178766465683, 27.949098957119123 ], [ 83.455792453821331, 27.948982332703405 ], [ 83.455405578244651, 27.948924394694785 ], [ 83.454633016408721, 27.948691207508091 ], [ 83.454460953222963, 27.948670207123307 ], [ 83.453912453558132, 27.948417582270984 ], [ 83.45370995375059, 27.948380707461986 ], [ 83.453197454033059, 27.948290644593836 ], [ 83.452978891426014, 27.948237894397547 ], [ 83.452687454133539, 27.948144206926539 ], [ 83.452370641550758, 27.94805045761699 ], [ 83.45190695382945, 27.947913207634024 ], [ 83.451055516044747, 27.947458582019728 ], [ 83.450749828290625, 27.947294894823479 ], [ 83.450428515965328, 27.947083769898942 ], [ 83.450172079060565, 27.946852581981446 ], [ 83.44982982878237, 27.946582707620745 ], [ 83.44950814134063, 27.946448331996347 ], [ 83.44912276577405, 27.946216644571692 ], [ 83.448049703454004, 27.945867144550199 ], [ 83.447276453596658, 27.945728644911359 ], [ 83.447083516089876, 27.945633082035275 ], [ 83.44656857866363, 27.945457269816433 ], [ 83.446118203508135, 27.945207269382298 ], [ 83.445925703731092, 27.945014769569248 ], [ 83.445497578395162, 27.944647457423315 ], [ 83.445092140876838, 27.944052457688848 ], [ 83.444986391587705, 27.94374514520063 ], [ 83.444943890768172, 27.943668269681289 ], [ 83.444925640676701, 27.943074770209581 ], [ 83.444926766584359, 27.942921332060077 ], [ 83.445165953501828, 27.942462082643864 ], [ 83.446011828904133, 27.941337270225194 ], [ 83.446206766054871, 27.941107832516899 ], [ 83.44650920376202, 27.940899269893642 ], [ 83.446790890770586, 27.940595832279012 ], [ 83.44713651660183, 27.940328706880475 ], [ 83.447310016137564, 27.940119519977891 ], [ 83.447396890856908, 27.939966457452584 ], [ 83.447463203620913, 27.939662144840828 ], [ 83.447425016403542, 27.939185895082893 ], [ 83.447423203285254, 27.939163332668944 ], [ 83.447254141286464, 27.938625644898547 ], [ 83.446911703698675, 27.938317395082663 ], [ 83.446805078890989, 27.938181582686795 ], [ 83.446526328787215, 27.937970644987598 ], [ 83.446312516221354, 27.93773964466811 ], [ 83.446034141130724, 27.937508395136664 ], [ 83.44582020342375, 27.937315644603419 ], [ 83.445348453579385, 27.937025019450321 ], [ 83.44496282857132, 27.936734645089786 ], [ 83.443869266671825, 27.936134581890048 ], [ 83.443226515688124, 27.935633332048805 ], [ 83.442712328411602, 27.935265707472979 ], [ 83.442369641429025, 27.935016146033615 ], [ 83.442305454035832, 27.934957207182691 ], [ 83.442134954064784, 27.934649645387513 ], [ 83.44202989221445, 27.934265645158604 ], [ 83.441989390904382, 27.933807395319363 ], [ 83.441884390719068, 27.933346769438128 ], [ 83.441885892554865, 27.933116583259505 ], [ 83.441994705061532, 27.93288689509075 ], [ 83.442168329633006, 27.9326574576267 ], [ 83.442298204653085, 27.932545144705266 ], [ 83.442557079852719, 27.932410833011197 ], [ 83.442988016508721, 27.932279520090606 ], [ 83.443677517164645, 27.932151394929509 ], [ 83.444107953744975, 27.932132833269929 ], [ 83.444797392110672, 27.931946082826919 ], [ 83.445142703566404, 27.931796269801143 ], [ 83.44563945404218, 27.931473395070313 ], [ 83.445898828595205, 27.931244269904319 ], [ 83.44607232855347, 27.931035145538406 ], [ 83.446504204216936, 27.930730020274439 ], [ 83.446807391639524, 27.930426645753787 ], [ 83.447864954326903, 27.929857771074893 ], [ 83.448210954750621, 27.929572582226427 ], [ 83.448987954178875, 27.92915602015556 ], [ 83.449333328794381, 27.928929520259807 ], [ 83.449700016231048, 27.928759521002195 ], [ 83.450110516637693, 27.928474583134189 ], [ 83.450282704779667, 27.92845495808821 ], [ 83.450537704438503, 27.928388269447911 ], [ 83.450843955097497, 27.928308270167161 ], [ 83.450929141561218, 27.928286082584322 ], [ 83.45125114204572, 27.928422707767353 ], [ 83.451722641462354, 27.928751769633397 ], [ 83.452342891954544, 27.929367957355886 ], [ 83.452619266499951, 27.929982770633501 ], [ 83.453259016487578, 27.93096233336885 ], [ 83.453835392206429, 27.931713707366576 ], [ 83.454027829838267, 27.931906270149398 ], [ 83.45415670505902, 27.931983457395173 ], [ 83.454199204656049, 27.932078395293143 ], [ 83.454391453836422, 27.932291333287143 ], [ 83.454669767015858, 27.932522519866282 ], [ 83.454976141965929, 27.932661332694821 ], [ 83.455106203226649, 27.932691208517571 ], [ 83.455581391336381, 27.93280370753223 ], [ 83.455789517142193, 27.932842833574501 ], [ 83.455967829338945, 27.932877332484143 ], [ 83.456127142454747, 27.932898332776784 ], [ 83.45639214163684, 27.932935457760152 ], [ 83.45656001671891, 27.932958707065403 ], [ 83.456652330103509, 27.932972582208532 ], [ 83.457080454087006, 27.933030707773259 ], [ 83.457332766480405, 27.933065520094544 ], [ 83.45752064234901, 27.933091083516725 ], [ 83.457852829191125, 27.93315558330373 ], [ 83.458039453793219, 27.93317433239255 ], [ 83.4583333915064, 27.933204831933427 ], [ 83.458605079292496, 27.933232958170162 ], [ 83.458731704727143, 27.933256020106697 ], [ 83.459584767713864, 27.933439895628585 ], [ 83.459693266045349, 27.933462895478964 ], [ 83.460192579125206, 27.933704020061786 ], [ 83.460703891738689, 27.933884270718156 ], [ 83.460799829107444, 27.933895956910227 ], [ 83.460982829326326, 27.933932770971641 ], [ 83.461620515739483, 27.934061582909045 ], [ 83.46187914165067, 27.934114520926258 ], [ 83.462252391807297, 27.934212957797225 ], [ 83.462509266143641, 27.934223020218234 ], [ 83.463288204000449, 27.933795082668073 ], [ 83.463525829678517, 27.933642583436203 ], [ 83.463871141360116, 27.933413769726567 ], [ 83.464130953818412, 27.933166582651289 ], [ 83.464865266535156, 27.932634707167317 ], [ 83.465793579517836, 27.932047144914353 ], [ 83.466355454163164, 27.931647706869192 ], [ 83.466441579770944, 27.931629957407168 ], [ 83.466678891428103, 27.931477458599208 ], [ 83.467155266080596, 27.93109345694689 ], [ 83.467175954176611, 27.931077769731651 ], [ 83.467782203573705, 27.930430207768485 ], [ 83.468085704748674, 27.930068207159856 ], [ 83.468107641742947, 27.929991645137541 ], [ 83.468518892207626, 27.929553144796071 ], [ 83.468887016016041, 27.929134895788621 ], [ 83.469536080139292, 27.928487581962376 ], [ 83.470032390784169, 27.928241270503317 ], [ 83.470269704223142, 27.928088770732117 ], [ 83.471132642315112, 27.927672396014181 ], [ 83.47165001724143, 27.927464582179404 ], [ 83.471714765998769, 27.927408395086402 ], [ 83.471973517131048, 27.927294332237381 ], [ 83.472663141613452, 27.927048770140843 ], [ 83.473178767410644, 27.926935582620761 ], [ 83.473954767567264, 27.926767145487396 ], [ 83.474902704225073, 27.926504520312207 ], [ 83.47527389203465, 27.926436082314918 ], [ 83.475380704385813, 27.926416082875694 ], [ 83.475601953928702, 27.926374082074034 ], [ 83.475941640776966, 27.926190270486575 ], [ 83.476026329568526, 27.926152332430416 ], [ 83.476354954558659, 27.926027207451959 ], [ 83.47656270420633, 27.925946770780492 ], [ 83.47698657881341, 27.925756583276318 ], [ 83.477054079583581, 27.925725332078564 ], [ 83.477512704856025, 27.925510395588152 ], [ 83.478187641459243, 27.925215083328283 ], [ 83.478260204131118, 27.925183832655382 ], [ 83.478430892042809, 27.925150583473254 ], [ 83.479024392297859, 27.924886583494331 ], [ 83.47935945348506, 27.924743457388026 ], [ 83.479626703414425, 27.924638395932398 ], [ 83.479828141078741, 27.924560208422879 ], [ 83.480238641117737, 27.92443989589459 ], [ 83.481006953513756, 27.924212644566872 ], [ 83.481836828814153, 27.923924708403202 ], [ 83.48237995476066, 27.923822957022708 ], [ 83.482724329080668, 27.923803958046125 ], [ 83.483154767636975, 27.923692769471657 ], [ 83.483413516692252, 27.923578645146538 ], [ 83.483758703551118, 27.92337002030791 ], [ 83.484212642258342, 27.923008520608509 ], [ 83.484604454098317, 27.92287914473274 ], [ 83.484658642739348, 27.922840957212301 ], [ 83.484784142186967, 27.922751270568206 ], [ 83.485059141767053, 27.922689020255113 ], [ 83.485243205109001, 27.922642332286372 ], [ 83.485749517303589, 27.922549457099269 ], [ 83.485888141770786, 27.922525145774411 ], [ 83.486141891381351, 27.922566707578902 ], [ 83.486526515983073, 27.922622332759641 ], [ 83.48737339241012, 27.922966207709102 ], [ 83.48788732972946, 27.923272644830373 ], [ 83.48822970421422, 27.92354245775612 ], [ 83.488485704511064, 27.923850270793761 ], [ 83.488507078775058, 27.923906769480848 ], [ 83.488805454280069, 27.92432983243436 ], [ 83.488869328415376, 27.924386458092766 ], [ 83.488954266242089, 27.924560520399606 ], [ 83.489080391656302, 27.925019019739239 ], [ 83.489504828227126, 27.925593707168424 ], [ 83.489557954092732, 27.925704457447353 ], [ 83.489719204677812, 27.926054769418069 ], [ 83.48983582934801, 27.926249270041414 ], [ 83.490203891733799, 27.926783145022153 ], [ 83.49046345331729, 27.927158645078322 ], [ 83.490730328645, 27.927475519511823 ], [ 83.490922517100927, 27.927742458095814 ], [ 83.491369516365936, 27.928240520262502 ], [ 83.491592204709775, 27.928489519829881 ], [ 83.491669453683997, 27.928546208002846 ], [ 83.491965641865832, 27.928761707143135 ], [ 83.49223901709469, 27.928839394641926 ], [ 83.492498766198409, 27.928984770290061 ], [ 83.492868017526604, 27.929067333296047 ], [ 83.493063455137758, 27.929110957494924 ], [ 83.4935094543346, 27.929144145546758 ], [ 83.494238767148659, 27.929056582842001 ], [ 83.494669454683489, 27.928963395636789 ], [ 83.495532141106082, 27.928641645214544 ], [ 83.495769766697151, 27.92848914563859 ], [ 83.496632829183071, 27.928090645178219 ], [ 83.497151705088612, 27.927693144855905 ], [ 83.497337016703369, 27.927581020511191 ], [ 83.497431641498039, 27.927522708185062 ], [ 83.497495328669643, 27.92748008272266 ], [ 83.497691829581683, 27.927293519629362 ], [ 83.498555328466338, 27.927071021096872 ], [ 83.498627516169506, 27.927048707841127 ], [ 83.499395703552068, 27.92691158353297 ], [ 83.499780079324125, 27.926888207171157 ], [ 83.500000203934789, 27.92678970755912 ], [ 83.500517080149066, 27.926825395493445 ], [ 83.501030578983148, 27.926892708572154 ], [ 83.501496204549113, 27.927007207988414 ], [ 83.502017391566852, 27.92693014480685 ], [ 83.502617328408263, 27.926977457392404 ], [ 83.503305453404849, 27.926914457893105 ], [ 83.504175703732571, 27.927170332447631 ], [ 83.507334265879521, 27.928192520114827 ], [ 83.507943517347556, 27.928372958038292 ], [ 83.50818501725692, 27.928552020147585 ], [ 83.508585516531298, 27.928885145443633 ], [ 83.509552829539544, 27.929802395503927 ], [ 83.509912141171554, 27.930056395623719 ], [ 83.510373891584422, 27.930525145774538 ], [ 83.510751704997858, 27.930914519587482 ], [ 83.51135651699731, 27.931731207848745 ], [ 83.51177039126317, 27.932427645041937 ], [ 83.511827329842305, 27.93277308333213 ], [ 83.511603455093066, 27.933189707266909 ], [ 83.511449953596767, 27.933340332241279 ], [ 83.511319391859388, 27.933416582801506 ], [ 83.511125141997738, 27.933470082569233 ], [ 83.510867141377418, 27.933484958147439 ], [ 83.510418579992503, 27.933381832539904 ], [ 83.510341766548862, 27.933446957228437 ], [ 83.509970828756522, 27.933238082495524 ], [ 83.509778516334848, 27.933196833585239 ], [ 83.50952101675378, 27.933193582794541 ], [ 83.509455765820377, 27.933229457255226 ], [ 83.509197391288808, 27.933262394444011 ], [ 83.509004266727928, 27.933259457831927 ], [ 83.508809640939987, 27.933333207703043 ], [ 83.508418329881891, 27.933555207225012 ], [ 83.508111579629997, 27.933838333182539 ], [ 83.507893642434439, 27.933986519969363 ], [ 83.507568391507959, 27.934134270374436 ], [ 83.507050454137683, 27.934261019748568 ], [ 83.506397266122917, 27.934669332122176 ], [ 83.505696703770965, 27.935289582520738 ], [ 83.505520454729975, 27.935498770363505 ], [ 83.50503139161863, 27.936255145079198 ], [ 83.504940517174148, 27.936482707722476 ], [ 83.504930453273715, 27.936943019665648 ], [ 83.505031392334047, 27.937232145102396 ], [ 83.505382330117769, 27.93787195704866 ], [ 83.505841641871456, 27.938261707105138 ], [ 83.506142142096081, 27.938459082971754 ], [ 83.506424516102157, 27.938518832396145 ], [ 83.506566454780838, 27.938677207147656 ], [ 83.506733455188382, 27.938889895850949 ], [ 83.507301454010133, 27.939417645330167 ], [ 83.507589266119908, 27.939763894585809 ], [ 83.507657142061063, 27.939845395250892 ], [ 83.5078890792349, 27.940042520357174 ], [ 83.508086204292908, 27.940135769777811 ], [ 83.508677016793143, 27.94032289528062 ], [ 83.509702891921435, 27.940534082742467 ], [ 83.510216767146289, 27.940599208171964 ], [ 83.510731516102098, 27.940609957037395 ], [ 83.511076391187544, 27.940557020895287 ], [ 83.512116578501505, 27.940116208088636 ], [ 83.512548766611104, 27.939989145462768 ], [ 83.513756142723238, 27.939742957056303 ], [ 83.515054266586304, 27.939287270534226 ], [ 83.515272204782434, 27.939136832443605 ], [ 83.516225828526643, 27.938731831853687 ], [ 83.516944829689791, 27.938246957607394 ], [ 83.517010892017254, 27.938170457517053 ], [ 83.517184703521622, 27.938078582359978 ], [ 83.517250767610193, 27.938002082156437 ], [ 83.517511141285439, 27.937874395930958 ], [ 83.517730141797443, 27.937685644920446 ], [ 83.518143141314724, 27.937443395076254 ], [ 83.518384642282797, 27.937198333058539 ], [ 83.518608017700188, 27.936799646076278 ], [ 83.518829141265812, 27.936516145171517 ], [ 83.519207204092538, 27.935910520638959 ], [ 83.519515579604345, 27.935552833199772 ], [ 83.519892329519678, 27.935021645096498 ], [ 83.52064214148929, 27.934094645920954 ], [ 83.520686516028917, 27.934040644543511 ], [ 83.520906016571786, 27.933833895216821 ], [ 83.521324828970904, 27.933323145523797 ], [ 83.521653578562834, 27.933021894515814 ], [ 83.52230801695778, 27.932534582910712 ], [ 83.523053266990331, 27.93184220753254 ], [ 83.52340289129711, 27.931563583415002 ], [ 83.523754516710426, 27.931185770107305 ], [ 83.524169329740118, 27.930869019657745 ], [ 83.524366829910235, 27.930664394396238 ], [ 83.524764454449496, 27.930155833174926 ], [ 83.524987453615665, 27.929777520330262 ], [ 83.525081516065597, 27.929396520653089 ], [ 83.525066640799537, 27.929089644377243 ], [ 83.524987641662534, 27.928782519876535 ], [ 83.52488545433593, 27.928552020234044 ], [ 83.524569640947618, 27.927282832027561 ], [ 83.524424953506369, 27.927031894448511 ], [ 83.52428151751235, 27.926722270784236 ], [ 83.524182516509086, 27.926338332041023 ], [ 83.523976203962519, 27.925951832838198 ], [ 83.523916892582761, 27.925721457127899 ], [ 83.52403770496997, 27.925112645022693 ], [ 83.524194641695146, 27.92480858230514 ], [ 83.52465514159482, 27.924358895741282 ], [ 83.52489457895895, 27.924210832717723 ], [ 83.525327954006059, 27.924027270271672 ], [ 83.525759204532491, 27.923922708266208 ], [ 83.526102142643438, 27.923946457384083 ], [ 83.526436828911571, 27.924159707695967 ], [ 83.527390328975798, 27.924769957745852 ], [ 83.52768632896948, 27.9251252076978 ], [ 83.528080579451284, 27.925744832229903 ], [ 83.528353016183246, 27.92605483246836 ], [ 83.528750892623762, 27.92649845802574 ], [ 83.529333766640477, 27.927337582521737 ], [ 83.529703640874686, 27.928090207379324 ], [ 83.529868704131346, 27.928397644770246 ], [ 83.530400454935048, 27.9296133331204 ], [ 83.530608829795995, 27.929902895378863 ], [ 83.531031516030225, 27.930199894883756 ], [ 83.531747766652686, 27.930825083247466 ], [ 83.531893267374542, 27.931037645447191 ], [ 83.532041455055534, 27.931135207987545 ], [ 83.532167265865894, 27.931273270671429 ], [ 83.532646141852624, 27.931949520318408 ], [ 83.532727078530215, 27.932182207535401 ], [ 83.532713204056463, 27.932811707826438 ], [ 83.532853516420047, 27.933274707479971 ], [ 83.532886454932182, 27.933732770561505 ], [ 83.532857391135195, 27.934077957700268 ], [ 83.532913141000549, 27.934479770717221 ], [ 83.532903203603311, 27.934937832696995 ], [ 83.532832455159479, 27.935224144831544 ], [ 83.532698328366266, 27.935469582543615 ], [ 83.532697079434342, 27.935526019400733 ], [ 83.532092578663139, 27.936663395166946 ], [ 83.531995454220834, 27.937177520479054 ], [ 83.532024766990503, 27.93780939444062 ], [ 83.532084079449234, 27.938039770084416 ], [ 83.532147454665662, 27.93807827014809 ], [ 83.532209141939418, 27.938213956883402 ], [ 83.532774329652241, 27.938836332195887 ], [ 83.533029328506501, 27.938992957061199 ], [ 83.533715079447433, 27.939044831981295 ], [ 83.534145642211826, 27.938996646132402 ], [ 83.534404829203766, 27.938925332393474 ], [ 83.534748079858034, 27.938931082875214 ], [ 83.534886266328556, 27.93885251991647 ], [ 83.534943578402803, 27.938821083162861 ], [ 83.53589401715314, 27.938551270401724 ], [ 83.536240829175512, 27.938405832458432 ], [ 83.536758329589105, 27.9383015207634 ], [ 83.537363829669445, 27.938102707455986 ], [ 83.537537329669902, 27.938010770207743 ], [ 83.537931703401611, 27.937653269469394 ], [ 83.538344642479132, 27.937413332104331 ], [ 83.538672954500015, 27.937132394706712 ], [ 83.538827953821055, 27.936907270377112 ], [ 83.539189767044107, 27.936071332467403 ], [ 83.539246016344237, 27.935462332734183 ], [ 83.539213017701925, 27.935001958545939 ], [ 83.539059705222698, 27.934157519878767 ], [ 83.53891782868466, 27.933773520311622 ], [ 83.53882195374706, 27.93323614563948 ], [ 83.538577829210524, 27.932619332820877 ], [ 83.538498766754373, 27.932312269808907 ], [ 83.538426140968014, 27.931698269539805 ], [ 83.53836676746576, 27.931467895224703 ], [ 83.538353765940755, 27.931084270026066 ], [ 83.538566641094974, 27.930171208080914 ], [ 83.538571703765257, 27.929941083066637 ], [ 83.538687329102999, 27.929562395055015 ], [ 83.539001141264393, 27.928956457661197 ], [ 83.539111642025446, 27.928805644969145 ], [ 83.539615765983527, 27.928317707136145 ], [ 83.539946829996239, 27.927903645328364 ], [ 83.540251579616296, 27.927717332751868 ], [ 83.540511453581402, 27.927607708371937 ], [ 83.540770203539651, 27.927556644618694 ], [ 83.541457078971462, 27.927549894984594 ], [ 83.541666641024776, 27.927564145010166 ], [ 83.542743204998089, 27.927630957780366 ], [ 83.543340392784458, 27.927815707761894 ], [ 83.543935266295449, 27.928095207825862 ], [ 83.544106267768854, 27.928136332249345 ], [ 83.544636954616522, 27.92835920811784 ], [ 83.545044828415215, 27.928403457289111 ], [ 83.545301203744557, 27.92846520725389 ], [ 83.545616891801814, 27.928682894639721 ], [ 83.547241205303749, 27.929076332058163 ], [ 83.547584829051701, 27.929061645096358 ], [ 83.547930017311103, 27.928992832599789 ], [ 83.548273704530942, 27.928980395960668 ], [ 83.54861851733726, 27.928909332274127 ], [ 83.548876454997142, 27.928896644670246 ], [ 83.549049829188263, 27.928822770947693 ], [ 83.549202392050816, 27.928710458317592 ], [ 83.549378890947381, 27.928503457153397 ], [ 83.549728391107337, 27.928224769498087 ], [ 83.549945829798688, 27.928094644371185 ], [ 83.550227391694492, 27.927966957574473 ], [ 83.550314329215297, 27.92792889612836 ], [ 83.550485766835308, 27.927931707573023 ], [ 83.550998017317497, 27.928075520308948 ], [ 83.551340455001721, 27.928121770404807 ], [ 83.551510392512228, 27.928201270827376 ], [ 83.554812955181902, 27.929378519798544 ], [ 83.555242141678491, 27.929664208293662 ], [ 83.555592266836896, 27.929929333226927 ], [ 83.555871766358749, 27.930151332726187 ], [ 83.556019578647849, 27.930269207179172 ], [ 83.556590641509786, 27.930724520864931 ], [ 83.556883767078389, 27.930957895381464 ], [ 83.557273079959771, 27.931268270939 ], [ 83.557396328914933, 27.931365644991917 ], [ 83.557974266485843, 27.931825583426285 ], [ 83.558171454942965, 27.931981832096707 ], [ 83.5589205178117, 27.932476144458835 ], [ 83.559488453975817, 27.9328457706909 ], [ 83.559676954307221, 27.932968207357899 ], [ 83.559943141948565, 27.933183395142944 ], [ 83.560716891287342, 27.933853770130543 ], [ 83.56110926764147, 27.934193457350727 ], [ 83.561399517607029, 27.934377083187979 ], [ 83.561888891728131, 27.934687832988587 ], [ 83.562059642028728, 27.934729020166213 ], [ 83.562488578751271, 27.934757457933269 ], [ 83.562918392130129, 27.934727207687516 ], [ 83.563611580189715, 27.934433833191655 ], [ 83.564043642237621, 27.934308833382016 ], [ 83.564646453828388, 27.93422502069129 ], [ 83.564817454739426, 27.934266144776704 ], [ 83.565249078644968, 27.93415920863378 ], [ 83.565677391020188, 27.934205707854158 ], [ 83.565849266010872, 27.934190458052679 ], [ 83.566022641708614, 27.934116519675612 ], [ 83.566281391659274, 27.93406545770705 ], [ 83.566624266503325, 27.934089083471626 ], [ 83.567391453911426, 27.934353270150122 ], [ 83.567646641301423, 27.934473645484253 ], [ 83.567763766624665, 27.934566519910142 ], [ 83.567963767083299, 27.934727332137633 ], [ 83.568240391862759, 27.934976394635495 ], [ 83.568337516729642, 27.935078270982036 ], [ 83.568430141565543, 27.935186833616221 ], [ 83.568499016239258, 27.935268270838051 ], [ 83.568659516203581, 27.93555758289363 ], [ 83.568917329527224, 27.935989394613941 ], [ 83.569192705109899, 27.936452770263511 ], [ 83.569228517735382, 27.936791333013758 ], [ 83.569309830002382, 27.937425645167966 ], [ 83.569274580183531, 27.938632707283851 ], [ 83.569310079300749, 27.938978019931806 ], [ 83.56947726653074, 27.93984270828232 ], [ 83.569649266161804, 27.940188458336369 ], [ 83.570474703956407, 27.941307957296825 ], [ 83.571110516092148, 27.942108645173469 ], [ 83.57142676639711, 27.942382707652612 ], [ 83.571871203874338, 27.942677395765593 ], [ 83.572443704274079, 27.942701707505627 ], [ 83.572643454656969, 27.942711333172308 ], [ 83.573048204194066, 27.942852520366579 ], [ 83.573567953966233, 27.942653332249371 ], [ 83.573981203913235, 27.942392833486711 ], [ 83.574769080129172, 27.941700270044542 ], [ 83.575008890947657, 27.941534082993442 ], [ 83.575269142528072, 27.941404020450605 ], [ 83.575400455315616, 27.941291645862051 ], [ 83.575489766455235, 27.941122707644958 ], [ 83.57556082989251, 27.940816019819422 ], [ 83.575694454546408, 27.94059083275744 ], [ 83.575892578839301, 27.94036352018875 ], [ 83.576110391850605, 27.940215270874326 ], [ 83.576424642044074, 27.939929707604964 ], [ 83.576438703661381, 27.93991620824508 ], [ 83.576901329207161, 27.939369332839689 ], [ 83.577255891272884, 27.93884245832032 ], [ 83.577343579518868, 27.938765957416326 ], [ 83.578161579402803, 27.937653831880716 ], [ 83.578363078721921, 27.937275394595321 ], [ 83.578432267775526, 27.937047707701851 ], [ 83.578514579497593, 27.936208645567298 ], [ 83.57849732909159, 27.935748269903822 ], [ 83.578314829467942, 27.934899331835226 ], [ 83.57803832932467, 27.934381769407022 ], [ 83.577303515841137, 27.933458958504186 ], [ 83.57713751683329, 27.933352458102544 ], [ 83.575931390853853, 27.932202457385777 ], [ 83.575624079778763, 27.9318517075247 ], [ 83.575471453982274, 27.931497020443743 ], [ 83.575406079687525, 27.931004957445111 ], [ 83.575539704987008, 27.93077964557482 ], [ 83.576186079314596, 27.930508707620838 ], [ 83.576649892273096, 27.930054332626348 ], [ 83.576800892163718, 27.930018707661628 ], [ 83.577142954386574, 27.930082957843876 ], [ 83.577536704103721, 27.930357145243601 ], [ 83.578314078904029, 27.930524270232713 ], [ 83.578658829939144, 27.93047339490148 ], [ 83.579005203660472, 27.930327832618367 ], [ 83.579177767599532, 27.930292207780845 ], [ 83.579438080056505, 27.93016439433945 ], [ 83.579610266995587, 27.930149145388821 ], [ 83.579716079228547, 27.930208144351049 ], [ 83.57980214276779, 27.930208395215711 ], [ 83.580232703501849, 27.930142020223986 ], [ 83.580662455229103, 27.930129769549421 ], [ 83.581094080305363, 27.930022770793574 ], [ 83.581522329043025, 27.930069206953359 ], [ 83.582037392154888, 27.930079832474597 ], [ 83.58255332925296, 27.930031770036798 ], [ 83.58315332911512, 27.930080958083703 ], [ 83.583333392068681, 27.930083770121207 ], [ 83.583647141603933, 27.93009145731089 ], [ 83.583990766123534, 27.930079020698034 ], [ 83.584246829340145, 27.930140645071511 ], [ 83.584590016821736, 27.930166520354224 ], [ 83.584674954017416, 27.930205145371222 ], [ 83.585274579811198, 27.930274583323769 ], [ 83.585875390996065, 27.930285458091554 ], [ 83.586646141161438, 27.930375769470903 ], [ 83.586818328529418, 27.930360520530172 ], [ 83.587246140884389, 27.930424957763996 ], [ 83.588526578594468, 27.930774020485693 ], [ 83.589446704013639, 27.930907645807327 ], [ 83.59004239175178, 27.93101320714694 ], [ 83.590734390919607, 27.930931771033201 ], [ 83.590991455009018, 27.930973145466321 ], [ 83.591593204011346, 27.930983958395938 ], [ 83.592792580229613, 27.931177020146801 ], [ 83.593651953456657, 27.931272083354994 ], [ 83.594340892446439, 27.931145583219795 ], [ 83.594600766777745, 27.931035707536285 ], [ 83.594988016394993, 27.931005270511136 ], [ 83.595204141948983, 27.930870520916251 ], [ 83.595375704285374, 27.930762707312738 ], [ 83.595755765928857, 27.930526895102577 ], [ 83.595873705085339, 27.930418957763383 ], [ 83.595957078506885, 27.930362769994943 ], [ 83.596364579387952, 27.930090958323252 ], [ 83.596749829434927, 27.929834894628996 ], [ 83.597210203945195, 27.929527082943697 ], [ 83.59731501665604, 27.929425833501636 ], [ 83.597608891577579, 27.929140144957962 ], [ 83.598374391982333, 27.928237582637326 ], [ 83.599009828836614, 27.927548957875974 ], [ 83.59945820523447, 27.926690645997169 ], [ 83.599594891316372, 27.926311957152141 ], [ 83.600157766538416, 27.9254065198174 ], [ 83.60026333030325, 27.925120270436349 ], [ 83.600352141790268, 27.9249693954111 ], [ 83.60078264176353, 27.924571270006997 ], [ 83.60167101672937, 27.923484020188784 ], [ 83.601823080316393, 27.923409958433361 ], [ 83.602123767075383, 27.923415332751574 ], [ 83.602296328734184, 27.92337977082423 ], [ 83.602557267739257, 27.923231582525112 ], [ 83.602729829201664, 27.923195956871872 ], [ 83.603243954910454, 27.923280958236891 ], [ 83.603931392238806, 27.923294207459787 ], [ 83.604875453954648, 27.923366894663481 ], [ 83.605218328618591, 27.923410707058022 ], [ 83.606159391513529, 27.923636769668676 ], [ 83.60658782967505, 27.923701208130549 ], [ 83.606844141809972, 27.923780894473005 ], [ 83.607444329569972, 27.923868333424839 ], [ 83.60924189247379, 27.924241270815653 ], [ 83.609585391486206, 27.924267019643445 ], [ 83.61041958008839, 27.924472457485301 ], [ 83.611790204658405, 27.924704270057337 ], [ 83.612388953739369, 27.92484808345932 ], [ 83.612816204597692, 27.924989208306698 ], [ 83.613156641691589, 27.925148082984631 ], [ 83.613326453746055, 27.92526589595607 ], [ 83.613367766830066, 27.925342708334234 ], [ 83.613557704268032, 27.925517020825556 ], [ 83.614087267081516, 27.925908832444147 ], [ 83.614636891146077, 27.926375207701767 ], [ 83.61497620403108, 27.926610707082023 ], [ 83.615334016633, 27.926979582031969 ], [ 83.61558564196811, 27.927307458601103 ], [ 83.615958579063076, 27.928001207899019 ], [ 83.616040080325007, 27.928231519790593 ], [ 83.616103328753525, 27.928290395754381 ], [ 83.616390830312781, 27.928981644803649 ], [ 83.616724328862858, 27.929501519810643 ], [ 83.617211141863649, 27.929872958189829 ], [ 83.617700141389818, 27.930149583263528 ], [ 83.618126329905067, 27.930326770684957 ], [ 83.61846870409201, 27.930408957522342 ], [ 83.61889795491868, 27.930437207824507 ], [ 83.618911641095082, 27.93043270770281 ], [ 83.619155766992364, 27.930363457468243 ], [ 83.619631641245761, 27.930062394982112 ], [ 83.620040642249833, 27.929894332987136 ], [ 83.620300328892924, 27.929725896120559 ], [ 83.620561266936662, 27.929480583485844 ], [ 83.620739454943021, 27.929377270843339 ], [ 83.62095014205255, 27.929256019990582 ], [ 83.621102391054123, 27.929123333478767 ], [ 83.62121176704342, 27.928992770813174 ], [ 83.621260891440571, 27.928667957447992 ], [ 83.621251578536018, 27.928056458004988 ], [ 83.62128895459351, 27.927348083205839 ], [ 83.621790017835409, 27.926726707788635 ], [ 83.622374080356764, 27.926351458143447 ], [ 83.62241808000924, 27.926295207623916 ], [ 83.62274757959915, 27.926149457764303 ], [ 83.622925328435898, 27.926070957360164 ], [ 83.623355891379518, 27.925993144637207 ], [ 83.62375983035588, 27.925919770568012 ], [ 83.624017329684932, 27.92592502069472 ], [ 83.624272766688961, 27.925988895836113 ], [ 83.625000204128682, 27.926004394680707 ], [ 83.625130391843911, 27.926007019851703 ], [ 83.625300766906591, 27.926050332646533 ], [ 83.625558703490455, 27.926035270211987 ], [ 83.625985516913232, 27.926122144495316 ], [ 83.626157016757546, 27.926124895306547 ], [ 83.62671489086479, 27.926117395465202 ], [ 83.626888204348631, 27.926063706920065 ], [ 83.627748079679051, 27.926007331887657 ], [ 83.628180704489154, 27.925882145864669 ], [ 83.628465953971812, 27.92565951938456 ], [ 83.628731204497143, 27.925168394366413 ], [ 83.628785892000053, 27.924976707563246 ], [ 83.628775454052203, 27.924593207788892 ], [ 83.628632079279058, 27.92436033286754 ], [ 83.628123141360916, 27.923860332414556 ], [ 83.627571330083882, 27.923190958021536 ], [ 83.626906142442735, 27.92261151990348 ], [ 83.625000016641337, 27.920532707972143 ], [ 83.623711267230831, 27.919125769645198 ], [ 83.623255453559011, 27.918508520172516 ], [ 83.623129829419184, 27.91820133266495 ], [ 83.62307389230881, 27.918131207063009 ], [ 83.623002017214816, 27.917801582968 ], [ 83.623010517073297, 27.917733895430018 ], [ 83.623043454087224, 27.917470019758557 ], [ 83.623287267110101, 27.917120957302927 ], [ 83.62334207896275, 27.917071458110076 ], [ 83.623825079684138, 27.916695957551887 ], [ 83.623863892183067, 27.916664458161065 ], [ 83.624343079261223, 27.916291207108511 ], [ 83.624421766632921, 27.916230519625078 ], [ 83.624903267219082, 27.915994894934517 ], [ 83.624999891990157, 27.915972583476336 ], [ 83.625443204372473, 27.91587227006811 ], [ 83.625716954204336, 27.915669958239675 ], [ 83.626292517329077, 27.915432333182181 ], [ 83.628244766492941, 27.914688520845537 ], [ 83.629023455312279, 27.914458208506638 ], [ 83.629450579988799, 27.914524770853621 ], [ 83.631173579398663, 27.914588019761215 ], [ 83.631524641094074, 27.914525833146719 ], [ 83.632027642462816, 27.914434644722931 ], [ 83.632371642366863, 27.914404020806739 ], [ 83.633229205091382, 27.914424331955107 ], [ 83.633741391331043, 27.914513707198093 ], [ 83.634255328669269, 27.914544332994229 ], [ 83.634533017175215, 27.91459027030351 ], [ 83.634901142065246, 27.914464896012529 ], [ 83.635229266201321, 27.914244644689234 ], [ 83.635537579301712, 27.913965645723348 ], [ 83.635628328516745, 27.913794394571671 ], [ 83.635763329743028, 27.913020833560012 ], [ 83.635429766656671, 27.912491957634806 ], [ 83.635350516875889, 27.912261582121637 ], [ 83.635015204282752, 27.911985457111442 ], [ 83.63459239161304, 27.911765457936355 ], [ 83.634154142105828, 27.911491270863777 ], [ 83.634099142749633, 27.911436957544108 ], [ 83.634028453481278, 27.911382645853415 ], [ 83.63398839157415, 27.911317083100094 ], [ 83.633727705021087, 27.910928269763058 ], [ 83.633505330226527, 27.910027394639435 ], [ 83.633593641403195, 27.90860164582508 ], [ 83.633815017174385, 27.907453707951703 ], [ 83.634000767344659, 27.906960082627588 ], [ 83.634296454250062, 27.906376457891419 ], [ 83.634505454992251, 27.905691083057793 ], [ 83.634588016113128, 27.905226457214962 ], [ 83.634518953565518, 27.904605770378168 ], [ 83.634401142508821, 27.904050394312822 ], [ 83.634295704012501, 27.903592082112951 ], [ 83.634488454562884, 27.902820894692603 ], [ 83.634532454295467, 27.901814707658474 ], [ 83.634577453539563, 27.901661395516427 ], [ 83.634834765923316, 27.90113408292472 ], [ 83.634951767237709, 27.900895208428725 ], [ 83.635130204309775, 27.900356395385295 ], [ 83.635371641386456, 27.899896770506292 ], [ 83.635613329250788, 27.899685269168444 ], [ 83.636152391896886, 27.899217394856535 ], [ 83.636345954299358, 27.899163707618808 ], [ 83.636603016628769, 27.899189207518411 ], [ 83.636756140996511, 27.89926183312885 ], [ 83.637117267021821, 27.899596707677983 ], [ 83.637537016542396, 27.89996789518516 ], [ 83.637665391297602, 27.900029145760612 ], [ 83.63787839102956, 27.900131270292306 ], [ 83.638112142035396, 27.900292020804041 ], [ 83.642302142308495, 27.901999770862538 ], [ 83.642548767284381, 27.902104207472327 ], [ 83.642725141159431, 27.902152082920484 ], [ 83.642989455116719, 27.902200144453605 ], [ 83.643056080135324, 27.902207082529884 ], [ 83.643327391152383, 27.902169395009206 ], [ 83.643750329737543, 27.902062207376748 ], [ 83.64389676651939, 27.901938458238508 ], [ 83.644029516662158, 27.90182376948103 ], [ 83.644018704308365, 27.901365707778499 ], [ 83.64428176754177, 27.900906082358791 ], [ 83.6443908921771, 27.900653644740935 ], [ 83.644425892164065, 27.900606333150765 ], [ 83.644583579667, 27.900351769683763 ], [ 83.644807955112142, 27.899989082798438 ], [ 83.64513432925871, 27.899608645087142 ], [ 83.645683266453602, 27.899115832022488 ], [ 83.645728766533992, 27.899075271070153 ], [ 83.645770266520941, 27.89901452061811 ], [ 83.645860705351652, 27.898922270564391 ], [ 83.646111455018143, 27.898663395476074 ], [ 83.646522579665273, 27.898364395077092 ], [ 83.646801705192615, 27.898351582299856 ], [ 83.647029954951506, 27.898525895190051 ], [ 83.647247266632931, 27.898702457745017 ], [ 83.647387391887776, 27.898863020674494 ], [ 83.647476954484858, 27.899240082317846 ], [ 83.647831142681596, 27.899667395532742 ], [ 83.647959017781972, 27.899780521055462 ], [ 83.648133141334995, 27.899934457790682 ], [ 83.648345578717212, 27.900329832922154 ], [ 83.649233891845128, 27.901103770078635 ], [ 83.649574954373406, 27.901285145766249 ], [ 83.650795266424666, 27.902005769950218 ], [ 83.651076704879145, 27.902157707630135 ], [ 83.651215016308072, 27.902198583099366 ], [ 83.651644016838148, 27.902208769415104 ], [ 83.652496954022467, 27.902136456900553 ], [ 83.652958641930866, 27.90210602016111 ], [ 83.653189830310112, 27.90209076958562 ], [ 83.653823080061571, 27.902139770749102 ], [ 83.653875454982071, 27.902144395185442 ], [ 83.654133453494353, 27.902093144470843 ], [ 83.654991641644216, 27.902075020565807 ], [ 83.656020453813071, 27.902138519670746 ], [ 83.656589767487986, 27.902216645308094 ], [ 83.65670564138594, 27.902232706943245 ], [ 83.657009266641793, 27.902296644994774 ], [ 83.657112517069535, 27.902391707546752 ], [ 83.657268828960355, 27.902538708341417 ], [ 83.65736139193929, 27.902687895308883 ], [ 83.657467890943266, 27.903044645523543 ], [ 83.657653078774871, 27.903349707161613 ], [ 83.658241703789272, 27.904635082842287 ], [ 83.658448266612112, 27.905278645220719 ], [ 83.658595516541681, 27.905515958203733 ], [ 83.659140017596528, 27.906503332260417 ], [ 83.659211766178643, 27.906738145461304 ], [ 83.659726579353858, 27.907495333335948 ], [ 83.660016954248562, 27.907845769823076 ], [ 83.660325391992785, 27.908311332460052 ], [ 83.661123392489714, 27.909396332706276 ], [ 83.661998266782064, 27.910585333451159 ], [ 83.662183828888601, 27.910856582072899 ], [ 83.662328016819828, 27.911069020052569 ], [ 83.662514267850526, 27.911301832156251 ], [ 83.662657330095485, 27.911640706906585 ], [ 83.663728891535953, 27.913107708041515 ], [ 83.66504795414879, 27.915042394986216 ], [ 83.665169205196946, 27.915259270668635 ], [ 83.665684142604874, 27.916016394660478 ], [ 83.666080079659423, 27.916425770650857 ], [ 83.666307392560796, 27.916665520192737 ], [ 83.666413391742253, 27.916778519622003 ], [ 83.666641828456648, 27.917049894820476 ], [ 83.666666767917093, 27.917088333324447 ], [ 83.666991016260639, 27.917592270103253 ], [ 83.667136266667455, 27.91776864511359 ], [ 83.667392642455127, 27.918556707884459 ], [ 83.667534641552777, 27.918845895845919 ], [ 83.667653642032619, 27.919193645969337 ], [ 83.667899392589817, 27.919600395190258 ], [ 83.66892232872857, 27.92059789584529 ], [ 83.669069704643931, 27.920695270254328 ], [ 83.669290391251366, 27.92101389514022 ], [ 83.66998720480521, 27.922017458495578 ], [ 83.670270455169387, 27.92223245759584 ], [ 83.670394392767747, 27.922406519934459 ], [ 83.67083145520327, 27.922874644347999 ], [ 83.671333766408196, 27.923327083346003 ], [ 83.672061766737059, 27.924114081884813 ], [ 83.672335204468652, 27.92432226982363 ], [ 83.67279820359262, 27.924639270212364 ], [ 83.673178328932252, 27.924859082863307 ], [ 83.673514828627873, 27.925094519772671 ], [ 83.674020705376861, 27.925411582480614 ], [ 83.674984580036806, 27.926237458359402 ], [ 83.675490454207448, 27.92655452108508 ], [ 83.675830205058745, 27.92667714516309 ], [ 83.676168517014929, 27.926856269917888 ], [ 83.676339203723344, 27.926915332180215 ], [ 83.676763328638074, 27.927060707764891 ], [ 83.677696203553936, 27.927311083556859 ], [ 83.678302642555522, 27.92724933194658 ], [ 83.679165641831972, 27.927079895044692 ], [ 83.679598203881369, 27.926956770915119 ], [ 83.680118641389456, 27.926759394744586 ], [ 83.680291517362093, 27.926723706833847 ], [ 83.680552266944062, 27.926597956912609 ], [ 83.681245954097975, 27.926346895660451 ], [ 83.681988517481528, 27.925886020097042 ], [ 83.68203307987406, 27.925829708304711 ], [ 83.68380145542811, 27.924249832191595 ], [ 83.68403789172821, 27.92396833196976 ], [ 83.684153703693596, 27.923666207749349 ], [ 83.684229328530677, 27.923129395486701 ], [ 83.684200829228942, 27.922750270613456 ], [ 83.683932140982165, 27.922539770339792 ], [ 83.683383204934643, 27.922082769675939 ], [ 83.682944329223986, 27.921671082620737 ], [ 83.682314766374361, 27.921159708500632 ], [ 83.681746204203932, 27.92078383307674 ], [ 83.681665391508417, 27.92060983353754 ], [ 83.681588204135849, 27.920302831919013 ], [ 83.681599141242188, 27.919921520425433 ], [ 83.681648329046041, 27.919693770315671 ], [ 83.681918392174765, 27.91924308359981 ], [ 83.681965828851574, 27.919089770636237 ], [ 83.68214326775994, 27.918884832210356 ], [ 83.68221164164855, 27.918733832853903 ], [ 83.682412891775968, 27.918452270229576 ], [ 83.68264207951762, 27.917922456938559 ], [ 83.68308270506941, 27.917201520359423 ], [ 83.68348801593703, 27.916836894383518 ], [ 83.683828203998246, 27.916688771100898 ], [ 83.683880330225506, 27.916668583353733 ], [ 83.684659828965806, 27.916368021066624 ], [ 83.685092703805296, 27.916224583388079 ], [ 83.68552376712114, 27.916157957994052 ], [ 83.686292454351474, 27.916290520496705 ], [ 83.686377141870921, 27.916331333440898 ], [ 83.686418266980581, 27.916390081933859 ], [ 83.686843892465049, 27.916668582170818 ], [ 83.686902829759561, 27.916707083497442 ], [ 83.687154017564978, 27.916922020425158 ], [ 83.687410767582691, 27.917283583249631 ], [ 83.688027266960063, 27.91791677061742 ], [ 83.688090328955681, 27.917955208571684 ], [ 83.689108579551913, 27.919656645775433 ], [ 83.689351266794802, 27.920408583433897 ], [ 83.689548642061183, 27.921787644893755 ], [ 83.689665892645706, 27.922191832202014 ], [ 83.689679392083022, 27.922478394796034 ], [ 83.68975870470652, 27.922708707143304 ], [ 83.689984828960732, 27.923058957485814 ], [ 83.690617204464743, 27.923455269558001 ], [ 83.691041642170603, 27.923616395686182 ], [ 83.691473204597898, 27.923723457551571 ], [ 83.692244953781895, 27.923549145367666 ], [ 83.692464392181037, 27.923382707232268 ], [ 83.693119017171981, 27.922632769885823 ], [ 83.693173829406035, 27.922560707919004 ], [ 83.693445016401412, 27.922437207574916 ], [ 83.693456455025881, 27.922432644470195 ], [ 83.693894516405962, 27.922275708595755 ], [ 83.694853891993986, 27.921569332369874 ], [ 83.695075641263955, 27.921305833150413 ], [ 83.695605205290818, 27.920785769441707 ], [ 83.696533955120017, 27.919666458531861 ], [ 83.697155891010198, 27.919045020966358 ], [ 83.697218391406537, 27.91894139582061 ], [ 83.697425766486361, 27.918594332796779 ], [ 83.697561016258589, 27.918369020320998 ], [ 83.697783454964167, 27.918087458039519 ], [ 83.698374641171114, 27.917662269933878 ], [ 83.699069267744463, 27.917372770745047 ], [ 83.700197391933756, 27.916817894771572 ], [ 83.700372642129224, 27.916793457690414 ], [ 83.700626767080706, 27.916913583564444 ], [ 83.700990017238297, 27.91724608301984 ], [ 83.701258453541158, 27.91732789485398 ], [ 83.701574141814945, 27.917545145905045 ], [ 83.702082455137145, 27.917787707036918 ], [ 83.702799953461252, 27.918204395413248 ], [ 83.703141017515975, 27.918288645500954 ], [ 83.703483204440133, 27.918316457100037 ], [ 83.704171579540443, 27.918254771081674 ], [ 83.70449389206901, 27.918244144819077 ], [ 83.704580704905922, 27.918208207334693 ], [ 83.70518076694816, 27.918220832380044 ], [ 83.705698642123153, 27.918120395519143 ], [ 83.706219703982072, 27.917902644610553 ], [ 83.706721579155968, 27.917590083093682 ], [ 83.707155830388814, 27.917408207885316 ], [ 83.707786017307726, 27.917118457212972 ], [ 83.708333266161617, 27.916927770713595 ], [ 83.708457642730721, 27.916885270220199 ], [ 83.709059017281675, 27.916861707795476 ], [ 83.709317954620161, 27.916810332432728 ], [ 83.709491516868781, 27.916738458370858 ], [ 83.709535454833002, 27.91670033341196 ], [ 83.709689579035341, 27.916666707919315 ], [ 83.710952141334275, 27.916389582675077 ], [ 83.711113079108401, 27.916279332499101 ], [ 83.711542454985633, 27.916271208438648 ], [ 83.711969329924287, 27.916357894369185 ], [ 83.712398330126916, 27.916347458132726 ], [ 83.71265407869349, 27.916411208216282 ], [ 83.713083454857284, 27.916400832004857 ], [ 83.713168766273682, 27.916423582432021 ], [ 83.713723203556597, 27.916666144435244 ], [ 83.713999454940179, 27.91678852099826 ], [ 83.714591205313468, 27.916952270426648 ], [ 83.715138642018928, 27.917327958326478 ], [ 83.715818141642671, 27.917573082776499 ], [ 83.715965204371329, 27.917690645427953 ], [ 83.716282891246877, 27.917860520144764 ], [ 83.717042953545302, 27.918268269884695 ], [ 83.717274017278669, 27.918446958298471 ], [ 83.71841451725615, 27.919083332294171 ], [ 83.718937516354728, 27.919571833547678 ], [ 83.719022203740337, 27.919612583164817 ], [ 83.719357079486514, 27.919906582043073 ], [ 83.720296641583218, 27.920061957126155 ], [ 83.720469453865519, 27.920028457721909 ], [ 83.720983205012473, 27.920058832990254 ], [ 83.721156017088433, 27.920025331820614 ], [ 83.722036517317903, 27.91918545741855 ], [ 83.722501328759492, 27.918701269797086 ], [ 83.723433016385627, 27.916832646093514 ], [ 83.723522954558916, 27.916668082144625 ], [ 83.723585829171384, 27.916553145668239 ], [ 83.723836266555267, 27.916212958281719 ], [ 83.723949892858144, 27.915985270146969 ], [ 83.724418642645958, 27.915329582611168 ], [ 83.724652141354525, 27.914646395649523 ], [ 83.724972517010329, 27.91389114503535 ], [ 83.725178641809862, 27.913643332978005 ], [ 83.725310328496619, 27.913544332948202 ], [ 83.725517704691626, 27.913389083140153 ], [ 83.725879766368379, 27.913114520251639 ], [ 83.725960829626715, 27.91307401974073 ], [ 83.726421204570983, 27.912840270243272 ], [ 83.726545642065602, 27.912739020801407 ], [ 83.726948767260737, 27.912410395165843 ], [ 83.727160016564213, 27.912203207750611 ], [ 83.727275204232441, 27.912142520757396 ], [ 83.727563016616401, 27.911955832261548 ], [ 83.728950641410279, 27.911157519652079 ], [ 83.729174453731289, 27.91093458259542 ], [ 83.729393267823781, 27.910786083264099 ], [ 83.729999267691156, 27.910590957900087 ], [ 83.730257079335004, 27.910577957035084 ], [ 83.730861392564847, 27.910439206997378 ], [ 83.731500830040261, 27.910183270369558 ], [ 83.731953455076166, 27.909739644543368 ], [ 83.732106767476594, 27.909627082117609 ], [ 83.732280328739094, 27.909555208015735 ], [ 83.733405141862491, 27.909218956846328 ], [ 83.733991953991662, 27.908947083174027 ], [ 83.735287516255283, 27.908633644889164 ], [ 83.735634892729436, 27.908487645136148 ], [ 83.735950517084618, 27.908222020695106 ], [ 83.736096266857885, 27.908098207916858 ], [ 83.736272892153167, 27.907911269962497 ], [ 83.736474329060869, 27.907611644958731 ], [ 83.736545017557702, 27.907383769994297 ], [ 83.736583329465134, 27.906772394316345 ], [ 83.736660329507188, 27.90631677026904 ], [ 83.736841829616267, 27.905703332154353 ], [ 83.736898079093194, 27.90516195820959 ], [ 83.736916579584005, 27.904985957748082 ], [ 83.736938392685389, 27.904776144932995 ], [ 83.737033079843215, 27.904469457533814 ], [ 83.737167141762299, 27.904318582531239 ], [ 83.737474517201903, 27.904131832623275 ], [ 83.737581016406764, 27.904100457818878 ], [ 83.737938454286095, 27.903997332592446 ], [ 83.738083016953325, 27.903954770418217 ], [ 83.738588330051158, 27.903637583355824 ], [ 83.739179579523295, 27.903325082475963 ], [ 83.7394342052566, 27.903199208429221 ], [ 83.739486017588192, 27.903176708242409 ], [ 83.739931579366825, 27.902990269884928 ], [ 83.740467391816324, 27.902655082316684 ], [ 83.741509891887361, 27.901914645946285 ], [ 83.741859766350402, 27.901651332686285 ], [ 83.742122955056232, 27.901505208213678 ], [ 83.742277892584454, 27.901372333418532 ], [ 83.742556267234107, 27.901257770833681 ], [ 83.743834079480706, 27.900504269969229 ], [ 83.744797204946124, 27.900005144536109 ], [ 83.745059080039653, 27.899895082530112 ], [ 83.745232517369388, 27.899861519535179 ], [ 83.746442829702417, 27.899696833004892 ], [ 83.747049516331444, 27.899578332229193 ], [ 83.747823517203329, 27.899595519953291 ], [ 83.748337704003092, 27.899666458262679 ], [ 83.74859264144871, 27.89976845726828 ], [ 83.748740141533304, 27.899868019849567 ], [ 83.749156266070457, 27.900301956951544 ], [ 83.749278329598269, 27.900518833597769 ], [ 83.749557078946353, 27.90121876938468 ], [ 83.749522141270845, 27.901624894984476 ], [ 83.749475516792899, 27.901737582576601 ], [ 83.749345954617041, 27.901902082989938 ], [ 83.749173017137437, 27.902140957832973 ], [ 83.74908614237016, 27.902359645589545 ], [ 83.749039955151957, 27.902413707515951 ], [ 83.748889705432646, 27.902591708115629 ], [ 83.748705203558174, 27.902735769634521 ], [ 83.748498454069505, 27.902897895536292 ], [ 83.748408454295003, 27.902967644902766 ], [ 83.748329017232535, 27.902992332735032 ], [ 83.748012266223157, 27.903233206977315 ], [ 83.746880829097606, 27.90345445791959 ], [ 83.746428453915811, 27.903548457661678 ], [ 83.746357641547235, 27.903564082333986 ], [ 83.746098329336235, 27.903662833411175 ], [ 83.745912142423919, 27.903709957378108 ], [ 83.745382579707169, 27.903839832263213 ], [ 83.744923267046232, 27.904060083289963 ], [ 83.744745705373788, 27.904229019443388 ], [ 83.744575329584265, 27.904458833283403 ], [ 83.744596579483499, 27.904842457928794 ], [ 83.744794516913672, 27.905368581889778 ], [ 83.744810579697585, 27.905542333320074 ], [ 83.744988454297314, 27.906068394536238 ], [ 83.745258017028178, 27.906457019922556 ], [ 83.745715891607304, 27.906983583016498 ], [ 83.746195204394439, 27.907451519899805 ], [ 83.746789141908977, 27.907766269630088 ], [ 83.746962267819299, 27.907750769487134 ], [ 83.749999954817127, 27.907302833118731 ], [ 83.752759705264609, 27.906894895643035 ], [ 83.753241267446256, 27.906656582066649 ], [ 83.754019267929962, 27.906021645520468 ], [ 83.754422329480747, 27.905690645165084 ], [ 83.75457539164492, 27.905544270890616 ], [ 83.755483828914905, 27.90468170838048 ], [ 83.755720892390329, 27.904433895748028 ], [ 83.756043454283855, 27.904147895375278 ], [ 83.756624267506893, 27.903688644956166 ], [ 83.757140079518479, 27.90345939453648 ], [ 83.758557330387291, 27.903039956818191 ], [ 83.759158641228979, 27.902923707552276 ], [ 83.759630141330391, 27.903057644828191 ], [ 83.759773016266593, 27.903206769377483 ], [ 83.759913454389547, 27.903292769395712 ], [ 83.760056141119264, 27.903378769575433 ], [ 83.760252328578986, 27.903825894332581 ], [ 83.760291578498908, 27.904168832134925 ], [ 83.760261016473947, 27.904478019315956 ], [ 83.760195641432659, 27.904613269748111 ], [ 83.760092329322916, 27.904827457381298 ], [ 83.759669453862443, 27.905379519617068 ], [ 83.759250828599406, 27.905728519591289 ], [ 83.758882766718372, 27.906206269412451 ], [ 83.758808141572473, 27.906352769535808 ], [ 83.758344016022747, 27.907306394460718 ], [ 83.758264016508846, 27.907739519645887 ], [ 83.758181954432899, 27.908815644679123 ], [ 83.758186579217735, 27.908881082511158 ], [ 83.758211766671963, 27.908951081827254 ], [ 83.758228203597255, 27.909005270196385 ], [ 83.758272203724772, 27.909054894868728 ], [ 83.758521454112497, 27.909188519894709 ], [ 83.759067328772829, 27.909137582182094 ], [ 83.759279307124302, 27.909141609795054 ], [ 83.759462079538537, 27.909145082479341 ], [ 83.759719208967141, 27.909298953445603 ], [ 83.759853268340123, 27.909322699562694 ], [ 83.760040704163004, 27.909355894378255 ], [ 83.760519754970346, 27.909408646243023 ], [ 83.760615954415684, 27.909420082678146 ], [ 83.760998404440514, 27.909470396012118 ], [ 83.761249318823857, 27.909446017973831 ], [ 83.761824454049602, 27.909519209421227 ], [ 83.761824483506942, 27.909519213082348 ], [ 83.762384754613507, 27.909590139070932 ], [ 83.763059132428666, 27.909886886605431 ], [ 83.763301279992547, 27.909890440941982 ], [ 83.763579835565807, 27.909894530261635 ], [ 83.76431769493874, 27.909776210395854 ], [ 83.764632077287189, 27.90960752253892 ], [ 83.765921579111122, 27.908842519464535 ], [ 83.766147407777638, 27.9087204488964 ], [ 83.766724579022252, 27.908408457577799 ], [ 83.767060529670417, 27.908048883384069 ], [ 83.767244516928059, 27.907851957340537 ], [ 83.7674260163176, 27.907610832383014 ], [ 83.768093203868304, 27.907108831614231 ], [ 83.768093238464985, 27.907108807303484 ], [ 83.768577156935422, 27.90678695860159 ], [ 83.768619538307789, 27.906778812913696 ], [ 83.768740129406808, 27.906755640986532 ], [ 83.768817896704917, 27.906717883145923 ], [ 83.768957766269679, 27.906649956821838 ], [ 83.768957831310104, 27.906649949710459 ], [ 83.769536641833611, 27.906526769857681 ], [ 83.769618829239775, 27.906511145071622 ], [ 83.769931396704678, 27.906455273856267 ], [ 83.7707769538316, 27.906413832333769 ], [ 83.770932212314776, 27.906436639911892 ], [ 83.771423262237278, 27.906353962675055 ], [ 83.772158266155614, 27.905912957055467 ], [ 83.772422641878833, 27.905802831877413 ], [ 83.77248239150947, 27.90577808411205 ], [ 83.772612391189099, 27.905724207681139 ], [ 83.773011504850857, 27.905557831684764 ], [ 83.773393201820312, 27.90537344699927 ], [ 83.774155020814248, 27.905002389283933 ], [ 83.775078264712008, 27.904554890864244 ], [ 83.775078293197268, 27.904554872859634 ], [ 83.776073641394973, 27.90380514484696 ], [ 83.777115073680037, 27.903143450660721 ], [ 83.77711509708837, 27.90314343084237 ], [ 83.777987266708664, 27.902350645194158 ], [ 83.778465391830593, 27.901915894700551 ], [ 83.778953631710422, 27.901469893033259 ], [ 83.780558181027942, 27.899759857311754 ], [ 83.780558202415776, 27.899759831171707 ], [ 83.781089759066688, 27.899079271349738 ], [ 83.781223446962386, 27.898908009773454 ], [ 83.781427021802699, 27.898709764182563 ], [ 83.78151739879587, 27.898603842734989 ], [ 83.78197151225298, 27.898067579944275 ], [ 83.781971533640132, 27.898067553803994 ], [ 83.782133828727197, 27.897876017317561 ], [ 83.782803072359286, 27.897087333491736 ], [ 83.782940954340006, 27.896861894547861 ], [ 83.782978210987167, 27.896816838048295 ], [ 83.783201061032074, 27.896500302220186 ], [ 83.783466941990682, 27.896122644825216 ], [ 83.78354856474688, 27.895937553163726 ], [ 83.783618086892304, 27.895779902723913 ], [ 83.783746349205899, 27.895574211992617 ], [ 83.783941391518766, 27.895261457199371 ], [ 83.784006895904241, 27.895146196020868 ], [ 83.784049029703581, 27.895072080937226 ], [ 83.784303809245387, 27.894632523366706 ], [ 83.784614818097367, 27.89409595253133 ], [ 83.784721872463066, 27.893910879082025 ], [ 83.784878203581968, 27.893640581840177 ], [ 83.78506189504931, 27.89329932746281 ], [ 83.785193704404037, 27.893054457229173 ], [ 83.785343454937944, 27.892777088462335 ], [ 83.785400668388178, 27.892696493492899 ], [ 83.78553542667261, 27.892506626589537 ], [ 83.785572449842334, 27.892409653026391 ], [ 83.785656139955591, 27.892310514581972 ], [ 83.785816647114515, 27.892046765321631 ], [ 83.785984828859455, 27.891769394656343 ], [ 83.786040333498946, 27.891649070717218 ], [ 83.786084641016132, 27.891553019889329 ], [ 83.786159361056974, 27.891392235210237 ], [ 83.786222964836355, 27.891255396131989 ], [ 83.786299834331132, 27.891066021700656 ], [ 83.786299852701916, 27.891065978406399 ], [ 83.786904272663293, 27.889780770367917 ], [ 83.787381578557216, 27.889045894404511 ], [ 83.787459535624137, 27.888946952644268 ], [ 83.787587516279729, 27.888784519914743 ], [ 83.789077266553207, 27.886882394885134 ], [ 83.78937632334781, 27.88650151881378 ], [ 83.789865766718719, 27.886023894784664 ], [ 83.789933464481052, 27.885972895133182 ], [ 83.790039079209109, 27.885893332188999 ], [ 83.790137323003606, 27.885803201628896 ], [ 83.790338615423167, 27.88561847903668 ], [ 83.790338639848088, 27.885618455607325 ], [ 83.790646208832499, 27.885291769263375 ], [ 83.790771704386671, 27.885206206845435 ], [ 83.791244635172006, 27.884778213263694 ], [ 83.791667016551173, 27.884503519628208 ], [ 83.792112134545505, 27.884215636488697 ], [ 83.792276011546861, 27.884109635256792 ], [ 83.792856155164372, 27.88383429642397 ], [ 83.793242841057264, 27.883650769414338 ], [ 83.794080153712642, 27.88336320926436 ], [ 83.79446665195978, 27.883269020036757 ], [ 83.794484905076004, 27.883266788141103 ], [ 83.795561134395228, 27.88313526523584 ], [ 83.79597795903338, 27.883113323182371 ], [ 83.796333825200847, 27.883109330174623 ], [ 83.796913072532973, 27.882981575418874 ], [ 83.797350658992229, 27.882944513959774 ], [ 83.797751204299843, 27.882910581912107 ], [ 83.797899839418704, 27.882878721122299 ], [ 83.798075144727619, 27.882841132786297 ], [ 83.798716204094191, 27.88260070703814 ], [ 83.79884477630138, 27.882580512190358 ], [ 83.799038266196831, 27.882504082281759 ], [ 83.799360451471031, 27.882312765034911 ], [ 83.799446209441456, 27.882294823283043 ], [ 83.799747208893393, 27.882083149592408 ], [ 83.800026704008886, 27.881815019702756 ], [ 83.80069414334983, 27.881030779953079 ], [ 83.801124681284122, 27.880458289460844 ], [ 83.801124698593512, 27.880458266921828 ], [ 83.80157682926145, 27.879883582188796 ], [ 83.801834643106687, 27.879653772451984 ], [ 83.802080017835465, 27.879478136709878 ], [ 83.802264692112388, 27.879347524291923 ], [ 83.80256583556006, 27.879041083048481 ], [ 83.803281019324331, 27.877977084612294 ], [ 83.803836141349294, 27.877300956931403 ], [ 83.804266516133154, 27.876784832534593 ], [ 83.804690639842363, 27.876401893083077 ], [ 83.804690665282735, 27.876401866944878 ], [ 83.805113455747389, 27.875860959228426 ], [ 83.805113481195619, 27.875860928577367 ], [ 83.805383144091337, 27.875581518671765 ], [ 83.805621578835925, 27.875541207275536 ], [ 83.805982141891349, 27.875031707505286 ], [ 83.806001561770074, 27.875000237301254 ], [ 83.806001580104549, 27.87500020844514 ], [ 83.806181397935447, 27.874718450218605 ], [ 83.806654391839629, 27.874353582004641 ], [ 83.806847453877566, 27.874297456992146 ], [ 83.807213767519457, 27.874103893032583 ], [ 83.8074610145907, 27.873935012995421 ], [ 83.807960578891738, 27.873594957103222 ], [ 83.808127143072014, 27.873459832941592 ], [ 83.808411824715577, 27.873302276221061 ], [ 83.809276266846283, 27.873041707623077 ], [ 83.809658829473662, 27.87300614456575 ], [ 83.810862828730038, 27.873330457110463 ], [ 83.812397387092886, 27.873574017618115 ], [ 83.81259126634653, 27.873603581915493 ], [ 83.812736029053426, 27.87358576526125 ], [ 83.812851881155154, 27.87359945550196 ], [ 83.813499896820773, 27.873670275398879 ], [ 83.813766822217175, 27.873686446240733 ], [ 83.814140703633143, 27.873707269934734 ], [ 83.814490204717387, 27.873644185827885 ], [ 83.814786141563175, 27.873590769337177 ], [ 83.815172141296813, 27.873591270026502 ], [ 83.816565959421794, 27.873744336792484 ], [ 83.816930654105491, 27.87374482949518 ], [ 83.817788382857515, 27.873897143287234 ], [ 83.818109766782641, 27.873974332059063 ], [ 83.818238516419271, 27.874048957589913 ], [ 83.81843271100405, 27.874107139691397 ], [ 83.818495509940078, 27.874125963109993 ], [ 83.819052757072129, 27.874395206969421 ], [ 83.819402236212809, 27.874684300135439 ], [ 83.819784962137945, 27.875000890830584 ], [ 83.819921899401223, 27.875113890601472 ], [ 83.819959247034433, 27.87513518923469 ], [ 83.819993262171081, 27.87515458813224 ], [ 83.822114195842701, 27.877269413268031 ], [ 83.822166203784406, 27.877321270124174 ], [ 83.822353289815297, 27.877408813148374 ], [ 83.822693392013591, 27.877567956947765 ], [ 83.822840714403199, 27.877570503772766 ], [ 83.82297176695937, 27.877572769618286 ], [ 83.8230892194251, 27.877548906840303 ], [ 83.823247391470915, 27.877516770045588 ], [ 83.823818841269045, 27.877244451700211 ], [ 83.823882704772458, 27.877199625510777 ], [ 83.824184641677462, 27.876987707056443 ], [ 83.824344327987319, 27.876940517132347 ], [ 83.824344359497189, 27.876940503634074 ], [ 83.824537828680377, 27.876825644667008 ], [ 83.825246453190431, 27.876537767713135 ], [ 83.825246479621399, 27.876537754208218 ], [ 83.825555647584096, 27.876335076873364 ], [ 83.825723646258155, 27.876283390277688 ], [ 83.827351453587355, 27.875224894493332 ], [ 83.827419409568023, 27.875148215907412 ], [ 83.827509204035479, 27.875046894926001 ], [ 83.827574644076549, 27.874999573396448 ], [ 83.827802156262635, 27.874837391410242 ], [ 83.828714953537073, 27.874080393736129 ], [ 83.828714977942667, 27.874080375715252 ], [ 83.829515328608665, 27.873573644700901 ], [ 83.829987144801379, 27.873276403846415 ], [ 83.830055453652221, 27.873235888157971 ], [ 83.832067454104646, 27.872229770147992 ], [ 83.832185670929491, 27.87216493779475 ], [ 83.832293336736853, 27.872105901390359 ], [ 83.832813696633607, 27.871823097498165 ], [ 83.83333307998852, 27.871540821148375 ], [ 83.833501765530727, 27.871448510601393 ], [ 83.835002954145097, 27.870922331883804 ], [ 83.835179118517487, 27.87086918762639 ], [ 83.835301079149147, 27.870832395108366 ], [ 83.835566003473858, 27.870751475306999 ], [ 83.835786641358922, 27.870684073180851 ], [ 83.835834586596093, 27.870662014805063 ], [ 83.835918766180953, 27.870623269653077 ], [ 83.836360209447008, 27.870454587386927 ], [ 83.836390005530845, 27.870435687907673 ], [ 83.836505703616396, 27.870362332267387 ], [ 83.837092771582078, 27.870031263525561 ], [ 83.837190272492563, 27.869990763402175 ], [ 83.837692404253403, 27.869770214197306 ], [ 83.83786639169152, 27.869691970922915 ], [ 83.83799764208581, 27.869632947820691 ], [ 83.83824057124167, 27.86955876622585 ], [ 83.838638894284017, 27.869436000701249 ], [ 83.839662828653886, 27.869120394890334 ], [ 83.840024456592261, 27.869048642381969 ], [ 83.840197516925215, 27.869012644870899 ], [ 83.841079485428963, 27.868640960202498 ], [ 83.841398641696713, 27.868506456907625 ], [ 83.84302589166569, 27.868095394737516 ], [ 83.843630251128445, 27.868048483716208 ], [ 83.844172453794101, 27.868006394429983 ], [ 83.84557245251608, 27.868235891896017 ], [ 83.846603217543844, 27.868320521789794 ], [ 83.846796302280438, 27.868309212480582 ], [ 83.847245697916364, 27.868282887670368 ], [ 83.847366186570454, 27.868290631451956 ], [ 83.847566891365943, 27.868303519950125 ], [ 83.848465989302696, 27.8688009420407 ], [ 83.848466016704393, 27.868800957414358 ], [ 83.848701276454165, 27.869182527141135 ], [ 83.84887246045524, 27.869794206490965 ], [ 83.849086508187128, 27.870175771226357 ], [ 83.849171766119639, 27.870482707354384 ], [ 83.849171772173733, 27.87048273624297 ], [ 83.849236006346644, 27.870864142220196 ], [ 83.849193456558709, 27.87132665020517 ], [ 83.849246586196088, 27.87169226000119 ], [ 83.849283227026717, 27.871751286929339 ], [ 83.849385329116345, 27.87191570701134 ], [ 83.849428323916769, 27.872028649007934 ], [ 83.849513817430477, 27.872412333484121 ], [ 83.849492129508732, 27.872947080833921 ], [ 83.849427694869163, 27.873174899926873 ], [ 83.849427582526474, 27.87324953978974 ], [ 83.849427464436644, 27.873328335938641 ], [ 83.849320266841517, 27.873709582436025 ], [ 83.84921332869591, 27.873939586990499 ], [ 83.848754084167254, 27.87458894594517 ], [ 83.848684006564127, 27.875001773459132 ], [ 83.848645352801242, 27.875228488584419 ], [ 83.848634394121333, 27.875292770466089 ], [ 83.848634385960395, 27.875292795728821 ], [ 83.848527091276438, 27.875522832693711 ], [ 83.847948895844908, 27.876113385332911 ], [ 83.847734641979827, 27.876399707390327 ], [ 83.847576270735374, 27.876525968526938 ], [ 83.847480338456734, 27.87660249526175 ], [ 83.847362926544278, 27.876696109799759 ], [ 83.847268391164789, 27.876771519658124 ], [ 83.846960767720603, 27.877206033123759 ], [ 83.846918836639787, 27.877265262236584 ], [ 83.846816468871737, 27.877386991504846 ], [ 83.846816448522489, 27.877387015851362 ], [ 83.846230453853039, 27.878081394673021 ], [ 83.845984830955757, 27.878498461701117 ], [ 83.845717977853823, 27.87932401043042 ], [ 83.845787641725593, 27.880116083869183 ], [ 83.845911709821593, 27.880359892089732 ], [ 83.845911724007976, 27.880359916474692 ], [ 83.845935817000893, 27.88040817439305 ], [ 83.845939898008993, 27.880416344412293 ], [ 83.846175006282209, 27.880730263604352 ], [ 83.847262467020357, 27.881433206412375 ], [ 83.848012574996375, 27.881661945144451 ], [ 83.849215891797513, 27.881726457160759 ], [ 83.849339338396859, 27.881733335120835 ], [ 83.849978641540304, 27.881765644313315 ], [ 83.850222392009059, 27.881779457620691 ], [ 83.850809453771305, 27.881703394509341 ], [ 83.851214954220794, 27.881604519469207 ], [ 83.851787137895798, 27.881465214518933 ], [ 83.851964953766014, 27.881422530324208 ], [ 83.852070354990602, 27.881398571263219 ], [ 83.852162456425503, 27.88137763497712 ], [ 83.852614946659855, 27.881276576856724 ], [ 83.852743589861959, 27.881202260319032 ], [ 83.852905999079937, 27.881147882936865 ], [ 83.853086268617531, 27.881087527783912 ], [ 83.853383143302636, 27.880792267083898 ], [ 83.85345052378112, 27.880724644901072 ], [ 83.853750756450935, 27.879829172722179 ], [ 83.853750767660785, 27.879829145657272 ], [ 83.853768306495851, 27.87979776599343 ], [ 83.853879316651856, 27.879599149839095 ], [ 83.853891464659085, 27.879550406407546 ], [ 83.853922017072279, 27.879427706829446 ], [ 83.853922208022766, 27.879084769328742 ], [ 83.853922206027562, 27.879084742249816 ], [ 83.853908319426949, 27.878991680792492 ], [ 83.853879454141563, 27.878798144887501 ], [ 83.853829321727218, 27.878663040751309 ], [ 83.853794023785582, 27.878567892424449 ], [ 83.853644391320429, 27.877938206848235 ], [ 83.853451703785623, 27.877477707209366 ], [ 83.853151980836103, 27.877077985489354 ], [ 83.853151954464465, 27.877077957481891 ], [ 83.852980956565688, 27.876561083733748 ], [ 83.852981403331739, 27.875987958206171 ], [ 83.852938339191894, 27.875911201853327 ], [ 83.852930396153027, 27.875687832174496 ], [ 83.852930395176287, 27.875687803291509 ], [ 83.852927957436407, 27.875613335822536 ], [ 83.853192768745913, 27.875078842599624 ], [ 83.853213380866237, 27.875048745183431 ], [ 83.853245257218859, 27.875002199749559 ], [ 83.853353188378449, 27.874843111856443 ], [ 83.853656766749722, 27.874395581821666 ], [ 83.853762325953497, 27.874285700500423 ], [ 83.853801766673911, 27.874244645107307 ], [ 83.854352699598337, 27.874062452222905 ], [ 83.854921719387164, 27.873912437111024 ], [ 83.856151454516763, 27.873588207574077 ], [ 83.856488816053925, 27.873466401004155 ], [ 83.856836766605724, 27.873340769614945 ], [ 83.857286641236215, 27.873264519979546 ], [ 83.857929072971643, 27.873265148959675 ], [ 83.858443021575667, 27.873209271871062 ], [ 83.859085453953313, 27.873209956838583 ], [ 83.859234181078222, 27.873244070289591 ], [ 83.859342141576349, 27.873268832091057 ], [ 83.85951351959838, 27.87330739359755 ], [ 83.859819899544107, 27.873242270562685 ], [ 83.860444703772259, 27.87336476982054 ], [ 83.86096205168829, 27.873511355626054 ], [ 83.861579391636155, 27.873686269291305 ], [ 83.862046015898372, 27.873905642213074 ], [ 83.862452266733655, 27.874183645098793 ], [ 83.862723637633508, 27.874693771339171 ], [ 83.862723649786915, 27.874693799330664 ], [ 83.862837523052917, 27.875000777067275 ], [ 83.863281391260912, 27.876197144466264 ], [ 83.863318101017924, 27.876553241110571 ], [ 83.863350028334622, 27.876862828544191 ], [ 83.863312005773906, 27.876988374071956 ], [ 83.863255078794225, 27.877176395051507 ], [ 83.862204030216063, 27.87921736870473 ], [ 83.862204021039901, 27.879217395772383 ], [ 83.862127767242626, 27.879781393642283 ], [ 83.862193266573414, 27.880433582429333 ], [ 83.862333835767032, 27.880986517535803 ], [ 83.862638817452023, 27.881559949214108 ], [ 83.863183092011084, 27.882147147196353 ], [ 83.864244085244408, 27.882816087616263 ], [ 83.864268519201318, 27.882825144491441 ], [ 83.865335516805246, 27.883017957622492 ], [ 83.865806639480297, 27.883207962665086 ], [ 83.86580667400203, 27.883207975334539 ], [ 83.86617057862361, 27.883343707604048 ], [ 83.866170608073062, 27.883343714853112 ], [ 83.867241391971405, 27.883536519625281 ], [ 83.867541271732961, 27.883631593982017 ], [ 83.868247766208484, 27.883765394862618 ], [ 83.868504833709963, 27.883785959594029 ], [ 83.869532760693929, 27.884017087065661 ], [ 83.870560829692209, 27.884112831134985 ], [ 83.871203141120446, 27.884266894898552 ], [ 83.871524342846968, 27.88430552357908 ], [ 83.872166642008352, 27.884479957233616 ], [ 83.872552090400021, 27.884690074410099 ], [ 83.872873527260154, 27.884805448450265 ], [ 83.873354451712473, 27.88509019831486 ], [ 83.874072417008165, 27.88516982449741 ], [ 83.87407245560523, 27.885169828142892 ], [ 83.87453171332686, 27.885208589380564 ], [ 83.874696082049439, 27.885267404350323 ], [ 83.874923951751001, 27.885319519277548 ], [ 83.874999797800513, 27.885337637454011 ], [ 83.874999829282743, 27.885337644703039 ], [ 83.875368576224673, 27.885421458089535 ], [ 83.87568867435408, 27.885595494361006 ], [ 83.875688707852618, 27.885595515150086 ], [ 83.876040766375951, 27.885814707408787 ], [ 83.876212401000359, 27.885920888931679 ], [ 83.876365649795687, 27.885990963995727 ], [ 83.876811953725479, 27.886302706916322 ], [ 83.876938804690596, 27.886417938995461 ], [ 83.876938823966952, 27.886417960674102 ], [ 83.877255454392852, 27.886824394834189 ], [ 83.877330760085968, 27.886878878990245 ], [ 83.877467704544699, 27.886977957418544 ], [ 83.877776195333084, 27.887307709773282 ], [ 83.878718392061671, 27.887859091505149 ], [ 83.878910704151991, 27.887935957357961 ], [ 83.879209578890354, 27.888071641389672 ], [ 83.879485328767032, 27.888162144988637 ], [ 83.879615141509106, 27.888175769718369 ], [ 83.879876579122936, 27.888054144979858 ], [ 83.880134704094189, 27.888000207033244 ], [ 83.880391766104751, 27.888002769721719 ], [ 83.881037454354853, 27.887816020160464 ], [ 83.881529266714338, 27.887723895174645 ], [ 83.881795141213246, 27.887559394493803 ], [ 83.882275954105779, 27.887395082407146 ], [ 83.882332828969297, 27.887334207270015 ], [ 83.882460266322937, 27.887198957272609 ], [ 83.882637579597485, 27.8867410826618 ], [ 83.88268632860995, 27.88628308221163 ], [ 83.882521204420982, 27.885763956989159 ], [ 83.882508642021875, 27.885075707235817 ], [ 83.882386703844091, 27.884556644735429 ], [ 83.882347953815938, 27.88421139503933 ], [ 83.882353141906307, 27.883809770088558 ], [ 83.882313079347611, 27.883579582126377 ], [ 83.88234407941907, 27.882832769683791 ], [ 83.882389704518133, 27.882604894956284 ], [ 83.882478203996087, 27.882395081789191 ], [ 83.882607829106675, 27.882318581974012 ], [ 83.882865953938648, 27.882244269851398 ], [ 83.883059954410641, 27.882151894989438 ], [ 83.883574891598343, 27.882118519916538 ], [ 83.883896454070097, 27.882139082416405 ], [ 83.88413539130363, 27.882200269411157 ], [ 83.884215079163098, 27.882195769392155 ], [ 83.884836016168663, 27.882157894472183 ], [ 83.885540704525013, 27.882196831926155 ], [ 83.88605320404406, 27.882276270153493 ], [ 83.886309391852535, 27.882353207390459 ], [ 83.88684932876582, 27.882649207597037 ], [ 83.886971141136044, 27.882717019396676 ], [ 83.887697641280951, 27.883126019823056 ], [ 83.889126579008462, 27.883928207636881 ], [ 83.890150829365965, 27.884714207105205 ], [ 83.890588203951211, 27.885075582586659 ], [ 83.890662141289198, 27.885136582106441 ], [ 83.890796016311057, 27.885197644415339 ], [ 83.891210891853433, 27.885216019980575 ], [ 83.891530766629586, 27.885351644300119 ], [ 83.891785454203344, 27.885545894875833 ], [ 83.892041516611229, 27.88564539438277 ], [ 83.892490266354201, 27.885763020088405 ], [ 83.892810828715739, 27.88584220758986 ], [ 83.893260954311941, 27.885847144510233 ], [ 83.893453328848366, 27.885887894976143 ], [ 83.893839704334411, 27.885852082484053 ], [ 83.894444641520934, 27.885929269972578 ], [ 83.894549766423154, 27.885859394777956 ], [ 83.894740641498316, 27.885803081878983 ], [ 83.895194204105806, 27.885539519685029 ], [ 83.895755766429517, 27.885215020091781 ], [ 83.895903766923723, 27.885158707448792 ], [ 83.896027266161113, 27.885111394555061 ], [ 83.896201954028925, 27.885016769974882 ], [ 83.896629454516898, 27.884807269324899 ], [ 83.897007078757767, 27.884620269733816 ], [ 83.89724207903204, 27.884505332516628 ], [ 83.898396079552242, 27.884068457629883 ], [ 83.898973141261706, 27.883743957153918 ], [ 83.899592828644813, 27.883383394596688 ], [ 83.899886579414797, 27.883232394990792 ], [ 83.900298203988356, 27.883022957100572 ], [ 83.901387579560804, 27.882662644914284 ], [ 83.902028704511196, 27.88249158199978 ], [ 83.90318251635037, 27.88224645728247 ], [ 83.904464079477933, 27.882096207430735 ], [ 83.904912767059045, 27.881983707393644 ], [ 83.905617579034868, 27.881851019669238 ], [ 83.906258579623071, 27.881700269854353 ], [ 83.907220016839091, 27.881434707052271 ], [ 83.908010266337484, 27.881227644770579 ], [ 83.908309391720564, 27.881151082085367 ], [ 83.90895039200494, 27.881038707455122 ], [ 83.909591079558311, 27.880887894974869 ], [ 83.910103891954151, 27.880716894364355 ], [ 83.910873204087991, 27.88045101998156 ], [ 83.912200079499442, 27.880068332345761 ], [ 83.91349614157987, 27.879274894830058 ], [ 83.914015453945709, 27.878878081781455 ], [ 83.914209454330873, 27.878783457128744 ], [ 83.914728391466639, 27.87842495756821 ], [ 83.915095203733799, 27.878237831991921 ], [ 83.915398204290582, 27.878030519320983 ], [ 83.915679578853101, 27.8778027695916 ], [ 83.915853703953488, 27.877575019765565 ], [ 83.915879391941317, 27.877229769514532 ], [ 83.915767579465069, 27.876927456830028 ], [ 83.915437391742529, 27.876557144889262 ], [ 83.915161141289587, 27.876306457475078 ], [ 83.91440139158334, 27.875380894635342 ], [ 83.914082141688141, 27.875168582338841 ], [ 83.913903517134557, 27.874999269467185 ], [ 83.91357339125841, 27.874685394730427 ], [ 83.913488079397084, 27.874664956879535 ], [ 83.913126704295706, 27.874414331953343 ], [ 83.912596391540575, 27.873949207239733 ], [ 83.912386204273986, 27.873603832157315 ], [ 83.912366017082988, 27.873488769743719 ], [ 83.912409516790603, 27.87343233219039 ], [ 83.912478016698799, 27.87308714476605 ], [ 83.912696016953248, 27.872803082358146 ], [ 83.912806703671151, 27.872516519384739 ], [ 83.913109704037709, 27.872291081784574 ], [ 83.913626579283928, 27.87208376929145 ], [ 83.913885703654174, 27.871932769289444 ], [ 83.914208953711224, 27.871802082053907 ], [ 83.914598954645427, 27.871461582435217 ], [ 83.915182016952514, 27.871121206871379 ], [ 83.915891891802119, 27.870918644463881 ], [ 83.916214079353338, 27.870882707375184 ], [ 83.916666703669875, 27.870885269586189 ], [ 83.916921516298757, 27.8708876445131 ], [ 83.91737095390917, 27.870951144414935 ], [ 83.918206641625403, 27.870976457586682 ], [ 83.918976141841156, 27.87115514440038 ], [ 83.919425954363788, 27.871198269699857 ], [ 83.920580454515857, 27.87145620752942 ], [ 83.921351016462097, 27.871578457109504 ], [ 83.921738391828214, 27.871465895062414 ], [ 83.922124641440831, 27.871432269403314 ], [ 83.922447204437475, 27.871337645088254 ], [ 83.922684079294456, 27.871245269933301 ], [ 83.923116579092536, 27.870943145130219 ], [ 83.923420204454885, 27.870659019471056 ], [ 83.923725203811784, 27.870259832496398 ], [ 83.923985329351723, 27.870032082639913 ], [ 83.924376703895859, 27.869576457577249 ], [ 83.925005203984313, 27.869008206939121 ], [ 83.925329079621903, 27.868818895000796 ], [ 83.925718704447064, 27.868498645012849 ], [ 83.925978079442601, 27.868327269517799 ], [ 83.926236953783615, 27.86819658260471 ], [ 83.92662420399077, 27.868104270130647 ], [ 83.926839141263642, 27.868047956967665 ], [ 83.927160328881342, 27.868070707273347 ], [ 83.927482204396853, 27.868055082020309 ], [ 83.927803329458527, 27.868095832414582 ], [ 83.928741891318268, 27.868486706938089 ], [ 83.929145141478656, 27.868814081998291 ], [ 83.929546641359835, 27.869315207347274 ], [ 83.930119892069555, 27.869760019276008 ], [ 83.930439391250431, 27.869933894326991 ], [ 83.930630391226359, 27.870107769954082 ], [ 83.931332204458002, 27.870572957188806 ], [ 83.931714204209115, 27.870902582218697 ], [ 83.932161204590372, 27.871173520147892 ], [ 83.932416954411764, 27.871291019458681 ], [ 83.932927766600017, 27.871602644785106 ], [ 83.933182829650903, 27.87179458208643 ], [ 83.933375141774903, 27.871853332659402 ], [ 83.934270266939521, 27.872282456793595 ], [ 83.934524704164133, 27.872515020151138 ], [ 83.934608704371598, 27.872668456812281 ], [ 83.934821329042649, 27.872822020152569 ], [ 83.934990391674475, 27.873016144549638 ], [ 83.93535207868274, 27.873266769310074 ], [ 83.936242641866457, 27.874097519572622 ], [ 83.936474703669333, 27.874386457415731 ], [ 83.93692014135965, 27.874792832024152 ], [ 83.937005516437466, 27.874831207377035 ], [ 83.937182204143753, 27.875000519282995 ], [ 83.937387141544775, 27.87519695765738 ], [ 83.937640579340737, 27.875506144963307 ], [ 83.937685892006385, 27.875582894957986 ], [ 83.937955766338106, 27.87604333232245 ], [ 83.938019266393496, 27.876102019286208 ], [ 83.938355016632414, 27.876718207155211 ], [ 83.938640141509751, 27.877174082062286 ], [ 83.938775891411225, 27.877390769887896 ], [ 83.938903079157498, 27.877505894812103 ], [ 83.939094766243045, 27.877623332502857 ], [ 83.939250266619766, 27.877664019986078 ], [ 83.940186641268497, 27.877747894614121 ], [ 83.940892829569719, 27.877867831873402 ], [ 83.941278454211414, 27.877890520050137 ], [ 83.941665141630196, 27.87781626974796 ], [ 83.942052766677904, 27.877685519283524 ], [ 83.942635454234193, 27.877365394942643 ], [ 83.942871954092908, 27.877291020025407 ], [ 83.943109454174575, 27.877160207012807 ], [ 83.943369517148085, 27.876932456868133 ], [ 83.943914266876121, 27.876190332144443 ], [ 83.94433001655905, 27.87580689455179 ], [ 83.94462764131336, 27.875360207288576 ], [ 83.944742266449566, 27.87524070709437 ], [ 83.944929329387861, 27.875044457485483 ], [ 83.944984892170311, 27.875001581780534 ], [ 83.945003329518755, 27.874985832202476 ], [ 83.945065579023506, 27.874938457150449 ], [ 83.945326953961043, 27.874595581933338 ], [ 83.945613954558468, 27.873909769684619 ], [ 83.945745141575401, 27.873681894561312 ], [ 83.94602782915463, 27.873339020013219 ], [ 83.946294828690597, 27.872538145125848 ], [ 83.946557578901135, 27.872082457582675 ], [ 83.946884391373757, 27.871644831908494 ], [ 83.947296578752898, 27.87122751956738 ], [ 83.947491203748129, 27.87107645695648 ], [ 83.947945579265266, 27.870735894584055 ], [ 83.948463704672591, 27.870433707134389 ], [ 83.949113391905271, 27.869885645001194 ], [ 83.949567079184362, 27.869601519644334 ], [ 83.949760391933211, 27.869545207082215 ], [ 83.950019454052878, 27.869414394364018 ], [ 83.950535642075693, 27.869265707186177 ], [ 83.950664141333732, 27.869265707177803 ], [ 83.950857828721112, 27.869211645102606 ], [ 83.951951578703998, 27.869182707078419 ], [ 83.952338516460472, 27.869108332037289 ], [ 83.953237641874708, 27.869192144931858 ], [ 83.953686766752867, 27.869291582014203 ], [ 83.953942141979951, 27.869467644756565 ], [ 83.954839703683206, 27.86970264494532 ], [ 83.955159579080828, 27.86984039467864 ], [ 83.955841203840905, 27.870228707645119 ], [ 83.956673204185066, 27.87056070761421 ], [ 83.957184517123636, 27.870851831903021 ], [ 83.957333329575704, 27.870948956778332 ], [ 83.957438954291163, 27.871084394600807 ], [ 83.95763001650343, 27.871237894525809 ], [ 83.958269079215441, 27.871587832455369 ], [ 83.958333142162004, 27.871630707310288 ], [ 83.958652141972991, 27.871840644644919 ], [ 83.958842766856705, 27.872014457626719 ], [ 83.959672641311442, 27.87255620700568 ], [ 83.960120391912696, 27.872770707566389 ], [ 83.960355579229912, 27.872829395009816 ], [ 83.961172329177487, 27.872644644439141 ], [ 83.961690141577989, 27.872362769991369 ], [ 83.962205954192854, 27.872216207049973 ], [ 83.963170578716031, 27.872169082563552 ], [ 83.96355720381402, 27.872097019955728 ], [ 83.964392641447901, 27.872106270118174 ], [ 83.965037329621495, 27.871921394338795 ], [ 83.965296079107262, 27.871772519677293 ], [ 83.965598016684908, 27.871603394575384 ], [ 83.966180517076808, 27.871208582544533 ], [ 83.966374204303335, 27.871154519450787 ], [ 83.966955454444388, 27.870892957303756 ], [ 83.967472891452744, 27.870592957360671 ], [ 83.967859829245256, 27.870482457027009 ], [ 83.968118266541723, 27.870351644469235 ], [ 83.968505203820683, 27.870241207304726 ], [ 83.968955266587372, 27.870207456907846 ], [ 83.969148891766437, 27.870153332129952 ], [ 83.970177954284637, 27.870088144308461 ], [ 83.970563579325642, 27.87009045738068 ], [ 83.970862578939176, 27.870171769594787 ], [ 83.971245579210361, 27.870422395152282 ], [ 83.971565141705995, 27.870578082219524 ], [ 83.971692392181964, 27.870695456927038 ], [ 83.97192470383159, 27.871002332495095 ], [ 83.971986516535409, 27.871232519369304 ], [ 83.972112454487672, 27.871462707455805 ], [ 83.972261266374289, 27.871577770006031 ], [ 83.972895579142815, 27.872347331828081 ], [ 83.973087579619587, 27.87242639511517 ], [ 83.97362307926312, 27.872433269593838 ], [ 83.97401001713672, 27.872302457008782 ], [ 83.974462392136616, 27.872079144584504 ], [ 83.97474332869227, 27.871871582497057 ], [ 83.974916704043494, 27.87170239443277 ], [ 83.975199891213592, 27.871246645063778 ], [ 83.975356828960003, 27.870619394639494 ], [ 83.975467079470803, 27.870332894758636 ], [ 83.975535079000977, 27.869992145053438 ], [ 83.975581453758778, 27.86964920726836 ], [ 83.975562767130057, 27.869419019668779 ], [ 83.975611141223538, 27.868904582551895 ], [ 83.975851828729276, 27.868448832258132 ], [ 83.976112516869293, 27.868108144656333 ], [ 83.976415704592497, 27.867805831786839 ], [ 83.977321953824955, 27.867205832339131 ], [ 83.977645079165683, 27.867036644506502 ], [ 83.978289766235093, 27.866853957614808 ], [ 83.978419267109487, 27.866777269965972 ], [ 83.978741767137933, 27.866684832555265 ], [ 83.97900039203553, 27.866535895032424 ], [ 83.97938739122462, 27.866387081864094 ], [ 83.979688641229131, 27.866276520092622 ], [ 83.980528204009275, 27.865904331865892 ], [ 83.981170891658635, 27.865911269743382 ], [ 83.981429266597559, 27.865780395133278 ], [ 83.982589641818862, 27.865466894761635 ], [ 83.982975954076736, 27.865394707195264 ], [ 83.983490141469431, 27.865399269877329 ], [ 83.984004954692608, 27.865347457488244 ], [ 83.984133517063881, 27.865349769360311 ], [ 83.984325516315494, 27.865408394772871 ], [ 83.985289391428708, 27.865437832446162 ], [ 83.986059392037603, 27.865541707238187 ], [ 83.986830641879521, 27.865548582037754 ], [ 83.987086767141363, 27.865627582380654 ], [ 83.987856391758285, 27.865769832235006 ], [ 83.988113453942631, 27.865772082152922 ], [ 83.988369891345158, 27.86583301983914 ], [ 83.988691454196911, 27.8658353318671 ], [ 83.989268141448818, 27.865975269890381 ], [ 83.990227891602586, 27.86638601940232 ], [ 83.990804578988559, 27.866546207226474 ], [ 83.99118951687862, 27.866607206837749 ], [ 83.99196082944529, 27.866614019563293 ], [ 83.992218516271677, 27.866559831787917 ], [ 83.992411204388318, 27.866562144963027 ], [ 83.992669204235483, 27.866469644343365 ], [ 83.993248766277858, 27.866361331997638 ], [ 83.993892454047511, 27.86629145754593 ], [ 83.994214954700752, 27.866180894768785 ], [ 83.994665641589378, 27.866088394745841 ], [ 83.994922766518272, 27.866092894703687 ], [ 83.995436016306783, 27.866192207275841 ], [ 83.995886328945048, 27.866140332154419 ], [ 83.996358579386836, 27.866050081844914 ], [ 83.996724892028951, 27.865862832536017 ], [ 83.996940704466027, 27.865711644536148 ], [ 83.99745964154036, 27.865260394870429 ], [ 83.997826516470397, 27.865016707117064 ], [ 83.998410204139219, 27.86450677013385 ], [ 83.998779329422888, 27.864053207566261 ], [ 83.99884470455784, 27.86393814476865 ], [ 83.99889014194649, 27.863710207132357 ], [ 83.999310016770963, 27.862512082297183 ], [ 83.99931670446972, 27.861882519468196 ], [ 83.999363642079231, 27.861483144955983 ], [ 83.999472829524095, 27.861293582554129 ], [ 83.999754016712686, 27.861047644503692 ], [ 83.999908579158344, 27.860591894836002 ], [ 83.999846391456501, 27.860418207099048 ], [ 83.999555391756971, 27.859576520005874 ], [ 83.999413204610278, 27.858831894706363 ], [ 83.999417641790046, 27.858430207442662 ], [ 83.999535078924609, 27.857457707060274 ], [ 83.999538267061709, 27.857153082431189 ], [ 83.999583329342769, 27.856963645050804 ], [ 83.999606454297222, 27.856792081984018 ], [ 83.999651828835809, 27.856686082181575 ], [ 83.999761328980298, 27.85643333265844 ], [ 83.999909891984998, 27.856088081897791 ], [ 84.000000016248819, 27.855885020156197 ], [ 84.001353204676306, 27.854876394389002 ], [ 84.002285579611311, 27.854571769977738 ], [ 84.002444329563787, 27.854519832756029 ], [ 84.003007266543193, 27.854501770332188 ], [ 84.004796516394705, 27.854984582141512 ], [ 84.00648139182384, 27.854919082729417 ], [ 84.008716204500416, 27.854587270585014 ], [ 84.009407955552646, 27.854424770647984 ], [ 84.010023642357766, 27.854190082013265 ], [ 84.010426016389218, 27.853962145458819 ], [ 84.011394267671321, 27.853641645607379 ], [ 84.013974517475035, 27.852675645481185 ], [ 84.017134204878545, 27.851583207696319 ], [ 84.018070955484674, 27.851260458030417 ], [ 84.019178455702985, 27.850989520830574 ], [ 84.020649954017642, 27.850732082692979 ], [ 84.021678454032894, 27.850702582540251 ], [ 84.022205580591361, 27.850738583294248 ], [ 84.022773892675033, 27.850844581840253 ], [ 84.022979642895663, 27.850887394323031 ], [ 84.023044017173248, 27.850894145608997 ], [ 84.023427079945805, 27.851031707914174 ], [ 84.024131079205944, 27.851410707442092 ], [ 84.024451642886902, 27.851708457906529 ], [ 84.02464308009894, 27.852107832522751 ], [ 84.024681829489779, 27.852347019867533 ], [ 84.024296203947912, 27.853409895062907 ], [ 84.024044643195751, 27.853906270569219 ], [ 84.023879955294888, 27.854068769925664 ], [ 84.023728704793982, 27.854465957170301 ], [ 84.02292239148224, 27.854908332317624 ], [ 84.022214517312136, 27.855583082955839 ], [ 84.021934329545275, 27.855795270259922 ], [ 84.021409454643774, 27.856054832898717 ], [ 84.021077517887164, 27.856174457609722 ], [ 84.020849329364722, 27.856208333048457 ], [ 84.019601454287582, 27.85645445768284 ], [ 84.019222953919609, 27.856556081975324 ], [ 84.018729455525673, 27.856648644694971 ], [ 84.018320393143497, 27.856808832670612 ], [ 84.017963455317712, 27.856901457482962 ], [ 84.017701578764914, 27.857176769981653 ], [ 84.017435766664022, 27.857934958199596 ], [ 84.017447266855328, 27.85849233192959 ], [ 84.017516829729544, 27.858713457757652 ], [ 84.017753328884538, 27.859203020956585 ], [ 84.018419954422882, 27.860076207995245 ], [ 84.019449079828334, 27.86112977088867 ], [ 84.019708392386292, 27.861317019778095 ], [ 84.02044032957528, 27.861549395762449 ], [ 84.021549267655274, 27.861682270375002 ], [ 84.022165579604376, 27.861731832710731 ], [ 84.022979329280346, 27.86169108327325 ], [ 84.023527392660768, 27.861521770939845 ], [ 84.023902203972213, 27.861404394824902 ], [ 84.024883392525382, 27.860943895525558 ], [ 84.025085203953921, 27.860713706891897 ], [ 84.025607204947363, 27.860379645946775 ], [ 84.026201516711652, 27.859774832472677 ], [ 84.027008455179399, 27.859165458495255 ], [ 84.027162954275383, 27.859045832952663 ], [ 84.027548017416535, 27.85840945762796 ], [ 84.027816892117514, 27.85819951950349 ], [ 84.028376829727506, 27.857495395117425 ], [ 84.029534954123889, 27.856457207100529 ], [ 84.030295579279709, 27.856258519435539 ], [ 84.03062182979987, 27.856231332559755 ], [ 84.029701142677808, 27.854999520056314 ], [ 84.029624267069494, 27.85465202016232 ], [ 84.029377330652835, 27.854245958383409 ], [ 84.029320330127717, 27.853957145152794 ], [ 84.029310705006154, 27.853496832637997 ], [ 84.029209393051417, 27.853266707209986 ], [ 84.029147205460447, 27.853187832547672 ], [ 84.028852017201274, 27.852991519851916 ], [ 84.028665954139768, 27.852718519993815 ], [ 84.028496142310658, 27.852639582507006 ], [ 84.028239391849553, 27.852614832796199 ], [ 84.02790045529261, 27.852454707228034 ], [ 84.027837579669196, 27.852396082061066 ], [ 84.027716579171511, 27.852086957919944 ], [ 84.027506767761778, 27.851911019505131 ], [ 84.02746676810726, 27.851795894421432 ], [ 84.027469954224699, 27.851680832938978 ], [ 84.027538453906757, 27.851509332749693 ], [ 84.027521579532646, 27.851337833330184 ], [ 84.027480579781752, 27.851258895901939 ], [ 84.027250141907842, 27.851044582289497 ], [ 84.027170454607372, 27.850814332771638 ], [ 84.026734891581157, 27.850230083334324 ], [ 84.026653641713992, 27.85005639487586 ], [ 84.026464455388449, 27.849900644841458 ], [ 84.026277454227539, 27.849666082089577 ], [ 84.026108016491918, 27.849587145164953 ], [ 84.025724642502155, 27.849483395028173 ], [ 84.025598329598438, 27.849384145310086 ], [ 84.025328391824289, 27.849034458099432 ], [ 84.02516432949011, 27.848743394389629 ], [ 84.025038642390058, 27.848626081885943 ], [ 84.024721892877665, 27.848429832721717 ], [ 84.024554329204619, 27.848271956929462 ], [ 84.02449589141807, 27.848041769681451 ], [ 84.024519017427437, 27.847985394916048 ], [ 84.024782703935486, 27.847741645076425 ], [ 84.024915578812198, 27.847572394540688 ], [ 84.024964392738198, 27.847342207919112 ], [ 84.02497195532321, 27.847055645441678 ], [ 84.025068018263354, 27.84665626960776 ], [ 84.024931455042278, 27.846135020876861 ], [ 84.024627642883587, 27.845440144558886 ], [ 84.024633267265429, 27.845209958463915 ], [ 84.024490704022753, 27.844921144561393 ], [ 84.024582392391821, 27.84469326996798 ], [ 84.02459120374877, 27.844348020506153 ], [ 84.024342955250944, 27.843998332656522 ], [ 84.024403142230184, 27.843330395735897 ], [ 84.023630329695351, 27.842529520406949 ], [ 84.023343891798817, 27.841988020110183 ], [ 84.023259518040291, 27.841929394594345 ], [ 84.022812704930459, 27.84178726977856 ], [ 84.022601643231965, 27.841647457197663 ], [ 84.022419078831788, 27.841241332814729 ], [ 84.022348204770083, 27.840665957029426 ], [ 84.022439892002708, 27.840438020540063 ], [ 84.02257308046326, 27.840268769325579 ], [ 84.022644767510627, 27.839982207010554 ], [ 84.022803641391832, 27.839641458196763 ], [ 84.02320307907722, 27.839133708483669 ], [ 84.023360392258056, 27.838849331789465 ], [ 84.023591266511318, 27.838221957792719 ], [ 84.023702891345039, 27.838050519491755 ], [ 84.024010329003531, 27.837770645235594 ], [ 84.024365266376421, 27.837317082683892 ], [ 84.02456732963671, 27.836978582306983 ], [ 84.024899768210744, 27.836563332710973 ], [ 84.025118330575452, 27.836394083380149 ], [ 84.025378205655386, 27.836303770076032 ], [ 84.025965142953311, 27.836010331906625 ], [ 84.026376329313848, 27.83586583231919 ], [ 84.026550204269597, 27.835773269569458 ], [ 84.026702767472301, 27.8356807071136 ], [ 84.026944517418031, 27.835455020055871 ], [ 84.027104954885303, 27.835055644910277 ], [ 84.027182580706892, 27.834541145329602 ], [ 84.027151705006645, 27.834080832848954 ], [ 84.0271745180072, 27.834024395311978 ], [ 84.027269830738675, 27.833333958188234 ], [ 84.027306268205848, 27.833069957109529 ], [ 84.027212516370355, 27.832550957559661 ], [ 84.027292016799493, 27.831957519668507 ], [ 84.027360829870446, 27.831788270932748 ], [ 84.027516893110175, 27.831560332456188 ], [ 84.027585705012996, 27.831388832594406 ], [ 84.027830266886312, 27.831050333105953 ], [ 84.028145141505732, 27.830481645913288 ], [ 84.028345641627055, 27.830199583011691 ], [ 84.028707767098069, 27.829459394973778 ], [ 84.028179703868147, 27.829141332176231 ], [ 84.027902705705614, 27.829080457850161 ], [ 84.027691704714442, 27.828940582375317 ], [ 84.027463142161338, 27.828649582205994 ], [ 84.02738345403867, 27.828417208318317 ], [ 84.02741983017431, 27.827844019551705 ], [ 84.027780391316256, 27.827162519922478 ], [ 84.027812329274823, 27.826760894808785 ], [ 84.028584391844674, 27.825934895761122 ], [ 84.028484330389304, 27.825646081785617 ], [ 84.02836026741204, 27.825470082933649 ], [ 84.028159267174232, 27.824948832777441 ], [ 84.027933891530779, 27.824542769464919 ], [ 84.02768445466026, 27.824231456866549 ], [ 84.027624766380384, 27.824057708037547 ], [ 84.027656330400859, 27.823656081953182 ], [ 84.027811268143878, 27.822645144499706 ], [ 84.0277632042595, 27.822013395403072 ], [ 84.027813891913141, 27.821706520659323 ], [ 84.027923954915209, 27.821593644785199 ], [ 84.028467954879929, 27.821297957580075 ], [ 84.028730954165553, 27.821074519890253 ], [ 84.028824141305861, 27.820787894960954 ], [ 84.028834204997281, 27.820406582526722 ], [ 84.028793580718073, 27.820309582832355 ], [ 84.028646016786297, 27.82021033267986 ], [ 84.028044517114111, 27.820255582818191 ], [ 84.027916330286146, 27.82023527029007 ], [ 84.02770501652418, 27.82011570794231 ], [ 84.027580579960912, 27.819942020704172 ], [ 84.027420892002155, 27.819479519882965 ], [ 84.027354392601694, 27.818730333447334 ], [ 84.027257204038307, 27.818344520341093 ], [ 84.027091267419792, 27.818132458117812 ], [ 84.026814517641853, 27.818049020813753 ], [ 84.026058953839922, 27.818245394962116 ], [ 84.025731891821948, 27.818448644606416 ], [ 84.025302017074679, 27.818478019646559 ], [ 84.024263455752148, 27.818841582412524 ], [ 84.023832267538992, 27.818927333027712 ], [ 84.023661330162426, 27.818904770199406 ], [ 84.023153017261563, 27.818647644742093 ], [ 84.022817017317522, 27.818372395223751 ], [ 84.022630703758992, 27.818119708140134 ], [ 84.022210892253597, 27.817765519437334 ], [ 84.021983955301181, 27.817418082585931 ], [ 84.021884016594484, 27.817129270663258 ], [ 84.021954392040243, 27.816899082488952 ], [ 84.022242391294625, 27.816542519446152 ], [ 84.022422829341608, 27.816201770072485 ], [ 84.022437642376602, 27.815626395466179 ], [ 84.022379204272269, 27.81539626941256 ], [ 84.022193892000075, 27.815105207791486 ], [ 84.022005704565629, 27.814908957761851 ], [ 84.021583079031856, 27.814672083515081 ], [ 84.021008204554306, 27.814507457592544 ], [ 84.020669704248817, 27.814329269985123 ], [ 84.02022301727925, 27.814184895978531 ], [ 84.020118267045021, 27.814087895795137 ], [ 84.019663580626869, 27.813426832071009 ], [ 84.019537954359464, 27.813309519351158 ], [ 84.019137205232965, 27.813052332043942 ], [ 84.018712079592419, 27.812910208363657 ], [ 84.018141016277013, 27.812592144684118 ], [ 84.017973517552349, 27.812436457816322 ], [ 84.017581329397331, 27.811854394474601 ], [ 84.017161517095261, 27.811502395069432 ], [ 84.017149454662317, 27.811136894234803 ], [ 84.01697414281827, 27.810444207247823 ], [ 84.016894580009406, 27.810214019916579 ], [ 84.016690518147811, 27.809807895043278 ], [ 84.016381142272849, 27.809340831756007 ], [ 84.01624151766157, 27.80893695674316 ], [ 84.016231954872694, 27.808476644818658 ], [ 84.016216954276416, 27.808228457576327 ], [ 84.016223892237363, 27.807959958092255 ], [ 84.016214328929394, 27.807501895309429 ], [ 84.016157892255151, 27.807213082735839 ], [ 84.016113017573403, 27.806468520803023 ], [ 84.015955267586818, 27.805949520851406 ], [ 84.015886017492264, 27.805315394757315 ], [ 84.015669892708871, 27.804566331985427 ], [ 84.015643767921688, 27.803936769562569 ], [ 84.015602517335466, 27.803878144975918 ], [ 84.01556695490288, 27.803589333260643 ], [ 84.015183329545138, 27.802684520660105 ], [ 84.014787705365009, 27.802235519624155 ], [ 84.014628454825129, 27.801773019906936 ], [ 84.0144552050632, 27.80102614445541 ], [ 84.014248267246529, 27.800735082844927 ], [ 84.013871391638915, 27.800383081966515 ], [ 84.013531954474047, 27.800241020084862 ], [ 84.013152017130324, 27.80000408283842 ], [ 84.01283757879834, 27.799728832399854 ], [ 84.012630079653761, 27.799458082555965 ], [ 84.012108266918304, 27.798909832841584 ], [ 84.011855454742559, 27.798733833300357 ], [ 84.011432267115637, 27.798515020434607 ], [ 84.011175267196904, 27.798490208084097 ], [ 84.011112204095681, 27.798449582971262 ], [ 84.010713767292685, 27.798097645492668 ], [ 84.010421955439583, 27.797784020268082 ], [ 84.01019039272748, 27.797608019656305 ], [ 84.009935329779196, 27.7975268319781 ], [ 84.009763766564106, 27.797522333151008 ], [ 84.009418643155499, 27.797589957985814 ], [ 84.009142078892964, 27.797508832584445 ], [ 84.0088898922384, 27.797312520558489 ], [ 84.008765454569428, 27.79713651963759 ], [ 84.008665892170853, 27.796847708101929 ], [ 84.008542829923286, 27.796635582314909 ], [ 84.008335642662587, 27.796364832196634 ], [ 84.007829705183326, 27.796028644435584 ], [ 84.007559142945567, 27.795717270100415 ], [ 84.007201642727452, 27.795442020743511 ], [ 84.006830829817176, 27.794859894532653 ], [ 84.00666839194092, 27.79451239565471 ], [ 84.006173891370082, 27.79375652099122 ], [ 84.006011829127658, 27.793582770192486 ], [ 84.006012141869306, 27.793474457802528 ], [ 84.005927016895455, 27.793224020918963 ], [ 84.005670516335385, 27.792993895397881 ], [ 84.005520766633907, 27.792802083009558 ], [ 84.005094767455049, 27.791881458457322 ], [ 84.004867330532036, 27.791664895099881 ], [ 84.004709454112657, 27.791515957021627 ], [ 84.004389330215062, 27.791017270515702 ], [ 84.004110517653061, 27.790902208204564 ], [ 84.003960517166703, 27.79080520760645 ], [ 84.003746704116168, 27.790554707926187 ], [ 84.003704204524922, 27.790439645398859 ], [ 84.003705455365136, 27.790153020523519 ], [ 84.003066393149822, 27.789385832426685 ], [ 84.003045766510255, 27.789270832370541 ], [ 84.003111079951239, 27.789040707135342 ], [ 84.003112017937411, 27.788869207290738 ], [ 84.003048891679782, 27.788659333242368 ], [ 84.002963266868022, 27.788600707528484 ], [ 84.002641955658405, 27.788600706824123 ], [ 84.002513517514444, 27.788542020267911 ], [ 84.002428517021173, 27.788426958081359 ], [ 84.002322580461978, 27.78819676930371 ], [ 84.002302267077297, 27.787968895041612 ], [ 84.002069454928602, 27.787393520555685 ], [ 84.002008266378411, 27.786820394261898 ], [ 84.001944829444327, 27.786646582896502 ], [ 84.001774455237779, 27.786416457711681 ], [ 84.001604829057754, 27.786071270360306 ], [ 84.001584204318149, 27.785938083164371 ], [ 84.001628267613427, 27.785689894644367 ], [ 84.001652392058887, 27.785173207689986 ], [ 84.00144270567516, 27.784311207458718 ], [ 84.001508080215359, 27.784139706820802 ], [ 84.001574641894663, 27.783681645108654 ], [ 84.001900329259584, 27.782878395846549 ], [ 84.001945392593981, 27.782476708066913 ], [ 84.00190508011886, 27.782018708021802 ], [ 84.002123267593063, 27.781274082608508 ], [ 84.002191141676235, 27.780585832248608 ], [ 84.002175579573901, 27.779495957176408 ], [ 84.002092142783013, 27.779092083275163 ], [ 84.002073142433588, 27.778634019552104 ], [ 84.002117517560023, 27.778347456731961 ], [ 84.002100080607974, 27.777600582446954 ], [ 84.002079454105413, 27.777429081751027 ], [ 84.001889455314014, 27.77685370724501 ], [ 84.001827329655981, 27.776452020580145 ], [ 84.001617642419887, 27.775592332835505 ], [ 84.001280517579062, 27.774500144261268 ], [ 84.001131516963454, 27.774270082667968 ], [ 84.000919642687478, 27.773809770694932 ], [ 84.000430017217397, 27.77321633320777 ], [ 84.000238141640807, 27.773004206720451 ], [ 84.000147454282754, 27.772661269586255 ], [ 84.000000017251196, 27.772492020462064 ], [ 83.999851267579459, 27.77230689486677 ], [ 83.999673392489541, 27.772094957123215 ], [ 83.999201829126037, 27.771357019998064 ], [ 83.999042329818494, 27.770950832729564 ], [ 83.998897393180741, 27.770774832941942 ], [ 83.998734079010575, 27.770486019852761 ], [ 83.998523829160447, 27.769601520271301 ], [ 83.998273642433091, 27.76936458210378 ], [ 83.997810704545429, 27.769068958374969 ], [ 83.997562080481117, 27.768775645818785 ], [ 83.997077892007923, 27.767730895309036 ], [ 83.996791579779099, 27.767266081959562 ], [ 83.996687578837651, 27.767148708463964 ], [ 83.99638476694463, 27.766512395268634 ], [ 83.996241330057615, 27.766277707095146 ], [ 83.996124454901491, 27.765873833329071 ], [ 83.996113017049083, 27.765530832216555 ], [ 83.99644601721802, 27.765115645060899 ], [ 83.996386704165459, 27.764941957070466 ], [ 83.996121642922716, 27.764477083132046 ], [ 83.995965329011113, 27.763958082529911 ], [ 83.995993205072466, 27.763727956919212 ], [ 83.995960266541971, 27.763384956868979 ], [ 83.995831891956371, 27.762635895376519 ], [ 83.995870267404541, 27.762042394324858 ], [ 83.995703767514144, 27.76186633255487 ], [ 83.995469453891118, 27.761823458077171 ], [ 83.995132079778941, 27.761643019630821 ], [ 83.995028079874331, 27.761525644792957 ], [ 83.994949141739724, 27.76129545766592 ], [ 83.994825829553449, 27.760374833300794 ], [ 83.994858516533554, 27.759973207446176 ], [ 83.994950830659178, 27.759745270337422 ], [ 83.995039892283728, 27.759632457699208 ], [ 83.995480705272158, 27.759203769268368 ], [ 83.995536517680335, 27.75874570757027 ], [ 83.995363705719228, 27.758052957328776 ], [ 83.994937329825518, 27.757240645012679 ], [ 83.994579705674937, 27.756256833373822 ], [ 83.994589830440276, 27.755911583281833 ], [ 83.994404704142028, 27.755640770041019 ], [ 83.994426266320062, 27.754893894831699 ], [ 83.994620954781382, 27.754821707126755 ], [ 83.994753830448374, 27.754672770602099 ], [ 83.994636829096265, 27.754268894903131 ], [ 83.994554767435531, 27.754151520434867 ], [ 83.994475455246729, 27.753919144930357 ], [ 83.994426017601, 27.753402395256991 ], [ 83.994495829511791, 27.753212833151078 ], [ 83.994737392655964, 27.753007457253876 ], [ 83.994931142349401, 27.752973708061607 ], [ 83.995530392025188, 27.752987270106981 ], [ 83.995748828974214, 27.752838332617628 ], [ 83.995837955176128, 27.752725520257716 ], [ 83.995887080172238, 27.752497582785136 ], [ 83.99582620506763, 27.752382520270455 ], [ 83.995556767178655, 27.752068894765436 ], [ 83.995605205065559, 27.751879333179939 ], [ 83.995649642063299, 27.751822957729573 ], [ 83.995714330636801, 27.751804895543859 ], [ 83.99603583043988, 27.751793583187585 ], [ 83.99627520461172, 27.751665019343619 ], [ 83.996432143231289, 27.751419020297803 ], [ 83.996414079349904, 27.751303957316559 ], [ 83.996082079570755, 27.750933894717807 ], [ 83.995830079869577, 27.750755644327082 ], [ 83.995576455303663, 27.750636019511923 ], [ 83.994729018157926, 27.750311083170438 ], [ 83.994122141250543, 27.749999645605367 ], [ 83.99363139130638, 27.749749145654377 ], [ 83.993376766760605, 27.749667957571312 ], [ 83.99303914137343, 27.749487457737438 ], [ 83.992869204778231, 27.749446769856821 ], [ 83.992700578974038, 27.749347457540264 ], [ 83.992361330329018, 27.749225645241562 ], [ 83.992023955537249, 27.749045083362425 ], [ 83.991513891505406, 27.748898394783897 ], [ 83.991281141731463, 27.748799082196161 ], [ 83.990685141444786, 27.748670458352603 ], [ 83.990262830466108, 27.748469582004329 ], [ 83.989775829394375, 27.748266457588969 ], [ 83.989690267207109, 27.748266458459025 ], [ 83.98918076667519, 27.748101707920519 ], [ 83.988754017402826, 27.748054270439049 ], [ 83.987988392292465, 27.747864644640721 ], [ 83.987474454202967, 27.747853333068463 ], [ 83.987366954982818, 27.747869145501848 ], [ 83.987192892425085, 27.747961645643262 ], [ 83.986950329477466, 27.748205270543753 ], [ 83.986860267177875, 27.748354207393366 ], [ 83.986728704642047, 27.748467019901799 ], [ 83.986469643030219, 27.748536958205666 ], [ 83.986212829591693, 27.748532394680726 ], [ 83.985866954510499, 27.74863845791948 ], [ 83.98544182928137, 27.748534644339287 ], [ 83.985188455290412, 27.748394645509439 ], [ 83.984764954984925, 27.748232145242415 ], [ 83.984337579574671, 27.74820277001605 ], [ 83.984229453716793, 27.748238770629261 ], [ 83.983858142131027, 27.748480270543514 ], [ 83.983746830633152, 27.748629145112591 ], [ 83.983677703744064, 27.748800645003548 ], [ 83.983435080378939, 27.74904433229673 ], [ 83.983088267765524, 27.749188708350758 ], [ 83.982658954152654, 27.749217958318617 ], [ 83.982317517687306, 27.749170520681883 ], [ 83.981381891338884, 27.748940269205807 ], [ 83.981043329693449, 27.748798083306351 ], [ 83.980287892263277, 27.748245144558741 ], [ 83.980118954426445, 27.748166144728412 ], [ 83.979344829247069, 27.747536457222285 ], [ 83.978836017752499, 27.747353582794933 ], [ 83.978150892018746, 27.747337708222215 ], [ 83.9778924551985, 27.747389582602381 ], [ 83.977292642160435, 27.747393957720863 ], [ 83.977120142443567, 27.747427831968871 ], [ 83.976607142768415, 27.74739839429914 ], [ 83.975406830102699, 27.747427519925751 ], [ 83.974630017178825, 27.747621394401833 ], [ 83.974435330382207, 27.747693582925933 ], [ 83.974217517665849, 27.747822145556743 ], [ 83.974018016321267, 27.748047770104257 ], [ 83.973928267784189, 27.748198957744851 ], [ 83.973876517943182, 27.748503582784959 ], [ 83.973807642288918, 27.748654769764581 ], [ 83.973803516932222, 27.748808144199121 ], [ 83.973710579301297, 27.749054082893753 ], [ 83.973621079389659, 27.749187207051513 ], [ 83.973138142067071, 27.749595520147881 ], [ 83.972815703888173, 27.749627081707839 ], [ 83.972645766486337, 27.749586394257097 ], [ 83.972223829117254, 27.749365207274572 ], [ 83.971968642522455, 27.749301957234835 ], [ 83.971542516795736, 27.749216145102416 ], [ 83.971285705019525, 27.749209331715605 ], [ 83.970855454742789, 27.749276895423264 ], [ 83.970600267117206, 27.749213644663772 ], [ 83.970431329711104, 27.749134645651704 ], [ 83.970284829379011, 27.749015020769477 ], [ 83.970184391946106, 27.748784895726946 ], [ 83.970215579989613, 27.748439644392544 ], [ 83.970261892506315, 27.748326832002849 ], [ 83.970235080701414, 27.74777170773573 ], [ 83.970133079521602, 27.747595708132756 ], [ 83.970028766221247, 27.747498645699142 ], [ 83.969630329211924, 27.74720295696779 ], [ 83.969545391367816, 27.747182644708388 ], [ 83.969034330664115, 27.747074207331142 ], [ 83.968692580403953, 27.747047081920694 ], [ 83.968522329976295, 27.747006394736911 ], [ 83.968354017143398, 27.746907081669768 ], [ 83.967758329009939, 27.746758020379964 ], [ 83.967245267039573, 27.746728582275605 ], [ 83.967051017323442, 27.746780394724954 ], [ 83.966811579972145, 27.74690895680158 ], [ 83.966548705057775, 27.747114269917155 ], [ 83.966215329500898, 27.747527082664522 ], [ 83.965690516882148, 27.74789926999491 ], [ 83.965348829812839, 27.747872144464612 ], [ 83.965095142511728, 27.747750207263014 ], [ 83.964839955692625, 27.747686956698359 ], [ 83.964671016686808, 27.747607957858239 ], [ 83.964585391834063, 27.747605708398755 ], [ 83.963898329968146, 27.747666457577367 ], [ 83.963467454285578, 27.747752083131179 ], [ 83.963228016713231, 27.747880583022948 ], [ 83.963095766892792, 27.748011457840246 ], [ 83.962578642316856, 27.748115019804185 ], [ 83.962450205117634, 27.748112833251099 ], [ 83.962281953950281, 27.748013456870922 ], [ 83.962220766407171, 27.747896144637174 ], [ 83.96242670480197, 27.747442645813926 ], [ 83.962305017279249, 27.747210207660121 ], [ 83.962247392340672, 27.746977770643792 ], [ 83.962206829125236, 27.746901081873364 ], [ 83.962122829423663, 27.746842332597122 ], [ 83.961873455518557, 27.746587270178726 ], [ 83.961618204286808, 27.746524020866264 ], [ 83.961359518088472, 27.74657589498019 ], [ 83.960844954286188, 27.74660283217414 ], [ 83.960675704135298, 27.746521519560456 ], [ 83.960360891198818, 27.746304832404146 ], [ 83.960275330379744, 27.746302520725312 ], [ 83.959665205515321, 27.746652082713023 ], [ 83.959422580189269, 27.746895708080771 ], [ 83.959117516510702, 27.747080645138841 ], [ 83.959030642118094, 27.747116769528269 ], [ 83.958773830000197, 27.747109895005973 ], [ 83.958518642224519, 27.747046707691709 ], [ 83.958346455021257, 27.747082707661477 ], [ 83.958333454748796, 27.747098581914884 ], [ 83.958279830206735, 27.747157144929865 ], [ 83.958105766550446, 27.74724964457069 ], [ 83.957935829038561, 27.747206707865612 ], [ 83.957851829368579, 27.747147956902609 ], [ 83.957540329493739, 27.746813957977633 ], [ 83.957117767019795, 27.746612956876017 ], [ 83.956693017776303, 27.746488832766278 ], [ 83.956606767100681, 27.746506769767389 ], [ 83.956094142628857, 27.746456895769018 ], [ 83.955575017380227, 27.74663733247381 ], [ 83.955230079952628, 27.746704894834611 ], [ 83.954746704716314, 27.746388833103957 ], [ 83.954405579375432, 27.746341395263688 ], [ 83.954059643073464, 27.746449519889836 ], [ 83.953774205414533, 27.746690895363681 ], [ 83.953600766201987, 27.74676302014662 ], [ 83.953291454349724, 27.747081082341662 ], [ 83.953118704694717, 27.747135207519982 ], [ 83.952987079485098, 27.747247958131702 ], [ 83.952813642930678, 27.747320081921664 ], [ 83.952578080340174, 27.747315520063857 ], [ 83.952451266719947, 27.747254520868502 ], [ 83.952410079514294, 27.747195832760276 ], [ 83.952356016730121, 27.746850582234863 ], [ 83.952254079687279, 27.746676833137116 ], [ 83.952155204415831, 27.746387957461064 ], [ 83.951971454735101, 27.746076582556736 ], [ 83.951930266226881, 27.746017832920547 ], [ 83.951531580350846, 27.745742394564548 ], [ 83.951192391833175, 27.745618206790311 ], [ 83.950507267975468, 27.745604395801472 ], [ 83.950167142424178, 27.745518519659086 ], [ 83.949995954448696, 27.745516206854262 ], [ 83.94982689260334, 27.745434895472226 ], [ 83.949699204721156, 27.745412332462156 ], [ 83.949552142399739, 27.74531295820487 ], [ 83.949489392772648, 27.745254269471175 ], [ 83.949433829816755, 27.744967707378308 ], [ 83.949464954355591, 27.744622456948935 ], [ 83.94942764174931, 27.744430645233976 ], [ 83.949222016762519, 27.744139520603674 ], [ 83.948868392172812, 27.743787332090669 ], [ 83.948574892825292, 27.743570644885313 ], [ 83.948320079837387, 27.743487082103702 ], [ 83.94806320484426, 27.743482457666097 ], [ 83.947542892516836, 27.743698895729779 ], [ 83.947041205247828, 27.744014582060586 ], [ 83.946850079624951, 27.743951331826544 ], [ 83.946703330264171, 27.743851957352472 ], [ 83.946389893085524, 27.74357883309067 ], [ 83.946095141729032, 27.743398208110474 ], [ 83.945841892984589, 27.743278519246747 ], [ 83.945332517358324, 27.743113581926679 ], [ 83.944390016379685, 27.742384395090539 ], [ 83.943717829118512, 27.741930582503727 ], [ 83.943656079064255, 27.741851582566259 ], [ 83.943257704487223, 27.741555833084004 ], [ 83.942666580087419, 27.741255458214042 ], [ 83.942436267823354, 27.741077083257007 ], [ 83.941760517851151, 27.740756332340805 ], [ 83.941421330328239, 27.740634395049522 ], [ 83.940262641951563, 27.739977269292115 ], [ 83.939502016564845, 27.739613645033117 ], [ 83.939017767473629, 27.739335894580964 ], [ 83.938452454372865, 27.738882144842307 ], [ 83.938178642386617, 27.738724020752386 ], [ 83.937923766195695, 27.738642706940688 ], [ 83.937355891193818, 27.738283644804902 ], [ 83.937230767178932, 27.738166270761162 ], [ 83.937047392007401, 27.737857082705272 ], [ 83.936583391907362, 27.737597332140943 ], [ 83.936287704748111, 27.737457332506633 ], [ 83.935603642106486, 27.737364458052053 ], [ 83.93543276725012, 27.73734189515136 ], [ 83.934756829782017, 27.736978208385935 ], [ 83.934166454142044, 27.736619207328499 ], [ 83.933827954281341, 27.736458832477734 ], [ 83.933467954745424, 27.736296144880985 ], [ 83.933368204410613, 27.736043394301106 ], [ 83.933076454929449, 27.735749895090066 ], [ 83.932789205135066, 27.735300770945823 ], [ 83.93243626791805, 27.734910144648076 ], [ 83.931843642112568, 27.734625582739014 ], [ 83.930843329014081, 27.734354332173638 ], [ 83.930443142101481, 27.734094645153032 ], [ 83.930317954198173, 27.733977270186383 ], [ 83.930051016640633, 27.733566457810571 ], [ 83.929874143109757, 27.733024769463672 ], [ 83.929668266878551, 27.732733645039588 ], [ 83.929353330191773, 27.732494270080213 ], [ 83.928928017141672, 27.732369957393331 ], [ 83.928568017024745, 27.732207269616307 ], [ 83.928485017079922, 27.732110208358453 ], [ 83.928425829712239, 27.731936458066905 ], [ 83.928120266481329, 27.731390207699274 ], [ 83.927910891593228, 27.731214145191519 ], [ 83.927720079134389, 27.731132769168216 ], [ 83.927510330319237, 27.73097470782707 ], [ 83.927217954365489, 27.730697019807664 ], [ 83.92705326703539, 27.73046452034745 ], [ 83.92689895406582, 27.729884519900651 ], [ 83.926862955196071, 27.729654331922536 ], [ 83.926868203881043, 27.729480645635221 ], [ 83.926914204030481, 27.729367832878101 ], [ 83.926901392457324, 27.729078956880329 ], [ 83.926521329867427, 27.728149145882007 ], [ 83.926529454343054, 27.72786258249694 ], [ 83.926621828667777, 27.727634708103427 ], [ 83.926654454561842, 27.727233082184306 ], [ 83.926638080500794, 27.727059332035154 ], [ 83.926516205517828, 27.726826832849191 ], [ 83.926327704092614, 27.726668832358879 ], [ 83.926243078829984, 27.726628144952826 ], [ 83.925214455373379, 27.726620832614593 ], [ 83.924959016372824, 27.726557457700316 ], [ 83.924444893000498, 27.726545957094821 ], [ 83.924103516511863, 27.726480269986382 ], [ 83.923845517168843, 27.726491457463116 ], [ 83.923543017984912, 27.726561208238024 ], [ 83.923145579650438, 27.726935582788315 ], [ 83.923053266655884, 27.72716345671412 ], [ 83.9228722678276, 27.727467957248155 ], [ 83.922140766169377, 27.728254957582251 ], [ 83.921783516992221, 27.728726457599873 ], [ 83.921498392972538, 27.728931582781126 ], [ 83.921275328878579, 27.729213519826068 ], [ 83.921077767639318, 27.729362333146529 ], [ 83.920819391545578, 27.729393770471741 ], [ 83.920648204596091, 27.729371144904697 ], [ 83.920224516423772, 27.729188145839402 ], [ 83.919909267077614, 27.728969082472307 ], [ 83.919740078710532, 27.728887707044212 ], [ 83.918976643035847, 27.72858258335847 ], [ 83.91865851700075, 27.728460707169052 ], [ 83.918042767329894, 27.72823464449263 ], [ 83.91774095453593, 27.728284082110772 ], [ 83.917609954146627, 27.728358458088046 ], [ 83.916922141381804, 27.729109458139295 ], [ 83.916666704120615, 27.729490644960112 ], [ 83.916226204184994, 27.730146957764081 ], [ 83.915875079619312, 27.73040852024042 ], [ 83.915631141651247, 27.730670145397429 ], [ 83.915195392595535, 27.730891020327547 ], [ 83.914598954478663, 27.730741707880032 ], [ 83.914427455449413, 27.730737081814112 ], [ 83.914342828658761, 27.730698707690685 ], [ 83.913830329694065, 27.730608082718142 ], [ 83.91348601787125, 27.730639458216842 ], [ 83.912886329075988, 27.73060526953936 ], [ 83.911850518118371, 27.730791895483403 ], [ 83.911590516429555, 27.730881956990196 ], [ 83.910645203969139, 27.730915207436045 ], [ 83.910041892234645, 27.730998332340526 ], [ 83.909177892683999, 27.731187270183938 ], [ 83.908701642950504, 27.731329207091314 ], [ 83.908549141888145, 27.73140352054261 ], [ 83.908216580573907, 27.73175977089376 ], [ 83.908126142013415, 27.731910894898732 ], [ 83.90810001628256, 27.732064332458517 ], [ 83.908199954031019, 27.732314895522304 ], [ 83.908450203872789, 27.732551957951568 ], [ 83.909084579973793, 27.732875082938186 ], [ 83.909723204650035, 27.733042457631807 ], [ 83.910104767111491, 27.733205144302485 ], [ 83.910229891999307, 27.73332483185267 ], [ 83.910332455492849, 27.733480582606067 ], [ 83.910273704942, 27.734015332295623 ], [ 83.910005766568958, 27.734353645692451 ], [ 83.90985170423923, 27.73448439424703 ], [ 83.909699455138508, 27.734558770465775 ], [ 83.908831892185901, 27.734862833172627 ], [ 83.908054768082792, 27.735018019434644 ], [ 83.907532454540657, 27.735254582370619 ], [ 83.906581516607972, 27.735481832419033 ], [ 83.90641001660434, 27.735477207238027 ], [ 83.9059468292796, 27.735179083327903 ], [ 83.905846517380198, 27.734946645905254 ], [ 83.905835391675211, 27.734599081866961 ], [ 83.905736705515864, 27.734310207124388 ], [ 83.90570082974051, 27.734077770125555 ], [ 83.905681830454043, 27.733272144862067 ], [ 83.905859516741202, 27.732356208311618 ], [ 83.906116204688317, 27.731670457753477 ], [ 83.90612314169033, 27.731440145606932 ], [ 83.906063329571296, 27.731286769242963 ], [ 83.905941142336701, 27.731072332420016 ], [ 83.905186267592157, 27.730478332709822 ], [ 83.905017079700798, 27.730397020546533 ], [ 83.904590455613103, 27.730310957553304 ], [ 83.904336641475638, 27.730188958329492 ], [ 83.904080891859607, 27.730125582611684 ], [ 83.903480517511795, 27.730111644522712 ], [ 83.903136204358404, 27.730140707130431 ], [ 83.902682517064576, 27.73024645828724 ], [ 83.902332017148424, 27.730487644421721 ], [ 83.902220267352547, 27.730636520165724 ], [ 83.902103703893204, 27.73094102074127 ], [ 83.902139642036644, 27.731173457000271 ], [ 83.901956079418653, 27.731570457007109 ], [ 83.901890080016642, 27.731626832331795 ], [ 83.901542517716038, 27.731773207846874 ], [ 83.901282829860364, 27.731843019744169 ], [ 83.900940142100424, 27.73181570828072 ], [ 83.900579204257042, 27.731691395191906 ], [ 83.900264330234904, 27.731454206987404 ], [ 83.90018139254569, 27.731357081895435 ], [ 83.900020329886615, 27.73100720671615 ], [ 83.899813891472405, 27.730734082810919 ], [ 83.899541516176583, 27.73051495725522 ], [ 83.89921057944477, 27.730104082236174 ], [ 83.898531204050656, 27.729857645229096 ], [ 83.898016079763323, 27.729864019680242 ], [ 83.897407517789659, 27.730118519965345 ], [ 83.897062266128245, 27.730188208153404 ], [ 83.896888142308313, 27.730260331891685 ], [ 83.896756204885804, 27.730370770739416 ], [ 83.896408955096916, 27.730496894152875 ], [ 83.895861454098053, 27.730868770543736 ], [ 83.895428642109337, 27.730992582351558 ], [ 83.895167641562438, 27.731100644870747 ], [ 83.894910892654323, 27.731075645423044 ], [ 83.894144267666576, 27.730885519268398 ], [ 83.893720641486837, 27.730702458168064 ], [ 83.89303895414875, 27.730532644996849 ], [ 83.892782205212725, 27.730505394176394 ], [ 83.892527079827758, 27.730423956828865 ], [ 83.891926766361138, 27.730409957831945 ], [ 83.891245329062272, 27.730240208229372 ], [ 83.89082270409223, 27.73001870717199 ], [ 83.890649267170403, 27.730070582329706 ], [ 83.890255954812815, 27.730311644426955 ], [ 83.890124267154604, 27.730404020114321 ], [ 83.890012579774464, 27.73055514427482 ], [ 83.889979517101096, 27.73093877055198 ], [ 83.890096766768679, 27.731324644542052 ], [ 83.889889267206371, 27.731798332352959 ], [ 83.889690954671593, 27.731967395542611 ], [ 83.8895172046672, 27.732039457920635 ], [ 83.889259454436342, 27.732052832114061 ], [ 83.888980517740038, 27.732045832041198 ], [ 83.888592080096842, 27.732113207950825 ], [ 83.888421267995156, 27.732090520268542 ], [ 83.887989393058803, 27.732175894807789 ], [ 83.887640517584003, 27.732358458436106 ], [ 83.887202453893266, 27.732655895672604 ], [ 83.886854891406344, 27.732800019298647 ], [ 83.88661445494121, 27.732948706662199 ], [ 83.886217141237267, 27.73330264493773 ], [ 83.885860391409253, 27.733755895679234 ], [ 83.885789142633698, 27.733983832147551 ], [ 83.885910642872773, 27.734216270840186 ], [ 83.885965454197333, 27.734543520113732 ], [ 83.885851766321565, 27.734753269827639 ], [ 83.88569883057346, 27.734845645357414 ], [ 83.885612267369652, 27.734861395143749 ], [ 83.885356830283115, 27.734797957141268 ], [ 83.885019454418099, 27.73459914489106 ], [ 83.884678767681848, 27.73451308291737 ], [ 83.884254454507996, 27.734350269718917 ], [ 83.883939580255259, 27.734110833194904 ], [ 83.883626704443898, 27.733817269924135 ], [ 83.883120766468679, 27.733516707766281 ], [ 83.882612891659448, 27.733274894636839 ], [ 83.882183954342452, 27.733263208138947 ], [ 83.882010205483169, 27.733335270089274 ], [ 83.881790642368287, 27.733504269467723 ], [ 83.88123583030746, 27.734104020720881 ], [ 83.881190766183465, 27.734178457491957 ], [ 83.881176953636015, 27.734638770253934 ], [ 83.881128892879389, 27.734810207357715 ], [ 83.880972391180052, 27.735017645356649 ], [ 83.88075251666028, 27.73518670775373 ], [ 83.880687142071466, 27.735222769922167 ], [ 83.880428767182366, 27.735254145297425 ], [ 83.880005455124007, 27.735052957623438 ], [ 83.879746392748629, 27.73510458320807 ], [ 83.879398828952574, 27.735248707872266 ], [ 83.879220766685847, 27.735456145833911 ], [ 83.879023141305666, 27.735604895184554 ], [ 83.878849329850283, 27.735676956684095 ], [ 83.878677142902418, 27.735692582904722 ], [ 83.878549766974331, 27.735651957983894 ], [ 83.878339391341214, 27.735511707291256 ], [ 83.878151579013405, 27.735333333141838 ], [ 83.87801520495313, 27.734870707806333 ], [ 83.877853642987986, 27.7338303324291 ], [ 83.877822766293576, 27.733426394464082 ], [ 83.877781642560393, 27.733367707619177 ], [ 83.877746391315952, 27.733117207909018 ], [ 83.877705892492088, 27.73304045736111 ], [ 83.877642579979877, 27.732999769962117 ], [ 83.877278018116698, 27.732990395155483 ], [ 83.877099579728494, 27.733218144481128 ], [ 83.876967328715125, 27.733328582137133 ], [ 83.876705954976131, 27.733456958073912 ], [ 83.876361642128899, 27.733488270031458 ], [ 83.876191453948209, 27.733445270604989 ], [ 83.875933392640519, 27.733458520400852 ], [ 83.875763204676261, 27.733415520448208 ], [ 83.875248391587149, 27.733403769623045 ], [ 83.874999829048448, 27.733450957818881 ], [ 83.874989392160813, 27.733453269825269 ], [ 83.874641766121499, 27.733599519824661 ], [ 83.874296142852145, 27.733666894337148 ], [ 83.873861955071305, 27.733829019508267 ], [ 83.873345829308334, 27.733873707728108 ], [ 83.873045829751774, 27.733929770022822 ], [ 83.872986017763765, 27.733913957901564 ], [ 83.872472453860553, 27.73390445795037 ], [ 83.872083642250175, 27.734048519912839 ], [ 83.871843454667669, 27.734235582004441 ], [ 83.87166995375479, 27.734327895884483 ], [ 83.871324267587369, 27.734453957637481 ], [ 83.871152392385611, 27.734489895461575 ], [ 83.870895641624202, 27.734485145055654 ], [ 83.870725454136419, 27.734442082954793 ], [ 83.870211892037418, 27.734432582733746 ], [ 83.869532829663697, 27.734206332686764 ], [ 83.868794703835789, 27.733772394847648 ], [ 83.868539642352346, 27.733708894585327 ], [ 83.867770641984237, 27.733654082930745 ], [ 83.867168516674354, 27.733757270381751 ], [ 83.866909454550267, 27.733847207190177 ], [ 83.86647945532782, 27.733934895523554 ], [ 83.86562358036484, 27.733916020856462 ], [ 83.865028704827694, 27.733750707622143 ], [ 83.864515828993731, 27.733720895149421 ], [ 83.864086579134508, 27.733770081769759 ], [ 83.863484142206829, 27.7338913324365 ], [ 83.863311580396257, 27.733945332188046 ], [ 83.863159328824764, 27.734037706917 ], [ 83.862644080573887, 27.734104895282602 ], [ 83.861955392527619, 27.734262145071366 ], [ 83.861098767349347, 27.734281583230018 ], [ 83.860330142950161, 27.734208644724646 ], [ 83.859925080251614, 27.73414276940176 ], [ 83.859309705297662, 27.733939082826847 ], [ 83.858882704631128, 27.733893520867642 ], [ 83.858798205547316, 27.733852769864423 ], [ 83.857860391557949, 27.733698394718967 ], [ 83.857775766244657, 27.733659957175135 ], [ 83.856751453947155, 27.733541583340617 ], [ 83.856238080129259, 27.733532019731353 ], [ 83.855560454774064, 27.733249270709209 ], [ 83.855305016772149, 27.733188083357895 ], [ 83.854793142719302, 27.733119832065007 ], [ 83.854536079926035, 27.733133082713749 ], [ 83.854194704520154, 27.733087581839172 ], [ 83.853767078861338, 27.733078144521432 ], [ 83.853441267432174, 27.733262832174624 ], [ 83.85318314146356, 27.733316644700096 ], [ 83.852663954241081, 27.733535020662305 ], [ 83.852062453770415, 27.733617833176883 ], [ 83.851543266958132, 27.733836207622691 ], [ 83.851371392491586, 27.733872082055051 ], [ 83.851028954595748, 27.73386495711274 ], [ 83.850427517038455, 27.733947769796227 ], [ 83.849821391658594, 27.734222457649054 ], [ 83.849562953890839, 27.734292082565386 ], [ 83.849475642488343, 27.73434839428576 ], [ 83.849217579969661, 27.734400020636159 ], [ 83.848570892779264, 27.734577582803166 ], [ 83.8479663917972, 27.734795770045025 ], [ 83.847364953872756, 27.734878645200883 ], [ 83.847023580130099, 27.734833144692576 ], [ 83.846515079539898, 27.734631770437424 ], [ 83.846429455427284, 27.734629395521377 ], [ 83.846008579598774, 27.734353644844649 ], [ 83.845716391791541, 27.734059957771304 ], [ 83.845655017395771, 27.733944832180242 ], [ 83.845682329112122, 27.733714706823239 ], [ 83.84564451632248, 27.733522832325995 ], [ 83.845265392205746, 27.733285519834318 ], [ 83.845223955390622, 27.733226769756389 ], [ 83.845238705064602, 27.732653644965836 ], [ 83.84509751673032, 27.732306019319207 ], [ 83.844785455427953, 27.731955894968802 ], [ 83.84457951618397, 27.731644270408324 ], [ 83.844203141907428, 27.73129414468276 ], [ 83.843955392408802, 27.730944081789694 ], [ 83.843878579935378, 27.730598769415273 ], [ 83.843887266082646, 27.730253519160819 ], [ 83.84400014216699, 27.730025770434903 ], [ 83.844412954588037, 27.729787020039122 ], [ 83.844501517564666, 27.729674332353554 ], [ 83.844704329757434, 27.729275208396349 ], [ 83.844778392972032, 27.728875833264073 ], [ 83.844937142881633, 27.72853533257393 ], [ 83.845286455077911, 27.728255958140917 ], [ 83.845699204473831, 27.728014895853121 ], [ 83.84580939187353, 27.727902207032216 ], [ 83.845987579229018, 27.72761808200352 ], [ 83.846171829851656, 27.727106081932597 ], [ 83.846199141631487, 27.726878207274108 ], [ 83.846099641960919, 27.726589269310583 ], [ 83.846149518037777, 27.72630277009306 ], [ 83.846162892281924, 27.725786083220306 ], [ 83.846125828921785, 27.725555894954518 ], [ 83.846026079071351, 27.725266957511906 ], [ 83.846010578881376, 27.725036770622182 ], [ 83.846126393033515, 27.724696144759481 ], [ 83.846176641425814, 27.724409645865673 ], [ 83.846267891474724, 27.724181833122874 ], [ 83.846446392071513, 27.723897707678749 ], [ 83.846567955480339, 27.723326956867918 ], [ 83.846481329204863, 27.722521333128061 ], [ 83.846404454690642, 27.722176019858896 ], [ 83.846397953871417, 27.721602895704731 ], [ 83.8463085175256, 27.720912269952617 ], [ 83.846408579465646, 27.720339269390852 ], [ 83.846588516508007, 27.719998769989694 ], [ 83.846635642833348, 27.71982733187151 ], [ 83.846690141999446, 27.719369332497809 ], [ 83.846660454774764, 27.718852519733431 ], [ 83.846479829267736, 27.718389770284393 ], [ 83.846444392468428, 27.718103145281763 ], [ 83.846450080303597, 27.717873020518283 ], [ 83.846541391215439, 27.717645207431787 ], [ 83.846573016229598, 27.717243583086564 ], [ 83.846580955469051, 27.716097331870742 ], [ 83.84680932954474, 27.715526707538448 ], [ 83.846919830562541, 27.715396020467232 ], [ 83.847029267945402, 27.715301269308139 ], [ 83.84750632983318, 27.715044582506916 ], [ 83.848030828800646, 27.714614269600762 ], [ 83.848163579355202, 27.714445081952352 ], [ 83.848690766706639, 27.713922145619918 ], [ 83.848867579130896, 27.713694456761839 ], [ 83.849239891808182, 27.713358645631299 ], [ 83.849791954914821, 27.71268233289894 ], [ 83.850816330486552, 27.711956832369079 ], [ 83.850904580302384, 27.711844145315933 ], [ 83.850934828958529, 27.711498895180004 ], [ 83.850915329664559, 27.711422145694232 ], [ 83.850474579598696, 27.7110878324015 ], [ 83.850098205160478, 27.710735332690724 ], [ 83.850057454000535, 27.710658582631378 ], [ 83.849784829604275, 27.710443895000179 ], [ 83.84953451739166, 27.710188706948998 ], [ 83.849134891454298, 27.709912957467019 ], [ 83.848884204161664, 27.709678019957348 ], [ 83.848337391990938, 27.709302832431455 ], [ 83.848166267265682, 27.709300395644465 ], [ 83.847992454759776, 27.70941076943615 ], [ 83.847733393077988, 27.709500706884992 ], [ 83.847472642776481, 27.709649394664883 ], [ 83.847127329633935, 27.70977533199094 ], [ 83.846610516773424, 27.709898894309855 ], [ 83.845744766416345, 27.7102837700183 ], [ 83.845313829850923, 27.710407394244839 ], [ 83.844901517726512, 27.710628081790752 ], [ 83.84455589212908, 27.710756270577825 ], [ 83.844297829178231, 27.710807895305596 ], [ 83.843783704396316, 27.710834395428872 ], [ 83.842844141697327, 27.710758894394747 ], [ 83.842501516500349, 27.710769769280024 ], [ 83.842160892914237, 27.710706207871837 ], [ 83.841305141416754, 27.710687145517895 ], [ 83.840876954317793, 27.710697957998569 ], [ 83.840618953692356, 27.710749583157074 ], [ 83.840402642319646, 27.710841832361965 ], [ 83.839685704971416, 27.711267457681707 ], [ 83.839073267689344, 27.71179026979312 ], [ 83.838855642826985, 27.711938957066657 ], [ 83.838507954227083, 27.712141582248069 ], [ 83.837947391217114, 27.71230114448819 ], [ 83.837795391935558, 27.712393520805634 ], [ 83.837533328941348, 27.71259852011962 ], [ 83.837136767127561, 27.713049332256979 ], [ 83.836984516628618, 27.713141707373396 ], [ 83.836611579277061, 27.713497769320838 ], [ 83.836264892182996, 27.713662082622697 ], [ 83.835919893027409, 27.713769956838448 ], [ 83.835661828802088, 27.713803520103863 ], [ 83.835319954708297, 27.713757956815368 ], [ 83.834980017878436, 27.713635707176337 ], [ 83.834638141458043, 27.713590208091219 ], [ 83.833871828906439, 27.713381707796042 ], [ 83.833333267122953, 27.713385519239413 ], [ 83.833185892802405, 27.713387645129547 ], [ 83.832754641217605, 27.713493145631048 ], [ 83.832497266981207, 27.713506394851599 ], [ 83.8318946422865, 27.713607207511409 ], [ 83.831462703843542, 27.713751081797536 ], [ 83.830256641455861, 27.713993332274441 ], [ 83.829742579081866, 27.713983644526657 ], [ 83.829486892743816, 27.713920145557367 ], [ 83.828716454275238, 27.713885333261466 ], [ 83.827344392333117, 27.713912957376664 ], [ 83.827003455141011, 27.713829082730303 ], [ 83.826578704002358, 27.713666083116063 ], [ 83.826240516619379, 27.713467082215089 ], [ 83.825880080413583, 27.71330639505187 ], [ 83.825775329402774, 27.713209269198583 ], [ 83.825630829614312, 27.712976645572184 ], [ 83.825632141943757, 27.71291801916734 ], [ 83.825509266910473, 27.7126854569388 ], [ 83.825301892283761, 27.71239408231175 ], [ 83.82499439120879, 27.711813769291158 ], [ 83.824491829008764, 27.711323520698809 ], [ 83.824175953998406, 27.711088457807143 ], [ 83.823583766070655, 27.71076951931655 ], [ 83.823457829152787, 27.71065201960684 ], [ 83.823288766113251, 27.710552519982169 ], [ 83.823118953853054, 27.710491395147198 ], [ 83.822498830171725, 27.710438707601774 ], [ 83.822194267239212, 27.710623332437315 ], [ 83.821932142934969, 27.710828332800254 ], [ 83.821619391534696, 27.711358207505789 ], [ 83.821421953573463, 27.711545207888726 ], [ 83.821095828656524, 27.711747894687282 ], [ 83.821009579317831, 27.711765833025616 ], [ 83.820509204509364, 27.712081083185794 ], [ 83.820249829178124, 27.712171019220847 ], [ 83.820075641440766, 27.712281332057142 ], [ 83.819645078834796, 27.712368769869485 ], [ 83.819471955303229, 27.712440770568527 ], [ 83.818971267726994, 27.712756020121635 ], [ 83.818711829706757, 27.712845956785067 ], [ 83.817758017886661, 27.713305019854815 ], [ 83.817499641480296, 27.713356582405794 ], [ 83.817326454238227, 27.71342852074709 ], [ 83.816810016396744, 27.713513581719798 ], [ 83.816636830381611, 27.713585582376595 ], [ 83.816120391274183, 27.713670644379 ], [ 83.815430454123344, 27.713848020267879 ], [ 83.814915016669588, 27.713892394372053 ], [ 83.814656266498531, 27.713964270901084 ], [ 83.813712267022481, 27.714001394228212 ], [ 83.813453578805778, 27.714073207212394 ], [ 83.812980954321844, 27.714119957741001 ], [ 83.812652080518205, 27.71441964548012 ], [ 83.812248580430889, 27.715156958382707 ], [ 83.81185157858755, 27.715625770218448 ], [ 83.811762266470055, 27.715779145228929 ], [ 83.81149914172498, 27.716020144389695 ], [ 83.811346829381463, 27.716114707837708 ], [ 83.810567455357557, 27.716440832484203 ], [ 83.810107828670908, 27.716832832361369 ], [ 83.809934641305063, 27.716907082818651 ], [ 83.809592080220142, 27.716899831878422 ], [ 83.809247767845378, 27.716948958246796 ], [ 83.808666892835234, 27.717051956927012 ], [ 83.808320204739488, 27.717195895540325 ], [ 83.808123391926202, 27.717364894544794 ], [ 83.807863641050659, 27.717475082261259 ], [ 83.807318766805025, 27.717844395337149 ], [ 83.806712579670204, 27.718100769269672 ], [ 83.806581204472351, 27.718211144580625 ], [ 83.806335079707793, 27.718646333137254 ], [ 83.80613726642359, 27.718853644178708 ], [ 83.80591951767866, 27.71898195756977 ], [ 83.805809016536259, 27.719132956720756 ], [ 83.805677642299671, 27.719245582185028 ], [ 83.805477392522803, 27.719547707538247 ], [ 83.805345642543159, 27.719678395475935 ], [ 83.805211079034876, 27.719924144686996 ], [ 83.805013642299812, 27.720111144752725 ], [ 83.804600830067798, 27.720352019805855 ], [ 83.803901204389916, 27.720910581852461 ], [ 83.803488766970005, 27.721131145133128 ], [ 83.803316954721296, 27.721146707074507 ], [ 83.803057516656594, 27.72123658258301 ], [ 83.802023828655564, 27.721444957662111 ], [ 83.801077079391519, 27.721597019813636 ], [ 83.800046142297646, 27.721688019859297 ], [ 83.799704517467447, 27.721642458343915 ], [ 83.799274955013075, 27.721671144626519 ], [ 83.798583205254147, 27.721925145435861 ], [ 83.798326830172755, 27.721881957385222 ], [ 83.797988329754091, 27.721700895592146 ], [ 83.797562204538565, 27.721596457467879 ], [ 83.796704455179821, 27.721615520085034 ], [ 83.796188954525689, 27.72166214558975 ], [ 83.795248016522891, 27.721584019626246 ], [ 83.794388328766217, 27.721679770701552 ], [ 83.794235578569129, 27.721792394972081 ], [ 83.793542766710104, 27.722082457676066 ], [ 83.792768891235696, 27.722162520673471 ], [ 83.792251391834455, 27.722267707675762 ], [ 83.792142892369228, 27.722321769917436 ], [ 83.791879329175671, 27.722565082796912 ], [ 83.791666705138738, 27.722713645108325 ], [ 83.791230766479103, 27.722762644535589 ], [ 83.790888141752561, 27.722737394859884 ], [ 83.790607142033394, 27.722827144881503 ], [ 83.790431204973657, 27.722996144615106 ], [ 83.79033982999546, 27.723223894723969 ], [ 83.790228578907715, 27.723374895453599 ], [ 83.789854829619628, 27.723730832624589 ], [ 83.789328705261838, 27.724179081899997 ], [ 83.789155204355694, 27.724253269601434 ], [ 83.789023766730182, 27.724363582830051 ], [ 83.78867670502143, 27.724509769299512 ], [ 83.788076391831481, 27.724497581822639 ], [ 83.787567393002917, 27.724277956931704 ], [ 83.787396641983861, 27.724234833103786 ], [ 83.786539266605473, 27.724217707501168 ], [ 83.786279829007, 27.724287269600218 ], [ 83.785586705208004, 27.724561456911761 ], [ 83.785069579392029, 27.724646394360462 ], [ 83.784722829165929, 27.724792519920893 ], [ 83.784377829523464, 27.724861957061016 ], [ 83.783866454101243, 27.724716770380692 ], [ 83.78343833031532, 27.724688957021353 ], [ 83.782926641842778, 27.724564083420802 ], [ 83.782501891422982, 27.724400894742047 ], [ 83.781137330329301, 27.724064833045976 ], [ 83.780967891890938, 27.723985582189801 ], [ 83.780028079770631, 27.72383295680682 ], [ 83.779602017833625, 27.723708145616456 ], [ 83.77865939175723, 27.72366827008549 ], [ 83.778399954103079, 27.7237400819727 ], [ 83.778032704349926, 27.723847770389764 ], [ 83.777860516185356, 27.7238633325839 ], [ 83.777433767069198, 27.723776894861714 ], [ 83.777094203598864, 27.723636519194557 ], [ 83.776751267273085, 27.72362914478855 ], [ 83.77640970376919, 27.723565394912338 ], [ 83.7761513297459, 27.723596581962919 ], [ 83.775894579747174, 27.723573582172207 ], [ 83.775549266723345, 27.723661020385727 ], [ 83.775377454446868, 27.723658458136633 ], [ 83.775123141098987, 27.723538457186759 ], [ 83.774866829210978, 27.723492956734795 ], [ 83.774357891433127, 27.723273207645786 ], [ 83.774101891456993, 27.723209707074599 ], [ 83.773677204313003, 27.72304645716536 ], [ 83.773333953516342, 27.723039144187325 ], [ 83.77316345498123, 27.722998270513681 ], [ 83.772734267194963, 27.723008832448105 ], [ 83.77188458034037, 27.722684770227197 ], [ 83.771542954332716, 27.722618769860244 ], [ 83.771033391158042, 27.722417082563428 ], [ 83.770630891805496, 27.722217832713969 ], [ 83.770119267009377, 27.722090644661019 ], [ 83.768576704230611, 27.722020395227108 ], [ 83.767891891745194, 27.721949207589397 ], [ 83.767466516301866, 27.721806333059014 ], [ 83.76678445387752, 27.721638269960771 ], [ 83.765845016905544, 27.721465206721792 ], [ 83.765073204050694, 27.721448082134078 ], [ 83.764900704668193, 27.721483894178451 ], [ 83.764208578604695, 27.721717394372252 ], [ 83.763690392740784, 27.721840644921617 ], [ 83.76360345530594, 27.721896894954916 ], [ 83.763344016336475, 27.721968644314032 ], [ 83.76308282974982, 27.722114832110393 ], [ 83.76273845455853, 27.722166207247458 ], [ 83.762564578500658, 27.722258394436729 ], [ 83.762305829182566, 27.722309832313183 ], [ 83.762048830467492, 27.722284582481294 ], [ 83.761875954832618, 27.722338457897216 ], [ 83.761620266093956, 27.722277082943908 ], [ 83.761387579480512, 27.722136769810167 ], [ 83.760864079889771, 27.721646270227673 ], [ 83.76044839123405, 27.721121956972453 ], [ 83.759922766874709, 27.720708207157497 ], [ 83.759584767308127, 27.720509020864714 ], [ 83.759160454282934, 27.720327769452147 ], [ 83.758928453685556, 27.720169394591842 ], [ 83.758418203927476, 27.719985770871464 ], [ 83.75824639258235, 27.720001269632398 ], [ 83.757555330041299, 27.720178332737415 ], [ 83.756953642042618, 27.720222395629477 ], [ 83.756432642694207, 27.720460644929705 ], [ 83.756105703817866, 27.720665394875091 ], [ 83.755675142466259, 27.720732332498258 ], [ 83.754302017920097, 27.720741207646196 ], [ 83.753784578506497, 27.720846332057945 ], [ 83.753441516747841, 27.720839020663398 ], [ 83.753185204452549, 27.720795644492799 ], [ 83.751536954428261, 27.719822395772017 ], [ 83.751197517147517, 27.719679644520134 ], [ 83.750685891874767, 27.719554583424713 ], [ 83.750261955071366, 27.719353019135504 ], [ 83.749999892139613, 27.719318707539287 ], [ 83.749920079360734, 27.719307269414198 ], [ 83.74948914128916, 27.719376458020498 ], [ 83.748716642877213, 27.719397582562713 ], [ 83.748291329019864, 27.719254707991869 ], [ 83.748034328818022, 27.719229395167996 ], [ 83.747248266804363, 27.71894589484527 ], [ 83.747122392733587, 27.71882833255923 ], [ 83.746956829597892, 27.71859339500088 ], [ 83.746406329064214, 27.717488957372055 ], [ 83.746205078871583, 27.71720883273559 ], [ 83.746096454999758, 27.717199582492945 ], [ 83.745668204507155, 27.717313832601867 ], [ 83.745411204821195, 27.717295332999573 ], [ 83.744961517560583, 27.716989894246787 ], [ 83.7447257045133, 27.716720957121936 ], [ 83.744126203895476, 27.71624370798876 ], [ 83.744083267481415, 27.71616689505591 ], [ 83.743954767047853, 27.716071894883193 ], [ 83.743847392635359, 27.715918269727382 ], [ 83.743718955204614, 27.715805207963943 ], [ 83.743569142679888, 27.715728207801444 ], [ 83.74262714275099, 27.71551664460241 ], [ 83.742027203604991, 27.715210895230651 ], [ 83.741748892767646, 27.714964394946783 ], [ 83.741470578685096, 27.714848832889938 ], [ 83.741128017217406, 27.714809833175718 ], [ 83.740870830015595, 27.714734894741774 ], [ 83.740271392916867, 27.714638957404265 ], [ 83.739586266782126, 27.714581270031388 ], [ 83.73907245516574, 27.714467457751915 ], [ 83.738901328536329, 27.714467145037627 ], [ 83.738301891877612, 27.714637519236582 ], [ 83.737873891396291, 27.714677332725113 ], [ 83.73735982959451, 27.714543208329516 ], [ 83.737038517436858, 27.714371144686464 ], [ 83.736524830127877, 27.714218957324903 ], [ 83.735668642187051, 27.714255708225476 ], [ 83.735497204520769, 27.714237332836547 ], [ 83.735304392879598, 27.71416020729346 ], [ 83.734705142430329, 27.714122957123941 ], [ 83.734362517123074, 27.713989207804559 ], [ 83.733912704702448, 27.713624957127834 ], [ 83.733826891186766, 27.713586519255703 ], [ 83.733570079576936, 27.713376145227159 ], [ 83.733441329183663, 27.713263082378418 ], [ 83.73337707919211, 27.713089207000738 ], [ 83.733376828756093, 27.712802645255849 ], [ 83.73346232914021, 27.712574894520145 ], [ 83.733462455206478, 27.712401208075203 ], [ 83.733312454354504, 27.712173020074935 ], [ 83.733226642487438, 27.712134457277024 ], [ 83.732819704185914, 27.711734270046083 ], [ 83.732798267382577, 27.711560519407527 ], [ 83.732626767516976, 27.711102083003318 ], [ 83.732133766919887, 27.710223394466379 ], [ 83.731941017706859, 27.709995145693682 ], [ 83.731533954121872, 27.70938283314619 ], [ 83.731298267071523, 27.709210895099634 ], [ 83.731148391471066, 27.70907752079065 ], [ 83.73106282854765, 27.709057019531215 ], [ 83.730634579412708, 27.708943332262308 ], [ 83.730291955390499, 27.708980958057026 ], [ 83.730014017587237, 27.709133957565903 ], [ 83.729585830362296, 27.709478332844824 ], [ 83.729500266065273, 27.709496208242502 ], [ 83.729329078870421, 27.709631269439381 ], [ 83.728901142819296, 27.709801831775302 ], [ 83.728558704303296, 27.709859895211189 ], [ 83.727787829428934, 27.70989901942826 ], [ 83.727359954919791, 27.71001327066995 ], [ 83.727017267507264, 27.710050956803077 ], [ 83.726417954605125, 27.710049770256184 ], [ 83.726160954114221, 27.710031270199163 ], [ 83.725304766738702, 27.709839956964373 ], [ 83.724962329793527, 27.709916019732272 ], [ 83.724790955075363, 27.709992394704482 ], [ 83.724512766062773, 27.71022195730216 ], [ 83.724256016741279, 27.710356832874066 ], [ 83.723613892463575, 27.710488708019415 ], [ 83.723249953706329, 27.710776832987285 ], [ 83.723121642796002, 27.711004457466267 ], [ 83.72316457987867, 27.711311394470833 ], [ 83.723314703452544, 27.711616332580522 ], [ 83.723314829988695, 27.7118081450209 ], [ 83.723058141996802, 27.711922706829892 ], [ 83.72280114191733, 27.711922206944408 ], [ 83.722458454466903, 27.711808707221103 ], [ 83.721773517340864, 27.711730582675042 ], [ 83.721516704483165, 27.711750395096704 ], [ 83.72117414200801, 27.711711332535561 ], [ 83.720788830267892, 27.711827894691268 ], [ 83.720146891355455, 27.712361395576895 ], [ 83.719761703710645, 27.71276220739324 ], [ 83.719676205115931, 27.712859083025794 ], [ 83.719333954017344, 27.713469894731997 ], [ 83.719077204629372, 27.713737894308561 ], [ 83.718734704572384, 27.713929020001242 ], [ 83.718477704203934, 27.714023206845983 ], [ 83.718285267513608, 27.714196583140016 ], [ 83.71798576742286, 27.714538958050433 ], [ 83.717279454586645, 27.715092582388909 ], [ 83.716594391796249, 27.715400332265101 ], [ 83.716337516723314, 27.715456208178701 ], [ 83.71582370350076, 27.715457394586892 ], [ 83.715052955036171, 27.715302395683331 ], [ 83.713682954406167, 27.714997207579636 ], [ 83.713318892064336, 27.714845270727942 ], [ 83.713126203679579, 27.714844895034982 ], [ 83.712847767743995, 27.714900707158087 ], [ 83.71256970385096, 27.715053582592979 ], [ 83.71231301670926, 27.715283208269074 ], [ 83.711906203534156, 27.715571145271127 ], [ 83.711392329687826, 27.715741582510759 ], [ 83.710536079874672, 27.715665395371417 ], [ 83.710279205339432, 27.715608394630696 ], [ 83.710022204103453, 27.715607833065068 ], [ 83.709572642023744, 27.715397083118859 ], [ 83.709315703550772, 27.715340145445698 ], [ 83.709058641958606, 27.71535989535521 ], [ 83.708737829668124, 27.71528251980093 ], [ 83.708480829504779, 27.715128519177537 ], [ 83.708333453878708, 27.715134958223075 ], [ 83.708052642097272, 27.715147895025712 ], [ 83.707966954987526, 27.715186081918723 ], [ 83.707710204206677, 27.715187832605928 ], [ 83.707024766845279, 27.715263144215548 ], [ 83.706510641666725, 27.715377083154372 ], [ 83.705910766268559, 27.715587895682106 ], [ 83.705225204972919, 27.715701519677474 ], [ 83.704882330035488, 27.715682770121052 ], [ 83.704625142334166, 27.715720519720715 ], [ 83.7041110795424, 27.715719458023834 ], [ 83.703768267040658, 27.715795519669957 ], [ 83.703511266010111, 27.715891895335137 ], [ 83.70342532963906, 27.71589170764522 ], [ 83.703275454435129, 27.71600651999816 ], [ 83.703104392132516, 27.716082832490155 ], [ 83.702975703943636, 27.7161976448212 ], [ 83.70278351756356, 27.71648376955519 ], [ 83.702547954317708, 27.716616395370423 ], [ 83.702033579481423, 27.716597270133519 ], [ 83.701690329485288, 27.716483707072012 ], [ 83.701046955254711, 27.716119019668774 ], [ 83.700446766016199, 27.715851456881751 ], [ 83.699846517482911, 27.715717019533802 ], [ 83.699160704042029, 27.715697520852821 ], [ 83.69864639137478, 27.715773083268495 ], [ 83.69770345479121, 27.715753019209867 ], [ 83.697446579376518, 27.715829207678532 ], [ 83.697189203648676, 27.715830832777829 ], [ 83.696846454158049, 27.715983520522897 ], [ 83.69665370488363, 27.716001207572031 ], [ 83.696439517290955, 27.716097707200117 ], [ 83.696268266919603, 27.716250769460586 ], [ 83.696204141787646, 27.716383769511584 ], [ 83.695969079929839, 27.71669014546249 ], [ 83.695626953481593, 27.717318958231228 ], [ 83.695412829093286, 27.717492207791299 ], [ 83.694556205005171, 27.717797206810438 ], [ 83.694192142648575, 27.717967895071727 ], [ 83.694042204549561, 27.718102958196855 ], [ 83.693678579066884, 27.718580519887809 ], [ 83.693614453750811, 27.718618707638278 ], [ 83.693442828759558, 27.718656645596525 ], [ 83.692499953958105, 27.718636520826522 ], [ 83.691900016774326, 27.718732269614172 ], [ 83.691557391696037, 27.718826269769082 ], [ 83.691043267384046, 27.719075582425397 ], [ 83.690614766298253, 27.719171644969823 ], [ 83.690014705354855, 27.719188332330294 ], [ 83.689671891309615, 27.719246269495418 ], [ 83.688900891600454, 27.719533332181545 ], [ 83.68864376736839, 27.719550832640412 ], [ 83.688386516964414, 27.719626958193476 ], [ 83.688129703740074, 27.719761769674903 ], [ 83.687958142227984, 27.719799644988083 ], [ 83.687701391854688, 27.719914207441835 ], [ 83.687015892020398, 27.72010445811382 ], [ 83.685901830159096, 27.720505833205969 ], [ 83.685387642932483, 27.720543019471478 ], [ 83.68427332989188, 27.720714269394009 ], [ 83.684016204019343, 27.720733958095494 ], [ 83.682987330070929, 27.720521769570755 ], [ 83.682730017512824, 27.720388082759474 ], [ 83.682215391528999, 27.720235708346021 ], [ 83.681786766114456, 27.720158019239982 ], [ 83.681529329357872, 27.720062644210021 ], [ 83.6811006411275, 27.720005207516174 ], [ 83.680629079322557, 27.719889082662593 ], [ 83.6802430171699, 27.719545207625945 ], [ 83.680114079080141, 27.719335019601182 ], [ 83.679770579480575, 27.718952894807011 ], [ 83.679320204801883, 27.718626957794218 ], [ 83.67910557883161, 27.718416582922551 ], [ 83.679127141884507, 27.718319645841266 ], [ 83.679191329122744, 27.718263333149913 ], [ 83.679641203598308, 27.718226020111715 ], [ 83.68157014208569, 27.718476457648354 ], [ 83.682020204184639, 27.718475206909307 ], [ 83.682148953979066, 27.71843714497836 ], [ 83.682341703864708, 27.718437582019526 ], [ 83.682984455015543, 27.718342019686489 ], [ 83.683306079590054, 27.718363081868706 ], [ 83.683691642602099, 27.718323333121006 ], [ 83.684141703522414, 27.718324395095028 ], [ 83.684527454986764, 27.718210207282432 ], [ 83.684826954030939, 27.718001019163076 ], [ 83.685190641652682, 27.717503207401617 ], [ 83.685404516879075, 27.716986957614989 ], [ 83.685618329543871, 27.716700832404346 ], [ 83.686003328921075, 27.716279770323144 ], [ 83.686153267337062, 27.716052207358022 ], [ 83.686430829520319, 27.715421020032121 ], [ 83.686452080134316, 27.715306020482974 ], [ 83.686730267504075, 27.714789831936425 ], [ 83.687093704162095, 27.714371019414358 ], [ 83.687586142251718, 27.71396827048298 ], [ 83.687843016955611, 27.713682269500602 ], [ 83.687971078819345, 27.713452394157073 ], [ 83.688163390942634, 27.712936144334286 ], [ 83.688248828740882, 27.712764832897069 ], [ 83.688312954292542, 27.712708519354972 ], [ 83.688548017260686, 27.712192332672398 ], [ 83.688847454241326, 27.711676270374284 ], [ 83.689446517659562, 27.710874331711636 ], [ 83.689766892374209, 27.710184582753431 ], [ 83.690066391932532, 27.709880644847885 ], [ 83.690237766854068, 27.709804332848279 ], [ 83.690580391471016, 27.709554581680315 ], [ 83.690986828838248, 27.709174207706941 ], [ 83.691158016690764, 27.708944395655596 ], [ 83.691328829276287, 27.708484457111695 ], [ 83.691328642263286, 27.708333269701463 ], [ 83.691328517178277, 27.708256644279675 ], [ 83.691478017606528, 27.707855332686915 ], [ 83.691649016217141, 27.707569082326572 ], [ 83.691947891885889, 27.70665133239558 ], [ 83.692011642344795, 27.706306269247573 ], [ 83.692010829891188, 27.705789520490921 ], [ 83.691967891928897, 27.705617957017182 ], [ 83.691967578622894, 27.70539008270762 ], [ 83.692116579417217, 27.704699895707407 ], [ 83.692180141923458, 27.704185582494226 ], [ 83.69217945476025, 27.703840332554574 ], [ 83.69198558033753, 27.70303889481762 ], [ 83.691963454643286, 27.702463457959841 ], [ 83.691877266275753, 27.702120270554122 ], [ 83.691683830119203, 27.701718207496658 ], [ 83.691662141840425, 27.70154664421554 ], [ 83.691661829332119, 27.701316520555185 ], [ 83.691853578906176, 27.700513644295189 ], [ 83.69183201777318, 27.700400770502707 ], [ 83.691873579074951, 27.699482457677004 ], [ 83.691701204969405, 27.698678770777537 ], [ 83.691701080311162, 27.698507333054685 ], [ 83.691807454280735, 27.697990833126664 ], [ 83.691978267633374, 27.69774302044004 ], [ 83.692342204659383, 27.697360207547902 ], [ 83.692556203762621, 27.697189207373043 ], [ 83.692791579479788, 27.69690314578121 ], [ 83.693261892615098, 27.69621370686043 ], [ 83.693454579084857, 27.695986270368905 ], [ 83.693561078854714, 27.695736019806407 ], [ 83.693711016730873, 27.695508456754599 ], [ 83.693967454916546, 27.695240519181649 ], [ 83.69424595361231, 27.695049332739988 ], [ 83.694460016812613, 27.69495277072695 ], [ 83.694802891831969, 27.694876769608804 ], [ 83.695059704106441, 27.69470589498788 ], [ 83.695380579787866, 27.694420020650423 ], [ 83.695487391126903, 27.694284832630693 ], [ 83.695722891267792, 27.694152207208035 ], [ 83.69645145407371, 27.694151581882249 ], [ 83.696665767120834, 27.694113708055475 ], [ 83.696815578979397, 27.694019269818384 ], [ 83.69726476705533, 27.693616333007814 ], [ 83.697393079211594, 27.69340676924444 ], [ 83.69764976711555, 27.693159082717646 ], [ 83.698056954069358, 27.693044894862801 ], [ 83.698206830299583, 27.692948207809909 ], [ 83.698249579621731, 27.692871581740121 ], [ 83.698591953993358, 27.692567706796403 ], [ 83.698805704240883, 27.692261332810244 ], [ 83.699018954698474, 27.691688645108975 ], [ 83.699211392065479, 27.6914205196599 ], [ 83.699361267083816, 27.6913238322167 ], [ 83.699553766555809, 27.691134708259984 ], [ 83.699939204492182, 27.690867019207491 ], [ 83.70011020436381, 27.690675582406051 ], [ 83.700452892249686, 27.690522894441411 ], [ 83.700731017419514, 27.690313645911711 ], [ 83.700966267226221, 27.690045645623453 ], [ 83.70107301721761, 27.689815707446087 ], [ 83.701393829177476, 27.689414769565946 ], [ 83.701950454589308, 27.688994019616963 ], [ 83.702399954642971, 27.688823458004499 ], [ 83.702721079930726, 27.688535332863964 ], [ 83.70297720446807, 27.68811620797803 ], [ 83.703040079054489, 27.687064831864582 ], [ 83.703083017357045, 27.686988208221656 ], [ 83.703275516817541, 27.686817144935596 ], [ 83.70363945450822, 27.686626082425146 ], [ 83.703725016402785, 27.686511208155132 ], [ 83.703831455135457, 27.686166207919563 ], [ 83.703831454472365, 27.686051082027113 ], [ 83.703938017018856, 27.685764769510975 ], [ 83.704087642817669, 27.685516895005815 ], [ 83.704216017748806, 27.685384019629812 ], [ 83.70447276698043, 27.685231145187061 ], [ 83.704750891199552, 27.685001582055982 ], [ 83.705157767766565, 27.684772270767784 ], [ 83.705478453710114, 27.684294581710105 ], [ 83.705499579294724, 27.684217894652061 ], [ 83.70644064133208, 27.683166145453228 ], [ 83.706654267120626, 27.682649895822632 ], [ 83.706610517409032, 27.682191707395411 ], [ 83.706503267734277, 27.681904957799865 ], [ 83.706202766894791, 27.681694457338899 ], [ 83.704874016966869, 27.681292207929623 ], [ 83.704702642505538, 27.681291831944119 ], [ 83.704188703737415, 27.68140583269161 ], [ 83.704102828864677, 27.681407894936456 ], [ 83.703824266878954, 27.681310270506408 ], [ 83.703738578663845, 27.68125370669997 ], [ 83.703631266164095, 27.681100020423166 ], [ 83.703588266468046, 27.680948769636824 ], [ 83.703673328722601, 27.6806420822662 ], [ 83.703740829311812, 27.680520332182489 ], [ 83.704060142242312, 27.680308895465409 ], [ 83.704211204346606, 27.68023252033548 ], [ 83.704495267091858, 27.679833770545411 ], [ 83.704476829187101, 27.679603582114559 ], [ 83.704311517003333, 27.679102269918172 ], [ 83.70418607932497, 27.678853707553881 ], [ 83.704058330121498, 27.678756519217139 ], [ 83.703566642521054, 27.678617770402141 ], [ 83.703140453976957, 27.678404769466308 ], [ 83.702669579696234, 27.67830445786306 ], [ 83.702606017447977, 27.678247957072895 ], [ 83.702479391150135, 27.678073895063246 ], [ 83.702312954243027, 27.677669645201991 ], [ 83.702293766970953, 27.677498144260756 ], [ 83.702340454520595, 27.677209395140299 ], [ 83.702215080379162, 27.67694058259287 ], [ 83.702109328971403, 27.676805020458445 ], [ 83.701620454254098, 27.676456456788085 ], [ 83.701408766919343, 27.676225831751463 ], [ 83.701411142363668, 27.676054331996113 ], [ 83.701610891600453, 27.675538083238028 ], [ 83.701634516418636, 27.675364333049281 ], [ 83.701601830370123, 27.674558706973581 ], [ 83.701691392116885, 27.674272331997553 ], [ 83.701694954538965, 27.673985770040886 ], [ 83.701512142532735, 27.67317758213315 ], [ 83.701242955092567, 27.672427832205774 ], [ 83.701213953531663, 27.671335707119265 ], [ 83.701110516175817, 27.67104664523945 ], [ 83.700890579559839, 27.669780270663672 ], [ 83.700828579659557, 27.669606395211844 ], [ 83.700597517376863, 27.669222333146859 ], [ 83.700066766666623, 27.668776645789521 ], [ 83.699856642569628, 27.668430895458791 ], [ 83.699753266027216, 27.668141895794722 ], [ 83.69967308016777, 27.667681394302196 ], [ 83.699527328754385, 27.6673358325558 ], [ 83.699595579737831, 27.667049519840759 ], [ 83.699597642625093, 27.666875706813531 ], [ 83.699561454609352, 27.666668019992208 ], [ 83.699457955084682, 27.666069832957096 ], [ 83.699125767250933, 27.665204894935716 ], [ 83.698664203711843, 27.664396082634678 ], [ 83.698584016885363, 27.663935582111016 ], [ 83.698439079585597, 27.663531332218952 ], [ 83.698275767253818, 27.662899206802795 ], [ 83.697834141351152, 27.662205519691213 ], [ 83.697749079576184, 27.662146644688715 ], [ 83.697322641800156, 27.661933581924306 ], [ 83.697303516640787, 27.661759831769203 ], [ 83.697416579020654, 27.661302019595922 ], [ 83.697695704313716, 27.661284582373582 ], [ 83.697909829033136, 27.661305332034111 ], [ 83.698208453733201, 27.661459456824055 ], [ 83.698931703450356, 27.661925831842005 ], [ 83.69946476616073, 27.662177457203384 ], [ 83.700406078688019, 27.662375831998599 ], [ 83.700835765934244, 27.662340644098347 ], [ 83.701588453883261, 27.662193332249011 ], [ 83.702148891915428, 27.661986957086679 ], [ 83.702408078636893, 27.661854332230799 ], [ 83.702752704165761, 27.661742269552398 ], [ 83.703292329155261, 27.66147714469362 ], [ 83.703637328750276, 27.661344769768039 ], [ 83.703980391555405, 27.661368081842294 ], [ 83.704172516719069, 27.661424894429459 ], [ 83.70436420442239, 27.661542644628565 ], [ 83.704491140979272, 27.661678394849094 ], [ 83.705066641192616, 27.661968331658464 ], [ 83.705366953454543, 27.661971269200077 ], [ 83.70573551668997, 27.661667394161867 ], [ 83.705973578699655, 27.661514457468922 ], [ 83.706538328876462, 27.660944769359748 ], [ 83.706756641098764, 27.660658707157086 ], [ 83.706932079396736, 27.660352144736443 ], [ 83.706977203882872, 27.660198831619375 ], [ 83.707240891318321, 27.65970295696798 ], [ 83.707371391404834, 27.659549832109111 ], [ 83.707612578600973, 27.659150894514191 ], [ 83.707829829022742, 27.658941519910982 ], [ 83.707939703530656, 27.658711644936108 ], [ 83.708069454328211, 27.658655457112339 ], [ 83.708240828999209, 27.658655832347709 ], [ 83.70833326631012, 27.658683081816807 ], [ 83.708433266045503, 27.658714894347753 ], [ 83.708776328887296, 27.65873589473712 ], [ 83.709332578714665, 27.65885451994647 ], [ 83.709868516442754, 27.65887808180695 ], [ 83.710146516124695, 27.658937332219097 ], [ 83.710529079377835, 27.659227019815209 ], [ 83.7106979544116, 27.659439456990032 ], [ 83.710906454321801, 27.659902457135303 ], [ 83.711624141637216, 27.660826832151006 ], [ 83.711772641641645, 27.660962519531989 ], [ 83.712070578467788, 27.661154956697938 ], [ 83.712432766053823, 27.661349769451906 ], [ 83.7140769534914, 27.66195564438306 ], [ 83.714505079309646, 27.662017456645447 ], [ 83.715127266367261, 27.662020957094192 ], [ 83.716326953936374, 27.662145269870155 ], [ 83.716839765959975, 27.662302019507312 ], [ 83.717266266907316, 27.662515019856169 ], [ 83.717542265953156, 27.662748019518133 ], [ 83.717943641289366, 27.663229457242359 ], [ 83.718258391592215, 27.663787394922146 ], [ 83.718403391139788, 27.664191644467206 ], [ 83.718674953956096, 27.664787894719485 ], [ 83.718865078899668, 27.665018457323125 ], [ 83.719074391130818, 27.665422769759406 ], [ 83.719390704356258, 27.665865644793644 ], [ 83.719602453958004, 27.666078206604379 ], [ 83.719730204203685, 27.666155207143412 ], [ 83.720030141104147, 27.666196394388923 ], [ 83.720243453990449, 27.666293832067431 ], [ 83.720711641698188, 27.666667144276403 ], [ 83.720753079410045, 27.666701019588455 ], [ 83.720985954460232, 27.666951957265695 ], [ 83.721089391570928, 27.667259081685241 ], [ 83.721041454436531, 27.667660644676797 ], [ 83.721125391466927, 27.667796207396236 ], [ 83.721528391337543, 27.668162519680596 ], [ 83.721652203927235, 27.668566706850715 ], [ 83.72205445361152, 27.66899170745064 ], [ 83.722306078488828, 27.669452519296811 ], [ 83.722495890981193, 27.669703394270211 ], [ 83.722645579233941, 27.669762394310066 ], [ 83.722795766653107, 27.66974458176222 ], [ 83.723120454250875, 27.669535394708799 ], [ 83.723335766142384, 27.669459081675825 ], [ 83.723441953700217, 27.669556332129382 ], [ 83.723482703470566, 27.669730144434126 ], [ 83.723588204220491, 27.669845456798008 ], [ 83.723931266429716, 27.669866456852414 ], [ 83.72401632941957, 27.669943332294476 ], [ 83.724142141647405, 27.670173769436158 ], [ 83.724161391028431, 27.670327207149651 ], [ 83.724246016102725, 27.670424457387902 ], [ 83.724481704400006, 27.670465519825779 ], [ 83.724673454463584, 27.67056289428227 ], [ 83.724969828801946, 27.670870394384377 ], [ 83.725140766809517, 27.670929394191262 ], [ 83.725545766507736, 27.671142331833007 ], [ 83.726076140972367, 27.671626207108293 ], [ 83.726267954140638, 27.671723644471157 ], [ 83.726439329015548, 27.671762331816698 ], [ 83.726737641893109, 27.671918644806428 ], [ 83.727226579221607, 27.672267081725533 ], [ 83.727333953732753, 27.672267269568408 ], [ 83.727594766376754, 27.671981207001309 ], [ 83.728120203603936, 27.671160894626915 ], [ 83.728250453867815, 27.671028019093889 ], [ 83.728488078865496, 27.67089539445978 ], [ 83.72881107869101, 27.670821519566669 ], [ 83.729068704273985, 27.670804019637561 ], [ 83.729923828910714, 27.671040332411053 ], [ 83.73060926636181, 27.671120644356179 ], [ 83.73095157906657, 27.671200269135959 ], [ 83.731724766331695, 27.671129582169264 ], [ 83.73198389127144, 27.671015019533662 ], [ 83.73284501635365, 27.670772956778041 ], [ 83.733384516808755, 27.670525769981179 ], [ 83.733601016552811, 27.670354707212496 ], [ 83.733884453818675, 27.6700122691575 ], [ 83.734469204191853, 27.669519269617261 ], [ 83.735029891749562, 27.669161519732651 ], [ 83.735202079469204, 27.669085144567976 ], [ 83.735309141358925, 27.669087582077449 ], [ 83.735861641414502, 27.66949258207951 ], [ 83.736546891453443, 27.669518707467049 ], [ 83.737748391883159, 27.669320144261459 ], [ 83.738262266769041, 27.669323394736988 ], [ 83.738434079162417, 27.669287582368497 ], [ 83.739032204313503, 27.669426394587688 ], [ 83.739459766778921, 27.669488081930005 ], [ 83.740916578518551, 27.669463769799695 ], [ 83.741858329284938, 27.669530957258686 ], [ 83.742458828973284, 27.669459831665527 ], [ 83.742800891456625, 27.669501082275918 ], [ 83.742886829144339, 27.669480957066124 ], [ 83.743144891504514, 27.669388894564083 ], [ 83.743210016556205, 27.669312331718505 ], [ 83.743297266402521, 27.669141019554267 ], [ 83.743321203777924, 27.668913144287572 ], [ 83.743451141074743, 27.66878026998544 ], [ 83.743602141764541, 27.668685706797643 ], [ 83.743989016391112, 27.668535269846263 ], [ 83.744118829084272, 27.668422707329473 ], [ 83.744206391080198, 27.66825139423441 ], [ 83.744208828971807, 27.668021207288952 ], [ 83.74433957873643, 27.667793582145119 ], [ 83.7444693913489, 27.667680957003526 ], [ 83.744683953864666, 27.667606894650859 ], [ 83.745199140987111, 27.667515332387669 ], [ 83.745544266714163, 27.667288081978985 ], [ 83.745739766253536, 27.667022207279899 ], [ 83.745890766467753, 27.66692770744109 ], [ 83.746084516766942, 27.666835519657905 ], [ 83.746708766016098, 27.666667394831379 ], [ 83.746832078791471, 27.666633831885999 ], [ 83.747822391245464, 27.666635582229603 ], [ 83.748401016044141, 27.666589269799932 ], [ 83.748979890997532, 27.666563269874736 ], [ 83.749237704354755, 27.666579519162752 ], [ 83.749494953742229, 27.666577707138224 ], [ 83.750000141774223, 27.666641831813237 ], [ 83.750203766266168, 27.666667019129491 ], [ 83.750240203807508, 27.666667082088658 ], [ 83.750783203787449, 27.666695144293808 ], [ 83.751170141840547, 27.666768019207431 ], [ 83.751878766922673, 27.666816706901404 ], [ 83.752394016487614, 27.666887519095898 ], [ 83.752587766521657, 27.66694201927216 ], [ 83.752651829002531, 27.666921831780808 ], [ 83.753810641415186, 27.66694645692726 ], [ 83.754903328602225, 27.666817519676147 ], [ 83.757670391890912, 27.666784082355999 ], [ 83.758057391712484, 27.666856957125646 ], [ 83.759023516176313, 27.666939832296279 ], [ 83.759754579310055, 27.66712389474997 ], [ 83.760012391717822, 27.667158207293472 ], [ 83.760335016590631, 27.667230957007803 ], [ 83.760375766423934, 27.667018894747113 ], [ 83.760400641027232, 27.666666956708671 ], [ 83.760451329486628, 27.665944957376254 ], [ 83.760531703692337, 27.665408081612171 ], [ 83.76063351623749, 27.664868957436248 ], [ 83.760862079111334, 27.66409989443979 ], [ 83.761220016828943, 27.663405519903353 ], [ 83.761389391308327, 27.663173394931444 ], [ 83.761538203710543, 27.663056332066809 ], [ 83.761728328609024, 27.662747519885478 ], [ 83.762025078925944, 27.662380207119639 ], [ 83.762365266862759, 27.662069394207478 ], [ 83.762748828714209, 27.66181508163103 ], [ 83.763196953869837, 27.661581144947135 ], [ 83.763902141868172, 27.661284519836386 ], [ 83.764800266122137, 27.661003956998417 ], [ 83.765208204218908, 27.661038519910978 ], [ 83.765337579266514, 27.661113269112718 ], [ 83.765532141688638, 27.661264707465705 ], [ 83.765813829111949, 27.661529207155255 ], [ 83.766313079034788, 27.662136957435244 ], [ 83.767055016789627, 27.663336519670203 ], [ 83.767338328762747, 27.663738582023658 ], [ 83.767924078618179, 27.664326269893056 ], [ 83.768573204314094, 27.664780894538907 ], [ 83.769221766071254, 27.665217457172705 ], [ 83.769762141997987, 27.665556831727375 ], [ 83.770066204426271, 27.665900331583856 ], [ 83.770220891691594, 27.666302207023215 ], [ 83.77031507935942, 27.666412956925086 ], [ 83.770371891479584, 27.666376894395491 ], [ 83.770886453506918, 27.66633264466801 ], [ 83.771272703754747, 27.66630845701571 ], [ 83.771529766497864, 27.666250269813794 ], [ 83.771787328997661, 27.66624614421282 ], [ 83.772301703795421, 27.666163519106771 ], [ 83.773331703751765, 27.666133581720025 ], [ 83.77378195374726, 27.666071206750406 ], [ 83.774619016735556, 27.666063519319152 ], [ 83.774940704183791, 27.666021081684818 ], [ 83.776550329098029, 27.666005707447081 ], [ 83.777516641154236, 27.666014019613698 ], [ 83.778290704497266, 27.666141644549793 ], [ 83.77919339170731, 27.666226581978155 ], [ 83.779774453869848, 27.666374144147916 ], [ 83.780870954083881, 27.666536082021228 ], [ 83.781966641363212, 27.666601019893641 ], [ 83.782868016428907, 27.666573081952119 ], [ 83.783512329310696, 27.666605707432236 ], [ 83.783884516360558, 27.666667207406352 ], [ 83.784609141830501, 27.666785644494801 ], [ 83.785253454492008, 27.666818269107296 ], [ 83.785511016929775, 27.666814144181338 ], [ 83.785961079468123, 27.666733581953476 ], [ 83.786154016217154, 27.66673164497184 ], [ 83.7863625169268, 27.666666519111693 ], [ 83.786795891852876, 27.666531831956675 ], [ 83.786988079386759, 27.666435082327283 ], [ 83.787502954144458, 27.666411019975207 ], [ 83.78769676607439, 27.666447457431996 ], [ 83.78793307897071, 27.666463581971399 ], [ 83.787997141984519, 27.666443332080174 ], [ 83.78863845372851, 27.666205206597979 ], [ 83.789410953963511, 27.666158957010616 ], [ 83.789733329323028, 27.666195582388866 ], [ 83.790569891305594, 27.666129144207449 ], [ 83.791214766019451, 27.666218144555785 ], [ 83.791472328792807, 27.666214081654548 ], [ 83.791666766451002, 27.666250394462143 ], [ 83.791859641871397, 27.666286769637427 ], [ 83.792568016030842, 27.666299144635694 ], [ 83.792761828583011, 27.666335519959286 ], [ 83.794307266249959, 27.666319769505773 ], [ 83.794885642031545, 27.666216831949921 ], [ 83.795400516530179, 27.666172457329154 ], [ 83.79598001615733, 27.666166519606755 ], [ 83.796815453943196, 27.666005331871613 ], [ 83.797137266735589, 27.665983207018723 ], [ 83.797587016350732, 27.665882331725999 ], [ 83.797972954363843, 27.665839956975304 ], [ 83.799129766538854, 27.665616081992034 ], [ 83.799708953911576, 27.665571769191843 ], [ 83.800415703599072, 27.665428394721019 ], [ 83.800866516075374, 27.665424519384214 ], [ 83.801766766913914, 27.665319769493777 ], [ 83.802537016476649, 27.665079394579688 ], [ 83.802921078738407, 27.664865582297484 ], [ 83.803177828751956, 27.664784707108396 ], [ 83.803305954020374, 27.664708144753867 ], [ 83.803883828812999, 27.664546519667201 ], [ 83.804395891196606, 27.664271957001716 ], [ 83.805166141973814, 27.664033831983595 ], [ 83.805678829392562, 27.663797644312091 ], [ 83.806553454069018, 27.663309207106344 ], [ 83.80689576626844, 27.663208207471921 ], [ 83.807536828715072, 27.662933769429873 ], [ 83.808306766292148, 27.662675331747817 ], [ 83.809334579532489, 27.662435331665367 ], [ 83.809398328881869, 27.662394769522102 ], [ 83.810105016195578, 27.662233269256937 ], [ 83.810554203738107, 27.662094019886805 ], [ 83.811133141247026, 27.662011269154476 ], [ 83.812162766483112, 27.661963081895372 ], [ 83.812356579134786, 27.661999394636741 ], [ 83.81306520410152, 27.662029706947767 ], [ 83.813710954512402, 27.662177269308678 ], [ 83.813903829441017, 27.662175206933803 ], [ 83.813924016149286, 27.662057957252266 ], [ 83.813898954099258, 27.661712644228597 ], [ 83.813723079060551, 27.661351394694371 ], [ 83.81357132869131, 27.661197769775868 ], [ 83.813483516595014, 27.661026144688993 ], [ 83.813460579458507, 27.660911019481134 ], [ 83.813437954494674, 27.660795956966414 ], [ 83.813251704326362, 27.659473394631501 ], [ 83.813138579210658, 27.658954269614469 ], [ 83.813130891380808, 27.65826376968851 ], [ 83.813058328813113, 27.657514519427956 ], [ 83.812903454316327, 27.657112582149047 ], [ 83.812446391717856, 27.656541144441974 ], [ 83.812010328725719, 27.655913269571414 ], [ 83.811921141817081, 27.655626582301778 ], [ 83.811917328935195, 27.655279081602067 ], [ 83.812042641390647, 27.654970081706615 ], [ 83.812426641714097, 27.654756269573813 ], [ 83.812747391842507, 27.654637082245312 ], [ 83.813262266086483, 27.654592644584923 ], [ 83.814011141657048, 27.654392831670563 ], [ 83.814309517025023, 27.654196894293687 ], [ 83.814479329370982, 27.654023394128643 ], [ 83.814583891664256, 27.653791144571411 ], [ 83.814686891779971, 27.653387332432835 ], [ 83.814683579447689, 27.65309851954396 ], [ 83.814529516267015, 27.652755331694706 ], [ 83.814117516209407, 27.652355394421257 ], [ 83.813812766866363, 27.651993957287164 ], [ 83.813423079244913, 27.651670769728817 ], [ 83.81272807896103, 27.650929769581996 ], [ 83.81235739106593, 27.650414707069984 ], [ 83.812179641258268, 27.649879706895405 ], [ 83.812091891966077, 27.649708081677371 ], [ 83.811876579398415, 27.64963333244993 ], [ 83.811724829235217, 27.649499956707579 ], [ 83.811680078985447, 27.649326144864517 ], [ 83.811697766841178, 27.649001269363843 ], [ 83.81178226667771, 27.648865956936206 ], [ 83.811995016260937, 27.648708332205661 ], [ 83.812249829345376, 27.648455957055553 ], [ 83.812227516153044, 27.6483611441598 ], [ 83.812011141278418, 27.648209644744533 ], [ 83.811235766378772, 27.647987457038852 ], [ 83.810201579138067, 27.647613769734022 ], [ 83.809857641931089, 27.647579456855933 ], [ 83.809514204056015, 27.647583519190992 ], [ 83.809343203774517, 27.647623832086335 ], [ 83.808999516207763, 27.647607581841221 ], [ 83.808698078999356, 27.647514644601557 ], [ 83.808589078577256, 27.647363332173004 ], [ 83.808673266609787, 27.647207706614548 ], [ 83.808971391522732, 27.647011831590024 ], [ 83.809226204523128, 27.646759457433088 ], [ 83.809247203977534, 27.646703081719728 ], [ 83.809246079002705, 27.646606019341707 ], [ 83.809180954164887, 27.646529206948635 ], [ 83.808878453953284, 27.646359581947536 ], [ 83.808791204514435, 27.646246644331537 ], [ 83.808769141063578, 27.646187957340192 ], [ 83.808810016636158, 27.645996207172107 ], [ 83.809002454164144, 27.645917456993189 ], [ 83.81037614141691, 27.645921644780916 ], [ 83.810567704522157, 27.645784332135339 ], [ 83.810630953731959, 27.645669269786481 ], [ 83.810713516916252, 27.645380519614413 ], [ 83.810668516183796, 27.645188644393148 ], [ 83.810537954154981, 27.645037331984582 ], [ 83.809997016611604, 27.644639394740118 ], [ 83.809867016146868, 27.644524144523206 ], [ 83.809844953638901, 27.644467706942052 ], [ 83.809864579042284, 27.644294019672564 ], [ 83.81022564176439, 27.643944769837248 ], [ 83.810330766091553, 27.643771144406049 ], [ 83.810264266703001, 27.643579207115238 ], [ 83.810112766309359, 27.643466206735781 ], [ 83.809982203660198, 27.6432945818989 ], [ 83.809892266725853, 27.642931144635519 ], [ 83.810017328633506, 27.642583831619852 ], [ 83.810311329402921, 27.642004331875505 ], [ 83.810370703912383, 27.641541832168834 ], [ 83.810496329513796, 27.641253206711049 ], [ 83.810686266459058, 27.640962332124289 ], [ 83.810919453579444, 27.640709894361805 ], [ 83.810983828695058, 27.640689707235513 ], [ 83.811175141981792, 27.640516206632274 ], [ 83.811687328648929, 27.640279956906866 ], [ 83.812219766788601, 27.639908394720521 ], [ 83.812389829518352, 27.639752894679777 ], [ 83.812257391439474, 27.639409769099213 ], [ 83.81225345408177, 27.639062269238256 ], [ 83.812294391383872, 27.638888582341504 ], [ 83.812335516275198, 27.638717144936766 ], [ 83.812377766196718, 27.638658519287738 ], [ 83.812244453704565, 27.638256644662285 ], [ 83.8120893916836, 27.63779614425416 ], [ 83.812065391399855, 27.637565956592343 ], [ 83.812104891624202, 27.637259144697449 ], [ 83.811923079503771, 27.636338207187915 ], [ 83.811961766160152, 27.635954707368061 ], [ 83.811955703978313, 27.635415394900232 ], [ 83.811911016453905, 27.635261894788197 ], [ 83.811758392033099, 27.635033769133162 ], [ 83.811563267042061, 27.634864269317106 ], [ 83.811218329017422, 27.634712644298908 ], [ 83.810569766716057, 27.634296519565975 ], [ 83.809536516084563, 27.634001769823609 ], [ 83.80901907934593, 27.633775394396931 ], [ 83.808824516438989, 27.633662332306105 ], [ 83.808499391305602, 27.633377519863302 ], [ 83.808110016143303, 27.633094957300926 ], [ 83.807202954234654, 27.632565707306135 ], [ 83.806750641798644, 27.632416144073673 ], [ 83.80623482914794, 27.632345456556624 ], [ 83.806169641513492, 27.63228895715865 ], [ 83.805804828536068, 27.632292957155141 ], [ 83.805482204239979, 27.632218019699398 ], [ 83.805289017014843, 27.632220019576909 ], [ 83.80503101678255, 27.632165519780131 ], [ 83.804838079412662, 27.632187832189707 ], [ 83.804644641127751, 27.632151457164113 ], [ 83.804514891869701, 27.632074519846476 ], [ 83.804385266063164, 27.631981832369753 ], [ 83.804254391557222, 27.631810144639868 ], [ 83.803970516988059, 27.631351706827605 ], [ 83.803726954329861, 27.630663144878906 ], [ 83.80366151639177, 27.630586332033346 ], [ 83.803354766302192, 27.629974394756005 ], [ 83.803158579062924, 27.629689769604024 ], [ 83.80306982919528, 27.629385019111798 ], [ 83.803089766727211, 27.629231581631544 ], [ 83.803280204268617, 27.628999457131286 ], [ 83.803429203600771, 27.628882332377007 ], [ 83.803682953860104, 27.628514894765168 ], [ 83.804043141713819, 27.628088894382397 ], [ 83.804555641499704, 27.627870769621484 ], [ 83.804704391679863, 27.627753644921963 ], [ 83.804810391596362, 27.627618394548307 ], [ 83.804894328972622, 27.62744476917031 ], [ 83.804976891669, 27.627138019476874 ], [ 83.804975578593783, 27.626984581575265 ], [ 83.805161516036961, 27.626292082090746 ], [ 83.805178891177732, 27.625908519456015 ], [ 83.805132891441346, 27.625601581779208 ], [ 83.805192579467345, 27.625141332049704 ], [ 83.805345829240636, 27.625001644511624 ], [ 83.805532328575524, 27.624830394641872 ], [ 83.806107203937145, 27.624420519920349 ], [ 83.806511267040577, 27.624069082173044 ], [ 83.807016391849572, 27.62316270683268 ], [ 83.807161141885032, 27.622623582187334 ], [ 83.80730714194668, 27.622240206794277 ], [ 83.807346953667576, 27.621931081796859 ], [ 83.807323329461141, 27.621703144429429 ], [ 83.807383204308024, 27.621321894923522 ], [ 83.807335204048854, 27.620863769846306 ], [ 83.807268704123047, 27.620674207086694 ], [ 83.807203891807006, 27.620617644541515 ], [ 83.806475266589317, 27.62060308229038 ], [ 83.806303641318323, 27.620587019461308 ], [ 83.806089016144696, 27.620550644866068 ], [ 83.806003204333152, 27.620550519499083 ], [ 83.805724016698349, 27.620475644234915 ], [ 83.805014641806395, 27.620312206912679 ], [ 83.804564016047252, 27.6203002697656 ], [ 83.804242829214061, 27.620342707286621 ], [ 83.803922454044908, 27.620461832168324 ], [ 83.803601578817123, 27.62052233222294 ], [ 83.803409453892272, 27.620621331766468 ], [ 83.80334489109778, 27.620603207382999 ], [ 83.802831891597094, 27.620762644364063 ], [ 83.802703328584556, 27.620762519380399 ], [ 83.802187078770586, 27.620617331663418 ], [ 83.801865078743973, 27.620583019600566 ], [ 83.801480453819934, 27.620702082265957 ], [ 83.801287516612803, 27.620724394360764 ], [ 83.801223516065235, 27.620762644807932 ], [ 83.800838016337664, 27.620804957011782 ], [ 83.800451204157568, 27.620714144730012 ], [ 83.799998204154448, 27.620451707347311 ], [ 83.799545704307079, 27.620248019841636 ], [ 83.799350953781541, 27.620076207005127 ], [ 83.79915407855826, 27.619696831587305 ], [ 83.799128703816692, 27.619313206636352 ], [ 83.799291828831727, 27.618467331761128 ], [ 83.799605453801121, 27.617696019661718 ], [ 83.799667641719338, 27.617465957360775 ], [ 83.800130828752174, 27.61663620659554 ], [ 83.800234954000388, 27.616327206765682 ], [ 83.800361391621522, 27.616097269071211 ], [ 83.800636266070939, 27.615747894164034 ], [ 83.801056203765199, 27.614983519514499 ], [ 83.801288954398885, 27.614695019610117 ], [ 83.801709766701578, 27.614005144127482 ], [ 83.802020766951685, 27.61308720676633 ], [ 83.802058641573652, 27.612629207319099 ], [ 83.802012328561219, 27.612324519603309 ], [ 83.801727141739903, 27.6117171445553 ], [ 83.801116203956383, 27.610730144562289 ], [ 83.800856141227399, 27.610445457371515 ], [ 83.800466641489393, 27.610106456922225 ], [ 83.80009982947584, 27.609862207132494 ], [ 83.79994889172967, 27.609785269190894 ], [ 83.79924045419628, 27.609639832153295 ], [ 83.798660016758234, 27.609472019630495 ], [ 83.798016204438127, 27.609362769320068 ], [ 83.797823578649542, 27.609403082099906 ], [ 83.797181704024311, 27.609445081967316 ], [ 83.796667141374868, 27.609430769399964 ], [ 83.796346891429764, 27.609527332269561 ], [ 83.796089141451816, 27.609472769322434 ], [ 83.795959828897978, 27.609398144188379 ], [ 83.795786078812952, 27.609169956685381 ], [ 83.795544579002609, 27.608637081729764 ], [ 83.795133328777311, 27.608259644254243 ], [ 83.794527829217174, 27.607769082169551 ], [ 83.794225828600148, 27.607561019244653 ], [ 83.793881016659952, 27.60739126947519 ], [ 83.792850203807902, 27.607152831964417 ], [ 83.792655953861797, 27.607039706865901 ], [ 83.792527141926271, 27.607001144215442 ], [ 83.792073204273791, 27.606623644666417 ], [ 83.791942766776543, 27.606454206546442 ], [ 83.791982204056879, 27.606167706553382 ], [ 83.792403892025618, 27.605554519873035 ], [ 83.792508453801659, 27.605324581548054 ], [ 83.792610641838351, 27.604866644335644 ], [ 83.792801078998039, 27.604636769056395 ], [ 83.793289391249019, 27.604251644444858 ], [ 83.793649203575484, 27.603866331626381 ], [ 83.794476704308579, 27.603116144155791 ], [ 83.794899891428244, 27.602656456878357 ], [ 83.795813703530371, 27.601980832026115 ], [ 83.796131516832247, 27.601674394430162 ], [ 83.796557203767051, 27.601422332178945 ], [ 83.796813203960738, 27.601325644805758 ], [ 83.797004078606122, 27.601170269805213 ], [ 83.797088016857415, 27.600998894120099 ], [ 83.797169453664324, 27.600617644300236 ], [ 83.797295578615561, 27.600387644296831 ], [ 83.797506391636929, 27.600081082368813 ], [ 83.798140391623036, 27.59931258238262 ], [ 83.798267578953414, 27.599197644888275 ], [ 83.798734328835238, 27.598794457132293 ], [ 83.798883328779894, 27.598697644102511 ], [ 83.79924582889457, 27.598542456693117 ], [ 83.799587328933782, 27.598443644793651 ], [ 83.800187829220434, 27.598496394264913 ], [ 83.800530391659379, 27.598494644845232 ], [ 83.80070145354982, 27.5984542692328 ], [ 83.801041891312806, 27.598242644074009 ], [ 83.80116882945201, 27.598087144512824 ], [ 83.801296266246354, 27.597992581552699 ], [ 83.80152745380019, 27.597609269565076 ], [ 83.801718141340402, 27.597397456521609 ], [ 83.802312078868468, 27.596877019516104 ], [ 83.802608078554883, 27.596532206964586 ], [ 83.802925891662667, 27.596225769688029 ], [ 83.803115641546739, 27.595957519450089 ], [ 83.803179954529554, 27.595955394766719 ], [ 83.80361189149086, 27.596258331707801 ], [ 83.803870016565071, 27.596369269063082 ], [ 83.804127704444596, 27.596426082085372 ], [ 83.804727329008443, 27.596402081924506 ], [ 83.805156828951496, 27.596513269562472 ], [ 83.805413891113218, 27.596511332086809 ], [ 83.80558576611169, 27.596547707387487 ], [ 83.805757828890989, 27.596622456587298 ], [ 83.806378516085715, 27.596560082350724 ], [ 83.80680714177916, 27.596594519580002 ], [ 83.807236891809666, 27.59670570655409 ], [ 83.807750516469582, 27.596663519286398 ], [ 83.80809395358699, 27.596718207038396 ], [ 83.808265203835774, 27.596718394909754 ], [ 83.808863516136057, 27.596579332043014 ], [ 83.809206141185925, 27.596557269123139 ], [ 83.809718641465381, 27.596420269789288 ], [ 83.80978207941385, 27.596361706956642 ], [ 83.810549766514399, 27.596031081608206 ], [ 83.811461453862918, 27.595204144073342 ], [ 83.811820079182823, 27.594705957199448 ], [ 83.811944954441927, 27.594401519208134 ], [ 83.812044641633477, 27.593713394021556 ], [ 83.812019829163589, 27.593408769443798 ], [ 83.811798641517598, 27.592799206560176 ], [ 83.811667891584378, 27.592591457414397 ], [ 83.811639891907319, 27.592516957048836 ], [ 83.811469016496787, 27.592058644895197 ], [ 83.811228266104962, 27.591602519289527 ], [ 83.810945828576237, 27.591243332205771 ], [ 83.810705891567395, 27.590863894063091 ], [ 83.810028517022658, 27.589667019602615 ], [ 83.809984141274157, 27.589515769447207 ], [ 83.809981391368893, 27.589285644171618 ], [ 83.810043204035026, 27.589057832125377 ], [ 83.810212016199117, 27.588827894492468 ], [ 83.810210392020309, 27.588674457155808 ], [ 83.810188079504911, 27.588597706841693 ], [ 83.810165704386833, 27.588523206611264 ], [ 83.810229703722314, 27.58850295678063 ], [ 83.811088328920263, 27.588648581838804 ], [ 83.811388141050827, 27.588664769494258 ], [ 83.811602454456136, 27.588662769639257 ], [ 83.811988079354009, 27.588661081841675 ], [ 83.813595266220076, 27.588724144128275 ], [ 83.813788578789385, 27.588780832042627 ], [ 83.814238704543257, 27.588815269680392 ], [ 83.814496578882157, 27.588890082263504 ], [ 83.815269203670567, 27.589017456873972 ], [ 83.815590516451493, 27.589013394446383 ], [ 83.816105204022733, 27.589086207141225 ], [ 83.817136453673626, 27.589362956740558 ], [ 83.818878829438376, 27.59001733227543 ], [ 83.819655329201169, 27.590487706818923 ], [ 83.820107641961144, 27.590713957176465 ], [ 83.820712016312712, 27.59112764436577 ], [ 83.82116626617848, 27.591525394356101 ], [ 83.821317454073565, 27.591618081686448 ], [ 83.821512204270221, 27.591789831846992 ], [ 83.821599704297412, 27.59194114457496 ], [ 83.821858641595142, 27.592128769434321 ], [ 83.822181954418141, 27.592298394550873 ], [ 83.822568891262492, 27.592429831944308 ], [ 83.82316970399134, 27.592520831900391 ], [ 83.823212204229677, 27.592480269175184 ], [ 83.82359776666604, 27.592478457037494 ], [ 83.82398201640413, 27.592361644137103 ], [ 83.824237141306682, 27.592206269409747 ], [ 83.824621328736697, 27.592089394177172 ], [ 83.825775391500088, 27.591851644508189 ], [ 83.826307141348792, 27.591522894492886 ], [ 83.826667329268076, 27.591175832189954 ], [ 83.827307828944228, 27.590980331700287 ], [ 83.827689766766184, 27.590653582324393 ], [ 83.828264578850693, 27.590342957167103 ], [ 83.829545204127399, 27.589951894603171 ], [ 83.829822016996246, 27.589816831935909 ], [ 83.830159641791269, 27.589356894595859 ], [ 83.830287329439102, 27.589278081586563 ], [ 83.830479891362913, 27.589258019198525 ], [ 83.830693079435889, 27.58917933183049 ], [ 83.830948766353316, 27.589044206832394 ], [ 83.831075891474114, 27.588929269562303 ], [ 83.831200516935269, 27.588584206542873 ], [ 83.831284578912161, 27.588451144011032 ], [ 83.831774954094115, 27.588255456525101 ], [ 83.832009141191648, 27.588120332380587 ], [ 83.832327141199386, 27.587831894582727 ], [ 83.83268589205457, 27.587353956967117 ], [ 83.832855453964427, 27.587218769734491 ], [ 83.833175704037956, 27.5871198943804 ], [ 83.833333329397661, 27.587142644078877 ], [ 83.833433329426441, 27.587156269630967 ], [ 83.834271266704633, 27.58739870711533 ], [ 83.834788266735188, 27.587640769816929 ], [ 83.835175204465799, 27.587772207366186 ], [ 83.835346453578254, 27.587770081825767 ], [ 83.835495954272659, 27.587731894105726 ], [ 83.835686516486973, 27.587538082015392 ], [ 83.835894953744443, 27.587021582354783 ], [ 83.836042767042045, 27.586850206542195 ], [ 83.836298391806139, 27.586733206529214 ], [ 83.837024891943258, 27.586573831918692 ], [ 83.837237204209472, 27.586400331769621 ], [ 83.837342579482936, 27.586247019036495 ], [ 83.837512141370055, 27.586093769604236 ], [ 83.837980141184914, 27.585823582204185 ], [ 83.838234141743598, 27.585555331989269 ], [ 83.838549579162986, 27.585036707083784 ], [ 83.838866079308673, 27.58463314403625 ], [ 83.839222579061584, 27.583945331622974 ], [ 83.839409203669589, 27.583428831783589 ], [ 83.839435891098006, 27.583334081709076 ], [ 83.839635766429467, 27.582625769428347 ], [ 83.839967891646523, 27.581707769548444 ], [ 83.84028132941161, 27.581019894525529 ], [ 83.840449204021311, 27.580731269491533 ], [ 83.840927453633398, 27.579470394057509 ], [ 83.841304328826027, 27.578721644733108 ], [ 83.841426891989968, 27.578207332249072 ], [ 83.841613766893403, 27.577690831956094 ], [ 83.841759891419628, 27.577345769737931 ], [ 83.841801204424868, 27.577230706539492 ], [ 83.842132766130106, 27.576256269529186 ], [ 83.842213766814311, 27.575854706731523 ], [ 83.842402578928088, 27.575509706659233 ], [ 83.84273614136066, 27.574706769506779 ], [ 83.843091703673835, 27.573960331948729 ], [ 83.843506766715493, 27.572812144744496 ], [ 83.843566516550354, 27.572412831547247 ], [ 83.84356339161323, 27.572144331692026 ], [ 83.843541641681767, 27.572108206818218 ], [ 83.843391328862538, 27.572069644459191 ], [ 83.842877516100032, 27.572093894770639 ], [ 83.84227632916101, 27.571964519014113 ], [ 83.841588204529984, 27.571722332113094 ], [ 83.840834391962574, 27.571346894281678 ], [ 83.840488828661023, 27.571082519078654 ], [ 83.839990328894956, 27.570592269146623 ], [ 83.839580579162913, 27.570327769886624 ], [ 83.83882364201655, 27.56968608212987 ], [ 83.838219391570547, 27.569270207270822 ], [ 83.837721516143048, 27.568818269738127 ], [ 83.836993078839384, 27.568251082364469 ], [ 83.836624016780817, 27.568036269596572 ], [ 83.836157453648852, 27.567816831505176 ], [ 83.835504953910643, 27.567288019541003 ], [ 83.834874703776194, 27.566720894799857 ], [ 83.834644892063423, 27.566467894315231 ], [ 83.834182079506377, 27.566076957281201 ], [ 83.834014953794721, 27.565882644501805 ], [ 83.833850828659322, 27.565573394371125 ], [ 83.833681329020322, 27.565473894702556 ], [ 83.833779579171448, 27.56495726905537 ], [ 83.834137579187583, 27.564350707110705 ], [ 83.834141203993283, 27.564197207073072 ], [ 83.83386651649154, 27.563118331687196 ], [ 83.833938266707491, 27.562813769877053 ], [ 83.834117203632317, 27.562509394691023 ], [ 83.834249703844378, 27.562358331988097 ], [ 83.834511454465144, 27.562171394037431 ], [ 83.834706516388167, 27.562099394689607 ], [ 83.834838016944602, 27.561986707005019 ], [ 83.835263891171678, 27.561226769526236 ], [ 83.835312454042608, 27.560996707177395 ], [ 83.835233703663178, 27.560689706923931 ], [ 83.835107891630045, 27.56057220691741 ], [ 83.834853641718041, 27.560434269152307 ], [ 83.834732266122586, 27.560124956913768 ], [ 83.834702328598652, 27.559587894418158 ], [ 83.834866891943022, 27.558976582303185 ], [ 83.8354737669288, 27.557837769835981 ], [ 83.836368204263536, 27.556320207055364 ], [ 83.836834766660672, 27.555657393979832 ], [ 83.837696141870353, 27.554636144770857 ], [ 83.838007328606764, 27.554180706540055 ], [ 83.838324141286478, 27.553497331917537 ], [ 83.838397516608211, 27.553113832156832 ], [ 83.838537141722142, 27.552655894097978 ], [ 83.838764516826515, 27.55212364446167 ], [ 83.838943454126024, 27.551821519005923 ], [ 83.839362828920173, 27.551330081601655 ], [ 83.839432829537074, 27.551099956476016 ], [ 83.839524703807101, 27.549951519070099 ], [ 83.839476641505598, 27.549260957291569 ], [ 83.839289704193234, 27.548107644732287 ], [ 83.839152516217155, 27.547568207078502 ], [ 83.839065516975623, 27.546724207025019 ], [ 83.838988766932175, 27.546338206657598 ], [ 83.838867391643106, 27.54603120718237 ], [ 83.838596329568858, 27.545699206864054 ], [ 83.838165953954856, 27.544847957060096 ], [ 83.838683516440838, 27.544742519030692 ], [ 83.839090454305776, 27.544770082315697 ], [ 83.839431766463676, 27.544851706757079 ], [ 83.839601579133216, 27.544930894119339 ], [ 83.839981016830762, 27.545224644050069 ], [ 83.840214329317362, 27.545324206901377 ], [ 83.840446329373421, 27.545500456623124 ], [ 83.840550266274604, 27.545638269790402 ], [ 83.84069076703922, 27.546042332208781 ], [ 83.840685141724435, 27.546272457033517 ], [ 83.840843141669041, 27.546850331904324 ], [ 83.841255453702288, 27.547548082174298 ], [ 83.841360391773492, 27.547645206512659 ], [ 83.841658328728514, 27.547747081830174 ], [ 83.84267670443063, 27.548242456571899 ], [ 83.842847204279494, 27.548283144723193 ], [ 83.84293332891049, 27.548265269445256 ], [ 83.843018391890183, 27.548306019673717 ], [ 83.843398766806956, 27.548543332336067 ], [ 83.843756266139053, 27.548855144344447 ], [ 83.843923078688789, 27.549049394053299 ], [ 83.844107016387625, 27.549435456810052 ], [ 83.844165891610686, 27.549667956554224 ], [ 83.844370704109693, 27.550074331940444 ], [ 83.844571454555918, 27.550652269152646 ], [ 83.844563391252649, 27.550997519129993 ], [ 83.844137954296613, 27.551737144176261 ], [ 83.843826891901841, 27.55219258209026 ], [ 83.843689953709216, 27.552535456726883 ], [ 83.843555766393266, 27.552763206490486 ], [ 83.843257766323077, 27.553561644757735 ], [ 83.843250704363584, 27.553850519106465 ], [ 83.843331079082134, 27.554080769652355 ], [ 83.843497204346875, 27.554313331722646 ], [ 83.843771016208919, 27.554530269697945 ], [ 83.843913953634626, 27.554839582319964 ], [ 83.843909891982875, 27.555011082058087 ], [ 83.843817078691771, 27.555297581872949 ], [ 83.843788829157347, 27.555584081992965 ], [ 83.843673453639056, 27.555926957202963 ], [ 83.843670453891789, 27.556042019312738 ], [ 83.843796891932612, 27.556141518991957 ], [ 83.844067266660815, 27.556509582313236 ], [ 83.844841516382047, 27.557327332367134 ], [ 83.845384079086656, 27.557968769818785 ], [ 83.845762453720312, 27.558300894577744 ], [ 83.845826016765841, 27.558341582184116 ], [ 83.846039579144445, 27.558382394512513 ], [ 83.846556203592115, 27.558315269016266 ], [ 83.84689795384277, 27.558378831684333 ], [ 83.847237954485692, 27.558519144314364 ], [ 83.847279016468178, 27.558595956614504 ], [ 83.847552453861724, 27.558830894452385 ], [ 83.847780204106144, 27.559180894088982 ], [ 83.84790601609194, 27.559296081950386 ], [ 83.848238329343388, 27.559763582156339 ], [ 83.848744891689421, 27.5601161445191 ], [ 83.849087267002204, 27.560161644140695 ], [ 83.849259516936769, 27.560125644010576 ], [ 83.849520079298074, 27.559995143993287 ], [ 83.849779454326239, 27.559923206592561 ], [ 83.850477704475068, 27.559436519679775 ], [ 83.850824453734589, 27.559290206970413 ], [ 83.851021203753078, 27.559139269290796 ], [ 83.85158489141601, 27.558900706521989 ], [ 83.851650516736925, 27.558844394683717 ], [ 83.852254266823309, 27.558720894086541 ], [ 83.852510891534237, 27.558761769332573 ], [ 83.852574079485009, 27.55880251934941 ], [ 83.852745953914948, 27.55880489400835 ], [ 83.852838078859477, 27.558538706954497 ], [ 83.853129703757702, 27.558006456987393 ], [ 83.853418891816503, 27.557571269592241 ], [ 83.853803579525135, 27.556734519690455 ], [ 83.854095141288155, 27.556202269272358 ], [ 83.854277766359402, 27.555744394856436 ], [ 83.854510454539025, 27.554981956986847 ], [ 83.854896828948824, 27.554068457191125 ], [ 83.855242454360905, 27.55307820697962 ], [ 83.855405203614993, 27.552543643990457 ], [ 83.855480453620928, 27.552085644236506 ], [ 83.855643204464485, 27.551553269698758 ], [ 83.85567757867905, 27.551422394612985 ], [ 83.855831829353363, 27.550831394143305 ], [ 83.855948141594581, 27.550452394492186 ], [ 83.85608201699506, 27.550224644017067 ], [ 83.856241016838254, 27.549845707233072 ], [ 83.856709453797109, 27.54909251928644 ], [ 83.857307329289739, 27.548301082114534 ], [ 83.857722329482101, 27.54798564426855 ], [ 83.859458266186266, 27.54714345733602 ], [ 83.859589766202845, 27.547030769329684 ], [ 83.859679516551026, 27.546861582118833 ], [ 83.859818704341563, 27.546405894305334 ], [ 83.859884954443714, 27.546329269596132 ], [ 83.859976079591789, 27.546103706947566 ], [ 83.860219203854783, 27.54580158218338 ], [ 83.860481829427997, 27.545578457070565 ], [ 83.860894766950409, 27.545357706870764 ], [ 83.861500017031034, 27.545159769133022 ], [ 83.861671578723374, 27.545162207304745 ], [ 83.862188204442049, 27.545079207050545 ], [ 83.862616641784385, 27.545106706548232 ], [ 83.862789454329899, 27.545052706574669 ], [ 83.863133204414012, 27.545039519040433 ], [ 83.864079516633538, 27.544925394477797 ], [ 83.864512641202765, 27.544763331490827 ], [ 83.864773954271783, 27.544596519401964 ], [ 83.865120954388189, 27.544429956965622 ], [ 83.865466329253607, 27.544342269728531 ], [ 83.866333266222853, 27.543959581551494 ], [ 83.866505766825526, 27.543923581781986 ], [ 83.866938579110894, 27.543761519017053 ], [ 83.867375391209492, 27.543425706548625 ], [ 83.867723079207295, 27.543243269544533 ], [ 83.867895579180683, 27.543207332126926 ], [ 83.868410142046045, 27.543219081957115 ], [ 83.868754516717914, 27.543167519519333 ], [ 83.869449516418868, 27.542800394381281 ], [ 83.870039329261303, 27.542354144447504 ], [ 83.870819454490444, 27.542007331945463 ], [ 83.871251578962898, 27.541881394405188 ], [ 83.871724579451183, 27.541665206636669 ], [ 83.871771766924198, 27.541644956917548 ], [ 83.872535704513282, 27.541086019499023 ], [ 83.872953266848356, 27.540655394578831 ], [ 83.873412891173857, 27.540263207081971 ], [ 83.873420767064843, 27.540256457355831 ], [ 83.873987329014952, 27.539900456799511 ], [ 83.874322328833713, 27.539449456842586 ], [ 83.874677204439564, 27.539054893974573 ], [ 83.87500001612149, 27.538448144099821 ], [ 83.875222329346599, 27.538030894498789 ], [ 83.875655204609529, 27.537178331535468 ], [ 83.875767453664892, 27.537009206990192 ], [ 83.876257329150633, 27.536386831948334 ], [ 83.876549516366651, 27.535933519091678 ], [ 83.877214641427031, 27.535200769332643 ], [ 83.877638641331217, 27.534637019335648 ], [ 83.877881016906144, 27.534411581993552 ], [ 83.878471203802434, 27.534023957118286 ], [ 83.878992641531909, 27.533767144073792 ], [ 83.879453766640026, 27.533392894743564 ], [ 83.879911266546102, 27.53313614462488 ], [ 83.880661703822653, 27.532405644074142 ], [ 83.880882828899416, 27.53218020662986 ], [ 83.881440516903126, 27.53144508213726 ], [ 83.881887641744044, 27.530822644759766 ], [ 83.882185141956313, 27.530197831700711 ], [ 83.882810642069131, 27.529349894326021 ], [ 83.883451454235853, 27.528693832041625 ], [ 83.883892328780902, 27.528281269328545 ], [ 83.884201141575659, 27.527981393990068 ], [ 83.884333203817761, 27.527870894006753 ], [ 83.884488766774581, 27.52768151930659 ], [ 83.884405266146942, 27.527602456524651 ], [ 83.884262517010896, 27.527369894092693 ], [ 83.884144829240753, 27.527022332351542 ], [ 83.884155329417197, 27.526677081500491 ], [ 83.884210516778722, 27.5262754567438 ], [ 83.884333203676135, 27.525761082133542 ], [ 83.884536016941155, 27.525420519381463 ], [ 83.884651829368892, 27.525136269118747 ], [ 83.884726516270788, 27.52479333147642 ], [ 83.884845391515611, 27.523701331710178 ], [ 83.88483626639011, 27.523299644235731 ], [ 83.884798828943786, 27.523125831613658 ], [ 83.88467720384746, 27.52289333209583 ], [ 83.884334704176581, 27.522195769337539 ], [ 83.884072328791405, 27.521672082118471 ], [ 83.88396932876374, 27.521534331496298 ], [ 83.883593141497272, 27.521238394368346 ], [ 83.883253079314244, 27.521154644356535 ], [ 83.882910767082251, 27.521145332338911 ], [ 83.882229391109661, 27.521016144567774 ], [ 83.881721766821698, 27.520812582076804 ], [ 83.881384641335885, 27.520631769034836 ], [ 83.880791016464585, 27.520446269472494 ], [ 83.880475141968134, 27.52026539481033 ], [ 83.880371828970752, 27.520148081684052 ], [ 83.880230766275446, 27.51985676926256 ], [ 83.880030954372515, 27.519391831935039 ], [ 83.879913017048466, 27.519044206480235 ], [ 83.879366767016094, 27.517996706489889 ], [ 83.879249142041857, 27.517649081584917 ], [ 83.879138141554364, 27.517071331685926 ], [ 83.879063203733139, 27.516723769840617 ], [ 83.878984641539788, 27.5164912692127 ], [ 83.878599141856711, 27.51579364447937 ], [ 83.878522266117017, 27.515504769055443 ], [ 83.878397203716361, 27.514694581886136 ], [ 83.878402391538515, 27.514523081893415 ], [ 83.87829670393252, 27.513773832084368 ], [ 83.87830914123667, 27.513369894278071 ], [ 83.878219641252628, 27.512794394271232 ], [ 83.878144704102411, 27.512446831733463 ], [ 83.877714329112152, 27.511112894626013 ], [ 83.877704954376824, 27.510711206708319 ], [ 83.877734703864505, 27.510442706854818 ], [ 83.877736016800412, 27.510404331806104 ], [ 83.877805828979419, 27.510214769548323 ], [ 83.877962641864016, 27.509989331793644 ], [ 83.878517329446169, 27.509348957061103 ], [ 83.878759579311975, 27.509125769138475 ], [ 83.878955829353671, 27.509015331649895 ], [ 83.879409016621366, 27.508891644485161 ], [ 83.880373641758339, 27.508856394554726 ], [ 83.880784328857445, 27.508759706704488 ], [ 83.882898329414829, 27.507495644647527 ], [ 83.883306141798471, 27.507466644372503 ], [ 83.883561704335094, 27.50750970713354 ], [ 83.884271703645538, 27.507392956736862 ], [ 83.88472157871243, 27.507384332097182 ], [ 83.885230454333922, 27.50754945726338 ], [ 83.885863453722507, 27.507850081909027 ], [ 83.886371641153474, 27.508035519158092 ], [ 83.886690766915805, 27.5081012691127 ], [ 83.887008641475049, 27.508203019680195 ], [ 83.887197704294081, 27.508322769673534 ], [ 83.887643954247309, 27.508429207162639 ], [ 83.887836578817712, 27.508433894584527 ], [ 83.888065329485173, 27.508370894383052 ], [ 83.888257703943623, 27.508384581836349 ], [ 83.888942391584109, 27.508285832246838 ], [ 83.889201328933183, 27.508177706670839 ], [ 83.889349766974831, 27.508089894444648 ], [ 83.890198704364238, 27.50758958201282 ], [ 83.890481079227783, 27.507407019020288 ], [ 83.891311579391129, 27.507030831877181 ], [ 83.89191976654449, 27.506514519482295 ], [ 83.89224876632241, 27.506253082071296 ], [ 83.892509516346223, 27.506124644791083 ], [ 83.892833266498457, 27.506036894636413 ], [ 83.893094016288273, 27.50590851943684 ], [ 83.893224079345998, 27.505872457170174 ], [ 83.893938329435812, 27.505602207120067 ], [ 83.894615454030529, 27.505158207261871 ], [ 83.894945016380234, 27.504878643944721 ], [ 83.895319954394139, 27.504522393974618 ], [ 83.895999954063583, 27.503981331840571 ], [ 83.896529016539205, 27.503476269389559 ], [ 83.896774829226558, 27.503137957082448 ], [ 83.896867329328316, 27.502910144697687 ], [ 83.897068579060601, 27.50262595719629 ], [ 83.897664703633794, 27.502134519662217 ], [ 83.897862266806399, 27.501945081541137 ], [ 83.898016516438602, 27.501728644119684 ], [ 83.898222829447008, 27.501272894111104 ], [ 83.898600328839166, 27.500821832204792 ], [ 83.898931828912268, 27.500483581956942 ], [ 83.898999328698693, 27.500370831781819 ], [ 83.899309328731718, 27.500032582151167 ], [ 83.899326141812381, 27.500001019207325 ], [ 83.899352204022023, 27.49988145665516 ], [ 83.89944720371652, 27.499723519809734 ], [ 83.899470016620228, 27.499671644329247 ], [ 83.899543079594267, 27.499385144523579 ], [ 83.899759829327934, 27.498584207111787 ], [ 83.899029703678238, 27.498664956635047 ], [ 83.897542703795267, 27.498993331569025 ], [ 83.897154016864221, 27.499101331910648 ], [ 83.896828078952453, 27.499265831454185 ], [ 83.896504391255988, 27.49935358205553 ], [ 83.896117453640827, 27.49940295716473 ], [ 83.895732516550709, 27.49939364408025 ], [ 83.895222079549313, 27.499287206707375 ], [ 83.893749391556653, 27.499137144069849 ], [ 83.892796641965944, 27.498788894019274 ], [ 83.892417891763813, 27.498569707026427 ], [ 83.892105954358343, 27.498273894074412 ], [ 83.891922766188429, 27.49796458173503 ], [ 83.891674766920346, 27.497671019806461 ], [ 83.891487328680853, 27.497492644344856 ], [ 83.891385016478608, 27.497336831751809 ], [ 83.891074079451656, 27.497004894760732 ], [ 83.890699579119214, 27.496650331967111 ], [ 83.889756641546242, 27.495977144320801 ], [ 83.889252016684267, 27.495678893937296 ], [ 83.888872391299458, 27.495498081858393 ], [ 83.888427141952789, 27.495353269122219 ], [ 83.888234204046412, 27.495366644446996 ], [ 83.887200266764381, 27.49557345674414 ], [ 83.886552892053373, 27.495751144667043 ], [ 83.886163016803337, 27.495895269260973 ], [ 83.885904516748468, 27.495946956777413 ], [ 83.88571220451432, 27.495942269685067 ], [ 83.885190079084481, 27.495508581502406 ], [ 83.885045704435498, 27.495332456891067 ], [ 83.884875329181, 27.494598956722715 ], [ 83.884734891679685, 27.494289707180005 ], [ 83.884316453992682, 27.49397345711175 ], [ 83.883967454591499, 27.493485769453311 ], [ 83.883314954470933, 27.493126394658251 ], [ 83.882940141845907, 27.492771894553794 ], [ 83.882355454001882, 27.492297456881463 ], [ 83.881340266454757, 27.491890394041487 ], [ 83.880898641744992, 27.491632832313432 ], [ 83.880645079120541, 27.491531019032163 ], [ 83.879639329100883, 27.490817019005565 ], [ 83.878942578991996, 27.490493831524876 ], [ 83.878627767070455, 27.490294956769393 ], [ 83.878183829142131, 27.490111831741444 ], [ 83.877672141909969, 27.490041394529566 ], [ 83.877481516121009, 27.489980332215033 ], [ 83.87703926663238, 27.489740706984723 ], [ 83.876812142101244, 27.489467519562027 ], [ 83.876808391685188, 27.489426894229933 ], [ 83.876779954405606, 27.489119956904517 ], [ 83.876879454513556, 27.488661957138635 ], [ 83.877086204274804, 27.4882063320097 ], [ 83.877758078846554, 27.487225332013121 ], [ 83.87846945403976, 27.486361707112895 ], [ 83.878933703719028, 27.485872456597672 ], [ 83.879488891181808, 27.485214019181029 ], [ 83.87975326661676, 27.484970519162573 ], [ 83.880124516214153, 27.484731644521244 ], [ 83.880578204492906, 27.484587644551109 ], [ 83.88153289148137, 27.484168769211461 ], [ 83.881705642099703, 27.484114707047333 ], [ 83.882048517098028, 27.484103769487547 ], [ 83.882418454392308, 27.483900956844479 ], [ 83.882505891860973, 27.483846894712062 ], [ 83.88265970410869, 27.48371614480731 ], [ 83.883126204151367, 27.483152394798658 ], [ 83.883442078894049, 27.482622393981266 ], [ 83.883534641741349, 27.48239458174254 ], [ 83.883735829455418, 27.482110394578065 ], [ 83.884001829103553, 27.481810519568132 ], [ 83.884220516795352, 27.481661769684415 ], [ 83.884586829284146, 27.481574019497792 ], [ 83.88586895407802, 27.481642769678587 ], [ 83.886127454121379, 27.481591082048681 ], [ 83.886647953695913, 27.481372644079073 ], [ 83.887062829519635, 27.481095456829813 ], [ 83.88715382930576, 27.480924018920994 ], [ 83.887179829015238, 27.480772893934219 ], [ 83.887086766634113, 27.480310207046188 ], [ 83.887119704288068, 27.479926581922076 ], [ 83.887298016461088, 27.47970108226767 ], [ 83.88762751615495, 27.479421519746342 ], [ 83.8876768288238, 27.479211706618642 ], [ 83.887471891980638, 27.478209644661682 ], [ 83.887528642094594, 27.477751644314612 ], [ 83.887580266656499, 27.476754268990948 ], [ 83.887817266776253, 27.475994019525533 ], [ 83.888047454037334, 27.475461644119093 ], [ 83.888196766386343, 27.474775832241527 ], [ 83.888315454564335, 27.474394519241244 ], [ 83.88832232955258, 27.474164394475249 ], [ 83.888160704225982, 27.473855081788873 ], [ 83.887973017032763, 27.473697019617976 ], [ 83.887845578723514, 27.473656269647037 ], [ 83.887720516454749, 27.473556894030324 ], [ 83.887679391710662, 27.473498207243104 ], [ 83.88766182880471, 27.473362769478427 ], [ 83.887733142005928, 27.473134956824399 ], [ 83.887822829209014, 27.473001956807252 ], [ 83.888109079472073, 27.472740331727667 ], [ 83.888500766340769, 27.472519519139247 ], [ 83.888632766951488, 27.472409081693026 ], [ 83.888723016402167, 27.472255706832964 ], [ 83.888725329030493, 27.472178956743395 ], [ 83.888606079137134, 27.471869707228763 ], [ 83.888233016404683, 27.471479019795787 ], [ 83.888090266570828, 27.471244268929112 ], [ 83.887754704003811, 27.470316519040843 ], [ 83.887740079179849, 27.470086331710512 ], [ 83.887906329303235, 27.469553956860231 ], [ 83.887925016155592, 27.468940207076319 ], [ 83.887974579598733, 27.468712331511991 ], [ 83.887945953881811, 27.468251957284366 ], [ 83.887731579440413, 27.467556769082488 ], [ 83.887108704316972, 27.46624070718169 ], [ 83.886860704571106, 27.465947144557589 ], [ 83.886691954572498, 27.465865769374822 ], [ 83.886567141204992, 27.465748331523351 ], [ 83.886464829612606, 27.465592581482461 ], [ 83.886305579481174, 27.465206582121382 ], [ 83.886202579349245, 27.465068832155044 ], [ 83.885798641849533, 27.464294581838153 ], [ 83.885720204537463, 27.464062019345047 ], [ 83.885744891960229, 27.463946957146767 ], [ 83.885792516620029, 27.463795769454052 ], [ 83.885924828926989, 27.463665019529326 ], [ 83.886077641643155, 27.463572644658178 ], [ 83.886793891358721, 27.463246019112638 ], [ 83.888522953950911, 27.462714894497864 ], [ 83.888956704231092, 27.46253470718715 ], [ 83.889474766189778, 27.462395206723205 ], [ 83.889736141201425, 27.462248769660231 ], [ 83.89016989173993, 27.462068582162033 ], [ 83.890948704537948, 27.461800644492499 ], [ 83.891552829319863, 27.461643144105437 ], [ 83.891683141762726, 27.461589082286945 ], [ 83.89181382902882, 27.461514769567454 ], [ 83.89185814205824, 27.461458394152679 ], [ 83.891817766806554, 27.461381644136804 ], [ 83.891657453636824, 27.461033956792647 ], [ 83.891315391894224, 27.460316144725137 ], [ 83.891017516857602, 27.459564456883388 ], [ 83.890626328893745, 27.459056457186314 ], [ 83.890258454466462, 27.458492082032091 ], [ 83.890191891414645, 27.45833401954015 ], [ 83.889819642081136, 27.457449082174449 ], [ 83.889659078845369, 27.457099269211831 ], [ 83.889539516587789, 27.456810332074681 ], [ 83.889382828900651, 27.456347644343662 ], [ 83.889289954522908, 27.455884956590094 ], [ 83.889236266177306, 27.455539644462366 ], [ 83.889235329141869, 27.455510332175127 ], [ 83.889224891783485, 27.455214706396401 ], [ 83.889164828659432, 27.454885206579185 ], [ 83.889252579423214, 27.45470701967486 ], [ 83.889114579198292, 27.453876519562357 ], [ 83.889089141435122, 27.451748519706712 ], [ 83.889163142084755, 27.450214144457544 ], [ 83.889486703929634, 27.449478769086134 ], [ 83.889802266179245, 27.446313144242108 ], [ 83.890155828899495, 27.445259581995412 ], [ 83.89115439127265, 27.443294956386669 ], [ 83.891682703863509, 27.442974894662044 ], [ 83.893257079029027, 27.442152456665063 ], [ 83.894164391167109, 27.441532644262708 ], [ 83.894716891542245, 27.440955394705636 ], [ 83.895879017035043, 27.439381207007475 ], [ 83.897420141629212, 27.437904269566943 ], [ 83.897613578873148, 27.437561456634718 ], [ 83.897539703777213, 27.437534269642491 ], [ 83.897298829171618, 27.437484456477701 ], [ 83.895244453926765, 27.437180582003588 ], [ 83.89487207881217, 27.437069706524639 ], [ 83.893224266720026, 27.436802206765591 ], [ 83.892376578986742, 27.436551081830611 ], [ 83.892044953873068, 27.436512519145285 ], [ 83.888257328986015, 27.435649707047762 ], [ 83.886539141554763, 27.435359519017904 ], [ 83.884419204056044, 27.434913206994295 ], [ 83.882864203749492, 27.434489956462823 ], [ 83.882222266260882, 27.434297582037249 ], [ 83.880430141800787, 27.433646207095624 ], [ 83.878584079229455, 27.432886394664145 ], [ 83.876508204590166, 27.43184201959712 ], [ 83.87518132860346, 27.43127895681889 ], [ 83.875000016310537, 27.431168269605831 ], [ 83.874489141660575, 27.430858644728943 ], [ 83.873675204234516, 27.430514894554832 ], [ 83.87343251611891, 27.430437957243797 ], [ 83.871430266663154, 27.42945451896831 ], [ 83.870624829209419, 27.428855832188923 ], [ 83.870246203942727, 27.428505706474631 ], [ 83.869520203932282, 27.427345144633705 ], [ 83.869407704341953, 27.427022332254211 ], [ 83.869381579379038, 27.426110706780225 ], [ 83.869361266391763, 27.425397581618544 ], [ 83.869485016671732, 27.424461268868111 ], [ 83.869666641739187, 27.423786706440413 ], [ 83.869933267008449, 27.423082894214236 ], [ 83.870438516213383, 27.422133394565407 ], [ 83.870701079145221, 27.421490519083427 ], [ 83.871150766570352, 27.420780081697274 ], [ 83.871479954166389, 27.419868769226486 ], [ 83.871658204204962, 27.41963876893492 ], [ 83.871939204160327, 27.418768019728702 ], [ 83.872311329192598, 27.417924394010022 ], [ 83.87262664123331, 27.416665518964496 ], [ 83.872869891621946, 27.415695394188575 ], [ 83.872931328957534, 27.415302769638025 ], [ 83.872922704509179, 27.415149393908226 ], [ 83.872915579083525, 27.415025206680209 ], [ 83.873324954062056, 27.41276458189304 ], [ 83.873524016357749, 27.412261518910107 ], [ 83.873938204055918, 27.411871519376358 ], [ 83.874999891863752, 27.409940894634364 ], [ 83.875747016952502, 27.40858083164359 ], [ 83.877615954010011, 27.405709894215118 ], [ 83.877645016640599, 27.405473019375272 ], [ 83.877352329152771, 27.402911582125167 ], [ 83.877191516993733, 27.401992956565778 ], [ 83.87700832867398, 27.401311331511383 ], [ 83.876830579582901, 27.400286707173194 ], [ 83.876698641790554, 27.399526206891537 ], [ 83.876026516437094, 27.396596518879296 ], [ 83.875177641731256, 27.393784081726263 ], [ 83.87500001668532, 27.393276206972207 ], [ 83.874749266676929, 27.392560581693871 ], [ 83.874898828736747, 27.392156893838063 ], [ 83.875000079397893, 27.392066706882439 ], [ 83.875212953904395, 27.391877332035008 ], [ 83.880876766648299, 27.39098645644318 ], [ 83.883304016790817, 27.390796706329347 ], [ 83.887338391969166, 27.390730019138022 ], [ 83.888281204187876, 27.390615707089871 ], [ 83.889549704054602, 27.390359456484074 ], [ 83.890523141664943, 27.390249644063086 ], [ 83.892513454250818, 27.389867581609487 ], [ 83.895705204232669, 27.389542831382411 ], [ 83.897099829492831, 27.389541581374615 ], [ 83.89848982928649, 27.389357581375929 ], [ 83.899709078767003, 27.389308831331896 ], [ 83.900735766669683, 27.389347894525667 ], [ 83.90176601684982, 27.3892989567237 ], [ 83.904842641246617, 27.389488456450795 ], [ 83.907323641757216, 27.389532956769834 ], [ 83.907437516639533, 27.38937958168265 ], [ 83.907798266240363, 27.388391456564861 ], [ 83.908091891443348, 27.387197957088397 ], [ 83.908305204145421, 27.386049519030152 ], [ 83.908304516247256, 27.384957331501223 ], [ 83.908392953718547, 27.384239769220958 ], [ 83.908435642062301, 27.382727894514833 ], [ 83.908288891354118, 27.381707831432713 ], [ 83.907980828994496, 27.380872706355255 ], [ 83.907656517102282, 27.380258706728334 ], [ 83.907091766824109, 27.379615206603425 ], [ 83.906753141183842, 27.378297144381527 ], [ 83.906354391646175, 27.37753420633311 ], [ 83.905579454215058, 27.376263206483852 ], [ 83.905255829036861, 27.375917706507757 ], [ 83.904158266788002, 27.375000832200353 ], [ 83.903721953649892, 27.374637206799779 ], [ 83.903519641839068, 27.374366269281218 ], [ 83.903429516953139, 27.37404576918146 ], [ 83.90330457897943, 27.37387645648743 ], [ 83.902195703805148, 27.372869268983685 ], [ 83.901392203831861, 27.371792394619799 ], [ 83.90061564159474, 27.371040331374985 ], [ 83.899669329186324, 27.370304019060566 ], [ 83.899408704563129, 27.369954081662776 ], [ 83.899132016269618, 27.369832019269566 ], [ 83.898777517051244, 27.369795644066897 ], [ 83.898380516502129, 27.369639644388773 ], [ 83.896647079306277, 27.368699644356788 ], [ 83.896163329424979, 27.368374331553479 ], [ 83.894471954597861, 27.367775081934678 ], [ 83.894189141139663, 27.367522144031781 ], [ 83.894096766603411, 27.367276081931308 ], [ 83.894285141648311, 27.366852018825941 ], [ 83.894284704547673, 27.36637133160183 ], [ 83.893906516385513, 27.365976144404165 ], [ 83.894001891268331, 27.365378331859294 ], [ 83.893920579167855, 27.365159269236567 ], [ 83.893620954062939, 27.364890456362371 ], [ 83.893428516888761, 27.364633143834727 ], [ 83.893428391552888, 27.364402956588993 ], [ 83.8935138920138, 27.36428795667927 ], [ 83.893513766465304, 27.364008143863618 ], [ 83.893230704454368, 27.363682956507173 ], [ 83.893085642060655, 27.363371457043495 ], [ 83.893085579098837, 27.363141268902819 ], [ 83.893402391156968, 27.362893331857723 ], [ 83.893491391297388, 27.36265189452056 ], [ 83.893443453959833, 27.362523269603347 ], [ 83.893059266134429, 27.362225081656163 ], [ 83.892883829433856, 27.361990269380502 ], [ 83.892844641543832, 27.361676581572372 ], [ 83.892692642014381, 27.361369581311166 ], [ 83.892378578943536, 27.361055707108346 ], [ 83.892001266406965, 27.360802643872667 ], [ 83.89130926622768, 27.360596769015142 ], [ 83.891116641386006, 27.360490581826205 ], [ 83.891052641370763, 27.360395706328521 ], [ 83.891142329506891, 27.36009795688965 ], [ 83.891009516682772, 27.359858644233366 ], [ 83.890872578838525, 27.359736644590274 ], [ 83.890453391457825, 27.359675394387914 ], [ 83.88996495378403, 27.359334269170294 ], [ 83.889867579261733, 27.359072456440909 ], [ 83.890030266804345, 27.358458769546381 ], [ 83.889886516120001, 27.358169831494653 ], [ 83.889709704366211, 27.358063643977065 ], [ 83.888495453844101, 27.357834769668326 ], [ 83.887480142017907, 27.357809143813768 ], [ 83.88669557930919, 27.357614393826591 ], [ 83.886316829408344, 27.357248582044754 ], [ 83.885769141407096, 27.356512456941594 ], [ 83.8854695790954, 27.356245956977357 ], [ 83.885111266840212, 27.355979394503613 ], [ 83.883324828898949, 27.355003081911182 ], [ 83.88221764198461, 27.354600456652562 ], [ 83.880828579027806, 27.353990019317745 ], [ 83.879737703996, 27.353666394481642 ], [ 83.878963516822822, 27.353318206435265 ], [ 83.875234328898173, 27.352252081330629 ], [ 83.875000079565055, 27.352161644204852 ], [ 83.873485266630311, 27.351578018813399 ], [ 83.872201953835216, 27.350547894248695 ], [ 83.871846767083596, 27.350407644177153 ], [ 83.871329954136144, 27.35011383178961 ], [ 83.87035439131175, 27.349359206531794 ], [ 83.868830141746912, 27.347997081887549 ], [ 83.868086829076702, 27.347493144475255 ], [ 83.867541829122331, 27.347237644100982 ], [ 83.867137266512032, 27.347189894404234 ], [ 83.865863703701578, 27.346811831324054 ], [ 83.865466704240774, 27.346746018833954 ], [ 83.864833704270481, 27.34645201894288 ], [ 83.864672891118119, 27.346467643903335 ], [ 83.864088016345022, 27.346832644467124 ], [ 83.86250039144609, 27.348088019646198 ], [ 83.857699891150972, 27.351605707047902 ], [ 83.8547723911704, 27.353730644108666 ], [ 83.844233204006798, 27.361375832133238 ], [ 83.844090516109318, 27.361495269131066 ], [ 83.84402726655911, 27.36153808139002 ], [ 83.843811016481638, 27.361680019628793 ], [ 83.836010954199807, 27.367350831368302 ], [ 83.83476126626833, 27.368258769568438 ], [ 83.833333453647455, 27.369322144339552 ], [ 83.83317082951676, 27.36948895657514 ], [ 83.832050828778719, 27.370099144190444 ], [ 83.821914204114179, 27.374746394410916 ], [ 83.821358016359397, 27.375000644434252 ], [ 83.814067891795261, 27.378339894458815 ], [ 83.813934453896394, 27.378411894046664 ], [ 83.813834204447858, 27.378463644086281 ], [ 83.805814454516906, 27.382101581440022 ], [ 83.805783141791366, 27.382115081727086 ], [ 83.79706320388361, 27.386108081780691 ], [ 83.792815954055015, 27.388051519480278 ], [ 83.791666579418973, 27.38858683208143 ], [ 83.775709579149876, 27.396029019566171 ], [ 83.767953454358462, 27.399644894157849 ], [ 83.767882641672458, 27.399667331908685 ], [ 83.767824141730998, 27.39968751912583 ], [ 83.767565016027916, 27.399804457032367 ], [ 83.764182328775902, 27.40132195703703 ], [ 83.763492641701234, 27.401654707037988 ], [ 83.763378453590605, 27.401713207098666 ], [ 83.763263328892052, 27.401753644066979 ], [ 83.762290516493323, 27.402187519623947 ], [ 83.761836516506648, 27.402407894087059 ], [ 83.761778578860088, 27.402443894496184 ], [ 83.761741266122897, 27.402459581469351 ], [ 83.7615663285588, 27.402517956396476 ], [ 83.760632328588542, 27.402987957072597 ], [ 83.760193641101509, 27.403145207002098 ], [ 83.750496890987478, 27.407596143878777 ], [ 83.750000141618884, 27.407834457107487 ], [ 83.747404891310595, 27.409073144041155 ], [ 83.747383078576831, 27.409082144248291 ], [ 83.745112578868444, 27.410267207103907 ], [ 83.744744328941735, 27.410410956871015 ], [ 83.744395579280592, 27.410611144145086 ], [ 83.743570953637146, 27.410972894041805 ], [ 83.743265953772564, 27.411134831964478 ], [ 83.742157141679002, 27.411678894011565 ], [ 83.74154801661571, 27.411986894734497 ], [ 83.740527891128338, 27.412438581660776 ], [ 83.740179766553581, 27.412620707090742 ], [ 83.739008141681637, 27.413123956687347 ], [ 83.737507516486886, 27.41386589449824 ], [ 83.736639578602151, 27.414245519639717 ], [ 83.735423891112532, 27.414784769290993 ], [ 83.734792828979351, 27.415113019163904 ], [ 83.733750516100116, 27.415580331979001 ], [ 83.732426203984829, 27.416175893983048 ], [ 83.731991079432447, 27.416393893990065 ], [ 83.731469891411692, 27.416627581361659 ], [ 83.731378079058175, 27.416668019531642 ], [ 83.730970891606702, 27.416843268992906 ], [ 83.730884203947468, 27.416879206350309 ], [ 83.728994391251049, 27.417746582178481 ], [ 83.72864689096464, 27.417908332042803 ], [ 83.72714826603405, 27.418593706972146 ], [ 83.724627891722449, 27.419768894642154 ], [ 83.722455953472263, 27.420759706867575 ], [ 83.722194891511677, 27.420887832153049 ], [ 83.720718266852288, 27.421555081849274 ], [ 83.719262766877634, 27.422222332107822 ], [ 83.718741891250176, 27.422455956701093 ], [ 83.716591079222937, 27.423449019086906 ], [ 83.71641876658596, 27.423482519450598 ], [ 83.716330640963761, 27.423556769753102 ], [ 83.716157891435373, 27.423608332021985 ], [ 83.715549266452044, 27.423898206361798 ], [ 83.714136453950971, 27.424567769630325 ], [ 83.714050391022496, 27.424583332017619 ], [ 83.713702266278318, 27.4247653941996 ], [ 83.712527016247151, 27.425331644253156 ], [ 83.712180204264172, 27.425457331638981 ], [ 83.710940453837864, 27.426041456583391 ], [ 83.710548641595082, 27.426223394030522 ], [ 83.710026328686141, 27.426479581474929 ], [ 83.70863401612884, 27.42713558186815 ], [ 83.708333453772525, 27.427236456755193 ], [ 83.708157516027427, 27.427297019468512 ], [ 83.70806876668469, 27.427389393951429 ], [ 83.707046454389783, 27.427863394173585 ], [ 83.706437141210245, 27.428155519480871 ], [ 83.705458141403113, 27.428611456601832 ], [ 83.704326203518278, 27.429159644391941 ], [ 83.703565328435005, 27.42950551912147 ], [ 83.703217829213003, 27.42965145703392 ], [ 83.702781516857868, 27.42988970721548 ], [ 83.702064328438766, 27.430197331930469 ], [ 83.70119451622017, 27.430599394762002 ], [ 83.700367078670922, 27.430999269518285 ], [ 83.699650204195208, 27.431309144304439 ], [ 83.699431766934325, 27.431437269577273 ], [ 83.698541079387525, 27.431818956454915 ], [ 83.698018453979856, 27.432075019185621 ], [ 83.697235329136106, 27.432438956898849 ], [ 83.696364516183991, 27.432859019468665 ], [ 83.695845954388929, 27.433000081892214 ], [ 83.695496704323304, 27.433202394453769 ], [ 83.69473682872966, 27.433509894131301 ], [ 83.6939963293554, 27.433876018907544 ], [ 83.692714079426281, 27.43443964465547 ], [ 83.692039828517991, 27.434747269485211 ], [ 83.691146453975989, 27.435205582252653 ], [ 83.690713516579137, 27.435349081599178 ], [ 83.690625079082153, 27.435423331828193 ], [ 83.6904520168505, 27.435477143986805 ], [ 83.690255016112758, 27.435605332083369 ], [ 83.69014751603244, 27.435623144466643 ], [ 83.687275328485455, 27.436970643932153 ], [ 83.687102891027962, 27.437006331571283 ], [ 83.687036641057873, 27.437062644764573 ], [ 83.68607970423389, 27.437498206708852 ], [ 83.685166828931713, 27.43789783202628 ], [ 83.684034704249385, 27.438445894232409 ], [ 83.683861578685566, 27.438499644738002 ], [ 83.682948641880969, 27.438899206487896 ], [ 83.682534516511467, 27.439119394361974 ], [ 83.681708266559625, 27.43948308152428 ], [ 83.68053414105664, 27.440010768961923 ], [ 83.67975095360768, 27.440374456449167 ], [ 83.679533079210898, 27.440484519063787 ], [ 83.679467516553274, 27.440520456452457 ], [ 83.677618328557827, 27.441375957045071 ], [ 83.67713826681026, 27.44163433164664 ], [ 83.676682141169366, 27.441834081424211 ], [ 83.676595078651715, 27.441870019008899 ], [ 83.676333828818116, 27.441998019065593 ], [ 83.676073704207809, 27.442087644068117 ], [ 83.675203016131945, 27.442505331988425 ], [ 83.674354891241478, 27.442889268905034 ], [ 83.674093391600607, 27.443017269543013 ], [ 83.672287766212747, 27.443854706732211 ], [ 83.672221515963983, 27.443910956792305 ], [ 83.671525016062887, 27.444238769209655 ], [ 83.670393453877793, 27.444766394729054 ], [ 83.669697204280439, 27.445094206616361 ], [ 83.667432641061197, 27.446190019653585 ], [ 83.666666766473753, 27.446544706629084 ], [ 83.666257641702074, 27.446735519064909 ], [ 83.665823703668039, 27.446899206952104 ], [ 83.665301266040814, 27.447152957148727 ], [ 83.663886954377773, 27.447810707238485 ], [ 83.663364079257818, 27.448064393966767 ], [ 83.661861578721229, 27.448796394311696 ], [ 83.659924391853551, 27.449707831456497 ], [ 83.65975126636647, 27.449759332218949 ], [ 83.659402579034847, 27.449943519450269 ], [ 83.657834079157382, 27.450709144210926 ], [ 83.656442579059856, 27.451328519311947 ], [ 83.656268079172918, 27.451420581830021 ], [ 83.654809515940315, 27.452111956495898 ], [ 83.654199266427938, 27.452424144415986 ], [ 83.653068141425535, 27.452931269387321 ], [ 83.651566266878262, 27.453642832141377 ], [ 83.651393141560007, 27.453696581647311 ], [ 83.650695766472296, 27.454044581598719 ], [ 83.649703141510571, 27.454473081391111 ], [ 83.648707641882524, 27.454915144699086 ], [ 83.648386828849354, 27.455063269099004 ], [ 83.648061953402916, 27.455188769478593 ], [ 83.647540329150942, 27.455465019462892 ], [ 83.645458265926607, 27.456412019516794 ], [ 83.645001453948623, 27.45667033205233 ], [ 83.644220266739765, 27.457036144007347 ], [ 83.644156016304578, 27.457033707133927 ], [ 83.643634703577106, 27.457309956628158 ], [ 83.64291976622799, 27.45759920642185 ], [ 83.642311641351014, 27.457911269406999 ], [ 83.641444329126969, 27.458292769109335 ], [ 83.6413667034074, 27.458333081849844 ], [ 83.641096516087671, 27.458476831824331 ], [ 83.641032328648336, 27.458474394570146 ], [ 83.640967766794148, 27.458492269470234 ], [ 83.640532828502813, 27.458732582230432 ], [ 83.640403391658666, 27.458766144612884 ], [ 83.640337453518896, 27.458822332190845 ], [ 83.639686266500775, 27.459134331940465 ], [ 83.639622078719711, 27.459131894033312 ], [ 83.639230578914251, 27.459352082230467 ], [ 83.638970953658983, 27.459443894168803 ], [ 83.635846704253083, 27.460902456754134 ], [ 83.635587141519437, 27.460992081788099 ], [ 83.6351959539885, 27.461194144010857 ], [ 83.635001891497481, 27.461247769371614 ], [ 83.634415328614025, 27.461539581407923 ], [ 83.633700641393716, 27.461831082034685 ], [ 83.633287578516175, 27.462051081951628 ], [ 83.633201516408519, 27.462068957086018 ], [ 83.632702703521517, 27.462286518923793 ], [ 83.630555829265589, 27.463251143984166 ], [ 83.630426391059402, 27.46328689395073 ], [ 83.630034891832864, 27.463488894626394 ], [ 83.62964507906095, 27.463634581551183 ], [ 83.629253579218968, 27.463836581805008 ], [ 83.62918939181354, 27.463834206770077 ], [ 83.628863828971745, 27.463982269393917 ], [ 83.628602453739774, 27.464128207099993 ], [ 83.627171078527937, 27.46472914411185 ], [ 83.626714266173479, 27.464969331996379 ], [ 83.625868766094825, 27.465314582231027 ], [ 83.624999953687293, 27.465722956730914 ], [ 83.624696203872773, 27.465864268905566 ], [ 83.624306141260931, 27.466009894019621 ], [ 83.624045078897097, 27.46615589429895 ], [ 83.623785140946794, 27.466247706577235 ], [ 83.622807954349653, 27.466705394189059 ], [ 83.62196245350151, 27.467050581622249 ], [ 83.620919766193509, 27.467544206527592 ], [ 83.620756640852008, 27.467613706974717 ], [ 83.616867203930155, 27.46934958146436 ], [ 83.616703328495646, 27.469378456996353 ], [ 83.613021578912594, 27.469490144247885 ], [ 83.608135204014999, 27.469702144390197 ], [ 83.60656426586894, 27.469751831474678 ], [ 83.604117078955667, 27.469869019342369 ], [ 83.601907766763006, 27.469973206950193 ], [ 83.600389828974158, 27.470038894116083 ], [ 83.583333328362158, 27.470785456526201 ], [ 83.582253516666796, 27.470831831984384 ], [ 83.58045307850027, 27.470923456981097 ], [ 83.577923828609656, 27.471069269523412 ], [ 83.576893204037901, 27.471077456915655 ], [ 83.574795329205998, 27.471208707213389 ], [ 83.57454639084645, 27.471223707173696 ], [ 83.556540453421704, 27.472065644603273 ], [ 83.555312704196012, 27.472160956488697 ], [ 83.553226329279852, 27.472258144696244 ], [ 83.549387391475804, 27.472408206432387 ], [ 83.545147203483239, 27.472631394097519 ], [ 83.54455826598651, 27.472642956622806 ], [ 83.543346641721541, 27.472736019560582 ], [ 83.541666766583376, 27.472814019592324 ], [ 83.539442829259116, 27.47291720665007 ], [ 83.537803016443306, 27.472997581501225 ], [ 83.525000765927786, 27.473624644476804 ], [ 83.522709891570287, 27.473684519152211 ], [ 83.519476329173244, 27.473867456948451 ], [ 83.517103516316268, 27.473940456637195 ], [ 83.516382953650961, 27.473906394804395 ], [ 83.509635140924928, 27.474106207218103 ], [ 83.506099016191229, 27.474274206664827 ], [ 83.500000078684295, 27.474557081684527 ], [ 83.493820453526183, 27.474841582005915 ], [ 83.49288301620561, 27.474851769471773 ], [ 83.492752078708747, 27.474858019563914 ], [ 83.492700829043983, 27.474860082117356 ], [ 83.49251476582053, 27.474877456879685 ], [ 83.492053953857848, 27.474889394040268 ], [ 83.485791079007157, 27.475175456943401 ], [ 83.48562126657626, 27.47518164430258 ], [ 83.48212707828705, 27.475349207152611 ], [ 83.482026828320187, 27.475351081710912 ], [ 83.481274078261876, 27.475370831597942 ], [ 83.468446141232505, 27.475891081786131 ], [ 83.460937078816627, 27.476257081562686 ], [ 83.458333453388704, 27.476371081438259 ], [ 83.449358015991564, 27.476760144494648 ], [ 83.449313391311463, 27.476773457210211 ], [ 83.449154391207898, 27.476817956840495 ], [ 83.433261204134922, 27.477616144583376 ], [ 83.43032520340212, 27.477762144371933 ], [ 83.430042704118648, 27.477776769053786 ], [ 83.430001266612194, 27.477778894698154 ], [ 83.429911141478186, 27.477780769534974 ], [ 83.429854828740474, 27.477782769240505 ], [ 83.422899078375579, 27.478191956784805 ], [ 83.416666703529671, 27.478457019534485 ], [ 83.412172578255564, 27.478647957087059 ], [ 83.408813891065606, 27.478757831494988 ], [ 83.408659203604316, 27.478766206746393 ], [ 83.408442641359429, 27.478799144563443 ], [ 83.405630078542686, 27.478875144461277 ], [ 83.390899953517035, 27.479492956869173 ], [ 83.390846891108438, 27.479472331726324 ], [ 83.390830703976803, 27.479424956468065 ], [ 83.390812828243412, 27.478946457215752 ], [ 83.391715828596645, 27.478298331595798 ], [ 83.39197626569856, 27.478157269744493 ], [ 83.393111391089576, 27.477963707009135 ], [ 83.39393057869016, 27.477608456492309 ], [ 83.394145828774882, 27.477232582263944 ], [ 83.394289640990081, 27.476840581812915 ], [ 83.39440701565178, 27.476261206916433 ], [ 83.394079703376065, 27.475382019111208 ], [ 83.393870453967125, 27.475189269350434 ], [ 83.392612640845755, 27.474687394474536 ], [ 83.392267329038162, 27.474618206506939 ], [ 83.392109141303351, 27.474473081647925 ], [ 83.392219453847048, 27.473656706704681 ], [ 83.392037828173102, 27.473389644023104 ], [ 83.391833265911401, 27.473318831974566 ], [ 83.391415828398976, 27.473267331665856 ], [ 83.391214578318298, 27.47317620697806 ], [ 83.391007953607044, 27.472960894399861 ], [ 83.390617953974498, 27.472110831432431 ], [ 83.390476703252403, 27.471636331706026 ], [ 83.390450266224519, 27.471040519750943 ], [ 83.390659328188505, 27.470499894445457 ], [ 83.390772266559395, 27.470450706689494 ], [ 83.390935515742626, 27.47037920675886 ], [ 83.391310891015777, 27.470493706418466 ], [ 83.391979015849756, 27.470963706827849 ], [ 83.392686453298651, 27.470971332137996 ], [ 83.394262828142203, 27.470283206409508 ], [ 83.395154453856037, 27.469734206732031 ], [ 83.395533390650542, 27.469550831929539 ], [ 83.396111203787527, 27.469363831888739 ], [ 83.39760857868896, 27.469494394784888 ], [ 83.397808954026019, 27.469215457029634 ], [ 83.397668953348656, 27.468382206843806 ], [ 83.397346578269577, 27.467536894050021 ], [ 83.397322266021433, 27.467295331671718 ], [ 83.397361641334996, 27.466977394552586 ], [ 83.397559765688044, 27.466592456552313 ], [ 83.398806703223102, 27.465891457266061 ], [ 83.400029454064963, 27.465382269323602 ], [ 83.400563640870146, 27.465307831606793 ], [ 83.401052828631833, 27.465368644114928 ], [ 83.401446641257309, 27.4655192694348 ], [ 83.402082140690936, 27.466002581619009 ], [ 83.402342078672689, 27.466360269722994 ], [ 83.403012703368589, 27.466904707208503 ], [ 83.403091329058185, 27.467047144796016 ], [ 83.403387578150642, 27.467116144358599 ], [ 83.403837391276511, 27.467145144627668 ], [ 83.404006453702664, 27.466996956742296 ], [ 83.40459245408627, 27.466164519753811 ], [ 83.40463470403995, 27.466067706559741 ], [ 83.404542266224823, 27.465566394452427 ], [ 83.404093016462014, 27.465122207036003 ], [ 83.403465453398368, 27.464753956408686 ], [ 83.40265764094184, 27.464434582239491 ], [ 83.402063016240049, 27.463926581863149 ], [ 83.401839641147461, 27.463420144100002 ], [ 83.401771703813665, 27.462296144713569 ], [ 83.401877516138669, 27.461491081420213 ], [ 83.401876140927612, 27.460881769394518 ], [ 83.401875516332808, 27.460696769664267 ], [ 83.401964890656316, 27.459781019780959 ], [ 83.402199391045983, 27.459222457209311 ], [ 83.40257289118523, 27.458637331536462 ], [ 83.402964328203197, 27.458334394542138 ], [ 83.403732453736879, 27.457739706574419 ], [ 83.403981891490659, 27.457449706554613 ], [ 83.403924828685433, 27.457063581572481 ], [ 83.40336776607586, 27.455811144537552 ], [ 83.40296207868488, 27.454936144079056 ], [ 83.402362516289529, 27.453949769007362 ], [ 83.40236357892698, 27.453866206511609 ], [ 83.402248828797198, 27.453502456629781 ], [ 83.401917578441143, 27.452483394340859 ], [ 83.401520015962546, 27.450877332085057 ], [ 83.401191765868347, 27.449837957158199 ], [ 83.400749266236033, 27.448863519610338 ], [ 83.400028703831964, 27.448169957023701 ], [ 83.399253953619493, 27.447548331746095 ], [ 83.398066766466755, 27.446489331628424 ], [ 83.397737141025829, 27.446293957124599 ], [ 83.397460016532989, 27.44620926953445 ], [ 83.396796203920999, 27.446231206852591 ], [ 83.395920829107695, 27.446444019563273 ], [ 83.394581640652291, 27.446551019020426 ], [ 83.393647140938114, 27.446580831391195 ], [ 83.393136579035357, 27.446350706817707 ], [ 83.392709516191502, 27.445931394432758 ], [ 83.392524766055416, 27.445420644609747 ], [ 83.392230828858061, 27.444884581790305 ], [ 83.392035828846971, 27.444705457224817 ], [ 83.391139140777042, 27.444247956919849 ], [ 83.389876766133298, 27.443894956717191 ], [ 83.388812391077209, 27.443689456392786 ], [ 83.388286266504096, 27.443526957249102 ], [ 83.386484015848794, 27.442627707170072 ], [ 83.386268078576123, 27.442405644704731 ], [ 83.385968266371449, 27.442194456792471 ], [ 83.385737765824857, 27.441678956527085 ], [ 83.385742453310115, 27.441245769041593 ], [ 83.386136328846604, 27.440683394046424 ], [ 83.386391953785292, 27.440535581898509 ], [ 83.38682064135628, 27.44047651972549 ], [ 83.387381141006216, 27.440655081715104 ], [ 83.387519453553821, 27.440574394419468 ], [ 83.387950765918163, 27.440163331575853 ], [ 83.388326141461192, 27.439451894765359 ], [ 83.388421203305143, 27.439127394390489 ], [ 83.388396515912717, 27.438619581531221 ], [ 83.388299203605357, 27.438255893925678 ], [ 83.38812157815623, 27.437853456606771 ], [ 83.388016015838957, 27.437724394004725 ], [ 83.386851016500401, 27.437495894307226 ], [ 83.386744265644708, 27.437427706964225 ], [ 83.386331640746931, 27.436866269222485 ], [ 83.386177890992883, 27.436369206956549 ], [ 83.386279516250909, 27.436001831373495 ], [ 83.386800265693225, 27.435128582133736 ], [ 83.387424765733201, 27.434127269761269 ], [ 83.389055204072363, 27.43250520644289 ], [ 83.389457828464316, 27.43217751899903 ], [ 83.390119453895309, 27.432013457139064 ], [ 83.390635329059791, 27.431790018942834 ], [ 83.391202704050357, 27.430831269404841 ], [ 83.392258266594325, 27.43006864402961 ], [ 83.393837516201827, 27.429572331665753 ], [ 83.393998891060505, 27.429360956990411 ], [ 83.394086766042761, 27.429131144040415 ], [ 83.394089391085487, 27.428891957149226 ], [ 83.39367451624797, 27.428098081886525 ], [ 83.393663703541591, 27.427649081615829 ], [ 83.393841765794619, 27.427275269010025 ], [ 83.394356640824867, 27.426548644713748 ], [ 83.394721516080054, 27.425722144402588 ], [ 83.394921203323506, 27.425037019267275 ], [ 83.395273390873925, 27.424508269525234 ], [ 83.396797829077784, 27.423898894699562 ], [ 83.397032765969669, 27.423651581842545 ], [ 83.397036328873398, 27.423290644469301 ], [ 83.39723976564683, 27.422849269501683 ], [ 83.39752607817249, 27.422516519162748 ], [ 83.397841266196195, 27.422332894617767 ], [ 83.398887578914454, 27.422206519513949 ], [ 83.400432454027765, 27.421797956768909 ], [ 83.401141703292438, 27.421500893975235 ], [ 83.402249265946466, 27.421219019627578 ], [ 83.403134079028646, 27.420746769397404 ], [ 83.403271391059761, 27.420361457226178 ], [ 83.403273828683851, 27.420149394451265 ], [ 83.4030611413922, 27.42001983203961 ], [ 83.402762641363012, 27.419928331445384 ], [ 83.402505453501206, 27.419963331439529 ], [ 83.40205889129669, 27.420123894553324 ], [ 83.401853453458273, 27.420123019677504 ], [ 83.40158626637556, 27.41990070636826 ], [ 83.401458516083267, 27.419613582116931 ], [ 83.401546515642053, 27.419239394696731 ], [ 83.401810265914364, 27.418931393887288 ], [ 83.401981828925159, 27.418882456537283 ], [ 83.402314953333885, 27.418886144110459 ], [ 83.402750015700519, 27.419091081868295 ], [ 83.403794391651161, 27.419454331397173 ], [ 83.404414765645299, 27.419461519224964 ], [ 83.40526876632444, 27.419372644287595 ], [ 83.406106016361889, 27.419202456656596 ], [ 83.40761245374604, 27.418622206534245 ], [ 83.407838141220466, 27.418327582095618 ], [ 83.408093266350491, 27.416958957012881 ], [ 83.408254765846195, 27.416666269738258 ], [ 83.408895328830582, 27.415506894369283 ], [ 83.409177453789169, 27.415108706633411 ], [ 83.409385828950562, 27.414917894637732 ], [ 83.409791078651949, 27.414741269625218 ], [ 83.410218640886811, 27.414756581473952 ], [ 83.410335454128017, 27.414842831864757 ], [ 83.410492890728875, 27.415130082006492 ], [ 83.410609578515846, 27.415247894454438 ], [ 83.410705015799991, 27.415304707239997 ], [ 83.410897891480019, 27.415287519073992 ], [ 83.411426891058014, 27.414775269704613 ], [ 83.411618578868726, 27.41439470638354 ], [ 83.411731141488119, 27.413309831348418 ], [ 83.411736328168374, 27.412813394647152 ], [ 83.411641453994491, 27.412461019516755 ], [ 83.411506516133997, 27.412277644043776 ], [ 83.411216016323991, 27.412100394728334 ], [ 83.410786391120908, 27.411994831414709 ], [ 83.410285016258285, 27.412017582210485 ], [ 83.409517266596495, 27.412257957241788 ], [ 83.409131890683483, 27.412272144685531 ], [ 83.408860016363803, 27.412106269000237 ], [ 83.408454953174768, 27.411714144087444 ], [ 83.408187703790773, 27.411275269066145 ], [ 83.408092266648808, 27.410735581894357 ], [ 83.40829270322736, 27.409964706914948 ], [ 83.40857714133405, 27.409550706371807 ], [ 83.40866495373173, 27.409323144690454 ], [ 83.408633765805831, 27.409050019060963 ], [ 83.407907016203211, 27.407309456812357 ], [ 83.407859890747133, 27.407013644271164 ], [ 83.407584828184213, 27.405313332045882 ], [ 83.407414078420786, 27.405032769712012 ], [ 83.40662839072877, 27.404442769666179 ], [ 83.406291703785399, 27.403990019500718 ], [ 83.406169266505088, 27.403651019677891 ], [ 83.406102891208775, 27.403172394100952 ], [ 83.405916328273094, 27.402668394637526 ], [ 83.405527828921478, 27.401908581935853 ], [ 83.40514707910971, 27.401365332013306 ], [ 83.404482204067804, 27.400717207076323 ], [ 83.403832703731169, 27.400353331389379 ], [ 83.403062203402456, 27.400002582208209 ], [ 83.402620640637949, 27.399664519389948 ], [ 83.402311204105899, 27.399372081630847 ], [ 83.401959266098359, 27.398472456546479 ], [ 83.401853391132832, 27.398356956896272 ], [ 83.401188203273676, 27.398053956749482 ], [ 83.400210141460249, 27.397977581630414 ], [ 83.399558078937318, 27.397821331729496 ], [ 83.399201953918464, 27.39752420660886 ], [ 83.399011203783488, 27.39720970692527 ], [ 83.398811265989352, 27.396073831741727 ], [ 83.398654766377703, 27.395858769157037 ], [ 83.39806939151191, 27.395574207087826 ], [ 83.397655640930637, 27.395529519129337 ], [ 83.396726515764144, 27.395651893974758 ], [ 83.396095390854953, 27.395655956329318 ], [ 83.395362016547821, 27.39563470711715 ], [ 83.394665891205435, 27.395509831684087 ], [ 83.393664203657664, 27.394618706440209 ], [ 83.392149953784028, 27.392969394042726 ], [ 83.391122953611116, 27.391981081692304 ], [ 83.39035826655109, 27.391456456741871 ], [ 83.389724453785945, 27.391207769310313 ], [ 83.388331704022661, 27.391106894406921 ], [ 83.388078891505486, 27.391042581641333 ], [ 83.387605891473115, 27.390862269131972 ], [ 83.387112266327151, 27.390523956339578 ], [ 83.386859141259507, 27.390177519491729 ], [ 83.386662391325672, 27.389350769423551 ], [ 83.386720453157622, 27.388793644134857 ], [ 83.386990766032781, 27.38785833158099 ], [ 83.387007516159983, 27.387285332007878 ], [ 83.386896203934583, 27.386492831688511 ], [ 83.386973578615539, 27.386102769270099 ], [ 83.387105328441521, 27.385760394165757 ], [ 83.38729345337137, 27.385513019142973 ], [ 83.38753632826193, 27.385301956395992 ], [ 83.389628891176599, 27.38420539436984 ], [ 83.389974953970551, 27.38384820686036 ], [ 83.390094516413953, 27.383537331974299 ], [ 83.390097828615339, 27.383223644618852 ], [ 83.389980953544168, 27.382981706426062 ], [ 83.389399390658383, 27.382327019209775 ], [ 83.389015578876098, 27.381673206324376 ], [ 83.388529516273962, 27.3807617694243 ], [ 83.388495141578375, 27.380344144494398 ], [ 83.38910439152329, 27.378273081530406 ], [ 83.389298453726468, 27.377917394237855 ], [ 83.389893954005174, 27.377134769081849 ], [ 83.390086516580539, 27.376756519029072 ], [ 83.390272015994782, 27.376121019295049 ], [ 83.390148641335742, 27.375691706911855 ], [ 83.389899641459962, 27.375349894614811 ], [ 83.389421265808878, 27.375000331765509 ], [ 83.38923120391857, 27.374861831587218 ], [ 83.388469703193053, 27.374404956726991 ], [ 83.388223890886536, 27.373999956484788 ], [ 83.38806107828799, 27.373550206989822 ], [ 83.387830078610847, 27.373156581430003 ], [ 83.387446328239136, 27.372617831769645 ], [ 83.386921453260015, 27.372116831625092 ], [ 83.386262141323925, 27.371752894538943 ], [ 83.385350016190984, 27.371060706757323 ], [ 83.384882328516696, 27.370774268952676 ], [ 83.384190516020865, 27.370477894529959 ], [ 83.382847891032043, 27.370052269264264 ], [ 83.382351328641562, 27.369964331778068 ], [ 83.380337266306427, 27.369722956579196 ], [ 83.378735516030559, 27.369645894213303 ], [ 83.378092390657287, 27.369782894262958 ], [ 83.376824890734028, 27.369770519243016 ], [ 83.376009266246854, 27.368728894229115 ], [ 83.37499995391353, 27.367072582048383 ], [ 83.374849641283461, 27.366825956824233 ], [ 83.374391890772358, 27.364745706714757 ], [ 83.374419391060982, 27.363558893973121 ], [ 83.375000015763106, 27.362728832077988 ], [ 83.375692391105389, 27.361736831317973 ], [ 83.376099703557387, 27.36002826902525 ], [ 83.376175765819525, 27.358471581435992 ], [ 83.375803328448242, 27.357111519632134 ], [ 83.375200016003518, 27.356752331363353 ], [ 83.374999891366414, 27.356900331996041 ], [ 83.374409203368458, 27.357335456938056 ], [ 83.373925140654151, 27.357685269078846 ], [ 83.372441453722075, 27.358050956772733 ], [ 83.371733641179901, 27.357966519383549 ], [ 83.370669766344378, 27.355978269447444 ], [ 83.370082328965125, 27.355564956912872 ], [ 83.368274641441388, 27.35507164394247 ], [ 83.368119515994863, 27.355068706379701 ], [ 83.366613203421977, 27.355583144224109 ], [ 83.36621914064925, 27.355220331814138 ], [ 83.365676390726719, 27.354114394315094 ], [ 83.363508766389913, 27.352265519266638 ], [ 83.362366390614028, 27.351567519517971 ], [ 83.360959453576299, 27.351055644277693 ], [ 83.360598078259969, 27.350993144390955 ], [ 83.360281453581521, 27.350844956492544 ], [ 83.359986703640246, 27.350572831392643 ], [ 83.359821078957069, 27.350262893896915 ], [ 83.359827641021141, 27.349895144409544 ], [ 83.359847640709091, 27.349874956519585 ], [ 83.360876953439188, 27.348803269635624 ], [ 83.361087078861502, 27.348468019670339 ], [ 83.361284516465147, 27.34796576955031 ], [ 83.361099641111196, 27.347378206509656 ], [ 83.361080016584296, 27.346784644161893 ], [ 83.361315141260519, 27.345935081312618 ], [ 83.361296454092539, 27.345445269588044 ], [ 83.361417391426343, 27.344850143820594 ], [ 83.36150564110136, 27.343999832088702 ], [ 83.361417703345325, 27.343475956435249 ], [ 83.361241890844141, 27.343062206594929 ], [ 83.361067141477022, 27.342968894675675 ], [ 83.360295890957346, 27.343333143916546 ], [ 83.360114953484938, 27.343490268990681 ], [ 83.359980265731551, 27.343832643790506 ], [ 83.359801891009468, 27.344037144014116 ], [ 83.359305890665794, 27.344222206841955 ], [ 83.358629828187816, 27.34439283185726 ], [ 83.35796914099825, 27.344430394655003 ], [ 83.357580516563999, 27.344390269128624 ], [ 83.356435390728635, 27.343967457055747 ], [ 83.354702265768921, 27.343016331608634 ], [ 83.354091890949732, 27.342765269170624 ], [ 83.353729516359479, 27.342677894179097 ], [ 83.353183890972531, 27.342422644153725 ], [ 83.352964078544915, 27.342186957091727 ], [ 83.352965140998506, 27.341898081998767 ], [ 83.352966328578177, 27.341480644151638 ], [ 83.354776328131109, 27.340435268835179 ], [ 83.354853578109257, 27.340293456473798 ], [ 83.354761391236977, 27.340071894164087 ], [ 83.35446657815254, 27.339799706698813 ], [ 83.353914765865454, 27.339542206993439 ], [ 83.353530703941161, 27.33947726915666 ], [ 83.353235390881295, 27.339423956855107 ], [ 83.351681765891044, 27.339730457025208 ], [ 83.350994328733961, 27.339582831381637 ], [ 83.348797078870049, 27.338252519326939 ], [ 83.348026078095842, 27.338091019306734 ], [ 83.346743516562725, 27.338281332145034 ], [ 83.346075078752875, 27.338027707065443 ], [ 83.34581395406174, 27.337572956391298 ], [ 83.345938453256764, 27.336280581719667 ], [ 83.345255640727572, 27.334873831332683 ], [ 83.344558140864478, 27.334453081491567 ], [ 83.343315015912779, 27.334341207072711 ], [ 83.342440703121824, 27.33429645646304 ], [ 83.341805704030932, 27.334045269338151 ], [ 83.340802391504297, 27.333334269386089 ], [ 83.340111390657938, 27.33284358146026 ], [ 83.33959382825708, 27.332611018916186 ], [ 83.338921641055293, 27.332569456353454 ], [ 83.338515391415655, 27.332682581448623 ], [ 83.337540954077554, 27.333334644070447 ], [ 83.337459453431933, 27.333388394507853 ], [ 83.337019765856894, 27.333501394528898 ], [ 83.3368785162221, 27.333462331353985 ], [ 83.33639757842127, 27.333333706956257 ], [ 83.335713641535492, 27.333149956504485 ], [ 83.334545828801296, 27.332587019665599 ], [ 83.333773078711658, 27.332515644250975 ], [ 83.333333265993559, 27.332752768934803 ], [ 83.332957453719217, 27.332954018970057 ], [ 83.332428391366349, 27.333332832090932 ], [ 83.331354640568591, 27.334101706729729 ], [ 83.330947890944188, 27.334246456769407 ], [ 83.330645828477088, 27.334211144580642 ], [ 83.329843578577311, 27.333895894167707 ], [ 83.329036328785392, 27.333883019228214 ], [ 83.328729703520736, 27.334089144440316 ], [ 83.32846420379019, 27.334791894479167 ], [ 83.328023016086476, 27.334995081350254 ], [ 83.327652391412556, 27.335020394235368 ], [ 83.32736001630802, 27.334953518958109 ], [ 83.327156015591356, 27.335060769663091 ], [ 83.326983265858672, 27.335360144616807 ], [ 83.32706414133304, 27.335823144314912 ], [ 83.327024516307063, 27.336213269252134 ], [ 83.326818641008686, 27.336419894289094 ], [ 83.326545703470032, 27.336626206589528 ], [ 83.325274953803586, 27.336184518847109 ], [ 83.323724204027485, 27.336310207111939 ], [ 83.323552390589938, 27.336516956920754 ], [ 83.323076078146158, 27.336780893846132 ], [ 83.322706266539441, 27.336774581342819 ], [ 83.322404828578883, 27.336680644300461 ], [ 83.321490453291801, 27.336996581789794 ], [ 83.320749641216054, 27.337013331909052 ], [ 83.320241140764224, 27.337216207164751 ], [ 83.320140203540063, 27.337188644484453 ], [ 83.319959203919325, 27.337140331310678 ], [ 83.319781640835416, 27.336898019166775 ], [ 83.319784890931388, 27.33672658168036 ], [ 83.319838079030163, 27.336548581749533 ], [ 83.320029578627626, 27.336382519403738 ], [ 83.320615766380868, 27.336175519597926 ], [ 83.320710015907864, 27.335986394104417 ], [ 83.320651328712671, 27.335731144595513 ], [ 83.320214953111389, 27.335449206758323 ], [ 83.319951766214217, 27.335364456681138 ], [ 83.318603453591919, 27.334520707076912 ], [ 83.317915203442098, 27.333650894611822 ], [ 83.317745953120493, 27.333334144649577 ], [ 83.317567015608248, 27.332999331369091 ], [ 83.317557703444038, 27.332922519269633 ], [ 83.317525265785335, 27.332653893839684 ], [ 83.317662891370844, 27.332248394553677 ], [ 83.317849953420193, 27.331928831558184 ], [ 83.318242203063107, 27.331623894261661 ], [ 83.319069828657405, 27.331391019411985 ], [ 83.319277328326294, 27.331288206699544 ], [ 83.319813328132568, 27.330823706557549 ], [ 83.319884265586879, 27.330532956631707 ], [ 83.319773203254826, 27.33025489401712 ], [ 83.319577891152292, 27.329962831606029 ], [ 83.319189828737152, 27.329999331522334 ], [ 83.318657953572469, 27.330517956448684 ], [ 83.318238890784514, 27.331025894212164 ], [ 83.317760516166004, 27.331217644412899 ], [ 83.316874578611603, 27.331364456404586 ], [ 83.315768641003558, 27.331708831434884 ], [ 83.314231329000648, 27.331775768902091 ], [ 83.313579141070406, 27.332027518835805 ], [ 83.312888765572012, 27.332118894409763 ], [ 83.311779266157558, 27.332524144266387 ], [ 83.311167016516265, 27.332904706418255 ], [ 83.310191578725451, 27.333335331766484 ], [ 83.31012914081785, 27.333362206925646 ], [ 83.309819765918135, 27.333392268945634 ], [ 83.309605328184546, 27.333334769406573 ], [ 83.308649766142153, 27.332237893833323 ], [ 83.307341828666836, 27.331331082088429 ], [ 83.307055703121108, 27.331232644474778 ], [ 83.306790891328049, 27.331206519554005 ], [ 83.305910203788983, 27.331824956411324 ], [ 83.305625140778545, 27.332110082051901 ], [ 83.304635203737163, 27.332725706635799 ], [ 83.303954578977141, 27.33333383208009 ], [ 83.303618515716309, 27.333634519122416 ], [ 83.302968703975168, 27.334064519187777 ], [ 83.302519891321467, 27.334263082060446 ], [ 83.3019160781393, 27.334352581388178 ], [ 83.298423516252143, 27.333333206734068 ], [ 83.298367078278517, 27.333317206481972 ], [ 83.297730515690674, 27.333192081669644 ], [ 83.296749516512889, 27.333187143912021 ], [ 83.296466203413885, 27.333332394380211 ], [ 83.296419953824696, 27.333357018896667 ], [ 83.296350578588445, 27.33374251887869 ], [ 83.296557203227977, 27.334479144335489 ], [ 83.296388641340059, 27.334713019271284 ], [ 83.295317203340531, 27.334630894533174 ], [ 83.29403851586504, 27.334800394367413 ], [ 83.29363989082465, 27.334805144541896 ], [ 83.293595890820555, 27.334962893772058 ], [ 83.294182578578543, 27.335536831465152 ], [ 83.294757266005178, 27.33591195716166 ], [ 83.294598266313301, 27.336184206651442 ], [ 83.291666578707165, 27.338613144358312 ], [ 83.281775953645607, 27.346807831469519 ], [ 83.281190703151466, 27.347283144373471 ], [ 83.279182516355618, 27.348913269303225 ], [ 83.274812765872298, 27.352462644654093 ], [ 83.274650078954878, 27.352662644513263 ], [ 83.273936703044797, 27.353886456662014 ], [ 83.272724328152975, 27.356098268915336 ], [ 83.267644203745604, 27.3653638319335 ], [ 83.268820828911515, 27.368474894488617 ], [ 83.268861953620089, 27.36856989395401 ], [ 83.268894641219873, 27.368685081568177 ], [ 83.270273453240193, 27.372487706467375 ], [ 83.270366140679172, 27.372664206752802 ], [ 83.271243703931731, 27.374999707169415 ], [ 83.271641828373447, 27.376060081911046 ], [ 83.274292266481865, 27.383116268907138 ], [ 83.27430239063635, 27.383301331397494 ], [ 83.274300015685327, 27.383432206344921 ], [ 83.270502016513703, 27.386149519074593 ], [ 83.270360453554574, 27.386250268973811 ], [ 83.259155953691774, 27.394023394730088 ], [ 83.259055328543155, 27.394092832017702 ], [ 83.250000078148574, 27.400669394635528 ], [ 83.249592890628534, 27.400965019575988 ], [ 83.246134578856868, 27.403475831907325 ], [ 83.244953266459348, 27.404306582103278 ], [ 83.242180578381195, 27.406256956498989 ], [ 83.242123328970635, 27.406355894608801 ], [ 83.241376078415129, 27.406645206594686 ], [ 83.240417203829026, 27.407012206699399 ], [ 83.240033141088688, 27.407168143907839 ], [ 83.23927307893598, 27.407479893903488 ], [ 83.238010265947821, 27.407872394671617 ], [ 83.234191578596224, 27.409361019301461 ], [ 83.232736453895285, 27.409815582183491 ], [ 83.231261703118719, 27.410407706645124 ], [ 83.230016203359455, 27.410906269302878 ], [ 83.228176453599417, 27.411485019268149 ], [ 83.22773051583853, 27.41170370650417 ], [ 83.22694151610412, 27.412125768851062 ], [ 83.226318141051436, 27.41254876909797 ], [ 83.225890391389214, 27.412925518867695 ], [ 83.224607515463489, 27.413649456539634 ], [ 83.224238328777759, 27.413963332043828 ], [ 83.223479827995973, 27.414365269376862 ], [ 83.22283657894063, 27.41486933207052 ], [ 83.221817328966253, 27.415484206626239 ], [ 83.220251703289279, 27.416666831720413 ], [ 83.219657828290096, 27.417114831998084 ], [ 83.219038453448945, 27.417675456987098 ], [ 83.217983265518882, 27.418633019299143 ], [ 83.216599203295331, 27.420049081820864 ], [ 83.216163078218841, 27.420407644132844 ], [ 83.216143140615742, 27.420369144742072 ], [ 83.215932078947318, 27.420713207136913 ], [ 83.212522453119675, 27.42414183155066 ], [ 83.21184001557009, 27.425250393878695 ], [ 83.211255891336933, 27.426088706843473 ], [ 83.208351203002408, 27.430255707026753 ], [ 83.208333328582313, 27.430275832100907 ], [ 83.207883203787659, 27.430767457114136 ], [ 83.207231953424852, 27.431614457228427 ], [ 83.206875265783154, 27.432244206881514 ], [ 83.206505828922303, 27.432670831876997 ], [ 83.206476578874728, 27.432826394680021 ], [ 83.205881641032391, 27.433574394278988 ], [ 83.204467890666578, 27.435788894454774 ], [ 83.204112891413899, 27.436179457031059 ], [ 83.202822703888344, 27.43825245726644 ], [ 83.201628703323436, 27.440008019738762 ], [ 83.201220203524556, 27.440890144692577 ], [ 83.200349266061451, 27.442153206473815 ], [ 83.198011516150387, 27.445899019610174 ], [ 83.196892453015394, 27.447221582273123 ], [ 83.195375765974902, 27.448625332269351 ], [ 83.19535020308561, 27.448704144720711 ], [ 83.194957703174339, 27.44902908184546 ], [ 83.19441782855165, 27.449662269252237 ], [ 83.193396391263647, 27.450689768923617 ], [ 83.192878953432611, 27.451056832094501 ], [ 83.191970203478263, 27.452019581752726 ], [ 83.191623578336504, 27.452335706992979 ], [ 83.19141807816537, 27.452858019246012 ], [ 83.191393515545428, 27.452932331968928 ], [ 83.191193391016682, 27.453098207011099 ], [ 83.190766327963814, 27.453560518894975 ], [ 83.190567328276856, 27.453708269706176 ], [ 83.190521266396033, 27.45378245642987 ], [ 83.190253953384442, 27.454020081617301 ], [ 83.189880203321138, 27.454236769695328 ], [ 83.187947765618858, 27.454360893930328 ], [ 83.187860516312497, 27.454394269367146 ], [ 83.187345703504718, 27.454416082174792 ], [ 83.186806953078062, 27.454491894556018 ], [ 83.186292828080113, 27.45449339436826 ], [ 83.183717141322361, 27.454629519227346 ], [ 83.182426453243309, 27.45475733196761 ], [ 83.182170078814607, 27.454746832113006 ], [ 83.180965891382513, 27.454857081488537 ], [ 83.180108953256394, 27.454865581611141 ], [ 83.179506827965241, 27.454920706603989 ], [ 83.1790749536855, 27.455001644760955 ], [ 83.177503391085835, 27.455193206444569 ], [ 83.176898953768244, 27.455306956793677 ], [ 83.176724515421526, 27.45537583215609 ], [ 83.176028390432322, 27.455619957103828 ], [ 83.175770140437123, 27.455647768893297 ], [ 83.175078516187, 27.455794831520723 ], [ 83.173862765926131, 27.45617345665287 ], [ 83.17377714126863, 27.456170706845704 ], [ 83.172823078359741, 27.456442643934178 ], [ 83.170888140757057, 27.457098956705313 ], [ 83.17004582872147, 27.457260956859649 ], [ 83.169356828181819, 27.457351581848588 ], [ 83.169164328888797, 27.457343707003748 ], [ 83.168904202952831, 27.457412082058422 ], [ 83.168045703573128, 27.457456581798752 ], [ 83.166666453696081, 27.457459644442441 ], [ 83.166503703023864, 27.457460894589005 ], [ 83.165712391136211, 27.457431331485534 ], [ 83.165286578688878, 27.457379144120971 ], [ 83.164942703077159, 27.457404206791356 ], [ 83.164388515898452, 27.457346707148876 ], [ 83.163726390470131, 27.457304456837406 ], [ 83.159706516299593, 27.457160581741366 ], [ 83.159195078544542, 27.457103332008728 ], [ 83.157141453488848, 27.457050331810034 ], [ 83.156458953103538, 27.456987519557615 ], [ 83.15586526609161, 27.456850831575434 ], [ 83.155609328392032, 27.456822143984681 ], [ 83.154498390541008, 27.456763519740186 ], [ 83.154243578855628, 27.456716894500779 ], [ 83.154071390915533, 27.456729332263691 ], [ 83.15300507818705, 27.456634894537959 ], [ 83.152749953822436, 27.456588269191514 ], [ 83.152407141332276, 27.456595144265389 ], [ 83.151533703715302, 27.456486018950176 ], [ 83.150892328715088, 27.456464082180599 ], [ 83.150227578579077, 27.456478144647633 ], [ 83.149461328152412, 27.456374081868887 ], [ 83.146873265594223, 27.456299643979026 ], [ 83.146319078072736, 27.456242081688156 ], [ 83.145163578545251, 27.45622151932184 ], [ 83.144332016209162, 27.456132831401426 ], [ 83.143092828502432, 27.456068831968 ], [ 83.141552266179659, 27.456034518909036 ], [ 83.14136170375312, 27.455988206576674 ], [ 83.140827140913188, 27.455969144597383 ], [ 83.140337140862584, 27.455914207248536 ], [ 83.138775203174774, 27.455877519431674 ], [ 83.137002140415859, 27.4557762695046 ], [ 83.1362520786044, 27.455787331425935 ], [ 83.135355953704675, 27.455716332029084 ], [ 83.134716141109408, 27.455656019741966 ], [ 83.134077890619437, 27.455555019747539 ], [ 83.132709515466544, 27.455505894470459 ], [ 83.131514828358746, 27.455405957099785 ], [ 83.131000765778069, 27.455407269342562 ], [ 83.130319766196209, 27.455305894354122 ], [ 83.129466328167325, 27.455237456788623 ], [ 83.12801070333316, 27.455223831576994 ], [ 83.126901328246007, 27.45512670651976 ], [ 83.126647328390632, 27.455059644673273 ], [ 83.126050266074216, 27.454999456935614 ], [ 83.125536890556646, 27.454982706745884 ], [ 83.125342828151148, 27.455013081445276 ], [ 83.125000203314158, 27.455001894224832 ], [ 83.124551953698514, 27.454985519687174 ], [ 83.12401289136686, 27.455061081914391 ], [ 83.123821516182389, 27.455035081511738 ], [ 83.122795953338795, 27.454979019046664 ], [ 83.122029703230723, 27.454874894370661 ], [ 83.121943266111245, 27.454890144277389 ], [ 83.121346141291056, 27.454832206864452 ], [ 83.11912432841541, 27.454712144514545 ], [ 83.118483765443159, 27.454672019114405 ], [ 83.117908140948998, 27.454611956605017 ], [ 83.11645520360149, 27.454541831662588 ], [ 83.115625890798981, 27.454419207271499 ], [ 83.115134390997127, 27.454402582052676 ], [ 83.114451953782179, 27.454296644007425 ], [ 83.113015453188382, 27.454231144767103 ], [ 83.1123063905669, 27.454174706913886 ], [ 83.110846890532343, 27.454136082013154 ], [ 83.108529077980052, 27.454003957248641 ], [ 83.10827132845327, 27.4540225816082 ], [ 83.104751641302528, 27.45381270682925 ], [ 83.102690952972992, 27.453756581681709 ], [ 83.101918328238028, 27.453699644632863 ], [ 83.101746828458857, 27.453718956432922 ], [ 83.101188577845122, 27.453699519453835 ], [ 83.100952765727172, 27.453659706969688 ], [ 83.099664953477671, 27.453622019748703 ], [ 83.097690391232604, 27.453507644646447 ], [ 83.097089328793317, 27.45350833148985 ], [ 83.094942953702429, 27.453374769010409 ], [ 83.094170391266175, 27.453356206605449 ], [ 83.093676828282426, 27.453316894290175 ], [ 83.091444765470357, 27.453221143933071 ], [ 83.090757828210968, 27.453164768941118 ], [ 83.090242828550117, 27.453163644041584 ], [ 83.087581578110132, 27.453010894259457 ], [ 83.085950391024113, 27.452973081956582 ], [ 83.0838898912302, 27.452858019030675 ], [ 83.083374828485077, 27.452859144576117 ], [ 83.083333453019108, 27.45285664392734 ], [ 83.081829516010515, 27.452763206810651 ], [ 83.080627765383525, 27.452723707017832 ], [ 83.080455890676447, 27.452742894417248 ], [ 83.078653078037632, 27.452629518971921 ], [ 83.077451015328535, 27.45262826957083 ], [ 83.077193640773203, 27.452590456609617 ], [ 83.076850078566039, 27.452610769351434 ], [ 83.071871452802682, 27.451496894743929 ], [ 83.071463640600513, 27.451383581599949 ], [ 83.070369078138683, 27.451152893892953 ], [ 83.07002570306696, 27.451152894601933 ], [ 83.069424703438187, 27.45107439404384 ], [ 83.063758391105125, 27.450652894327309 ], [ 83.062899891057754, 27.450556831397773 ], [ 83.062642141219584, 27.450557332106364 ], [ 83.061526140759383, 27.450441519421346 ], [ 83.059637265318202, 27.450306956672485 ], [ 83.058950515591206, 27.45026845682899 ], [ 83.058349703164694, 27.450210269613557 ], [ 83.058006328190459, 27.450210206445096 ], [ 83.056460766217555, 27.450075644552172 ], [ 83.055344890299111, 27.450018394738059 ], [ 83.05517320370366, 27.449981143972153 ], [ 83.054400390343545, 27.449924019622074 ], [ 83.053112828267246, 27.449865706595801 ], [ 83.051309953773952, 27.449731519182905 ], [ 83.050644577930086, 27.449672832109403 ], [ 83.046094453679359, 27.44940258170114 ], [ 83.043862452835938, 27.449211268890888 ], [ 83.043175578023565, 27.449190769493686 ], [ 83.041666515915026, 27.44908564451142 ], [ 83.039054703331004, 27.448902956975999 ], [ 83.038582516069923, 27.448845456402918 ], [ 83.038196328660888, 27.448827082082378 ], [ 83.036565140501693, 27.448768394547987 ], [ 83.036135827999743, 27.448690957098659 ], [ 83.032959140277626, 27.449765519667327 ], [ 83.032701765516904, 27.449881081532606 ], [ 83.031585327827258, 27.450245644121022 ], [ 83.030211891208737, 27.450723456800752 ], [ 83.029954141150185, 27.450839018986809 ], [ 83.026519328087232, 27.451990581529031 ], [ 83.025939328422396, 27.452218957037914 ], [ 83.02527382866829, 27.452430894065156 ], [ 83.021858640853182, 27.453636706915628 ], [ 83.021171390684216, 27.453769456531969 ], [ 83.020999640582588, 27.453847269734148 ], [ 83.020312578606692, 27.453998081636225 ], [ 83.019969140717109, 27.454036331623865 ], [ 83.019109953261236, 27.454267206535352 ], [ 83.01805814063016, 27.454361269660126 ], [ 83.01702726614711, 27.454590956430945 ], [ 83.016254328718134, 27.454725394574556 ], [ 83.015910702841438, 27.454822269349513 ], [ 83.014279077778852, 27.455126582073827 ], [ 83.014107203212333, 27.455183956767851 ], [ 83.013849641204217, 27.455204769288081 ], [ 83.012561202806523, 27.455491207163746 ], [ 83.011788203488507, 27.455623394174623 ], [ 83.011272578463789, 27.455757394029252 ], [ 83.010156203724833, 27.455968331964538 ], [ 83.008180578340799, 27.456407769195589 ], [ 83.007837141181255, 27.456445956537102 ], [ 83.007665265895426, 27.45650339446043 ], [ 83.006720578116415, 27.456674894403864 ], [ 83.005260077875974, 27.457000707055734 ], [ 83.004573203520337, 27.457115332152771 ], [ 83.003714140294278, 27.457325831758755 ], [ 83.000793765968979, 27.457898331745106 ], [ 83.000707765259165, 27.457938331643582 ], [ 83.000000140857523, 27.458113769500859 ], [ 83.000000077998848, 27.458118269097866 ], [ 82.999870140318535, 27.458148894257715 ], [ 82.999698515426928, 27.458147706947962 ], [ 82.998925266101367, 27.458300081992657 ], [ 82.99876945333024, 27.458332831539028 ], [ 82.996005140487071, 27.458913081945362 ], [ 82.995146453511609, 27.459123519025713 ], [ 82.993171765792979, 27.459506331921052 ], [ 82.992914078653584, 27.459583457033769 ], [ 82.990681640552268, 27.46004339449722 ], [ 82.989307702965348, 27.46029289463003 ], [ 82.988449265810019, 27.460503206878879 ], [ 82.988219515787492, 27.460664081828281 ], [ 82.988057640513063, 27.460694456596265 ], [ 82.987369765916597, 27.460779769147369 ], [ 82.987024452859075, 27.46088776890225 ], [ 82.985905766214955, 27.461062393957238 ], [ 82.98194532863684, 27.461762331993317 ], [ 82.981858640443193, 27.461800018963839 ], [ 82.980051577883231, 27.462075644542548 ], [ 82.977295953686465, 27.462585643970975 ], [ 82.976177328611783, 27.462757956851039 ], [ 82.976090578489305, 27.46279570650217 ], [ 82.974369515702051, 27.463071832160733 ], [ 82.974283140710995, 27.463109519349537 ], [ 82.973165078507236, 27.463281769539719 ], [ 82.972562203512894, 27.463405956526024 ], [ 82.971530266047708, 27.463560831439448 ], [ 82.971271578315296, 27.463633331836963 ], [ 82.969894452734309, 27.463878144714396 ], [ 82.968948703319484, 27.464015519487429 ], [ 82.968604015776307, 27.464085268927651 ], [ 82.967310390273269, 27.464465956503503 ], [ 82.965411953540411, 27.465065582147176 ], [ 82.964205140600143, 27.465390519568544 ], [ 82.96351426603465, 27.46562689447304 ], [ 82.962845827990805, 27.465824957235466 ], [ 82.962134390781017, 27.466024957114065 ], [ 82.960927578484615, 27.466347644551501 ], [ 82.960754515443938, 27.466423081665717 ], [ 82.960668890902298, 27.466420143900827 ], [ 82.958333390381796, 27.467122456777979 ], [ 82.956204328098721, 27.467760956857514 ], [ 82.95537414090019, 27.46855114414312 ], [ 82.955089515884296, 27.46885358211431 ], [ 82.954784140563845, 27.469115268897298 ], [ 82.953033890719269, 27.470886893937312 ], [ 82.951788515895046, 27.472071081423223 ], [ 82.951417703155016, 27.472390957249239 ], [ 82.948926077795051, 27.474797707071765 ], [ 82.948576265928935, 27.475135769476292 ], [ 82.948205515521337, 27.475455644801979 ], [ 82.947680578078163, 27.475981894129138 ], [ 82.946873140733942, 27.476695582044904 ], [ 82.946740890679095, 27.476866019066073 ], [ 82.946467265293691, 27.477703331860614 ], [ 82.946196390943911, 27.478389456549763 ], [ 82.945853515238113, 27.479456331567402 ], [ 82.945717390694895, 27.479836644716972 ], [ 82.945628703487628, 27.479987144198464 ], [ 82.945036452951129, 27.48173808184707 ], [ 82.944947703308785, 27.481890832131 ], [ 82.944491891013968, 27.483261456944337 ], [ 82.944289578001104, 27.483717956610533 ], [ 82.943927203274725, 27.484705706616797 ], [ 82.943925515330704, 27.484782393933848 ], [ 82.943610203552495, 27.485542644149685 ], [ 82.942996702968614, 27.48729339478356 ], [ 82.942884765914613, 27.487522644007345 ], [ 82.942382890345257, 27.489046394022999 ], [ 82.942245953229289, 27.489465081834805 ], [ 82.941747827766378, 27.490797081951605 ], [ 82.941547641150891, 27.4911564569577 ], [ 82.940912578311242, 27.491815019728527 ], [ 82.940760327882742, 27.491926644789586 ], [ 82.939075328462607, 27.493621894110134 ], [ 82.938923140477911, 27.493733519324152 ], [ 82.938878766027116, 27.493809894471266 ], [ 82.937173265724425, 27.495466582154691 ], [ 82.93678026558635, 27.495822269249942 ], [ 82.936429578559029, 27.496198643971734 ], [ 82.936102390185823, 27.496480457010911 ], [ 82.93437482829421, 27.498154957310305 ], [ 82.933345828362405, 27.499209769794177 ], [ 82.932514265407349, 27.499999894173264 ], [ 82.932513328143344, 27.499999894202848 ], [ 82.931553266071035, 27.500922081535602 ], [ 82.9314228907852, 27.500995581560996 ], [ 82.931165265649838, 27.501009394176922 ], [ 82.931080078141946, 27.500990644231877 ], [ 82.928334265649639, 27.50101920646421 ], [ 82.927905953526121, 27.500993332169507 ], [ 82.927796328336683, 27.501105268990365 ], [ 82.927130703589654, 27.501152081689852 ], [ 82.925586390473711, 27.501162706543454 ], [ 82.919838390152506, 27.50117914392505 ], [ 82.919067265970796, 27.501146081637355 ], [ 82.918551703207427, 27.501175894546638 ], [ 82.916922953130438, 27.501149706773717 ], [ 82.916666640710076, 27.501161206700459 ], [ 82.916322327748162, 27.501178832088719 ], [ 82.91552095305245, 27.501165832022853 ], [ 82.91529395316023, 27.501161831517226 ], [ 82.913324515610569, 27.501035893975814 ], [ 82.912726328310711, 27.500950019573271 ], [ 82.911014140382136, 27.500828331974642 ], [ 82.910244140911047, 27.500738769141542 ], [ 82.910158265669907, 27.500758394126944 ], [ 82.9097306411375, 27.500694143991907 ], [ 82.909644703002058, 27.50071151909529 ], [ 82.90827482846143, 27.50061276946866 ], [ 82.906478140365152, 27.500431706886975 ], [ 82.906392265766641, 27.500451332251284 ], [ 82.906135828629758, 27.500408706877568 ], [ 82.905707328207058, 27.500400768988378 ], [ 82.905194265469092, 27.500335894389174 ], [ 82.904509140318225, 27.500305644816983 ], [ 82.903225453216763, 27.500191768990735 ], [ 82.902796953456061, 27.500183894363182 ], [ 82.902540578214484, 27.500141269207234 ], [ 82.900694453163766, 27.500000332033853 ], [ 82.900680203227537, 27.50000020681448 ], [ 82.899972515713714, 27.499949519611608 ], [ 82.899458328570574, 27.499940894092273 ], [ 82.89920189055735, 27.499898269543547 ], [ 82.895691641121545, 27.499671831891639 ], [ 82.894835141039934, 27.499640269341924 ], [ 82.894493515194384, 27.499576643929132 ], [ 82.891412702937032, 27.499299456607918 ], [ 82.891069890467037, 27.499294456908618 ], [ 82.887732328439952, 27.499012831537314 ], [ 82.886833328226601, 27.498960519443546 ], [ 82.886234640914324, 27.498892581615539 ], [ 82.881785016029909, 27.498480081846047 ], [ 82.881183890684014, 27.49852714416955 ], [ 82.87784182815453, 27.498475394751811 ], [ 82.875784328048042, 27.498481332224717 ], [ 82.875000078331453, 27.498493081864066 ], [ 82.874541078070692, 27.498500581959263 ], [ 82.873833952871848, 27.498490394167245 ], [ 82.873642078445215, 27.498448269661505 ], [ 82.872335015192391, 27.498428644473776 ], [ 82.869589703120667, 27.498539456553534 ], [ 82.867617140164597, 27.498586644674539 ], [ 82.866415390436856, 27.498662581602705 ], [ 82.863670827999783, 27.498734956763148 ], [ 82.863006515322496, 27.498743082113805 ], [ 82.862748703202129, 27.498779331819623 ], [ 82.861633390090205, 27.498817581654528 ], [ 82.860933453169352, 27.498750956841921 ], [ 82.859898890821583, 27.498780832310796 ], [ 82.859383015533268, 27.498835269261047 ], [ 82.856118202667346, 27.498995644441198 ], [ 82.854399515917862, 27.499114706602501 ], [ 82.854227390363107, 27.499151644076683 ], [ 82.853626140339031, 27.499184957165124 ], [ 82.853454577842427, 27.499163331948342 ], [ 82.85293876570617, 27.499217706594056 ], [ 82.851048515974313, 27.499314956722213 ], [ 82.850876390111054, 27.49935189452599 ], [ 82.850188702601017, 27.499420644045092 ], [ 82.848769077629271, 27.499639144754894 ], [ 82.846876515204883, 27.499927956786657 ], [ 82.846488640350401, 27.500001456487595 ], [ 82.846015765441408, 27.500092269572473 ], [ 82.84326314081278, 27.500507144747161 ], [ 82.842746452730267, 27.500617957290494 ], [ 82.842402515472941, 27.500653457177084 ], [ 82.840509453388748, 27.500980644127601 ], [ 82.840251890990416, 27.500996519598878 ], [ 82.837670202725931, 27.501453332134584 ], [ 82.837046702836361, 27.501522582159971 ], [ 82.836573702886611, 27.501595331542628 ], [ 82.834938515382461, 27.501886207291559 ], [ 82.834423328033949, 27.50188189410645 ], [ 82.833333203034428, 27.501658457237319 ], [ 82.832368015061334, 27.501460831443666 ], [ 82.831339577889679, 27.501298769677188 ], [ 82.831083140698482, 27.501199582065663 ], [ 82.829798328108112, 27.500958644006484 ], [ 82.829627203499001, 27.500900769400648 ], [ 82.829369952620169, 27.500878331438532 ], [ 82.826200452991799, 27.500276269460539 ], [ 82.825172327876956, 27.500111894454641 ], [ 82.824607328436485, 27.500001081506372 ], [ 82.823973265331304, 27.499871644277501 ], [ 82.823630202558959, 27.499830394260812 ], [ 82.822945203501661, 27.499671206702526 ], [ 82.821745577645871, 27.499487269564145 ], [ 82.82080339091975, 27.499305581766315 ], [ 82.820417515196993, 27.499245894794385 ], [ 82.819946703049354, 27.499144894681482 ], [ 82.819517952988065, 27.499102894330559 ], [ 82.818575953336889, 27.498903144076124 ], [ 82.818147202824548, 27.498861144039939 ], [ 82.813778140207461, 27.49807489452748 ], [ 82.813263577553542, 27.498011831803691 ], [ 82.812921265969848, 27.497932206672353 ], [ 82.811036327556394, 27.497627269237508 ], [ 82.809237452689459, 27.497284768935334 ], [ 82.808980265744992, 27.497264519642044 ], [ 82.808038015574311, 27.497062394341448 ], [ 82.80735245318391, 27.496959519520562 ], [ 82.807267202812696, 27.496920394726271 ], [ 82.806752828498432, 27.496837019761514 ], [ 82.806473390928772, 27.496852706574458 ], [ 82.806388265312762, 27.496795581993211 ], [ 82.806131452762685, 27.49673470653029 ], [ 82.805616953112036, 27.496671644266218 ], [ 82.803903640477472, 27.496345518940533 ], [ 82.803559265929607, 27.496398957266397 ], [ 82.803387390642357, 27.496415581645287 ], [ 82.802504890247775, 27.496597519753401 ], [ 82.801385078064556, 27.496872144255438 ], [ 82.800524265127976, 27.497036206493704 ], [ 82.800179578526411, 27.497148332071895 ], [ 82.798801640575149, 27.497456769668265 ], [ 82.79673526567781, 27.497876643980078 ], [ 82.796132140469737, 27.498042831893255 ], [ 82.795465015205281, 27.498168019575811 ], [ 82.794130452444662, 27.498440706654485 ], [ 82.793462890199464, 27.498606394755981 ], [ 82.793139765009528, 27.498680331680372 ], [ 82.791998703237468, 27.498934394446042 ], [ 82.791666703241262, 27.49900820662678 ], [ 82.791417515190744, 27.49906245646557 ], [ 82.787970515415225, 27.499851519187377 ], [ 82.78788470338381, 27.499832706426613 ], [ 82.787626328061108, 27.499886831437529 ], [ 82.787539640467728, 27.499944769774554 ], [ 82.787332828185626, 27.499999331812482 ], [ 82.787280765113195, 27.500016956805798 ], [ 82.784442953298054, 27.500161394010004 ], [ 82.784099452991114, 27.500138082014814 ], [ 82.783626952818324, 27.500133956612569 ], [ 82.783197140440024, 27.500130206541666 ], [ 82.780187702684174, 27.500270831930212 ], [ 82.779156140444627, 27.500279831533096 ], [ 82.77786595297539, 27.500363269293086 ], [ 82.777199515295678, 27.500393582169906 ], [ 82.776877265856854, 27.500390707284012 ], [ 82.776533078146471, 27.500426019022356 ], [ 82.77644757813438, 27.500404956584376 ], [ 82.774297765597495, 27.50051908179427 ], [ 82.772922265796282, 27.500543143947084 ], [ 82.770256702591183, 27.500668519178962 ], [ 82.769762203249627, 27.500682144237555 ], [ 82.769482953485266, 27.500679707306059 ], [ 82.76922476509607, 27.500715769555278 ], [ 82.768816265862995, 27.500730207017646 ], [ 82.768472265817053, 27.50074520697661 ], [ 82.768128265951503, 27.500762456894854 ], [ 82.767784515613883, 27.500757207281527 ], [ 82.765205015851933, 27.500885456882592 ], [ 82.764366515966358, 27.500914143958067 ], [ 82.761098702546974, 27.501072331979504 ], [ 82.760453265903678, 27.501143331792072 ], [ 82.759764890290668, 27.501211644488755 ], [ 82.759592453277051, 27.501248456720006 ], [ 82.758646265970413, 27.501316706922037 ], [ 82.756153328226006, 27.501366644068693 ], [ 82.750133139991831, 27.501707519284729 ], [ 82.750000015905911, 27.501713082036702 ], [ 82.742651702662243, 27.50206883225853 ], [ 82.739555015797109, 27.502268644418244 ], [ 82.738523578397931, 27.502295394675869 ], [ 82.737749140742423, 27.502362831952944 ], [ 82.737382015130677, 27.502494894056987 ], [ 82.737251702938678, 27.502608769067656 ], [ 82.737142077783275, 27.502761207149806 ], [ 82.737050702976475, 27.50314389457133 ], [ 82.737050890571183, 27.504680394822177 ], [ 82.736978077604803, 27.505293456987072 ], [ 82.736946765816199, 27.505985769295897 ], [ 82.737088764959438, 27.506600769818025 ], [ 82.737172390147535, 27.506754956574689 ], [ 82.737233640177081, 27.506985644055284 ], [ 82.737249828435125, 27.507371581919731 ], [ 82.737202640091581, 27.507678019586283 ], [ 82.737114578303121, 27.507830644136604 ], [ 82.73704707763585, 27.508060144717124 ], [ 82.73710876554243, 27.508252519465575 ], [ 82.737172140806024, 27.50832976978419 ], [ 82.737278202596016, 27.508427769388856 ], [ 82.737406702951802, 27.508449269618993 ], [ 82.737858702758615, 27.508394769552769 ], [ 82.738182640956978, 27.508282582098357 ], [ 82.738440890858882, 27.508248832262598 ], [ 82.738829703231772, 27.508098894088896 ], [ 82.739022953348439, 27.508100644170799 ], [ 82.739343827647758, 27.508200582065498 ], [ 82.739429390230484, 27.508239706684588 ], [ 82.73953532807036, 27.508355769412301 ], [ 82.739577140288233, 27.508432832315204 ], [ 82.739575078367452, 27.508586206991797 ], [ 82.739507952560004, 27.508759332291884 ], [ 82.739225515614194, 27.50900495664937 ], [ 82.738900640801319, 27.509173519762644 ], [ 82.738662078314903, 27.509345082159467 ], [ 82.738595515311118, 27.509497894448447 ], [ 82.739140140443141, 27.510502331642275 ], [ 82.739044640579749, 27.511191831442243 ], [ 82.739104703186854, 27.511501519764607 ], [ 82.739208078322122, 27.511809269541157 ], [ 82.739202453184873, 27.512192769424747 ], [ 82.739070453032838, 27.512421644717669 ], [ 82.738657140021459, 27.51280151938516 ], [ 82.738612015921646, 27.512954519656553 ], [ 82.738653640184282, 27.513051956470616 ], [ 82.738844828265684, 27.513207019278607 ], [ 82.739037390949278, 27.513267519485446 ], [ 82.739144640805762, 27.513268456545148 ], [ 82.739315515740515, 27.513346769725381 ], [ 82.739378827534907, 27.513424019421304 ], [ 82.73939826528121, 27.513577644793482 ], [ 82.739243140811439, 27.513921394327543 ], [ 82.73913376511257, 27.514055768992741 ], [ 82.738894015348677, 27.514301831456113 ], [ 82.738263515806651, 27.514833081509799 ], [ 82.738153015017971, 27.515062206712365 ], [ 82.73815064054682, 27.515215519681455 ], [ 82.738274265886247, 27.515602519339033 ], [ 82.738525640723182, 27.516065081912888 ], [ 82.738754515148713, 27.516606394605276 ], [ 82.738794265338797, 27.516836894453313 ], [ 82.738770640247836, 27.516990081492121 ], [ 82.738571640365819, 27.517410207145875 ], [ 82.738736890965455, 27.517871956587172 ], [ 82.738928827921725, 27.517991019834078 ], [ 82.739185390584183, 27.518070082275099 ], [ 82.739378452887578, 27.518089831501989 ], [ 82.739849265853977, 27.518249831617261 ], [ 82.740232702625974, 27.518465394249073 ], [ 82.74055395270473, 27.518565269301337 ], [ 82.740682702987939, 27.518566456862146 ], [ 82.741071390254959, 27.518434581821253 ], [ 82.741635077944409, 27.518076456477342 ], [ 82.742343890803767, 27.518082831983147 ], [ 82.74271076563943, 27.517973394702214 ], [ 82.742863765323534, 27.517800956803239 ], [ 82.742981140760278, 27.51707333192503 ], [ 82.743176452964121, 27.516921644189992 ], [ 82.743327265091509, 27.516902706498207 ], [ 82.743627077905217, 27.516964082030348 ], [ 82.743949140941879, 27.516987332101387 ], [ 82.74403539084895, 27.516967769035876 ], [ 82.744728327662315, 27.5165927697687 ], [ 82.745072827896465, 27.516537207259869 ], [ 82.745200890011901, 27.516596956477034 ], [ 82.745306078153718, 27.516751394505345 ], [ 82.745347015870024, 27.516905144562234 ], [ 82.745343140668609, 27.517193956783451 ], [ 82.745233952827832, 27.517308019465464 ], [ 82.744888515586922, 27.51741995652619 ], [ 82.744369265005659, 27.517683769252997 ], [ 82.744194702813175, 27.51787395644828 ], [ 82.744106578038725, 27.518026581978219 ], [ 82.744079765274904, 27.518409894419211 ], [ 82.744119514959181, 27.518640394775744 ], [ 82.744202327730093, 27.518871269536231 ], [ 82.744265953340502, 27.518948644485508 ], [ 82.744304515681407, 27.51925795696474 ], [ 82.744299202649515, 27.519641519472124 ], [ 82.743906015832451, 27.52011626949048 ], [ 82.743773702630747, 27.520345206649448 ], [ 82.743750140449976, 27.520498456549323 ], [ 82.743790327928252, 27.520692831784892 ], [ 82.744023202594704, 27.520963394138743 ], [ 82.744235390153634, 27.521139019415937 ], [ 82.744555452569784, 27.521313456849565 ], [ 82.744683765754033, 27.521355207066762 ], [ 82.744855765579771, 27.521356769511875 ], [ 82.744985077529037, 27.52131958194073 ], [ 82.745093703151284, 27.52124383218181 ], [ 82.745182703019978, 27.521014519178937 ], [ 82.745166265234161, 27.520648831701763 ], [ 82.745297390913819, 27.52049664408197 ], [ 82.745491640047845, 27.520442019278558 ], [ 82.746134515724933, 27.520544769106323 ], [ 82.746651390093831, 27.520472706485887 ], [ 82.746801702667668, 27.520492144170319 ], [ 82.747356828172698, 27.520747582113131 ], [ 82.747806015103066, 27.520886956717987 ], [ 82.748214077642899, 27.520892894782211 ], [ 82.748387015206575, 27.520817769093945 ], [ 82.74847464096014, 27.520703456701934 ], [ 82.748541453151574, 27.520530331584222 ], [ 82.748549578244166, 27.519955144183339 ], [ 82.748573328188044, 27.519781581869506 ], [ 82.748661453433712, 27.519628957041842 ], [ 82.749051202918039, 27.519402331733232 ], [ 82.749137015438038, 27.51942339414984 ], [ 82.749306765107178, 27.519578394630191 ], [ 82.749432577585196, 27.519809581932346 ], [ 82.749556765382067, 27.520158206535417 ], [ 82.749747453149823, 27.52033139481961 ], [ 82.750000203285339, 27.520498331467405 ], [ 82.750045765156955, 27.520528081660622 ], [ 82.750278390918041, 27.520798644301429 ], [ 82.75058889055542, 27.521647519704452 ], [ 82.750757578387933, 27.521897206641164 ], [ 82.751161265515591, 27.522228019202156 ], [ 82.751434515686896, 27.522654644137351 ], [ 82.751433890940802, 27.522711019434755 ], [ 82.751303202648273, 27.522824894675281 ], [ 82.751044327477473, 27.52291964465822 ], [ 82.750356015171377, 27.522969831853981 ], [ 82.750000265408246, 27.522926019080476 ], [ 82.749841015703879, 27.522906519764192 ], [ 82.749604015572501, 27.522942769738048 ], [ 82.749495390319055, 27.523036581746616 ], [ 82.749514827815887, 27.523190144516708 ], [ 82.749700577626257, 27.523749144616563 ], [ 82.749847515959303, 27.523982831855317 ], [ 82.750000390482413, 27.524097019361598 ], [ 82.750081578316113, 27.524156394366717 ], [ 82.750295452502129, 27.524237269556103 ], [ 82.750552827473314, 27.524277956909966 ], [ 82.75117482789426, 27.524360269076439 ], [ 82.751302452548941, 27.524458394337898 ], [ 82.751299452987936, 27.524670456586065 ], [ 82.751211765731028, 27.524784706965896 ], [ 82.750886953262849, 27.524973581838733 ], [ 82.750690015885993, 27.525240332254238 ], [ 82.750553703343357, 27.525776081769617 ], [ 82.750567453228996, 27.526313206644737 ], [ 82.750544702953064, 27.526428019258741 ], [ 82.750456765852078, 27.526562644016863 ], [ 82.750218453251492, 27.526713894654968 ], [ 82.750109078166872, 27.526845956558436 ], [ 82.750000390764626, 27.526921769138134 ], [ 82.749891890197233, 27.526997519231884 ], [ 82.749677328310966, 27.526977519585419 ], [ 82.749466390807584, 27.52668683152795 ], [ 82.749404702945199, 27.526494519728075 ], [ 82.749174328312066, 27.526050207157745 ], [ 82.748940890210747, 27.525854019845479 ], [ 82.748663390106898, 27.525718519330606 ], [ 82.748427078259283, 27.525714082149538 ], [ 82.748294827841022, 27.525943019556529 ], [ 82.748284203029144, 27.526712331546264 ], [ 82.74834545331332, 27.526943019759603 ], [ 82.748513140439258, 27.527251331935226 ], [ 82.748937953123644, 27.527620644364823 ], [ 82.748979140572729, 27.527756394661566 ], [ 82.748956640169894, 27.527814894238706 ], [ 82.748804765221237, 27.52792858162659 ], [ 82.74837464092947, 27.527942769094487 ], [ 82.748094452852996, 27.528016956777726 ], [ 82.747986890454655, 27.528015956677024 ], [ 82.747445890354342, 27.528297644126518 ], [ 82.747184390762243, 27.528563769573157 ], [ 82.747116640246446, 27.528793269641195 ], [ 82.747178077969934, 27.529005957235597 ], [ 82.74730557833719, 27.52912214461292 ], [ 82.747390640155032, 27.529179331487722 ], [ 82.747839640893844, 27.529339018968113 ], [ 82.748650390472932, 27.529770519464527 ], [ 82.749032203279427, 27.5301394573431 ], [ 82.749200703275122, 27.530371082126305 ], [ 82.74932589015647, 27.530661019103714 ], [ 82.749274327784875, 27.53127426983302 ], [ 82.749186702808473, 27.531388519214822 ], [ 82.749034702543241, 27.531502206460353 ], [ 82.748862515554862, 27.531518706702915 ], [ 82.748542952571185, 27.531324081867755 ], [ 82.748373640934219, 27.531130769328016 ], [ 82.748270265300548, 27.530841019808658 ], [ 82.748148327699354, 27.530321019611414 ], [ 82.747851953382906, 27.530011519259048 ], [ 82.747510390542615, 27.529834706679811 ], [ 82.747166827909368, 27.529831581517833 ], [ 82.746481952721737, 27.529631394606493 ], [ 82.746331140688412, 27.529648019509384 ], [ 82.746244702509003, 27.529685644321631 ], [ 82.746113328335539, 27.529858207321766 ], [ 82.74611126573285, 27.530011581855025 ], [ 82.746194953423469, 27.53016576941279 ], [ 82.746936765704291, 27.530923769252926 ], [ 82.747297952614815, 27.531215832030796 ], [ 82.747361078055491, 27.531311144309999 ], [ 82.747357640127632, 27.531561582010646 ], [ 82.747291015614238, 27.531714394708665 ], [ 82.747028140001561, 27.5320752695865 ], [ 82.746724390063079, 27.532302643970546 ], [ 82.746488265598543, 27.532282519703891 ], [ 82.746404078154129, 27.532146332332289 ], [ 82.746281015019335, 27.531723332046116 ], [ 82.746175327991011, 27.531587019253525 ], [ 82.745983265248313, 27.53150858235016 ], [ 82.745789452854808, 27.531524894544976 ], [ 82.745680765548215, 27.5316208947478 ], [ 82.745543890770392, 27.532195019201811 ], [ 82.74541295324093, 27.532329207274426 ], [ 82.745219703143761, 27.532325207035779 ], [ 82.744859640437696, 27.531938394808328 ], [ 82.744517640675667, 27.531799957110536 ], [ 82.744217078461404, 27.531797206495234 ], [ 82.744087577697485, 27.531834393995403 ], [ 82.744000140751353, 27.531928394476413 ], [ 82.743996890360279, 27.532160769506671 ], [ 82.744631203066689, 27.532915519677829 ], [ 82.744692452630247, 27.533146206491264 ], [ 82.744667015748618, 27.533434832333711 ], [ 82.74481489072042, 27.533627894346765 ], [ 82.745007014983358, 27.533726644721831 ], [ 82.745135765606108, 27.533727769026111 ], [ 82.745459327690114, 27.533654019793158 ], [ 82.745910202509918, 27.533678394507525 ], [ 82.746297952660555, 27.533605144701657 ], [ 82.746447390186631, 27.533683269099242 ], [ 82.746489390725145, 27.533742269431865 ], [ 82.746529203292951, 27.533972769443224 ], [ 82.746525952841964, 27.534202831534323 ], [ 82.746280202764581, 27.534891019594649 ], [ 82.746014452682957, 27.535445956644914 ], [ 82.74590514002692, 27.535598394252887 ], [ 82.745774452658139, 27.535712269008773 ], [ 82.744929577890503, 27.536203269337978 ], [ 82.744756515368891, 27.536278394209759 ], [ 82.744477265774506, 27.536273644178532 ], [ 82.744370202499496, 27.536254581526205 ], [ 82.744179140818886, 27.53607914424245 ], [ 82.74377745314024, 27.535594957186049 ], [ 82.74362745311511, 27.535573269623963 ], [ 82.743475953131494, 27.535648644638364 ], [ 82.743387952897038, 27.53580126919757 ], [ 82.743319390142119, 27.536089456918909 ], [ 82.743145265825007, 27.536241269323217 ], [ 82.742690202499915, 27.536523707295128 ], [ 82.742492453296052, 27.536831019206073 ], [ 82.742467953435181, 27.537040644229833 ], [ 82.742510078440176, 27.537117707290399 ], [ 82.742701953378585, 27.537216456843623 ], [ 82.742960015015271, 27.537200769035682 ], [ 82.743479702730937, 27.536936956811502 ], [ 82.743694077754981, 27.536977269678012 ], [ 82.74375764060521, 27.53703420676133 ], [ 82.743875765546633, 27.537804644737076 ], [ 82.74416776564685, 27.538441269653511 ], [ 82.74424857768355, 27.538825582116647 ], [ 82.744159015135892, 27.539075206941984 ], [ 82.744093640121378, 27.539151331682167 ], [ 82.7437048909092, 27.539281019526655 ], [ 82.7434882029318, 27.539414331996412 ], [ 82.743421140403598, 27.539605519170706 ], [ 82.743440578455179, 27.539759082315584 ], [ 82.743567077834754, 27.539933956944584 ], [ 82.744142890510602, 27.540246019339769 ], [ 82.744377078121957, 27.540403831904314 ], [ 82.744568140501045, 27.54057701912431 ], [ 82.744802640289947, 27.540714518971775 ], [ 82.744993640528165, 27.540889894486014 ], [ 82.74512057826712, 27.541044519149519 ], [ 82.745140953066965, 27.541121394113141 ], [ 82.745116452616571, 27.541333269460594 ], [ 82.745029077525913, 27.541447582097728 ], [ 82.744856515772298, 27.541484331563833 ], [ 82.744597077821041, 27.541594832061094 ], [ 82.744382890091217, 27.541536519394459 ], [ 82.744256890875178, 27.541323269290956 ], [ 82.744172015898613, 27.541245706785901 ], [ 82.743808765055746, 27.541107144324801 ], [ 82.74374395260692, 27.541126831889805 ], [ 82.743656328235346, 27.541241144090524 ], [ 82.743631515825271, 27.541471019867014 ], [ 82.743573952526887, 27.541666831474174 ], [ 82.743541390372343, 27.541777081964248 ], [ 82.74325582830545, 27.542234769816801 ], [ 82.743166515934504, 27.542464082097332 ], [ 82.743163265879986, 27.542694206845077 ], [ 82.743247702828299, 27.542810019432597 ], [ 82.743505328408645, 27.542832644507765 ], [ 82.743957640039497, 27.542760019163296 ], [ 82.744215515926086, 27.542762332153348 ], [ 82.744429452701937, 27.542843269848746 ], [ 82.744598515068404, 27.543054582171781 ], [ 82.74455270265544, 27.543245957214378 ], [ 82.744422265471769, 27.543359769411982 ], [ 82.744249953113524, 27.543378581687055 ], [ 82.744078577543689, 27.543338706692442 ], [ 82.743627453362564, 27.543332394126676 ], [ 82.743432703351445, 27.543427644796029 ], [ 82.743213453260921, 27.543732456970446 ], [ 82.742992140574387, 27.544190769183675 ], [ 82.742663452791447, 27.544648019391097 ], [ 82.742683453230939, 27.544763269224877 ], [ 82.742852952917247, 27.544938519050184 ], [ 82.743556828436127, 27.545310394737001 ], [ 82.743769390797226, 27.545486081511825 ], [ 82.743896577481863, 27.545622582319673 ], [ 82.74399976517681, 27.545930331933214 ], [ 82.74386795311483, 27.546139019605885 ], [ 82.743629015058175, 27.546310581805312 ], [ 82.743284453061207, 27.546363831834626 ], [ 82.743027015847815, 27.5463231447312 ], [ 82.742856078263969, 27.546244894151936 ], [ 82.742600827540031, 27.546068894695068 ], [ 82.74232470304409, 27.545836269324255 ], [ 82.741811328314355, 27.545657894490155 ], [ 82.741640640351477, 27.545559331702389 ], [ 82.741194077866723, 27.545207832226559 ], [ 82.740980202806512, 27.545149456580504 ], [ 82.740806952897174, 27.545242644682968 ], [ 82.740762515245933, 27.545339269444096 ], [ 82.740760453424429, 27.545492706568023 ], [ 82.740563140139912, 27.545759394577743 ], [ 82.740084953306862, 27.546156644796508 ], [ 82.739868265093506, 27.546290081916514 ], [ 82.739758640809185, 27.54644245702054 ], [ 82.739669265109029, 27.546671831967849 ], [ 82.739666015071947, 27.546901894050553 ], [ 82.739707015334986, 27.547055707156851 ], [ 82.74025282831245, 27.548003769846844 ], [ 82.740657203470022, 27.548275956602343 ], [ 82.740998827552545, 27.548452706944751 ], [ 82.741769577950109, 27.548653706822826 ], [ 82.742175765199789, 27.548828894575465 ], [ 82.742749890891304, 27.549258207283156 ], [ 82.742957389982081, 27.549799394320484 ], [ 82.742933577933726, 27.549970582317581 ], [ 82.742845453320896, 27.550123206619762 ], [ 82.742607265264553, 27.550256456943369 ], [ 82.7422633908173, 27.550251081662818 ], [ 82.742092203195512, 27.550193144397902 ], [ 82.741577703438622, 27.550109519342037 ], [ 82.741147703074745, 27.550105582367408 ], [ 82.74088920268612, 27.550159644492183 ], [ 82.740435202629754, 27.550347332290084 ], [ 82.740282703023581, 27.550481331717624 ], [ 82.740194578397038, 27.550633956935169 ], [ 82.740214265318301, 27.550767206797506 ], [ 82.740298703213725, 27.550883081600624 ], [ 82.740469577734203, 27.550963582009505 ], [ 82.740618265699311, 27.55108001910245 ], [ 82.740658765684472, 27.551272144819215 ], [ 82.740635827594119, 27.551368957015498 ], [ 82.740135140589928, 27.551822331705953 ], [ 82.740134515589915, 27.551881081906206 ], [ 82.740176765525788, 27.551919832023014 ], [ 82.740369203089358, 27.55199826916725 ], [ 82.740562515934997, 27.552000019545265 ], [ 82.740756828377258, 27.551945394552696 ], [ 82.741297765359988, 27.551681769151362 ], [ 82.741816327667522, 27.551494706555729 ], [ 82.742009577619967, 27.551498706916725 ], [ 82.742073703108829, 27.551537644576111 ], [ 82.742284640552981, 27.551826081946011 ], [ 82.742629015780494, 27.551793082096506 ], [ 82.74288526533725, 27.55191051983082 ], [ 82.743011952564501, 27.552065081889232 ], [ 82.743008702785104, 27.552295144050046 ], [ 82.74282951551875, 27.552830519724822 ], [ 82.742867452617318, 27.55319639399643 ], [ 82.742950890922572, 27.553370831809335 ], [ 82.743716890420558, 27.553935081556048 ], [ 82.743909765769502, 27.553975144468364 ], [ 82.744229640901338, 27.554149519313786 ], [ 82.744550890519676, 27.554229144648925 ], [ 82.744873703293237, 27.554193707344311 ], [ 82.745326765412315, 27.554064644486079 ], [ 82.745842765938363, 27.554049019496702 ], [ 82.746294890809921, 27.553996707177461 ], [ 82.747324827996522, 27.554118769784868 ], [ 82.748544514963328, 27.554495269774975 ], [ 82.74894945277218, 27.554729144259436 ], [ 82.749054703031973, 27.554883456579482 ], [ 82.749094515493582, 27.555111644256609 ], [ 82.748937890197311, 27.555552456505986 ], [ 82.748850265084002, 27.555666769800382 ], [ 82.748741327635315, 27.555780831548805 ], [ 82.748264453092176, 27.556063081786039 ], [ 82.747872890275019, 27.556404769332747 ], [ 82.747482765661459, 27.556651644249342 ], [ 82.747069203193064, 27.557011206832456 ], [ 82.746674953126217, 27.557526644333734 ], [ 82.746389453200507, 27.557984269850138 ], [ 82.746061765399077, 27.558362582239749 ], [ 82.745751078157468, 27.559050206714417 ], [ 82.745546828467852, 27.559815456973816 ], [ 82.745499640269358, 27.560121832119865 ], [ 82.745494327488487, 27.56050539440507 ], [ 82.745534140921052, 27.560735831784633 ], [ 82.745637265878457, 27.561043644416188 ], [ 82.745932140419569, 27.561468207050748 ], [ 82.74625039005285, 27.561757582084919 ], [ 82.746506452466804, 27.561892956829595 ], [ 82.747682077815043, 27.562345831489985 ], [ 82.748293515031477, 27.562202393990738 ], [ 82.748502328216105, 27.562204332066688 ], [ 82.748949640211436, 27.562364019572104 ], [ 82.749526390180279, 27.562486582222956 ], [ 82.749896015131185, 27.562600457026313 ], [ 82.74999976566572, 27.562632956591834 ], [ 82.750230015928537, 27.5627049567195 ], [ 82.75112420314079, 27.563080769150368 ], [ 82.751994953041603, 27.563569144655229 ], [ 82.752396953149116, 27.563899956618517 ], [ 82.752838828082247, 27.564402519850372 ], [ 82.753006702953513, 27.564634144712194 ], [ 82.753256265359497, 27.565094394858239 ], [ 82.753400327877301, 27.565479269492553 ], [ 82.753477203196425, 27.566014581875862 ], [ 82.753433328392617, 27.566090956677147 ], [ 82.753429452983852, 27.56631883225289 ], [ 82.753339015042343, 27.566624832059347 ], [ 82.752986265841656, 27.567230832150528 ], [ 82.752571890752051, 27.56768514413924 ], [ 82.752485140650904, 27.567740769114401 ], [ 82.751766015890013, 27.568476581511732 ], [ 82.751547265848785, 27.568758894611786 ], [ 82.751176827857634, 27.569136894396806 ], [ 82.75050307771825, 27.569719707052339 ], [ 82.750327828356674, 27.569966269609335 ], [ 82.750217640596375, 27.570136769857502 ], [ 82.750195453012196, 27.570195206941307 ], [ 82.750142702706214, 27.570271457383885 ], [ 82.750063890241535, 27.570383582333754 ], [ 82.749999827676533, 27.570531894881871 ], [ 82.749752140950335, 27.571105019817853 ], [ 82.749704390078037, 27.571411394634065 ], [ 82.749698140632617, 27.571792644374682 ], [ 82.749778890389805, 27.572100206551664 ], [ 82.749999890451846, 27.572535394137944 ], [ 82.750090640511772, 27.572714394292337 ], [ 82.750511452682446, 27.573198832309277 ], [ 82.751081890872129, 27.573720644298813 ], [ 82.751225640452574, 27.574105456644766 ], [ 82.751177890447138, 27.574409644311572 ], [ 82.750847765011187, 27.574941394567382 ], [ 82.750800015228364, 27.575245519766714 ], [ 82.750688015225677, 27.575549082323409 ], [ 82.750704453131007, 27.575856081644741 ], [ 82.750786890511222, 27.576066644740749 ], [ 82.75095576593138, 27.576221582166205 ], [ 82.75121089000541, 27.576359269775402 ], [ 82.751338640257117, 27.576398769231446 ], [ 82.752238640622437, 27.576411394091384 ], [ 82.75260226517517, 27.576473331613567 ], [ 82.752835827601459, 27.576610769381013 ], [ 82.752961015965198, 27.576821707064937 ], [ 82.75300138998152, 27.576975519741037 ], [ 82.752993953323553, 27.577433456942416 ], [ 82.753030765654287, 27.577815081717461 ], [ 82.753017202866076, 27.578656519656164 ], [ 82.752858577561213, 27.579189832230174 ], [ 82.752808703264449, 27.57964739445362 ], [ 82.753032702692238, 27.580416457005629 ], [ 82.753491327851577, 27.581264331604416 ], [ 82.753593827874482, 27.581572206860542 ], [ 82.753653327993746, 27.581879519215576 ], [ 82.753725202912577, 27.58280070672232 ], [ 82.753866078246034, 27.583334457103597 ], [ 82.75388757799729, 27.58341589467506 ], [ 82.754089515708273, 27.583950144067675 ], [ 82.754134640251962, 27.584070144357515 ], [ 82.754382577538479, 27.584686019100332 ], [ 82.754655578317767, 27.585033707009121 ], [ 82.754950890714724, 27.585343144425696 ], [ 82.755205515568051, 27.58549889458827 ], [ 82.755461327828243, 27.585577894720679 ], [ 82.755652390565601, 27.585676581961543 ], [ 82.75597245277433, 27.585756206595526 ], [ 82.756100952569312, 27.585757331680355 ], [ 82.756419890819259, 27.585913644090496 ], [ 82.756548328014901, 27.585914769107347 ], [ 82.75725220267222, 27.586094769003456 ], [ 82.757507578184132, 27.586212144799351 ], [ 82.757655640586876, 27.586328519364059 ], [ 82.757866140307058, 27.586580832161083 ], [ 82.757860265498195, 27.58696208188325 ], [ 82.757786890595199, 27.587575144565012 ], [ 82.75769789060692, 27.587804456588255 ], [ 82.757411828393742, 27.588338894298705 ], [ 82.757171140485696, 27.588679644391156 ], [ 82.756845140821326, 27.588983581597635 ], [ 82.756757077485943, 27.589156519018452 ], [ 82.756431702536773, 27.589440144200598 ], [ 82.756129077480296, 27.589629206886723 ], [ 82.755716702649963, 27.589988769468885 ], [ 82.755326765739696, 27.590289894377158 ], [ 82.755262328041695, 27.590309581775895 ], [ 82.755132640622151, 27.590385144837942 ], [ 82.755023265472147, 27.590537582402106 ], [ 82.754763077844956, 27.590763144134637 ], [ 82.754719140361843, 27.590839456939008 ], [ 82.754286140442886, 27.591142394516559 ], [ 82.753412578345632, 27.592282957108832 ], [ 82.753173078131042, 27.592549269498694 ], [ 82.752565827638136, 27.593060519677849 ], [ 82.752393202955304, 27.593153706712584 ], [ 82.752176078440115, 27.593343519620824 ], [ 82.751721953294592, 27.593644019754635 ], [ 82.751032452931526, 27.593924394655975 ], [ 82.750255765045736, 27.594300956630686 ], [ 82.750000015879053, 27.594325706557203 ], [ 82.749569640911531, 27.594369206889052 ], [ 82.748967577838144, 27.594535269807508 ], [ 82.748194452739682, 27.59468170740962 ], [ 82.748022015319677, 27.594756894271907 ], [ 82.747936202568852, 27.594756082403585 ], [ 82.747333390562289, 27.594960456749281 ], [ 82.747140202777459, 27.594997082013869 ], [ 82.746881140031164, 27.595145894606286 ], [ 82.746661202964361, 27.595527457075214 ], [ 82.746631702487392, 27.59606420724262 ], [ 82.747119328136407, 27.597832956679817 ], [ 82.747137265833743, 27.598063207116027 ], [ 82.747220390780782, 27.598217394252099 ], [ 82.747483828219785, 27.599214769383682 ], [ 82.747498515037421, 27.599675144796855 ], [ 82.747363203144744, 27.6001342071614 ], [ 82.747123703156163, 27.600400519793407 ], [ 82.747036953335325, 27.60045614403958 ], [ 82.746644578247881, 27.60091283240213 ], [ 82.746124015827959, 27.601366144180279 ], [ 82.745604828070611, 27.601706644471715 ], [ 82.745474202531042, 27.601858894258221 ], [ 82.745166078240558, 27.602390831541683 ], [ 82.744895390546006, 27.603308894030565 ], [ 82.744784765382491, 27.603538019712165 ], [ 82.744587577940891, 27.603843081539843 ], [ 82.744366515494264, 27.604299082245035 ], [ 82.744192203289998, 27.604509581698039 ], [ 82.743824390928125, 27.604754457400208 ], [ 82.742831015033218, 27.605300456915863 ], [ 82.742143077487128, 27.6054657067322 ], [ 82.741712390897277, 27.605612956664366 ], [ 82.741453702596331, 27.605725706851089 ], [ 82.74089126596273, 27.60610414407352 ], [ 82.740609453096056, 27.606329456624316 ], [ 82.740501015436195, 27.606425519845498 ], [ 82.740461827590067, 27.606445457167872 ], [ 82.739853202769424, 27.606762519619991 ], [ 82.739164577706717, 27.606986394272024 ], [ 82.738666515607378, 27.607345144631417 ], [ 82.737994515369436, 27.607894019781238 ], [ 82.737536640458899, 27.608424581868597 ], [ 82.737296827911322, 27.608711206949891 ], [ 82.736856890502295, 27.609472019245889 ], [ 82.736854515327266, 27.609625457375827 ], [ 82.736916140472815, 27.609797457087467 ], [ 82.737296515188149, 27.610148394483531 ], [ 82.737444828013551, 27.610244519675565 ], [ 82.737740077854511, 27.610554019639448 ], [ 82.737952078233349, 27.61070939416209 ], [ 82.738203140256417, 27.611095206730681 ], [ 82.738222327860825, 27.611248707404268 ], [ 82.738064202766452, 27.61178433165556 ], [ 82.737842140664426, 27.612319269398942 ], [ 82.737273640263268, 27.613078957099216 ], [ 82.736745827461917, 27.613992394683379 ], [ 82.736591328422705, 27.614297832361956 ], [ 82.736523453201229, 27.614527331560648 ], [ 82.736520140255493, 27.614757456547604 ], [ 82.736706953316741, 27.615142707387939 ], [ 82.737001327494823, 27.61551089406241 ], [ 82.737084702478938, 27.615665081938989 ], [ 82.737145452498183, 27.615893519428631 ], [ 82.737099078056147, 27.616123207341889 ], [ 82.736857889989437, 27.616504582268824 ], [ 82.736812828332759, 27.616657581979897 ], [ 82.736747328094694, 27.616733707293779 ], [ 82.736393140843219, 27.61749526918214 ], [ 82.736262702688435, 27.617629457001932 ], [ 82.735745015536182, 27.617852644846902 ], [ 82.735250765105704, 27.61796320679094 ], [ 82.735097640154436, 27.618171644882395 ], [ 82.735006140546702, 27.618554332142605 ], [ 82.7350240780071, 27.618784644329921 ], [ 82.735167265382685, 27.619246207375305 ], [ 82.735543828269471, 27.619845269731954 ], [ 82.735838890567464, 27.620154769419692 ], [ 82.736029515185706, 27.620289644913523 ], [ 82.736412765254371, 27.620446582128874 ], [ 82.736926703066501, 27.620471519066744 ], [ 82.73718201528041, 27.620570894902766 ], [ 82.737631140484595, 27.620613331973079 ], [ 82.738057640025076, 27.620752581791784 ], [ 82.738544077494581, 27.621160832124986 ], [ 82.738645452979412, 27.621543081655705 ], [ 82.738380515374629, 27.622059581703457 ], [ 82.738271640207586, 27.622191706672194 ], [ 82.7379259532742, 27.622380332402326 ], [ 82.737151452588563, 27.622601144903157 ], [ 82.736979890870032, 27.622619894883123 ], [ 82.736638265520369, 27.622537831579933 ], [ 82.736038828100064, 27.622514331720954 ], [ 82.734921952806658, 27.622711707060489 ], [ 82.734232828245766, 27.622973894500753 ], [ 82.73345870248923, 27.623156331875443 ], [ 82.73317845263108, 27.623268832186916 ], [ 82.732917327667892, 27.623534956907342 ], [ 82.732861890896217, 27.6236765820701 ], [ 82.732741452470165, 27.623851456863374 ], [ 82.732763327594469, 27.623984769865405 ], [ 82.73287114007789, 27.624136956963689 ], [ 82.732935640398779, 27.624173644861813 ], [ 82.73330020314431, 27.624382269638019 ], [ 82.733322640019693, 27.624441144886145 ], [ 82.733631328041511, 27.624500332367301 ], [ 82.733952890783371, 27.624485207397438 ], [ 82.734919265745688, 27.624322519753449 ], [ 82.73511176519402, 27.62432433204015 ], [ 82.735692640085617, 27.624176206907688 ], [ 82.736463765698431, 27.624165207068383 ], [ 82.736719890230489, 27.624226206588759 ], [ 82.737249640521355, 27.624614581995825 ], [ 82.737608452800757, 27.624963019710442 ], [ 82.737657140525613, 27.624999582309719 ], [ 82.737989827878522, 27.625255269222954 ], [ 82.738308327999846, 27.625429644710799 ], [ 82.738456202816351, 27.62556633205168 ], [ 82.73856114021811, 27.625720707042799 ], [ 82.738643328290294, 27.625951582266104 ], [ 82.738640953279159, 27.626105019233723 ], [ 82.738531327937409, 27.62627545716364 ], [ 82.738034452648179, 27.626557519316364 ], [ 82.73682726584282, 27.627063144936216 ], [ 82.735895015521393, 27.62778114460842 ], [ 82.735653765672254, 27.628162519160036 ], [ 82.735585890869388, 27.628392019922742 ], [ 82.735666952970888, 27.628699581821099 ], [ 82.735812953406722, 27.628969394198045 ], [ 82.736258327972479, 27.629260019894279 ], [ 82.736386640451713, 27.629281456558278 ], [ 82.736514015002726, 27.62935933215023 ], [ 82.736831327480445, 27.629630706672298 ], [ 82.737215515608611, 27.629711019529474 ], [ 82.73759689004136, 27.630003207129963 ], [ 82.737982765300018, 27.629988644105101 ], [ 82.738174828304224, 27.630028769931375 ], [ 82.738430702514748, 27.630107831741267 ], [ 82.739004827795497, 27.630381519071058 ], [ 82.739216578219342, 27.630557144947648 ], [ 82.739511015688521, 27.630923081959811 ], [ 82.73965889001218, 27.631059769931358 ], [ 82.739890265843158, 27.63134845665876 ], [ 82.740161703442254, 27.631811144629204 ], [ 82.740200952933364, 27.63204164422234 ], [ 82.740177265878302, 27.632194831596454 ], [ 82.739958889959425, 27.632461332198957 ], [ 82.739721452692947, 27.632592269072518 ], [ 82.738947890550492, 27.632756707437231 ], [ 82.738602327520326, 27.632927331591873 ], [ 82.73847170311862, 27.633077206741525 ], [ 82.738251702817095, 27.633458832009669 ], [ 82.738202952560371, 27.633841957295552 ], [ 82.738112265874449, 27.634186331631373 ], [ 82.737938015770737, 27.634356206824037 ], [ 82.737201265467235, 27.634922581743449 ], [ 82.737070077974977, 27.635095082386318 ], [ 82.736979765417814, 27.635401081780174 ], [ 82.736977390357737, 27.635554519362856 ], [ 82.737059827970867, 27.63576508213723 ], [ 82.737165265825354, 27.635881081670004 ], [ 82.737419702732097, 27.636057144175403 ], [ 82.737611577522401, 27.636115269908863 ], [ 82.738255828122277, 27.636026394667617 ], [ 82.738447890558604, 27.636066519433097 ], [ 82.739254140320455, 27.636592832002538 ], [ 82.73935951512351, 27.63670876979219 ], [ 82.739442952874711, 27.63686295684667 ], [ 82.739500078192762, 27.637323706795016 ], [ 82.739541890225709, 27.637400831818148 ], [ 82.739590953170804, 27.638398519227589 ], [ 82.739671140688131, 27.638782769801132 ], [ 82.739789265190794, 27.639471956992047 ], [ 82.739787078426133, 27.639607331645575 ], [ 82.739693203426413, 27.640143456663726 ], [ 82.739559202658157, 27.640505456619199 ], [ 82.739233140242874, 27.64082739418415 ], [ 82.739014515638075, 27.64111195674851 ], [ 82.738681765898448, 27.64187601938853 ], [ 82.738616328185913, 27.641952144657644 ], [ 82.738351078279024, 27.642486706569695 ], [ 82.738326327948172, 27.642714331735608 ], [ 82.73823670322102, 27.642963957099667 ], [ 82.738106453359535, 27.643077769520314 ], [ 82.737934202791166, 27.643132644754747 ], [ 82.737249390907067, 27.643088081985216 ], [ 82.736991577551919, 27.643142144287022 ], [ 82.736819952745577, 27.643140644920365 ], [ 82.736479515650814, 27.643002081883477 ], [ 82.736246015959907, 27.642846519209112 ], [ 82.736014203344396, 27.642596269395405 ], [ 82.735802202968287, 27.642440894766299 ], [ 82.735502390054805, 27.642435894817343 ], [ 82.735351390315572, 27.642511269742819 ], [ 82.73528589087546, 27.642587332339279 ], [ 82.734998265364041, 27.643198394703774 ], [ 82.734995889953197, 27.643351832015313 ], [ 82.734905578084906, 27.643657832122575 ], [ 82.734817390913705, 27.643808206795896 ], [ 82.734727078124919, 27.644114206738241 ], [ 82.734725015119096, 27.644267581889679 ], [ 82.734870327920262, 27.644575706669304 ], [ 82.735227828031398, 27.645021207384566 ], [ 82.735565453435868, 27.645349207170526 ], [ 82.735752640967462, 27.64573445687607 ], [ 82.735729203371974, 27.645869582397498 ], [ 82.735685515847337, 27.645925644102142 ], [ 82.735533765321193, 27.646039269573372 ], [ 82.735016453425715, 27.646244394724562 ], [ 82.73475832804445, 27.646300706861961 ], [ 82.734587202528559, 27.646278832391058 ], [ 82.733950140539903, 27.645907519588938 ], [ 82.733866515940278, 27.645773644943333 ], [ 82.733676515305902, 27.645580144747484 ], [ 82.733211265302714, 27.645192332248381 ], [ 82.732979202798447, 27.644993957053082 ], [ 82.732789953191983, 27.645012519428704 ], [ 82.731771515751404, 27.644865582337022 ], [ 82.730951890062414, 27.644948331979389 ], [ 82.730504890231487, 27.645043456894133 ], [ 82.73023282832736, 27.645205706963189 ], [ 82.730066953379378, 27.645418519588834 ], [ 82.729966140493971, 27.645785331706488 ], [ 82.730136702693954, 27.646346456601876 ], [ 82.730287202669132, 27.647164519736943 ], [ 82.730393828352078, 27.6474475191959 ], [ 82.730632577454173, 27.647720456562997 ], [ 82.731259202543129, 27.647956331882902 ], [ 82.731458078035473, 27.647955894673853 ], [ 82.732423077608985, 27.647712019071641 ], [ 82.732802140696748, 27.647742581750006 ], [ 82.733018390895708, 27.648024332355597 ], [ 82.733208015353057, 27.648217831831783 ], [ 82.733373515594494, 27.648623207161286 ], [ 82.733348702811753, 27.648853082044678 ], [ 82.733259264955166, 27.649082394409032 ], [ 82.733150577961808, 27.649196457459944 ], [ 82.732968078305916, 27.649368519606675 ], [ 82.732554703455691, 27.649646769437435 ], [ 82.732408765552449, 27.65018914411317 ], [ 82.732335640302935, 27.650628456890676 ], [ 82.732369702933553, 27.651107081963495 ], [ 82.732612452532891, 27.652081707334535 ], [ 82.732405640776065, 27.652578394737457 ], [ 82.731567203381829, 27.65367851940718 ], [ 82.730773328117422, 27.654569207324627 ], [ 82.730635827931437, 27.654653706700508 ], [ 82.729928640690275, 27.654866081795422 ], [ 82.729389014955615, 27.655109269699977 ], [ 82.729158140575748, 27.655271894330561 ], [ 82.728486640774619, 27.656364456656075 ], [ 82.728179265638488, 27.657225769645336 ], [ 82.727892265423378, 27.657857081985878 ], [ 82.727544265090373, 27.658232957291453 ], [ 82.726225140101079, 27.658881894679528 ], [ 82.725877765380559, 27.658953144138792 ], [ 82.725708390239689, 27.658917706769987 ], [ 82.725303640435087, 27.658803456751208 ], [ 82.724824202661935, 27.658577956868921 ], [ 82.724063015113984, 27.657873769769836 ], [ 82.72360070255111, 27.657560456822669 ], [ 82.722883952796053, 27.657179331836705 ], [ 82.722338578128827, 27.657147144321662 ], [ 82.721423515646947, 27.657610332061761 ], [ 82.721204952851565, 27.657937707073732 ], [ 82.720987952678769, 27.658865206932365 ], [ 82.721032952740245, 27.659215332367957 ], [ 82.721139015034623, 27.659493832414967 ], [ 82.722455515799496, 27.660929581668274 ], [ 82.722522077777043, 27.661221269772952 ], [ 82.722288390590933, 27.661492082225283 ], [ 82.721773703338002, 27.661647519569527 ], [ 82.720718640080662, 27.661673894961005 ], [ 82.719825702929285, 27.661830394944538 ], [ 82.719144765567293, 27.661833019746776 ], [ 82.718385265305287, 27.661907269505374 ], [ 82.717023014960716, 27.66216770668056 ], [ 82.716193890573066, 27.662453331897957 ], [ 82.715079890003935, 27.662921269360755 ], [ 82.714771890229756, 27.663166581722503 ], [ 82.714302953078032, 27.663694706779616 ], [ 82.71370457766379, 27.664912019236969 ], [ 82.713665577555986, 27.665125957042843 ], [ 82.713731328223915, 27.665469519940977 ], [ 82.713928327822515, 27.665742081610158 ], [ 82.714364390685816, 27.665804769604716 ], [ 82.715859515753849, 27.66566976977867 ], [ 82.716147765696306, 27.665697206754462 ], [ 82.716909140541162, 27.666144206677693 ], [ 82.717124515882432, 27.666335769604853 ], [ 82.717374702524751, 27.666667457194489 ], [ 82.717818953101258, 27.66789889492853 ], [ 82.717850078335658, 27.668140581906837 ], [ 82.717727077714855, 27.668527519521103 ], [ 82.717386015118876, 27.668871831653394 ], [ 82.716777890757044, 27.669026394276031 ], [ 82.715489578076244, 27.669542394535174 ], [ 82.715243828351419, 27.669806331718434 ], [ 82.715139953246265, 27.670184394146087 ], [ 82.715172265621632, 27.670748707179822 ], [ 82.715340453006149, 27.670971394334543 ], [ 82.71578157842805, 27.671361331668887 ], [ 82.716240577600189, 27.671604706949626 ], [ 82.717250827542884, 27.67192764444713 ], [ 82.717939764957649, 27.672367206727941 ], [ 82.718163577509998, 27.67346576915136 ], [ 82.718091390173853, 27.674169019446534 ], [ 82.718240015760969, 27.675059332065029 ], [ 82.718242202685403, 27.675217269094382 ], [ 82.718160077929355, 27.675448894298576 ], [ 82.717970452572061, 27.675679457038694 ], [ 82.717758828196523, 27.67587383214919 ], [ 82.717461265886143, 27.676069644974739 ], [ 82.716907827629925, 27.676341957091573 ], [ 82.716675015888242, 27.676556456689319 ], [ 82.716334703307098, 27.676751832170631 ], [ 82.716250702987594, 27.676866144361512 ], [ 82.716231328024207, 27.677001331787189 ], [ 82.716298077656845, 27.677173394835119 ], [ 82.716582078352488, 27.677514457010297 ], [ 82.717000265233082, 27.678217706867432 ], [ 82.717226577633824, 27.679020769621228 ], [ 82.717212953384518, 27.679537269276821 ], [ 82.717088578419876, 27.679824894247016 ], [ 82.717029390727248, 27.680169582400758 ], [ 82.716782140336562, 27.680862144446206 ], [ 82.716809765086055, 27.681264019432852 ], [ 82.716855265070365, 27.681435894382421 ], [ 82.716965077666799, 27.681606144953225 ], [ 82.717532265673285, 27.682252144170143 ], [ 82.717598389942339, 27.682365519376045 ], [ 82.717706827645372, 27.682441019321804 ], [ 82.717925952788491, 27.682745332218591 ], [ 82.718543702622256, 27.683888206943031 ], [ 82.718944265129949, 27.684859769432883 ], [ 82.719141453086692, 27.685143582240581 ], [ 82.719621578118051, 27.685675957361184 ], [ 82.719884953416894, 27.686075519273093 ], [ 82.720151765369536, 27.68664426919856 ], [ 82.720245327982596, 27.687100831682773 ], [ 82.720247953242179, 27.687272331979518 ], [ 82.72012395305363, 27.687562269499651 ], [ 82.719955827724107, 27.687793082475054 ], [ 82.719385515694043, 27.688392457214896 ], [ 82.719281265859365, 27.688583269125491 ], [ 82.719007515678783, 27.688912394268591 ], [ 82.718841265568798, 27.689258269261419 ], [ 82.71861645263921, 27.689948831843314 ], [ 82.718532453159355, 27.690065394857879 ], [ 82.718470890799338, 27.69023626954715 ], [ 82.718407140870013, 27.690294332146898 ], [ 82.718262389965588, 27.690640456666692 ], [ 82.717656014957043, 27.691641082129884 ], [ 82.717507640928218, 27.691759269304114 ], [ 82.717166452887298, 27.69191633242048 ], [ 82.716656265738123, 27.6922477698606 ], [ 82.716400890232421, 27.692383019648499 ], [ 82.716208078152746, 27.69242408196401 ], [ 82.715952702744815, 27.692561581625352 ], [ 82.714102390388689, 27.693692832078014 ], [ 82.713399328276878, 27.69404501919545 ], [ 82.712952890133877, 27.69433864415938 ], [ 82.712760953427491, 27.694418082092376 ], [ 82.712188640835052, 27.694882082141294 ], [ 82.712062828208389, 27.695074894866956 ], [ 82.711893702694923, 27.695231269543235 ], [ 82.711199202831708, 27.696118269886821 ], [ 82.710948827558369, 27.6965783943586 ], [ 82.710591390917429, 27.69704208243726 ], [ 82.710319453216343, 27.697504394514272 ], [ 82.709538077983012, 27.69831601923412 ], [ 82.709056140753674, 27.699067332486138 ], [ 82.708914140413427, 27.699584956694398 ], [ 82.708946015631227, 27.700214706636444 ], [ 82.708906577503456, 27.700444457472727 ], [ 82.708556328148731, 27.701366207316319 ], [ 82.708333265716789, 27.701686769162251 ], [ 82.708115703177469, 27.702000581930889 ], [ 82.707847703411446, 27.702692956829985 ], [ 82.707731828375458, 27.703495082436067 ], [ 82.707739953422617, 27.704011831804369 ], [ 82.707431015577754, 27.704818894319427 ], [ 82.707310515891976, 27.705334394826011 ], [ 82.707207640699394, 27.70562220748949 ], [ 82.707172140685898, 27.70608214418727 ], [ 82.707222514990832, 27.706538331692151 ], [ 82.707289889965921, 27.706710394400897 ], [ 82.707337577858326, 27.706995144850499 ], [ 82.707365453316527, 27.707397019238527 ], [ 82.707568765694845, 27.708023894961634 ], [ 82.707593077443846, 27.708195581654966 ], [ 82.70758257756701, 27.708333019247057 ], [ 82.707557515595525, 27.708655457268485 ], [ 82.707566078388112, 27.709169956936147 ], [ 82.707525640685375, 27.709343269957241 ], [ 82.707543577496409, 27.710430894638726 ], [ 82.707596703120331, 27.711060894596336 ], [ 82.707758140744374, 27.711746019417895 ], [ 82.707830953032413, 27.712261081663247 ], [ 82.707874702747688, 27.712317894232825 ], [ 82.707926890503572, 27.71288914459463 ], [ 82.70799607743615, 27.713176394812926 ], [ 82.708265890822489, 27.71391664427345 ], [ 82.708333390037026, 27.7140503317327 ], [ 82.708465515701221, 27.714315582453136 ], [ 82.708752453263955, 27.714769456775969 ], [ 82.708841952884484, 27.71499814462641 ], [ 82.709051077940757, 27.71597026929425 ], [ 82.709406827960464, 27.71670908182772 ], [ 82.709608327891701, 27.717223082323279 ], [ 82.709655078234874, 27.717451394561014 ], [ 82.709705515666101, 27.717909832144105 ], [ 82.70972039011788, 27.71882601917903 ], [ 82.709840890861656, 27.719625769173017 ], [ 82.709848202576424, 27.72008383165587 ], [ 82.70994345314169, 27.720655519431922 ], [ 82.709960577674366, 27.721707019978926 ], [ 82.709532453277745, 27.721249581767591 ], [ 82.708333265918199, 27.718794957431417 ], [ 82.707197015881221, 27.716469581744814 ], [ 82.707107577954602, 27.716392082150595 ], [ 82.704099452771928, 27.716129269786681 ], [ 82.703971328019364, 27.716132582384844 ], [ 82.703908639999071, 27.716181644631764 ], [ 82.7014032031813, 27.721663144357557 ], [ 82.701201015198848, 27.721798831787151 ], [ 82.700912578281816, 27.721638207531011 ], [ 82.700250265600232, 27.720991269352588 ], [ 82.699974639928172, 27.720772081732978 ], [ 82.699918827732532, 27.720719644925914 ], [ 82.699866952760104, 27.72066051912709 ], [ 82.697233953151496, 27.71820589493764 ], [ 82.691206265512378, 27.714945332242468 ], [ 82.690708015151444, 27.714791644755753 ], [ 82.682636452794469, 27.713580331804547 ], [ 82.677911139932988, 27.713846582316322 ], [ 82.677232390807262, 27.713842394312596 ], [ 82.673611890763752, 27.714071706928184 ], [ 82.66952076565218, 27.715162769520457 ], [ 82.668454640529845, 27.715484144738699 ], [ 82.668173390572889, 27.716408706958351 ], [ 82.668130140842649, 27.716527832084331 ], [ 82.668065328337519, 27.716671644499964 ], [ 82.666666827678142, 27.720890582358194 ], [ 82.666377953145783, 27.721760957395702 ], [ 82.66629464046585, 27.721859394327975 ], [ 82.666158078229586, 27.721912206678617 ], [ 82.659133390625939, 27.714954207190761 ], [ 82.657181390045992, 27.713130394710987 ], [ 82.648060452994812, 27.710826144827198 ], [ 82.646041765349381, 27.710348394795755 ], [ 82.642228078339159, 27.709447019309074 ], [ 82.640463328293848, 27.708935581991614 ], [ 82.638390203121602, 27.709404769199523 ], [ 82.636009202471243, 27.709907019764763 ], [ 82.633216639900525, 27.710558519551537 ], [ 82.630751577699613, 27.711113957419922 ], [ 82.63042651495023, 27.711187456833827 ], [ 82.629768015273854, 27.711336644578388 ], [ 82.629724015216041, 27.711282019534799 ], [ 82.629675452626174, 27.710480644708312 ], [ 82.629672828300968, 27.709598519719464 ], [ 82.629645953263562, 27.7092372691972 ], [ 82.629485078156961, 27.709005519189571 ], [ 82.628782702854238, 27.708333019604567 ], [ 82.628483639947078, 27.708045831975269 ], [ 82.626469577692447, 27.706175831662893 ], [ 82.625101515590288, 27.704844707091933 ], [ 82.625000077878198, 27.704769331733917 ], [ 82.624866015675025, 27.704670894483879 ], [ 82.62093451519047, 27.702238082494492 ], [ 82.620787827870515, 27.702083207326858 ], [ 82.619647389995066, 27.702642644951379 ], [ 82.619390140705065, 27.702714519117361 ], [ 82.617461764977548, 27.703187144689856 ], [ 82.615854078318236, 27.703606457017699 ], [ 82.613732452445774, 27.704151519445936 ], [ 82.612961328265342, 27.704315269205864 ], [ 82.611803702435239, 27.704624019488836 ], [ 82.611032640304288, 27.704787769774931 ], [ 82.607432452791116, 27.705676581928742 ], [ 82.606982389928348, 27.705784831881704 ], [ 82.606472889858495, 27.705608269297173 ], [ 82.605305514999969, 27.705212956914608 ], [ 82.605029764928858, 27.705095144839568 ], [ 82.602290952410755, 27.704183144175555 ], [ 82.602036952630812, 27.704047456625904 ], [ 82.600450702777252, 27.701815957322154 ], [ 82.600262077822308, 27.701602019837257 ], [ 82.599385265719505, 27.700390644717004 ], [ 82.59562314003729, 27.69675858205045 ], [ 82.594770202725542, 27.696709332151929 ], [ 82.593106078155884, 27.696690207069288 ], [ 82.586867577731937, 27.69842701952679 ], [ 82.586613390227228, 27.698309332125909 ], [ 82.585912827347471, 27.698090144810436 ], [ 82.585465827967568, 27.698008832092221 ], [ 82.584022952616593, 27.697515832072387 ], [ 82.583333389935575, 27.697301206942747 ], [ 82.583258639936815, 27.69727789500056 ], [ 82.578677390045854, 27.695687769211442 ], [ 82.576957827695253, 27.695205395001164 ], [ 82.575620265598104, 27.69482614416296 ], [ 82.575047014993359, 27.694664582461566 ], [ 82.573582077489732, 27.694243394127618 ], [ 82.572562952416703, 27.693962144232906 ], [ 82.568294640628508, 27.692814894437976 ], [ 82.565238327704208, 27.691955269742142 ], [ 82.563836765361742, 27.691611394153977 ], [ 82.563391765191994, 27.691433019574074 ], [ 82.56250282777242, 27.691040207381551 ], [ 82.56091576548647, 27.690295081811701 ], [ 82.560089890001194, 27.689959394309387 ], [ 82.558312202651507, 27.689133207157365 ], [ 82.55647038991404, 27.688326644804803 ], [ 82.55615076522318, 27.688323331995836 ], [ 82.555766078225702, 27.688375707121043 ], [ 82.554486015000919, 27.688434581785341 ], [ 82.553909139781013, 27.688503081654019 ], [ 82.552244390171708, 27.688614206881354 ], [ 82.551923702830734, 27.688667269122494 ], [ 82.551412140419458, 27.688659644404382 ], [ 82.545428953063848, 27.686902644722636 ], [ 82.544859140538847, 27.686531144737366 ], [ 82.543084327384179, 27.685553707027189 ], [ 82.542869327767946, 27.685666519208318 ], [ 82.541666577289249, 27.68672320709069 ], [ 82.540858827739413, 27.687432082428426 ], [ 82.540666577615994, 27.687468456613963 ], [ 82.539646702807588, 27.687360707462727 ], [ 82.537353828082644, 27.6869867699465 ], [ 82.535696890211142, 27.686775269890518 ], [ 82.534295827537036, 27.68654839451888 ], [ 82.532893452437165, 27.686395894644981 ], [ 82.531996140670415, 27.686593957273733 ], [ 82.530392514883644, 27.687012331878968 ], [ 82.52936382767767, 27.687439144450956 ], [ 82.52919214039656, 27.687532082263484 ], [ 82.528784702929329, 27.687699206730443 ], [ 82.527121140124223, 27.687886832173493 ], [ 82.525969577921373, 27.688025706620149 ], [ 82.525456765301499, 27.688133082216641 ], [ 82.524044015135914, 27.688612081758126 ], [ 82.523252015465232, 27.688867581926196 ], [ 82.519915452909359, 27.689817831946328 ], [ 82.518375764729086, 27.690236831721784 ], [ 82.518184203225005, 27.690252832249357 ], [ 82.517930764957512, 27.690135019200014 ], [ 82.51678895268374, 27.689737019757157 ], [ 82.515709702776405, 27.689398332178193 ], [ 82.514250765141512, 27.688881894217715 ], [ 82.513616327351968, 27.688663019537106 ], [ 82.512092890372372, 27.688184144722708 ], [ 82.508096014723662, 27.686810081838956 ], [ 82.507842077985316, 27.686730644846744 ], [ 82.507693703123735, 27.686690707263065 ], [ 82.507376577902761, 27.686572207207334 ], [ 82.504267889901982, 27.685516706701353 ], [ 82.502998514786967, 27.685117206654937 ], [ 82.50223726541175, 27.684838206678481 ], [ 82.501155202504648, 27.684688956884415 ], [ 82.500024702317276, 27.684491707390215 ], [ 82.499917640465682, 27.684492331980056 ], [ 82.499597639950181, 27.68448901930525 ], [ 82.498893828162252, 27.684406394984951 ], [ 82.497293765498654, 27.684297394203856 ], [ 82.496910265491906, 27.684236082495357 ], [ 82.494414764793888, 27.684021644178035 ], [ 82.494014327497695, 27.683558957420416 ], [ 82.493404515437234, 27.682789457370358 ], [ 82.493215577334908, 27.682500456940467 ], [ 82.492984202240436, 27.682211957439687 ], [ 82.492899765046261, 27.682154206853834 ], [ 82.492121827879302, 27.681136082296685 ], [ 82.491994702314727, 27.681058519746028 ], [ 82.490715515667276, 27.680873706800519 ], [ 82.488924764758252, 27.680667394923205 ], [ 82.488413327848647, 27.68056683190478 ], [ 82.486427327955283, 27.680585894729013 ], [ 82.485936077437458, 27.680618269266041 ], [ 82.48571920229675, 27.680884519941969 ], [ 82.485674765142974, 27.681018144490231 ], [ 82.484680390353077, 27.682075581773752 ], [ 82.484594390501087, 27.682132894895954 ], [ 82.484247514799407, 27.682531457368384 ], [ 82.483840327852491, 27.68264183214967 ], [ 82.483671327889311, 27.682467644190385 ], [ 82.482717139815037, 27.681812394347251 ], [ 82.482208640135951, 27.681407207190617 ], [ 82.479283577769067, 27.67926364458739 ], [ 82.475148764728544, 27.676329769196659 ], [ 82.473610827934891, 27.676260394599353 ], [ 82.473354327206735, 27.676315019790678 ], [ 82.472648202783176, 27.676383457167365 ], [ 82.467771140623654, 27.676818707140328 ], [ 82.46732639041835, 27.676866332401833 ], [ 82.466765202772109, 27.67692414432867 ], [ 82.46265770264813, 27.677346582009985 ], [ 82.462080327666186, 27.6773775192482 ], [ 82.460411577901283, 27.677573269217429 ], [ 82.458332890084037, 27.67776670686213 ], [ 82.458165202297849, 27.677781957317251 ], [ 82.457268765418732, 27.677834269671919 ], [ 82.456435139869839, 27.67794233245171 ], [ 82.4557300146909, 27.677992581939794 ], [ 82.455601889721308, 27.678030019951869 ], [ 82.451307452406596, 27.678454082141965 ], [ 82.45066620244549, 27.678544269607652 ], [ 82.450515889758663, 27.678676707402182 ], [ 82.449807015107126, 27.679072207292666 ], [ 82.438984203079087, 27.684917706737195 ], [ 82.438662765296456, 27.685047394427556 ], [ 82.43782764037789, 27.685288394926278 ], [ 82.437505577785132, 27.685418081825539 ], [ 82.436413140037814, 27.685752019259759 ], [ 82.435577453124537, 27.686049456908307 ], [ 82.435255952379649, 27.68612276947675 ], [ 82.434742015312963, 27.686308581934547 ], [ 82.434484827589742, 27.686365394598116 ], [ 82.434163390569736, 27.686495019195501 ], [ 82.433906202826179, 27.686549581994129 ], [ 82.432620827817345, 27.686957707191649 ], [ 82.429213640302365, 27.688109644123667 ], [ 82.427062202871937, 27.689598269974141 ], [ 82.426933014769887, 27.689653769692132 ], [ 82.426351890346297, 27.690088394640384 ], [ 82.426158577819862, 27.690180644858373 ], [ 82.425943014925565, 27.690370082132603 ], [ 82.423554952343125, 27.691989707427545 ], [ 82.423102452166546, 27.692328269701868 ], [ 82.423038702585046, 27.692346956876893 ], [ 82.421424640544842, 27.693460019650523 ], [ 82.420973639999104, 27.69372183161812 ], [ 82.420521202726576, 27.694062582050229 ], [ 82.420392639810075, 27.69411808159882 ], [ 82.419359139680239, 27.694852894492264 ], [ 82.419316140395793, 27.694909707173903 ], [ 82.418972202933247, 27.695116269168331 ], [ 82.416666140379562, 27.69672814453634 ], [ 82.416196389643204, 27.697057831608852 ], [ 82.415939202951819, 27.69720939463901 ], [ 82.415358639753904, 27.697643957020297 ], [ 82.41529432720084, 27.697662644865762 ], [ 82.414799389618494, 27.698060269984413 ], [ 82.413856702518004, 27.698473769456481 ], [ 82.41244295237432, 27.699018332495399 ], [ 82.412185577618843, 27.699149582345303 ], [ 82.410644203064379, 27.699731581780267 ], [ 82.409037202127053, 27.70042701989049 ], [ 82.408009264913545, 27.700821019385561 ], [ 82.407751827985834, 27.700952206708894 ], [ 82.407559265242668, 27.701008332117596 ], [ 82.403702827915168, 27.702622206644261 ], [ 82.403552577950137, 27.702716269458861 ], [ 82.403487202927636, 27.702811644785189 ], [ 82.403164577508718, 27.703096894445043 ], [ 82.40307882783496, 27.703133894826205 ], [ 82.401335639713039, 27.704534456714924 ], [ 82.401142515080863, 27.704649269146717 ], [ 82.399850952170539, 27.705688831686761 ], [ 82.397978390438951, 27.707241957122204 ], [ 82.397914014667066, 27.707260581726338 ], [ 82.397332765581538, 27.707753769641322 ], [ 82.397203827558002, 27.707829519780731 ], [ 82.396686765185294, 27.708283707043453 ], [ 82.396623015317971, 27.708302394215956 ], [ 82.396587202789746, 27.708334332495262 ], [ 82.396257014633264, 27.708624207471477 ], [ 82.396042452448711, 27.708795582436878 ], [ 82.395978640330725, 27.708814269479639 ], [ 82.394883203100704, 27.709687144187793 ], [ 82.394216077305927, 27.710352644332399 ], [ 82.394172702927904, 27.710427519746066 ], [ 82.393785327224506, 27.710769831810232 ], [ 82.392946327587453, 27.711624332236024 ], [ 82.391978077743445, 27.712536456708659 ], [ 82.3917845151541, 27.712764019698877 ], [ 82.389912640136572, 27.714587706722199 ], [ 82.389029890226695, 27.715501269791595 ], [ 82.387502264629262, 27.716980769924177 ], [ 82.387136452477208, 27.717381519990862 ], [ 82.386189702191615, 27.718293457315124 ], [ 82.384790452839979, 27.719717457191887 ], [ 82.384575640093075, 27.719868520008987 ], [ 82.384274577140815, 27.720173832236895 ], [ 82.384080327505444, 27.720401394233747 ], [ 82.383734452788019, 27.720914770021338 ], [ 82.382522889912408, 27.722801645010101 ], [ 82.381658327383278, 27.724057894539154 ], [ 82.381463015339563, 27.724400519990279 ], [ 82.380554828059914, 27.725772269754195 ], [ 82.380296140183077, 27.726115519499533 ], [ 82.379949640517921, 27.726687519699567 ], [ 82.379690264762445, 27.727028519491551 ], [ 82.378738514862988, 27.728515706838117 ], [ 82.375710764598054, 27.733028706723385 ], [ 82.375104889754269, 27.734000332294769 ], [ 82.375000327562887, 27.733951706911071 ], [ 82.374882327433255, 27.733896457181274 ], [ 82.37330839042643, 27.736323894584579 ], [ 82.373179078064624, 27.7364763322073 ], [ 82.372637327668031, 27.737307394148193 ], [ 82.372355952472219, 27.737666644200662 ], [ 82.372182202580319, 27.737968457266891 ], [ 82.371662702202215, 27.738704581759734 ], [ 82.371337202239573, 27.739233456760655 ], [ 82.371207827762476, 27.739385894264498 ], [ 82.370644014922547, 27.74027364415608 ], [ 82.370558077896391, 27.740348894838103 ], [ 82.370535577945546, 27.740425832180545 ], [ 82.369821202888588, 27.741445894983055 ], [ 82.369343639856055, 27.742240269889223 ], [ 82.369235202197984, 27.742390269381747 ], [ 82.369085139947529, 27.742504519610925 ], [ 82.367371828033882, 27.743189269408298 ], [ 82.366858514932289, 27.743354519607045 ], [ 82.365401639767555, 27.743966769713769 ], [ 82.363432202743439, 27.744708144263821 ], [ 82.361033515553999, 27.745692894162655 ], [ 82.36026257741517, 27.745989269614181 ], [ 82.359984452350361, 27.746061894271136 ], [ 82.359919889559464, 27.746118956897437 ], [ 82.359062890478214, 27.746490644236989 ], [ 82.358292890352317, 27.746766644893043 ], [ 82.353238639614361, 27.748808332080912 ], [ 82.350412202087483, 27.749882769880518 ], [ 82.350124514846172, 27.750000644528928 ], [ 82.347413264610594, 27.751110082046953 ], [ 82.345872077199843, 27.751684519532319 ], [ 82.342959202697315, 27.752854394429132 ], [ 82.342531140320261, 27.753000707537204 ], [ 82.342359139915999, 27.753094894408665 ], [ 82.340646015418741, 27.753763519506798 ], [ 82.338504390213132, 27.754655082256214 ], [ 82.337173390053735, 27.755423769822933 ], [ 82.336916702178328, 27.755534519933882 ], [ 82.334363827904369, 27.756919644652584 ], [ 82.333934639945809, 27.757181019877937 ], [ 82.333848639584474, 27.757199831833759 ], [ 82.333333389878177, 27.757480082131629 ], [ 82.331789577922436, 27.758322956726083 ], [ 82.331359702831946, 27.758584332386107 ], [ 82.331274327866851, 27.758603144820466 ], [ 82.330845077327041, 27.758864456851811 ], [ 82.32998738978857, 27.75929458209626 ], [ 82.329472327694575, 27.759595082018091 ], [ 82.329386952648576, 27.759611769996866 ], [ 82.328785764531375, 27.759969457470927 ], [ 82.326147264781639, 27.761371019895915 ], [ 82.324431014937062, 27.762326020063348 ], [ 82.324173640160211, 27.762439019202123 ], [ 82.322800015023205, 27.763205707235809 ], [ 82.322199952099396, 27.763504706998447 ], [ 82.320504577266405, 27.764461706794894 ], [ 82.319045889592047, 27.765229207150075 ], [ 82.317028827466302, 27.766333582112583 ], [ 82.315784952854827, 27.766988457082721 ], [ 82.313467014858446, 27.768282894344498 ], [ 82.313210264654629, 27.768393644642735 ], [ 82.312694515025981, 27.768694082130988 ], [ 82.31260913950176, 27.7687129575353 ], [ 82.309991389638512, 27.770136582525403 ], [ 82.305806702977719, 27.772461582125949 ], [ 82.304601889725404, 27.773422831776159 ], [ 82.30359170228094, 27.774118206801131 ], [ 82.303074765034268, 27.774533645071852 ], [ 82.302752952738601, 27.774721706994693 ], [ 82.302537702927069, 27.77491101929661 ], [ 82.302280077897848, 27.775060082021419 ], [ 82.302064827561892, 27.77524933216359 ], [ 82.301505577460205, 27.775626894210468 ], [ 82.301140077953065, 27.775928144616561 ], [ 82.300990015408729, 27.776001707318784 ], [ 82.300473452836201, 27.776399144199114 ], [ 82.300065015264423, 27.776662519773922 ], [ 82.299849764972038, 27.776851707545127 ], [ 82.299764327829138, 27.776868332517285 ], [ 82.29916176512296, 27.777341019468345 ], [ 82.298388014914977, 27.777867207488367 ], [ 82.297269640431338, 27.778696644341686 ], [ 82.297098264621013, 27.778790769755428 ], [ 82.294667702284855, 27.780580082123137 ], [ 82.294496327413441, 27.780674206834025 ], [ 82.292539452307906, 27.782089019870323 ], [ 82.291666202162332, 27.782735707058556 ], [ 82.290151702531702, 27.78385983237451 ], [ 82.288797764707923, 27.784783956700483 ], [ 82.28712007756728, 27.786008832128225 ], [ 82.28669026471664, 27.786292582315522 ], [ 82.286259827062707, 27.786630519922575 ], [ 82.282711827759783, 27.789158769452435 ], [ 82.28058195284197, 27.790723956896805 ], [ 82.280410577505421, 27.790818082025229 ], [ 82.279271827569772, 27.791665644274545 ], [ 82.277979077158321, 27.792629645019801 ], [ 82.277829015069102, 27.792705520003608 ], [ 82.277355452536767, 27.793102457328541 ], [ 82.276796639915915, 27.793479894636505 ], [ 82.276581265210211, 27.79366683193566 ], [ 82.276495201974939, 27.793685707109798 ], [ 82.276430764561269, 27.793763019647137 ], [ 82.275807264674384, 27.794195144900964 ], [ 82.275290077818099, 27.794610582089721 ], [ 82.275118702017465, 27.794704644299472 ], [ 82.27483876519068, 27.794950894476077 ], [ 82.274516389860025, 27.795159144249148 ], [ 82.273396827267646, 27.796026832342857 ], [ 82.273225389792046, 27.796120894896116 ], [ 82.271503889549763, 27.797425020009122 ], [ 82.271438827419104, 27.797500019403348 ], [ 82.271267390054206, 27.797594144344568 ], [ 82.270836452036747, 27.797954582537123 ], [ 82.268211889991008, 27.799880645011381 ], [ 82.268126076970518, 27.79991745725442 ], [ 82.267545264631821, 27.800371770065372 ], [ 82.267459390153178, 27.800408644264049 ], [ 82.266942827939957, 27.800824019565933 ], [ 82.266770764505125, 27.800918019737193 ], [ 82.264360639480586, 27.802751769664912 ], [ 82.264123890033275, 27.802902831932908 ], [ 82.264059452748612, 27.802977957189484 ], [ 82.263607514739121, 27.80327989469917 ], [ 82.263241827589155, 27.803583269956221 ], [ 82.262467264931018, 27.804129582328379 ], [ 82.262402202378084, 27.804206894253145 ], [ 82.262144514729457, 27.804358144230491 ], [ 82.261133452271494, 27.805132207556294 ], [ 82.261047577019184, 27.805169082048533 ], [ 82.26098251483748, 27.805246395049139 ], [ 82.260358952002207, 27.805680769308218 ], [ 82.259992765019135, 27.806002207275412 ], [ 82.259906764576101, 27.806021019211663 ], [ 82.258508577543168, 27.807060332353078 ], [ 82.258422701943644, 27.807097206923064 ], [ 82.255946452413269, 27.809046457389105 ], [ 82.255861202603413, 27.80908333186235 ], [ 82.255796139862014, 27.809158394460244 ], [ 82.255409015441984, 27.809423582188916 ], [ 82.255279264811492, 27.809555644205439 ], [ 82.254677140133126, 27.809989770083426 ], [ 82.254162389953024, 27.810235831998924 ], [ 82.253474764788479, 27.810630081779834 ], [ 82.252702202833603, 27.811025207597762 ], [ 82.251758765167622, 27.811457894231491 ], [ 82.250814327201056, 27.811965082321418 ], [ 82.25072888998983, 27.811983894546181 ], [ 82.250127577205916, 27.812323269396799 ], [ 82.25000063999633, 27.812434957312107 ], [ 82.249934077671597, 27.812491957598265 ], [ 82.249959264602055, 27.812530081810266 ], [ 82.249964952884895, 27.812584207157251 ], [ 82.249441515027968, 27.81285514499498 ], [ 82.24848620273653, 27.813247332471946 ], [ 82.244572640171782, 27.815024394329345 ], [ 82.241700140069867, 27.816370082011133 ], [ 82.240657827211521, 27.81681714507026 ], [ 82.238916202855975, 27.817644956720347 ], [ 82.23804757727352, 27.81802051984624 ], [ 82.235870639524904, 27.819064269720002 ], [ 82.233435452435003, 27.820157707045304 ], [ 82.232695265351666, 27.820516269939304 ], [ 82.232501077472719, 27.820567644457142 ], [ 82.232391514629867, 27.820640832331797 ], [ 82.23205551526911, 27.821052207414748 ], [ 82.231456702357619, 27.821626081963903 ], [ 82.229853015253738, 27.823334707220706 ], [ 82.228966202695332, 27.82418414478731 ], [ 82.223944202249484, 27.8292463944735 ], [ 82.221679827747565, 27.831468457419671 ], [ 82.22159226520597, 27.831523332569098 ], [ 82.221079890194289, 27.832062581838819 ], [ 82.220992327877781, 27.832117519742155 ], [ 82.220480202424582, 27.832674832421393 ], [ 82.219809890172016, 27.833332769448873 ], [ 82.218860952406871, 27.834266145008318 ], [ 82.217773327018193, 27.835397019447132 ], [ 82.217552702890302, 27.835581707099909 ], [ 82.217240702146142, 27.835934207510448 ], [ 82.216953577361281, 27.836193894769455 ], [ 82.214446889876712, 27.838731582426689 ], [ 82.214359889638928, 27.838784269961188 ], [ 82.213205764603018, 27.839992394657564 ], [ 82.212985139508419, 27.84017708242359 ], [ 82.212474139988245, 27.840734332491266 ], [ 82.210434327029361, 27.842812082607121 ], [ 82.210172139805877, 27.842976831964911 ], [ 82.208438827586761, 27.843632770033064 ], [ 82.208333202018423, 27.843667519931934 ], [ 82.205667765193226, 27.844561706864194 ], [ 82.202894327581305, 27.845565081972968 ], [ 82.20124870206503, 27.846125394811121 ], [ 82.200814702634247, 27.846302894402903 ], [ 82.200555265348726, 27.846372831831815 ], [ 82.200121264878319, 27.846550331855475 ], [ 82.199861827219195, 27.846618019371721 ], [ 82.199427827748281, 27.846795519854172 ], [ 82.199255577631959, 27.846828581825328 ], [ 82.198821577412559, 27.84700608212631 ], [ 82.198562139974243, 27.847073769837049 ], [ 82.198128139754274, 27.847251269681372 ], [ 82.195789014757707, 27.848058956862857 ], [ 82.194596577367534, 27.848518207076147 ], [ 82.194161515030558, 27.848716019983677 ], [ 82.191993014752228, 27.849526706814686 ], [ 82.19112495193599, 27.849881645135806 ], [ 82.191036952232309, 27.849956832065502 ], [ 82.19008357768881, 27.850289957550423 ], [ 82.189648514549916, 27.850485457447924 ], [ 82.188174452425002, 27.851032894696729 ], [ 82.187132702501941, 27.851459207197092 ], [ 82.186612952598651, 27.851635144546531 ], [ 82.185744202677483, 27.851990081975909 ], [ 82.182356515118627, 27.853266832283666 ], [ 82.180356639494349, 27.854071332261004 ], [ 82.178966640313661, 27.854584082102175 ], [ 82.177983140329616, 27.855129457290293 ], [ 82.177547889580595, 27.855309082206272 ], [ 82.176870702692227, 27.855671394730244 ], [ 82.175737202666156, 27.856193207006399 ], [ 82.173991390257143, 27.857078957128266 ], [ 82.173206952571917, 27.85743983259507 ], [ 82.170696014636434, 27.858724582272909 ], [ 82.170609952097763, 27.858741082573236 ], [ 82.169824077616937, 27.859138082259378 ], [ 82.16947395259939, 27.859337332655347 ], [ 82.169213015055362, 27.859445582282689 ], [ 82.166666639610369, 27.860737394535164 ], [ 82.164937014639023, 27.861616082467076 ], [ 82.164676640334491, 27.861722082083904 ], [ 82.164152327009262, 27.862013019796926 ], [ 82.164066202145364, 27.86202951955952 ], [ 82.163019702284913, 27.862573082067179 ], [ 82.162061702838315, 27.863023332252951 ], [ 82.1606660776052, 27.863745769382319 ], [ 82.160164076981744, 27.864038832138419 ], [ 82.160077202714817, 27.864055331959751 ], [ 82.159031764986182, 27.864578520050639 ], [ 82.158684202379561, 27.864721332453485 ], [ 82.156330515266887, 27.865896206965957 ], [ 82.155896765217989, 27.866055519448732 ], [ 82.155813202695469, 27.866013395139184 ], [ 82.15577257729899, 27.865955019882382 ], [ 82.155161202251847, 27.864563582139322 ], [ 82.154880826920717, 27.864038019944754 ], [ 82.154447014730991, 27.863051207001075 ], [ 82.154306139516947, 27.862817770141227 ], [ 82.153852764803915, 27.861774706981084 ], [ 82.153651639493773, 27.861424394874685 ], [ 82.152762514524554, 27.859450957412367 ], [ 82.152501827416614, 27.858983832086267 ], [ 82.152028951871742, 27.857900332011805 ], [ 82.151905202776575, 27.857781769360901 ], [ 82.15149857756829, 27.857789707458824 ], [ 82.150296827777197, 27.857887707264968 ], [ 82.149950764953417, 27.857992082127993 ], [ 82.146160077097377, 27.858725332361974 ], [ 82.141329952441339, 27.859787394449391 ], [ 82.140658327292286, 27.860016332305701 ], [ 82.139621639671262, 27.86029339488508 ], [ 82.139187952300276, 27.860452644803228 ], [ 82.139015639958046, 27.860485644519564 ], [ 82.138668076959817, 27.860628332032451 ], [ 82.137630201967681, 27.860921207474586 ], [ 82.134513389428406, 27.861899019997598 ], [ 82.13269313964976, 27.862514082161049 ], [ 82.131135452283161, 27.862984894390099 ], [ 82.128882452194659, 27.863738831768458 ], [ 82.127930764613751, 27.864015144544862 ], [ 82.12524551522975, 27.8648921450575 ], [ 82.125206389487801, 27.86497595736461 ], [ 82.125264326904968, 27.865174019904146 ], [ 82.125000202691652, 27.865293456858442 ], [ 82.124122139528779, 27.865693206757392 ], [ 82.118022702107524, 27.874607269489662 ], [ 82.117760140279657, 27.87499970755168 ], [ 82.11630663955178, 27.877177394991946 ], [ 82.116112389464035, 27.877424894754483 ], [ 82.115939202186439, 27.877552644699957 ], [ 82.10913038995497, 27.881905582277973 ], [ 82.107303639264813, 27.883048332365469 ], [ 82.102797077654799, 27.885992644650628 ], [ 82.095361890104897, 27.8926060824835 ], [ 82.093292576846608, 27.894526707577239 ], [ 82.091978327586432, 27.899272769571496 ], [ 82.089671327247856, 27.901644269663631 ], [ 82.083333201823166, 27.908047644820357 ], [ 82.082975514428981, 27.908409144394234 ], [ 82.082443389491232, 27.908977394833158 ], [ 82.077029640046007, 27.916668206814698 ], [ 82.076198014892356, 27.917847957204277 ], [ 82.075817201817202, 27.918315707620462 ], [ 82.075375139767331, 27.919009519693972 ], [ 82.072933326845686, 27.922469206915277 ], [ 82.072849827410622, 27.92250595708229 ], [ 82.069235389897045, 27.922139269371041 ], [ 82.069165202056084, 27.92210595703671 ], [ 82.068779264293596, 27.92205701973678 ], [ 82.06455032704973, 27.921593457420055 ], [ 82.064384514410506, 27.921583457592522 ], [ 82.064179514807265, 27.921657207140676 ], [ 82.062644264953803, 27.92188339482534 ], [ 82.062556827335257, 27.921902207562123 ], [ 82.062418701943528, 27.921934769451081 ], [ 82.046992140167376, 27.924363206982278 ], [ 82.041666264400746, 27.924527707309188 ], [ 82.027423952307458, 27.924964082416256 ], [ 82.004614515011298, 27.927668332522234 ], [ 81.999999765061247, 27.928193707653886 ], [ 81.999446951771461, 27.928364706838103 ], [ 81.998027202278664, 27.928541957501601 ], [ 81.993062014718376, 27.929085519749933 ], [ 81.991975076809055, 27.928989519586338 ], [ 81.991846390111562, 27.929004020149279 ], [ 81.989605264361472, 27.928884769392383 ], [ 81.988902264284945, 27.928822144392139 ], [ 81.986082826782066, 27.928720519395565 ], [ 81.985123139668389, 27.928648394621121 ], [ 81.983969014760063, 27.928625082054328 ], [ 81.983778702300086, 27.928581332605461 ], [ 81.979615202016845, 27.928392145057803 ], [ 81.978649327435832, 27.928471207035816 ], [ 81.977300639744513, 27.928498832046397 ], [ 81.975498640058035, 27.928606332244822 ], [ 81.973699827514622, 27.928655207510396 ], [ 81.970098514638309, 27.928829520170801 ], [ 81.969972890077273, 27.928769457505673 ], [ 81.969521202455155, 27.928332707533041 ], [ 81.969396639218814, 27.928252332663948 ], [ 81.96834876455442, 27.927262457389801 ], [ 81.965818076854944, 27.924981145144798 ], [ 81.965755014632776, 27.924959082240662 ], [ 81.965261952223216, 27.924502269398463 ], [ 81.964951139465683, 27.924263019320037 ], [ 81.963963952101224, 27.923369707295269 ], [ 81.963819389802381, 27.923251144463983 ], [ 81.963593890048259, 27.92303383227495 ], [ 81.963480326841037, 27.922684956857101 ], [ 81.963211889573884, 27.921989645187001 ], [ 81.962891827165407, 27.920985581856442 ], [ 81.962583951686184, 27.920211645157647 ], [ 81.961768952304283, 27.917818957390669 ], [ 81.96142170238663, 27.916968519898713 ], [ 81.961322451861278, 27.916664644407398 ], [ 81.961195202198311, 27.916275206921178 ], [ 81.960946077443765, 27.916112207556914 ], [ 81.958816202388931, 27.914452956965807 ], [ 81.95850395214687, 27.914252082223403 ], [ 81.958333202138022, 27.914120144662729 ], [ 81.957018077339072, 27.913107207493656 ], [ 81.95596313994416, 27.912363206995217 ], [ 81.954910889678544, 27.911560519688457 ], [ 81.95453726433243, 27.911317207111313 ], [ 81.953113014509668, 27.910232832052099 ], [ 81.952820889607565, 27.910088144734836 ], [ 81.952291014976794, 27.909038207526219 ], [ 81.952137764251262, 27.908651144373763 ], [ 81.951455139470568, 27.907196082205523 ], [ 81.951101264194833, 27.906514894861346 ], [ 81.950869202010466, 27.905972769933161 ], [ 81.949618577387454, 27.903389019400919 ], [ 81.949516139661938, 27.90329045697149 ], [ 81.949310764552294, 27.90310908194045 ], [ 81.947721889676728, 27.901409832139972 ], [ 81.947455076668334, 27.901170207015536 ], [ 81.947232952585139, 27.900896519509825 ], [ 81.946291701813195, 27.899982395071195 ], [ 81.945946639502168, 27.899587644976037 ], [ 81.944393077547247, 27.898061832336005 ], [ 81.940862827136598, 27.894455706794293 ], [ 81.940596077480606, 27.89421833223463 ], [ 81.940556639165479, 27.894139707110163 ], [ 81.940066265031476, 27.893662456862845 ], [ 81.939982702193603, 27.893622394571235 ], [ 81.939943139883823, 27.891619145039275 ], [ 81.939943514354312, 27.888719894412059 ], [ 81.939899514707776, 27.888259957200518 ], [ 81.939919764956898, 27.887804020046548 ], [ 81.939425014821992, 27.887421582375527 ], [ 81.936812576988302, 27.885720145158121 ], [ 81.93538095183159, 27.884827332464063 ], [ 81.931900014783835, 27.882522519487956 ], [ 81.931638639254544, 27.88216776937206 ], [ 81.931220764163939, 27.88148470740806 ], [ 81.931039764622923, 27.88124901985902 ], [ 81.930861265017924, 27.880936581876721 ], [ 81.930639701826877, 27.880642519739311 ], [ 81.930621889431492, 27.880565957181812 ], [ 81.929880764633552, 27.879487956991504 ], [ 81.929542201649966, 27.878941957204869 ], [ 81.929420390052414, 27.878802894926672 ], [ 81.929402576708881, 27.878726332224566 ], [ 81.929260326927817, 27.878569332358317 ], [ 81.928883014372673, 27.87794464491888 ], [ 81.92863988935872, 27.877648456879857 ], [ 81.928301952153177, 27.877102457469146 ], [ 81.92795863942527, 27.876669331838841 ], [ 81.927719826690478, 27.876278332488866 ], [ 81.927277326966674, 27.875672144754638 ], [ 81.927099389689673, 27.875359707297545 ], [ 81.92713582672036, 27.875016519973482 ], [ 81.92714395234637, 27.875000644757936 ], [ 81.927298139250397, 27.87469045761636 ], [ 81.927343764298328, 27.874536769718244 ], [ 81.927503076768133, 27.874082207232128 ], [ 81.927552014778982, 27.873795332514675 ], [ 81.92766582665422, 27.873453894544749 ], [ 81.927715702210975, 27.873110582298526 ], [ 81.927774014640306, 27.871393207485983 ], [ 81.927873514100156, 27.869731957252508 ], [ 81.927898014706656, 27.868587894432999 ], [ 81.927956452524171, 27.867842956988689 ], [ 81.927923951840597, 27.867382894822839 ], [ 81.927911014149828, 27.866981332132408 ], [ 81.927963702000696, 27.864519457198142 ], [ 81.927983139231173, 27.86360102004295 ], [ 81.927985514841254, 27.863506207077865 ], [ 81.928038889880881, 27.860010957128431 ], [ 81.928025014646209, 27.859647769887587 ], [ 81.92728495250671, 27.859348207405244 ], [ 81.926691827133908, 27.85916714496603 ], [ 81.925418077328743, 27.858875644610908 ], [ 81.924737452057911, 27.858769644818182 ], [ 81.924483014594614, 27.85870820743558 ], [ 81.924059577023456, 27.858546269786018 ], [ 81.9229561397933, 27.858278395038017 ], [ 81.922106327512637, 27.858130645002049 ], [ 81.921512327007193, 27.857985707119596 ], [ 81.921258139548598, 27.857885895031796 ], [ 81.920833576839414, 27.857803020074144 ], [ 81.919646764368778, 27.857438582632366 ], [ 81.919477889536239, 27.857358519273209 ], [ 81.919183514862041, 27.857143895081897 ], [ 81.918930514646647, 27.857023769582973 ], [ 81.918166576716914, 27.856819019501174 ], [ 81.917911202552816, 27.856795894466771 ], [ 81.916739140002946, 27.856738269861854 ], [ 81.91666657751523, 27.856718394774699 ], [ 81.916654514180323, 27.856716270045979 ], [ 81.916056451961182, 27.856688644604532 ], [ 81.915715702410751, 27.856625457646853 ], [ 81.915206640040523, 27.856464144654709 ], [ 81.915120890017917, 27.856462456779035 ], [ 81.914866827375491, 27.856362581897081 ], [ 81.914015951626993, 27.856158394866529 ], [ 81.913079514217188, 27.855972831826076 ], [ 81.912568014155156, 27.855906269252063 ], [ 81.91146307728296, 27.85560220720475 ], [ 81.910527077165227, 27.855396269661519 ], [ 81.91010307742475, 27.855236644749276 ], [ 81.909507827498686, 27.855093894701938 ], [ 81.909080952041023, 27.855049332518956 ], [ 81.908823576581057, 27.85508264425912 ], [ 81.907882577201022, 27.855106895085175 ], [ 81.907455826886547, 27.855080331854296 ], [ 81.907029889926491, 27.854997394293054 ], [ 81.906690139095801, 27.854895832603521 ], [ 81.905503326563704, 27.854436582495623 ], [ 81.90442582679897, 27.853848019555958 ], [ 81.904171764662209, 27.853748144486886 ], [ 81.904003264316728, 27.853629706868649 ], [ 81.90306507675038, 27.853538831755909 ], [ 81.902637264278255, 27.85353258193356 ], [ 81.901950577364616, 27.853674707009851 ], [ 81.90143663944562, 27.853702832442835 ], [ 81.901005326721702, 27.853888457490886 ], [ 81.900506576602723, 27.854205331948783 ], [ 81.899988764998099, 27.854445644956652 ], [ 81.89979307689147, 27.854575519906266 ], [ 81.89968520196507, 27.854650644414647 ], [ 81.899082451549901, 27.854830581952303 ], [ 81.897879951827917, 27.855079831851334 ], [ 81.897471139267751, 27.855226894477461 ], [ 81.897041077544756, 27.855333456865768 ], [ 81.896268077200702, 27.855494207294711 ], [ 81.894720326594836, 27.855908082468556 ], [ 81.894032889247569, 27.856050206984101 ], [ 81.893604702424611, 27.856080019890783 ], [ 81.893003452200631, 27.856203520104934 ], [ 81.892404514361303, 27.856232207250308 ], [ 81.891804201828947, 27.856317332490153 ], [ 81.891376514615729, 27.85632908182458 ], [ 81.889747326588363, 27.856567519414426 ], [ 81.888977514107637, 27.856574706861107 ], [ 81.888034701959199, 27.856691332198793 ], [ 81.88734688908923, 27.856869520132147 ], [ 81.88682807749197, 27.857148081927278 ], [ 81.886740452437195, 27.857223144316858 ], [ 81.886047202076341, 27.857669832004166 ], [ 81.885916139412402, 27.857783457225242 ], [ 81.884784452000176, 27.858720270067078 ], [ 81.884391014024288, 27.859113082587971 ], [ 81.884302076535775, 27.85926489446927 ], [ 81.883667326717642, 27.859961645003072 ], [ 81.883337014728809, 27.860396957287222 ], [ 81.882813014072752, 27.860903457014206 ], [ 81.88208263987643, 27.862020456844888 ], [ 81.8819072645679, 27.862226894574068 ], [ 81.881664014687587, 27.862605269983941 ], [ 81.881357201991193, 27.862963707315185 ], [ 81.880882764283641, 27.864103894855873 ], [ 81.880441076796643, 27.864745207507877 ], [ 81.879980264479173, 27.86529189439857 ], [ 81.879872202230743, 27.865349020128455 ], [ 81.879826889961677, 27.865480144865238 ], [ 81.879478827508009, 27.865762144463869 ], [ 81.879258764233597, 27.866025269939673 ], [ 81.878800764653832, 27.866456894889591 ], [ 81.878212514928194, 27.8669457692768 ], [ 81.877796576728798, 27.867397394781211 ], [ 81.877710576597295, 27.867434019858464 ], [ 81.87712245194173, 27.867940894691809 ], [ 81.877035764645015, 27.867977581817261 ], [ 81.876643639574553, 27.868314019306389 ], [ 81.876297014098483, 27.868537332491854 ], [ 81.87607888918582, 27.86872595762329 ], [ 81.875446701576607, 27.869287270029577 ], [ 81.875000326591262, 27.869581144515319 ], [ 81.873287889837229, 27.87070658245382 ], [ 81.871013139823916, 27.872325207610363 ], [ 81.869774139241954, 27.873368644405723 ], [ 81.869604514922543, 27.873507332514009 ], [ 81.868816827309487, 27.874155332231272 ], [ 81.867885764185758, 27.874817769655092 ], [ 81.86756476420608, 27.875000269666906 ], [ 81.866728764143645, 27.875479394283914 ], [ 81.865373888994867, 27.87616926998027 ], [ 81.864555452461687, 27.876627894586456 ], [ 81.863651577175943, 27.877037456803844 ], [ 81.863172014727908, 27.877317957172412 ], [ 81.862421014173719, 27.877796457186808 ], [ 81.861930889711218, 27.878108581984076 ], [ 81.861028764897213, 27.878743769539547 ], [ 81.860379327007351, 27.879075019351504 ], [ 81.858799764793261, 27.880170082368203 ], [ 81.857163763997079, 27.881213644637725 ], [ 81.856122076538412, 27.882104582155016 ], [ 81.855362451795315, 27.882788457423281 ], [ 81.854233577141827, 27.883501644536395 ], [ 81.851770889159297, 27.88534895757439 ], [ 81.851048264102459, 27.885892644562905 ], [ 81.849441889934965, 27.887087082169291 ], [ 81.847635889923652, 27.888183457485631 ], [ 81.847325451497056, 27.888336581774546 ], [ 81.846590326831119, 27.888668269427196 ], [ 81.845488264930211, 27.889078894990323 ], [ 81.844776764537116, 27.889441957658544 ], [ 81.844132389767353, 27.889768582092554 ], [ 81.842889951638185, 27.890356020084308 ], [ 81.841873014938315, 27.890942082034204 ], [ 81.841056577296186, 27.891603644650409 ], [ 81.839959702023464, 27.892770081813609 ], [ 81.839313264180277, 27.893505020162742 ], [ 81.839030827044155, 27.89368276958152 ], [ 81.83855220177, 27.894191019886129 ], [ 81.837340264962066, 27.895105456827398 ], [ 81.837031639946929, 27.895511206867756 ], [ 81.836555576864569, 27.896269957153624 ], [ 81.835880576644456, 27.897005081949846 ], [ 81.835430576531209, 27.897436456934496 ], [ 81.834689201789985, 27.897883207663075 ], [ 81.834583639858991, 27.897947019893614 ], [ 81.834017639206493, 27.898151269623604 ], [ 81.833333014070433, 27.898543456817642 ], [ 81.832775452057163, 27.898864957635833 ], [ 81.831672951654156, 27.899250644855584 ], [ 81.830483826710335, 27.899510520171432 ], [ 81.828645014745334, 27.899999895143175 ], [ 81.827315076676044, 27.900461457073433 ], [ 81.826892264323575, 27.900716707019125 ], [ 81.826610576866614, 27.900995895170578 ], [ 81.826247639625024, 27.901778707569985 ], [ 81.825598639775947, 27.902186519749304 ], [ 81.824946451847623, 27.902515269842503 ], [ 81.824327201658747, 27.902825832671553 ], [ 81.822998952273238, 27.903336957074583 ], [ 81.822260639194283, 27.903190207489335 ], [ 81.821183577000696, 27.903248519581101 ], [ 81.819540389529664, 27.903434269688972 ], [ 81.817642326729001, 27.903747894636471 ], [ 81.815888639195506, 27.904261456899544 ], [ 81.815435952163341, 27.904442332216522 ], [ 81.814326139791163, 27.904202956862761 ], [ 81.814186889839206, 27.904172207512598 ], [ 81.814004327208835, 27.904130456882161 ], [ 81.813447764606195, 27.904000582438105 ], [ 81.811115639293703, 27.903080269422528 ], [ 81.810463577143452, 27.903084144900603 ], [ 81.809755076797785, 27.903088269318868 ], [ 81.808961076842095, 27.903142519708101 ], [ 81.808252326973701, 27.9031218944789 ], [ 81.807202764815202, 27.90312801995281 ], [ 81.806750327402682, 27.903256957667455 ], [ 81.806555701551744, 27.90381320684352 ], [ 81.805540763966093, 27.904626895144876 ], [ 81.801143389594387, 27.908131707336857 ], [ 81.800551327148781, 27.90861345704894 ], [ 81.800439513966992, 27.908695332605436 ], [ 81.799000139245152, 27.909757394893475 ], [ 81.798916389843384, 27.909936144511725 ], [ 81.7972237023004, 27.911180082078701 ], [ 81.795306702299072, 27.912754769446405 ], [ 81.792207827012362, 27.915191332431309 ], [ 81.791666701904546, 27.915616457589344 ], [ 81.791556827147858, 27.915702769817173 ], [ 81.791078326515873, 27.916183832135488 ], [ 81.790436639780324, 27.916665832479186 ], [ 81.788708576626149, 27.917964082186579 ], [ 81.786058076615163, 27.920095582227745 ], [ 81.78431457672535, 27.921468331859518 ], [ 81.781828389249242, 27.923425144431647 ], [ 81.781347389814954, 27.923836206899704 ], [ 81.781207889117695, 27.923956582321043 ], [ 81.779374639876394, 27.925404207693013 ], [ 81.777823764168858, 27.926649457539057 ], [ 81.775877139112751, 27.928149582097543 ], [ 81.775522138950777, 27.9284245822051 ], [ 81.774212827311274, 27.929445019911192 ], [ 81.772664326924613, 27.930678832008144 ], [ 81.769672014615367, 27.932981207504969 ], [ 81.766531951762914, 27.935503207361638 ], [ 81.764062327159721, 27.937468519503373 ], [ 81.763237389799784, 27.938125207645733 ], [ 81.760228264162009, 27.940515394478759 ], [ 81.759910639545765, 27.94078795724753 ], [ 81.758898577093817, 27.941574207177997 ], [ 81.758513201932175, 27.941874207582845 ], [ 81.756734326659867, 27.943289644984695 ], [ 81.755558764721656, 27.944218894861692 ], [ 81.753859264395288, 27.945548144865292 ], [ 81.749999452106309, 27.948547582232187 ], [ 81.748897326370511, 27.949467269985977 ], [ 81.744702514401368, 27.952750331917724 ], [ 81.740508764856287, 27.956128082344748 ], [ 81.73910995214348, 27.957168957549221 ], [ 81.737623701531504, 27.958334394985922 ], [ 81.735076388877346, 27.960331269328424 ], [ 81.730801201410998, 27.963688832074837 ], [ 81.728679014503257, 27.96536295740589 ], [ 81.727008702020484, 27.966680457160788 ], [ 81.724643826674424, 27.968561082233503 ], [ 81.721119139163349, 27.971363895060151 ], [ 81.717255701700552, 27.974470644722782 ], [ 81.716466263822795, 27.975106457309373 ], [ 81.711867264802152, 27.97877426971165 ], [ 81.709035326885186, 27.98101583224582 ], [ 81.708666138866391, 27.981308770023528 ], [ 81.708332951868101, 27.981572269961752 ], [ 81.703627701711611, 27.985296707401854 ], [ 81.703509451770387, 27.985389769877326 ], [ 81.702478951549011, 27.986207270062554 ], [ 81.700165389622057, 27.988089582080864 ], [ 81.697683513906824, 27.988724894949666 ], [ 81.695119639765096, 27.989360582033868 ], [ 81.69371545164455, 27.989487269818383 ], [ 81.691564263832689, 27.98966958231679 ], [ 81.690744952258456, 27.98973914502659 ], [ 81.687045077097963, 27.990017144485254 ], [ 81.682833076977758, 27.990419456964208 ], [ 81.678916639311453, 27.990723144644992 ], [ 81.676485327004727, 27.990935894956866 ], [ 81.676456077197088, 27.990938332455094 ], [ 81.676430076959733, 27.990940707600107 ], [ 81.676375451271355, 27.990945457702619 ], [ 81.676334826739392, 27.990950207205469 ], [ 81.674001889166874, 27.991151207355689 ], [ 81.66735851463477, 27.991657394660624 ], [ 81.666666764680926, 27.991712644819579 ], [ 81.664873702000861, 27.991858957110061 ], [ 81.659364639404913, 27.992384144380427 ], [ 81.655692201503783, 27.992710770225891 ], [ 81.653099576437654, 27.992960019660764 ], [ 81.649716764533721, 27.993267144605838 ], [ 81.647293702037686, 27.993488394898897 ], [ 81.645295701425965, 27.993709894990257 ], [ 81.643814452041354, 27.994677957489522 ], [ 81.642521264007925, 27.995451144533185 ], [ 81.641871826952936, 27.996322894843658 ], [ 81.64171551452074, 27.996533457744974 ], [ 81.641096139067173, 27.997014645071353 ], [ 81.640448013837016, 27.99713726980664 ], [ 81.639017576676309, 27.99726576967964 ], [ 81.637882952019922, 27.997340957700146 ], [ 81.636535201712007, 27.998017332567848 ], [ 81.632623638826317, 28.00000058237994 ], [ 81.632252951674559, 28.000300144953531 ], [ 81.630774139474909, 28.001071832644453 ], [ 81.629815576977165, 28.001480082311872 ], [ 81.629023827116313, 28.001616832390319 ], [ 81.628599013910517, 28.001571394424264 ], [ 81.628542014364584, 28.001494957352769 ], [ 81.628280139470036, 28.001277270114137 ], [ 81.62789132673096, 28.001085019396932 ], [ 81.627570702040657, 28.001025582597844 ], [ 81.626728264702081, 28.001074519753367 ], [ 81.626173263977449, 28.001271082239015 ], [ 81.625921388725274, 28.00145276964199 ], [ 81.625469514480969, 28.002007582033965 ], [ 81.625335639092356, 28.002263144832277 ], [ 81.62500007669604, 28.002817457376569 ], [ 81.624579201315171, 28.003340582314067 ], [ 81.624262638964836, 28.003888082721296 ], [ 81.6238687014704, 28.004566644974368 ], [ 81.623042888807376, 28.005743769860839 ], [ 81.622131764176032, 28.007121957332899 ], [ 81.621077638852285, 28.008503082422429 ], [ 81.619935263979784, 28.009579957425743 ], [ 81.618905889074952, 28.010297582221227 ], [ 81.618160264716764, 28.010402456922222 ], [ 81.616785013704515, 28.010981707675828 ], [ 81.616567514349754, 28.011072957066947 ], [ 81.615317014043654, 28.011604269763936 ], [ 81.613879263961906, 28.012377832460142 ], [ 81.612253764522691, 28.013244770189182 ], [ 81.611594826976173, 28.013606457625212 ], [ 81.610976889527507, 28.013920519993658 ], [ 81.609875452112234, 28.014620395285522 ], [ 81.609264327199853, 28.015024706908029 ], [ 81.607940888863283, 28.015693831905555 ], [ 81.60663763900223, 28.016453269749128 ], [ 81.606400013820874, 28.016580645035752 ], [ 81.606100264045068, 28.016742207626258 ], [ 81.604312577190257, 28.017718019441403 ], [ 81.603968451761858, 28.017906770056328 ], [ 81.602341076248834, 28.01880064519607 ], [ 81.601853701770807, 28.019069019520114 ], [ 81.60038838898484, 28.019829019470926 ], [ 81.600078826304781, 28.019952207174001 ], [ 81.598801389196382, 28.02045870732702 ], [ 81.597080013953629, 28.02114758253941 ], [ 81.595680827172359, 28.021704206922546 ], [ 81.594430014446559, 28.022199207434845 ], [ 81.592399014021424, 28.023008957271511 ], [ 81.590220201355322, 28.023880269883602 ], [ 81.588895576449445, 28.024483832635216 ], [ 81.588471951555064, 28.024677457430929 ], [ 81.585179513777263, 28.026521394815756 ], [ 81.583333326547617, 28.027562581909553 ], [ 81.582612764636949, 28.02796726991766 ], [ 81.58015301459325, 28.02935401944849 ], [ 81.577693764489524, 28.030727207374571 ], [ 81.577226639624925, 28.030995394752967 ], [ 81.576705888971631, 28.031338269721626 ], [ 81.576538014451685, 28.031449519681612 ], [ 81.574832139645324, 28.032605144741805 ], [ 81.573180326418012, 28.03377176952441 ], [ 81.571712576249723, 28.034768394824589 ], [ 81.571390764316419, 28.034986332273164 ], [ 81.571124701249445, 28.035167957413485 ], [ 81.566732389326774, 28.038214082504023 ], [ 81.565523639020981, 28.039031332220972 ], [ 81.562500514383771, 28.041112769578096 ], [ 81.561672451328306, 28.041666706963248 ], [ 81.56100976450702, 28.042111644990651 ], [ 81.559745701520058, 28.042823019606896 ], [ 81.556331576347134, 28.044833769706056 ], [ 81.555751577128589, 28.045174457363785 ], [ 81.554543951604614, 28.045881082487906 ], [ 81.553804763766948, 28.046303707208036 ], [ 81.55172107678932, 28.047532770069683 ], [ 81.549999951889717, 28.048518895216159 ], [ 81.549113263795746, 28.049097769816203 ], [ 81.547875389513578, 28.049617145087044 ], [ 81.543570701485834, 28.051631082284452 ], [ 81.541996952076516, 28.052368332513293 ], [ 81.541666327061549, 28.052514082014493 ], [ 81.540207701284018, 28.053162832308171 ], [ 81.539514201361513, 28.053449894975742 ], [ 81.538310826233115, 28.054020894583381 ], [ 81.536682826624329, 28.05475608249634 ], [ 81.536332577114507, 28.054913145298773 ], [ 81.534274388978503, 28.055830457728391 ], [ 81.532229514413842, 28.05675895781695 ], [ 81.53064226461936, 28.057507394639426 ], [ 81.530144264498787, 28.057748519547495 ], [ 81.528112638813568, 28.058665644853988 ], [ 81.527230076828346, 28.059077394834443 ], [ 81.525758139194906, 28.059762270207834 ], [ 81.524184014129915, 28.060485769921279 ], [ 81.522314264385727, 28.061379519780786 ], [ 81.520417076646055, 28.062235145157299 ], [ 81.520290201678733, 28.062294269453353 ], [ 81.518990763755596, 28.062899332300844 ], [ 81.518250889230472, 28.063236082113551 ], [ 81.518098576782506, 28.063308832604267 ], [ 81.51568126421131, 28.064466395296499 ], [ 81.512572889610198, 28.065949144825989 ], [ 81.510406701956825, 28.06698608246079 ], [ 81.50846976426476, 28.067950020198825 ], [ 81.507204326428052, 28.068516457073297 ], [ 81.506713888736954, 28.068759707461538 ], [ 81.506572388724777, 28.068830144865821 ], [ 81.50511845173385, 28.069480832602192 ], [ 81.50392095146573, 28.070024457369009 ], [ 81.502938701469773, 28.070506395149732 ], [ 81.499999889003988, 28.071870895088278 ], [ 81.497804201757972, 28.072898707462208 ], [ 81.489888639106994, 28.076794520026297 ], [ 81.486782826486248, 28.078579019502772 ], [ 81.485016951117515, 28.079632145272988 ], [ 81.480210951204754, 28.082440082758438 ], [ 81.480184451891631, 28.08333370768899 ], [ 81.480182139069228, 28.083399144724606 ], [ 81.480231951122292, 28.089163770239722 ], [ 81.480249951213807, 28.091192144504337 ], [ 81.48070470157316, 28.097614207299333 ], [ 81.480812263826891, 28.099766332819506 ], [ 81.480918201771232, 28.101422082593537 ], [ 81.481259576749494, 28.104502957426931 ], [ 81.481436701562004, 28.107410644548334 ], [ 81.481540139367652, 28.108486582799564 ], [ 81.481579326797217, 28.109998145256547 ], [ 81.482306826478876, 28.111360644569871 ], [ 81.484192326674986, 28.114988895206448 ], [ 81.485250889337877, 28.117078957764605 ], [ 81.485846139110194, 28.118153082595899 ], [ 81.485660326825951, 28.118286895218979 ], [ 81.48274113885509, 28.120402270332146 ], [ 81.47521738862288, 28.124999832483201 ], [ 81.474855077018759, 28.125247020338424 ], [ 81.47447063857858, 28.125507832323517 ], [ 81.472862076067216, 28.125937582119253 ], [ 81.471625514536314, 28.126318582378076 ], [ 81.470476451300698, 28.126620394558604 ], [ 81.470123263868786, 28.12676145763896 ], [ 81.469470013640759, 28.127108894544129 ], [ 81.468217388814935, 28.128038269635734 ], [ 81.466806201388621, 28.129094457388273 ], [ 81.465094889090238, 28.130357082498492 ], [ 81.463490263665321, 28.131585457276735 ], [ 81.461567014084579, 28.133004332630168 ], [ 81.460585826610469, 28.13375220742175 ], [ 81.459732701082146, 28.134404894487545 ], [ 81.458577139424122, 28.135313520050783 ], [ 81.458333013765682, 28.135506145033172 ], [ 81.457809764284292, 28.135918520301463 ], [ 81.457298639424252, 28.136344394529175 ], [ 81.454846701954992, 28.138281707762776 ], [ 81.453523826295609, 28.139369082350942 ], [ 81.451742201606436, 28.140785144591963 ], [ 81.451783576682274, 28.142150144817489 ], [ 81.451808952021537, 28.143970770389906 ], [ 81.451833076972065, 28.14545989489055 ], [ 81.451877076348026, 28.147594145343767 ], [ 81.451904701121634, 28.149931582778002 ], [ 81.451925139318533, 28.150558769803634 ], [ 81.451917513794839, 28.150567769960645 ], [ 81.450851076576072, 28.151990457302883 ], [ 81.448914201539921, 28.154379520090448 ], [ 81.448192638833191, 28.155340770226807 ], [ 81.447769701597565, 28.15587464472523 ], [ 81.448267764378585, 28.156421269598088 ], [ 81.448428201979723, 28.15673439517067 ], [ 81.448839888726241, 28.157784457405175 ], [ 81.448930451873608, 28.158303082565482 ], [ 81.448932639130646, 28.15880408244745 ], [ 81.448934076522349, 28.159149207254142 ], [ 81.448743701731772, 28.160201269944725 ], [ 81.448286014017086, 28.160798395056201 ], [ 81.447668451147621, 28.161224582426144 ], [ 81.446502201339086, 28.161792457810154 ], [ 81.445944951746625, 28.162033457597456 ], [ 81.445717514369207, 28.162131144697383 ], [ 81.445441763680975, 28.162251707209062 ], [ 81.443552014203675, 28.16318289514912 ], [ 81.44247388866934, 28.163673770197892 ], [ 81.440830763567121, 28.164383019601246 ], [ 81.440053326105954, 28.164793894541585 ], [ 81.43957601424303, 28.1649849573536 ], [ 81.438462514251199, 28.165378832050067 ], [ 81.437278576035467, 28.165854269742677 ], [ 81.435936014398109, 28.166612082196174 ], [ 81.435815326684349, 28.1666665828261 ], [ 81.434858451539171, 28.167100582427061 ], [ 81.433867264443592, 28.16755952015605 ], [ 81.433250264301833, 28.167843519625734 ], [ 81.43169495136047, 28.168554645065495 ], [ 81.430793951785901, 28.168965832555426 ], [ 81.430511326934521, 28.1691223951719 ], [ 81.429998888930896, 28.169437644906502 ], [ 81.429169514478474, 28.170083269640482 ], [ 81.428304451244301, 28.170573332050363 ], [ 81.427579138564795, 28.170826082535022 ], [ 81.426535763914188, 28.171127144857003 ], [ 81.425598514276359, 28.171382832120948 ], [ 81.424643826372645, 28.17158877040524 ], [ 81.423971764205916, 28.171793957433497 ], [ 81.422910638738543, 28.172126645130767 ], [ 81.422150451424898, 28.17241101999651 ], [ 81.421355202008229, 28.172697769601392 ], [ 81.42036501380619, 28.173091144646239 ], [ 81.419675826616555, 28.173314332917656 ], [ 81.419074263542853, 28.173487769759397 ], [ 81.418101701230626, 28.173835832621855 ], [ 81.4166623263459, 28.17415614497099 ], [ 81.416598076248846, 28.174169832476966 ], [ 81.414952576935846, 28.174348582899043 ], [ 81.414191452002569, 28.174398270111961 ], [ 81.413660763521719, 28.174460769904265 ], [ 81.412441889111733, 28.174505082670731 ], [ 81.412425326850155, 28.174505207896715 ], [ 81.4112885765947, 28.174546894874322 ], [ 81.410544826313696, 28.174485957553998 ], [ 81.409931576207256, 28.174438145140371 ], [ 81.409181514433428, 28.174381769655241 ], [ 81.407445451561657, 28.174197395152859 ], [ 81.405763139087739, 28.174062519600088 ], [ 81.404612076643815, 28.174034332334202 ], [ 81.402895388924179, 28.174070957406176 ], [ 81.40199226355098, 28.174121019678914 ], [ 81.400239201537772, 28.173984019840947 ], [ 81.397884139208685, 28.173880269657531 ], [ 81.396219889386927, 28.173821957300483 ], [ 81.394218826670311, 28.17373520772523 ], [ 81.393493014096251, 28.17370570740178 ], [ 81.392877451777025, 28.173698457915176 ], [ 81.392271388573434, 28.173693457656356 ], [ 81.391722576617283, 28.173679207109299 ], [ 81.390608263748547, 28.173948645119395 ], [ 81.389245701787516, 28.174202957900707 ], [ 81.387671076336204, 28.174460145302628 ], [ 81.386715826833054, 28.174713269649466 ], [ 81.385424451186424, 28.174967332328833 ], [ 81.384133076897157, 28.175205645347077 ], [ 81.382399263625203, 28.17563464490075 ], [ 81.380682951675084, 28.175984645021042 ], [ 81.379002576567657, 28.17641358205854 ], [ 81.377322076651964, 28.176794957470268 ], [ 81.376950576434496, 28.176872707575889 ], [ 81.376907889265894, 28.176870520104291 ], [ 81.376490264088574, 28.176858144953492 ], [ 81.376347076606393, 28.176326082687215 ], [ 81.375779451953107, 28.176029769631572 ], [ 81.375363951842616, 28.175541332775584 ], [ 81.375245701898919, 28.175404019884336 ], [ 81.375244326551496, 28.17537014523732 ], [ 81.375226888948248, 28.174932519945745 ], [ 81.37547301360847, 28.174509894873648 ], [ 81.375665825983063, 28.173958832853263 ], [ 81.375911638574323, 28.173394082349176 ], [ 81.375821889276139, 28.173049144922697 ], [ 81.375307701226433, 28.17273689508967 ], [ 81.374999513603314, 28.172708457775315 ], [ 81.374706451044702, 28.172835582064565 ], [ 81.374406138900142, 28.172870269966538 ], [ 81.374270514176771, 28.172854832546658 ], [ 81.374124388482699, 28.172760457473785 ], [ 81.3740756388748, 28.172656894928775 ], [ 81.374082764020216, 28.171961832569732 ], [ 81.373849263580084, 28.171617270355465 ], [ 81.373479763769168, 28.171361082106035 ], [ 81.37249938867761, 28.170977895314916 ], [ 81.371888701615362, 28.170729144759324 ], [ 81.371569576241583, 28.170475020318992 ], [ 81.371173826388883, 28.169979707725368 ], [ 81.37074726399166, 28.16922726973916 ], [ 81.370305326827562, 28.168436519815163 ], [ 81.369862201900162, 28.167472020081107 ], [ 81.369724826435757, 28.167136207200521 ], [ 81.369260451034634, 28.166665894890397 ], [ 81.369208076848679, 28.166614144800821 ], [ 81.368903764279281, 28.166238145334525 ], [ 81.368788014208789, 28.165900019741223 ], [ 81.368766201514404, 28.165836894749742 ], [ 81.368688451923489, 28.165259519701138 ], [ 81.368868638935481, 28.164922832603917 ], [ 81.369065326710228, 28.164694457159133 ], [ 81.369411951143817, 28.164278332833302 ], [ 81.369426201085858, 28.163969207440097 ], [ 81.369303826866499, 28.163728082541883 ], [ 81.369061139098065, 28.163500894603303 ], [ 81.368816888824156, 28.16297808206221 ], [ 81.368770138705386, 28.162720957682115 ], [ 81.368905951908545, 28.162413770274142 ], [ 81.369001951084741, 28.16220364502848 ], [ 81.369041138834376, 28.162117832040856 ], [ 81.369221638803523, 28.161862395376794 ], [ 81.369554451164348, 28.161644895275671 ], [ 81.369826826897111, 28.161456894604353 ], [ 81.369977576073538, 28.16124214509416 ], [ 81.370203638550066, 28.160891769707888 ], [ 81.370475451466774, 28.160717332690243 ], [ 81.370897013628436, 28.1605965823105 ], [ 81.371565076267785, 28.160522582231405 ], [ 81.372047201780916, 28.160422020417975 ], [ 81.372656701737853, 28.160163145156243 ], [ 81.373139139351153, 28.15996101971426 ], [ 81.373286514414474, 28.159881645056803 ], [ 81.37370951383231, 28.159801520211857 ], [ 81.374329576131828, 28.159646395228066 ], [ 81.374556014454228, 28.159598395210296 ], [ 81.375000076826367, 28.159538519547453 ], [ 81.375770888580362, 28.159371707485526 ], [ 81.376149263997064, 28.159269144618051 ], [ 81.376832951143641, 28.159125082594368 ], [ 81.377619076937535, 28.158953707714037 ], [ 81.378914451002146, 28.158616207470903 ], [ 81.378986701364241, 28.158512207566183 ], [ 81.379000076422003, 28.15817595781132 ], [ 81.378910514251814, 28.157506082415313 ], [ 81.378982326691656, 28.157284770083006 ], [ 81.379721888687456, 28.156380207573154 ], [ 81.380054763590749, 28.155837770233138 ], [ 81.380155701019916, 28.155411082599574 ], [ 81.379833576114919, 28.155023894962987 ], [ 81.379512951762351, 28.154882582406049 ], [ 81.379264325974702, 28.154599020230048 ], [ 81.379277638957234, 28.154224457543553 ], [ 81.379508951258686, 28.153747707236874 ], [ 81.379711014475859, 28.153307207248137 ], [ 81.37963620147184, 28.152662144965419 ], [ 81.379343576226617, 28.152340270190802 ], [ 81.378978639264275, 28.152097582628564 ], [ 81.378598826648911, 28.151776020011873 ], [ 81.378408889294519, 28.151503520234563 ], [ 81.378407389383071, 28.151079332873099 ], [ 81.378579201811178, 28.150343332214391 ], [ 81.378577514243545, 28.149864957189095 ], [ 81.378489451144276, 28.149632832147667 ], [ 81.377905264044017, 28.149104207877873 ], [ 81.377336013893412, 28.148835019777707 ], [ 81.376927138890679, 28.148565394670861 ], [ 81.376751700994802, 28.148268020286519 ], [ 81.376750763550518, 28.147997270182504 ], [ 81.376632451754602, 28.147469644548273 ], [ 81.376471388762525, 28.147276019836003 ], [ 81.376091201123515, 28.146850644794714 ], [ 81.375914951362532, 28.1464900825131 ], [ 81.375387638585906, 28.145485269630306 ], [ 81.375196826466095, 28.14513608220923 ], [ 81.374999764440531, 28.145014770129904 ], [ 81.374599576610237, 28.144510457626474 ], [ 81.374193201862695, 28.144231770291082 ], [ 81.373768201173363, 28.143889957336967 ], [ 81.373379451669678, 28.14336983252246 ], [ 81.373470076813973, 28.142895769551199 ], [ 81.373376826674644, 28.142618520039044 ], [ 81.373080451021721, 28.142292144677093 ], [ 81.372785701081781, 28.142277145124915 ], [ 81.372379951307209, 28.142163207547799 ], [ 81.371751639216484, 28.14174070731341 ], [ 81.371235513467425, 28.141742082849902 ], [ 81.370830263477373, 28.141774770008539 ], [ 81.370590264110035, 28.141743832259067 ], [ 81.370073075971703, 28.141433957235439 ], [ 81.369612014322087, 28.141338082715141 ], [ 81.368838014074655, 28.141306332362969 ], [ 81.36843288893246, 28.141372957859218 ], [ 81.367880513534971, 28.141570645368844 ], [ 81.367530888467357, 28.141702457605142 ], [ 81.367253826309081, 28.141603895235274 ], [ 81.36644276426604, 28.141509082820132 ], [ 81.363234264326735, 28.14119045742089 ], [ 81.356689389274791, 28.140537457169742 ], [ 81.350881201689603, 28.139965895138491 ], [ 81.348393076825232, 28.139807519652397 ], [ 81.346383576740436, 28.13966595737736 ], [ 81.343931639237823, 28.139475832833106 ], [ 81.342217576054082, 28.139579395299645 ], [ 81.340467326331733, 28.139714645331118 ], [ 81.336228950959352, 28.140099644898093 ], [ 81.335619576283861, 28.139774019633997 ], [ 81.334069764177698, 28.13909183252429 ], [ 81.333333701633293, 28.138752832062007 ], [ 81.331706701287459, 28.138003270187831 ], [ 81.327129951258797, 28.135891082797034 ], [ 81.322794701157576, 28.133868457762503 ], [ 81.322497139017472, 28.133729269715761 ], [ 81.319805888987261, 28.133458019501251 ], [ 81.318208514199782, 28.135569144616721 ], [ 81.317896014320311, 28.135978270125491 ], [ 81.317217139287052, 28.136877832636372 ], [ 81.318574013820566, 28.140811894862711 ], [ 81.320135201162543, 28.145138144727067 ], [ 81.321961576479239, 28.145720457276596 ], [ 81.323400576528186, 28.146175144564996 ], [ 81.327828388404157, 28.147520644990262 ], [ 81.32961851343893, 28.148089457129185 ], [ 81.329692639409913, 28.148186269864578 ], [ 81.328279451303658, 28.150378269609842 ], [ 81.325124139241623, 28.155286457109092 ], [ 81.321949389310078, 28.160163082635446 ], [ 81.318220451533037, 28.158341895039875 ], [ 81.314380638879356, 28.156423895324799 ], [ 81.31347620090699, 28.155983832477709 ], [ 81.312423951086188, 28.155480770358924 ], [ 81.312313638477363, 28.155643394993188 ], [ 81.312240076120062, 28.155724832083191 ], [ 81.312204263767825, 28.156101707766403 ], [ 81.312150701404704, 28.156738145174948 ], [ 81.312061014285931, 28.157638582811767 ], [ 81.311971326018693, 28.158340519823845 ], [ 81.311772388568485, 28.159728582800753 ], [ 81.311662888818432, 28.160155269963585 ], [ 81.311517138761701, 28.160595582762564 ], [ 81.311204388519286, 28.160955019568632 ], [ 81.310799514260182, 28.161170269764959 ], [ 81.310247326821568, 28.161496457283416 ], [ 81.309750075961688, 28.16166227038574 ], [ 81.308663076735243, 28.161926394544757 ], [ 81.307520951746881, 28.162091520376645 ], [ 81.30658138911862, 28.162289894832849 ], [ 81.305825700994475, 28.16245401990134 ], [ 81.305659889106195, 28.162569457066667 ], [ 81.30488695094634, 28.162929957279779 ], [ 81.304445639090815, 28.16332351972018 ], [ 81.303968076881787, 28.163929269609117 ], [ 81.303747638877837, 28.164306582340885 ], [ 81.303602701466161, 28.165058269530334 ], [ 81.303585826539205, 28.165613332234443 ], [ 81.30358688934399, 28.165987894904678 ], [ 81.3036505135059, 28.166666957417373 ], [ 81.303681388820834, 28.167000707087173 ], [ 81.303997201881032, 28.167704019607783 ], [ 81.304366388686404, 28.16793108262674 ], [ 81.304938701806762, 28.168175707555452 ], [ 81.306229701369631, 28.168416519936553 ], [ 81.307316826503794, 28.168170394866781 ], [ 81.308293576014563, 28.168037332039717 ], [ 81.309601701530113, 28.167838082157534 ], [ 81.311684575884399, 28.167637082888238 ], [ 81.313417638597429, 28.167551895005175 ], [ 81.314615701569181, 28.167580769547005 ], [ 81.316035139024493, 28.167577457659018 ], [ 81.320019326824394, 28.168222519947296 ], [ 81.323026013440071, 28.168736707091568 ], [ 81.324045638727242, 28.170597957643292 ], [ 81.32652932599882, 28.174953457888318 ], [ 81.324873638470365, 28.176877519886435 ], [ 81.324600264200811, 28.17719633229316 ], [ 81.320502388871745, 28.181878707535326 ], [ 81.320135013797398, 28.1822878952816 ], [ 81.320455951753928, 28.184656332854107 ], [ 81.32103045111613, 28.18942476966421 ], [ 81.321208576083706, 28.19108495776474 ], [ 81.321404201420023, 28.192623332484057 ], [ 81.32151176391767, 28.193683519767646 ], [ 81.321688201288509, 28.194759332883365 ], [ 81.322372201251483, 28.197169707355386 ], [ 81.322313826761857, 28.197237520268494 ], [ 81.318290826094568, 28.201885832733392 ], [ 81.317055951615174, 28.203314707696144 ], [ 81.315869263759538, 28.204689269911917 ], [ 81.315280825974469, 28.205335957775713 ], [ 81.314882888576193, 28.205767769979698 ], [ 81.314207888447044, 28.206414582897626 ], [ 81.312374451455312, 28.208334394940128 ], [ 81.309570201101579, 28.211269395431792 ], [ 81.30507051359136, 28.215954520362224 ], [ 81.303994889111081, 28.217064770444431 ], [ 81.301383764095633, 28.21976001983144 ], [ 81.30086376401907, 28.220099582528189 ], [ 81.293684201164979, 28.222788832839587 ], [ 81.291666326168126, 28.224794520370864 ], [ 81.290412451249779, 28.22604039523582 ], [ 81.287866889219814, 28.228444207506922 ], [ 81.286205201735527, 28.230340707733422 ], [ 81.284768638467582, 28.231911832368695 ], [ 81.282235263616613, 28.234701332943178 ], [ 81.282223826420037, 28.23471489541004 ], [ 81.282167951846859, 28.234773644849248 ], [ 81.281600076089305, 28.235361457656406 ], [ 81.280371076224185, 28.236701957393773 ], [ 81.279037951531947, 28.238164457528356 ], [ 81.278241388614077, 28.239012207651168 ], [ 81.277618201673647, 28.239674582143437 ], [ 81.276718201119863, 28.240675894993778 ], [ 81.27547126343346, 28.242016394764168 ], [ 81.274709763898414, 28.242893332618493 ], [ 81.27415513917596, 28.243463082556069 ], [ 81.273255076096603, 28.244450769943715 ], [ 81.272527639040135, 28.245235207843574 ], [ 81.272060014209018, 28.245712207774289 ], [ 81.271644638743993, 28.246191394810467 ], [ 81.271281264253574, 28.24659145774439 ], [ 81.270018951212251, 28.247961270430245 ], [ 81.269609951774484, 28.248447144732516 ], [ 81.26928020126357, 28.248779519667519 ], [ 81.269245264252291, 28.248820144771152 ], [ 81.269007013905195, 28.249093645313064 ], [ 81.268449825990899, 28.249670082777573 ], [ 81.268188826703849, 28.250000020482521 ], [ 81.264896513969887, 28.253573582440456 ], [ 81.264014014189755, 28.254529707868322 ], [ 81.259591326733556, 28.25944783250997 ], [ 81.258439513571687, 28.260769957540017 ], [ 81.257625638490396, 28.261705582101939 ], [ 81.253775700878535, 28.266040270142312 ], [ 81.250000264215984, 28.27050564523562 ], [ 81.247537826719508, 28.273343957904874 ], [ 81.245564326782713, 28.275619582308806 ], [ 81.243799639240464, 28.277712082713659 ], [ 81.240668763939752, 28.281422395497795 ], [ 81.235877763914274, 28.287317332511922 ], [ 81.235620826166183, 28.287699082134733 ], [ 81.235610638560004, 28.287710395193827 ], [ 81.234496451691655, 28.288899082696993 ], [ 81.234683826789748, 28.291667207169404 ], [ 81.234735200832816, 28.292425207966531 ], [ 81.235209201279403, 28.29816433254733 ], [ 81.2354521383172, 28.303714332568209 ], [ 81.235466575986194, 28.304032394765791 ], [ 81.235584326654774, 28.306611082668582 ], [ 81.235696138857023, 28.309582395211965 ], [ 81.235718201120648, 28.31017802012569 ], [ 81.235937701834487, 28.314484832286674 ], [ 81.235897826311188, 28.315486644865189 ], [ 81.235913075867316, 28.315766395056446 ], [ 81.236204013753309, 28.321059083047455 ], [ 81.236337638517696, 28.324567332839656 ], [ 81.234998701785898, 28.326482832386088 ], [ 81.230834513963586, 28.332189332696935 ], [ 81.22997213920371, 28.333334707486383 ], [ 81.226523264085429, 28.337916144934155 ], [ 81.222232326678565, 28.343663082264996 ], [ 81.221475264131939, 28.344616457405714 ], [ 81.221332201268936, 28.344797144687664 ], [ 81.21913832656611, 28.349665144894626 ], [ 81.216567326424055, 28.355147395220673 ], [ 81.215167139116588, 28.358195582734897 ], [ 81.212421389094189, 28.360501207909159 ], [ 81.208333138457576, 28.361317520455508 ], [ 81.205202576489455, 28.361942770356084 ], [ 81.202411076275126, 28.36246583227592 ], [ 81.195890201757322, 28.363673457686815 ], [ 81.194925326152301, 28.363846269770512 ], [ 81.194832201196846, 28.363862207359411 ], [ 81.18590501354349, 28.365569145047484 ], [ 81.183133075898255, 28.366096332226032 ], [ 81.177018513334559, 28.367259520342781 ], [ 81.168049701169977, 28.368857083029489 ], [ 81.166666763625784, 28.36904827023352 ], [ 81.160467201684583, 28.369904082518659 ], [ 81.159100763570351, 28.370092957618564 ], [ 81.151456201449136, 28.3711124577531 ], [ 81.150461826100582, 28.3712308952007 ], [ 81.150375700129828, 28.371240019790871 ], [ 81.148174076068173, 28.371621395407647 ], [ 81.143383575519707, 28.372384644690626 ], [ 81.140346263251558, 28.372891020374222 ], [ 81.137349451034027, 28.373435519955834 ], [ 81.134984763316595, 28.373853019742963 ], [ 81.130917012617402, 28.374603832865574 ], [ 81.128760826022273, 28.375000707332813 ], [ 81.128636513130104, 28.375023395024179 ], [ 81.12500057604133, 28.375665269823216 ], [ 81.120831951005869, 28.376451957290694 ], [ 81.11949482574515, 28.37671489490641 ], [ 81.115246701012779, 28.377501457650034 ], [ 81.112375262593361, 28.378006957271836 ], [ 81.111431137545196, 28.37821758252155 ], [ 81.109444763371329, 28.378584707988296 ], [ 81.107202700299695, 28.379022020116079 ], [ 81.106781513222501, 28.379105769998386 ], [ 81.105334262699074, 28.379388895076623 ], [ 81.104016513108036, 28.379631332698839 ], [ 81.103288888069855, 28.379753707346062 ], [ 81.10045651258298, 28.380295082824414 ], [ 81.09805720043741, 28.380750332678286 ], [ 81.095637700077049, 28.381203332729161 ], [ 81.095028012799361, 28.381309770359511 ], [ 81.09111401349972, 28.382025395133031 ], [ 81.08983582580953, 28.382407582780434 ], [ 81.088593013212275, 28.382773894857774 ], [ 81.087200325717944, 28.383176394892818 ], [ 81.085213950630447, 28.383786832317508 ], [ 81.083333388474955, 28.384345332629799 ], [ 81.081575262867787, 28.384867582790868 ], [ 81.081005137787642, 28.385371020379431 ], [ 81.079098013073306, 28.386746207558321 ], [ 81.078409888358678, 28.38732195779005 ], [ 81.076581200536779, 28.388730895448958 ], [ 81.0741235756783, 28.390611707545879 ], [ 81.072943700821014, 28.391447145147016 ], [ 81.0723339508706, 28.391986707211082 ], [ 81.069078763693199, 28.394375520258997 ], [ 81.069219138800364, 28.394876269847749 ], [ 81.069286325667974, 28.39568852058694 ], [ 81.069272826456384, 28.396568457259434 ], [ 81.069129763591206, 28.397258894845123 ], [ 81.068940701549835, 28.398371332327319 ], [ 81.068807451539243, 28.39949502027941 ], [ 81.068471951272755, 28.399998332247719 ], [ 81.068032076441654, 28.400995770099073 ], [ 81.067143200988625, 28.402158270364716 ], [ 81.066248138768657, 28.403108519868418 ], [ 81.06526388907001, 28.403851270270565 ], [ 81.064253450752943, 28.404488020017816 ], [ 81.063273888843867, 28.405589520067565 ], [ 81.062110639102755, 28.406372957829181 ], [ 81.061590951473832, 28.406788333078261 ], [ 81.061114763650806, 28.40736839502916 ], [ 81.060900951176649, 28.407876144869618 ], [ 81.060892951583497, 28.408390582913526 ], [ 81.061259013862909, 28.409816394891823 ], [ 81.061743451265841, 28.410705082817088 ], [ 81.062332264158002, 28.41217364499747 ], [ 81.062655076023816, 28.413231645322544 ], [ 81.06306551346438, 28.414129457825148 ], [ 81.064576326418461, 28.416157082441046 ], [ 81.064835889134656, 28.416666894807012 ], [ 81.064844576418523, 28.416684895337067 ], [ 81.065105951483119, 28.417384207572162 ], [ 81.065267013796429, 28.418313707636891 ], [ 81.065829138242563, 28.419834207489419 ], [ 81.066247576108637, 28.42071839496715 ], [ 81.067103701078821, 28.421985958069872 ], [ 81.067298575835295, 28.422396519911175 ], [ 81.069567013570889, 28.42455464549132 ], [ 81.070060388619467, 28.425226645265841 ], [ 81.070292700789921, 28.425725207974306 ], [ 81.071508138722507, 28.427017395326153 ], [ 81.072098014167807, 28.427402894775675 ], [ 81.07356588893245, 28.428740020124575 ], [ 81.074422076574436, 28.429364520609983 ], [ 81.075875638221774, 28.43070845746778 ], [ 81.077973701382518, 28.432304644863962 ], [ 81.07805932647409, 28.432489645133305 ], [ 81.078056325752371, 28.432710707394445 ], [ 81.078574013972556, 28.433364833004028 ], [ 81.078918388869013, 28.433560832664867 ], [ 81.079249389110274, 28.433664395663605 ], [ 81.080287263745817, 28.433675082325539 ], [ 81.081545575804967, 28.434330894995398 ], [ 81.083333138993595, 28.435354207580254 ], [ 81.084192826143109, 28.435845457288963 ], [ 81.084976888381334, 28.436384207424279 ], [ 81.085854263197433, 28.436733395066604 ], [ 81.086689076353679, 28.437213458004592 ], [ 81.087069076454327, 28.43756064488727 ], [ 81.087563513747156, 28.438291332785131 ], [ 81.087887825709657, 28.439103395498861 ], [ 81.087927138473006, 28.439202645080297 ], [ 81.088159575902679, 28.440515582351861 ], [ 81.088681138235003, 28.441916394917978 ], [ 81.088780826167891, 28.442387832502327 ], [ 81.089258513449423, 28.443924020276796 ], [ 81.089368889099447, 28.444278208025619 ], [ 81.08934370082622, 28.444684332790438 ], [ 81.089298701533437, 28.445088208133949 ], [ 81.089353888995674, 28.445406332944081 ], [ 81.089552264061396, 28.446089832590758 ], [ 81.090578951627606, 28.448052020259606 ], [ 81.090821076098422, 28.449448458170092 ], [ 81.091025951697944, 28.449879270369546 ], [ 81.091013950933799, 28.450772770157919 ], [ 81.090823263580248, 28.451668582827153 ], [ 81.090877013602807, 28.451923520053544 ], [ 81.090781575944405, 28.453326957860909 ], [ 81.090912201402901, 28.454134582391148 ], [ 81.091092513708503, 28.454549582847921 ], [ 81.091702701072819, 28.455282519992103 ], [ 81.092336576491405, 28.456843332902043 ], [ 81.092893888398621, 28.457350582644171 ], [ 81.092927764079207, 28.457400207953629 ], [ 81.093134201052308, 28.457706895592604 ], [ 81.09383751331282, 28.458335895511276 ], [ 81.094292951233655, 28.458741707547272 ], [ 81.095549139020349, 28.459465020520224 ], [ 81.096330263687989, 28.459703707686181 ], [ 81.096705638849272, 28.459741770318722 ], [ 81.097203138658003, 28.459691770523758 ], [ 81.098895263413226, 28.459354395209235 ], [ 81.099445701192664, 28.459295333071157 ], [ 81.100617951376734, 28.459283207379418 ], [ 81.105208201705665, 28.459929520093716 ], [ 81.107495138870718, 28.460507582678076 ], [ 81.109507701525942, 28.460842145128762 ], [ 81.110277763343703, 28.46111677064043 ], [ 81.110707575823014, 28.461346582814297 ], [ 81.111651763387854, 28.462015895069484 ], [ 81.112037950994576, 28.462392332634547 ], [ 81.11219070118662, 28.462579520367463 ], [ 81.112612889226043, 28.463422957451012 ], [ 81.112820513857258, 28.46418764497907 ], [ 81.11294957570216, 28.464893770027771 ], [ 81.113094013227496, 28.465683269877101 ], [ 81.113387326166475, 28.466578770109773 ], [ 81.11355445096568, 28.46765933308232 ], [ 81.113581388991207, 28.468383645551715 ], [ 81.113665326486512, 28.468967895441683 ], [ 81.114023701660429, 28.46948651993236 ], [ 81.114530389209847, 28.469944083048855 ], [ 81.114819326209883, 28.470295770615504 ], [ 81.115293576173485, 28.470873020592027 ], [ 81.115675013806083, 28.471477332868933 ], [ 81.115854264101912, 28.471639645539284 ], [ 81.116196950986861, 28.472122145620929 ], [ 81.116538201454304, 28.472451269959627 ], [ 81.118191764132149, 28.473480957610786 ], [ 81.11902032635129, 28.473739645041405 ], [ 81.121176200766556, 28.474638020104226 ], [ 81.121827826690776, 28.474759270149487 ], [ 81.122476700762661, 28.475022645092658 ], [ 81.122776638676058, 28.47522545781019 ], [ 81.123752451275124, 28.476072895620042 ], [ 81.124542201638732, 28.476949832863546 ], [ 81.125000013276335, 28.47727883308011 ], [ 81.125100638545504, 28.477350894934432 ], [ 81.126344013987534, 28.478231957492937 ], [ 81.126957201407961, 28.478788645627009 ], [ 81.128754451082742, 28.479915082458426 ], [ 81.129144888973244, 28.480248645374132 ], [ 81.129366326325879, 28.480397333015127 ], [ 81.130250264045458, 28.480992082571522 ], [ 81.131655826193722, 28.482098582371489 ], [ 81.134356701434271, 28.484629645485683 ], [ 81.135285826697384, 28.485786144894689 ], [ 81.136178763909456, 28.487062270329204 ], [ 81.136737638353139, 28.487718270487562 ], [ 81.139042826670632, 28.49019095820811 ], [ 81.139668325779638, 28.490790457465334 ], [ 81.140404638560724, 28.49135376999946 ], [ 81.14116913826048, 28.491774895028488 ], [ 81.142385514050957, 28.492565520419873 ], [ 81.1441587007658, 28.493822645460163 ], [ 81.144355826072513, 28.493908145251602 ], [ 81.145442888914488, 28.494378583113818 ], [ 81.146182826119642, 28.494571770558675 ], [ 81.148201263663765, 28.495311895536034 ], [ 81.148866513319746, 28.495699208099587 ], [ 81.149062076403908, 28.495859208045676 ], [ 81.149570513957514, 28.496481395195548 ], [ 81.149841826333216, 28.496864645068101 ], [ 81.149543888477425, 28.496808520558893 ], [ 81.148010325811597, 28.496237145576437 ], [ 81.147275826352143, 28.49608002013283 ], [ 81.147218450963649, 28.496159020038846 ], [ 81.147587513664504, 28.496627894930349 ], [ 81.148353013605288, 28.497488957399785 ], [ 81.149013826302394, 28.498110957416102 ], [ 81.150655013867976, 28.49936583241201 ], [ 81.151450888953178, 28.500001207839876 ], [ 81.15227876344116, 28.500462832899739 ], [ 81.152976888700124, 28.501055395094262 ], [ 81.15348301411403, 28.501345895429093 ], [ 81.154478513860894, 28.501762145114224 ], [ 81.154928513633124, 28.501876708100859 ], [ 81.155764514084751, 28.501963707412891 ], [ 81.156447701576127, 28.501940395127537 ], [ 81.157004326638429, 28.501833708108801 ], [ 81.157843263682196, 28.501552957454471 ], [ 81.158337075961882, 28.501272644940833 ], [ 81.159078326744051, 28.500969458201425 ], [ 81.159712014238224, 28.500937082339334 ], [ 81.160231263871978, 28.501013207801471 ], [ 81.161061201419827, 28.501055082831964 ], [ 81.161880763436642, 28.501338332609166 ], [ 81.162321014093365, 28.501926707806057 ], [ 81.162467388763844, 28.502219895232752 ], [ 81.162673201658748, 28.503419894869317 ], [ 81.163332076247457, 28.504784145187713 ], [ 81.16361651421326, 28.505803583226527 ], [ 81.163653451420544, 28.506338270357571 ], [ 81.163567076753822, 28.507294957938448 ], [ 81.163792326546698, 28.50801001985781 ], [ 81.163920576727946, 28.508700145384086 ], [ 81.163919263962683, 28.509550770667595 ], [ 81.164384201248652, 28.5110460207027 ], [ 81.164498076606435, 28.511799457494874 ], [ 81.164493076551679, 28.513304395272915 ], [ 81.165097639283516, 28.514993520230419 ], [ 81.165571638353498, 28.515908957937317 ], [ 81.165996076455158, 28.516361957518445 ], [ 81.166601326450902, 28.516846269972412 ], [ 81.166666576329575, 28.516925145043491 ], [ 81.16767338852182, 28.518130957348138 ], [ 81.168962639086573, 28.519850832525023 ], [ 81.169371013383227, 28.52060389517796 ], [ 81.169692513397166, 28.521569145250972 ], [ 81.169691514092136, 28.522144520612418 ], [ 81.169542639137859, 28.522512457870373 ], [ 81.169308076318799, 28.52276089547718 ], [ 81.169194638723894, 28.522961832406374 ], [ 81.169159576130994, 28.523198832674321 ], [ 81.169823638385139, 28.524102707604026 ], [ 81.170706201093722, 28.524828083203744 ], [ 81.171807639095348, 28.525627708237064 ], [ 81.175399764130105, 28.52900283290743 ], [ 81.175483201648063, 28.529045582957618 ], [ 81.175560326473686, 28.529174082807508 ], [ 81.177848826384491, 28.531499520624873 ], [ 81.179632700811325, 28.533482582555443 ], [ 81.182107638472928, 28.536344645392841 ], [ 81.186215201771176, 28.540743145284281 ], [ 81.187142076498318, 28.541666895183862 ], [ 81.188491325976855, 28.54301195785558 ], [ 81.189774139123131, 28.544167645405913 ], [ 81.190938888975069, 28.54531439510621 ], [ 81.190999451382893, 28.545422583208691 ], [ 81.194442513339837, 28.54815220779621 ], [ 81.196391514190381, 28.549837020097996 ], [ 81.198431889043135, 28.551688645015481 ], [ 81.199693513360089, 28.552995332399657 ], [ 81.200105264082296, 28.553335457666115 ], [ 81.200280763325139, 28.553375770148524 ], [ 81.201405763610069, 28.554423270063751 ], [ 81.202281825914227, 28.555028832951734 ], [ 81.20476195089735, 28.557188833137197 ], [ 81.20559251340859, 28.557857645066289 ], [ 81.206314514076539, 28.558393520503174 ], [ 81.208186138403804, 28.559539020406991 ], [ 81.208333264008459, 28.559613270544823 ], [ 81.208448388717557, 28.559671832894434 ], [ 81.20852220169381, 28.559694208116387 ], [ 81.209521513961491, 28.560387582939708 ], [ 81.212768575931321, 28.56238602008419 ], [ 81.216614201460075, 28.564446582412987 ], [ 81.216792764144074, 28.564543332718184 ], [ 81.216853201736114, 28.564615395698052 ], [ 81.220751763549885, 28.566838207662194 ], [ 81.222658575991161, 28.568177520603296 ], [ 81.22461176371047, 28.569789770729056 ], [ 81.226048951771105, 28.570786833200096 ], [ 81.22722807680347, 28.571782082895997 ], [ 81.229903013812375, 28.57439920771531 ], [ 81.230818264088242, 28.575234707939853 ], [ 81.231976639084692, 28.576056270363576 ], [ 81.233444951383902, 28.576872708203691 ], [ 81.234177576361247, 28.577455832957128 ], [ 81.235067076092506, 28.578329707645885 ], [ 81.236577325875558, 28.580186082840722 ], [ 81.238736076023443, 28.582219644925889 ], [ 81.239795826446255, 28.583332333049196 ], [ 81.24056901397806, 28.5841454582288 ], [ 81.242149888901594, 28.585622645575832 ], [ 81.243071951698568, 28.586719770502743 ], [ 81.243799451335221, 28.587774332900786 ], [ 81.244796639331213, 28.588862270358614 ], [ 81.2456992016794, 28.590045145412994 ], [ 81.246101263894985, 28.59049345783011 ], [ 81.247000389245471, 28.591301708043996 ], [ 81.248457826333023, 28.592384270114245 ], [ 81.249497576023174, 28.593463020636484 ], [ 81.249837513460747, 28.593708332414483 ], [ 81.249892764351372, 28.59381202037504 ], [ 81.250000138977043, 28.593827645390064 ], [ 81.250056388530638, 28.593834270187045 ], [ 81.25037257606408, 28.594027707624345 ], [ 81.25066601391876, 28.594343020451209 ], [ 81.251314264259449, 28.595219520024774 ], [ 81.251764638551691, 28.5959406457598 ], [ 81.252871013593875, 28.59810220768296 ], [ 81.255331139047598, 28.601865458123797 ], [ 81.255551326083747, 28.602275582505818 ], [ 81.255647826510412, 28.602277708143593 ], [ 81.255644451324656, 28.60244464513363 ], [ 81.255775513836412, 28.602724145535369 ], [ 81.256450138607917, 28.60392989559643 ], [ 81.256974075894504, 28.604630582559615 ], [ 81.257143076467116, 28.605011582483673 ], [ 81.258238139281829, 28.606897895121566 ], [ 81.258317326713879, 28.60713920798052 ], [ 81.25881851403291, 28.608225645314128 ], [ 81.259647576633469, 28.609528145611851 ], [ 81.260792638524052, 28.611204520349435 ], [ 81.261352701171845, 28.612020145793736 ], [ 81.261916764166315, 28.612637270612552 ], [ 81.262310888923579, 28.613053895225303 ], [ 81.262773638980107, 28.61354258306152 ], [ 81.264647888415325, 28.614590270193457 ], [ 81.266050638978228, 28.614968832605207 ], [ 81.266759576314925, 28.615226895236216 ], [ 81.269268888803097, 28.616629770347725 ], [ 81.269686514047706, 28.616951583323015 ], [ 81.270518263984499, 28.617746332751523 ], [ 81.27057020182346, 28.618059833267317 ], [ 81.27132051397389, 28.619730145397 ], [ 81.271383013612621, 28.620197020361747 ], [ 81.271387513393194, 28.621426645247773 ], [ 81.271531451370933, 28.622689770635407 ], [ 81.2715475135264, 28.623233520331237 ], [ 81.271939826577537, 28.624660833002327 ], [ 81.272082639258358, 28.625001207490687 ], [ 81.272094201769008, 28.625028270294393 ], [ 81.27224345137131, 28.625138520064674 ], [ 81.272324576152911, 28.625600895839963 ], [ 81.2723193259487, 28.626058894953804 ], [ 81.272273950977421, 28.626289083149548 ], [ 81.272222201772664, 28.627054020754173 ], [ 81.272269201033865, 28.628662583188365 ], [ 81.27234920177537, 28.629199394990355 ], [ 81.27243182673385, 28.629508333296481 ], [ 81.272813138592241, 28.630123458245649 ], [ 81.272983701741154, 28.63031714552071 ], [ 81.273879576500107, 28.631129833209485 ], [ 81.274178326256688, 28.631438332752193 ], [ 81.274755451527639, 28.6318455205788 ], [ 81.275075826802237, 28.632135895852848 ], [ 81.275930451315531, 28.632795207871958 ], [ 81.277062139006347, 28.633803707784018 ], [ 81.277361826477375, 28.633997083118217 ], [ 81.27763932644163, 28.634228895786904 ], [ 81.277936888672016, 28.634577957982511 ], [ 81.278406638625626, 28.635003395087463 ], [ 81.278661388741014, 28.635350332773058 ], [ 81.278853639155045, 28.63552370806056 ], [ 81.279431326775907, 28.6358924576923 ], [ 81.27994445121594, 28.636281770457209 ], [ 81.280137201562809, 28.636398644992127 ], [ 81.280266451158639, 28.636436770786315 ], [ 81.280714888536608, 28.636765207805748 ], [ 81.280907576483486, 28.636864083359733 ], [ 81.281569888831854, 28.637307145508178 ], [ 81.282166514066304, 28.637829333024456 ], [ 81.282592201461739, 28.638252645014354 ], [ 81.283402763598374, 28.638907458047324 ], [ 81.283722013704249, 28.639236208133678 ], [ 81.283869701519222, 28.639465957917889 ], [ 81.284188514344024, 28.639851145238175 ], [ 81.284505139166143, 28.640387458178196 ], [ 81.28493038938835, 28.640869395282387 ], [ 81.285015576290604, 28.640927832715938 ], [ 81.285906139041657, 28.642081145183241 ], [ 81.286011639375516, 28.642311020454724 ], [ 81.286075076774011, 28.642369520087257 ], [ 81.286412451642533, 28.64298252067243 ], [ 81.286667138422416, 28.64329108284554 ], [ 81.287025138993727, 28.643982958169332 ], [ 81.287809950954895, 28.645019083063307 ], [ 81.288042514389545, 28.645384020239362 ], [ 81.288504263697376, 28.646382583000115 ], [ 81.288652576686587, 28.646612395873404 ], [ 81.28898782611671, 28.64738102030109 ], [ 81.289283451191622, 28.647917332593121 ], [ 81.289469888997175, 28.648530645227321 ], [ 81.289466639068081, 28.648760770618921 ], [ 81.289420200930891, 28.649065395030359 ], [ 81.289417513802974, 28.649275270221001 ], [ 81.289417139109091, 28.649333895102817 ], [ 81.289532264026221, 28.650500083037539 ], [ 81.28959426410502, 28.650730082592922 ], [ 81.289593138740486, 28.650824832944465 ], [ 81.289622138968895, 28.652029582904245 ], [ 81.28968307639046, 28.652336270539323 ], [ 81.289756326241786, 28.653405520156927 ], [ 81.289751638457318, 28.653789083214232 ], [ 81.289706638664242, 28.65394033287339 ], [ 81.28970301366428, 28.654247145575116 ], [ 81.289585763757529, 28.655086707731506 ], [ 81.289572701011195, 28.656158395602827 ], [ 81.289454826511843, 28.656997895201332 ], [ 81.289462013864792, 28.658220707521597 ], [ 81.289319763890617, 28.659290457929458 ], [ 81.289325451832454, 28.660666645816931 ], [ 81.289242075974286, 28.662194270667179 ], [ 81.289170201898287, 28.662805833345377 ], [ 81.289162888452935, 28.663417270413397 ], [ 81.288892576447694, 28.664408270523118 ], [ 81.288606826586459, 28.664923270628861 ], [ 81.288384014008358, 28.665532895877025 ], [ 81.288163763886459, 28.665912395599069 ], [ 81.287970764407234, 28.666666332976749 ], [ 81.287870138917199, 28.667059145167279 ], [ 81.287841576582025, 28.667596145846886 ], [ 81.287681138508376, 28.66835908309891 ], [ 81.287388451643409, 28.669354645405388 ], [ 81.287165639179946, 28.669966520529506 ], [ 81.287116388653089, 28.670424645252435 ], [ 81.287178389287291, 28.670654645714194 ], [ 81.287193264184097, 28.671191583212483 ], [ 81.287024763486372, 28.672953957725102 ], [ 81.287023264226221, 28.673087082714773 ], [ 81.28706501367472, 28.67320202025622 ], [ 81.28734532608236, 28.673262333051166 ], [ 81.287539826384872, 28.673264207589362 ], [ 81.288318638514809, 28.673192583000606 ], [ 81.288707513859563, 28.673196270552161 ], [ 81.289353889076139, 28.673334770788298 ], [ 81.289871139048088, 28.673511895343839 ], [ 81.290021576794075, 28.673570270448472 ], [ 81.290645764276803, 28.67378552015089 ], [ 81.290903826701268, 28.673902270845915 ], [ 81.291289764337137, 28.674212770756078 ], [ 81.291666513623696, 28.674453395138219 ], [ 81.291804889085256, 28.674541082501975 ], [ 81.291933576573243, 28.67459952078881 ], [ 81.292192764238067, 28.674639457950818 ], [ 81.29277532627016, 28.674606645212332 ], [ 81.293339326244109, 28.674341458289916 ], [ 81.293555326702403, 28.674286832957741 ], [ 81.294206701106731, 28.673926707773145 ], [ 81.295137764048832, 28.673626895174262 ], [ 81.295918326588904, 28.673268707936632 ], [ 81.296372201263239, 28.673177458246663 ], [ 81.296760451628145, 28.673199207885556 ], [ 81.297082513914518, 28.673336082844266 ], [ 81.297535014311038, 28.673454708389752 ], [ 81.297858701617926, 28.673456208071155 ], [ 81.298247950986436, 28.673383145419397 ], [ 81.29889832647811, 28.673120020640908 ], [ 81.299287138607241, 28.673105645394354 ], [ 81.299932951213336, 28.673282458073775 ], [ 81.30038338888788, 28.673554457594403 ], [ 81.30077076378258, 28.673711520431056 ], [ 81.301611514081017, 28.67383370785906 ], [ 81.302000326308175, 28.673817082745249 ], [ 81.302519326103166, 28.673687332809319 ], [ 81.302931951380145, 28.673499145796679 ], [ 81.303257576238266, 28.673311145464378 ], [ 81.303606451683962, 28.672969707545942 ], [ 81.303694201815247, 28.672798020636424 ], [ 81.303699763773068, 28.672283582545802 ], [ 81.303636076793055, 28.672148395260379 ], [ 81.303554639316928, 28.671650020047284 ], [ 81.303323388697109, 28.671075145885212 ], [ 81.303324326493097, 28.670960082902496 ], [ 81.303500013669577, 28.670655145323401 ], [ 81.303695951771374, 28.670521582577329 ], [ 81.303825701465129, 28.670485207915291 ], [ 81.304732576674596, 28.67049445760037 ], [ 81.305055763573975, 28.670554645257678 ], [ 81.305356764420566, 28.670689333253716 ], [ 81.305570826811589, 28.670844520796816 ], [ 81.305699076422812, 28.670979583144746 ], [ 81.305782514205859, 28.671286207621286 ], [ 81.305693639159884, 28.671516520832061 ], [ 81.305584576809295, 28.671647645110223 ], [ 81.305474013991613, 28.671878020511809 ], [ 81.305450263759781, 28.67206758304561 ], [ 81.305492764311154, 28.67216452042544 ], [ 81.305664513794696, 28.672281458357226 ], [ 81.305750326609754, 28.672319582847166 ], [ 81.306051825945602, 28.672418208236159 ], [ 81.30741257618233, 28.672315832512787 ], [ 81.3080605139005, 28.672339207686477 ], [ 81.308404389179984, 28.672496270113562 ], [ 81.308703326119954, 28.672804707656685 ], [ 81.308896201511658, 28.67292164519807 ], [ 81.309134076023255, 28.672905270296713 ], [ 81.309307826156768, 28.672828145579704 ], [ 81.310007389066314, 28.671917333361456 ], [ 81.31018213911014, 28.67174558272702 ], [ 81.310312889334014, 28.671632395416569 ], [ 81.31057338874588, 28.671482895303203 ], [ 81.310833451384568, 28.671387519999964 ], [ 81.311157639087469, 28.671373270687575 ], [ 81.311479263516659, 28.671566520031032 ], [ 81.311608576027666, 28.67160683279365 ], [ 81.311997388881394, 28.671590145052683 ], [ 81.312582076303286, 28.671403832751533 ], [ 81.312972826160006, 28.671177270697086 ], [ 81.313364576327373, 28.670874083093299 ], [ 81.313820514120323, 28.670629333026547 ], [ 81.314080013553351, 28.67055652049876 ], [ 81.314209763928233, 28.670556270207623 ], [ 81.314468764230867, 28.670539833220516 ], [ 81.315439888621853, 28.670625582934122 ], [ 81.315892263567946, 28.67070576999183 ], [ 81.316345701544208, 28.6707092078851 ], [ 81.317708514428389, 28.670453332925295 ], [ 81.318293201484735, 28.6702872702711 ], [ 81.318813201478861, 28.670080707733245 ], [ 81.319202388780951, 28.669987270838288 ], [ 81.319528075971235, 28.669837645189737 ], [ 81.3197230140199, 28.669783020530645 ], [ 81.320113764122382, 28.669574520300916 ], [ 81.320765888447738, 28.669083395284147 ], [ 81.321613076150612, 28.668594083160688 ], [ 81.322069826634333, 28.66821395838457 ], [ 81.322178951521224, 28.668121207589813 ], [ 81.322397076854458, 28.667931208058455 ], [ 81.322505576526439, 28.667854207510402 ], [ 81.322679763495316, 28.667722957930959 ], [ 81.322854326219968, 28.66751495825104 ], [ 81.322876951147123, 28.667379520261054 ], [ 81.322857264039285, 28.66720814505166 ], [ 81.322690014112482, 28.666689582734858 ], [ 81.32269057674273, 28.666667020527097 ], [ 81.322694076556303, 28.666346645395357 ], [ 81.322850826430525, 28.665946958211801 ], [ 81.323027076097375, 28.665662270252774 ], [ 81.323138763849315, 28.665375458070564 ], [ 81.323227138576286, 28.665206083215647 ], [ 81.323446889168423, 28.664921270091522 ], [ 81.323513514387543, 28.664749645662809 ], [ 81.323453639077457, 28.664404583147608 ], [ 81.323455638775755, 28.664233145307279 ], [ 81.32354557621801, 28.663946332671397 ], [ 81.323509451909715, 28.66343208254704 ], [ 81.323280513560903, 28.662798645825443 ], [ 81.323174014370764, 28.662683833212718 ], [ 81.322984764329206, 28.662280458268299 ], [ 81.322688076204855, 28.661877270342679 ], [ 81.322625951665572, 28.661647333326162 ], [ 81.322610951688333, 28.661132957997175 ], [ 81.32257013929447, 28.660959332985119 ], [ 81.322422326861187, 28.660729583066516 ], [ 81.32212345151865, 28.660441457988657 ], [ 81.321911513849045, 28.660153208144678 ], [ 81.321703201760215, 28.659578395691842 ], [ 81.321597201167421, 28.659404895598254 ], [ 81.321279326791711, 28.658981520161564 ], [ 81.320981013802026, 28.658655083076461 ], [ 81.320361201709844, 28.658191770749792 ], [ 81.319807076809525, 28.657669645152229 ], [ 81.319511389127356, 28.657153708081019 ], [ 81.319448826260214, 28.656980145877064 ], [ 81.319131451587609, 28.656500395796808 ], [ 81.318875076900042, 28.656288895610164 ], [ 81.318705513450254, 28.656056895773077 ], [ 81.318623888985329, 28.655711895168199 ], [ 81.318477513918552, 28.655310645024795 ], [ 81.318309575962232, 28.65496583290307 ], [ 81.318171076066619, 28.653989270233872 ], [ 81.318203201479903, 28.653188270359639 ], [ 81.318098325995308, 28.65297870792164 ], [ 81.318105075956851, 28.652462020829983 ], [ 81.318042450966502, 28.652270394978828 ], [ 81.317914951092433, 28.652155645303274 ], [ 81.317657451876144, 28.652038895086555 ], [ 81.317140513509713, 28.651938583222829 ], [ 81.316708763735363, 28.65191477071393 ], [ 81.315933951814571, 28.651756395192546 ], [ 81.315672826136904, 28.651905957542017 ], [ 81.314891201705748, 28.652243895756197 ], [ 81.314173638842675, 28.652676520371848 ], [ 81.313999951358142, 28.652731020781484 ], [ 81.313741514404427, 28.652691020681591 ], [ 81.31363395098839, 28.652652958103619 ], [ 81.313228263654878, 28.652342520487117 ], [ 81.31307988870789, 28.652112770309916 ], [ 81.312888076140453, 28.651919207772615 ], [ 81.312738201165189, 28.651822520363073 ], [ 81.311971638603367, 28.651014333262548 ], [ 81.311973138467465, 28.650899270744556 ], [ 81.312108264287261, 28.65049958256963 ], [ 81.312157388469828, 28.650041457662564 ], [ 81.312338889090171, 28.649357458252837 ], [ 81.312539576642052, 28.648899020177637 ], [ 81.312700951740837, 28.648099958311604 ], [ 81.312704076023337, 28.647869832869265 ], [ 81.312643576638663, 28.647527020239174 ], [ 81.312560451102144, 28.647297083062924 ], [ 81.312584200933273, 28.64712558335772 ], [ 81.312628763495212, 28.647048770106078 ], [ 81.313044263889068, 28.64661239501358 ], [ 81.313698826679399, 28.646082895399605 ], [ 81.314350138852475, 28.6457836453562 ], [ 81.314544951650063, 28.645729019975004 ], [ 81.315089326682624, 28.64537127033071 ], [ 81.315417138476477, 28.645086207999974 ], [ 81.31605195171106, 28.644405645258018 ], [ 81.31635957690763, 28.644005582720158 ], [ 81.316491889145482, 28.64377970835918 ], [ 81.316693514036714, 28.643208395414959 ], [ 81.316765951009202, 28.642635208297477 ], [ 81.316900264431126, 28.642235520049887 ], [ 81.31707720116917, 28.641950832659578 ], [ 81.317404326136483, 28.641665833108739 ], [ 81.317624513910374, 28.641324582572235 ], [ 81.317715575950487, 28.640981458294331 ], [ 81.317915139156426, 28.640583895516784 ], [ 81.31796113863642, 28.640353707524831 ], [ 81.317965200974328, 28.640010769966878 ], [ 81.317923763579927, 28.639837145021815 ], [ 81.317860201278037, 28.639760582537253 ], [ 81.317601638669458, 28.639661895084018 ], [ 81.317127014209163, 28.639599833195874 ], [ 81.317041201092394, 28.639561707827468 ], [ 81.316955889086898, 28.63946483289611 ], [ 81.316914451895784, 28.63929352025545 ], [ 81.316962013423151, 28.638948145517599 ], [ 81.317049889361883, 28.638817082883556 ], [ 81.317202388538661, 28.638722020100946 ], [ 81.317421451253935, 28.638437207688593 ], [ 81.317533138592765, 28.63815270753431 ], [ 81.317579138939905, 28.637922458284336 ], [ 81.317583201749486, 28.637579520705984 ], [ 81.317541326893874, 28.637464583338897 ], [ 81.317543326383529, 28.637293083248018 ], [ 81.317785201270297, 28.636931457639147 ], [ 81.31809063844743, 28.636666833269995 ], [ 81.318679013464916, 28.636290958221668 ], [ 81.318938951208025, 28.636197832885774 ], [ 81.319068701894253, 28.636197520028755 ], [ 81.319524201858329, 28.636067832612234 ], [ 81.319913076258814, 28.636109833270861 ], [ 81.320237701702112, 28.636057145392449 ], [ 81.320496764124627, 28.636076833251376 ], [ 81.321016326708772, 28.636025957663389 ], [ 81.32218313891164, 28.63603677033732 ], [ 81.322443138428312, 28.635961645361675 ], [ 81.32309132632713, 28.635910520637378 ], [ 81.32465120126588, 28.635466832662996 ], [ 81.325040388833642, 28.63541177011961 ], [ 81.325495701067467, 28.635225645465542 ], [ 81.326081389108481, 28.635039208271618 ], [ 81.326341826710333, 28.634907770500497 ], [ 81.326603389030893, 28.634719833259993 ], [ 81.327255639070259, 28.634343770057665 ], [ 81.32738632624303, 28.634228395022088 ], [ 81.327843263890188, 28.633965583223421 ], [ 81.328386513715927, 28.633702520735216 ], [ 81.328801514317561, 28.633306707624097 ], [ 81.329065139039486, 28.632965395794319 ], [ 81.329220701185164, 28.632622083101019 ], [ 81.32926613925234, 28.632432458275623 ], [ 81.329398388727512, 28.632204270545873 ], [ 81.329789076061317, 28.632016083022837 ], [ 81.330309014286513, 28.631868145587472 ], [ 81.330766451272012, 28.63156695752615 ], [ 81.330896139069381, 28.631528269997865 ], [ 81.331353076793633, 28.631265457918342 ], [ 81.33180888898822, 28.631059020634694 ], [ 81.332523700962554, 28.630874520372863 ], [ 81.333106075944102, 28.6308595825972 ], [ 81.333332951488458, 28.63083645799307 ], [ 81.33362507622607, 28.630808645017112 ], [ 81.334079701278583, 28.630640583344892 ], [ 81.334602139138937, 28.6302647705986 ], [ 81.335057389148133, 28.630096707821345 ], [ 81.335316326923817, 28.630100583154402 ], [ 81.335835701001798, 28.62995264498149 ], [ 81.336417576527424, 28.629996332818916 ], [ 81.337001576805022, 28.629888832860072 ], [ 81.337326013804997, 28.629795520006265 ], [ 81.337651576454419, 28.629645833296149 ], [ 81.337976138784512, 28.629572770585504 ], [ 81.338756951215274, 28.629236957925148 ], [ 81.339860701555921, 28.628943145120758 ], [ 81.34037888907109, 28.62885383281612 ], [ 81.340896701561007, 28.628839020835933 ], [ 81.341652639232137, 28.628751395577378 ], [ 81.341826326557111, 28.62867639564179 ], [ 81.341957013462036, 28.628563333252835 ], [ 81.342176701576051, 28.628278520094128 ], [ 81.342243264337313, 28.628106895508353 ], [ 81.342251451649659, 28.627477395349281 ], [ 81.342296888619416, 28.627305833281948 ], [ 81.342471514226006, 28.627136145766148 ], [ 81.342666888529877, 28.627061207511847 ], [ 81.342861201616429, 28.627044957832876 ], [ 81.343899826517188, 28.626787332541866 ], [ 81.344485263626495, 28.626546707712219 ], [ 81.344941514173897, 28.62628383256288 ], [ 81.345331638654486, 28.6261339577038 ], [ 81.345614201161496, 28.62592789552907 ], [ 81.345918576299582, 28.625757957871826 ], [ 81.346136076723155, 28.625608458153447 ], [ 81.34652926357424, 28.625230707480423 ], [ 81.346669763989127, 28.62501377038457 ], [ 81.346678763863338, 28.62500020746737 ], [ 81.346763389105845, 28.624880395802258 ], [ 81.347272701850329, 28.624628645063211 ], [ 81.348338513673426, 28.624483770687526 ], [ 81.349054576156334, 28.624698520804081 ], [ 81.349867889272431, 28.624746082652823 ], [ 81.352028076830578, 28.624571270732485 ], [ 81.353340451135182, 28.624157270642925 ], [ 81.355091139018, 28.623498395364717 ], [ 81.356984389410655, 28.623405457494769 ], [ 81.358031014222973, 28.623283082796092 ], [ 81.358518139288748, 28.623268270798732 ], [ 81.359073951301454, 28.623359269959309 ], [ 81.359885888696184, 28.623761020271029 ], [ 81.360686138862121, 28.623907707813078 ], [ 81.36426495177291, 28.623952395668962 ], [ 81.364937076084772, 28.623844520442479 ], [ 81.366339513490658, 28.62342783283588 ], [ 81.366964826516551, 28.623112520487915 ], [ 81.368112888578651, 28.622335582542625 ], [ 81.36861257663945, 28.62172283247255 ], [ 81.369534514368027, 28.621034457599393 ], [ 81.369960076295541, 28.620609145453418 ], [ 81.370653763847997, 28.620106395192145 ], [ 81.371436764382054, 28.619341645421677 ], [ 81.371716826047901, 28.619002457517773 ], [ 81.371852639170157, 28.618539582592792 ], [ 81.372015326716351, 28.617907395564956 ], [ 81.372266014385673, 28.617581833075196 ], [ 81.372748826235252, 28.617269145336362 ], [ 81.373196076111356, 28.617026520486924 ], [ 81.373906514268853, 28.616735770013715 ], [ 81.374362076806648, 28.616671332505931 ], [ 81.374643576180418, 28.616559958216396 ], [ 81.375000076506723, 28.616504895759956 ], [ 81.375097825978244, 28.616488832739066 ], [ 81.375660451932092, 28.616532395403105 ], [ 81.377348013620193, 28.615451520415689 ], [ 81.378074826663379, 28.614743332687127 ], [ 81.378267326704687, 28.614230645830546 ], [ 81.378309388865702, 28.61384476993884 ], [ 81.378658639180173, 28.613548207542983 ], [ 81.3790592634832, 28.613330520515202 ], [ 81.379488263629085, 28.613004395529277 ], [ 81.381089201046052, 28.612210270417201 ], [ 81.381533014419858, 28.612073645301276 ], [ 81.382148888499728, 28.612011020083163 ], [ 81.382975763679568, 28.612103520304125 ], [ 81.383596139233504, 28.612036270815526 ], [ 81.384441013553939, 28.611806020032361 ], [ 81.385370951764074, 28.611266395306963 ], [ 81.385978701170842, 28.61104583292218 ], [ 81.386641013775716, 28.61056114542064 ], [ 81.38729920196873, 28.610324582883798 ], [ 81.388063639329502, 28.610146458036567 ], [ 81.389106138552066, 28.610145707741847 ], [ 81.389469951519942, 28.610345458011494 ], [ 81.38966695175688, 28.610561458134736 ], [ 81.389814764129753, 28.610592645008371 ], [ 81.390190576090632, 28.610593832620694 ], [ 81.390640826801047, 28.61030827050077 ], [ 81.391575576253558, 28.610043832712822 ], [ 81.392068951297858, 28.609837082454909 ], [ 81.393493889285267, 28.609381770335872 ], [ 81.394303139334809, 28.60887627062823 ], [ 81.395140014431973, 28.608587332819038 ], [ 81.396113201309561, 28.607993395169391 ], [ 81.397484139133283, 28.607626145530904 ], [ 81.398684201788967, 28.607726395495202 ], [ 81.39937870153193, 28.607469395674148 ], [ 81.399760014103421, 28.607226895333756 ], [ 81.40042688865185, 28.606949645617259 ], [ 81.40150670195365, 28.60685170812296 ], [ 81.402581013551327, 28.606823708170658 ], [ 81.402729701466981, 28.60676008259032 ], [ 81.40294451425035, 28.606606020801014 ], [ 81.40302832616419, 28.605958270736846 ], [ 81.402976264369087, 28.605710270010132 ], [ 81.402768389201128, 28.604997895635584 ], [ 81.402187576641623, 28.604036270018881 ], [ 81.402039889354498, 28.603531332440244 ], [ 81.402120513598021, 28.603212957709598 ], [ 81.402590951910724, 28.602550520343314 ], [ 81.403271201793913, 28.601930332644091 ], [ 81.403595639283139, 28.601694708126992 ], [ 81.404206326283159, 28.601449270111832 ], [ 81.404361326188848, 28.60137208313752 ], [ 81.404435201475991, 28.601301895674411 ], [ 81.405180138863813, 28.600715332930822 ], [ 81.40565307673694, 28.600208582948426 ], [ 81.406546013746606, 28.599411708134781 ], [ 81.407629576998971, 28.598979832995276 ], [ 81.407926638938193, 28.598604394964489 ], [ 81.408127951884339, 28.598432332903528 ], [ 81.408691513751691, 28.598238895697939 ], [ 81.408794638677605, 28.598132520572673 ], [ 81.409144888746482, 28.597474895684002 ], [ 81.40987545133946, 28.596998957787239 ], [ 81.41029145122063, 28.596485520181265 ], [ 81.411000889280103, 28.596158520354898 ], [ 81.411403013658571, 28.595706020344622 ], [ 81.411642076360579, 28.595527082452136 ], [ 81.412719451201411, 28.595343333262001 ], [ 81.413342764242444, 28.595404583087404 ], [ 81.41438026404694, 28.595137458308251 ], [ 81.415108139427616, 28.595123957820782 ], [ 81.415628389440769, 28.594957645130386 ], [ 81.416505263667204, 28.59497752019033 ], [ 81.416666638687587, 28.595046958075905 ], [ 81.41754882663929, 28.595427833094679 ], [ 81.418024763844059, 28.5955458953765 ], [ 81.418268951690877, 28.595551958110764 ], [ 81.418567014346252, 28.59545852023216 ], [ 81.419702138753166, 28.594678895130041 ], [ 81.419853201756851, 28.5945746455521 ], [ 81.420034201783508, 28.594440957973617 ], [ 81.420498888697111, 28.594146269936832 ], [ 81.421002764125944, 28.59372277045728 ], [ 81.421742763723515, 28.592265332902542 ], [ 81.421887701885794, 28.591592520131588 ], [ 81.421757201144146, 28.591078520077534 ], [ 81.421843764063865, 28.59067889514289 ], [ 81.422129014450846, 28.590253832722912 ], [ 81.422637826165968, 28.589798770439842 ], [ 81.423170076811573, 28.589147332461994 ], [ 81.423443951762223, 28.588916395551678 ], [ 81.424438389315611, 28.588288395004145 ], [ 81.424989826781925, 28.588119645526568 ], [ 81.425692014174501, 28.588076833103511 ], [ 81.426394013704908, 28.587684333199626 ], [ 81.426510326796205, 28.587528270238767 ], [ 81.42668726397072, 28.587024583137893 ], [ 81.426617451457957, 28.586672832681295 ], [ 81.426125388707845, 28.586049457961845 ], [ 81.425253327045553, 28.584506707612075 ], [ 81.42520945182649, 28.58377364519859 ], [ 81.424983451163996, 28.583334395125519 ], [ 81.424581513624432, 28.582550520195987 ], [ 81.423800076717185, 28.581774583007078 ], [ 81.423509764153835, 28.58141002067017 ], [ 81.423514201296214, 28.581245270519393 ], [ 81.423723513590815, 28.581009958079925 ], [ 81.423979889225137, 28.580880583063678 ], [ 81.424557014530365, 28.580434332712304 ], [ 81.424948263841785, 28.579995395209899 ], [ 81.425463076229079, 28.579781707952424 ], [ 81.425872638619296, 28.578661394901584 ], [ 81.426049389405904, 28.577972707529284 ], [ 81.42608132644375, 28.577654458072399 ], [ 81.426210639371362, 28.577545770469257 ], [ 81.426356951601036, 28.577549832738907 ], [ 81.427044264438464, 28.577960582835718 ], [ 81.427920576718108, 28.578025457547813 ], [ 81.429093014536363, 28.577827770721495 ], [ 81.43090451451009, 28.577668583256965 ], [ 81.431902576525047, 28.577633832646629 ], [ 81.43216863854353, 28.577560769956143 ], [ 81.432486826516467, 28.577234895732445 ], [ 81.432538888641872, 28.57699783289274 ], [ 81.432461326602748, 28.576630332653846 ], [ 81.432512764007953, 28.576075145494507 ], [ 81.432678826667072, 28.575745207762257 ], [ 81.433278451612935, 28.575368770778532 ], [ 81.433612139103388, 28.575230082565472 ], [ 81.433763514324994, 28.575076270263821 ], [ 81.433854076871938, 28.574854833177223 ], [ 81.433868701719248, 28.57437420755846 ], [ 81.434164076701279, 28.573475332869375 ], [ 81.434243826943273, 28.572829770683413 ], [ 81.434610576519688, 28.571885520578999 ], [ 81.434631639556883, 28.571418457584304 ], [ 81.434645701086765, 28.571271770723595 ], [ 81.434653076146759, 28.571197270703802 ], [ 81.434661451074078, 28.570901707744824 ], [ 81.434568201931626, 28.570595208175323 ], [ 81.434564451949527, 28.569823583119987 ], [ 81.434590577033987, 28.56967008267852 ], [ 81.435018326409875, 28.568960269956193 ], [ 81.435076076846869, 28.567935833266318 ], [ 81.434965326393993, 28.567575208112014 ], [ 81.434781139133719, 28.567223832857245 ], [ 81.434419139162841, 28.566823395474252 ], [ 81.434216513538317, 28.566014083120482 ], [ 81.43432557643311, 28.565661769913735 ], [ 81.434837513641313, 28.565075770786912 ], [ 81.434945763922826, 28.564836269972485 ], [ 81.435110763850048, 28.563482082473005 ], [ 81.435393826505802, 28.563011895228581 ], [ 81.43640738880714, 28.561997895022454 ], [ 81.437423701956149, 28.561342583238048 ], [ 81.438437201580342, 28.560463957436372 ], [ 81.438815076528471, 28.560225833011927 ], [ 81.439742701970175, 28.559444458249267 ], [ 81.440693138649138, 28.558778144946178 ], [ 81.441137139054476, 28.558625458174326 ], [ 81.442013826299686, 28.558507520390112 ], [ 81.442967639105163, 28.558499895243699 ], [ 81.443223513797506, 28.558438145253916 ], [ 81.444047201117314, 28.55799995757252 ], [ 81.444547513789232, 28.557260645175361 ], [ 81.44477551407283, 28.556643957959054 ], [ 81.445076264141079, 28.556144457529236 ], [ 81.445420701581796, 28.555710083049764 ], [ 81.447112951149236, 28.554188395301509 ], [ 81.447383701912926, 28.554006958288529 ], [ 81.448203326355781, 28.553844082721898 ], [ 81.448731576920892, 28.553824270373344 ], [ 81.449873201663181, 28.553682895403036 ], [ 81.450520951557024, 28.553662644912745 ], [ 81.452134951735857, 28.553129457619757 ], [ 81.45332582617047, 28.552850144959656 ], [ 81.454426139460836, 28.552311770336239 ], [ 81.45493082699322, 28.552163457867238 ], [ 81.456086076211989, 28.552371645352114 ], [ 81.45641207696481, 28.552542019911055 ], [ 81.456613764531397, 28.552816582832278 ], [ 81.456850201091058, 28.552982769957961 ], [ 81.457601513827342, 28.553275770129989 ], [ 81.458333389009837, 28.553230395629992 ], [ 81.458417701816344, 28.553225645764652 ], [ 81.458710576448667, 28.553285582854144 ], [ 81.459927951933338, 28.55381614533454 ], [ 81.461481764484404, 28.554133520491572 ], [ 81.462583701393072, 28.554125270392827 ], [ 81.464104138878056, 28.554259957535969 ], [ 81.464500638643855, 28.554211208049693 ], [ 81.465302201568647, 28.554312270123404 ], [ 81.465567638781422, 28.554232332423052 ], [ 81.46590138890538, 28.554007895722375 ], [ 81.467209013834292, 28.553692020603261 ], [ 81.467873826742931, 28.553360332985285 ], [ 81.468149451374572, 28.553127020515173 ], [ 81.468556576315564, 28.552448770076726 ], [ 81.468850763806785, 28.551804770691476 ], [ 81.468957951905239, 28.551050895084117 ], [ 81.469174326111911, 28.550438645470265 ], [ 81.469711451233849, 28.549545582826351 ], [ 81.470420076172076, 28.548721957994005 ], [ 81.470858451585968, 28.548325582545445 ], [ 81.47111020155144, 28.548193832627483 ], [ 81.471340638871965, 28.548150207627678 ], [ 81.47277588898757, 28.548115895740423 ], [ 81.473596576109983, 28.548505583091323 ], [ 81.474087701691147, 28.548472270062714 ], [ 81.474883514064445, 28.547158707772802 ], [ 81.475130076087979, 28.54615383293487 ], [ 81.475015263624911, 28.545495458084741 ], [ 81.475503389147107, 28.544938707699579 ], [ 81.475529513996463, 28.544061020584323 ], [ 81.475634951188994, 28.543507895461126 ], [ 81.475582326395937, 28.543171895471865 ], [ 81.475991263885206, 28.54190927012219 ], [ 81.476151763854475, 28.54166727007777 ], [ 81.476876951606911, 28.540570520733329 ], [ 81.477864951345779, 28.539682645519534 ], [ 81.478812764159301, 28.539239332862316 ], [ 81.4792307016737, 28.539118332863243 ], [ 81.47951682665655, 28.539126332811662 ], [ 81.479897014088991, 28.539012145102465 ], [ 81.480528951199801, 28.538917457695824 ], [ 81.481961076503481, 28.539063520639029 ], [ 81.483062951617569, 28.538931020225668 ], [ 81.483498764004082, 28.539114458147598 ], [ 81.484152638888318, 28.5392023950407 ], [ 81.484614826372422, 28.539146583110089 ], [ 81.485320326692488, 28.53935614524395 ], [ 81.486692389365189, 28.538933832756495 ], [ 81.487016889031466, 28.538941645302152 ], [ 81.487451076338573, 28.539050707736564 ], [ 81.487891763945427, 28.539037833065308 ], [ 81.488240389105385, 28.53886964518178 ], [ 81.488940951484992, 28.538422645049426 ], [ 81.489706888643084, 28.53774302059259 ], [ 81.489845202031134, 28.537537208053152 ], [ 81.490149138817614, 28.53724733277112 ], [ 81.490413889151924, 28.536752269960381 ], [ 81.490470639130024, 28.536050520567635 ], [ 81.490361326425642, 28.535342394995006 ], [ 81.490442764544667, 28.535132270183095 ], [ 81.490693139302707, 28.534720770035968 ], [ 81.491820138663897, 28.533676582811996 ], [ 81.49294745161454, 28.532300770175311 ], [ 81.493413513862563, 28.532109583067673 ], [ 81.494280014032938, 28.532341144870774 ], [ 81.49516151435337, 28.53276202016087 ], [ 81.49623695154331, 28.53314389533644 ], [ 81.497235264435503, 28.533404207694417 ], [ 81.498475326939868, 28.533476333171631 ], [ 81.499113951390072, 28.533451457374309 ], [ 81.499721701862498, 28.533115332845153 ], [ 81.49999976391922, 28.532751020414612 ], [ 81.50013070208766, 28.532750583277068 ], [ 81.500342514590059, 28.5325738326909 ], [ 81.500802389273645, 28.531897520206694 ], [ 81.501310826355237, 28.53148952039442 ], [ 81.501841764348271, 28.531117582581565 ], [ 81.502073701213391, 28.530866270485749 ], [ 81.502858513732249, 28.530299333019247 ], [ 81.50362501366395, 28.529906208119829 ], [ 81.503944076883116, 28.529710957843974 ], [ 81.504622514183779, 28.529203083263315 ], [ 81.505048764179023, 28.529005208243085 ], [ 81.506333139054263, 28.528718395349649 ], [ 81.506761076523759, 28.528579207866191 ], [ 81.507531701864394, 28.528395832720047 ], [ 81.507871764271201, 28.528180207437373 ], [ 81.508168263705343, 28.527946707519 ], [ 81.50831476427507, 28.527734083034787 ], [ 81.508520702045416, 28.527252770598167 ], [ 81.509126889494496, 28.526343520411348 ], [ 81.509613576411212, 28.525953645496269 ], [ 81.509782638633865, 28.525779270512981 ], [ 81.510079201654534, 28.525563832501827 ], [ 81.510440951137028, 28.525348144985074 ], [ 81.511123639268419, 28.525070332996762 ], [ 81.511466326449366, 28.525008145585421 ], [ 81.512067701281794, 28.524960770636127 ], [ 81.512496514234201, 28.524877895312354 ], [ 81.512838263985188, 28.524759333097705 ], [ 81.513266263685182, 28.52465614510421 ], [ 81.513670076973483, 28.524422270362244 ], [ 81.513965638928596, 28.524130082496505 ], [ 81.51423607705145, 28.523666582847145 ], [ 81.514276201609789, 28.523512957842787 ], [ 81.514339826169035, 28.523456332504892 ], [ 81.51443851364624, 28.522995707951896 ], [ 81.514432451521856, 28.522670832726963 ], [ 81.514294201422771, 28.522213395192168 ], [ 81.514160889276752, 28.521986020587846 ], [ 81.514001576574316, 28.521528645498737 ], [ 81.513845513762348, 28.521224645751854 ], [ 81.513779451437458, 28.521168457570358 ], [ 81.513491139406682, 28.520713832507131 ], [ 81.513422326758075, 28.520483958196824 ], [ 81.513418076292425, 28.520256082500751 ], [ 81.513478201383421, 28.520023519879881 ], [ 81.513602951534125, 28.519792895570912 ], [ 81.513921326829191, 28.519597707839189 ], [ 81.514218389015596, 28.519364145372641 ], [ 81.514560201916566, 28.519263583207884 ], [ 81.514771326393372, 28.519068770006115 ], [ 81.51497963907903, 28.518702457506123 ], [ 81.515306889596374, 28.517834832373065 ], [ 81.515516138627518, 28.517527332797066 ], [ 81.51597313871109, 28.516679457580391 ], [ 81.516302076216164, 28.515908832893732 ], [ 81.516427763777784, 28.515752645016942 ], [ 81.516612576687237, 28.515291770748938 ], [ 81.516717326201103, 28.515155957700351 ], [ 81.516820951707828, 28.514925395353323 ], [ 81.517281514369103, 28.51430552056096 ], [ 81.517343389558931, 28.514151958018907 ], [ 81.517723451951383, 28.513782707565152 ], [ 81.517974701975263, 28.513454582498639 ], [ 81.518464452013603, 28.513179707922966 ], [ 81.518549014635155, 28.513100457760952 ], [ 81.519229951854584, 28.512748145531894 ], [ 81.519443513846866, 28.512668333076341 ], [ 81.519826139123708, 28.512432270370795 ], [ 81.520956638989659, 28.511956395326152 ], [ 81.521212951438912, 28.511876457373109 ], [ 81.521811889564447, 28.511734270395305 ], [ 81.522498576329738, 28.511645895598026 ], [ 81.523358013922817, 28.511615520196269 ], [ 81.524216388795921, 28.511506145608195 ], [ 81.5251612019795, 28.511455145224257 ], [ 81.525418326220858, 28.511413519910544 ], [ 81.525676389237489, 28.511428332434559 ], [ 81.526189764254639, 28.511286457489057 ], [ 81.526914014434837, 28.510911395382955 ], [ 81.527554576823235, 28.510674270447922 ], [ 81.528174263832966, 28.510473332987328 ], [ 81.529180326195018, 28.510266333003123 ], [ 81.529693576449233, 28.510106395333985 ], [ 81.530546013778434, 28.509710520132717 ], [ 81.530931201716299, 28.509609708219809 ], [ 81.531101264280039, 28.509530082642279 ], [ 81.531443827139114, 28.509449832575584 ], [ 81.53195620188589, 28.509249270136991 ], [ 81.532296201387879, 28.509053895059946 ], [ 81.53255070150459, 28.50885889526025 ], [ 81.53280363926234, 28.508605208129008 ], [ 81.533396327047711, 28.508138083003189 ], [ 81.53348251452293, 28.508117457546589 ], [ 81.533967139442197, 28.507612457752074 ], [ 81.534008264307204, 28.507535582742861 ], [ 81.53470551464828, 28.506894332729008 ], [ 81.534936577053713, 28.506622707875234 ], [ 81.53502013874963, 28.506468957496349 ], [ 81.535694013647415, 28.505751082799694 ], [ 81.535779389240574, 28.505712395181572 ], [ 81.535969389210365, 28.505535644953419 ], [ 81.536501076393748, 28.505242458218007 ], [ 81.536819201652833, 28.505006644985077 ], [ 81.537895701986216, 28.503978082845162 ], [ 81.538397013658255, 28.503242832969434 ], [ 81.538650701708534, 28.503009458027904 ], [ 81.539007139577507, 28.502545520480172 ], [ 81.539388013830347, 28.502234958158581 ], [ 81.539555388929898, 28.502001894932828 ], [ 81.539700764502044, 28.501712520143041 ], [ 81.540120202122353, 28.501189707591575 ], [ 81.540562951631301, 28.500743458198095 ], [ 81.540730076990457, 28.50047208245466 ], [ 81.540982076726479, 28.500164208030711 ], [ 81.5411625770668, 28.499998832581188 ], [ 81.541163201992134, 28.499998833067913 ], [ 81.541063326389917, 28.499060645699018 ], [ 81.541102826570963, 28.498679145531259 ], [ 81.541388951872094, 28.498075645447944 ], [ 81.54142107654279, 28.497847645467132 ], [ 81.541147888828348, 28.49722608311151 ], [ 81.540982451270395, 28.496608519994432 ], [ 81.540618451402992, 28.496097832582695 ], [ 81.540481513951292, 28.495787020665464 ], [ 81.540477639476933, 28.495403520325144 ], [ 81.540398576544817, 28.494787895487068 ], [ 81.540516763963069, 28.494561832517086 ], [ 81.540583014249094, 28.494527707568761 ], [ 81.540800513661537, 28.49447720819774 ], [ 81.540972889433675, 28.494483270535778 ], [ 81.541666138978954, 28.494570770598138 ], [ 81.541829638768775, 28.494590395578104 ], [ 81.54260313949581, 28.494636957540173 ], [ 81.542943889598689, 28.494723582810678 ], [ 81.543452451188543, 28.494915582736681 ], [ 81.543967889611636, 28.494951895377618 ], [ 81.544223639453065, 28.495018583197474 ], [ 81.54560220180673, 28.495028832466346 ], [ 81.546298139028721, 28.494901957499707 ], [ 81.546737639314003, 28.494706145001395 ], [ 81.547346826425581, 28.494593145290818 ], [ 81.547519826242365, 28.494581145678957 ], [ 81.547690513928288, 28.494625582794605 ], [ 81.547948514374212, 28.494633583149326 ], [ 81.548384701908574, 28.494534769899115 ], [ 81.549002451593722, 28.494232270135793 ], [ 81.549690389525949, 28.493796270106898 ], [ 81.550125951995682, 28.493697520032097 ], [ 81.550301826477877, 28.493626832998846 ], [ 81.550732888843044, 28.493640895060739 ], [ 81.551759264678552, 28.493830769953611 ], [ 81.552109826803289, 28.49370977026005 ], [ 81.552806264027907, 28.493562582599228 ], [ 81.554021701664567, 28.493395145291156 ], [ 81.554286013795902, 28.493270019884203 ], [ 81.554804326208753, 28.493249895591781 ], [ 81.555316388824394, 28.493383082410695 ], [ 81.555821576695706, 28.49364952071285 ], [ 81.556148638891983, 28.494045269931956 ], [ 81.556397013722759, 28.494283394890658 ], [ 81.557210389079344, 28.494886957593241 ], [ 81.55771795152053, 28.495115019872873 ], [ 81.558231639349273, 28.495189645659348 ], [ 81.558581639148841, 28.495086645226142 ], [ 81.559108576421522, 28.494876957926675 ], [ 81.559331826656063, 28.494711332338689 ], [ 81.559678389155223, 28.494206769836197 ], [ 81.55980282640725, 28.493829457447735 ], [ 81.560203639331633, 28.493078707941091 ], [ 81.560453764063752, 28.49280020793185 ], [ 81.560775701201109, 28.492352207461352 ], [ 81.561046889139888, 28.492073582790265 ], [ 81.561270138741719, 28.491910207738968 ], [ 81.561796514461918, 28.491718520650085 ], [ 81.562148013750175, 28.491669707961272 ], [ 81.562424451276172, 28.491664019851715 ], [ 81.56285826374247, 28.491601332940853 ], [ 81.563122013661456, 28.491496458179881 ], [ 81.563365888848523, 28.491353332922326 ], [ 81.564172389134583, 28.490673145472407 ], [ 81.565121764636274, 28.490188645004586 ], [ 81.565551639631664, 28.489744645154904 ], [ 81.566327388862916, 28.488796082855657 ], [ 81.566598014401492, 28.488537770458244 ], [ 81.566851514297412, 28.488182457984436 ], [ 81.567232264104717, 28.487871770112729 ], [ 81.567438889526855, 28.487591082408724 ], [ 81.568117638723734, 28.486888958107119 ], [ 81.568387576298065, 28.486630582463672 ], [ 81.568677014197505, 28.486430769850127 ], [ 81.569108013712764, 28.485966520304505 ], [ 81.569648013869013, 28.485467895382737 ], [ 81.570613764227417, 28.485082583194849 ], [ 81.571310764252516, 28.484935269850634 ], [ 81.571661264148318, 28.484811957426398 ], [ 81.572629388989824, 28.484388270232035 ], [ 81.57298382641703, 28.484170145454751 ], [ 81.573336013823777, 28.484010769873485 ], [ 81.573824639342035, 28.483701832920328 ], [ 81.574362951486648, 28.483243770007192 ], [ 81.574568952041062, 28.48298127019849 ], [ 81.574761888691242, 28.482529207868954 ], [ 81.574939827026896, 28.481923833026009 ], [ 81.574946139433763, 28.481312395371909 ], [ 81.575012827054252, 28.480777394926825 ], [ 81.575267451350612, 28.480404020192005 ], [ 81.575448952202379, 28.480200207539674 ], [ 81.57586726430354, 28.47952608238705 ], [ 81.575916326690191, 28.479392769964811 ], [ 81.575902077190989, 28.47923945765962 ], [ 81.575965389307683, 28.478783395020201 ], [ 81.576284451974473, 28.478412082725978 ], [ 81.57644026448763, 28.478300832398755 ], [ 81.576792451454466, 28.478141457484337 ], [ 81.577316888695705, 28.477988020477945 ], [ 81.578194264623306, 28.477654894869406 ], [ 81.579033826207066, 28.477206894969552 ], [ 81.580263201968364, 28.476714333016005 ], [ 81.580528577154439, 28.47657102021072 ], [ 81.581127264442387, 28.476207520262399 ], [ 81.581485139045682, 28.475914957863321 ], [ 81.582107826509869, 28.475497145235071 ], [ 81.582334889148385, 28.475236707822923 ], [ 81.582613951929986, 28.474786520016874 ], [ 81.582906701493613, 28.474510020648072 ], [ 81.5833333270824, 28.474298395238932 ], [ 81.583590451291371, 28.47417095768262 ], [ 81.58385413953161, 28.474066020495119 ], [ 81.584463702164911, 28.473932582878028 ], [ 81.584817513814954, 28.473734770562523 ], [ 81.585019014024439, 28.473569207398945 ], [ 81.585271763750839, 28.473216145256913 ], [ 81.585679201740618, 28.472790208051745 ], [ 81.586774888898901, 28.471910144851076 ], [ 81.587158889609441, 28.471520395190979 ], [ 81.58765088885086, 28.471134707715482 ], [ 81.58796757680625, 28.470801707453575 ], [ 81.588081076718694, 28.470672645028912 ], [ 81.588199201395184, 28.470446520557942 ], [ 81.588202639032772, 28.470369770565899 ], [ 81.588320764017354, 28.470145895662512 ], [ 81.588402327077887, 28.46976426996498 ], [ 81.588520389612782, 28.469540395520916 ], [ 81.588906639595407, 28.469094270617983 ], [ 81.589174264414396, 28.468892270583702 ], [ 81.589613764615223, 28.468716707521128 ], [ 81.590216451509363, 28.46873664512869 ], [ 81.590385952104128, 28.468801332390445 ], [ 81.590677639296516, 28.469021144983429 ], [ 81.591498451401876, 28.469471145223991 ], [ 81.592095389244577, 28.469606083047818 ], [ 81.592617701305159, 28.469511332743341 ], [ 81.592968576776485, 28.469369895007983 ], [ 81.593230576970797, 28.469303332350883 ], [ 81.593671076356046, 28.469087020016179 ], [ 81.594175576687732, 28.468895394864113 ], [ 81.59425563880427, 28.468829582945819 ], [ 81.594332514397379, 28.468766082464374 ], [ 81.594899639550732, 28.468136395084706 ], [ 81.59553976439652, 28.467316895314692 ], [ 81.595963763858478, 28.467005895443343 ], [ 81.596413952092988, 28.466582020097295 ], [ 81.596837327004835, 28.466271082866268 ], [ 81.59781407669594, 28.465156770180496 ], [ 81.598485701585545, 28.464605582738454 ], [ 81.598863389432353, 28.464351270472438 ], [ 81.599216638833028, 28.464171457955423 ], [ 81.600354013989616, 28.463809957428989 ], [ 81.600772201812504, 28.463614082839079 ], [ 81.601281701814813, 28.463305020142776 ], [ 81.601840326864831, 28.462867082535521 ], [ 81.602021702115209, 28.462660957751702 ], [ 81.602278889071428, 28.462210895488543 ], [ 81.602447201770872, 28.461835582714347 ], [ 81.602575451860574, 28.461379269865539 ], [ 81.60276820216724, 28.460927207873617 ], [ 81.602978639290797, 28.460551769999384 ], [ 81.603115014160124, 28.460404519979804 ], [ 81.603719201305537, 28.459907707685154 ], [ 81.60385832657191, 28.45968377040969 ], [ 81.603933013839878, 28.459455582724217 ], [ 81.603950638826618, 28.459074207844445 ], [ 81.604257389568588, 28.458472708078297 ], [ 81.604380451863321, 28.458334520375772 ], [ 81.604620827010763, 28.458064957544185 ], [ 81.605267388913759, 28.457610895102633 ], [ 81.605354077221008, 28.457594708080361 ], [ 81.605577138778088, 28.45742902020163 ], [ 81.605759139280991, 28.457225144900793 ], [ 81.605831077183808, 28.457075894849236 ], [ 81.606079764320825, 28.456817582439559 ], [ 81.60683526443249, 28.456329145363632 ], [ 81.607224826252406, 28.455826582639709 ], [ 81.607563826660325, 28.455495645164834 ], [ 81.608189139589939, 28.45501908247688 ], [ 81.608364889468987, 28.454950582787497 ], [ 81.608655826636266, 28.45471239509931 ], [ 81.608743701339137, 28.454675895235184 ], [ 81.608946263973493, 28.454492270604202 ], [ 81.609127138797234, 28.454308770403614 ], [ 81.609334763935919, 28.454009957820581 ], [ 81.609477888889614, 28.453709270508096 ], [ 81.60965988951385, 28.453505395611238 ], [ 81.609901826763107, 28.453400457631005 ], [ 81.610094201554574, 28.453444770081816 ], [ 81.61060095205103, 28.453672645664966 ], [ 81.611104889423629, 28.453956895408787 ], [ 81.611613389538121, 28.454146394907326 ], [ 81.611949514336601, 28.45432989530568 ], [ 81.612374701672707, 28.454458832685443 ], [ 81.612631576558854, 28.454507269794743 ], [ 81.612804451486582, 28.454492957968959 ], [ 81.613586201946873, 28.454367645314822 ], [ 81.61393770175907, 28.454228395123359 ], [ 81.614825451963029, 28.453667082809122 ], [ 81.615162639031638, 28.453372332406946 ], [ 81.6154284514582, 28.453210894914335 ], [ 81.615676077145707, 28.452991020263369 ], [ 81.615904264255491, 28.452712395226875 ], [ 81.616243701488798, 28.452361270219392 ], [ 81.616587639159775, 28.451915145329277 ], [ 81.617099888834957, 28.451091582353854 ], [ 81.617621763717267, 28.450518458105101 ], [ 81.617959451776741, 28.45020552046023 ], [ 81.61841807654092, 28.449612332684627 ], [ 81.618816326447927, 28.449396207550748 ], [ 81.619152326255701, 28.449121708051898 ], [ 81.619379326832757, 28.448861207670138 ], [ 81.619534514744899, 28.448772519998787 ], [ 81.619737014195664, 28.448588832555298 ], [ 81.620203077178928, 28.4482978948773 ], [ 81.620935451337942, 28.447369644962276 ], [ 81.621966889337216, 28.44650976988131 ], [ 81.622411264731184, 28.446218958009549 ], [ 81.622679952089285, 28.445998895103003 ], [ 81.622766638913475, 28.445982708121676 ], [ 81.623364514513, 28.445641519935084 ], [ 81.623978951783243, 28.445395019839733 ], [ 81.624328701819493, 28.445291895473968 ], [ 81.624985139028055, 28.445144457893637 ], [ 81.624999826558877, 28.445148957640239 ], [ 81.625169952214648, 28.445206832856144 ], [ 81.625495638878476, 28.445137644813173 ], [ 81.626272638772917, 28.445079957916708 ], [ 81.626924952178541, 28.444885082353089 ], [ 81.62766613963754, 28.444597457374346 ], [ 81.628061014730676, 28.444356519898452 ], [ 81.628371451890473, 28.444077582707994 ], [ 81.628970014302169, 28.443535583061717 ], [ 81.629172639014172, 28.443254895362088 ], [ 81.629198764349908, 28.44239289517294 ], [ 81.629637827200995, 28.44142752036559 ], [ 81.629931889294511, 28.44097489533663 ], [ 81.630420014440887, 28.440528207327421 ], [ 81.631362826743739, 28.439285207458035 ], [ 81.631725138921993, 28.438719457417211 ], [ 81.632067264017167, 28.438097457492727 ], [ 81.63226982652364, 28.437814520587281 ], [ 81.632611951782337, 28.437190207876899 ], [ 81.633373951819266, 28.436232332363474 ], [ 81.634234639733563, 28.435565020278307 ], [ 81.635021701896221, 28.435180020351972 ], [ 81.63570257696864, 28.434757145460594 ], [ 81.63601351429341, 28.434457957465344 ], [ 81.636277826587417, 28.434271707485596 ], [ 81.636868264537341, 28.43398014487785 ], [ 81.637522639246001, 28.433708644882348 ], [ 81.638306513757371, 28.433438707503605 ], [ 81.638393263850887, 28.433422520105474 ], [ 81.638458139348714, 28.433404145240498 ], [ 81.639045951866422, 28.433207394883251 ], [ 81.639308639712283, 28.433061708003411 ], [ 81.64028913892497, 28.43270070728531 ], [ 81.64074838967359, 28.432463894919866 ], [ 81.641598888829108, 28.432119207323833 ], [ 81.641884389407352, 28.431953144961735 ], [ 81.642061389233888, 28.431785332544226 ], [ 81.642677701953076, 28.431360582624972 ], [ 81.643120826451863, 28.430968145064714 ], [ 81.643450639083511, 28.430747769921169 ], [ 81.644233327090888, 28.430498082629168 ], [ 81.644781452087472, 28.430184207873562 ], [ 81.645092326769458, 28.429884895169597 ], [ 81.645688576586366, 28.429401582603834 ], [ 81.647077889693648, 28.427655394833725 ], [ 81.647392388954046, 28.427220770404535 ], [ 81.64750507633309, 28.427071332896123 ], [ 81.64780582709453, 28.426388519904773 ], [ 81.647832326560859, 28.426216957370979 ], [ 81.647949264290432, 28.425934332504116 ], [ 81.648087264240317, 28.425649332824115 ], [ 81.64824476423567, 28.425423082724365 ], [ 81.648523952048365, 28.424740395626838 ], [ 81.648820014560329, 28.424231332491843 ], [ 81.649293701311123, 28.423534145215591 ], [ 81.649494451568657, 28.423289582330824 ], [ 81.649626576788975, 28.423196395192598 ], [ 81.649850827013339, 28.422915644976772 ], [ 81.650161139174756, 28.422636582390943 ], [ 81.650821139132148, 28.422173208150038 ], [ 81.651213826541891, 28.422008894993631 ], [ 81.652856889265777, 28.421091770443457 ], [ 81.653052451510518, 28.421038958146049 ], [ 81.653382763956103, 28.420798207969217 ], [ 81.65390751447481, 28.420540770076194 ], [ 81.654632139373959, 28.420099583157079 ], [ 81.654827076571678, 28.420046770042905 ], [ 81.655351389318298, 28.419809519774365 ], [ 81.656264014130898, 28.419543458060723 ], [ 81.656525576627772, 28.41943620741888 ], [ 81.656919264772, 28.419233457604989 ], [ 81.657075639335702, 28.419045457922358 ], [ 81.657622702095551, 28.41877208303741 ], [ 81.658065639283691, 28.418379645214038 ], [ 81.658492202157944, 28.417815770426792 ], [ 81.658606264623003, 28.417589645260787 ], [ 81.658899576391704, 28.417155020175652 ], [ 81.659150514362793, 28.416666457503478 ], [ 81.659220514741804, 28.416530770270676 ], [ 81.659580076356647, 28.41608008281716 ], [ 81.659853514648816, 28.415627520330005 ], [ 81.660229951808375, 28.415312144835614 ], [ 81.660624202219978, 28.415109395620675 ], [ 81.660950326995007, 28.415022082519549 ], [ 81.661404827230101, 28.414956708087839 ], [ 81.661856076309576, 28.414986082858135 ], [ 81.662506077119744, 28.414867832584783 ], [ 81.663153389248819, 28.414824082549305 ], [ 81.664185827040299, 28.414848395547459 ], [ 81.664764951731442, 28.414920019900411 ], [ 81.664916577035299, 28.414885458121805 ], [ 81.665238389268325, 28.414931207456405 ], [ 81.665625702294932, 28.414940644875244 ], [ 81.665950139045577, 28.414889395454974 ], [ 81.666468013798635, 28.414864395114364 ], [ 81.666666576936095, 28.414883644924782 ], [ 81.66672532704743, 28.414890145661779 ], [ 81.667440576602814, 28.414794145541514 ], [ 81.667633889092443, 28.414797707902402 ], [ 81.66848295198146, 28.414572395017416 ], [ 81.669205514702725, 28.414228269840336 ], [ 81.66992607705447, 28.413960645232159 ], [ 81.670848577116928, 28.413448520587011 ], [ 81.671110701344233, 28.413341145513304 ], [ 81.671567389231228, 28.413219332493547 ], [ 81.671889201842006, 28.413265145380873 ], [ 81.67214445227124, 28.413367645407739 ], [ 81.672711327267393, 28.413820582616776 ], [ 81.673027701463283, 28.414019895624119 ], [ 81.673835326672773, 28.415015332631683 ], [ 81.674070702248471, 28.415709020133459 ], [ 81.674060514623051, 28.416013645190144 ], [ 81.67430395189686, 28.416477207319573 ], [ 81.674279638997717, 28.416666894897787 ], [ 81.674274701920382, 28.416707520606849 ], [ 81.674329139660216, 28.417032144898666 ], [ 81.674474077027966, 28.417245707598141 ], [ 81.674725513833081, 28.417463333070902 ], [ 81.675110951611757, 28.417567457537071 ], [ 81.675562701387804, 28.417578770522915 ], [ 81.676082826694568, 28.417497207321933 ], [ 81.676477139171425, 28.417296708090348 ], [ 81.676741827168172, 28.417094582459125 ], [ 81.67752720192972, 28.416788395358171 ], [ 81.677769514079003, 28.416667582969058 ], [ 81.67785538942482, 28.416624332675003 ], [ 81.678121326678621, 28.416401895216609 ], [ 81.678650576815485, 28.41605408314566 ], [ 81.679045951344477, 28.415833207917064 ], [ 81.679419702255842, 28.415614770105019 ], [ 81.680409326880095, 28.415027769955994 ], [ 81.680585389710501, 28.414918582345784 ], [ 81.680717513995219, 28.414825394858685 ], [ 81.681115076495146, 28.414548208074219 ], [ 81.682421451916127, 28.413512832688429 ], [ 81.68293370160842, 28.413009394797584 ], [ 81.683450326911256, 28.412390895084378 ], [ 81.683761201528853, 28.412114082877217 ], [ 81.683894451428955, 28.412000582652059 ], [ 81.684091513948346, 28.411891332429192 ], [ 81.684222076549972, 28.411856832341908 ], [ 81.68435482643828, 28.411765895124471 ], [ 81.684687326776256, 28.411486707926727 ], [ 81.68479838975945, 28.411393645022542 ], [ 81.684908764483893, 28.41130064518693 ], [ 81.685172076613597, 28.411175207987025 ], [ 81.686017702087085, 28.411024269979272 ], [ 81.686730076905846, 28.410984582836114 ], [ 81.687311389137761, 28.410999708039316 ], [ 81.687826639037681, 28.411069332349332 ], [ 81.688343514747743, 28.411082519767305 ], [ 81.688796952071115, 28.411055395502597 ], [ 81.689123014281535, 28.410968020307596 ], [ 81.68938513905654, 28.410860645017777 ], [ 81.690001451316988, 28.410473957301434 ], [ 81.69009032682446, 28.410401332633398 ], [ 81.690338889062474, 28.410063894764196 ], [ 81.690716264677448, 28.40972808308603 ], [ 81.691007577122178, 28.409392707676929 ], [ 81.691396764415146, 28.408713895354587 ], [ 81.691508326871897, 28.408602769805434 ], [ 81.691877389078925, 28.407865395498405 ], [ 81.69230188907612, 28.407418770306819 ], [ 81.69259538968366, 28.407024707397856 ], [ 81.693195889416685, 28.406466645247022 ], [ 81.693420514693074, 28.406185770324662 ], [ 81.69362938970464, 28.405733457457377 ], [ 81.693578264689947, 28.405329832484455 ], [ 81.693607076382122, 28.40447014502789 ], [ 81.693658951661263, 28.404205894909843 ], [ 81.693690764056697, 28.40390114474992 ], [ 81.693810764484198, 28.403521520034801 ], [ 81.693845326542899, 28.403140020491506 ], [ 81.693917201855129, 28.402911832615423 ], [ 81.694118076974632, 28.402707707790697 ], [ 81.694293577308855, 28.402616582733916 ], [ 81.694626014205738, 28.402337395538275 ], [ 81.694783014013836, 28.402151582512477 ], [ 81.695116576896766, 28.401854332439001 ], [ 81.695336451632599, 28.40172458259817 ], [ 81.695535701979679, 28.401558894920242 ], [ 81.695714889072647, 28.401352644942101 ], [ 81.696313764523836, 28.400851020007384 ], [ 81.696498264663461, 28.400475583044567 ], [ 81.696817576844964, 28.399948208067084 ], [ 81.697265264290408, 28.399442832958709 ], [ 81.697752639052112, 28.399054520538783 ], [ 81.698060701689585, 28.398852145439296 ], [ 81.698761014589167, 28.398543957656745 ], [ 81.699195389657731, 28.398440207653596 ], [ 81.699523576495295, 28.398296395555615 ], [ 81.699765014743562, 28.398148582416962 ], [ 81.700113889098617, 28.398043020621245 ], [ 81.700465827168983, 28.397822269908719 ], [ 81.700731639791798, 28.397599833111443 ], [ 81.700973202049084, 28.397472207727326 ], [ 81.701593138864027, 28.396972708109793 ], [ 81.70210470166036, 28.396489457393596 ], [ 81.702395889599075, 28.396151832807828 ], [ 81.702599951979607, 28.395852957585607 ], [ 81.70306095230913, 28.394945895514461 ], [ 81.703159826719656, 28.394566332513431 ], [ 81.703323201576353, 28.394188707839309 ], [ 81.703550452069109, 28.393831082363942 ], [ 81.70377351468683, 28.393608832684595 ], [ 81.704326264381905, 28.393181769983102 ], [ 81.705342014104261, 28.392443270331938 ], [ 81.706044264543308, 28.392060645592622 ], [ 81.706655202201262, 28.391845395146749 ], [ 81.707696639403864, 28.391623395017334 ], [ 81.708333201732145, 28.391430582838627 ], [ 81.708393701968348, 28.391412207548321 ], [ 81.709349576945527, 28.391186144966266 ], [ 81.71012907634875, 28.391091833049568 ], [ 81.710808639678788, 28.390745332475412 ], [ 81.711384701473463, 28.390282082475014 ], [ 81.711977576510208, 28.389951832558737 ], [ 81.712177389436874, 28.389786020378633 ], [ 81.712447514024362, 28.389448520578853 ], [ 81.712906327080532, 28.388618145384868 ], [ 81.71317257658896, 28.388377582406566 ], [ 81.71370101392381, 28.388045395269359 ], [ 81.714034077166929, 28.38776839484763 ], [ 81.714191389708674, 28.387560020390449 ], [ 81.71441182632995, 28.38741452042898 ], [ 81.715497826877595, 28.386522145393567 ], [ 81.715739826782041, 28.386376458080665 ], [ 81.716436826689645, 28.3861629573403 ], [ 81.716812514402775, 28.385885770115685 ], [ 81.716991702080406, 28.385681770341964 ], [ 81.717268139184156, 28.385152394919661 ], [ 81.71762951458507, 28.384645082966845 ], [ 81.717964076921831, 28.384311645391694 ], [ 81.718359827045944, 28.384074957357392 ], [ 81.71842626450551, 28.384000144817094 ], [ 81.719385201643661, 28.383663457902657 ], [ 81.719737076727782, 28.383444958040254 ], [ 81.720086889296795, 28.383303270031391 ], [ 81.720612514431181, 28.38303202051717 ], [ 81.721660701934042, 28.382602269921094 ], [ 81.722269764695, 28.38240958312273 ], [ 81.723051639765885, 28.382222582248652 ], [ 81.7235684514024, 28.382235707595079 ], [ 81.724503014477264, 28.382643644794484 ], [ 81.725102702085493, 28.382755520014161 ], [ 81.725783764818189, 28.383020332621808 ], [ 81.726042077247925, 28.383028082807911 ], [ 81.726215389712607, 28.382995457272042 ], [ 81.726502264186479, 28.382793144865428 ], [ 81.726547702304671, 28.382718457527023 ], [ 81.726768514638323, 28.382552583026218 ], [ 81.726992514821248, 28.382291957379991 ], [ 81.727278826838884, 28.382091895371076 ], [ 81.727370264737331, 28.381940207428446 ], [ 81.727569389776491, 28.381774457725005 ], [ 81.728535702081729, 28.381212020415095 ], [ 81.728801326625216, 28.380989457901162 ], [ 81.72920382735451, 28.380524833138292 ], [ 81.729825577188407, 28.379953019978203 ], [ 81.730406077289203, 28.379320395622891 ], [ 81.730892076899536, 28.378952332940642 ], [ 81.731353764432228, 28.378661019761701 ], [ 81.731876764450902, 28.378484520083529 ], [ 81.732402889143899, 28.378195145521634 ], [ 81.733188952074173, 28.377872832525071 ], [ 81.733537076555251, 28.377769395448489 ], [ 81.733866701968125, 28.377566769777236 ], [ 81.73404163975772, 28.377495957478722 ], [ 81.734735701656405, 28.377343333036713 ], [ 81.735166327323356, 28.377356770142416 ], [ 81.735856763905545, 28.377316957666281 ], [ 81.736545639375365, 28.377335833045823 ], [ 81.73715263943393, 28.377219707647509 ], [ 81.737757639649899, 28.377180332859307 ], [ 81.73879770164406, 28.37697845764491 ], [ 81.739231951376993, 28.376876832861115 ], [ 81.739582826717893, 28.376696645247105 ], [ 81.739843764184513, 28.376627582241269 ], [ 81.740192889334182, 28.376483520487376 ], [ 81.740711576692959, 28.376422082958914 ], [ 81.741055514192666, 28.376449520488272 ], [ 81.741748638886804, 28.376335208043962 ], [ 81.742622389478058, 28.375960457793614 ], [ 81.742777139006748, 28.375851270040869 ], [ 81.743039201534629, 28.375743832759312 ], [ 81.743820389168249, 28.375554582905394 ], [ 81.744079264394301, 28.375544145271625 ], [ 81.744336076443091, 28.375608144957042 ], [ 81.744594389671263, 28.375613520070473 ], [ 81.745200826424949, 28.375515457628097 ], [ 81.745718576616525, 28.375492269887715 ], [ 81.746404264839754, 28.375605895627739 ], [ 81.746533639008135, 28.375591645026727 ], [ 81.747593389303844, 28.375468520516467 ], [ 81.748627264808007, 28.375476332930209 ], [ 81.748887764450856, 28.375427519948133 ], [ 81.749583952155575, 28.375216082551074 ], [ 81.749782576504103, 28.375070645279216 ], [ 81.750000264600288, 28.375013082504537 ], [ 81.75005307703141, 28.374999270041538 ], [ 81.750107201489087, 28.374985395326672 ], [ 81.750342514361378, 28.374984019763914 ], [ 81.750707327119883, 28.374986645505501 ], [ 81.751783327289843, 28.374633270631108 ], [ 81.752105139234857, 28.374597645167359 ], [ 81.752685202105482, 28.374468020534067 ], [ 81.753135202173269, 28.37443401973729 ], [ 81.753651327282455, 28.374284520200746 ], [ 81.754038076872149, 28.374230457883662 ], [ 81.754317889121509, 28.374118395036003 ], [ 81.75464182724312, 28.373929270316331 ], [ 81.754901826690315, 28.373722582539155 ], [ 81.755207889031169, 28.373267395142882 ], [ 81.755796389653113, 28.372528645041079 ], [ 81.755971701885244, 28.372243394954129 ], [ 81.756193139581498, 28.371730020325376 ], [ 81.756280327382115, 28.371614457970303 ], [ 81.756605013952779, 28.371350957348216 ], [ 81.757446951916961, 28.370919895578247 ], [ 81.757899327022287, 28.370694020174078 ], [ 81.758050514697544, 28.370598395421716 ], [ 81.758568014214632, 28.370374394750737 ], [ 81.759086263980919, 28.370073707298676 ], [ 81.759473576456458, 28.369922645134931 ], [ 81.760053264113594, 28.369833707521128 ], [ 81.760631702250436, 28.369837269809107 ], [ 81.761976264127171, 28.370229020359218 ], [ 81.762486889368745, 28.37048108246179 ], [ 81.763126764784062, 28.37067839504336 ], [ 81.763319452132606, 28.370697582368813 ], [ 81.763575139774446, 28.370777395558047 ], [ 81.763831639117356, 28.370796269985917 ], [ 81.764344201954032, 28.370953582430744 ], [ 81.764664639576068, 28.370994645481428 ], [ 81.765757639723049, 28.370984020315799 ], [ 81.766079326811024, 28.370930269802795 ], [ 81.767112389233844, 28.370574770399621 ], [ 81.767501076986221, 28.370349270050735 ], [ 81.767889076517562, 28.37020039501564 ], [ 81.768498077244445, 28.37003002044818 ], [ 81.768133452252798, 28.369515394865285 ], [ 81.768050139299888, 28.369362457920744 ], [ 81.768052139274658, 28.369209020254569 ], [ 81.76797088893872, 28.368902644824182 ], [ 81.767867889706878, 28.368596394832515 ], [ 81.767742451543754, 28.36836702030784 ], [ 81.767619951473989, 28.367907457507432 ], [ 81.767561826486229, 28.367449707911689 ], [ 81.767591889202649, 28.366840457572714 ], [ 81.767550577349638, 28.366687270221469 ], [ 81.767574389828027, 28.366533707232126 ], [ 81.767533702286954, 28.366380520179664 ], [ 81.767536577012791, 28.366152644861334 ], [ 81.767433577044812, 28.365846395483391 ], [ 81.767245202109677, 28.365538332329965 ], [ 81.767142202239143, 28.365234332654218 ], [ 81.766973639572328, 28.365023207220613 ], [ 81.766889014851245, 28.364965020398419 ], [ 81.766678952265153, 28.364657145154929 ], [ 81.76560070204215, 28.363600519759679 ], [ 81.765580389532133, 28.363523957626768 ], [ 81.765370264311329, 28.363216020006103 ], [ 81.765117076835168, 28.362946707461649 ], [ 81.765033326606869, 28.362814082897675 ], [ 81.764504201990007, 28.362313957218817 ], [ 81.764334514610269, 28.362215644764603 ], [ 81.764165576822933, 28.362042832963088 ], [ 81.763618452007051, 28.361332957494543 ], [ 81.763452452097795, 28.360948082332335 ], [ 81.763033701539769, 28.360350332886142 ], [ 81.762613076986398, 28.359847270419959 ], [ 81.762149014404599, 28.359421207520235 ], [ 81.761939139472531, 28.359131332401521 ], [ 81.761855701920439, 28.35897839551582 ], [ 81.761612577321074, 28.358057020321411 ], [ 81.761616076736786, 28.357826832695803 ], [ 81.76157813968527, 28.357520145098015 ], [ 81.761536139044878, 28.357443708026363 ], [ 81.761538201715624, 28.357290332971367 ], [ 81.761355264856775, 28.356675395148972 ], [ 81.761258576998557, 28.355985582414821 ], [ 81.76109257740363, 28.355600707507673 ], [ 81.761095327130917, 28.355447269760038 ], [ 81.76092932677976, 28.355062395575256 ], [ 81.760848701606051, 28.354756020564682 ], [ 81.760536951885129, 28.354139582834993 ], [ 81.75959351474917, 28.352829519928939 ], [ 81.758897013958119, 28.352170082885561 ], [ 81.758685513884288, 28.352015582890168 ], [ 81.75839151457734, 28.351647207663408 ], [ 81.757632139746335, 28.350931707886378 ], [ 81.756892576865425, 28.350310895370338 ], [ 81.756661452263259, 28.350000833079289 ], [ 81.756286013939828, 28.3493847072587 ], [ 81.755954014733589, 28.348691644855204 ], [ 81.755750201788643, 28.348000083036311 ], [ 81.755212264772922, 28.346769020252673 ], [ 81.754962264332917, 28.346307895343216 ], [ 81.754778013990347, 28.345769707757984 ], [ 81.75427538983412, 28.345018894735652 ], [ 81.754026763885562, 28.344478832215849 ], [ 81.753795826506533, 28.34418902040597 ], [ 81.753441452160459, 28.343572832457145 ], [ 81.753157827078653, 28.342498207684866 ], [ 81.753162014184369, 28.342191332930426 ], [ 81.753002326781029, 28.341425145388019 ], [ 81.753010639362998, 28.340888145193805 ], [ 81.753101702364489, 28.340506332294012 ], [ 81.753103764143447, 28.340352895261898 ], [ 81.753006389355164, 28.339739770188459 ], [ 81.753130264428222, 28.338592895503901 ], [ 81.753114826451011, 28.338209520571585 ], [ 81.753054639371015, 28.33790302020963 ], [ 81.753059514474344, 28.337598394781548 ], [ 81.753225389894155, 28.336528082481692 ], [ 81.753878514426958, 28.334313457281162 ], [ 81.753885452218753, 28.333855395287767 ], [ 81.753848326639229, 28.333472020180277 ], [ 81.753814201378717, 28.333334707724408 ], [ 81.753505138976905, 28.332090957246947 ], [ 81.753320951710222, 28.331555019862709 ], [ 81.752926701688978, 28.330785645180558 ], [ 81.752337576969438, 28.330051082451337 ], [ 81.752212264653252, 28.329821645440958 ], [ 81.751874889020669, 28.329433145368924 ], [ 81.751599639618973, 28.329182020328275 ], [ 81.751347764846201, 28.328815644782686 ], [ 81.751073389574174, 28.328505770085275 ], [ 81.750544701582058, 28.328021395391168 ], [ 81.750027889520922, 28.327679020491598 ], [ 81.749999764193802, 28.327670145184232 ], [ 81.749270889486056, 28.327455332502296 ], [ 81.748615451991824, 28.326894895471675 ], [ 81.748362889115256, 28.326605207949118 ], [ 81.74813382682521, 28.326202645291627 ], [ 81.747897577274045, 28.325055519785312 ], [ 81.747907326751644, 28.324541082950468 ], [ 81.747849764097296, 28.324142019810964 ], [ 81.747839327087618, 28.323569019729408 ], [ 81.747514701394948, 28.322535270444664 ], [ 81.74709745184235, 28.321844894893577 ], [ 81.746745202201211, 28.321154208031281 ], [ 81.7464926397206, 28.320864520304568 ], [ 81.746179014253059, 28.320403770510488 ], [ 81.745800139472095, 28.319999707212606 ], [ 81.745509076376507, 28.319480082291481 ], [ 81.745304826470885, 28.318905895400508 ], [ 81.745211951507684, 28.318105457641465 ], [ 81.74524757723043, 28.317363019874996 ], [ 81.745316139791669, 28.317134769697486 ], [ 81.745851639763799, 28.316055645261656 ], [ 81.746099701656917, 28.315429332501573 ], [ 81.746259889320584, 28.314918582262077 ], [ 81.746380076784433, 28.314234270099313 ], [ 81.746668389415206, 28.313722832530448 ], [ 81.746781139732107, 28.31343795795819 ], [ 81.74687276419003, 28.313135082637036 ], [ 81.747066389658329, 28.313118270054204 ], [ 81.747650077250086, 28.312916520406681 ], [ 81.747932576413319, 28.312750269857368 ], [ 81.748304327383877, 28.312412082631052 ], [ 81.749079452320586, 28.312326582634174 ], [ 81.749852639740922, 28.312335895110653 ], [ 81.749999951791082, 28.311983082196601 ], [ 81.750062639064794, 28.311831582746883 ], [ 81.750368763993208, 28.311394457913376 ], [ 81.750940076431831, 28.310349020352984 ], [ 81.75113520207222, 28.310178707202436 ], [ 81.751286201900385, 28.310085395076115 ], [ 81.751759014491427, 28.309976708007749 ], [ 81.752646389817656, 28.309279207796628 ], [ 81.752732827349917, 28.309242644855441 ], [ 81.752863202248435, 28.30911108224273 ], [ 81.753121826631471, 28.308999082868702 ], [ 81.75346707735136, 28.30879183243319 ], [ 81.753683889539857, 28.308623707270652 ], [ 81.754075702304633, 28.308150020415233 ], [ 81.754487077349694, 28.30782964504829 ], [ 81.754897201558094, 28.307604020191754 ], [ 81.755328014122369, 28.307418832772228 ], [ 81.755585639500524, 28.3073452072259 ], [ 81.755928577293787, 28.307347832368443 ], [ 81.756099014856758, 28.307389770084793 ], [ 81.756784202257791, 28.307397332196398 ], [ 81.757382139648101, 28.307499957999855 ], [ 81.757639638891476, 28.307503082690406 ], [ 81.758151702191682, 28.307624332880295 ], [ 81.759004014281061, 28.30792189535266 ], [ 81.759090076831441, 28.30792139529521 ], [ 81.759260139267653, 28.308001707437477 ], [ 81.759687263901796, 28.30810083273871 ], [ 81.761050952105251, 28.308596394905482 ], [ 81.761563389702232, 28.308697269696879 ], [ 81.762159264703627, 28.308953519873061 ], [ 81.762415264856372, 28.309015145449941 ], [ 81.763014202094453, 28.309079519711851 ], [ 81.763447452219111, 28.308702582476748 ], [ 81.763754701745313, 28.308170645228561 ], [ 81.763998889377021, 28.307560207419318 ], [ 81.764500201615377, 28.306896269783355 ], [ 81.765195889270885, 28.306141082415611 ], [ 81.765563764415461, 28.305895333005072 ], [ 81.765867576720538, 28.305593520284425 ], [ 81.766018577107573, 28.305500207237969 ], [ 81.766432326509886, 28.304988019881829 ], [ 81.767001452203232, 28.304095895287595 ], [ 81.767244264813456, 28.303562082351888 ], [ 81.76748501478383, 28.303183957557824 ], [ 81.767749514600538, 28.302650020120751 ], [ 81.768076452338519, 28.302214957793101 ], [ 81.768187014178523, 28.30198645727911 ], [ 81.768471202182113, 28.301531395514004 ], [ 81.768536452039186, 28.301474707280896 ], [ 81.768558764572703, 28.301397769691423 ], [ 81.769233389516202, 28.300640457779107 ], [ 81.769836202110639, 28.30036176999841 ], [ 81.770351264833025, 28.300291207607781 ], [ 81.771379201752126, 28.300283144826558 ], [ 81.771980889834495, 28.300119645159906 ], [ 81.77241213924826, 28.299914082389222 ], [ 81.772714638942773, 28.299707019799893 ], [ 81.773148701688115, 28.299271457503895 ], [ 81.773606451590069, 28.298684394816885 ], [ 81.773997076747335, 28.298325769903556 ], [ 81.774301639442228, 28.297965332619299 ], [ 81.774648202054124, 28.297683582901769 ], [ 81.775230452008586, 28.297382457728229 ], [ 81.775574014845603, 28.297310582300625 ], [ 81.776001326931151, 28.297353269954112 ], [ 81.776172077246642, 28.297433519806582 ], [ 81.776428389273079, 28.297454644830676 ], [ 81.776684514879335, 28.297534394912159 ], [ 81.776855326461245, 28.297535707593759 ], [ 81.777282514799239, 28.29765733293879 ], [ 81.77824301469559, 28.297839145398889 ], [ 81.778672326716986, 28.297807332284293 ], [ 81.77893001430472, 28.297751770416497 ], [ 81.779187952052169, 28.297639644864958 ], [ 81.779684764128774, 28.297341332854625 ], [ 81.779880327065641, 28.297150708053792 ], [ 81.780398889490087, 28.296775457768518 ], [ 81.780812326560891, 28.296321895271515 ], [ 81.781162076792086, 28.295789645054644 ], [ 81.781552576395313, 28.295410645463708 ], [ 81.782070764632508, 28.295073770536774 ], [ 81.782243076538848, 28.295018645213212 ], [ 81.782414827144692, 28.294981582974138 ], [ 81.782842639832381, 28.295006207173795 ], [ 81.783440639395437, 28.295126832817289 ], [ 81.784378826436196, 28.29540576981222 ], [ 81.785062764664133, 28.295510082641893 ], [ 81.785318264100411, 28.29558983258427 ], [ 81.785746577409554, 28.29559414526625 ], [ 81.786089326627902, 28.295580895374925 ], [ 81.786604701555163, 28.295471894803743 ], [ 81.787033014640102, 28.295476207931923 ], [ 81.78791432741356, 28.295218457255899 ], [ 81.788194451807001, 28.295088207748702 ], [ 81.788950826887088, 28.294560394942806 ], [ 81.789189888940996, 28.294315395002855 ], [ 81.789343076969189, 28.294088895077671 ], [ 81.789825014856376, 28.293251332301477 ], [ 81.790002639191954, 28.292794520363035 ], [ 81.790295577216668, 28.291727957301251 ], [ 81.790306576410899, 28.29166695789846 ], [ 81.790412326970369, 28.291059457184506 ], [ 81.790448951468846, 28.290064270326646 ], [ 81.790650139039542, 28.289609645398624 ], [ 81.790740951969411, 28.289304582659476 ], [ 81.790813389846278, 28.288848332944209 ], [ 81.791039639575445, 28.288165708031986 ], [ 81.791171826952251, 28.287937019802566 ], [ 81.791588077306685, 28.287447332248163 ], [ 81.791666577364296, 28.287374644861909 ], [ 81.792132326537455, 28.286938770165708 ], [ 81.792484827114905, 28.286352394912164 ], [ 81.792554576827385, 28.286047395011114 ], [ 81.792516639660988, 28.285743020252653 ], [ 81.792571389690494, 28.285054645424697 ], [ 81.79253220242822, 28.284826957378616 ], [ 81.792608014827735, 28.28414064514789 ], [ 81.79269876475, 28.283835519930179 ], [ 81.792961889175885, 28.283477520077199 ], [ 81.793117014303775, 28.283174332688986 ], [ 81.793884264181955, 28.282152332931666 ], [ 81.793996077213734, 28.281849332211557 ], [ 81.794044139525326, 28.281544582428747 ], [ 81.794029202305694, 28.281163269745331 ], [ 81.793887514361728, 28.280701582874254 ], [ 81.793804201483866, 28.280548645070354 ], [ 81.79364963930766, 28.279554582146705 ], [ 81.793507264728959, 28.279092894670089 ], [ 81.793491638943379, 28.278788395083154 ], [ 81.793287701869176, 28.278175957636673 ], [ 81.793290327004669, 28.278022520143857 ], [ 81.793230014646255, 28.277792707232454 ], [ 81.793351264405658, 28.276954957847316 ], [ 81.793531452275829, 28.276421457745027 ], [ 81.793753639778089, 28.27596670784337 ], [ 81.793797202279961, 28.275910082505433 ], [ 81.793886264226487, 28.275720019780351 ], [ 81.794150639084947, 28.275285269897445 ], [ 81.794591639621729, 28.274526894901957 ], [ 81.794964264873315, 28.273999082697706 ], [ 81.795095202214839, 28.273867457305045 ], [ 81.795440701925259, 28.27371877007122 ], [ 81.795783701807565, 28.273664895258761 ], [ 81.796124827405265, 28.273784770337951 ], [ 81.796722264079079, 28.273925645499371 ], [ 81.797235889195989, 28.273933957195112 ], [ 81.797407139542273, 28.27391714464671 ], [ 81.797751638973807, 28.273806832204002 ], [ 81.798097138934637, 28.273658207550266 ], [ 81.798270264564209, 28.273546645233537 ], [ 81.798442514253921, 28.273491520015686 ], [ 81.798958451561404, 28.273384645493856 ], [ 81.79938713968896, 28.273370894859294 ], [ 81.799898514022132, 28.273510020249958 ], [ 81.800152764385473, 28.273686770471503 ], [ 81.80074163954859, 28.27430377044789 ], [ 81.801935577373456, 28.275905395008209 ], [ 81.802821451907192, 28.276698895048284 ], [ 81.803095201857133, 28.277008582337128 ], [ 81.803391139350808, 28.277221207331337 ], [ 81.80368626406046, 28.277492457883497 ], [ 81.803980576953904, 28.277822457621049 ], [ 81.804233889452888, 28.278035207363271 ], [ 81.804275889830677, 28.278111707763678 ], [ 81.804675889893232, 28.278517645479692 ], [ 81.805011952442186, 28.278980457478706 ], [ 81.805643952234362, 28.279730332207667 ], [ 81.806237576869719, 28.280211894995052 ], [ 81.806634514360397, 28.280884144899339 ], [ 81.806820889218343, 28.281343270015473 ], [ 81.807008889700853, 28.28168964507103 ], [ 81.807260639106858, 28.282035582195267 ], [ 81.807642264379169, 28.282362707976141 ], [ 81.808216639671386, 28.282654895352206 ], [ 81.808729513942396, 28.282814270469849 ], [ 81.809243639267805, 28.282876645495723 ], [ 81.809586451727142, 28.282881458016991 ], [ 81.81027320190681, 28.282868332928235 ], [ 81.810617577406305, 28.282816645009586 ], [ 81.810961577140347, 28.282724332959432 ], [ 81.811566701470369, 28.282445520213699 ], [ 81.811999139330027, 28.282242145345588 ], [ 81.812779014803468, 28.281736645022576 ], [ 81.812975139805729, 28.281548207979544 ], [ 81.813407826909412, 28.281304207877682 ], [ 81.81353807734753, 28.281172582210608 ], [ 81.813972139828209, 28.280854145478607 ], [ 81.814733889296093, 28.280138895438256 ], [ 81.815411389377147, 28.279327145339966 ], [ 81.815976201788402, 28.278856769962829 ], [ 81.816322514318813, 28.278651644717527 ], [ 81.816838826939247, 28.278524457488672 ], [ 81.817611701504092, 28.278513082551385 ], [ 81.817868326620314, 28.278574707251881 ], [ 81.818125639314616, 28.278557394704944 ], [ 81.819072827305632, 28.278359957362216 ], [ 81.819763452001283, 28.278100832273374 ], [ 81.820886264220249, 28.277618082348212 ], [ 81.821230827216624, 28.277507707537907 ], [ 81.821833327468298, 28.277400269918456 ], [ 81.822436639104808, 28.277216145485088 ], [ 81.822933639100924, 28.276974020388767 ], [ 81.823191451568292, 28.276938645044616 ], [ 81.82388201406755, 28.276679519851566 ], [ 81.824483139142231, 28.276630770091231 ], [ 81.82491176453567, 28.276691332508239 ], [ 81.825254577430357, 28.2766960823262 ], [ 81.825425139398931, 28.276753707781161 ], [ 81.825553576859264, 28.276793519640812 ], [ 81.826238514189313, 28.276877395513715 ], [ 81.827096326728054, 28.276905957394419 ], [ 81.827439639863499, 28.276892645056172 ], [ 81.828040889719958, 28.276859707998057 ], [ 81.828557889328636, 28.276732457521376 ], [ 81.829163327002817, 28.276415207941728 ], [ 81.829508451524248, 28.276304770109483 ], [ 81.829659827112479, 28.276193332664072 ], [ 81.830332577016094, 28.275686144849846 ], [ 81.830744389538467, 28.27538583284614 ], [ 81.831331264647801, 28.274897145446833 ], [ 81.831851576560609, 28.274542020324891 ], [ 81.832023326799828, 28.274504895288384 ], [ 81.832455139623576, 28.274319519927534 ], [ 81.832713389634804, 28.274266082875247 ], [ 81.832951389298671, 28.274133769998976 ], [ 81.833333202232467, 28.274163019660357 ], [ 81.833808139027539, 28.274200707299176 ], [ 81.834236826843735, 28.274186832589432 ], [ 81.834580514542793, 28.274135082437255 ], [ 81.835614889781127, 28.273765520412663 ], [ 81.836388514482934, 28.273623145219169 ], [ 81.836991014331758, 28.273438957845872 ], [ 81.838109701629378, 28.273168145100801 ], [ 81.838626764314569, 28.272964207390835 ], [ 81.838929701823943, 28.272759270288333 ], [ 81.839187889154417, 28.272703520103772 ], [ 81.839360514743504, 28.272609957962555 ], [ 81.839856014289424, 28.272426457176525 ], [ 81.840114264025047, 28.272372957950221 ], [ 81.840286014501928, 28.272335832173301 ], [ 81.841144826875762, 28.272251582397914 ], [ 81.841573202207371, 28.272276020027391 ], [ 81.841829139525885, 28.272335332463964 ], [ 81.842171452314346, 28.272358020302587 ], [ 81.842600327061916, 28.27236439515233 ], [ 81.842664514061056, 28.272345957693545 ], [ 81.843543514936059, 28.272318020175955 ], [ 81.844231389618344, 28.272212207475121 ], [ 81.844833014310311, 28.272066395402423 ], [ 81.845091764423373, 28.271994832437397 ], [ 81.84515688926335, 28.271938082265795 ], [ 81.845350201831863, 28.271882645340746 ], [ 81.845437013995266, 28.271825707602119 ], [ 81.845632577026905, 28.271657582200973 ], [ 81.845764451671087, 28.2714108321934 ], [ 81.845899764911962, 28.270956520220935 ], [ 81.846015952040304, 28.270346645214978 ], [ 81.846345014599962, 28.269818895059991 ], [ 81.846650077279762, 28.269478582973761 ], [ 81.846932514484863, 28.269253520404671 ], [ 81.847450701880646, 28.268972770211679 ], [ 81.847967889176573, 28.268789082463023 ], [ 81.848139139921713, 28.268772207350551 ], [ 81.848657451763827, 28.268493770140495 ], [ 81.849525701805319, 28.267759644871781 ], [ 81.849939451786184, 28.26730808289496 ], [ 81.850351577064458, 28.266969332330987 ], [ 81.850591702205378, 28.266726457339942 ], [ 81.851284514915434, 28.26628220757485 ], [ 81.851523889934271, 28.266097957520103 ], [ 81.851698202274889, 28.265909583028396 ], [ 81.852109951634958, 28.265613707606335 ], [ 81.852766264674329, 28.264826770524106 ], [ 81.853092952097427, 28.264490832180318 ], [ 81.853948014165709, 28.263307770255352 ], [ 81.854124014838476, 28.263006582877466 ], [ 81.854192327436095, 28.262780582192573 ], [ 81.854257327004674, 28.26270570714756 ], [ 81.854390639372014, 28.262404832152264 ], [ 81.854740764261749, 28.261973957648568 ], [ 81.85526932677044, 28.26107045748665 ], [ 81.855359264742418, 28.260844270469399 ], [ 81.855403264955058, 28.260769519804811 ], [ 81.855688889445133, 28.260318770167935 ], [ 81.855994577485234, 28.259982957893392 ], [ 81.856558764475267, 28.259555270402299 ], [ 81.856797077188602, 28.259407144753389 ], [ 81.856969264306741, 28.259351894625514 ], [ 81.857142452022899, 28.259260582518785 ], [ 81.857272827075946, 28.259149207636192 ], [ 81.857727826749183, 28.258853020101888 ], [ 81.858444389599327, 28.258275457391015 ], [ 81.858661077488819, 28.258127457494876 ], [ 81.858922452094006, 28.257904707900185 ], [ 81.859598327067587, 28.257194332263115 ], [ 81.859966827176805, 28.256914457530829 ], [ 81.860336827221445, 28.256580519628496 ], [ 81.860661451845004, 28.256395707708425 ], [ 81.860833701529572, 28.25634045790623 ], [ 81.860985639254196, 28.256228957552949 ], [ 81.861503702343313, 28.256009144758721 ], [ 81.861676077372337, 28.255974207122613 ], [ 81.861935452183275, 28.255825895368101 ], [ 81.862107639155013, 28.255772894711537 ], [ 81.862800514626883, 28.255346645340129 ], [ 81.862866639278892, 28.255253707553276 ], [ 81.863299952386924, 28.254957707538651 ], [ 81.863916576899214, 28.253922769965701 ], [ 81.863984139715839, 28.253696707165837 ], [ 81.864227014178084, 28.253243957957732 ], [ 81.86436157699876, 28.252868582874171 ], [ 81.864580827497008, 28.252567145508884 ], [ 81.8646925771463, 28.252284395093291 ], [ 81.865001952316902, 28.25170033215274 ], [ 81.865242389318894, 28.251421332111921 ], [ 81.865483451506009, 28.251063332415665 ], [ 81.865679952431634, 28.250859020167145 ], [ 81.865855826548369, 28.250557832980267 ], [ 81.865986639293126, 28.250426145266594 ], [ 81.866183201605978, 28.250000770068059 ], [ 81.866194514361581, 28.249975895384924 ], [ 81.86647182713088, 28.249687582740869 ], [ 81.866664514681688, 28.248702707618076 ], [ 81.866669014506641, 28.248474769827418 ], [ 81.866591452295523, 28.248094020374094 ], [ 81.866365389266193, 28.247635207380355 ], [ 81.866264202449145, 28.247328957864525 ], [ 81.866249639578868, 28.24702452007001 ], [ 81.86629682716152, 28.246798582197968 ], [ 81.866306514058536, 28.246342769635461 ], [ 81.866245451693388, 28.246189769647831 ], [ 81.866176201802361, 28.245427645303987 ], [ 81.86605713938205, 28.244970395231118 ], [ 81.865893639976449, 28.244587894809968 ], [ 81.865794389606421, 28.244207207720788 ], [ 81.865568326914186, 28.243748395442928 ], [ 81.865365326702687, 28.243212707704853 ], [ 81.865220139245054, 28.24298351984876 ], [ 81.864926389771767, 28.242655957429534 ], [ 81.864739827426263, 28.242350332665726 ], [ 81.86459238968331, 28.242233895158531 ], [ 81.86423626405427, 28.241830082744656 ], [ 81.864154139065036, 28.241677145245401 ], [ 81.863902764659969, 28.241387707286943 ], [ 81.863552639049431, 28.240699519678603 ], [ 81.863237889733625, 28.240372145358567 ], [ 81.862990889618018, 28.239913457593087 ], [ 81.862635264141261, 28.239489270213742 ], [ 81.8623462644331, 28.23895408225869 ], [ 81.862326514535098, 28.238877519617649 ], [ 81.862371139415401, 28.238802832567846 ], [ 81.862719014443996, 28.238579520453015 ], [ 81.863064514926691, 28.238451020393658 ], [ 81.863408639828208, 28.238399207306848 ], [ 81.863666014303732, 28.238404332741325 ], [ 81.864440202326037, 28.238282145374015 ], [ 81.865555889744186, 28.238259270061178 ], [ 81.866069639355544, 28.238305644754199 ], [ 81.866581889253538, 28.238408457157529 ], [ 81.867181076590683, 28.23847233259659 ], [ 81.86760745231139, 28.238573395215042 ], [ 81.868377576688971, 28.238661020337243 ], [ 81.870007014511273, 28.238684519878923 ], [ 81.870518827517316, 28.238805332622022 ], [ 81.872050826699862, 28.23937989525232 ], [ 81.873160952254693, 28.23960520715432 ], [ 81.873761014446032, 28.239612645137274 ], [ 81.87419145191123, 28.239524145407401 ], [ 81.874879951687006, 28.239438520200412 ], [ 81.874979389865842, 28.239365707606748 ], [ 81.874999764924098, 28.239367832333258 ], [ 81.875466452344156, 28.239425770261917 ], [ 81.876063826877711, 28.23949864484031 ], [ 81.876748702353751, 28.239519082436559 ], [ 81.877264952387222, 28.239475145158341 ], [ 81.877697201978023, 28.239373082905161 ], [ 81.878481702193653, 28.239034145178682 ], [ 81.878567014912846, 28.239035895171746 ], [ 81.878651452221931, 28.239075957555066 ], [ 81.878763826880345, 28.239499395307462 ], [ 81.878926202167705, 28.239732957638211 ], [ 81.879091389949636, 28.239910145268166 ], [ 81.879879701728953, 28.240581895330777 ], [ 81.879964139727448, 28.240621957872658 ], [ 81.880419702197614, 28.241034145389715 ], [ 81.880839514074154, 28.241275144976989 ], [ 81.880984452242373, 28.241393769616653 ], [ 81.881490702077116, 28.241618395085563 ], [ 81.882054951714878, 28.241998270134228 ], [ 81.882241202047865, 28.242175332251179 ], [ 81.883061577093088, 28.242560332943413 ], [ 81.883940577279986, 28.243100645215783 ], [ 81.884360889136531, 28.243321270307597 ], [ 81.884529577158119, 28.243383395127257 ], [ 81.884700951613439, 28.243389020369786 ], [ 81.884875389203856, 28.243299895216673 ], [ 81.885320201648568, 28.242872894826768 ], [ 81.88547363940954, 28.242781644988174 ], [ 81.886137889212151, 28.242229082694681 ], [ 81.886865826560083, 28.241676144698502 ], [ 81.887198389336945, 28.241380644905821 ], [ 81.888226889044859, 28.240818957703194 ], [ 81.888601639330602, 28.240543582172489 ], [ 81.888892514701652, 28.24020776980819 ], [ 81.889279952444639, 28.239607332689886 ], [ 81.889662951961242, 28.239104019711341 ], [ 81.889778889832613, 28.238877707491085 ], [ 81.890040764419581, 28.238199082750683 ], [ 81.890170764932762, 28.237591332913301 ], [ 81.890161764171225, 28.237268770187907 ], [ 81.890237514397413, 28.236963707831649 ], [ 81.890438827090321, 28.236741270234162 ], [ 81.89096032700489, 28.236566457589099 ], [ 81.891396639783792, 28.236349269892035 ], [ 81.891570139144093, 28.236296207094988 ], [ 81.891766202136495, 28.236206957576773 ], [ 81.892047139389376, 28.236137457131164 ], [ 81.893427826991967, 28.235891520270705 ], [ 81.894207889441915, 28.235647270127707 ], [ 81.895636827529472, 28.23469489497726 ], [ 81.896684139826917, 28.234191644722653 ], [ 81.896770639786951, 28.234173020376794 ], [ 81.897208139565222, 28.233937769878576 ], [ 81.897450014090879, 28.233773770105827 ], [ 81.897628077133334, 28.233587582808294 ], [ 81.897981764500898, 28.233312270441679 ], [ 81.898307951982432, 28.233167957273789 ], [ 81.89899801467277, 28.233055207285648 ], [ 81.900285826897075, 28.232976770190273 ], [ 81.90071345174502, 28.233007769678181 ], [ 81.901736201654828, 28.233152207494378 ], [ 81.902506889435585, 28.233153895236121 ], [ 81.903286452300023, 28.232927644635939 ], [ 81.903766139108725, 28.232712394601922 ], [ 81.904024952015405, 28.232663332927032 ], [ 81.904113014649667, 28.232608582849188 ], [ 81.904720702317064, 28.232397020311808 ], [ 81.905499701954085, 28.232188832235433 ], [ 81.905905140007022, 28.232219957226771 ], [ 81.906136014757323, 28.232340270132052 ], [ 81.906303764459864, 28.232440644825534 ], [ 81.906643327340618, 28.232526457572085 ], [ 81.90724214003383, 28.232544957219869 ], [ 81.907672264190154, 28.232499269738554 ], [ 81.908364389326323, 28.232327707348229 ], [ 81.909313264120684, 28.232163457688671 ], [ 81.90957045243259, 28.232152769988538 ], [ 81.910168264397768, 28.232207457726293 ], [ 81.910855201732915, 28.23216902029252 ], [ 81.911114014998233, 28.232119895383192 ], [ 81.911461827531312, 28.231977707297506 ], [ 81.911637326852102, 28.231868269679506 ], [ 81.912849389371843, 28.230984832754309 ], [ 81.913248327474861, 28.230634645303386 ], [ 81.913472201854745, 28.230373707347237 ], [ 81.913803014825163, 28.230116644614792 ], [ 81.914070264914201, 28.229855332660957 ], [ 81.914943264257914, 28.228870332137063 ], [ 81.915406952044364, 28.228501707498769 ], [ 81.915822701558554, 28.228264332699847 ], [ 81.916171139530846, 28.228122082726163 ], [ 81.916343451756347, 28.228089332517094 ], [ 81.916666452570411, 28.227951832393494 ], [ 81.917390514380443, 28.227642395177408 ], [ 81.918518389119299, 28.22735058265182 ], [ 81.919300264392348, 28.227106207381112 ], [ 81.91955920192332, 28.227075082549142 ], [ 81.920690264156306, 28.226708769628551 ], [ 81.920947639515006, 28.226716019899666 ], [ 81.921286264112084, 28.226840082274986 ], [ 81.922307890030567, 28.227079145019573 ], [ 81.92247926412675, 28.227084769725838 ], [ 81.922825764282805, 28.227017019594566 ], [ 81.923109827515773, 28.226872957764929 ], [ 81.923113519516335, 28.226878989030997 ], [ 81.923377990908818, 28.226751344717453 ], [ 81.923393248949409, 28.226621645326535 ], [ 81.923469543055162, 28.226411836722384 ], [ 81.923667907661113, 28.225887316234815 ], [ 81.923690795927882, 28.225627916963862 ], [ 81.923691250091395, 28.225623768387365 ], [ 81.923706054615934, 28.225488680490049 ], [ 81.923767090025692, 28.225292223250307 ], [ 81.923919678077525, 28.224983232457724 ], [ 81.924087523906778, 28.224702852306034 ], [ 81.924092609636176, 28.22469776720553 ], [ 81.924095153553978, 28.224695222866814 ], [ 81.924095153203979, 28.224693030546483 ], [ 81.924117952145053, 28.224650582341951 ], [ 81.924215326804159, 28.224349894706272 ], [ 81.924248389214711, 28.224045082910649 ], [ 81.924247311634474, 28.224040601626321 ], [ 81.924247741356183, 28.22403718795772 ], [ 81.924270629440059, 28.223835008792395 ], [ 81.924201965676005, 28.223501222534402 ], [ 81.923980713192066, 28.223007219650793 ], [ 81.923629760498287, 28.222530382377936 ], [ 81.923423830844726, 28.222186262609341 ], [ 81.923345235035214, 28.22205492485217 ], [ 81.92333984369418, 28.222045915829359 ], [ 81.923202514156372, 28.221811312085549 ], [ 81.923202269505651, 28.221810900581104 ], [ 81.923027038132489, 28.221515673235775 ], [ 81.922882079601123, 28.221029299015782 ], [ 81.922729492047822, 28.220460909108361 ], [ 81.9227218627083, 28.220226305707545 ], [ 81.923217772822184, 28.219879167578799 ], [ 81.923873901259043, 28.219604509576797 ], [ 81.924293517847858, 28.219242113144194 ], [ 81.924789428859711, 28.21896936244362 ], [ 81.924791007744247, 28.21896851669468 ], [ 81.924842834103103, 28.21894075253131 ], [ 81.925323486180005, 28.218656557627273 ], [ 81.925842284648795, 28.218328493202662 ], [ 81.926559447694373, 28.217828768011394 ], [ 81.92709350528817, 28.217496888958966 ], [ 81.927703857011949, 28.21718980660048 ], [ 81.928031921113799, 28.216697710001881 ], [ 81.928237914563425, 28.216398256350221 ], [ 81.928756713993636, 28.215683000792499 ], [ 81.928932190279468, 28.215291994114484 ], [ 81.928961009383343, 28.215146091740916 ], [ 81.92896270715967, 28.215137498831584 ], [ 81.929054260230373, 28.214714067468314 ], [ 81.929183959593942, 28.214435594680243 ], [ 81.929351806070287, 28.213892000703353 ], [ 81.929496764514028, 28.213512438075483 ], [ 81.929496864153606, 28.213512183361921 ], [ 81.929595946884206, 28.213258760472684 ], [ 81.929618834991899, 28.212860125018796 ], [ 81.929519653027853, 28.212194459896001 ], [ 81.929306030411226, 28.211275118232741 ], [ 81.928993224702324, 28.210510271339722 ], [ 81.928741455044744, 28.209987657900513 ], [ 81.928724367187897, 28.20996345138833 ], [ 81.928718566500962, 28.209955233005221 ], [ 81.928405761929938, 28.209476488468262 ], [ 81.928512572745575, 28.20933152999136 ], [ 81.928573608698059, 28.20930482658521 ], [ 81.92857664194814, 28.209303552617548 ], [ 81.929145812509688, 28.209064500933977 ], [ 81.929420470822961, 28.208919542248957 ], [ 81.929422133692597, 28.208918662524372 ], [ 81.929908951759003, 28.208802644834886 ], [ 81.930082826826933, 28.208731520324342 ], [ 81.930500264482035, 28.208478270166207 ], [ 81.930832639679522, 28.208333894853716 ], [ 81.930957573498119, 28.208279898505502 ], [ 81.930969238626162, 28.208276765721763 ], [ 81.931205749836124, 28.208211916416968 ], [ 81.931587219457256, 28.20807458714583 ], [ 81.932182312264075, 28.207736986232433 ], [ 81.932922363342811, 28.207523363760359 ], [ 81.933189391688643, 28.207494753016565 ], [ 81.933191587169603, 28.207494508315225 ], [ 81.934399701752412, 28.207531207472925 ], [ 81.935164202340147, 28.20772677046423 ], [ 81.935931452446255, 28.207865895294965 ], [ 81.936443827499119, 28.207918832323983 ], [ 81.937048576759807, 28.207824395314038 ], [ 81.93792051434346, 28.207489020252162 ], [ 81.938448702479988, 28.20716052046221 ], [ 81.939111981334733, 28.206600424441376 ], [ 81.939819335304932, 28.206203478434116 ], [ 81.940040587780032, 28.205886858137728 ], [ 81.94038742829963, 28.205304392253986 ], [ 81.940391539951023, 28.205297487414764 ], [ 81.940426838590369, 28.20524454039904 ], [ 81.94043731671043, 28.20522882314383 ], [ 81.940460205381655, 28.205188768385344 ], [ 81.940483093269265, 28.205127733073699 ], [ 81.940612792706077, 28.20473481948018 ], [ 81.94073486327558, 28.20427514844021 ], [ 81.940666198419009, 28.203689592646395 ], [ 81.940605163711211, 28.20316697871927 ], [ 81.94060499470757, 28.203165754603127 ], [ 81.940597534402855, 28.203111665775811 ], [ 81.94034576404232, 28.202095048762676 ], [ 81.940299987818833, 28.201805132092439 ], [ 81.940338134887241, 28.201625841227692 ], [ 81.940440724166024, 28.201570883072055 ], [ 81.940444946204465, 28.201568620775678 ], [ 81.940589904942328, 28.201486604779081 ], [ 81.940656459329517, 28.201468302391255 ], [ 81.941105577457378, 28.201398207967387 ], [ 81.941280014980677, 28.201327082283154 ], [ 81.942775327169798, 28.200418832586827 ], [ 81.942975077063423, 28.200252770056668 ], [ 81.943308531812576, 28.200052791867517 ], [ 81.943321227874293, 28.200048463631859 ], [ 81.943603515398067, 28.199951189237591 ], [ 81.943954467683085, 28.199844377866309 ], [ 81.943955030071777, 28.199844206781172 ], [ 81.94430541930528, 28.199737566457927 ], [ 81.945045471241258, 28.199508684830793 ], [ 81.946182251309608, 28.199382799311973 ], [ 81.947212218942553, 28.199457186314362 ], [ 81.947547912722101, 28.199428575417581 ], [ 81.947550644933401, 28.199428319583742 ], [ 81.947669983028618, 28.199417131750877 ], [ 81.947705650276163, 28.199401081703204 ], [ 81.947708130062708, 28.199399965894024 ], [ 81.948348998487901, 28.199094789528615 ], [ 81.948356863084811, 28.199091250859862 ], [ 81.94838714632607, 28.199077623485156 ], [ 81.948928833313843, 28.198732393345566 ], [ 81.949310302759642, 28.198286074368585 ], [ 81.949478148849195, 28.197896974689485 ], [ 81.949554443267147, 28.197319048428824 ], [ 81.949555390951986, 28.197313365248679 ], [ 81.94962732682859, 28.197021082668162 ], [ 81.949697264975185, 28.196869457117348 ], [ 81.949902826823561, 28.196570207076284 ], [ 81.950171639828483, 28.196293082522036 ], [ 81.950637889973166, 28.195886020015184 ], [ 81.950845552081233, 28.195746610826717 ], [ 81.951402878750841, 28.195496189698602 ], [ 81.951408386513592, 28.195493715331722 ], [ 81.951591491668125, 28.195411699659694 ], [ 81.951881409034854, 28.195245760468968 ], [ 81.952484130457151, 28.194929140491457 ], [ 81.952490922509782, 28.194925642354786 ], [ 81.952865600370544, 28.194732683563956 ], [ 81.953475952110082, 28.194250124133408 ], [ 81.953765868679369, 28.193950670404647 ], [ 81.954146853848727, 28.193855424764564 ], [ 81.954147338874009, 28.193855303002017 ], [ 81.954353331946791, 28.193801896995083 ], [ 81.955074038260165, 28.19398017705209 ], [ 81.955078125066606, 28.193981188147536 ], [ 81.955101012897856, 28.193986910031153 ], [ 81.956436156803179, 28.194454210937788 ], [ 81.956901549807526, 28.194488542804418 ], [ 81.958038330319397, 28.194427507327436 ], [ 81.958381652718856, 28.194297808260981 ], [ 81.959037430661752, 28.194042359694073 ], [ 81.959037780518671, 28.194042223266955 ], [ 81.959259032590779, 28.193958300279611 ], [ 81.959806943696435, 28.193943080588848 ], [ 81.959808349796035, 28.193943041107133 ], [ 81.960182189974518, 28.193933504701871 ], [ 81.961090088129907, 28.19401742725519 ], [ 81.961302487200072, 28.194057253101509 ], [ 81.961303711001392, 28.194057482451171 ], [ 81.961463927952025, 28.194086092059873 ], [ 81.9616851809633, 28.194274919870576 ], [ 81.961791992311703, 28.194444673436248 ], [ 81.961794898371977, 28.194449200672423 ], [ 81.961883628561239, 28.194587414490702 ], [ 81.961891174668708, 28.194599168916707 ], [ 81.962020874331259, 28.194805162798534 ], [ 81.96202407670161, 28.194810766260474 ], [ 81.962036133098593, 28.194831865207888 ], [ 81.962059918527302, 28.194837812234756 ], [ 81.962066650663743, 28.194839494969433 ], [ 81.962516785005278, 28.194986360416564 ], [ 81.962518346492757, 28.194986880782611 ], [ 81.962585448865283, 28.195009248669614 ], [ 81.963211059765925, 28.194807070392201 ], [ 81.963760375462186, 28.194494265089428 ], [ 81.96450042673986, 28.194263476015479 ], [ 81.964583730700937, 28.193814771042891 ], [ 81.964584349978011, 28.193811433982248 ], [ 81.964660644432428, 28.19341470524461 ], [ 81.964871340201611, 28.193113711730877 ], [ 81.964874267818189, 28.193109529352142 ], [ 81.965126037861168, 28.192752855989291 ], [ 81.965217590068036, 28.192636506926487 ], [ 81.965221577319099, 28.192631058264841 ], [ 81.965332030807403, 28.19248010466897 ], [ 81.965738759932961, 28.192214602128047 ], [ 81.965744018570845, 28.192211168928083 ], [ 81.965888976976672, 28.192115801040554 ], [ 81.965988159054049, 28.191818255168773 ], [ 81.965989661982775, 28.191813746639994 ], [ 81.966018676584497, 28.191726702016314 ], [ 81.965972899850769, 28.191604631795883 ], [ 81.965963475060562, 28.1915768301184 ], [ 81.965782164938219, 28.191041963424006 ], [ 81.965705871252169, 28.190898912510072 ], [ 81.965702384877559, 28.190892437888511 ], [ 81.96567263916404, 28.190767644869776 ], [ 81.965554014620977, 28.190533832555939 ], [ 81.965443514564143, 28.190072144928546 ], [ 81.965422202239026, 28.189537582411862 ], [ 81.965370389755549, 28.189228832902121 ], [ 81.965288202600917, 28.189150457092694 ], [ 81.965168951993633, 28.188916707361575 ], [ 81.965098639185541, 28.188533582829308 ], [ 81.964924514918692, 28.188070082597942 ], [ 81.964893764502023, 28.187763457769517 ], [ 81.964939826809726, 28.187154019867155 ], [ 81.965251326703623, 28.186321582789112 ], [ 81.965409264521639, 28.186117394654481 ], [ 81.966052358374142, 28.185899699416073 ], [ 81.96651458682048, 28.18589212225011 ], [ 81.966796874422471, 28.185773867331712 ], [ 81.966888427206015, 28.18524171656663 ], [ 81.966918945528008, 28.185014742046604 ], [ 81.96707916230703, 28.184354799600136 ], [ 81.967613220413639, 28.183961886117384 ], [ 81.967666096407328, 28.1839411122161 ], [ 81.967666625768473, 28.18394090444982 ], [ 81.968230785910407, 28.183729345682501 ], [ 81.968231201266349, 28.183729189451636 ], [ 81.968246459384744, 28.18372346682014 ], [ 81.969024658476656, 28.183286684014611 ], [ 81.969131470047458, 28.183225648685358 ], [ 81.969136192231559, 28.18322287680725 ], [ 81.969482421337034, 28.183019655743951 ], [ 81.969563732308373, 28.182972877314324 ], [ 81.970109797921083, 28.182658724561865 ], [ 81.970115661687117, 28.18265535156765 ], [ 81.970161438240183, 28.182628649422554 ], [ 81.970634460540793, 28.182380694079153 ], [ 81.971778869852258, 28.182283418717244 ], [ 81.971957883717835, 28.182262907249566 ], [ 81.971961974784563, 28.182262438274297 ], [ 81.972221374775472, 28.182231920279673 ], [ 81.972457885429918, 28.182205217369361 ], [ 81.972459345423829, 28.18220506577401 ], [ 81.972549438116502, 28.182195681257557 ], [ 81.973091124898119, 28.182588595126532 ], [ 81.973503112178747, 28.18316270677138 ], [ 81.973899448818614, 28.183732439959599 ], [ 81.973899841415133, 28.1837330042381 ], [ 81.973999022870203, 28.183879869554794 ], [ 81.974105834955353, 28.183988588745706 ], [ 81.974113351963865, 28.183996307431347 ], [ 81.974533080751641, 28.184427278333569 ], [ 81.97470417959866, 28.184563042149708 ], [ 81.974708556901319, 28.18456651546763 ], [ 81.97502136234489, 28.184814470478415 ], [ 81.975494384165088, 28.184791582053272 ], [ 81.976127624560434, 28.184553163706564 ], [ 81.976256613867136, 28.184490565062777 ], [ 81.976257323983376, 28.184490220995489 ], [ 81.976486205458372, 28.184377687765874 ], [ 81.976921081041439, 28.184293764299202 ], [ 81.976974487236589, 28.184291857045796 ], [ 81.976976951257853, 28.184291760843674 ], [ 81.977218628206572, 28.184282320481227 ], [ 81.977645873541277, 28.184009569615771 ], [ 81.977867126064567, 28.183736818883954 ], [ 81.977949973304661, 28.183473213965414 ], [ 81.977951049915717, 28.183469789749328 ], [ 81.977973938272271, 28.183412569689661 ], [ 81.978279114146929, 28.18322946370893 ], [ 81.978963922495851, 28.183098208918956 ], [ 81.97896575895011, 28.183097857109633 ], [ 81.979263305341092, 28.183040636009967 ], [ 81.979736327553255, 28.182729738298761 ], [ 81.980247497087234, 28.182304399828428 ], [ 81.980552673573342, 28.181903856832665 ], [ 81.980606079340802, 28.181137102385126 ], [ 81.980606078893089, 28.180389422030363 ], [ 81.980606078962424, 28.180386546688069 ], [ 81.980606078831215, 28.179937380516357 ], [ 81.980651855640758, 28.179456728599515 ], [ 81.981742858298915, 28.178148287448352 ], [ 81.982330321783792, 28.177660005975149 ], [ 81.983245849297276, 28.177427309021443 ], [ 81.983909606881099, 28.177402514178322 ], [ 81.984764098619181, 28.177480714906469 ], [ 81.984770138190797, 28.177481285604738 ], [ 81.985107421552385, 28.177513140336458 ], [ 81.985656738642419, 28.177454012182093 ], [ 81.985921924622104, 28.177332784797709 ], [ 81.985986577043789, 28.177329769951026 ], [ 81.98624726475235, 28.177224145343473 ], [ 81.98655476488355, 28.177023394765495 ], [ 81.987266702206966, 28.176357207390726 ], [ 81.987270533284189, 28.176351740376898 ], [ 81.987503051974912, 28.176139848743357 ], [ 81.987892151080189, 28.175586718274314 ], [ 81.988128661577875, 28.174566286588981 ], [ 81.988334655515004, 28.173879640550226 ], [ 81.988394393249564, 28.17307692430326 ], [ 81.988395691040779, 28.173059481035949 ], [ 81.988403320531773, 28.172985094690734 ], [ 81.988494872532627, 28.172840136143702 ], [ 81.988500264773336, 28.172830834161015 ], [ 81.988559387803932, 28.172728846044745 ], [ 81.988571166496612, 28.172708528942366 ], [ 81.988876342555372, 28.172216432456249 ], [ 81.989349364979361, 28.171813982227675 ], [ 81.989906311109024, 28.171484011207525 ], [ 81.990127563606251, 28.17135240391411 ], [ 81.990128680492163, 28.171351752672933 ], [ 81.990196228195529, 28.171312349507144 ], [ 81.99069976795883, 28.170938509366472 ], [ 81.99102783200739, 28.170307177093239 ], [ 81.991030628075876, 28.170301118251899 ], [ 81.991050720374929, 28.170257586220416 ], [ 81.991081240711239, 28.170225162794186 ], [ 81.991081267883942, 28.170225125299908 ], [ 81.991122846603204, 28.17017661705426 ], [ 81.991127014155026, 28.17017175482259 ], [ 81.991287231353837, 28.169996279193981 ], [ 81.991798401248815, 28.169630068292168 ], [ 81.991801831224819, 28.169628442289358 ], [ 81.992530822264939, 28.169282930860465 ], [ 81.993255614960972, 28.168764132103124 ], [ 81.99440002436701, 28.167932528192843 ], [ 81.994834900114327, 28.167488115672832 ], [ 81.995590209692963, 28.166877764140466 ], [ 81.995834350269448, 28.16666795580468 ], [ 81.998123168447037, 28.165384309638277 ], [ 81.999997653410944, 28.163509825228154 ], [ 81.999999999987011, 28.16350747854997 ], [ 82.000063912325089, 28.163427588670352 ], [ 82.000282287376294, 28.16315461903374 ], [ 82.000559519225348, 28.162622044367243 ], [ 82.000718701766047, 28.162319020098099 ], [ 82.000910324171642, 28.161793497653505 ], [ 82.001052856734347, 28.161405580963638 ], [ 82.001077727179734, 28.16135979734695 ], [ 82.001136779306805, 28.161251085824389 ], [ 82.001586598675914, 28.160788146537413 ], [ 82.001594542912812, 28.160779970181729 ], [ 82.00161878631053, 28.16075936363648 ], [ 82.001861572542253, 28.160552996311651 ], [ 82.002136230235678, 28.160324113997369 ], [ 82.002319335589078, 28.160125750172309 ], [ 82.002414874057479, 28.16002734491704 ], [ 82.002510070847222, 28.15992929278438 ], [ 82.0025177003793, 28.159921663936828 ], [ 82.002524308939044, 28.159915123610187 ], [ 82.002700805213379, 28.159740465154634 ], [ 82.003112793226165, 28.159362810159486 ], [ 82.003215220678584, 28.159218771239001 ], [ 82.003356933930604, 28.159019487422398 ], [ 82.003642509250383, 28.15871123571635 ], [ 82.004007514206805, 28.158319644590549 ], [ 82.004045064177248, 28.158294720419288 ], [ 82.004096985061821, 28.158262270056134 ], [ 82.004237854906492, 28.158091600340018 ], [ 82.004398201979527, 28.157901645138455 ], [ 82.004900889469894, 28.157142144690162 ], [ 82.004980056217448, 28.156980052081732 ], [ 82.005012511910081, 28.156915682317447 ], [ 82.005608806079096, 28.156061508249529 ], [ 82.006059639635566, 28.155416769745589 ], [ 82.006213389915615, 28.155111019761296 ], [ 82.006493469997721, 28.154700773613779 ], [ 82.006629943931358, 28.154502885622467 ], [ 82.006874198490578, 28.15392278193789 ], [ 82.006982014349404, 28.153668269880328 ], [ 82.007010005006904, 28.153623890936913 ], [ 82.007222202633585, 28.15328745741623 ], [ 82.007423244609512, 28.153040945305975 ], [ 82.00769805934452, 28.152698534341138 ], [ 82.007782869674372, 28.152558950164835 ], [ 82.007789327191261, 28.152547769933566 ], [ 82.00826782721991, 28.151998269528068 ], [ 82.008656282966811, 28.151727978756799 ], [ 82.008697509735597, 28.151699083613526 ], [ 82.009428500023063, 28.150941442811128 ], [ 82.009429931273985, 28.150939958705059 ], [ 82.010658263569695, 28.152097719676465 ], [ 82.012718200467347, 28.153581636666161 ], [ 82.013862610099125, 28.154058474045954 ], [ 82.014015197283754, 28.155122774021091 ], [ 82.013397216967903, 28.156087892614433 ], [ 82.013229370109372, 28.157209413464656 ], [ 82.013610839240982, 28.158277529122234 ], [ 82.013208407601752, 28.158981788161398 ], [ 82.012901305647986, 28.159519213359051 ], [ 82.012901305595122, 28.160526292801457 ], [ 82.013801574139819, 28.161380785269319 ], [ 82.015755268442817, 28.162072872795932 ], [ 82.016296386264756, 28.162561433581136 ], [ 82.016815185297176, 28.163921373591283 ], [ 82.016654968239422, 28.165521638990022 ], [ 82.014884948494156, 28.168502824705769 ], [ 82.014640808372761, 28.169872301037284 ], [ 82.015029906784108, 28.170898455000852 ], [ 82.015457153496811, 28.171756762226451 ], [ 82.015975951620987, 28.172632234526876 ], [ 82.016654967650453, 28.173612611724216 ], [ 82.018302917502126, 28.175788897136652 ], [ 82.019042968377804, 28.179149645107945 ], [ 82.019393921112922, 28.180437105105991 ], [ 82.020042419253244, 28.181690233046066 ], [ 82.020820617202403, 28.182561891436126 ], [ 82.021980285388921, 28.183137911139593 ], [ 82.022903442745573, 28.183666246521682 ], [ 82.023239607360324, 28.183802430671175 ], [ 82.023583452183416, 28.184036519562486 ], [ 82.024309015025452, 28.18434914532563 ], [ 82.025015452570656, 28.184526707373998 ], [ 82.025700889395608, 28.184647895138845 ], [ 82.026043764188842, 28.184688207122946 ], [ 82.027073889804157, 28.184696269767286 ], [ 82.027501827454543, 28.184776519645762 ], [ 82.027759639865025, 28.18477908206237 ], [ 82.028445014723445, 28.184880020253637 ], [ 82.029086889810955, 28.185037582876117 ], [ 82.02940639014102, 28.185231457647692 ], [ 82.0299185149523, 28.185464520253504 ], [ 82.030173764458482, 28.185658894828425 ], [ 82.030229384569409, 28.185724945150795 ], [ 82.030586242738579, 28.186407106631972 ], [ 82.030884931778346, 28.187141788798883 ], [ 82.031059264874244, 28.187570589191719 ], [ 82.030834972708504, 28.188022075978477 ], [ 82.030616760487661, 28.188461320903162 ], [ 82.030695664390464, 28.188722241962562 ], [ 82.030952453827425, 28.189571397966741 ], [ 82.030946369446823, 28.190411051172312 ], [ 82.030944824622352, 28.190624254303795 ], [ 82.031103971642466, 28.190978784284432 ], [ 82.031372070614609, 28.191576021744151 ], [ 82.031333849809883, 28.191908063301835 ], [ 82.031219481999472, 28.192901628795639 ], [ 82.031039932805967, 28.193742852982151 ], [ 82.030883469449023, 28.193994499875139 ], [ 82.03035736041123, 28.194511430949145 ], [ 82.029357909986189, 28.195858018892803 ], [ 82.029262209395085, 28.196034846732729 ], [ 82.02869415316782, 28.197084444187293 ], [ 82.027549743557259, 28.197937029336451 ], [ 82.027547129982679, 28.197938430702589 ], [ 82.026184082364949, 28.1986694510611 ], [ 82.025451660202876, 28.199426668737907 ], [ 82.024818420141628, 28.200572984926794 ], [ 82.024940490167097, 28.201087969469 ], [ 82.025199520158196, 28.201360331583334 ], [ 82.025199577176963, 28.201360332406392 ], [ 82.025370327541822, 28.201438019746107 ], [ 82.025986702450822, 28.201977144977491 ], [ 82.026071514640947, 28.202055457232788 ], [ 82.02617701436975, 28.202169707470286 ], [ 82.026624014557754, 28.202498019953808 ], [ 82.027006077525186, 28.202844832910934 ], [ 82.027388202218759, 28.203250332577728 ], [ 82.027747514596058, 28.203674019576365 ], [ 82.028106389750192, 28.204192520212004 ], [ 82.02831470174759, 28.204727894993834 ], [ 82.02838851505571, 28.205722269835764 ], [ 82.028487452511087, 28.206411895153742 ], [ 82.028519827037272, 28.207327582574038 ], [ 82.028579514404456, 28.207710707765056 ], [ 82.028765577410255, 28.208322957165162 ], [ 82.028772076782928, 28.208334207699011 ], [ 82.029018264946473, 28.208785832807727 ], [ 82.029546577489512, 28.20955570713809 ], [ 82.029865327204746, 28.209864645029604 ], [ 82.030352202480344, 28.210499457972368 ], [ 82.030713327179868, 28.210905082738677 ], [ 82.030797515051901, 28.211057832899584 ], [ 82.030988264275308, 28.211288769851954 ], [ 82.031239264774072, 28.21190277035662 ], [ 82.031618451715318, 28.212597082455861 ], [ 82.031809576811028, 28.212807707553186 ], [ 82.032105077307918, 28.213270207126861 ], [ 82.032360076817568, 28.213500707128848 ], [ 82.03276314004107, 28.213964645445593 ], [ 82.033529577150347, 28.214601832270073 ], [ 82.03378557764259, 28.214737519721115 ], [ 82.034234764322704, 28.214894332948383 ], [ 82.034942827062793, 28.214958895112847 ], [ 82.035586014559186, 28.214963082485422 ], [ 82.035779889962853, 28.214925519635102 ], [ 82.036617077187714, 28.214912332546483 ], [ 82.037133077379664, 28.214802457335875 ], [ 82.037905077267581, 28.214825957571872 ], [ 82.038356702179229, 28.214772894625252 ], [ 82.038570577141442, 28.21483214533858 ], [ 82.038697765079732, 28.214946270030442 ], [ 82.03873938999817, 28.215101582984289 ], [ 82.038717139639061, 28.215176207120493 ], [ 82.03845457675861, 28.215613645185471 ], [ 82.038322577661333, 28.215919207147618 ], [ 82.03825482731429, 28.21622433270953 ], [ 82.037951014309215, 28.216546957304249 ], [ 82.037776326702257, 28.216852895003239 ], [ 82.037537076996486, 28.217138957504758 ], [ 82.037492077054011, 28.21729045725397 ], [ 82.03751201454044, 28.217443707167696 ], [ 82.037744202145447, 28.217809707319898 ], [ 82.037999202153287, 28.218040145155776 ], [ 82.039086951890482, 28.218641019695514 ], [ 82.03957895254662, 28.218815519947384 ], [ 82.039940702665547, 28.219085770483961 ], [ 82.040130764786696, 28.219375332138529 ], [ 82.040234952418686, 28.21968139523068 ], [ 82.040614514253974, 28.220276332710966 ], [ 82.040742389754712, 28.220392645350984 ], [ 82.041205264210106, 28.221237457618358 ], [ 82.041392577581036, 28.221772957906833 ], [ 82.041666701939889, 28.222325895252443 ], [ 82.042192264753552, 28.2233868323084 ], [ 82.042274764519291, 28.223692957932784 ], [ 82.042393389878583, 28.224687020340745 ], [ 82.042579639283133, 28.22537820792272 ], [ 82.042705451851361, 28.225684082702255 ], [ 82.042953889315555, 28.22660489538605 ], [ 82.043270451706874, 28.227200332983493 ], [ 82.043604827267544, 28.228120520401937 ], [ 82.043666952161587, 28.228350144694847 ], [ 82.043665264502224, 28.228503582479952 ], [ 82.043598077595746, 28.228732020491861 ], [ 82.043618014769578, 28.228885269671864 ], [ 82.043824890159613, 28.229650770193022 ], [ 82.044035702346946, 28.230055207251308 ], [ 82.044269951741967, 28.230303832345101 ], [ 82.044526389313631, 28.230477832118282 ], [ 82.04491151505502, 28.230711832723973 ], [ 82.045040451777652, 28.230751457115961 ], [ 82.045425264684653, 28.230962832209766 ], [ 82.045682889476325, 28.231060145222422 ], [ 82.045876077638738, 28.231081207372522 ], [ 82.046134139385188, 28.231160394706688 ], [ 82.046392077472916, 28.231163019761588 ], [ 82.046521077701726, 28.231200395356343 ], [ 82.046843577392636, 28.231222707408332 ], [ 82.047294514559439, 28.231359144991934 ], [ 82.047722514518696, 28.231554395304858 ], [ 82.048149452059491, 28.231900832984344 ], [ 82.048276514966602, 28.232132207232045 ], [ 82.048338577254043, 28.23236189468755 ], [ 82.048310201752429, 28.232973457711235 ], [ 82.048348451792407, 28.233433394846823 ], [ 82.048390077048239, 28.233586520060573 ], [ 82.048516514876226, 28.233815644977202 ], [ 82.048792639294007, 28.23418127013371 ], [ 82.048984576704242, 28.234335520098682 ], [ 82.049260639387484, 28.234683082774506 ], [ 82.049388452220853, 28.234799395271544 ], [ 82.049688201908552, 28.234973082762547 ], [ 82.049922327668682, 28.235203645370039 ], [ 82.050307577697353, 28.235455645421041 ], [ 82.050499015094132, 28.23562783241351 ], [ 82.050754264964837, 28.235937332863326 ], [ 82.051007827613702, 28.236397832257026 ], [ 82.051133702151475, 28.236703645095517 ], [ 82.051387827350752, 28.237089769745783 ], [ 82.051576389887444, 28.23754851968204 ], [ 82.051957577653454, 28.238163770030059 ], [ 82.052276639684777, 28.238549394886295 ], [ 82.052529014679379, 28.239086645161034 ], [ 82.052846389605577, 28.239623395452565 ], [ 82.053696014688725, 28.240663644723977 ], [ 82.053952452657342, 28.240894082929202 ], [ 82.055107202628477, 28.241609332155353 ], [ 82.055493015031601, 28.241784582394363 ], [ 82.05613688935739, 28.241980395204582 ], [ 82.056653077547011, 28.242003519793276 ], [ 82.057041265154751, 28.241968894852036 ], [ 82.058595077079488, 28.241616207733554 ], [ 82.059954077066138, 28.241398144979414 ], [ 82.061249702571473, 28.241024895019471 ], [ 82.061574451916556, 28.240893769776946 ], [ 82.062093952031731, 28.240609957477076 ], [ 82.062417889295816, 28.240517207520469 ], [ 82.062741702695007, 28.240480832537941 ], [ 82.063128702401585, 28.24052070714156 ], [ 82.063645326784695, 28.240525707165897 ], [ 82.064035389666884, 28.240299332617454 ], [ 82.065204077361784, 28.239714957981782 ], [ 82.065464639303443, 28.239525582454394 ], [ 82.065594639342521, 28.23946820715436 ], [ 82.065919952133584, 28.239203957978543 ], [ 82.066439890125878, 28.238902145031101 ], [ 82.067283889695474, 28.238525519713441 ], [ 82.068064576859754, 28.237996019860454 ], [ 82.068779452140049, 28.237579832168059 ], [ 82.069168389580781, 28.237430144649501 ], [ 82.069428202717788, 28.237297269799168 ], [ 82.069515326872434, 28.237222145369746 ], [ 82.069882639384502, 28.23707264475588 ], [ 82.070142702514417, 28.236901394728498 ], [ 82.070272202039817, 28.236864269983982 ], [ 82.070401140035429, 28.236883582540923 ], [ 82.070486826946095, 28.236923520295647 ], [ 82.070571576812199, 28.237058207865875 ], [ 82.070633765177661, 28.237287770411729 ], [ 82.070760889274055, 28.237519207571374 ], [ 82.07086357715427, 28.237978645329299 ], [ 82.071159890204598, 28.238438832223515 ], [ 82.071368702432849, 28.23907114491259 ], [ 82.071517327498114, 28.239282082977411 ], [ 82.071773389529099, 28.239476332186442 ], [ 82.072416889728146, 28.239748770308648 ], [ 82.072801764268831, 28.239962332887437 ], [ 82.072993951800257, 28.240134582466851 ], [ 82.073184702647239, 28.240424082632892 ], [ 82.073376889656657, 28.240596270354324 ], [ 82.073632514271935, 28.240808644951333 ], [ 82.07433882678545, 28.241254270478503 ], [ 82.074980827028625, 28.241565019855255 ], [ 82.075302827713614, 28.241661832869045 ], [ 82.075752076874153, 28.241877144793484 ], [ 82.076007951855246, 28.242107394619385 ], [ 82.076092889462757, 28.24226020753548 ], [ 82.076518764792908, 28.242685519938124 ], [ 82.077543889526694, 28.243476082144458 ], [ 82.0778007651964, 28.243611707786382 ], [ 82.078055577335391, 28.243939082401806 ], [ 82.078183514586527, 28.24405539539417 ], [ 82.078504327288442, 28.244228832715084 ], [ 82.078890014768987, 28.244385957594091 ], [ 82.079103452436584, 28.24452189511976 ], [ 82.079274202462528, 28.244712332666868 ], [ 82.079681076778982, 28.244889582409201 ], [ 82.079978639868926, 28.245216644899863 ], [ 82.080444952611117, 28.245984520505118 ], [ 82.080701264390356, 28.246196832757605 ], [ 82.080803951829509, 28.246214019650722 ], [ 82.080937326969121, 28.246235519682049 ], [ 82.081087139541438, 28.246313332257795 ], [ 82.081342764431312, 28.246584269829903 ], [ 82.081427077252059, 28.24673702043113 ], [ 82.081530639535657, 28.247214520183018 ], [ 82.081679264429368, 28.247427644988313 ], [ 82.081871264890481, 28.247581769722981 ], [ 82.082064202100057, 28.247638957921868 ], [ 82.082236264466346, 28.247642082556581 ], [ 82.082386076997878, 28.24771983244127 ], [ 82.082577639550607, 28.247892082261071 ], [ 82.082853952647326, 28.248257520441488 ], [ 82.083110702554194, 28.248451832352522 ], [ 82.083333014644268, 28.248520020359354 ], [ 82.083754077722887, 28.24864751989811 ], [ 82.084011764341795, 28.248688332848477 ], [ 82.084463515213258, 28.248691520399746 ], [ 82.084914764896396, 28.248656395108259 ], [ 82.084978639300445, 28.248676145057452 ], [ 82.085688077678086, 28.248602832599417 ], [ 82.085946139574816, 28.24854664530789 ], [ 82.086977327663845, 28.248475269676977 ], [ 82.087880514765615, 28.248346270494412 ], [ 82.089039639572107, 28.248332520161881 ], [ 82.089553827741511, 28.248411895062475 ], [ 82.090709389379342, 28.248797520147271 ], [ 82.0912886396614, 28.248820020236955 ], [ 82.091611014653154, 28.24876327047917 ], [ 82.091997640146673, 28.2487669573208 ], [ 82.092511577251557, 28.248882395416722 ], [ 82.092961890070328, 28.248941894770148 ], [ 82.093282639790189, 28.249038644641029 ], [ 82.093538389765527, 28.249192269832822 ], [ 82.094049952584228, 28.249573957810277 ], [ 82.094388077114004, 28.250002207113763 ], [ 82.094415139553405, 28.250035769625946 ], [ 82.094434951847049, 28.250166520064141 ], [ 82.094406390181064, 28.250681082980957 ], [ 82.094294640133683, 28.251022645011016 ], [ 82.094222826794308, 28.251537644907526 ], [ 82.094134076968871, 28.251766207556269 ], [ 82.094150952383842, 28.252108957808751 ], [ 82.094338514909239, 28.25251133262034 ], [ 82.094634452004442, 28.252858645460964 ], [ 82.0950759522797, 28.253549957867804 ], [ 82.095138201827453, 28.25372314548531 ], [ 82.095306140277856, 28.254010582183415 ], [ 82.095534327268126, 28.254586332443036 ], [ 82.095808640134692, 28.254933832403523 ], [ 82.096148827549982, 28.255183769742931 ], [ 82.096747264995145, 28.255402332952968 ], [ 82.096918327589691, 28.255497894885657 ], [ 82.097495827462865, 28.255658020486926 ], [ 82.097922702120584, 28.255853082945162 ], [ 82.098071702709518, 28.255969207813141 ], [ 82.098391827600835, 28.256126832431825 ], [ 82.098900452294075, 28.256589770502128 ], [ 82.099369514338932, 28.256863457270864 ], [ 82.099581702526876, 28.257055770117265 ], [ 82.100240890128902, 28.257540019670699 ], [ 82.102265702652574, 28.258690082458067 ], [ 82.102564327090107, 28.258863644782426 ], [ 82.102649890223233, 28.258883270216256 ], [ 82.102843389607486, 28.258868207414363 ], [ 82.103015014375046, 28.258889332534821 ], [ 82.103532201964271, 28.258761082668283 ], [ 82.103856890098314, 28.258555457791086 ], [ 82.104116264928265, 28.258442770320364 ], [ 82.104374952041894, 28.258388832854283 ], [ 82.104804827521178, 28.25837408261712 ], [ 82.105321139395556, 28.258284145252343 ], [ 82.105836577747297, 28.258291270146401 ], [ 82.106008327250947, 28.258330457841563 ], [ 82.106264451957827, 28.258447957997088 ], [ 82.106689014287468, 28.258796457910105 ], [ 82.10683870214271, 28.258856207667147 ], [ 82.107526139618173, 28.258864144896727 ], [ 82.107783764428092, 28.258828207555087 ], [ 82.108109515212021, 28.25860220722619 ], [ 82.108454701774434, 28.25847308240305 ], [ 82.10897195203124, 28.258347082520423 ], [ 82.109918764648711, 28.258242394981689 ], [ 82.110177702078246, 28.258150019857869 ], [ 82.110307827774989, 28.258036145235348 ], [ 82.11057007681012, 28.257715957148466 ], [ 82.110943389375322, 28.257108270515314 ], [ 82.111730390213623, 28.256088894904334 ], [ 82.112317764331621, 28.255540457231191 ], [ 82.112688889618482, 28.255088458001815 ], [ 82.113124077392271, 28.254672082144697 ], [ 82.113471139538319, 28.25440977015781 ], [ 82.113881889711024, 28.25422370774773 ], [ 82.114226827479357, 28.254132832664407 ], [ 82.114484389276484, 28.254153395014271 ], [ 82.1149153894835, 28.254064145055128 ], [ 82.115110889786109, 28.253875269818668 ], [ 82.115200264847516, 28.253646707953738 ], [ 82.115353264962309, 28.253419832843804 ], [ 82.115679889739638, 28.253099082606671 ], [ 82.116025514280906, 28.252951832955599 ], [ 82.116391201808483, 28.252896957120644 ], [ 82.117014515084023, 28.252867082206205 ], [ 82.117186076809602, 28.252888207364691 ], [ 82.117358327456827, 28.252850707770079 ], [ 82.117703952045076, 28.25270351962164 ], [ 82.117899452084757, 28.252571082596965 ], [ 82.118117951841967, 28.252269207746089 ], [ 82.118248577563151, 28.252155270465511 ], [ 82.118421515100295, 28.25206145732281 ], [ 82.118812889614716, 28.251724332485868 ], [ 82.119331014418663, 28.251501270188026 ], [ 82.119503265228005, 28.251463770486655 ], [ 82.119547202716674, 28.251407020394769 ], [ 82.119654951978035, 28.251408394767417 ], [ 82.120167639992815, 28.251586895251112 ], [ 82.120445952451064, 28.25164552029576 ], [ 82.120574139463358, 28.251723457936183 ], [ 82.120700202330298, 28.251898395325281 ], [ 82.121169764891917, 28.252151645459307 ], [ 82.121573639949062, 28.252459769633244 ], [ 82.122683514783347, 28.252969519752178 ], [ 82.123966077126227, 28.253421457791585 ], [ 82.124136077454338, 28.253539645169823 ], [ 82.124627577581194, 28.253754457985348 ], [ 82.124918701902502, 28.253876145462552 ], [ 82.125000389563411, 28.253895770485364 ], [ 82.12542182747508, 28.253991519861234 ], [ 82.126360014802074, 28.254220707409889 ], [ 82.126532265313003, 28.254185457229955 ], [ 82.127816889392705, 28.254229020378482 ], [ 82.128246515027911, 28.254198332512971 ], [ 82.128677514419564, 28.254111332202299 ], [ 82.129195577430679, 28.25394689538717 ], [ 82.130470452319287, 28.25349189475703 ], [ 82.130535265255475, 28.253473332640162 ], [ 82.13099220181445, 28.253194332497959 ], [ 82.131426389318165, 28.252935770433592 ], [ 82.131645515308335, 28.252746707165169 ], [ 82.132079265225173, 28.252506270265648 ], [ 82.132145327230134, 28.252431269944523 ], [ 82.132580202302719, 28.25217045776547 ], [ 82.133012452638923, 28.252024770172365 ], [ 82.133184327578164, 28.252009769828856 ], [ 82.13404857742556, 28.251700332806038 ], [ 82.134655702108148, 28.251404207565511 ], [ 82.135092265234107, 28.251068957459104 ], [ 82.13531238953135, 28.250803207759503 ], [ 82.135514140177548, 28.250424769746772 ], [ 82.135607515017057, 28.250281832847392 ], [ 82.135568264879041, 28.250000145165895 ], [ 82.135555827069851, 28.249912269754734 ], [ 82.135731140296144, 28.2498025200915 ], [ 82.135908515005852, 28.249288957442374 ], [ 82.136170951806449, 28.248871645226878 ], [ 82.137430889448908, 28.247791832316128 ], [ 82.137647765175828, 28.247641144758031 ], [ 82.137887389655532, 28.247357144614377 ], [ 82.138039515168643, 28.247164082417516 ], [ 82.138127514518658, 28.247052832164098 ], [ 82.138192515234124, 28.24699589522012 ], [ 82.13928295265967, 28.245610582343563 ], [ 82.139891765267038, 28.245005394644842 ], [ 82.140087140005832, 28.244872957781368 ], [ 82.140606639643025, 28.244609207694637 ], [ 82.140822390121457, 28.244535145504077 ], [ 82.141039264624723, 28.244384457506932 ], [ 82.141388702585502, 28.243889707704287 ], [ 82.141475390268553, 28.24383258215051 ], [ 82.141519640186388, 28.243737457770305 ], [ 82.142431764630103, 28.242962832771553 ], [ 82.142736389749658, 28.242621832535921 ], [ 82.143342264676335, 28.242339270064342 ], [ 82.143904577213092, 28.242151832187982 ], [ 82.143969327112032, 28.242133269716145 ], [ 82.144055577734093, 28.24209645788893 ], [ 82.144229765308083, 28.241946082582572 ], [ 82.144425390173325, 28.24171658278032 ], [ 82.144713015065378, 28.240974207687731 ], [ 82.144785764860245, 28.240096020254086 ], [ 82.144745139965607, 28.239809832203374 ], [ 82.144491889411242, 28.239293082977426 ], [ 82.144429764419286, 28.239025145173507 ], [ 82.144475764705462, 28.238738207494894 ], [ 82.144454764900516, 28.238679707347647 ], [ 82.144498765145372, 28.238566519816739 ], [ 82.144500140058568, 28.238395082649333 ], [ 82.144676827813356, 28.237937895337701 ], [ 82.144830390192126, 28.237652332459945 ], [ 82.144982702425096, 28.23748183286515 ], [ 82.145286827157889, 28.237215332513479 ], [ 82.145417452330292, 28.237103707844241 ], [ 82.145568889982044, 28.237028019678455 ], [ 82.145655140222871, 28.236988895083577 ], [ 82.146149702011414, 28.237088582659922 ], [ 82.146407264688222, 28.237226270018475 ], [ 82.146793827716834, 28.237342582846388 ], [ 82.147612077058525, 28.237387644697154 ], [ 82.14774051489178, 28.237427145236556 ], [ 82.148129077780737, 28.237374207953181 ], [ 82.148194264632266, 28.23733533232873 ], [ 82.14851713984099, 28.237339395349398 ], [ 82.148839202386597, 28.237435957335357 ], [ 82.149159639974343, 28.237744582950068 ], [ 82.1495409527883, 28.23843633291159 ], [ 82.149711577568539, 28.238608519689045 ], [ 82.150225264661714, 28.238938144714702 ], [ 82.150482826833837, 28.239017144807502 ], [ 82.150870077099512, 28.239077082924165 ], [ 82.151646577558395, 28.238969020391476 ], [ 82.151971014315777, 28.238876020317022 ], [ 82.152425452317004, 28.238669145504026 ], [ 82.152619077655999, 28.238672082664721 ], [ 82.152879014438966, 28.238500645491065 ], [ 82.153268015065052, 28.238371019655983 ], [ 82.153528202317204, 28.238219957470214 ], [ 82.153916764812493, 28.238108395060859 ], [ 82.154111702196801, 28.237996207464114 ], [ 82.154758202638277, 28.23794333252253 ], [ 82.154908765309827, 28.238021019782011 ], [ 82.155015265107735, 28.238155519961424 ], [ 82.15509820210751, 28.238461644778024 ], [ 82.155095139850545, 28.238768519881837 ], [ 82.154868764474159, 28.239988644885116 ], [ 82.154736201948424, 28.240330395204317 ], [ 82.154798514773219, 28.240562270388878 ], [ 82.154989515079848, 28.24084939530858 ], [ 82.15531157687515, 28.241004645013977 ], [ 82.15582770282775, 28.241086020112142 ], [ 82.156797140160762, 28.241093582278275 ], [ 82.156990577110179, 28.24113258210571 ], [ 82.158218202077705, 28.241162770014945 ], [ 82.158670702601, 28.241127269635644 ], [ 82.159123139361867, 28.241150582231032 ], [ 82.159640577710491, 28.241116895115706 ], [ 82.159791577554586, 28.241061457959635 ], [ 82.160049952787361, 28.241099894927672 ], [ 82.160437202453664, 28.241103332300128 ], [ 82.160760077055599, 28.241163770394394 ], [ 82.161019014846062, 28.241127707503203 ], [ 82.161662827520061, 28.241361394867795 ], [ 82.161791952323611, 28.241400895348427 ], [ 82.161985639518946, 28.241403769702675 ], [ 82.162672827538898, 28.241637082887451 ], [ 82.163015265025479, 28.241909394892662 ], [ 82.163227515147085, 28.24221670744053 ], [ 82.16354782739738, 28.24250495789321 ], [ 82.163718515308474, 28.242735894682646 ], [ 82.164058077117474, 28.243272207468753 ], [ 82.164204889656261, 28.243656707423664 ], [ 82.164308201892752, 28.244192769680474 ], [ 82.164392639841594, 28.244345457582327 ], [ 82.164499202576607, 28.244479894863126 ], [ 82.16479888938747, 28.244693957275402 ], [ 82.165055202596776, 28.244944457273409 ], [ 82.165479702647801, 28.245558957171113 ], [ 82.165732389712645, 28.246247145422348 ], [ 82.16588120237239, 28.246460269748628 ], [ 82.166051702632942, 28.246614394928063 ], [ 82.166244202480925, 28.246748145273813 ], [ 82.166666639835867, 28.247107769797559 ], [ 82.167268327728891, 28.247617020050022 ], [ 82.167416514383433, 28.247827769618432 ], [ 82.167456764897935, 28.248134270173765 ], [ 82.167583077455831, 28.248383582888032 ], [ 82.167838452800169, 28.248613832355385 ], [ 82.168415077842866, 28.248981145253669 ], [ 82.168668514689145, 28.249443707588576 ], [ 82.16855739012982, 28.24982364504698 ], [ 82.168556077604606, 28.249938707674104 ], [ 82.168617765273723, 28.249926894624082 ], [ 82.168712202571839, 28.250000582513515 ], [ 82.168779014917945, 28.250051895026061 ], [ 82.168873827392133, 28.250159332263564 ], [ 82.169081827684195, 28.250430582173756 ], [ 82.169564514868142, 28.250879895051877 ], [ 82.169818452436104, 28.251037895202099 ], [ 82.170263952296153, 28.251237145073056 ], [ 82.170777889564491, 28.251284582637034 ], [ 82.171289701927648, 28.251429144979273 ], [ 82.171547077145831, 28.251433707632803 ], [ 82.171955264567089, 28.251423395185018 ], [ 82.172083951841216, 28.251426832635534 ], [ 82.172211765103299, 28.251466332361471 ], [ 82.172533077642044, 28.251492895427834 ], [ 82.172986327614609, 28.251405519700523 ], [ 82.173245826876197, 28.251315394769318 ], [ 82.173354827098251, 28.251260270226211 ], [ 82.173464640343781, 28.251166832124156 ], [ 82.173595452744479, 28.251073207203682 ], [ 82.174052077619436, 28.250834645359927 ], [ 82.174703264992829, 28.250560582814732 ], [ 82.175052639447514, 28.250300395092992 ], [ 82.175251890172618, 28.250055020127505 ], [ 82.175276077278752, 28.250000707672623 ], [ 82.175287327588748, 28.249975707410851 ], [ 82.175468827383511, 28.249917832670363 ], [ 82.175598140073802, 28.24986026974134 ], [ 82.175987639391565, 28.249538832880607 ], [ 82.176440577744671, 28.249255207791858 ], [ 82.176634889816398, 28.249199395331519 ], [ 82.176893327617222, 28.249068582347778 ], [ 82.177668139831866, 28.24886333274145 ], [ 82.177861201984612, 28.248866207371819 ], [ 82.178697577496337, 28.248987582394491 ], [ 82.17953157723079, 28.249298519918483 ], [ 82.17981101491344, 28.249282520302323 ], [ 82.18045332775003, 28.249421395109938 ], [ 82.181097139733694, 28.249465457477385 ], [ 82.181932264443972, 28.249699644800014 ], [ 82.182447514574505, 28.249704207439798 ], [ 82.182576514607618, 28.249667020200825 ], [ 82.183349452000513, 28.249635457197417 ], [ 82.184251389571088, 28.249641207928427 ], [ 82.184380327845915, 28.24960401994527 ], [ 82.184702389909503, 28.249587645450802 ], [ 82.185218389510453, 28.24947714480399 ], [ 82.185347702506022, 28.249478270009494 ], [ 82.186445327477998, 28.249143895389555 ], [ 82.187284514817421, 28.248940332674913 ], [ 82.188059327524599, 28.248678707759204 ], [ 82.188512201957664, 28.248451457264963 ], [ 82.188770452617234, 28.248358895472229 ], [ 82.189221639945814, 28.248323395320067 ], [ 82.18947901520977, 28.248384332543711 ], [ 82.189865452732462, 28.248367457753197 ], [ 82.190315577131685, 28.248408582674898 ], [ 82.191346889695239, 28.248302645122916 ], [ 82.191669640272721, 28.248227644850374 ], [ 82.191863327139416, 28.248230457390349 ], [ 82.193154951974975, 28.247819895023611 ], [ 82.193995327818513, 28.247444832372203 ], [ 82.19522238961865, 28.247014394967593 ], [ 82.195611202644812, 28.246808019693201 ], [ 82.195740076875495, 28.246770832510755 ], [ 82.196021014837768, 28.246601395309117 ], [ 82.196863451874862, 28.245957832663922 ], [ 82.197707452819557, 28.245219520061955 ], [ 82.197967952028833, 28.244876583008224 ], [ 82.198122077283145, 28.244475894769256 ], [ 82.198208702235945, 28.244362332520076 ], [ 82.198403202234744, 28.244211707777183 ], [ 82.198921452612808, 28.243909395144723 ], [ 82.199505514607921, 28.243398957140581 ], [ 82.19995920205065, 28.243076832308294 ], [ 82.200347139695509, 28.242850082318242 ], [ 82.200541390176454, 28.24279427027022 ], [ 82.200991952848554, 28.242817332443945 ], [ 82.20208482747158, 28.243150645454389 ], [ 82.202922639807312, 28.243233519741835 ], [ 82.203822327808339, 28.24354820788546 ], [ 82.204080077231495, 28.243586582876674 ], [ 82.204466764850622, 28.243589957785296 ], [ 82.204788827585048, 28.243688644765076 ], [ 82.205280014443531, 28.24397983292608 ], [ 82.205923202267599, 28.244195207511353 ], [ 82.206008827550463, 28.244214770143888 ], [ 82.206094515316153, 28.244252395152515 ], [ 82.206994014959236, 28.244603144890284 ], [ 82.207699702055123, 28.244991707826081 ], [ 82.20821432748707, 28.24511127036266 ], [ 82.208333327553632, 28.245216144622667 ], [ 82.208895577552013, 28.245707645105547 ], [ 82.209173327079483, 28.245881082612325 ], [ 82.209494827702699, 28.245979770408045 ], [ 82.210266701894682, 28.246139832599436 ], [ 82.210524515345796, 28.246178207353783 ], [ 82.21084676452702, 28.246182145492885 ], [ 82.212650576898753, 28.246461645276074 ], [ 82.213101327227747, 28.246559207943928 ], [ 82.213681014801395, 28.246732270016224 ], [ 82.214196577658541, 28.246811144759437 ], [ 82.21464688979772, 28.246983144823886 ], [ 82.214732702433977, 28.247022957813268 ], [ 82.214838702797152, 28.247157394778167 ], [ 82.215031264406676, 28.24729102050517 ], [ 82.215289452800008, 28.247311332351718 ], [ 82.215868702091186, 28.247504707798697 ], [ 82.21625370237922, 28.247753957902951 ], [ 82.216446264438233, 28.247828895321689 ], [ 82.21663932760336, 28.247944457444259 ], [ 82.217792452631954, 28.248863707408884 ], [ 82.218370264456041, 28.249210520275334 ], [ 82.218755827435203, 28.249401082755966 ], [ 82.219658515088057, 28.24951939504405 ], [ 82.220305764661219, 28.249351145016639 ], [ 82.220630077429817, 28.249201645110404 ], [ 82.220975951964633, 28.249031582593826 ], [ 82.221127327563252, 28.248955769918599 ], [ 82.221473952588696, 28.248747395455364 ], [ 82.221582014739795, 28.248671957855265 ], [ 82.222230827138873, 28.248370645319767 ], [ 82.222748076966099, 28.248260020304208 ], [ 82.223782639611585, 28.248110895495678 ], [ 82.224689264799949, 28.247850082296015 ], [ 82.225164765141869, 28.247604394754372 ], [ 82.225554952910329, 28.247357270362286 ], [ 82.226010264625245, 28.246960645160019 ], [ 82.226292827198236, 28.24665808256221 ], [ 82.226965515137891, 28.246108332947934 ], [ 82.227270515292261, 28.245710770042123 ], [ 82.227511139552689, 28.24531158295477 ], [ 82.227706639740532, 28.245084270055248 ], [ 82.228424014504313, 28.244326520444346 ], [ 82.228640765000776, 28.244175707441382 ], [ 82.229205389804676, 28.243644957414354 ], [ 82.230049327155882, 28.243152332122182 ], [ 82.230244890213555, 28.242983644973226 ], [ 82.230440889588564, 28.242697644836245 ], [ 82.231026765306424, 28.242243394994738 ], [ 82.23180538964138, 28.241828020180392 ], [ 82.232129327454061, 28.241696520495601 ], [ 82.232453702748145, 28.24148833222085 ], [ 82.232843202838296, 28.241299832714354 ], [ 82.234077764434161, 28.240487770162719 ], [ 82.234597952590534, 28.240090582446758 ], [ 82.235030577190713, 28.239824957206206 ], [ 82.23505214010919, 28.239824770037945 ], [ 82.235246640035569, 28.239730520070669 ], [ 82.235440890037609, 28.239674582679672 ], [ 82.236022014758831, 28.239640020475534 ], [ 82.236603077907716, 28.239661832882302 ], [ 82.2371206401927, 28.2395308325945 ], [ 82.237380014951015, 28.239435957138546 ], [ 82.237897389749079, 28.239343332505136 ], [ 82.238414139939266, 28.239307082974548 ], [ 82.238865515155922, 28.239348082306567 ], [ 82.239576139579583, 28.239332644906142 ], [ 82.240223390167927, 28.239125957649115 ], [ 82.240870639438654, 28.238975707446308 ], [ 82.241064015325279, 28.238958145321579 ], [ 82.242812139937143, 28.238452645190264 ], [ 82.243070952331792, 28.238414270201581 ], [ 82.243329702892368, 28.238321707544571 ], [ 82.243588514825021, 28.238283270197282 ], [ 82.244365014420424, 28.23807764503503 ], [ 82.24507620286839, 28.23794933242068 ], [ 82.245529827468516, 28.23779858238402 ], [ 82.245852452817346, 28.237779832631862 ], [ 82.24604632710178, 28.237800644619107 ], [ 82.246687889625576, 28.238203144744741 ], [ 82.247071327090168, 28.238641832331481 ], [ 82.247348889870537, 28.238853582460074 ], [ 82.248057077445168, 28.23906595759016 ], [ 82.248379765369862, 28.239105895220845 ], [ 82.249088140413633, 28.239279957583324 ], [ 82.249346264656737, 28.23930008290607 ], [ 82.249849764811728, 28.239437644986555 ], [ 82.249999640208841, 28.23940239517847 ], [ 82.250328014708771, 28.239324957461363 ], [ 82.250586389708431, 28.239304519811995 ], [ 82.250844452921228, 28.239207457774405 ], [ 82.251274702882, 28.239187707508041 ], [ 82.251619202616553, 28.239015332758974 ], [ 82.251963889489232, 28.238917457264396 ], [ 82.252135889725054, 28.238918145239186 ], [ 82.253213014708749, 28.239260207384621 ], [ 82.253557389752601, 28.239297645386724 ], [ 82.253988389504627, 28.239392957843247 ], [ 82.254419140017689, 28.239411582634407 ], [ 82.254763327432272, 28.23948733244206 ], [ 82.255624952274701, 28.239427582942454 ], [ 82.256141327248883, 28.239465707783523 ], [ 82.257260890272008, 28.239462145305861 ], [ 82.257864139470627, 28.23957620740331 ], [ 82.258209202449819, 28.239728644808931 ], [ 82.258295139647643, 28.239727895504974 ], [ 82.258553390025213, 28.239860832911223 ], [ 82.258704889871879, 28.240071520458205 ], [ 82.258705452109425, 28.240608457326772 ], [ 82.258813952548294, 28.24089620780088 ], [ 82.258900014777737, 28.241010457517497 ], [ 82.258921889608445, 28.241414082814483 ], [ 82.258987139537396, 28.241758644911958 ], [ 82.259311827390079, 28.242619707910254 ], [ 82.259311952819019, 28.242734770434303 ], [ 82.259592452023199, 28.243136019799699 ], [ 82.259851139455506, 28.243365957796325 ], [ 82.260174577176485, 28.243518644964826 ], [ 82.260433202180124, 28.243574957484292 ], [ 82.262241702242719, 28.243763519771704 ], [ 82.263620076960009, 28.24360645733973 ], [ 82.264136264861278, 28.243414394734174 ], [ 82.264480577103754, 28.243336769985905 ], [ 82.264997515386398, 28.243374832167273 ], [ 82.265256139894717, 28.243431144637604 ], [ 82.266203202097074, 28.243429144660443 ], [ 82.266634264743033, 28.243524332205581 ], [ 82.266742077024716, 28.243541457754418 ], [ 82.267000576990043, 28.24363833210975 ], [ 82.268034514971319, 28.24403708270092 ], [ 82.268810577245418, 28.244438207201902 ], [ 82.269822952934589, 28.244895770356582 ], [ 82.27025382759706, 28.245029395262407 ], [ 82.27085720240936, 28.2451613953627 ], [ 82.271029202544113, 28.245162020154655 ], [ 82.271546264739825, 28.245256519989056 ], [ 82.27258014035209, 28.245483770360469 ], [ 82.273011015006247, 28.24561733259927 ], [ 82.273959264855847, 28.24597851977094 ], [ 82.27421820207897, 28.246113707350581 ], [ 82.274476389889372, 28.246188020354754 ], [ 82.274993764761007, 28.246417832663287 ], [ 82.275338264635067, 28.246626645495148 ], [ 82.275899639949529, 28.247183144874409 ], [ 82.275985952570977, 28.24731545771462 ], [ 82.276330577768462, 28.247641582382013 ], [ 82.276374202929759, 28.247717957128931 ], [ 82.276675827850724, 28.247909082603641 ], [ 82.276869827144054, 28.248099020214578 ], [ 82.277344139895916, 28.248347269719655 ], [ 82.277947514679227, 28.248422832800703 ], [ 82.278119515370548, 28.248423520112656 ], [ 82.278420764554184, 28.248422957930007 ], [ 82.278528390124663, 28.248421957701233 ], [ 82.278722014902016, 28.248363707617315 ], [ 82.27889426493239, 28.24822901968399 ], [ 82.279410765415108, 28.248016645059312 ], [ 82.280099639842931, 28.247881582884691 ], [ 82.280358014838157, 28.247861145331182 ], [ 82.280444202808155, 28.247821957901632 ], [ 82.281218889709976, 28.247783144759065 ], [ 82.281736077703272, 28.247839207741766 ], [ 82.282683640442698, 28.248085207729211 ], [ 82.282942014770526, 28.248123395085301 ], [ 82.283373139465795, 28.248121582446498 ], [ 82.283717139877311, 28.248064207753686 ], [ 82.284233952755102, 28.247928520253218 ], [ 82.284750202078484, 28.24763945799819 ], [ 82.284922139490419, 28.247581457338956 ], [ 82.285481640201724, 28.247179082252799 ], [ 82.285954452495801, 28.246928770430152 ], [ 82.286427701991286, 28.246773145038826 ], [ 82.286600514789072, 28.24673545738721 ], [ 82.286944452888591, 28.246734457666225 ], [ 82.28720295260068, 28.246675645032724 ], [ 82.287633577445845, 28.246522644637402 ], [ 82.288234514637381, 28.246176332653967 ], [ 82.288490952887514, 28.245946082715079 ], [ 82.288854827667706, 28.245696770207822 ], [ 82.28913345271441, 28.245563269625134 ], [ 82.289820952897941, 28.245581582929997 ], [ 82.290078702754485, 28.245619769623438 ], [ 82.290250389867808, 28.245600145073009 ], [ 82.290594202448162, 28.245639707785998 ], [ 82.290938015315803, 28.245733519886585 ], [ 82.291368764898337, 28.24590539509704 ], [ 82.291518952972083, 28.246000957365339 ], [ 82.29156251516477, 28.246077269960487 ], [ 82.291648577160231, 28.246135082623894 ], [ 82.291666452156647, 28.246143957205781 ], [ 82.291907265041687, 28.246249957956913 ], [ 82.29212357737282, 28.246439707794 ], [ 82.292533514735837, 28.246629832612008 ], [ 82.293050577585646, 28.246724207595335 ], [ 82.293566640286727, 28.246739644724297 ], [ 82.293997077521084, 28.246681394745391 ], [ 82.294512639731025, 28.246487020268138 ], [ 82.295113702253772, 28.246160957884783 ], [ 82.295199764502527, 28.246160144658933 ], [ 82.29545732753698, 28.246024644889971 ], [ 82.295973515055977, 28.245888895325884 ], [ 82.296359389655791, 28.24561901975424 ], [ 82.296875139584813, 28.245444958005056 ], [ 82.297736265057409, 28.245499957118149 ], [ 82.298252202952781, 28.245400270224938 ], [ 82.298509890495723, 28.245323395249699 ], [ 82.298767202510561, 28.24511339529948 ], [ 82.299025015123433, 28.244995895125417 ], [ 82.299283327908185, 28.244975395382692 ], [ 82.29971351517122, 28.244993832408348 ], [ 82.29988589022058, 28.245030582206955 ], [ 82.300317515429882, 28.245220457444141 ], [ 82.300382015258464, 28.245296582946828 ], [ 82.300726764950298, 28.245354207530529 ], [ 82.300898890301497, 28.24537058279336 ], [ 82.301071827836537, 28.245447895311393 ], [ 82.301740952854018, 28.245845395211557 ], [ 82.301999140325918, 28.245865457756658 ], [ 82.302257265129754, 28.245824644880663 ], [ 82.302515077992012, 28.245709394702587 ], [ 82.302729515065792, 28.245535894679843 ], [ 82.302857327329619, 28.245306832811906 ], [ 82.302704577648925, 28.244848082965412 ], [ 82.302659827328483, 28.244464957276811 ], [ 82.302765952991763, 28.244236144947699 ], [ 82.303087389861702, 28.243908207914274 ], [ 82.303215390181876, 28.24369720733479 ], [ 82.303212765405362, 28.24316252020866 ], [ 82.303338452324425, 28.242396582319724 ], [ 82.303293702289977, 28.242013457582225 ], [ 82.303290702105613, 28.241402207771426 ], [ 82.303223952185476, 28.240942519993244 ], [ 82.303093202100655, 28.240560270286814 ], [ 82.303069202049898, 28.240102645181238 ], [ 82.303132639668277, 28.239871832525502 ], [ 82.303128452008309, 28.238953707261846 ], [ 82.30329745293929, 28.238340707719662 ], [ 82.303317827445312, 28.238033707473708 ], [ 82.303273139664029, 28.23765289501943 ], [ 82.303032390492817, 28.236811457209086 ], [ 82.303008890214812, 28.236504894948208 ], [ 82.303093702806393, 28.236199520118678 ], [ 82.303414452045914, 28.235758832658281 ], [ 82.3034992026178, 28.235451207300855 ], [ 82.303584577509213, 28.235296957282738 ], [ 82.303711202847211, 28.234761082420224 ], [ 82.303709702360621, 28.234533270263263 ], [ 82.303644514891289, 28.234303707868118 ], [ 82.303664014630598, 28.233920082575665 ], [ 82.303597890019461, 28.233613895504437 ], [ 82.303683515449393, 28.233479957317879 ], [ 82.303919202422392, 28.233326582925113 ], [ 82.304112702496312, 28.233268332698668 ], [ 82.304220015217624, 28.233134207486255 ], [ 82.304219139928151, 28.232960457750849 ], [ 82.304109139558804, 28.232503582816125 ], [ 82.304237202517882, 28.23234901987 ], [ 82.304473702903124, 28.232213582205326 ], [ 82.304645577853961, 28.232155582693242 ], [ 82.305075577807372, 28.232058957111267 ], [ 82.305591827100116, 28.232094645265398 ], [ 82.305678202311825, 28.232075770401689 ], [ 82.30636451538885, 28.231690207233019 ], [ 82.306708389625442, 28.231535770413629 ], [ 82.306966015400931, 28.231458895407236 ], [ 82.307395640024652, 28.231226832870682 ], [ 82.307740202481085, 28.231282269845334 ], [ 82.308255639884152, 28.231146520286462 ], [ 82.308772015334412, 28.231087395309782 ], [ 82.309460139656338, 28.231065020368206 ], [ 82.310407827486443, 28.231175519782468 ], [ 82.310752014567584, 28.231251207465359 ], [ 82.311097140046215, 28.23140351999896 ], [ 82.311528327569491, 28.231516707959926 ], [ 82.311872702740516, 28.231551707869876 ], [ 82.312044827882204, 28.231514019923395 ], [ 82.312087452760906, 28.231457207797249 ], [ 82.312171139551154, 28.230957832636818 ], [ 82.312256514822053, 28.230805894621376 ], [ 82.312728139760281, 28.230420082666626 ], [ 82.312813514755831, 28.230268082895183 ], [ 82.312855639826338, 28.230170707813318 ], [ 82.312853702507326, 28.229751082625011 ], [ 82.312981390007238, 28.22951977032006 ], [ 82.313216952938731, 28.229253582141578 ], [ 82.31334464000102, 28.229022207175621 ], [ 82.313537452304232, 28.228851207788015 ], [ 82.313708077355471, 28.228639770456237 ], [ 82.313920452617538, 28.228200082431048 ], [ 82.313941515219966, 28.228048707190066 ], [ 82.313961889620572, 28.227838707403205 ], [ 82.313852452617425, 28.227533019728153 ], [ 82.313787389793333, 28.227474895268671 ], [ 82.313722452613973, 28.227322144620867 ], [ 82.313764577785562, 28.227170582493333 ], [ 82.313893077638127, 28.227054332183094 ], [ 82.31423588968147, 28.226863770461982 ], [ 82.314321077853421, 28.226747895283651 ], [ 82.314402639551872, 28.225869519768491 ], [ 82.314508452722563, 28.225563957409967 ], [ 82.314548640312211, 28.225105582923796 ], [ 82.314505077353942, 28.225029332238289 ], [ 82.313922640266057, 28.224687520006491 ], [ 82.313857827768871, 28.224591082553065 ], [ 82.314050015030631, 28.224323082586029 ], [ 82.314478452339955, 28.223998582475875 ], [ 82.314520265497961, 28.223826770330451 ], [ 82.314390202976568, 28.223712957259512 ], [ 82.314238140365134, 28.223407582649713 ], [ 82.314301827716363, 28.223253582712879 ], [ 82.314452202584604, 28.22315739504327 ], [ 82.314816952464938, 28.223043332543611 ], [ 82.315226640129197, 28.223271769979171 ], [ 82.316002077176023, 28.223516957520438 ], [ 82.316604077955134, 28.2235359575456 ], [ 82.317121264919109, 28.22364833245777 ], [ 82.317981389584403, 28.223685145197486 ], [ 82.318411952526674, 28.223798332910242 ], [ 82.318843327340801, 28.224026582544365 ], [ 82.320049890484228, 28.224425457364603 ], [ 82.320695265175502, 28.224556832448137 ], [ 82.320953640296878, 28.22459495751206 ], [ 82.320975264725888, 28.224594770064076 ], [ 82.3212556403533, 28.224709332447436 ], [ 82.321513577533125, 28.224765457418346 ], [ 82.32177214030969, 28.224765269738157 ], [ 82.323575764847718, 28.224321457212696 ], [ 82.323919390261551, 28.22430008268282 ], [ 82.324436452132161, 28.224452957407252 ], [ 82.325126265052262, 28.224775645318068 ], [ 82.325470014589413, 28.224718144768957 ], [ 82.325900077942364, 28.224734332668614 ], [ 82.326330202205881, 28.224657957252681 ], [ 82.327275828000964, 28.22465558228588 ], [ 82.327619640329246, 28.224598020202851 ], [ 82.32796395302033, 28.22463539466154 ], [ 82.328308577545414, 28.224749332489015 ], [ 82.32869714033842, 28.225014020097639 ], [ 82.328870015294413, 28.225091332559298 ], [ 82.329042014902768, 28.225148270031401 ], [ 82.329385890430643, 28.225147145175558 ], [ 82.329707452987108, 28.224992894916358 ], [ 82.329772202977708, 28.224917832733091 ], [ 82.330350452926695, 28.224515145413356 ], [ 82.330693515200181, 28.22439902039342 ], [ 82.330951015279339, 28.224265644854849 ], [ 82.331723827337257, 28.224091207801695 ], [ 82.33206807739262, 28.224072082398731 ], [ 82.332669452406307, 28.223935332323247 ], [ 82.333013265319764, 28.223934269638022 ], [ 82.333333139666323, 28.224003332887239 ], [ 82.333616077965019, 28.22406601989001 ], [ 82.334132140507691, 28.224139895375419 ], [ 82.334389390445239, 28.224139645217338 ], [ 82.335076327058488, 28.224022394936142 ], [ 82.335761827214085, 28.22369314513395 ], [ 82.336105702728091, 28.223692020362645 ], [ 82.336450077206962, 28.223785644654981 ], [ 82.3367082026909, 28.223803457689726 ], [ 82.336965389906652, 28.22374452046072 ], [ 82.337308389799134, 28.223571957505019 ], [ 82.337822640488909, 28.223397770347219 ], [ 82.33799445266871, 28.223396082369252 ], [ 82.338769077255947, 28.223564457163651 ], [ 82.339198390419256, 28.223524144842465 ], [ 82.339434140233195, 28.223388769876667 ], [ 82.339540014910995, 28.223139582470434 ], [ 82.339732202099142, 28.222930145468439 ], [ 82.339859577940288, 28.222622082541253 ], [ 82.340180077187327, 28.222334707402002 ], [ 82.340437202164281, 28.222219394718017 ], [ 82.340866514580156, 28.22217908237084 ], [ 82.340930952149264, 28.2221400823043 ], [ 82.341381202998946, 28.222043145428177 ], [ 82.341467140175681, 28.22198595728138 ], [ 82.341573453015897, 28.221831457851081 ], [ 82.341594515357656, 28.221736519892595 ], [ 82.341870515091671, 28.221199144620442 ], [ 82.341995327059735, 28.220435394961402 ], [ 82.34212239026192, 28.220206332663761 ], [ 82.342314827833732, 28.220014957959886 ], [ 82.34261463976874, 28.219802207416421 ], [ 82.34265695244963, 28.219725082939966 ], [ 82.342806702955869, 28.219628832968279 ], [ 82.342999140303874, 28.219437457215093 ], [ 82.343962514793276, 28.218823394967309 ], [ 82.34533595263531, 28.218363207665494 ], [ 82.345550514897724, 28.218209957504783 ], [ 82.345807202205265, 28.217961520357829 ], [ 82.346407827395339, 28.217619520420712 ], [ 82.347029077157615, 28.217198269959475 ], [ 82.347564640307368, 28.216741832539324 ], [ 82.34764964003719, 28.216569520451799 ], [ 82.347949077256899, 28.216225957852888 ], [ 82.348224765275276, 28.215465207471187 ], [ 82.348266140125375, 28.215160270002507 ], [ 82.348329827592352, 28.215008457648928 ], [ 82.348390265128842, 28.21409427004598 ], [ 82.348342514604369, 28.213181020031559 ], [ 82.348490202536141, 28.212570457104306 ], [ 82.348445640015953, 28.212266332471813 ], [ 82.348358702153604, 28.212037082352044 ], [ 82.348336140511989, 28.211809457664121 ], [ 82.34820589020255, 28.211580707699813 ], [ 82.348202077217948, 28.210820457554632 ], [ 82.348201390338033, 28.210764082868454 ], [ 82.348242014603073, 28.210249207390607 ], [ 82.348389702289793, 28.209638707388766 ], [ 82.348475014576962, 28.209486769643693 ], [ 82.348602014716633, 28.209106520066509 ], [ 82.349028827743652, 28.20851576976904 ], [ 82.349382514723729, 28.208334020106335 ], [ 82.349436890231132, 28.208306395056226 ], [ 82.349908140182094, 28.207961145248181 ], [ 82.351281015132514, 28.207060957737223 ], [ 82.352226389574753, 28.206850895119732 ], [ 82.352398265267652, 28.2068491447735 ], [ 82.35317164014667, 28.206733207524568 ], [ 82.353343702194309, 28.206695457797959 ], [ 82.353773202614022, 28.206675395348736 ], [ 82.354632389979429, 28.206445832746859 ], [ 82.354976015222121, 28.206388270322339 ], [ 82.355491764638629, 28.206234269810974 ], [ 82.355921265063216, 28.206060832712133 ], [ 82.356264077666424, 28.205831832296642 ], [ 82.356435827198837, 28.205717332261514 ], [ 82.35679995303326, 28.205411395425184 ], [ 82.357163702231858, 28.204875457104329 ], [ 82.35763307763996, 28.203979644818357 ], [ 82.357739327487764, 28.203674020080179 ], [ 82.357846265035676, 28.203519582439089 ], [ 82.357995515527108, 28.203139082577856 ], [ 82.358101827974849, 28.20298689478469 ], [ 82.358441953034301, 28.201993144610405 ], [ 82.358570702403568, 28.201858770147755 ], [ 82.358721139962711, 28.2017647698686 ], [ 82.359214077774197, 28.201475645308491 ], [ 82.359471952622641, 28.201380582867728 ], [ 82.359771702568239, 28.20117008270606 ], [ 82.360007515328093, 28.200939894893821 ], [ 82.360178765013458, 28.200692269857285 ], [ 82.360242577897466, 28.200540457814878 ], [ 82.360240140258099, 28.199852457393277 ], [ 82.360302764856669, 28.199470582430095 ], [ 82.360431015097774, 28.19924145793161 ], [ 82.36066638959521, 28.198975144761317 ], [ 82.360773515128329, 28.198935769854305 ], [ 82.361245515547196, 28.198554332349225 ], [ 82.361674452210167, 28.198342519769103 ], [ 82.361845952101277, 28.198209957592962 ], [ 82.362103140184956, 28.198112644782874 ], [ 82.362253640232765, 28.197980270127033 ], [ 82.362596515177302, 28.197807707394894 ], [ 82.36293982753719, 28.197673395429351 ], [ 82.36388489041434, 28.197442895110733 ], [ 82.364142515050787, 28.197327520110576 ], [ 82.364357015357328, 28.197176520048501 ], [ 82.36442151485609, 28.197137519637721 ], [ 82.364827889982294, 28.196756707600834 ], [ 82.364956702742376, 28.196624582248077 ], [ 82.365149202980092, 28.196338457862609 ], [ 82.365276139721146, 28.19595814492282 ], [ 82.365253140418631, 28.195500457358278 ], [ 82.365315764647903, 28.195120832348259 ], [ 82.365400640340582, 28.194892207672819 ], [ 82.365678827517399, 28.194435894943648 ], [ 82.365935390437343, 28.194187457935346 ], [ 82.366343140496681, 28.193960020280837 ], [ 82.366600390206415, 28.193864957763584 ], [ 82.36694339056541, 28.193654020234572 ], [ 82.367265077707273, 28.19336876987439 ], [ 82.367392639687111, 28.193141894601883 ], [ 82.367477577121335, 28.192759832866422 ], [ 82.367496952153246, 28.192380645165112 ], [ 82.3673883278761, 28.191998144848814 ], [ 82.36727976508493, 28.191771457267262 ], [ 82.367279077481513, 28.191618019999076 ], [ 82.367406952230539, 28.191314457701647 ], [ 82.367599452955474, 28.191084707766549 ], [ 82.368435764896844, 28.190668019732804 ], [ 82.368650015231125, 28.19049664484384 ], [ 82.368756577820832, 28.190267769925018 ], [ 82.368777203006772, 28.190039707779523 ], [ 82.368905452657046, 28.18981058228222 ], [ 82.369012203067953, 28.189696707917388 ], [ 82.369355703013966, 28.189526332425146 ], [ 82.369892452229863, 28.189487082672468 ], [ 82.370494390302824, 28.189467520445863 ], [ 82.371181639649308, 28.189298207953648 ], [ 82.371868139782762, 28.189070270229728 ], [ 82.373241765358472, 28.188460957699043 ], [ 82.374099515508462, 28.187985332385622 ], [ 82.374270640201502, 28.18792720750573 ], [ 82.374613890523079, 28.187738769900552 ], [ 82.374849952998247, 28.187585269694999 ], [ 82.374999703037915, 28.187443894737854 ], [ 82.375052514592184, 28.187393769881737 ], [ 82.3752646403764, 28.187258520176378 ], [ 82.376694265090634, 28.186452269731642 ], [ 82.376865764875603, 28.186376144643837 ], [ 82.377316515223995, 28.186033207173598 ], [ 82.377573890383331, 28.185899769620733 ], [ 82.37787432775562, 28.185653082777581 ], [ 82.37845339050287, 28.185387832192227 ], [ 82.378603827263831, 28.185253207801217 ], [ 82.378903702308264, 28.185062957458513 ], [ 82.379247640578484, 28.184680520438718 ], [ 82.379398327087515, 28.184566207495706 ], [ 82.37995501551282, 28.184395894622021 ], [ 82.380211577144792, 28.184397832795643 ], [ 82.380554140294706, 28.18445527015832 ], [ 82.380895515021734, 28.184571394923591 ], [ 82.381579328044211, 28.184878082504973 ], [ 82.381643327484795, 28.184954145136121 ], [ 82.381813890203077, 28.18505164529201 ], [ 82.382497140496099, 28.185414770107172 ], [ 82.382924577860493, 28.185588644918898 ], [ 82.38309476505701, 28.185704207183566 ], [ 82.384099265125485, 28.186050519662142 ], [ 82.384526015377702, 28.18631914513827 ], [ 82.384697077317327, 28.186358020251401 ], [ 82.385636890275592, 28.186817769733771 ], [ 82.385807578005412, 28.186876957565673 ], [ 82.385978015406266, 28.187010582911014 ], [ 82.386319890274336, 28.187165020224018 ], [ 82.386747077932441, 28.187413395165535 ], [ 82.387173889872855, 28.187587269564446 ], [ 82.3876866404011, 28.18785502026607 ], [ 82.388113827731544, 28.188008645414712 ], [ 82.388284390143326, 28.188106144990869 ], [ 82.388541327736789, 28.188182520160122 ], [ 82.38896801539579, 28.188394769753689 ], [ 82.389310202573725, 28.188470207842517 ], [ 82.389738327661291, 28.188452332766712 ], [ 82.38982351517312, 28.188492082530164 ], [ 82.389994764674285, 28.188492582086429 ], [ 82.390165827284974, 28.188529207339798 ], [ 82.390593203065563, 28.188741457373609 ], [ 82.390849202544402, 28.188799769896733 ], [ 82.391020514623563, 28.188800207560607 ], [ 82.391277327755262, 28.188876644800917 ], [ 82.391448515591236, 28.188820770086821 ], [ 82.391899202209501, 28.18847777020499 ], [ 82.391984514881315, 28.188476894808851 ], [ 82.392412639761773, 28.188553769753085 ], [ 82.393096202175045, 28.188842332925873 ], [ 82.393437639888262, 28.188958395376634 ], [ 82.393609139644724, 28.188976957887892 ], [ 82.394378327370958, 28.189190207526387 ], [ 82.394549577191952, 28.189190707731303 ], [ 82.394699702581249, 28.189132832240979 ], [ 82.394913889977644, 28.18896145740765 ], [ 82.395000390334317, 28.18880939522457 ], [ 82.395239702693289, 28.187873019880374 ], [ 82.395242640497699, 28.18706989541721 ], [ 82.395286202819349, 28.186897957521797 ], [ 82.395501140020841, 28.186537082350135 ], [ 82.395737827660682, 28.186232395010677 ], [ 82.396016828002658, 28.186003957731188 ], [ 82.39627464036154, 28.185662895155975 ], [ 82.39640451527346, 28.185318707247138 ], [ 82.396448953075989, 28.184918957413462 ], [ 82.396577765189008, 28.184689769867173 ], [ 82.396749702841291, 28.18450076975537 ], [ 82.397264702695225, 28.184064645259568 ], [ 82.397393889837929, 28.183912207606149 ], [ 82.398573952697006, 28.183020332676268 ], [ 82.398703265021766, 28.18279114511326 ], [ 82.3987466398587, 28.182601207625499 ], [ 82.398748765287692, 28.181933394964179 ], [ 82.398622077313007, 28.181494832636922 ], [ 82.398473327295534, 28.181358707239081 ], [ 82.398303202096585, 28.181053645376497 ], [ 82.398347140406401, 28.180710270431977 ], [ 82.398305202866794, 28.180424207128279 ], [ 82.398199390103784, 28.18011851975881 ], [ 82.397944077447946, 28.179868457224504 ], [ 82.397837015453092, 28.179810894609361 ], [ 82.397666202469509, 28.179792332288443 ], [ 82.397473577673793, 28.179715332454208 ], [ 82.397132515016906, 28.179427770075328 ], [ 82.39702638993387, 28.179293520126972 ], [ 82.397006514917749, 28.178892144933958 ], [ 82.397179452223639, 28.17843470727486 ], [ 82.397116703008265, 28.178015769789951 ], [ 82.397074077723218, 28.177919145026173 ], [ 82.396882702547501, 28.177691020392093 ], [ 82.39673351528134, 28.177575207608527 ], [ 82.396243577390422, 28.177000457879448 ], [ 82.396116265212669, 28.176751332123356 ], [ 82.395987827175816, 28.176617270292205 ], [ 82.395818014637641, 28.176330270188675 ], [ 82.395733702680147, 28.17606495762524 ], [ 82.395716389603805, 28.174975520149331 ], [ 82.395590390373457, 28.17428870722598 ], [ 82.395785202668691, 28.173659582783269 ], [ 82.3958295772849, 28.173298207648457 ], [ 82.395958889652405, 28.173012582606486 ], [ 82.396110827758434, 28.172460644571157 ], [ 82.396218577238741, 28.172231644755293 ], [ 82.396284077270366, 28.171982832073912 ], [ 82.396586014849973, 28.171316519812677 ], [ 82.396693327790928, 28.171146207153857 ], [ 82.397186515497452, 28.170899832372172 ], [ 82.397614889969446, 28.170654082335005 ], [ 82.397937639718805, 28.170120645041852 ], [ 82.398110515185536, 28.169663144863794 ], [ 82.398132702174294, 28.169511770139085 ], [ 82.398262140206882, 28.16928258270022 ], [ 82.398370202296078, 28.168976957078751 ], [ 82.398691826608399, 28.168750332802919 ], [ 82.398947202148875, 28.169056769942607 ], [ 82.399352513928349, 28.169343643737932 ], [ 82.399651451930168, 28.169516582386496 ], [ 82.399972140829249, 28.169614831747698 ], [ 82.400121453048172, 28.169689956405101 ], [ 82.400334578109423, 28.169881831476996 ], [ 82.400717764260634, 28.170322331298564 ], [ 82.400802452439422, 28.170571832321563 ], [ 82.400521953106363, 28.171217645366024 ], [ 82.400456827822083, 28.171446205722233 ], [ 82.40045626479197, 28.17159958129448 ], [ 82.40056263981738, 28.171751893432919 ], [ 82.400753702312485, 28.172153768780273 ], [ 82.400987890525201, 28.172442394707332 ], [ 82.401327765370937, 28.173072832451698 ], [ 82.401455451686019, 28.173206894161254 ], [ 82.401625576744863, 28.173511956830882 ], [ 82.401773451602168, 28.173970644328527 ], [ 82.401964828117514, 28.174295769793677 ], [ 82.401985827669776, 28.17439258289803 ], [ 82.402220077828986, 28.174735331908078 ], [ 82.40232588884119, 28.175138081728463 ], [ 82.402410201185802, 28.175308644520438 ], [ 82.402730014602213, 28.175673081497617 ], [ 82.403007389503742, 28.175902582241264 ], [ 82.403284015251927, 28.176229143418457 ], [ 82.403283890104788, 28.17636226777466 ], [ 82.40319726465583, 28.176552643848044 ], [ 82.402873701346294, 28.177219207782123 ], [ 82.402359013917575, 28.177675644287774 ], [ 82.401930390407571, 28.177901143788141 ], [ 82.401715514182825, 28.178167269843502 ], [ 82.40143632661038, 28.178377644141644 ], [ 82.401221951596455, 28.178585144699394 ], [ 82.401049764629931, 28.178853082826095 ], [ 82.400984202965574, 28.179194393656495 ], [ 82.400983015632121, 28.179442581903789 ], [ 82.401109515253367, 28.180016581217643 ], [ 82.401258263607815, 28.180245144460688 ], [ 82.401471265527277, 28.180475332223658 ], [ 82.40196195311421, 28.18076364378755 ], [ 82.402388201161116, 28.181280332190074 ], [ 82.402664826781333, 28.18170158130572 ], [ 82.402984328064605, 28.181989331867264 ], [ 82.40328207722122, 28.182561580721902 ], [ 82.403408764345315, 28.182905394024708 ], [ 82.403621889951538, 28.183194269235297 ], [ 82.40400570255504, 28.183481332858623 ], [ 82.404539763982413, 28.183674332278486 ], [ 82.404753328071209, 28.183845893977477 ], [ 82.40509420248101, 28.184210081466773 ], [ 82.405264077054639, 28.184497082388457 ], [ 82.405412701005503, 28.184861018817564 ], [ 82.405368514970846, 28.185184081279566 ], [ 82.404981076548822, 28.185928019339645 ], [ 82.404272077449676, 28.186668457517488 ], [ 82.404035265086009, 28.187011519445083 ], [ 82.403496639907857, 28.188172081245543 ], [ 82.403322827704244, 28.188801019753761 ], [ 82.403321389142235, 28.189182269157612 ], [ 82.403212390178041, 28.189754144222974 ], [ 82.403167888899048, 28.190192270051497 ], [ 82.403059451011984, 28.190669394560388 ], [ 82.403058514722503, 28.190840831868307 ], [ 82.402928265583753, 28.191297894738998 ], [ 82.402842263689749, 28.191488268091668 ], [ 82.402584328080934, 28.191869832507106 ], [ 82.4024543899843, 28.192250207946323 ], [ 82.402517952314241, 28.192441332476328 ], [ 82.402752326613935, 28.192691582294369 ], [ 82.403221640264107, 28.19309283247156 ], [ 82.403476952945979, 28.193437643716052 ], [ 82.403497327561311, 28.193629206926524 ], [ 82.403346389030446, 28.194066144970531 ], [ 82.403345826290078, 28.194219520211664 ], [ 82.403128951911157, 28.194963958178707 ], [ 82.403170639786779, 28.195134957055359 ], [ 82.403126326821976, 28.19568814379198 ], [ 82.40316801504045, 28.195861394868878 ], [ 82.403295827116366, 28.195995456776345 ], [ 82.403530139482712, 28.196340457880552 ], [ 82.403827452906839, 28.196876582332536 ], [ 82.403913202292586, 28.196952395215789 ], [ 82.403998138748648, 28.197125206662133 ], [ 82.404060702228549, 28.197431395120145 ], [ 82.404059576127977, 28.197735957379507 ], [ 82.403973077151463, 28.197985018940003 ], [ 82.40390782720857, 28.198346645205874 ], [ 82.403756577605975, 28.19871139545247 ], [ 82.403712076787002, 28.199054770451315 ], [ 82.403626201811477, 28.199206769558046 ], [ 82.403774577581586, 28.199550395057184 ], [ 82.403923576229715, 28.1997992700136 ], [ 82.403944139680064, 28.199952456667177 ], [ 82.40407188874147, 28.200183519854519 ], [ 82.404326952354864, 28.200508019123372 ], [ 82.404645452638547, 28.201253706772601 ], [ 82.404793076908618, 28.201732706425695 ], [ 82.404942201741179, 28.202037957287288 ], [ 82.40494026441543, 28.202421519356704 ], [ 82.404831889347989, 28.202898581931287 ], [ 82.404745639546931, 28.203070957157948 ], [ 82.404422890131386, 28.203509644138052 ], [ 82.404401202080379, 28.203604643312577 ], [ 82.404250014394989, 28.203872394511805 ], [ 82.404248577161823, 28.204253643263186 ], [ 82.404162076600201, 28.204502708177188 ], [ 82.404203388635537, 28.20488576929576 ], [ 82.404180639880224, 28.205190518488667 ], [ 82.40422338951187, 28.205343519866563 ], [ 82.404243014815663, 28.205726832392262 ], [ 82.404348763583272, 28.206070894895944 ], [ 82.404369138858385, 28.206262395515438 ], [ 82.404518138952781, 28.206606081657199 ], [ 82.404623701924351, 28.206988458091079 ], [ 82.404836014735665, 28.207351769657144 ], [ 82.405134327436258, 28.207716395713476 ], [ 82.405431638889311, 28.208252518791888 ], [ 82.405454389104577, 28.208333520333344 ], [ 82.405537890063897, 28.208634957640477 ], [ 82.405516201625744, 28.208729894660546 ], [ 82.405600827750462, 28.20892077061221 ], [ 82.405600140505939, 28.209207206350946 ], [ 82.405705014690682, 28.209878456688521 ], [ 82.406024576905537, 28.210547457899025 ], [ 82.406215452889725, 28.21102601881428 ], [ 82.406321701899827, 28.211408394786915 ], [ 82.406299264696429, 28.211789895010394 ], [ 82.406019825718957, 28.212230394012391 ], [ 82.405740765051618, 28.212553645183142 ], [ 82.405633201298997, 28.212746520190791 ], [ 82.405589765537954, 28.212936457486343 ], [ 82.405610764876201, 28.213033207586403 ], [ 82.405738327517781, 28.213338706203611 ], [ 82.405908639587935, 28.213607707628551 ], [ 82.406612952226453, 28.2142975192234 ], [ 82.406826638174849, 28.214469018909217 ], [ 82.406869639566224, 28.214545269842581 ], [ 82.407189513704623, 28.214853332649678 ], [ 82.407317201427205, 28.215025706097375 ], [ 82.407402452525844, 28.215216581970534 ], [ 82.407615702460916, 28.215503144284146 ], [ 82.407784952073698, 28.216173644582131 ], [ 82.407975827496415, 28.216746957130141 ], [ 82.40797582751425, 28.216841645199683 ], [ 82.408103765774129, 28.217129143887139 ], [ 82.408444827677258, 28.218276144415306 ], [ 82.408594390639976, 28.218658082481884 ], [ 82.408657953000386, 28.219038706698566 ], [ 82.408657201626099, 28.219230456205434 ], [ 82.408592951932221, 28.219517643766984 ], [ 82.408634389184357, 28.220300020092729 ], [ 82.408719764829073, 28.220547270221424 ], [ 82.408869139320814, 28.220816457749756 ], [ 82.408976326204268, 28.220930394114955 ], [ 82.409404200992, 28.221217018726925 ], [ 82.410003701596622, 28.221483768733339 ], [ 82.411524077923588, 28.222002769041584 ], [ 82.411866513796596, 28.222231580789234 ], [ 82.412508952149295, 28.222518207860372 ], [ 82.412808951224164, 28.22261439556554 ], [ 82.413450952128414, 28.223016081287437 ], [ 82.413879451262403, 28.223205706958691 ], [ 82.414414951727835, 28.223301644680554 ], [ 82.414736014572966, 28.22345620654864 ], [ 82.415143077077303, 28.223761081963321 ], [ 82.416256390091021, 28.224259393328538 ], [ 82.416666451757948, 28.224496519161445 ], [ 82.416748577107001, 28.224545206583727 ], [ 82.417047890545618, 28.225176082548508 ], [ 82.417261578118868, 28.225444581184043 ], [ 82.417476139901481, 28.225634144291419 ], [ 82.417797327134551, 28.225845081574835 ], [ 82.418139639063, 28.226017519354674 ], [ 82.418504389527669, 28.226151331898802 ], [ 82.418846452994302, 28.226497457316444 ], [ 82.41910345274438, 28.226955019280798 ], [ 82.41910276540095, 28.22724152040071 ], [ 82.419059451545408, 28.227433707621504 ], [ 82.419102077319934, 28.227622769270603 ], [ 82.41910138887151, 28.227909269449558 ], [ 82.419186702004069, 28.228291894209235 ], [ 82.419293827495935, 28.228541206169638 ], [ 82.419443702498569, 28.22875170689905 ], [ 82.419636388266923, 28.228923395165864 ], [ 82.420321265384771, 28.229383270084263 ], [ 82.420771202544898, 28.229649269067423 ], [ 82.421178388973701, 28.229764581828562 ], [ 82.421521389996357, 28.229842269007936 ], [ 82.42237857776135, 28.229844644239254 ], [ 82.423364827841908, 28.229786957325611 ], [ 82.423901078128125, 28.229693395349226 ], [ 82.424094264548913, 28.229617019399253 ], [ 82.424437763610626, 28.22934939466122 ], [ 82.424738264587148, 28.229007957833172 ], [ 82.424888701730026, 28.228778518332007 ], [ 82.425274764151553, 28.228454144307253 ], [ 82.42553245142652, 28.228149206094578 ], [ 82.426047140495655, 28.227920456763613 ], [ 82.426132953128672, 28.227958019376398 ], [ 82.426218889520612, 28.228054018959917 ], [ 82.426282951761806, 28.228227082644146 ], [ 82.426368390496094, 28.228282582684006 ], [ 82.42649707774936, 28.228475268445671 ], [ 82.426688953052519, 28.228971831425508 ], [ 82.426796077848451, 28.229124081895133 ], [ 82.427117013603763, 28.22931477034312 ], [ 82.427288826990178, 28.229353581350928 ], [ 82.427460515343839, 28.229335957364384 ], [ 82.427717264144832, 28.229391957601518 ], [ 82.428317701797823, 28.229433081080629 ], [ 82.42857495264856, 28.229527393804272 ], [ 82.42881045233716, 28.229565519045266 ], [ 82.429110388845857, 28.229661644061498 ], [ 82.429517514233751, 28.229912332091981 ], [ 82.42966720239825, 28.230158894204429 ], [ 82.429859764412541, 28.230368957568874 ], [ 82.430201639669235, 28.23098120689345 ], [ 82.430244640302433, 28.2313823322018 ], [ 82.430286702294907, 28.231535268737993 ], [ 82.430243390479475, 28.231916955936935 ], [ 82.430028138965611, 28.232681706484762 ], [ 82.430005888704727, 28.233063206740333 ], [ 82.430091202404256, 28.233445831980081 ], [ 82.430005201193822, 28.233825706882286 ], [ 82.430047264179379, 28.234017020349103 ], [ 82.430089265592926, 28.234781332489362 ], [ 82.429917327902714, 28.23525914526244 ], [ 82.429809452340052, 28.235429519064986 ], [ 82.429100889551606, 28.2363076440767 ], [ 82.42873576516638, 28.23705139489919 ], [ 82.428627390196596, 28.237433768896622 ], [ 82.428584078186631, 28.237815456833445 ], [ 82.428690451861584, 28.23829258084486 ], [ 82.428689826235939, 28.238579081214031 ], [ 82.428752826277389, 28.238864894396666 ], [ 82.428859702264504, 28.238999145458944 ], [ 82.428987452602797, 28.239266207008722 ], [ 82.429286265391227, 28.239608331440134 ], [ 82.429863327324654, 28.239990270463291 ], [ 82.430119515338816, 28.240104895407615 ], [ 82.431145703119725, 28.240737145480573 ], [ 82.43131670183331, 28.240812019402441 ], [ 82.431914576513819, 28.241270457183049 ], [ 82.432149389717182, 28.241500395157708 ], [ 82.43249163876456, 28.24170889376073 ], [ 82.432812515365825, 28.241843082623625 ], [ 82.433112015358091, 28.241900895503285 ], [ 82.433475764643291, 28.241863208127889 ], [ 82.43371195120406, 28.241806582884003 ], [ 82.433968577523288, 28.241806144689978 ], [ 82.434140015147563, 28.241863018770864 ], [ 82.434353139024566, 28.242034456733684 ], [ 82.434609951389504, 28.242187457532548 ], [ 82.434931076621197, 28.242244957374631 ], [ 82.435102140480822, 28.242322144608135 ], [ 82.435166452053053, 28.242321456940562 ], [ 82.435422826821451, 28.24243608157763 ], [ 82.435593702093243, 28.242551581586021 ], [ 82.435850327421051, 28.242645893310893 ], [ 82.436982889105693, 28.243371645179181 ], [ 82.437303265101789, 28.243657081559405 ], [ 82.43741001476765, 28.243829644896802 ], [ 82.437623640187979, 28.244039518356079 ], [ 82.437730138465298, 28.244191706731762 ], [ 82.437921639274165, 28.244649894738835 ], [ 82.438260389735788, 28.246063082349583 ], [ 82.438345638955468, 28.246156895038741 ], [ 82.4387733275681, 28.246463707703931 ], [ 82.439029826294458, 28.246501643884219 ], [ 82.439201201524227, 28.246502144535306 ], [ 82.439007702006322, 28.246844770263756 ], [ 82.43885695244083, 28.247189207657541 ], [ 82.438749577009219, 28.247303143502574 ], [ 82.438362702806657, 28.24766589456943 ], [ 82.43806257809085, 28.247797644720055 ], [ 82.437826701260533, 28.247969331924907 ], [ 82.437462389605258, 28.248160394254448 ], [ 82.436647764112308, 28.248446455809944 ], [ 82.436155202050656, 28.248521518794966 ], [ 82.43551245118249, 28.248751644731321 ], [ 82.435233577433635, 28.248808707012895 ], [ 82.43469857708817, 28.248807581730915 ], [ 82.434142138953803, 28.248732207162092 ], [ 82.433585452298928, 28.248731270318455 ], [ 82.433285202556817, 28.248806582201013 ], [ 82.432985514965779, 28.248922519869566 ], [ 82.432556201783996, 28.249206706898178 ], [ 82.431977389240672, 28.249454206015439 ], [ 82.43157063927228, 28.249808144863454 ], [ 82.43156182772465, 28.249814957365061 ], [ 82.431476389007258, 28.250000893628748 ], [ 82.431443577244025, 28.250073394296653 ], [ 82.430918577124331, 28.250584207480113 ], [ 82.430823763909032, 28.250731831186666 ], [ 82.430600139287293, 28.251255332683467 ], [ 82.430506951277579, 28.251382581337776 ], [ 82.429915888999489, 28.251909894883283 ], [ 82.429650639473337, 28.252029956086979 ], [ 82.428605640100542, 28.252192018631021 ], [ 82.428177514645583, 28.252133331323996 ], [ 82.427673513775929, 28.251881458279634 ], [ 82.427096389888234, 28.251397957100881 ], [ 82.426930014612026, 28.251293644663431 ], [ 82.426656389768141, 28.251167957551246 ], [ 82.426488389166423, 28.251083957957292 ], [ 82.426317327238593, 28.251056394876759 ], [ 82.425971076246668, 28.251078081422406 ], [ 82.425795389506419, 28.251127270256688 ], [ 82.425463015433877, 28.251284143616925 ], [ 82.424946763844446, 28.251641456243995 ], [ 82.424669951789184, 28.251951144796791 ], [ 82.423923327430657, 28.252565707491428 ], [ 82.423544638935596, 28.252777269430634 ], [ 82.422504327855179, 28.253241518747039 ], [ 82.422062263706934, 28.253431082518315 ], [ 82.421623264411707, 28.253564269691402 ], [ 82.42118726486342, 28.253638769620814 ], [ 82.420318076201696, 28.253751519859563 ], [ 82.42006057758752, 28.253738393879729 ], [ 82.419122452998039, 28.253556394486285 ], [ 82.417769764592904, 28.253089894315956 ], [ 82.41742826452014, 28.253034832684765 ], [ 82.416732390295508, 28.253152582554456 ], [ 82.416666390385771, 28.253173581924845 ], [ 82.415945952184458, 28.25340889535012 ], [ 82.415309951122836, 28.253672645245675 ], [ 82.415178763722977, 28.253723643593521 ], [ 82.414972388544754, 28.253964894953327 ], [ 82.414875702425405, 28.254168895490743 ], [ 82.414675639574256, 28.254694331569937 ], [ 82.414526452719528, 28.255068145010345 ], [ 82.414395451474022, 28.255518394599978 ], [ 82.414203514383175, 28.255890332806285 ], [ 82.413853701678889, 28.256410582664333 ], [ 82.413513078033617, 28.256759333066764 ], [ 82.413222264602311, 28.256976581988436 ], [ 82.412698952613894, 28.257527893765676 ], [ 82.412543077211993, 28.257637832708266 ], [ 82.412131514553863, 28.25811576873323 ], [ 82.41197501400022, 28.258225707833759 ], [ 82.411535451543202, 28.258419706559369 ], [ 82.411269452561015, 28.258580394244365 ], [ 82.411007515413061, 28.258666582580265 ], [ 82.410573077219652, 28.258765831873429 ], [ 82.409470202928858, 28.258937331273483 ], [ 82.409008140436299, 28.259548957971354 ], [ 82.40888470285654, 28.259847957723402 ], [ 82.408603265036049, 28.260293082235876 ], [ 82.408487952260273, 28.260440895205132 ], [ 82.407990390508928, 28.26091752007402 ], [ 82.407726388654694, 28.261042020011832 ], [ 82.407117514030872, 28.261190457806229 ], [ 82.406940951749291, 28.261280206681167 ], [ 82.406806014344824, 28.261389893746795 ], [ 82.406578201357391, 28.261647207779856 ], [ 82.406178327236816, 28.261899456510299 ], [ 82.406003764002307, 28.261950831088278 ], [ 82.405724265046771, 28.261960519346278 ], [ 82.405482951095266, 28.262064519871856 ], [ 82.405414452061805, 28.26213964511777 ], [ 82.405440764111887, 28.262443893433904 ], [ 82.405544827953733, 28.262903081048233 ], [ 82.405536640461307, 28.263054269905176 ], [ 82.405623264497578, 28.263436893488727 ], [ 82.405527201590345, 28.264419144427677 ], [ 82.405373890776971, 28.264869706816437 ], [ 82.405258576539339, 28.26501751938611 ], [ 82.40458538944759, 28.265563582772579 ], [ 82.404305014439018, 28.265990582895544 ], [ 82.403986015514263, 28.266339019381014 ], [ 82.40382939045611, 28.266448893742737 ], [ 82.403624576699954, 28.266667581901817 ], [ 82.403407513979658, 28.267116518727235 ], [ 82.403220701302672, 28.267393643962954 ], [ 82.403106452659955, 28.267523331292619 ], [ 82.402659702315944, 28.267850581599355 ], [ 82.402361701072891, 28.268201019811652 ], [ 82.402174452199773, 28.268496269484469 ], [ 82.401931578000259, 28.269019830916168 ], [ 82.401748326212299, 28.269621769743438 ], [ 82.40175563957051, 28.269885643785265 ], [ 82.401768076140144, 28.270056894564341 ], [ 82.401846389290995, 28.270590831347338 ], [ 82.40186857626351, 28.270971831233084 ], [ 82.401826451882286, 28.271349018979752 ], [ 82.40175276354249, 28.271516705862176 ], [ 82.40150526518913, 28.271735832000811 ], [ 82.400911764480597, 28.272001332817698 ], [ 82.400709452487391, 28.272165832326941 ], [ 82.400662639832746, 28.272238456631847 ], [ 82.400332327804321, 28.272796831615054 ], [ 82.400283452114621, 28.272910144075261 ], [ 82.399720889744046, 28.27378214449525 ], [ 82.399559763704744, 28.273984581504941 ], [ 82.399267513665905, 28.274240206273785 ], [ 82.398788764993384, 28.274754956474741 ], [ 82.398533451488817, 28.275107269624048 ], [ 82.39822888883721, 28.275590895122036 ], [ 82.398155327209125, 28.27575858300953 ], [ 82.397382702010788, 28.276946332504821 ], [ 82.39727676427637, 28.277321832666566 ], [ 82.397252076934237, 28.27777558196809 ], [ 82.397341389447675, 28.279297394301572 ], [ 82.397329076533794, 28.279523081816354 ], [ 82.397395076137769, 28.280284893827734 ], [ 82.397477514119515, 28.280742019491601 ], [ 82.397544014024589, 28.281882832384525 ], [ 82.3972718263894, 28.282555643563484 ], [ 82.397129702536901, 28.28279845650021 ], [ 82.397015388628617, 28.282925957018406 ], [ 82.396813701687222, 28.283090457076053 ], [ 82.396637077805252, 28.283180207483277 ], [ 82.39585207707249, 28.283418269782722 ], [ 82.39551645126619, 28.283672269450953 ], [ 82.395130890102735, 28.284057394723206 ], [ 82.39497120251103, 28.284223770488346 ], [ 82.394769450694582, 28.284388145661044 ], [ 82.394723701613231, 28.284442768978931 ], [ 82.39443489034322, 28.284623956256894 ], [ 82.393225078016556, 28.285170957411015 ], [ 82.393042889139565, 28.285373581676652 ], [ 82.392808139229942, 28.285743707656778 ], [ 82.39270157593387, 28.286119268830532 ], [ 82.392398326139556, 28.286564519964731 ], [ 82.391771389448351, 28.287055895292426 ], [ 82.390972327055707, 28.28754001963015 ], [ 82.390702076458865, 28.287777393879256 ], [ 82.389580888760079, 28.289067894288483 ], [ 82.389350201346176, 28.289363519777943 ], [ 82.389090325808112, 28.289810581751901 ], [ 82.388812201854606, 28.290178895234909 ], [ 82.388448327188797, 28.29056608297094 ], [ 82.388245888788617, 28.290730645341085 ], [ 82.38780270114755, 28.290999019008549 ], [ 82.387279077909994, 28.291153206681802 ], [ 82.386589638798739, 28.291205331768214 ], [ 82.386329703063637, 28.291253080895203 ], [ 82.386049014480221, 28.291280768601297 ], [ 82.385875515551348, 28.291314081044423 ], [ 82.385478140062972, 28.291527956599037 ], [ 82.385357576544635, 28.291666769697034 ], [ 82.38515801484931, 28.29189889461794 ], [ 82.385004201953763, 28.29237420662059 ], [ 82.384970889793507, 28.292604644040438 ], [ 82.384985514763656, 28.293143645361816 ], [ 82.384914702185682, 28.293679019337738 ], [ 82.384787077295456, 28.294059269307532 ], [ 82.384532326371684, 28.294413833139668 ], [ 82.384314827827509, 28.294887518837236 ], [ 82.384267951305787, 28.294962395309046 ], [ 82.384195390278222, 28.295114269483943 ], [ 82.383636952612449, 28.295537269258393 ], [ 82.383522638815435, 28.295667020379895 ], [ 82.383471764886451, 28.295820958202981 ], [ 82.383584077623425, 28.296131145417931 ], [ 82.38372726377483, 28.296269519554198 ], [ 82.384184076268824, 28.296555957016615 ], [ 82.384284015157448, 28.296692520332687 ], [ 82.384357763805014, 28.296926394405428 ], [ 82.384170451366714, 28.297228394524364 ], [ 82.383859577020488, 28.2974277685048 ], [ 82.383749388659169, 28.297483018957188 ], [ 82.383592388583665, 28.297610894990505 ], [ 82.383134826912197, 28.298152456863942 ], [ 82.382488264675231, 28.298612457779278 ], [ 82.382092014404819, 28.299212018898118 ], [ 82.381727139178551, 28.299624019809805 ], [ 82.381539826887703, 28.299923706849111 ], [ 82.381204952274018, 28.300585831345067 ], [ 82.380719514535443, 28.301240456467802 ], [ 82.380232576437265, 28.301531831873262 ], [ 82.38003082648784, 28.301698582511392 ], [ 82.379438452612519, 28.302753581797671 ], [ 82.378697889260451, 28.303785206871851 ], [ 82.378378702556162, 28.304140332062122 ], [ 82.378165640276336, 28.304517019259624 ], [ 82.377883452161029, 28.305814645107958 ], [ 82.377871077035209, 28.306044894611567 ], [ 82.377992825665032, 28.30658739373937 ], [ 82.378225764354767, 28.307056518347352 ], [ 82.37859195237472, 28.307434081409365 ], [ 82.379031951472442, 28.308045518970562 ], [ 82.37910976512822, 28.308200393584599 ], [ 82.379322763997664, 28.30905320717622 ], [ 82.379385389953185, 28.309903020500322 ], [ 82.379327953070671, 28.310591706312803 ], [ 82.379039951512965, 28.311580394448271 ], [ 82.378959888466198, 28.312289582192999 ], [ 82.378926889441033, 28.312499707984639 ], [ 82.378885327731581, 28.312883645064097 ], [ 82.378614828028276, 28.313948894451787 ], [ 82.377958577173018, 28.315004520118951 ], [ 82.377269889684371, 28.315864206269598 ], [ 82.376994452269102, 28.316200832414854 ], [ 82.376860139920936, 28.316310520651559 ], [ 82.376505764875816, 28.316510332412321 ], [ 82.375903452086078, 28.316951770271441 ], [ 82.375399890069971, 28.317146395405615 ], [ 82.375000015352768, 28.317272207541183 ], [ 82.374924451610113, 28.31729552011878 ], [ 82.374761390154134, 28.317353582276798 ], [ 82.374402764575777, 28.317566957073073 ], [ 82.373953201757047, 28.317697831570776 ], [ 82.373417389516632, 28.317901769132078 ], [ 82.373096389474952, 28.317977143043738 ], [ 82.372967951818993, 28.318050645443954 ], [ 82.372839888956932, 28.318049706767457 ], [ 82.372646827115148, 28.318105769106516 ], [ 82.371875451344451, 28.318386520146138 ], [ 82.371490390486542, 28.318478332764666 ], [ 82.371425451942585, 28.318535456722465 ], [ 82.370783764381827, 28.318643331331707 ], [ 82.370591015772831, 28.318719707064492 ], [ 82.370590764082237, 28.318796457514999 ], [ 82.370525889652527, 28.318812893361944 ], [ 82.370333889009117, 28.318850894605955 ], [ 82.369564514080082, 28.318842831882435 ], [ 82.368794888739487, 28.318913706935021 ], [ 82.367941138803573, 28.318886206804436 ], [ 82.367534951197044, 28.318921831652638 ], [ 82.367214889498868, 28.318861894473756 ], [ 82.366830264707446, 28.318838643801442 ], [ 82.366317638794925, 28.318873144468657 ], [ 82.365932326122945, 28.31894689485636 ], [ 82.36580363884336, 28.319002332281062 ], [ 82.365459701215244, 28.319267456807953 ], [ 82.365373451892594, 28.31939920806926 ], [ 82.365350140746244, 28.319570893865592 ], [ 82.365513577694287, 28.320489644550481 ], [ 82.36563957629842, 28.320777144386021 ], [ 82.365913201345009, 28.321239082766557 ], [ 82.366017575999251, 28.321526832212051 ], [ 82.366081451958877, 28.32158483277756 ], [ 82.36608045145978, 28.321661519087822 ], [ 82.366867451183907, 28.322145456551937 ], [ 82.367378140522817, 28.3223591442624 ], [ 82.367526888846228, 28.322474957742582 ], [ 82.368037201507263, 28.32270895747688 ], [ 82.368292451139951, 28.322882394461434 ], [ 82.368483077749502, 28.323076769454026 ], [ 82.368673015238016, 28.323383894760905 ], [ 82.368755201619891, 28.323728206667656 ], [ 82.368855889395206, 28.324473893870792 ], [ 82.369024701506561, 28.324760957954105 ], [ 82.369043577176811, 28.325047269055432 ], [ 82.368954577659295, 28.325506145084642 ], [ 82.368802577278927, 28.325733268766712 ], [ 82.368520514204207, 28.326304581649516 ], [ 82.368453514814973, 28.326648145429132 ], [ 82.368450826275009, 28.326934643457477 ], [ 82.368511889049145, 28.327222707801404 ], [ 82.368801514324886, 28.3281425820573 ], [ 82.368927014837283, 28.328430083055924 ], [ 82.369029138498902, 28.328889207229651 ], [ 82.369154076723973, 28.329235394177008 ], [ 82.369233451808, 28.329809831887225 ], [ 82.369146701848251, 28.329903208011075 ], [ 82.368760201150266, 28.329938643795284 ], [ 82.368631326893848, 28.329976082133616 ], [ 82.368054078040274, 28.329896144020609 ], [ 82.367604389948326, 28.32987358229888 ], [ 82.367284013746357, 28.32979333076289 ], [ 82.367026765370923, 28.329811644387071 ], [ 82.366770389667749, 28.329751082573043 ], [ 82.366384702299925, 28.329748081563118 ], [ 82.366213764703588, 28.329688956839181 ], [ 82.366170389154803, 28.329786331510746 ], [ 82.366060076652673, 28.330033394573974 ], [ 82.365971577237062, 28.33033883323079 ], [ 82.365990952066696, 28.330510081808747 ], [ 82.365944327935367, 28.330853455693916 ], [ 82.365832827443654, 28.331256145557685 ], [ 82.365590389512334, 28.331883457765155 ], [ 82.365393327510503, 28.332226080919973 ], [ 82.365305075998009, 28.332454770516652 ], [ 82.365301826339831, 28.332799957668012 ], [ 82.365425577143554, 28.333202519898805 ], [ 82.365529202201415, 28.33333233201488 ], [ 82.365912763853558, 28.333818018941454 ], [ 82.366144327050975, 28.334278144856881 ], [ 82.366078638600925, 28.334429956734933 ], [ 82.366140389733374, 28.334718145530758 ], [ 82.366114452468395, 28.335232707640504 ], [ 82.36602514058437, 28.335576519175799 ], [ 82.365674139321058, 28.336491395129556 ], [ 82.365497326909193, 28.337120331796338 ], [ 82.365431826374902, 28.337233768899647 ], [ 82.365409201321128, 28.337405457896089 ], [ 82.365211764468384, 28.337919457462259 ], [ 82.365054327828886, 28.338719706759409 ], [ 82.364967326575311, 28.338892020691553 ], [ 82.364902640522843, 28.338967081641563 ], [ 82.364876328010851, 28.3395020196388 ], [ 82.364850953052823, 28.339960207587382 ], [ 82.364890952256474, 28.340248580785342 ], [ 82.365058077653288, 28.34070708142 ], [ 82.365671013676504, 28.341630394100427 ], [ 82.366560640732146, 28.342799080742267 ], [ 82.366688327812255, 28.342915082800328 ], [ 82.367177889974741, 28.343262082412437 ], [ 82.367497139670078, 28.343549895572671 ], [ 82.367858889848563, 28.343819270195009 ], [ 82.368626139567681, 28.344244645554518 ], [ 82.369138638724877, 28.344438020293751 ], [ 82.369394951671978, 28.34459339505128 ], [ 82.370932577801938, 28.345135145480029 ], [ 82.372896076409603, 28.346026769269475 ], [ 82.373448577139555, 28.346600957356394 ], [ 82.374441764096488, 28.348134019006849 ], [ 82.374696827046989, 28.348384082816501 ], [ 82.37497026525817, 28.348478332226428 ], [ 82.374999764044659, 28.348491518971244 ], [ 82.375410701554301, 28.348672395413768 ], [ 82.375922139859995, 28.348732770815268 ], [ 82.376746202496506, 28.34895670770943 ], [ 82.377564014804918, 28.349293581191951 ], [ 82.378000076099127, 28.349541894542398 ], [ 82.379170451293987, 28.350468457549759 ], [ 82.379738077087183, 28.350681581328939 ], [ 82.380184077617727, 28.350756018973328 ], [ 82.38037357623783, 28.35082177026176 ], [ 82.380581140350742, 28.350943770544323 ], [ 82.380726826702954, 28.351025708027738 ], [ 82.380768639528071, 28.351047957233408 ], [ 82.381186576273322, 28.35161889427831 ], [ 82.381412076748504, 28.352546019330344 ], [ 82.38145476443691, 28.352929082745902 ], [ 82.381415951554601, 28.353234020221283 ], [ 82.38121432700423, 28.353761707648186 ], [ 82.380982889861272, 28.354059581992423 ], [ 82.380815265299503, 28.354359020372321 ], [ 82.38058313879425, 28.355038145644414 ], [ 82.38048876445778, 28.355188020170417 ], [ 82.380411951341259, 28.355414394535288 ], [ 82.380394265164782, 28.355719081687411 ], [ 82.380457889724553, 28.356104206613811 ], [ 82.380393326680107, 28.356483831461048 ], [ 82.380161890149296, 28.356781706777568 ], [ 82.379809452624372, 28.35693870682595 ], [ 82.37937357742031, 28.357055894492181 ], [ 82.378481015807466, 28.357651457654963 ], [ 82.378207888618036, 28.357929393471718 ], [ 82.378045014561877, 28.358152144720414 ], [ 82.37796763994443, 28.358378518844553 ], [ 82.378042140046674, 28.358571770029659 ], [ 82.378325890437182, 28.358871206234973 ], [ 82.378700264207069, 28.359077207363995 ], [ 82.379141139820419, 28.359246457084815 ], [ 82.379390390087053, 28.359390581406899 ], [ 82.380196390476698, 28.359939582158319 ], [ 82.380522201072537, 28.360238582579267 ], [ 82.380840888659307, 28.360673020406107 ], [ 82.380956138983848, 28.360906458027589 ], [ 82.380990701720521, 28.361061770839196 ], [ 82.381204202480049, 28.361452145410567 ], [ 82.381868450827753, 28.362225893807555 ], [ 82.381945014691425, 28.362380832421252 ], [ 82.381957701178266, 28.362917580791525 ], [ 82.381991576738145, 28.3630706448015 ], [ 82.382189264951279, 28.363366395550774 ], [ 82.382311326956682, 28.363484707294898 ], [ 82.382562640271161, 28.363590456856979 ], [ 82.383648577549579, 28.363748645611807 ], [ 82.383898890386632, 28.363874707016588 ], [ 82.384209514911817, 28.364076832174231 ], [ 82.384369576520413, 28.364275956849198 ], [ 82.384697140115094, 28.364556894630514 ], [ 82.384812390513872, 28.364790332844198 ], [ 82.384963328029315, 28.36556026939855 ], [ 82.384834763669517, 28.367544519355842 ], [ 82.384969390533556, 28.368237955847764 ], [ 82.38506426339714, 28.368471581006755 ], [ 82.385294327844946, 28.369398707611001 ], [ 82.385403201154361, 28.37016683230901 ], [ 82.385434701419612, 28.370780144984302 ], [ 82.385380139943209, 28.371389769097167 ], [ 82.385477390000844, 28.372388145496892 ], [ 82.385460890258699, 28.37269283166896 ], [ 82.385144453128504, 28.373370520002588 ], [ 82.384986702732391, 28.373498519602848 ], [ 82.38453820305125, 28.373823395118229 ], [ 82.384186077997498, 28.373964582966497 ], [ 82.383476765426195, 28.374337207796856 ], [ 82.382949952080793, 28.374527582486831 ], [ 82.38279420267267, 28.374617145367157 ], [ 82.38183638996199, 28.374809582819921 ], [ 82.381664765077957, 28.374802270078892 ], [ 82.381250265230719, 28.375000520561237 ], [ 82.380718577961858, 28.375256270377324 ], [ 82.380361264782167, 28.375338832648563 ], [ 82.379406514721666, 28.375720707540136 ], [ 82.378989140432623, 28.376092645091024 ], [ 82.378859140205691, 28.376148145564464 ], [ 82.378402077078121, 28.376405395340946 ], [ 82.37788070295413, 28.376625020084074 ], [ 82.377422827937551, 28.37692070725436 ], [ 82.377029202798951, 28.377199832993181 ], [ 82.376764577118678, 28.377500269803868 ], [ 82.376239702722259, 28.377889082861959 ], [ 82.375866139949494, 28.378244832489493 ], [ 82.375598514946915, 28.378660270264998 ], [ 82.375439702328265, 28.379000269805616 ], [ 82.375283390047116, 28.379245519917788 ], [ 82.375217452565295, 28.3793205825698 ], [ 82.375124702914775, 28.379450145390496 ], [ 82.375000015237646, 28.379523582518473 ], [ 82.374700702541375, 28.379700269992242 ], [ 82.373963327241853, 28.3801858951939 ], [ 82.373788515481962, 28.380374957750096 ], [ 82.373702264815108, 28.380411957455472 ], [ 82.373527765210511, 28.380580645023382 ], [ 82.373027952075404, 28.380935333041194 ], [ 82.372808764584875, 28.381199207862636 ], [ 82.372676264985174, 28.381408082345349 ], [ 82.372497702426344, 28.381804645169208 ], [ 82.372234202445711, 28.382143395379163 ], [ 82.371669264939371, 28.382593582995245 ], [ 82.371101202576128, 28.3831587074664 ], [ 82.370579452861378, 28.383590332888126 ], [ 82.370058514852474, 28.38394526994048 ], [ 82.369859890177665, 28.384226957678042 ], [ 82.369680202832583, 28.384682207826412 ], [ 82.369607639814404, 28.385138644831247 ], [ 82.369494702800679, 28.38548039522961 ], [ 82.369228827889998, 28.385934270276671 ], [ 82.368791265346971, 28.386423645469506 ], [ 82.368574452088922, 28.386572458009706 ], [ 82.368420889731581, 28.386781520382812 ], [ 82.368268203072745, 28.386911645058813 ], [ 82.367531390430557, 28.38734089476181 ], [ 82.366798452080502, 28.387578395276947 ], [ 82.366086577650975, 28.387817894806112 ], [ 82.365588202291789, 28.388095832488251 ], [ 82.365458077427093, 28.388189645542912 ], [ 82.365369452119737, 28.388341645379406 ], [ 82.365409264992735, 28.388512707818602 ], [ 82.365365765567432, 28.388551457299691 ], [ 82.365360077280783, 28.38885608247638 ], [ 82.365313264983754, 28.389084457715775 ], [ 82.365199639821554, 28.38942383248369 ], [ 82.36513095235415, 28.389690833034166 ], [ 82.365013265530791, 28.390260457263881 ], [ 82.364587577064711, 28.391282145585603 ], [ 82.364447639776884, 28.391910645397115 ], [ 82.364413702806615, 28.392594520009364 ], [ 82.364451140440806, 28.392880645069514 ], [ 82.364407202318247, 28.392937520449486 ], [ 82.364424827466507, 28.393167457404193 ], [ 82.364377327869789, 28.393393458014483 ], [ 82.364370390103943, 28.393795082282182 ], [ 82.364444765478169, 28.394423770101668 ], [ 82.364707702989975, 28.395282894992345 ], [ 82.365184452880072, 28.396203019885853 ], [ 82.365518452635314, 28.396684645377029 ], [ 82.365601077162893, 28.396857519771714 ], [ 82.365782640045126, 28.397487395524191 ], [ 82.366171577889531, 28.398521208105688 ], [ 82.366189764675383, 28.398692457458928 ], [ 82.366412265010709, 28.399436894779093 ], [ 82.366470265176758, 28.399781457363019 ], [ 82.366654202427895, 28.400298457628132 ], [ 82.366671202994027, 28.400526145460734 ], [ 82.36745201519301, 28.402422269881225 ], [ 82.367511140172354, 28.40270820738828 ], [ 82.367462015334738, 28.403049332599263 ], [ 82.367374515238723, 28.40314495794345 ], [ 82.367196890112993, 28.403467082315615 ], [ 82.367021202613429, 28.403692144901328 ], [ 82.366934514568811, 28.403747208135758 ], [ 82.36633013996159, 28.403969769773877 ], [ 82.365809827102908, 28.404286332869859 ], [ 82.365312265187839, 28.4045282073408 ], [ 82.365053140112011, 28.404618769938477 ], [ 82.364532452139187, 28.404955582545039 ], [ 82.364336952311376, 28.405124457838518 ], [ 82.36418263968767, 28.405331333061362 ], [ 82.363981077681174, 28.405825145376255 ], [ 82.363931827351934, 28.406166269997264 ], [ 82.363924827235977, 28.406565645129081 ], [ 82.363831702118901, 28.406965832502063 ], [ 82.363719264814932, 28.407248957402398 ], [ 82.363477390224716, 28.407589770217033 ], [ 82.363215577478471, 28.407813457561044 ], [ 82.362912014923566, 28.408019520619305 ], [ 82.362349515533552, 28.408280082291935 ], [ 82.361660014897367, 28.408480957505581 ], [ 82.360890390233294, 28.408355520002505 ], [ 82.360632890497698, 28.408371645435547 ], [ 82.360245327778344, 28.40844320733347 ], [ 82.359794827516637, 28.408474770423421 ], [ 82.359406389790564, 28.40858470814528 ], [ 82.359020015062868, 28.40859983272934 ], [ 82.358571014830062, 28.408554644898565 ], [ 82.358248702270927, 28.40858945774157 ], [ 82.357990014746363, 28.408661957756458 ], [ 82.357795327753934, 28.408754145565744 ], [ 82.357666077676086, 28.408771207356356 ], [ 82.357407264575755, 28.408882082653669 ], [ 82.357058702898229, 28.409163019793411 ], [ 82.356842015186132, 28.409275770064621 ], [ 82.356194202681024, 28.409552895124495 ], [ 82.355999702151081, 28.409606707304661 ], [ 82.355674889918177, 28.409794957487136 ], [ 82.355303702203031, 28.410150520064519 ], [ 82.355086827831215, 28.410301582603243 ], [ 82.354931202650846, 28.410603145510152 ], [ 82.354839202921951, 28.410944707473124 ], [ 82.354810452954325, 28.411344332396297 ], [ 82.354847952258183, 28.411630457758964 ], [ 82.355040577573831, 28.412833082374924 ], [ 82.355266014934926, 28.413406145030113 ], [ 82.355304702497605, 28.413635895256721 ], [ 82.355597014720857, 28.414097707411209 ], [ 82.355616265044105, 28.414210270145247 ], [ 82.355760952735466, 28.414497645494581 ], [ 82.355777327930383, 28.414783957613309 ], [ 82.355732202349188, 28.414897082815628 ], [ 82.355556514901821, 28.41512452005065 ], [ 82.355339202135752, 28.415293582447088 ], [ 82.354862952363376, 28.415514894807398 ], [ 82.354732702961016, 28.415608708030764 ], [ 82.354557390438217, 28.415815707982372 ], [ 82.354424765053736, 28.416024582454835 ], [ 82.354308827059825, 28.416537832840405 ], [ 82.354237764856435, 28.416667208127681 ], [ 82.354153577209615, 28.416821332326734 ], [ 82.353936640313279, 28.416970145000327 ], [ 82.353720702330406, 28.417044457671405 ], [ 82.353526390154016, 28.417156957315687 ], [ 82.353438452380118, 28.417270644822754 ], [ 82.353236577726662, 28.41780276995755 ], [ 82.353206202109362, 28.418373769849222 ], [ 82.353063389966692, 28.419232457814857 ], [ 82.352883639777545, 28.419746333052224 ], [ 82.352677515186457, 28.420544707964108 ], [ 82.352477390046758, 28.420961770594143 ], [ 82.352277140481903, 28.421417207362605 ], [ 82.352230890467794, 28.421645520411534 ], [ 82.352250264576597, 28.421760332535381 ], [ 82.352438264964761, 28.42204952025833 ], [ 82.352691452077053, 28.42234026981296 ], [ 82.352983202946533, 28.422858458131859 ], [ 82.353088015376741, 28.422974708031731 ], [ 82.353084140487454, 28.423222895241476 ], [ 82.353101202619271, 28.423509207366575 ], [ 82.353053078028992, 28.423796207887001 ], [ 82.354103264831608, 28.423846645647998 ], [ 82.354532077143915, 28.423853708145 ], [ 82.354962452088273, 28.423781707326384 ], [ 82.355305764954437, 28.423787332632244 ], [ 82.35581870302363, 28.423888269816043 ], [ 82.357530952465154, 28.424083145023374 ], [ 82.358471765261314, 28.424265582962082 ], [ 82.358985515402154, 28.42433039508909 ], [ 82.359585952939113, 28.424337957694906 ], [ 82.359756453047808, 28.424397208170106 ], [ 82.360098890077765, 28.424438832896161 ], [ 82.361210202237487, 28.424682644892645 ], [ 82.361979952702313, 28.42480808258577 ], [ 82.363432515295116, 28.425149957597672 ], [ 82.36420045253648, 28.425428769903593 ], [ 82.3645428899774, 28.425470457573933 ], [ 82.3646710153252, 28.425509770245853 ], [ 82.36535407728131, 28.425690145478836 ], [ 82.365695827651919, 28.425772457489256 ], [ 82.365951578060574, 28.425869145611674 ], [ 82.366720828071209, 28.426050895167663 ], [ 82.366977765345354, 28.426093520585034 ], [ 82.367406639776647, 28.426098145234771 ], [ 82.368097389978161, 28.425838582608982 ], [ 82.368269139722912, 28.425803020553271 ], [ 82.368615765159063, 28.425616770480129 ], [ 82.369045889678944, 28.425526707833132 ], [ 82.36947507794352, 28.425513394851674 ], [ 82.37033001510386, 28.425714582417612 ], [ 82.371098077438177, 28.425952770199252 ], [ 82.371671640220228, 28.426303394890212 ], [ 82.372438389858132, 28.426636332513368 ], [ 82.372927389742443, 28.426911082501178 ], [ 82.374114890035671, 28.427765394973935 ], [ 82.374369952491477, 28.427900394987333 ], [ 82.374541452532014, 28.427941520354654 ], [ 82.374967015158788, 28.428138020649751 ], [ 82.375000140321234, 28.428182769995296 ], [ 82.375026077295288, 28.428218645212667 ], [ 82.375525764815734, 28.428524895454501 ], [ 82.376352327159452, 28.428945145444825 ], [ 82.376798327630098, 28.429143645259156 ], [ 82.377329077169705, 28.429386457649734 ], [ 82.37790101479851, 28.429703270329668 ], [ 82.378112077895366, 28.429840957671708 ], [ 82.378488452271611, 28.43023195813976 ], [ 82.378548514604262, 28.430386957289873 ], [ 82.378728577608911, 28.430888208067117 ], [ 82.378729422792986, 28.430890619130732 ], [ 82.37873458405079, 28.430905332009285 ], [ 82.378751754259682, 28.430948257299956 ], [ 82.378786087484528, 28.431177138945877 ], [ 82.378770270678217, 28.431582237054251 ], [ 82.378718139989189, 28.432936645681611 ], [ 82.378688137418436, 28.433076284994989 ], [ 82.378622054916804, 28.433393478524486 ], [ 82.378598298183363, 28.43365744303426 ], [ 82.378588640022571, 28.433774895530721 ], [ 82.378608437962214, 28.434007420674291 ], [ 82.378656387110283, 28.43454551702742 ], [ 82.378839492833535, 28.435773849607777 ], [ 82.378782272136277, 28.436307906729173 ], [ 82.378686904676599, 28.436609267936554 ], [ 82.378458022695639, 28.437143326018404 ], [ 82.378080367699667, 28.437669753829159 ], [ 82.377923986489378, 28.437849427084771 ], [ 82.377901015553093, 28.437876269802278 ], [ 82.377634198094796, 28.438215080497667 ], [ 82.37763135232052, 28.438219876528699 ], [ 82.377500533728892, 28.438444137461701 ], [ 82.377421251229023, 28.439092817277196 ], [ 82.377416952800118, 28.439128645571856 ], [ 82.377452379334116, 28.439595767339121 ], [ 82.377481460942974, 28.439973831437349 ], [ 82.377450943203485, 28.440355301141231 ], [ 82.377300861647171, 28.440734598908591 ], [ 82.377241952199341, 28.44088551983009 ], [ 82.377065851844719, 28.441182671151473 ], [ 82.376928329761014, 28.441415786724921 ], [ 82.376836777051139, 28.441644668349092 ], [ 82.376741409699463, 28.441949844362615 ], [ 82.376718013527466, 28.44211696154531 ], [ 82.376582078010614, 28.443093832559089 ], [ 82.376487731406527, 28.443341924517402 ], [ 82.376352310516225, 28.443700790217996 ], [ 82.376035690114165, 28.444307327067136 ], [ 82.375822067439714, 28.445142746224143 ], [ 82.37561607317781, 28.445600509293779 ], [ 82.375520706371958, 28.445905684993946 ], [ 82.375490188978418, 28.44628715551044 ], [ 82.375684738168658, 28.447057724328452 ], [ 82.375677109097737, 28.447362899908139 ], [ 82.375684362355827, 28.447798100531536 ], [ 82.375684827667627, 28.447819957700784 ], [ 82.375684297639921, 28.44783827052904 ], [ 82.37568092365845, 28.447973251350582 ], [ 82.375688743018657, 28.44808272367645 ], [ 82.375696577383621, 28.44818527021647 ], [ 82.375748505088595, 28.448266152282152 ], [ 82.375822067725181, 28.448377609481369 ], [ 82.376073837147331, 28.448633194108247 ], [ 82.376494688607096, 28.448955378208776 ], [ 82.376871640522779, 28.4492426448228 ], [ 82.377419389772498, 28.449656707823362 ], [ 82.377657387763861, 28.44987835909102 ], [ 82.377923965397684, 28.450124740470134 ], [ 82.378272812556631, 28.450392862799969 ], [ 82.378386015191367, 28.450479333140226 ], [ 82.378779600391951, 28.450735645063489 ], [ 82.379148483493069, 28.45097541769546 ], [ 82.379288420731427, 28.451044720375432 ], [ 82.379549390242715, 28.451173645058386 ], [ 82.379730018141089, 28.451284074650342 ], [ 82.380037307788925, 28.451471329040324 ], [ 82.380708694598979, 28.452020644716175 ], [ 82.38098335234811, 28.452295303161318 ], [ 82.381437301448486, 28.452974319389533 ], [ 82.381563186582838, 28.453088760177518 ], [ 82.381602479540632, 28.453102931592692 ], [ 82.381795452751717, 28.453169832840391 ], [ 82.382618202903231, 28.453720895723805 ], [ 82.382619857446556, 28.45372199994635 ], [ 82.383588791297967, 28.454389571705242 ], [ 82.383735765927838, 28.454527639477302 ], [ 82.383965827209096, 28.454742645254559 ], [ 82.384090223573068, 28.454882585576975 ], [ 82.384260177252742, 28.455072403181479 ], [ 82.384367511746106, 28.455166131074286 ], [ 82.384530952766198, 28.455307645447789 ], [ 82.385438077508397, 28.45591652015592 ], [ 82.385820514917938, 28.45607727034966 ], [ 82.386167418214924, 28.456226194799278 ], [ 82.386289596944877, 28.456277847632652 ], [ 82.387052535597334, 28.456674575743843 ], [ 82.387937545913474, 28.457284927137945 ], [ 82.388230675229636, 28.457393385736566 ], [ 82.388318702367854, 28.457425707512517 ], [ 82.388594327583832, 28.457564957935215 ], [ 82.389504775722671, 28.457717563119427 ], [ 82.389749527204472, 28.457757949903911 ], [ 82.389959770842623, 28.457773775305306 ], [ 82.390456515355282, 28.457809832875345 ], [ 82.391228827322351, 28.457824519996709 ], [ 82.393286764912673, 28.457999707391956 ], [ 82.393670015023545, 28.458122082887314 ], [ 82.393871202616737, 28.458265945059942 ], [ 82.393945693718962, 28.458318709957975 ], [ 82.393960953099437, 28.458333969217627 ], [ 82.394061025742744, 28.458438300676413 ], [ 82.394319702722029, 28.45870645755808 ], [ 82.394658327272808, 28.458885707356536 ], [ 82.395070585390883, 28.459016090850199 ], [ 82.395170212259089, 28.459047317124273 ], [ 82.395232597478326, 28.459093498862213 ], [ 82.395464202438589, 28.459263207362472 ], [ 82.395715202855342, 28.45951789559145 ], [ 82.396200139983847, 28.459851207479161 ], [ 82.396277545697757, 28.459896918919242 ], [ 82.39637184098153, 28.459951400308363 ], [ 82.396428385959879, 28.459963215656668 ], [ 82.396881827250795, 28.460056270595679 ], [ 82.397388203085185, 28.460269895720465 ], [ 82.397497952544697, 28.460316145464962 ], [ 82.397757290613498, 28.460644851302281 ], [ 82.397851944407151, 28.460763931005221 ], [ 82.398305892533998, 28.461481094564967 ], [ 82.398488998313709, 28.461866379187541 ], [ 82.39859962479072, 28.462480544601526 ], [ 82.398596287565567, 28.462580657910049 ], [ 82.398592639685461, 28.46270733283799 ], [ 82.398591994638053, 28.46270941404898 ], [ 82.398546218603755, 28.462858199870887 ], [ 82.398077010634168, 28.463483810347942 ], [ 82.397966384482757, 28.46370887788704 ], [ 82.397880369642536, 28.464039704093011 ], [ 82.397867953055055, 28.464088582940501 ], [ 82.397943890596764, 28.464473582962896 ], [ 82.398290015099747, 28.46516708256809 ], [ 82.398289971060223, 28.46516858075568 ], [ 82.398290634175638, 28.465169906813067 ], [ 82.398288935138169, 28.465203887855914 ], [ 82.398287764850437, 28.465243770698503 ], [ 82.398286881041727, 28.465244958533106 ], [ 82.398286819427014, 28.465246200262907 ], [ 82.398176193743296, 28.465394973726525 ], [ 82.398038864137462, 28.465776443896488 ], [ 82.39787864697125, 28.4660778050138 ], [ 82.397760391370056, 28.466535568073891 ], [ 82.397817611200949, 28.46684074381858 ], [ 82.397996902184232, 28.467302322446454 ], [ 82.397991999720546, 28.467449403128771 ], [ 82.397989890449566, 28.467532020034724 ], [ 82.397946993444705, 28.467758864114646 ], [ 82.397890090998558, 28.468065261498495 ], [ 82.397935212175284, 28.468263791804251 ], [ 82.397947202657633, 28.468315270711404 ], [ 82.398107388892342, 28.468495819412141 ], [ 82.398241043535023, 28.468645096031022 ], [ 82.398278073792994, 28.468668660603367 ], [ 82.398492327156788, 28.468803645649043 ], [ 82.399067577863519, 28.46896689505725 ], [ 82.399901577966361, 28.469098207659883 ], [ 82.399903207739598, 28.469098882801809 ], [ 82.399904250942683, 28.469099044856595 ], [ 82.399952350484696, 28.469119247359757 ], [ 82.400284077284539, 28.469256708055187 ], [ 82.400792925496759, 28.469336028402846 ], [ 82.400991440199505, 28.469366073892157 ], [ 82.401114441006598, 28.469384836879748 ], [ 82.401439077408028, 28.469432020170373 ], [ 82.401697014734481, 28.469438394934979 ], [ 82.401754990133583, 28.469463761206384 ], [ 82.402292251701084, 28.469697952687259 ], [ 82.402367221399643, 28.469786763617506 ], [ 82.40254101534957, 28.469989145664421 ], [ 82.402685140543767, 28.470222270197038 ], [ 82.402729159811614, 28.470334366469181 ], [ 82.402807235491707, 28.470529555983578 ], [ 82.402971267757948, 28.470819473314624 ], [ 82.403028487799943, 28.471048354787374 ], [ 82.403023004698454, 28.471232977831313 ], [ 82.403017640261865, 28.471432519855938 ], [ 82.403048035633304, 28.471648440665383 ], [ 82.403127670097703, 28.472200393768897 ], [ 82.403203963749434, 28.472505569561559 ], [ 82.403570175129502, 28.473253250517718 ], [ 82.403757095512674, 28.473485947059984 ], [ 82.403962835347798, 28.473809709707002 ], [ 82.404249827350426, 28.474257645304807 ], [ 82.404457953902892, 28.474476209981482 ], [ 82.404584885132152, 28.474607467859581 ], [ 82.405247992595406, 28.475537342974359 ], [ 82.405517952407294, 28.475787520381616 ], [ 82.405877015158822, 28.476004895169076 ], [ 82.406150452324098, 28.476218582852148 ], [ 82.406220990402261, 28.476289578232016 ], [ 82.406651827286495, 28.476723207369609 ], [ 82.407106077653282, 28.477379520027977 ], [ 82.407201291146777, 28.477540664187604 ], [ 82.407518386793342, 28.478075027364444 ], [ 82.407613753845894, 28.478456497468972 ], [ 82.407659399544713, 28.47914496936751 ], [ 82.407704985437405, 28.479276827352347 ], [ 82.407819747433578, 28.479604720764748 ], [ 82.407873153675155, 28.479990005920577 ], [ 82.407923716663504, 28.48019225758814 ], [ 82.408007578095592, 28.480523833069494 ], [ 82.407983959446568, 28.480692275186136 ], [ 82.40790367137545, 28.481287002891335 ], [ 82.407748916843985, 28.481775885736251 ], [ 82.407736202727818, 28.481816958032798 ], [ 82.407745590950682, 28.482047447441929 ], [ 82.40776252740838, 28.482446670792857 ], [ 82.407758713203478, 28.482599258691874 ], [ 82.407682419239791, 28.482999801909628 ], [ 82.407636642197033, 28.483190536222754 ], [ 82.407564163169624, 28.483415603931729 ], [ 82.407384872033319, 28.483716965072837 ], [ 82.407217026013328, 28.484327316178561 ], [ 82.407205581383067, 28.48478507960732 ], [ 82.407291445456622, 28.485227610129495 ], [ 82.407354827418516, 28.485549832763542 ], [ 82.407441877012857, 28.485840777705224 ], [ 82.407632828244218, 28.486471176208468 ], [ 82.407732010303022, 28.486700058230699 ], [ 82.407816937415731, 28.48682902222421 ], [ 82.407937827777715, 28.487010082484137 ], [ 82.408116649580336, 28.48719515592688 ], [ 82.408124923228229, 28.487203598106358 ], [ 82.408231304055946, 28.487272579731933 ], [ 82.408611015475131, 28.487517458145454 ], [ 82.409056833441298, 28.48767400886992 ], [ 82.409185410013748, 28.48771858179834 ], [ 82.41015052773723, 28.487848281500018 ], [ 82.410341263151963, 28.487909317195324 ], [ 82.410932027828892, 28.488258082076118 ], [ 82.410973514615222, 28.488282457932321 ], [ 82.411120210408342, 28.48835892575568 ], [ 82.411165237305127, 28.488382339585868 ], [ 82.411190692218383, 28.488406251890314 ], [ 82.411289827830146, 28.488498020516396 ], [ 82.411412364729216, 28.488661720770924 ], [ 82.411581039319287, 28.488885879464302 ], [ 82.411931698288129, 28.48958093549972 ], [ 82.412007765257428, 28.489731269869043 ], [ 82.412298077264765, 28.490100457479688 ], [ 82.412434261151716, 28.490297495353193 ], [ 82.412714004396861, 28.490697861004207 ], [ 82.412941394122683, 28.491052689734484 ], [ 82.413062014980014, 28.491238457943194 ], [ 82.413182880681902, 28.491500881317407 ], [ 82.413347244632163, 28.491853714021431 ], [ 82.413564681979267, 28.49254417384174 ], [ 82.413557052697783, 28.492849349987221 ], [ 82.413427352886146, 28.493688583441699 ], [ 82.413374015704079, 28.49475532402225 ], [ 82.413645389973865, 28.495827520454792 ], [ 82.413630139614156, 28.496360020153464 ], [ 82.413629574560403, 28.496361195559814 ], [ 82.413629531830935, 28.496362686548817 ], [ 82.413450240625068, 28.496740341068726 ], [ 82.412939071342322, 28.497400283627432 ], [ 82.412340163732978, 28.498018264841381 ], [ 82.412141520879956, 28.498195238330648 ], [ 82.411921327299353, 28.498392270245446 ], [ 82.411859688853454, 28.498463589760121 ], [ 82.411680221576759, 28.498674392417783 ], [ 82.411367416012098, 28.499105453520649 ], [ 82.411184310988119, 28.49948692357707 ], [ 82.411303290802266, 28.499763861415804 ], [ 82.411405203034988, 28.499999270229804 ], [ 82.411404649897818, 28.499999783483169 ], [ 82.411405562912094, 28.500001907320236 ], [ 82.41121482873784, 28.50017738367637 ], [ 82.411169051740714, 28.500253677611692 ], [ 82.41111946151311, 28.500501632800312 ], [ 82.410981388826684, 28.500835573849187 ], [ 82.410956202786338, 28.50089720803987 ], [ 82.410955613047278, 28.50089791395326 ], [ 82.410955428614173, 28.500898361137196 ], [ 82.4105324478775, 28.501405176313707 ], [ 82.410522336144865, 28.501429869215329 ], [ 82.410486221666787, 28.501520156726158 ], [ 82.409906386920269, 28.502309799306779 ], [ 82.409706114552023, 28.50262537932544 ], [ 82.409655514698727, 28.50270639565246 ], [ 82.409609070810419, 28.50282039236691 ], [ 82.40947001523304, 28.503161707999528 ], [ 82.409440577443959, 28.503446270401191 ], [ 82.409417703006852, 28.503502895621303 ], [ 82.409393453039797, 28.503597895351504 ], [ 82.409432265200081, 28.503732833208467 ], [ 82.409553577489319, 28.504022582465605 ], [ 82.409628895407607, 28.50414370760614 ], [ 82.409697139779311, 28.50425345777029 ], [ 82.409859384239439, 28.50443586130524 ], [ 82.409906387294527, 28.504487991620387 ], [ 82.410070419618251, 28.504835128801481 ], [ 82.41010093723466, 28.505239486924808 ], [ 82.410097126276227, 28.5060969728362 ], [ 82.410276328078751, 28.506616020021081 ], [ 82.410379577461015, 28.506790895218444 ], [ 82.410683948005328, 28.507073928125529 ], [ 82.410737585749928, 28.507123570574276 ], [ 82.41088145983133, 28.507191041940818 ], [ 82.411504745450941, 28.507482528733345 ], [ 82.411909103265572, 28.507741928483519 ], [ 82.412176297776981, 28.507965400246491 ], [ 82.412328890079294, 28.508092582682931 ], [ 82.412474139717006, 28.508307645195213 ], [ 82.412518650939035, 28.508426911995596 ], [ 82.41257667503956, 28.508577346550116 ], [ 82.412485123143867, 28.509550094636843 ], [ 82.412576675453948, 28.51018333454952 ], [ 82.412778641772121, 28.510648237500448 ], [ 82.412794415233407, 28.510674854341193 ], [ 82.413087844482476, 28.511167525874441 ], [ 82.4133199195918, 28.511708124533751 ], [ 82.413411702945524, 28.511920707503894 ], [ 82.413425800946115, 28.511970284219611 ], [ 82.413511276156541, 28.512266158694146 ], [ 82.413755417347232, 28.512845992858761 ], [ 82.413881301894861, 28.513021469118971 ], [ 82.414005634579638, 28.513119428606323 ], [ 82.414129476349331, 28.513166510268814 ], [ 82.414434432629648, 28.513280868142967 ], [ 82.414724938042596, 28.51330346349997 ], [ 82.414776827924541, 28.513307332557829 ], [ 82.415122452271689, 28.513276708014537 ], [ 82.415471327688223, 28.513149082839671 ], [ 82.415690905661862, 28.513154387493405 ], [ 82.415731430476583, 28.513154983681993 ], [ 82.416042836189789, 28.513213805067323 ], [ 82.416073077962935, 28.513219457702441 ], [ 82.41607320135904, 28.513219540347187 ], [ 82.416074752823221, 28.513219833633723 ], [ 82.416223525917815, 28.513319015376169 ], [ 82.416620254191088, 28.513788223457951 ], [ 82.41662856188438, 28.513803454393521 ], [ 82.416666577792029, 28.513869707784892 ], [ 82.416886952941212, 28.51425089493511 ], [ 82.41690830366187, 28.5143127358571 ], [ 82.416948318308457, 28.514425277388366 ], [ 82.417020797217077, 28.514883041610652 ], [ 82.417100906562425, 28.515115738150651 ], [ 82.417164442133569, 28.515482006031093 ], [ 82.417230952578251, 28.515862458246811 ], [ 82.417459523632118, 28.516311444256239 ], [ 82.417497515954139, 28.516385797916548 ], [ 82.417684827810845, 28.516617958169501 ], [ 82.41825196603763, 28.517035548773354 ], [ 82.418489455843741, 28.517210006991782 ], [ 82.418541153163062, 28.517241157676253 ], [ 82.418785077578875, 28.517386957781412 ], [ 82.418786445240812, 28.517388961445921 ], [ 82.418787002114428, 28.517389297263726 ], [ 82.41893196095721, 28.517599105825482 ], [ 82.41896700575569, 28.5177252649747 ], [ 82.418969765218534, 28.517734707976953 ], [ 82.418969753421663, 28.517735156277837 ], [ 82.418970108247507, 28.517736435343458 ], [ 82.41896629346725, 28.517908096753629 ], [ 82.418912887497939, 28.518308639649852 ], [ 82.418744078482476, 28.518621638921676 ], [ 82.418729827302158, 28.518648583234611 ], [ 82.418672071743018, 28.518721370849484 ], [ 82.418375014970934, 28.519098281784743 ], [ 82.418233871531442, 28.519498824972128 ], [ 82.418233871013626, 28.520187105079312 ], [ 82.418233952131843, 28.520244082908373 ], [ 82.418272639946395, 28.520417394961353 ], [ 82.418375890397215, 28.520590020516298 ], [ 82.418445040538415, 28.520803526008219 ], [ 82.418596267513706, 28.521265030334725 ], [ 82.418573379933505, 28.521341324044467 ], [ 82.418588638603595, 28.521589279433755 ], [ 82.418603897235457, 28.521764755700048 ], [ 82.418447494957988, 28.52279090858163 ], [ 82.418436050401397, 28.523248672735217 ], [ 82.418592285460136, 28.524182829185975 ], [ 82.418619639723858, 28.52434339514301 ], [ 82.418686687117955, 28.524536958871337 ], [ 82.418901443752887, 28.525152206326581 ], [ 82.41905987414998, 28.525376955666989 ], [ 82.419065890568717, 28.525385395332254 ], [ 82.41920245244529, 28.525905082905236 ], [ 82.419249975390784, 28.52602379980916 ], [ 82.419366836179137, 28.526311873986053 ], [ 82.419736862196217, 28.526948929075285 ], [ 82.419979677689838, 28.527505573803296 ], [ 82.420141390087096, 28.527873707738131 ], [ 82.420179390283678, 28.52804689574242 ], [ 82.420179370138101, 28.528047561397472 ], [ 82.42017173792982, 28.528390884764264 ], [ 82.420059105210157, 28.528634922253996 ], [ 82.420384514808916, 28.528432769913756 ], [ 82.421590747097937, 28.527999330797737 ], [ 82.42169057771703, 28.527963457416995 ], [ 82.421740473558387, 28.527928929171935 ], [ 82.421932265428509, 28.527796207777023 ], [ 82.422194327532111, 28.527667145587305 ], [ 82.422790077118549, 28.527144332785863 ], [ 82.422964702983364, 28.527070332733917 ], [ 82.423463918039232, 28.527081200271013 ], [ 82.424084515275482, 28.527094707899185 ], [ 82.424361295083983, 28.527055743436133 ], [ 82.42469051512694, 28.52700939507433 ], [ 82.425125827733851, 28.526846895386452 ], [ 82.425388264654757, 28.526699770033925 ], [ 82.425939077503187, 28.526251832520089 ], [ 82.426638015589617, 28.525901645750167 ], [ 82.427245015287738, 28.525780207809358 ], [ 82.42804379795318, 28.525825890568893 ], [ 82.428277765199923, 28.525839270571957 ], [ 82.428316959707317, 28.525831397785684 ], [ 82.42853820240056, 28.525786957431233 ], [ 82.42932095290422, 28.525535082554683 ], [ 82.429737327695406, 28.52525770799086 ], [ 82.430068202340635, 28.524976770496785 ], [ 82.430484889789142, 28.524717457393784 ], [ 82.430722189968307, 28.524631926290521 ], [ 82.430833077635356, 28.524591958234748 ], [ 82.430849585937736, 28.52459237362465 ], [ 82.43089764017094, 28.524593582941915 ], [ 82.431062704210447, 28.524530932545836 ], [ 82.43109326487297, 28.524519332892655 ], [ 82.431186767844366, 28.524501341167682 ], [ 82.431353765322228, 28.524469207510911 ], [ 82.431785077468589, 28.524439832417215 ], [ 82.432043827280125, 28.524443895211132 ], [ 82.432300639855541, 28.524506583260386 ], [ 82.43264301486451, 28.524609020705913 ], [ 82.432697748390567, 28.52463719658542 ], [ 82.433069229226291, 28.524827956799673 ], [ 82.433103803670122, 28.524836408627468 ], [ 82.433239139764353, 28.524868895018724 ], [ 82.433240883981355, 28.524869917585967 ], [ 82.433409077734467, 28.524968645683447 ], [ 82.433514890409469, 28.525046458114026 ], [ 82.433661327588794, 28.525202832398676 ], [ 82.433873264993693, 28.525340457859429 ], [ 82.434251515081058, 28.52569289544369 ], [ 82.434350397353924, 28.525767221202415 ], [ 82.434698104754943, 28.526025772044129 ], [ 82.434961142550591, 28.526121957793521 ], [ 82.435208202928891, 28.526210644980676 ], [ 82.435466202199137, 28.526214582644325 ], [ 82.435959099271031, 28.526151597768333 ], [ 82.435985140387061, 28.526148270427306 ], [ 82.435985718488709, 28.526148074970749 ], [ 82.436246327924508, 28.526059769995662 ], [ 82.436684077440773, 28.525800270447526 ], [ 82.43729357740358, 28.525581770723196 ], [ 82.437725453016114, 28.525552395045274 ], [ 82.438585390635367, 28.525629020080423 ], [ 82.439274577518589, 28.525642020339028 ], [ 82.439620264954158, 28.525611332397968 ], [ 82.439967765439818, 28.525521833012718 ], [ 82.440402953044966, 28.525359332556697 ], [ 82.44063976877564, 28.525212887040038 ], [ 82.440644202400549, 28.525210145341024 ], [ 82.440742165156365, 28.525167244354755 ], [ 82.441145702223878, 28.524990520642309 ], [ 82.441714265200588, 28.524677707508399 ], [ 82.442132450911473, 28.524343893269766 ], [ 82.442164054626204, 28.524335970879925 ], [ 82.44247988991026, 28.524256770420944 ], [ 82.443004640495857, 28.523962457877499 ], [ 82.443266264803114, 28.523853645159672 ], [ 82.44361701486045, 28.523633332480603 ], [ 82.444314202311901, 28.52334395808353 ], [ 82.445097264934077, 28.52307620759753 ], [ 82.445270515325916, 28.523040519929634 ], [ 82.445401265406375, 28.522987270572262 ], [ 82.445403125653968, 28.522986658451664 ], [ 82.445727390619524, 28.522880020383752 ], [ 82.44616082795541, 28.522773895083542 ], [ 82.446341135804929, 28.522778295464093 ], [ 82.446420669799863, 28.522779465034336 ], [ 82.446847260358766, 28.522844676507976 ], [ 82.447020389893581, 28.5228707699235 ], [ 82.447153791069766, 28.522918738061385 ], [ 82.447191077561314, 28.522932145662594 ], [ 82.447618346252852, 28.522932053388651 ], [ 82.44805314065276, 28.522931958233482 ], [ 82.44816039031744, 28.522933082537691 ], [ 82.448397015068437, 28.522957645686528 ], [ 82.44968920284964, 28.522986644998447 ], [ 82.450099420382287, 28.522924606129468 ], [ 82.450121890645278, 28.522921208225441 ], [ 82.450123260951557, 28.522920842189706 ], [ 82.451510764780323, 28.522549895667773 ], [ 82.452289890143348, 28.522415270588219 ], [ 82.452472936040863, 28.522419737320867 ], [ 82.452548577760183, 28.522421582592035 ], [ 82.452603296877228, 28.522412998923333 ], [ 82.452981264690422, 28.522353707590863 ], [ 82.453845077810996, 28.522297145652693 ], [ 82.454104952432772, 28.522246958184304 ], [ 82.45453582853321, 28.522237839574178 ], [ 82.454695060519995, 28.522215956842729 ], [ 82.455141327795104, 28.522154645631314 ], [ 82.455575139939612, 28.522076133374725 ], [ 82.456267452921537, 28.521950833051111 ], [ 82.45653454380097, 28.521874483144117 ], [ 82.456701890026181, 28.521826645386074 ], [ 82.458018755414727, 28.521530283405497 ], [ 82.458333452647707, 28.521459458214572 ], [ 82.458782202427415, 28.521357645317014 ], [ 82.459299515114779, 28.521313770153998 ], [ 82.460873715248098, 28.521026977446898 ], [ 82.461721140264345, 28.520872582913206 ], [ 82.461885265284138, 28.520863683328795 ], [ 82.462238640143326, 28.52084452039529 ], [ 82.462299086165885, 28.520859802983065 ], [ 82.462411880148807, 28.520887374617384 ], [ 82.462702439687575, 28.520894405112195 ], [ 82.463355702515855, 28.520909208198692 ], [ 82.464042515361186, 28.520980770456106 ], [ 82.464192202167411, 28.521003957547041 ], [ 82.464512735065284, 28.521075740996991 ], [ 82.464662552318458, 28.521108626974971 ], [ 82.464709317741367, 28.521121098400819 ], [ 82.464834140281155, 28.521152645091828 ], [ 82.46517376467591, 28.521331707944491 ], [ 82.465175671616862, 28.521333011660431 ], [ 82.465258202933782, 28.521389458212855 ], [ 82.465364452347472, 28.521449208021032 ], [ 82.465533702432865, 28.52154889516969 ], [ 82.46553604092756, 28.521551088010423 ], [ 82.465536117933922, 28.521551132190755 ], [ 82.465551390360133, 28.521565478956084 ], [ 82.465659827334306, 28.521667145264946 ], [ 82.465660621775598, 28.521668090826743 ], [ 82.465662003693296, 28.521669387703305 ], [ 82.46589088505047, 28.521940231373254 ], [ 82.466802597245305, 28.523199081214223 ], [ 82.467029249720255, 28.523581875237785 ], [ 82.467318202398786, 28.524069583140374 ], [ 82.467942515451981, 28.524884020594921 ], [ 82.468466452484719, 28.525410707698828 ], [ 82.468741203158146, 28.52560858248005 ], [ 82.469080890202349, 28.525787582581096 ], [ 82.469848328102728, 28.52605452061885 ], [ 82.470617827967615, 28.526242395443163 ], [ 82.471303577909765, 28.526372583048513 ], [ 82.471415305268522, 28.526407814883232 ], [ 82.471559524281233, 28.526453018175644 ], [ 82.471986770947112, 28.526674270484079 ], [ 82.472467376459463, 28.526983940822998 ], [ 82.472724952211792, 28.527148957641671 ], [ 82.472938840985506, 28.527358844208496 ], [ 82.473103149429576, 28.527519832255546 ], [ 82.473128893538487, 28.527536785383699 ], [ 82.47325324966819, 28.527616500434565 ], [ 82.473422290620789, 28.527790742888111 ], [ 82.473501953762494, 28.52787139543473 ], [ 82.473791327560207, 28.528335207591645 ], [ 82.474188015735621, 28.528802332634008 ], [ 82.474355577833819, 28.528958394943754 ], [ 82.474652077591514, 28.529156020696281 ], [ 82.474908765483505, 28.529200582534475 ], [ 82.475292634745514, 28.529142277406081 ], [ 82.475340828160284, 28.529134957593538 ], [ 82.475653069162107, 28.529022414775209 ], [ 82.475689016386525, 28.529009457854734 ], [ 82.475689414997959, 28.529009377512228 ], [ 82.475728632269067, 28.529001497542012 ], [ 82.476294640391515, 28.528887770524662 ], [ 82.476553515513856, 28.528855645472081 ], [ 82.476668993980539, 28.528866515106749 ], [ 82.47681236270121, 28.52887916549231 ], [ 82.476972406793934, 28.528923534586131 ], [ 82.477195702686544, 28.528983958181378 ], [ 82.47770401520421, 28.529301020551429 ], [ 82.477999141177207, 28.529536958097328 ], [ 82.478254702849441, 28.529637894953034 ], [ 82.478682140230674, 28.529743770460207 ], [ 82.47988589008682, 28.529789270245683 ], [ 82.480511920180589, 28.530014311143603 ], [ 82.48056890903284, 28.530034686624752 ], [ 82.481252890555709, 28.530182707685984 ], [ 82.481508077646041, 28.530301770635685 ], [ 82.4821436399086, 28.530678332576187 ], [ 82.482926327984501, 28.531211144936496 ], [ 82.483065865076654, 28.531341219602339 ], [ 82.483118058531929, 28.531389236680667 ], [ 82.483262168917378, 28.531601611705124 ], [ 82.483616452335681, 28.531970583220769 ], [ 82.483991077720333, 28.532455957934189 ], [ 82.484050348401468, 28.53256753884974 ], [ 82.484361648380727, 28.533151626899823 ], [ 82.484674453279624, 28.533559799035928 ], [ 82.485010146673048, 28.533910750914163 ], [ 82.485185063655976, 28.534195282943507 ], [ 82.485297140152127, 28.534374895069131 ], [ 82.485431003080791, 28.53451089814757 ], [ 82.485528945970557, 28.534608841058702 ], [ 82.485675460944393, 28.53470735985313 ], [ 82.485971952569315, 28.534904394977307 ], [ 82.486456077864872, 28.535316395152758 ], [ 82.48651458498027, 28.535331128609613 ], [ 82.48654365578949, 28.535337448424233 ], [ 82.486878701301336, 28.535536059062512 ], [ 82.487283765469485, 28.535774270547385 ], [ 82.48804876556612, 28.536133582801124 ], [ 82.488444900031382, 28.536257983149621 ], [ 82.488904953305877, 28.536401748817124 ], [ 82.48966789210904, 28.536798477573313 ], [ 82.489892773555141, 28.536868440350627 ], [ 82.490008765094217, 28.536903895096376 ], [ 82.490434702997874, 28.537084207639669 ], [ 82.490821455889829, 28.537201271252254 ], [ 82.491117477349789, 28.537290573169102 ], [ 82.491196163286901, 28.537306155076703 ], [ 82.491888702530957, 28.537440394908316 ], [ 82.492283701364869, 28.537626857448917 ], [ 82.492315292662525, 28.537641525091722 ], [ 82.492422298852688, 28.537702967286414 ], [ 82.492907327888247, 28.537979645697551 ], [ 82.493055265176835, 28.538097582953505 ], [ 82.493163995098783, 28.53824991934809 ], [ 82.493223190725629, 28.538331985799672 ], [ 82.493432998216363, 28.538545608383572 ], [ 82.493768692124007, 28.538839340641278 ], [ 82.493810653609771, 28.538915634013836 ], [ 82.494482040237827, 28.539560318321694 ], [ 82.494518000967417, 28.539598472193727 ], [ 82.494794702871729, 28.539889832658979 ], [ 82.494827898896901, 28.53992136085698 ], [ 82.4948596953286, 28.539949416801885 ], [ 82.495126724280865, 28.540414809761646 ], [ 82.495201716292755, 28.54059925005539 ], [ 82.495267452441723, 28.540759832748567 ], [ 82.495369611000783, 28.540903001220578 ], [ 82.495435714238766, 28.540994644582028 ], [ 82.495473861734965, 28.541166305845415 ], [ 82.495580814337615, 28.541385993130962 ], [ 82.495615140374284, 28.541455333031656 ], [ 82.495695390286272, 28.541666457445121 ], [ 82.495705584124295, 28.541693515019528 ], [ 82.495878219689772, 28.542146682985102 ], [ 82.495893478099177, 28.542432785252409 ], [ 82.495941118364044, 28.542578881873336 ], [ 82.495950702334213, 28.542606583235777 ], [ 82.495955746133461, 28.542675063601841 ], [ 82.496013953328131, 28.54346533257473 ], [ 82.495961957923413, 28.543806522585264 ], [ 82.495756149079824, 28.544317245123416 ], [ 82.495527267517915, 28.544771194832244 ], [ 82.495214462664208, 28.545278548874023 ], [ 82.494798660597297, 28.546297073208621 ], [ 82.494478578838894, 28.546883289847209 ], [ 82.494459702489252, 28.546917958174742 ], [ 82.494431314537394, 28.546987800202146 ], [ 82.494298935351566, 28.547315597215146 ], [ 82.493734359817282, 28.548334121290985 ], [ 82.493661880975893, 28.548616409455935 ], [ 82.493622220218413, 28.549025404094763 ], [ 82.493601514883423, 28.549244083120314 ], [ 82.49368176526707, 28.550274082419971 ], [ 82.493669448041459, 28.550323743872099 ], [ 82.493658203041051, 28.550369082554617 ], [ 82.493658157286802, 28.550370789205111 ], [ 82.493657671089281, 28.550388935449224 ], [ 82.493650436025817, 28.550714492875457 ], [ 82.493669509687592, 28.550771712964654 ], [ 82.493570327788632, 28.551282882456736 ], [ 82.493642807385186, 28.551855087514731 ], [ 82.493783950346952, 28.552202225065614 ], [ 82.494076550344133, 28.552494823030592 ], [ 82.494223578062503, 28.552593832473015 ], [ 82.494437674820816, 28.552671726472127 ], [ 82.494501114003668, 28.552694320874441 ], [ 82.494757026763892, 28.552815488844676 ], [ 82.495435890172672, 28.553135395376774 ], [ 82.495753952340465, 28.553314582752996 ], [ 82.495755609844423, 28.553315814719678 ], [ 82.495756149243064, 28.553316116652834 ], [ 82.495782960165911, 28.553336144439765 ], [ 82.496070952814677, 28.553550207565188 ], [ 82.496842827497218, 28.553661270020779 ], [ 82.496992202565067, 28.553702457658307 ], [ 82.497335265341164, 28.553748333065702 ], [ 82.497739089380033, 28.553742088095159 ], [ 82.497852515274673, 28.55374033329279 ], [ 82.498136362528498, 28.553692786378836 ], [ 82.498543890215188, 28.55362452040395 ], [ 82.4987344696479, 28.55364672718234 ], [ 82.499147414904272, 28.553693771531357 ], [ 82.499312293830258, 28.553729454374331 ], [ 82.49965845321897, 28.553801582745351 ], [ 82.499999890683952, 28.553824895724208 ], [ 82.500107267216308, 28.553900452018162 ], [ 82.500137155217075, 28.553921206842308 ], [ 82.500846077387067, 28.553919957632615 ], [ 82.501168515633154, 28.553860395001315 ], [ 82.501362140159458, 28.55389858268099 ], [ 82.501595963121048, 28.553883179319776 ], [ 82.501684702907355, 28.553877332954784 ], [ 82.501959296923786, 28.553825104787201 ], [ 82.502715827977823, 28.553681207866038 ], [ 82.502973702293616, 28.553605082409344 ], [ 82.503285736663457, 28.553464974766136 ], [ 82.5034885775014, 28.553373895716174 ], [ 82.503601654318075, 28.553325765478125 ], [ 82.503896640186511, 28.553200207595111 ], [ 82.504290058291048, 28.553076361711533 ], [ 82.504325889782649, 28.553065082503341 ], [ 82.505228890183972, 28.552984769936469 ], [ 82.507032890472473, 28.5525196457798 ], [ 82.507236506880972, 28.552431559753305 ], [ 82.507612515093285, 28.552268895672995 ], [ 82.508256890533403, 28.552093270530598 ], [ 82.508707202506471, 28.551845520274554 ], [ 82.508803454602642, 28.551816267388524 ], [ 82.50883614008022, 28.551806332932021 ], [ 82.508919833531962, 28.551742896163784 ], [ 82.50911476491396, 28.551595145139824 ], [ 82.509565640218511, 28.551421895263982 ], [ 82.510274390077569, 28.551208582942468 ], [ 82.510918952267247, 28.551109645717712 ], [ 82.511241703103877, 28.551185332479829 ], [ 82.51201620246961, 28.551295333100303 ], [ 82.51272177452158, 28.55147032441662 ], [ 82.512922286814302, 28.551519394245787 ], [ 82.513144085320519, 28.551598607538558 ], [ 82.513243265144411, 28.551633644986349 ], [ 82.513372514764697, 28.551709457626682 ], [ 82.513695640214777, 28.551803270104088 ], [ 82.514239439594718, 28.552115650632434 ], [ 82.514256256077616, 28.552125259300578 ], [ 82.514449764857929, 28.552181457898595 ], [ 82.5147826169121, 28.552334459222291 ], [ 82.514902114967427, 28.552389144487048 ], [ 82.514974100859064, 28.55241031697846 ], [ 82.515354265656427, 28.552520707812782 ], [ 82.515612390729231, 28.552537082519784 ], [ 82.515935140401325, 28.552612770018026 ], [ 82.516253231070706, 28.552726815292409 ], [ 82.51640891989318, 28.552782059064523 ], [ 82.516532846348213, 28.552861031838059 ], [ 82.516797077419895, 28.553028207976276 ], [ 82.51696987897202, 28.553187432445785 ], [ 82.517251968003791, 28.553445815980353 ], [ 82.517446517703704, 28.553674697436261 ], [ 82.517534255731206, 28.553846358916882 ], [ 82.517770766930283, 28.554109573576504 ], [ 82.518093456284433, 28.554337353964254 ], [ 82.518384342252048, 28.554421820192843 ], [ 82.518544952460076, 28.554468457662637 ], [ 82.518589608583156, 28.554468154620686 ], [ 82.518673952445482, 28.554467582697576 ], [ 82.519318327960562, 28.554294145357449 ], [ 82.519834515433232, 28.554311082941151 ], [ 82.519920328202502, 28.554271394924932 ], [ 82.52030701544497, 28.554232770104733 ], [ 82.521144640449023, 28.5539622080478 ], [ 82.521573702546235, 28.553768332425193 ], [ 82.521831577978801, 28.55369220777035 ], [ 82.522046797422973, 28.553658739542474 ], [ 82.522089202803969, 28.55365214519551 ], [ 82.522144372033239, 28.553657238461263 ], [ 82.522282827931349, 28.553670020188356 ], [ 82.522950077411835, 28.553781082454098 ], [ 82.523208265499576, 28.553838020365575 ], [ 82.523209232504541, 28.553838445046459 ], [ 82.523210525432503, 28.553838729806039 ], [ 82.523241671069854, 28.553852675487867 ], [ 82.523466702607877, 28.553951395463631 ], [ 82.523559026600964, 28.554008920400538 ], [ 82.523618697677932, 28.554044723428188 ], [ 82.523878097301505, 28.55429267871499 ], [ 82.523940483926566, 28.554426365731917 ], [ 82.523985327796538, 28.554520957971846 ], [ 82.524040503318673, 28.554713266292659 ], [ 82.524095535667286, 28.554903030325537 ], [ 82.524182833988874, 28.555510332576283 ], [ 82.524182952450388, 28.555511145040732 ], [ 82.524378264782186, 28.555910270359071 ], [ 82.524594077709352, 28.55607952025947 ], [ 82.525175828041625, 28.556363332717549 ], [ 82.52549851542831, 28.556400645445056 ], [ 82.52575714050262, 28.556475708132623 ], [ 82.526080078165805, 28.55658745827132 ], [ 82.526645069456251, 28.556844468053018 ], [ 82.526704787824215, 28.556871414117545 ], [ 82.527204513409387, 28.557233810417213 ], [ 82.527626385462952, 28.557747855343184 ], [ 82.527656452587735, 28.557784270309661 ], [ 82.527785728153589, 28.557874281283173 ], [ 82.527852883062039, 28.557920367023456 ], [ 82.528238890547769, 28.558070333254257 ], [ 82.528586054020579, 28.558113955994049 ], [ 82.528692245015833, 28.55812644922343 ], [ 82.528952883266541, 28.558203107736425 ], [ 82.529014203100203, 28.55822089547905 ], [ 82.529595202529961, 28.558238395092609 ], [ 82.530047274118104, 28.55831325080587 ], [ 82.530047390361588, 28.558313270111046 ], [ 82.53005181201695, 28.558312583518394 ], [ 82.530305389819475, 28.558273207953089 ], [ 82.530369765001041, 28.558235582984533 ], [ 82.530498828125147, 28.558234707498265 ], [ 82.530950078062446, 28.558120020022653 ], [ 82.530951083053125, 28.558122424731117 ], [ 82.53103726485493, 28.558328583607707 ], [ 82.531300328069676, 28.559321645407763 ], [ 82.531409327282176, 28.559550645737637 ], [ 82.53156257809303, 28.560084707903705 ], [ 82.53182338998343, 28.560619832463068 ], [ 82.532020327358737, 28.56122877126538 ], [ 82.532043140439967, 28.561497458168336 ], [ 82.532086515484664, 28.561592708749355 ], [ 82.532197515307544, 28.562202959084456 ], [ 82.532222452820761, 28.562888957789863 ], [ 82.532139015546264, 28.563424958080613 ], [ 82.532183077323623, 28.563653208499542 ], [ 82.532161952973283, 28.563729646630602 ], [ 82.532249702306572, 28.564035207598636 ], [ 82.532336703164304, 28.56420758390836 ], [ 82.532553015300635, 28.564455833422429 ], [ 82.532769140650728, 28.564625083307906 ], [ 82.532898265449958, 28.564664832034815 ], [ 82.533955577689852, 28.56523339559487 ], [ 82.53432307756286, 28.565499084133378 ], [ 82.534431015483094, 28.565615270142903 ], [ 82.534668514831338, 28.565766708951745 ], [ 82.534927952775973, 28.566013146699227 ], [ 82.535167140429891, 28.566471395784678 ], [ 82.535298577518432, 28.566928458922106 ], [ 82.53534339035896, 28.567310208602514 ], [ 82.535563827401958, 28.568302834011813 ], [ 82.535651015192528, 28.568531645360562 ], [ 82.535868078056325, 28.568912958110847 ], [ 82.535999014807388, 28.569218896193075 ], [ 82.536107327918316, 28.569371209008587 ], [ 82.53623788974771, 28.569677145535515 ], [ 82.536497327932182, 28.569905520745138 ], [ 82.536887078135223, 28.570363021337428 ], [ 82.537470453062184, 28.570838581637638 ], [ 82.537729202613988, 28.570951957589404 ], [ 82.537901389949795, 28.570951521244908 ], [ 82.538353702529363, 28.571044394993429 ], [ 82.539065203110113, 28.571311458484193 ], [ 82.539453202291782, 28.571385583603885 ], [ 82.539646827828221, 28.571385395675453 ], [ 82.540033639914, 28.571270020110784 ], [ 82.540485203259919, 28.571229707535704 ], [ 82.540936639806162, 28.571133082434674 ], [ 82.541065640207322, 28.571132208351511 ], [ 82.541453764905995, 28.571226645563875 ], [ 82.541667015084897, 28.571233396037584 ], [ 82.541970328209018, 28.571243458195536 ], [ 82.542833640243799, 28.571527959054375 ], [ 82.543804265737094, 28.571770707660981 ], [ 82.545294390088699, 28.57249045754417 ], [ 82.545488452762569, 28.572546707450016 ], [ 82.546093577287621, 28.572907332610967 ], [ 82.546245202274974, 28.573078145370719 ], [ 82.546613389751712, 28.573438520397531 ], [ 82.546895265611496, 28.573800207841334 ], [ 82.547199765269156, 28.574371895754293 ], [ 82.547438265253675, 28.574656458102115 ], [ 82.547742702470771, 28.575171832682464 ], [ 82.548002827893811, 28.575515145043962 ], [ 82.548154327465255, 28.57564764495849 ], [ 82.548501327936677, 28.576104770752497 ], [ 82.548847577331628, 28.576388145588542 ], [ 82.549042827999131, 28.576636145638972 ], [ 82.549886203217895, 28.577263270394916 ], [ 82.550448202349159, 28.577603083277701 ], [ 82.551139327560236, 28.57794433254039 ], [ 82.552198578050294, 28.578666207822554 ], [ 82.553257702966278, 28.57930914574796 ], [ 82.553561265246117, 28.579632707493133 ], [ 82.553907139945863, 28.579918332524986 ], [ 82.554254077427473, 28.580337144960652 ], [ 82.55449245304122, 28.580565207552464 ], [ 82.554751765500811, 28.580734957932115 ], [ 82.555098827635177, 28.581171707628918 ], [ 82.555121390262158, 28.581363707571317 ], [ 82.555316140071241, 28.581514645382356 ], [ 82.555510265212774, 28.581591207606525 ], [ 82.555596577410739, 28.58158983297437 ], [ 82.555854764936313, 28.581513645631663 ], [ 82.556477140420057, 28.581109708124409 ], [ 82.556670140078168, 28.580917770577127 ], [ 82.557078015170944, 28.580667207732763 ], [ 82.557656828126014, 28.58012977030279 ], [ 82.557743077924954, 28.580110332891692 ], [ 82.558344077404527, 28.579726457544879 ], [ 82.558795453022285, 28.579514708021968 ], [ 82.560002390064682, 28.579583895811169 ], [ 82.560347327550772, 28.579659770814995 ], [ 82.560950390273092, 28.579636833203502 ], [ 82.561295578101735, 28.579674333020751 ], [ 82.561984640392879, 28.57967033287418 ], [ 82.56241545237026, 28.57961177015639 ], [ 82.563104514775546, 28.579589770336447 ], [ 82.563793139935342, 28.579452708140384 ], [ 82.563965139776585, 28.579375520393139 ], [ 82.564222765068251, 28.579220332974206 ], [ 82.564823578056547, 28.578780082856191 ], [ 82.565167515731758, 28.578625770529523 ], [ 82.565511889852218, 28.57852795771959 ], [ 82.566287078142423, 28.57846620824856 ], [ 82.566803265330535, 28.578349832532204 ], [ 82.567039514915038, 28.578196707439496 ], [ 82.567727327327944, 28.577888145487254 ], [ 82.568243515509536, 28.57775145754238 ], [ 82.568760140583677, 28.577673457981007 ], [ 82.569019014905507, 28.577710020227091 ], [ 82.569449765027812, 28.57770777033857 ], [ 82.570139265712925, 28.577762457626164 ], [ 82.570916264818862, 28.577969145317176 ], [ 82.571346952965172, 28.577984957675472 ], [ 82.57203720264593, 28.578134332448272 ], [ 82.572640952930115, 28.578228582473137 ], [ 82.573159140033027, 28.578396520045363 ], [ 82.573762327660631, 28.578432207823642 ], [ 82.574020702734927, 28.578412332526007 ], [ 82.574538265258127, 28.578505770193225 ], [ 82.574797389984923, 28.578619082510755 ], [ 82.575574140227971, 28.57884377046873 ], [ 82.575898390019702, 28.579034395668735 ], [ 82.576329578074365, 28.579108832910183 ], [ 82.576588765389133, 28.579222082983097 ], [ 82.577021265284458, 28.579506395705181 ], [ 82.577194890125241, 28.5797337701696 ], [ 82.577478140273413, 28.580287207965032 ], [ 82.577632077440271, 28.580859458038322 ], [ 82.577762702320939, 28.58114508307515 ], [ 82.578350140192711, 28.582173082583076 ], [ 82.578613140671081, 28.582974395590064 ], [ 82.578721702691681, 28.583144770074213 ], [ 82.578793578205833, 28.583332708128026 ], [ 82.578809015700273, 28.583373457940365 ], [ 82.578895827881368, 28.583545833146825 ], [ 82.579241828153982, 28.584020895290969 ], [ 82.579565828021131, 28.584344645675493 ], [ 82.580105577473233, 28.584666082731093 ], [ 82.580450765460256, 28.584798332793476 ], [ 82.581054515552225, 28.584967020151222 ], [ 82.581918203198441, 28.585458770047424 ], [ 82.582199203009296, 28.585705332567375 ], [ 82.582480890809322, 28.586046645172264 ], [ 82.582676327952015, 28.586409645556671 ], [ 82.582828452825083, 28.586810520037943 ], [ 82.582894265645635, 28.587095395578189 ], [ 82.582895390521841, 28.587438395749661 ], [ 82.582810953081932, 28.587897583176154 ], [ 82.582725827859321, 28.588241833220504 ], [ 82.582618953090872, 28.588470832872609 ], [ 82.582339953025894, 28.588835582855125 ], [ 82.581931140124766, 28.589086207834427 ], [ 82.581716015565277, 28.589142645263323 ], [ 82.581436265690371, 28.589277333108903 ], [ 82.581156827800442, 28.589509020087064 ], [ 82.581049452534202, 28.589699645652473 ], [ 82.581439015070217, 28.590118770621658 ], [ 82.581655202402558, 28.590269895070968 ], [ 82.582368077448436, 28.590667582585638 ], [ 82.582584452655553, 28.590875145753948 ], [ 82.582735890062168, 28.590971458169356 ], [ 82.582930765433858, 28.591255457984364 ], [ 82.583061702598854, 28.591617770360031 ], [ 82.583105640777376, 28.591846082742418 ], [ 82.583086265051861, 28.592477520042269 ], [ 82.582980702380311, 28.593108020699209 ], [ 82.582960640559278, 28.593509270320016 ], [ 82.582832390080497, 28.593853145250435 ], [ 82.582726952309272, 28.594425020541902 ], [ 82.582727702400504, 28.594655020113514 ], [ 82.582557702886618, 28.595343583071298 ], [ 82.582558514958023, 28.59557152055601 ], [ 82.582623828134984, 28.595799958044552 ], [ 82.582928328198079, 28.596486645692668 ], [ 82.582928702535767, 28.596601707704409 ], [ 82.582822577693292, 28.59705845797842 ], [ 82.582651139888966, 28.597404082766978 ], [ 82.582394953254948, 28.598091708191923 ], [ 82.58239551497752, 28.598263145285671 ], [ 82.582742452983098, 28.598720207704421 ], [ 82.582829515366626, 28.598948958083842 ], [ 82.582851452411333, 28.599120582470341 ], [ 82.582938577697377, 28.599349332536267 ], [ 82.58291826554931, 28.599692020589099 ], [ 82.582768202553751, 28.599922770031576 ], [ 82.582725515739625, 28.600055458036699 ], [ 82.582596828196912, 28.600189457772128 ], [ 82.582446015193781, 28.600287145133731 ], [ 82.58197226496101, 28.600422020129116 ], [ 82.581649328266408, 28.600558520648992 ], [ 82.581197640569926, 28.600885395679825 ], [ 82.580961765563913, 28.601266395663718 ], [ 82.580598265470613, 28.602070208348124 ], [ 82.580642515753112, 28.602413520130959 ], [ 82.580817077723566, 28.602927395494277 ], [ 82.581142327317735, 28.603499270304681 ], [ 82.581294827890659, 28.603900145455135 ], [ 82.581296702566661, 28.604473145719286 ], [ 82.581362265249965, 28.60470164576947 ], [ 82.581407328193663, 28.605157770611381 ], [ 82.581560202494089, 28.605788770618279 ], [ 82.581625452302688, 28.605881957765664 ], [ 82.581620202904958, 28.605913457740979 ], [ 82.581583077766965, 28.606131895405078 ], [ 82.581605390018282, 28.606303520126882 ], [ 82.581670327403074, 28.606417020531421 ], [ 82.581671014839529, 28.606532082925007 ], [ 82.581975264819491, 28.607216457969649 ], [ 82.581997265151173, 28.607388145229557 ], [ 82.582171828248718, 28.607904333317101 ], [ 82.582215889914394, 28.608189019971796 ], [ 82.582218514820084, 28.608877083037747 ], [ 82.582262452377307, 28.609105333019656 ], [ 82.582263390234928, 28.609391832566633 ], [ 82.582243640766308, 28.609908208046452 ], [ 82.582201327351385, 28.610135583073742 ], [ 82.582226202331057, 28.610995333025532 ], [ 82.582313765700249, 28.611395520625702 ], [ 82.582509390309738, 28.611796832706837 ], [ 82.582511140648862, 28.612311145512411 ], [ 82.582361202498916, 28.612598332958328 ], [ 82.581845765533004, 28.613172708138404 ], [ 82.581609078255781, 28.613328145091796 ], [ 82.58130845306772, 28.613634020460548 ], [ 82.581222265733402, 28.613671457797704 ], [ 82.580813703255586, 28.614016832593101 ], [ 82.580577015756404, 28.614151958338418 ], [ 82.579822890303859, 28.614365145767383 ], [ 82.57965082739689, 28.614424207734267 ], [ 82.579391202669783, 28.614195895006585 ], [ 82.579196328013182, 28.614024708364553 ], [ 82.578937077764436, 28.613873082819662 ], [ 82.578872077496229, 28.613779957486859 ], [ 82.577184702676277, 28.612298270689337 ], [ 82.576773952502066, 28.611975832784026 ], [ 82.576730577561165, 28.611898770025658 ], [ 82.576384764827154, 28.611710083328401 ], [ 82.576039202489142, 28.6115778949952 ], [ 82.575909765300452, 28.611578770365799 ], [ 82.575068202570606, 28.611335332843083 ], [ 82.57422595290555, 28.61099489505672 ], [ 82.573642390394909, 28.610693208048421 ], [ 82.573254015511083, 28.610560583060256 ], [ 82.572994702865032, 28.610409020731321 ], [ 82.572605890486642, 28.6102379579849 ], [ 82.572152640240574, 28.610106769965725 ], [ 82.571958327515972, 28.610012332698993 ], [ 82.57154795259801, 28.609899708263512 ], [ 82.571029890112399, 28.609693457757444 ], [ 82.570641265565925, 28.609581083342839 ], [ 82.569929389882944, 28.609487895020983 ], [ 82.56934726508868, 28.609547207891065 ], [ 82.568636578222225, 28.609781083038307 ], [ 82.5681846403469, 28.610049207887311 ], [ 82.568120078290534, 28.610050770048851 ], [ 82.567926515337732, 28.610184083200551 ], [ 82.56727982787271, 28.610321645634595 ], [ 82.566891515052504, 28.61020920786558 ], [ 82.566632577620339, 28.610170395015839 ], [ 82.566373390566753, 28.610077395189769 ], [ 82.565855828075343, 28.610022332661572 ], [ 82.565596764794435, 28.609947395165623 ], [ 82.565078890364248, 28.609892270450423 ], [ 82.564755265151959, 28.609816707553783 ], [ 82.564237827738907, 28.609820207470914 ], [ 82.563785139804352, 28.609860520839632 ], [ 82.563138390047357, 28.609957457843773 ], [ 82.562750702342797, 28.610054833052537 ], [ 82.562104764840853, 28.610325457762894 ], [ 82.561609702500562, 28.610633707674094 ], [ 82.561527765211011, 28.610671270414091 ], [ 82.561157577753931, 28.610845520366663 ], [ 82.560899514987796, 28.610998457752654 ], [ 82.560533890700796, 28.61130583258603 ], [ 82.560060577993582, 28.611594083115904 ], [ 82.559673578218053, 28.61190127084642 ], [ 82.559092390729745, 28.61226733282518 ], [ 82.558877202503737, 28.612440957992963 ], [ 82.558705578107592, 28.612630895057602 ], [ 82.558490265465963, 28.612766207960217 ], [ 82.558296452646658, 28.612825020319104 ], [ 82.558102827804319, 28.612940270278422 ], [ 82.557866327406046, 28.613131770101372 ], [ 82.557565328224783, 28.613457895382275 ], [ 82.556791078074951, 28.614013582798517 ], [ 82.556339077461061, 28.61428402021367 ], [ 82.556231703021794, 28.614397895830169 ], [ 82.556124453019422, 28.614647145258449 ], [ 82.555759640307073, 28.615107958131997 ], [ 82.555328952758913, 28.615358270152704 ], [ 82.554725640199635, 28.615493957986708 ], [ 82.554272764847227, 28.61547558314199 ], [ 82.553496889900799, 28.615593583037089 ], [ 82.553173515739374, 28.61561495796601 ], [ 82.552850328280329, 28.615713020415729 ], [ 82.552269014915382, 28.616020394992315 ], [ 82.551731327407794, 28.616404895013357 ], [ 82.550827139873036, 28.616884708063012 ], [ 82.550246327391676, 28.617268770603275 ], [ 82.549793827827159, 28.617406020079162 ], [ 82.549470952459728, 28.617578520645619 ], [ 82.549276765081387, 28.617637332843579 ], [ 82.548953827885256, 28.617791833143649 ], [ 82.548631327262143, 28.617982333069044 ], [ 82.547791202546534, 28.61823502086067 ], [ 82.547683764878983, 28.618330832557913 ], [ 82.547620015399517, 28.618598645390776 ], [ 82.547923765376169, 28.6192853956554 ], [ 82.548165015578732, 28.620542145280783 ], [ 82.548426265686643, 28.621228458153542 ], [ 82.548512890697253, 28.621342145374449 ], [ 82.548708889886697, 28.621914957915688 ], [ 82.548860577261664, 28.622200833154523 ], [ 82.549250265452173, 28.622638082566059 ], [ 82.549725953101287, 28.623017645467641 ], [ 82.550028952915142, 28.623320895550634 ], [ 82.550547765469346, 28.623680645825623 ], [ 82.551087390015411, 28.623830770720236 ], [ 82.55151945288398, 28.624020333329963 ], [ 82.552297140374563, 28.624475332889915 ], [ 82.552621015036848, 28.62464570824957 ], [ 82.552793890713261, 28.624701645053968 ], [ 82.553031827755532, 28.624853082658358 ], [ 82.553204514778486, 28.624911333160217 ], [ 82.553286390056968, 28.625000208355409 ], [ 82.553389390021792, 28.625111833299187 ], [ 82.553353327517101, 28.625176833163245 ], [ 82.553159765591104, 28.625330458176453 ], [ 82.552385140122482, 28.625446208149082 ], [ 82.551696203063443, 28.625368958206202 ], [ 82.55152426557332, 28.62536927082084 ], [ 82.551244514782539, 28.62544752063064 ], [ 82.551093828030702, 28.625599332535067 ], [ 82.550728765481978, 28.626231583319544 ], [ 82.550406577714185, 28.626631895280095 ], [ 82.550277452760383, 28.626747832821344 ], [ 82.54986870295221, 28.626978082692439 ], [ 82.549524452309967, 28.627053333185948 ], [ 82.548491515020544, 28.627170833089995 ], [ 82.547974827580035, 28.62711339543457 ], [ 82.54719995236394, 28.62694270802935 ], [ 82.546898703005652, 28.626846957526929 ], [ 82.546747890430368, 28.626791208297796 ], [ 82.545972577956732, 28.626467083021051 ], [ 82.545455703220668, 28.626123207758639 ], [ 82.545412577651192, 28.626028020830741 ], [ 82.545261765386911, 28.625913583131435 ], [ 82.545153889800474, 28.625761270856643 ], [ 82.545053265233278, 28.625385770737036 ], [ 82.545052202760914, 28.625000020034953 ], [ 82.545052077712668, 28.624871458171974 ], [ 82.545138015493208, 28.624737020453917 ], [ 82.545416264811038, 28.624047457675466 ], [ 82.545566390396331, 28.623798707845204 ], [ 82.545759015336259, 28.623340582581783 ], [ 82.545800953275204, 28.623034270156499 ], [ 82.545713952278234, 28.622805458308665 ], [ 82.545519389953427, 28.622616145525669 ], [ 82.545216827694546, 28.622425707535665 ], [ 82.544979140660843, 28.622350957978217 ], [ 82.544590578263623, 28.622161833047262 ], [ 82.544525703017413, 28.622163395739335 ], [ 82.544029390642336, 28.621860270591821 ], [ 82.543554515543619, 28.621652145037906 ], [ 82.54219470239579, 28.620798395811903 ], [ 82.541978764991256, 28.620626895250581 ], [ 82.541784765297578, 28.620629333228724 ], [ 82.541666827392007, 28.620655082931869 ], [ 82.541526389778056, 28.620687457864371 ], [ 82.541311452281832, 28.620861082618585 ], [ 82.541161202663503, 28.621071520778347 ], [ 82.540753140336804, 28.621416770322185 ], [ 82.540322889750968, 28.621610645287422 ], [ 82.539871452465448, 28.621878708194405 ], [ 82.539613140013927, 28.621975207478997 ], [ 82.539333702266831, 28.622168395146435 ], [ 82.538753078151558, 28.622419332841524 ], [ 82.538365764780778, 28.62253470813474 ], [ 82.537720639989317, 28.622825520471178 ], [ 82.536945952619817, 28.623058520784323 ], [ 82.536687702588054, 28.623175270829805 ], [ 82.536429577555595, 28.623213082743714 ], [ 82.535848765038992, 28.623407582724173 ], [ 82.535461203126289, 28.623448520305136 ], [ 82.534621827499024, 28.623642458292966 ], [ 82.534428140492096, 28.623644895282201 ], [ 82.534234328238995, 28.623701395764243 ], [ 82.533782453082779, 28.623743894982244 ], [ 82.532813827532976, 28.623977020556396 ], [ 82.532620327731621, 28.62405389517275 ], [ 82.53229732767899, 28.624113583120423 ], [ 82.532103890520204, 28.624190395400792 ], [ 82.531328889948028, 28.624328645746928 ], [ 82.530683140423747, 28.624389333372996 ], [ 82.530037703023794, 28.624562770298439 ], [ 82.52971463996019, 28.624604395346971 ], [ 82.529618452788753, 28.624603332833871 ], [ 82.529090265428906, 28.624644957579434 ], [ 82.528832203057888, 28.624703082585899 ], [ 82.528056890361313, 28.624764583348156 ], [ 82.527734077830075, 28.624727270273475 ], [ 82.5272173275292, 28.624748708329026 ], [ 82.526958452595053, 28.624673707926625 ], [ 82.526829390083492, 28.624674583355187 ], [ 82.526614265404092, 28.624771458207402 ], [ 82.526377514838558, 28.624791457858187 ], [ 82.526054265447556, 28.624641333003755 ], [ 82.525601577391726, 28.62451008299708 ], [ 82.525213828180185, 28.624453958210605 ], [ 82.524374202546824, 28.624458395606723 ], [ 82.523922140698986, 28.624536895801608 ], [ 82.523599077796078, 28.624558208036866 ], [ 82.523211953243347, 28.624655520628263 ], [ 82.522178390570062, 28.624680332475972 ], [ 82.521726077552643, 28.6246438333383 ], [ 82.521661389828211, 28.624607020348645 ], [ 82.521079702707922, 28.624474332798997 ], [ 82.520304514803342, 28.624441020055169 ], [ 82.519658577418781, 28.624558082729411 ], [ 82.519142264842486, 28.624732895667687 ], [ 82.518948640533921, 28.624753332778408 ], [ 82.518561264858675, 28.62488895799564 ], [ 82.51830282761982, 28.624929020794383 ], [ 82.518110953108589, 28.625001332798419 ], [ 82.517913140673386, 28.625073645452765 ], [ 82.516852077982634, 28.625303395208928 ], [ 82.515626639952714, 28.62599377082158 ], [ 82.515404765187768, 28.626088333017968 ], [ 82.515218077914454, 28.626205833334371 ], [ 82.514766452796508, 28.626415145209364 ], [ 82.514185578145316, 28.626607333071838 ], [ 82.513733890011068, 28.626818895546737 ], [ 82.513347202369999, 28.627067332778388 ], [ 82.513153389798546, 28.627126082711523 ], [ 82.512960014925639, 28.627241332772662 ], [ 82.512637453122451, 28.62733695811453 ], [ 82.511604702567084, 28.627528645108647 ], [ 82.51115245303626, 28.627530457900608 ], [ 82.510377952546477, 28.627607645817342 ], [ 82.510248889825235, 28.627646833145885 ], [ 82.509969515683025, 28.627876145636879 ], [ 82.509303452843, 28.628604145783893 ], [ 82.509131453140697, 28.628834645665542 ], [ 82.509067452723372, 28.629064020114214 ], [ 82.50906876528002, 28.62992345823298 ], [ 82.509133952798592, 28.630192520439795 ], [ 82.508961890231518, 28.63038470775248 ], [ 82.508811327327265, 28.630498082985298 ], [ 82.508617827454373, 28.630574895400191 ], [ 82.507972827738314, 28.630940020305182 ], [ 82.507650077706785, 28.631074082606695 ], [ 82.507198453046399, 28.631208957574092 ], [ 82.506488577209424, 28.631553020832811 ], [ 82.50616601522556, 28.631648707799695 ], [ 82.505649765027599, 28.631879770700237 ], [ 82.505262702941607, 28.632015457518271 ], [ 82.503197765299902, 28.632935583358424 ], [ 82.502681640338565, 28.633090020245582 ], [ 82.502165515307752, 28.633357269995148 ], [ 82.501003890023156, 28.633818082655193 ], [ 82.500272889725011, 28.634315332662887 ], [ 82.500057890669424, 28.634468583213017 ], [ 82.500000139805167, 28.63470252061893 ], [ 82.499585202983496, 28.634968770727696 ], [ 82.498380639720779, 28.635444520057156 ], [ 82.497267203218229, 28.635946333013795 ], [ 82.49622020276108, 28.636178958209189 ], [ 82.495911140216435, 28.636338020668642 ], [ 82.49513364049902, 28.636953395043591 ], [ 82.494327639745393, 28.637460833247413 ], [ 82.493152577870092, 28.637990333146252 ], [ 82.492439452375052, 28.638415520868996 ], [ 82.492005140441478, 28.63871127067527 ], [ 82.490967390347265, 28.639602457889037 ], [ 82.49053582768353, 28.639731270536931 ], [ 82.488565640045181, 28.640140895691157 ], [ 82.487855077616473, 28.640432958318819 ], [ 82.48770351564086, 28.64051808315434 ], [ 82.4886472030352, 28.641973895328089 ], [ 82.489025390074886, 28.642910395517909 ], [ 82.489564452997769, 28.644961707876245 ], [ 82.489969952392997, 28.645920458318713 ], [ 82.49048514033808, 28.646999832904278 ], [ 82.492143890001628, 28.649780895172459 ], [ 82.492753453149703, 28.651019333189247 ], [ 82.492935765020761, 28.651703083298241 ], [ 82.493061577463806, 28.652504770059643 ], [ 82.493056577496304, 28.65282964558272 ], [ 82.492933890019472, 28.653239270247425 ], [ 82.492756577668786, 28.653498395620005 ], [ 82.49177620288944, 28.654472395480937 ], [ 82.491354014945813, 28.655494395543219 ], [ 82.491444265022949, 28.657399520535925 ], [ 82.491500764802097, 28.657732707778894 ], [ 82.491623515310039, 28.657956895551639 ], [ 82.491823202522269, 28.659190832691081 ], [ 82.491966327509004, 28.659455457627992 ], [ 82.492076952299598, 28.659589583274634 ], [ 82.492989764948405, 28.659983270365277 ], [ 82.493762139857552, 28.660520645462014 ], [ 82.494254453094356, 28.660928020553772 ], [ 82.494484389918085, 28.661223270173977 ], [ 82.4949753907039, 28.661673520336283 ], [ 82.496201827530143, 28.662397583393947 ], [ 82.496618827633753, 28.662541833351291 ], [ 82.497274640188749, 28.662705958198121 ], [ 82.49760032756879, 28.662677583335284 ], [ 82.497957952712781, 28.662421020760711 ], [ 82.498587265552317, 28.661712520437291 ], [ 82.498787765265945, 28.661606520831249 ], [ 82.499568265475489, 28.66150089545717 ], [ 82.499958640709309, 28.661525895598814 ], [ 82.500379577305353, 28.661615332757663 ], [ 82.501133765229, 28.661998145727726 ], [ 82.50160801508504, 28.662303395567299 ], [ 82.501715827692124, 28.662340708185251 ], [ 82.502017515082855, 28.662684645747635 ], [ 82.502276577552792, 28.663104833058604 ], [ 82.502514389948175, 28.663716520046425 ], [ 82.502687264718915, 28.664329708191595 ], [ 82.502752640364321, 28.665399645604985 ], [ 82.502838828210955, 28.665858520552835 ], [ 82.503130078086897, 28.66666702046356 ], [ 82.503162078108502, 28.666755395465014 ], [ 82.503227015173223, 28.667290708320699 ], [ 82.50329151570422, 28.66763427038714 ], [ 82.50346364039703, 28.667424145424803 ], [ 82.503893390244471, 28.66679277040679 ], [ 82.503933827239322, 28.666666895515934 ], [ 82.504022514936537, 28.66639045779781 ], [ 82.504280328120544, 28.665930832915912 ], [ 82.504408889741896, 28.665587145424951 ], [ 82.504580827975559, 28.665300332800399 ], [ 82.504666765023558, 28.665050895014573 ], [ 82.50479570320843, 28.664937270390432 ], [ 82.504989327715023, 28.664878520854689 ], [ 82.505354952882826, 28.664706583356857 ], [ 82.505462452457749, 28.664590457556006 ], [ 82.50580570256966, 28.663671645728837 ], [ 82.505956202381938, 28.663384582796038 ], [ 82.506278452958639, 28.662869332553626 ], [ 82.506515015516598, 28.662619270264987 ], [ 82.506923640434167, 28.662371145482602 ], [ 82.50750407796383, 28.661928645611393 ], [ 82.508020015490175, 28.661661395825035 ], [ 82.509568452513847, 28.661333333400215 ], [ 82.510149140408743, 28.661369083343292 ], [ 82.510407452307234, 28.661331270509816 ], [ 82.510901889865707, 28.661061583066765 ], [ 82.511890827932604, 28.660352832706096 ], [ 82.512514389968359, 28.66004614556438 ], [ 82.512836890701564, 28.660006833260329 ], [ 82.513009015223844, 28.659929770900938 ], [ 82.513267202377705, 28.659871708136755 ], [ 82.51361114016099, 28.659717583161136 ], [ 82.514729202652546, 28.659391457859652 ], [ 82.515245390560807, 28.659331707506691 ], [ 82.515933764869416, 28.659368583282443 ], [ 82.516191952916145, 28.659425520501287 ], [ 82.516450265115978, 28.659538895353194 ], [ 82.516880515658855, 28.659654145730247 ], [ 82.517762890691557, 28.660243520839529 ], [ 82.518020952600523, 28.660377207924423 ], [ 82.518473078144382, 28.660776895082371 ], [ 82.5189033907115, 28.661004895236786 ], [ 82.519161577371193, 28.661082207959062 ], [ 82.519591952592307, 28.661080145637072 ], [ 82.520193953111914, 28.66096489503143 ], [ 82.52114014059029, 28.660560145800492 ], [ 82.52159164067568, 28.660215457763371 ], [ 82.521742015053164, 28.66015845827047 ], [ 82.521892515561873, 28.660004457714841 ], [ 82.522494390123441, 28.65960277026193 ], [ 82.522752390066117, 28.659485957615644 ], [ 82.523182452749765, 28.659391395786045 ], [ 82.523440389825893, 28.659256645251052 ], [ 82.52369814038434, 28.658797020190899 ], [ 82.523848578150051, 28.65862495805246 ], [ 82.524085015725646, 28.658221520440897 ], [ 82.52434239064678, 28.657534083285444 ], [ 82.524535764834255, 28.657150458206161 ], [ 82.524987078142843, 28.656652270679903 ], [ 82.525180327736678, 28.656480708349786 ], [ 82.525416828129124, 28.65634570766176 ], [ 82.525545702769449, 28.656232083235832 ], [ 82.525889327875689, 28.655617707653604 ], [ 82.526082952797182, 28.655466457830201 ], [ 82.526319452659479, 28.655331394997841 ], [ 82.526405140224199, 28.655235333061388 ], [ 82.527007390092749, 28.654966708155452 ], [ 82.528297765205622, 28.654773207909315 ], [ 82.528899953142158, 28.654827145421315 ], [ 82.529329952707428, 28.654732520268499 ], [ 82.529501952318924, 28.654732082547387 ], [ 82.529760015430725, 28.654653770359808 ], [ 82.530275890106239, 28.654251083041789 ], [ 82.530512390061332, 28.654115957611705 ], [ 82.530748828209809, 28.653868207920304 ], [ 82.531307514920812, 28.653445645745236 ], [ 82.531694265641676, 28.652967145144416 ], [ 82.532145765256075, 28.652678770212031 ], [ 82.53330607816379, 28.651721395273416 ], [ 82.53352113980506, 28.651453020495214 ], [ 82.533585577780812, 28.651395083112092 ], [ 82.533714390349914, 28.651281395638318 ], [ 82.534251702716162, 28.65066695769255 ], [ 82.534702827694673, 28.650380770363142 ], [ 82.535111390214126, 28.650035582591403 ], [ 82.535433765527102, 28.64988114543322 ], [ 82.535691640482739, 28.649823020136957 ], [ 82.536810265401456, 28.649839645653845 ], [ 82.537412452865439, 28.649934083286396 ], [ 82.537584577300549, 28.649990082585401 ], [ 82.538100702614713, 28.650047582528966 ], [ 82.53825139050663, 28.650085270214642 ], [ 82.538487890723928, 28.650065270221223 ], [ 82.538702890115445, 28.649911958337718 ], [ 82.539025264799918, 28.649509395836994 ], [ 82.539068014897012, 28.649471520863116 ], [ 82.539111139843627, 28.649336645297211 ], [ 82.539196827275319, 28.649030770718706 ], [ 82.539432702719068, 28.648343020305475 ], [ 82.539625889816918, 28.648036083013849 ], [ 82.539948203163888, 28.647730520171947 ], [ 82.540141577457845, 28.647479958086162 ], [ 82.54042101494035, 28.647288958272693 ], [ 82.540678640179522, 28.647059395776637 ], [ 82.541108577463675, 28.646847520491864 ], [ 82.541667202553526, 28.646630207902437 ], [ 82.541796702674631, 28.646579707926577 ], [ 82.542485390242845, 28.646406644993792 ], [ 82.542743702667693, 28.646425208148145 ], [ 82.543174453071828, 28.646576457545535 ], [ 82.54358357729339, 28.646786145313889 ], [ 82.544014202334751, 28.646919270707052 ], [ 82.544186515332072, 28.64691895812307 ], [ 82.544961202886711, 28.646726520331292 ], [ 82.545563515474853, 28.646439770108231 ], [ 82.545972452560051, 28.646362895286362 ], [ 82.546295390310206, 28.646287457644476 ], [ 82.546553702989783, 28.646209020433766 ], [ 82.546984014990755, 28.646209082998318 ], [ 82.547242453139162, 28.646150957556351 ], [ 82.547931078275894, 28.646074895170784 ], [ 82.548705952600741, 28.646074145598082 ], [ 82.54930876528546, 28.6461685827895 ], [ 82.549567390145327, 28.646166895798181 ], [ 82.550255890340765, 28.64601408283983 ], [ 82.550858327352799, 28.645765645195606 ], [ 82.551116328170139, 28.645592520616052 ], [ 82.551374765498636, 28.645534270776974 ], [ 82.551632952426559, 28.645496457666031 ], [ 82.552235764908801, 28.645475832540882 ], [ 82.552580015009127, 28.645475020570167 ], [ 82.552838452566249, 28.645513833358176 ], [ 82.553354952550393, 28.645494520641357 ], [ 82.553785639768833, 28.645415707660025 ], [ 82.553914577885422, 28.645358395538974 ], [ 82.55425901533556, 28.645321457499051 ], [ 82.555119640749879, 28.645012582725037 ], [ 82.555614640610656, 28.644765270210211 ], [ 82.555979827466388, 28.644401457743378 ], [ 82.556431827480708, 28.644074645341345 ], [ 82.556474765344333, 28.643998395169099 ], [ 82.556560515624739, 28.643922645383153 ], [ 82.557056328268374, 28.644455770214485 ], [ 82.557724140149602, 28.644895958216306 ], [ 82.558047265517231, 28.644989645001214 ], [ 82.558499390319255, 28.64502833314091 ], [ 82.559210014965387, 28.645236583328675 ], [ 82.559920390184075, 28.645388582830371 ], [ 82.561277139945531, 28.645847333234961 ], [ 82.562591828232826, 28.646436520739776 ], [ 82.563175015288621, 28.646988645151357 ], [ 82.563348140367424, 28.647351395175974 ], [ 82.563499702950296, 28.647580833270446 ], [ 82.564170077882792, 28.648494770308833 ], [ 82.564256202800564, 28.648552020568459 ], [ 82.564386015627804, 28.648760957759382 ], [ 82.565185389844132, 28.649543145254736 ], [ 82.565509639837515, 28.649981958157948 ], [ 82.565790452731079, 28.650210520383595 ], [ 82.566006640679745, 28.650458645642299 ], [ 82.566093015213127, 28.650572395385467 ], [ 82.566309765469839, 28.650971707694151 ], [ 82.56676320274417, 28.651353208106478 ], [ 82.567389577939295, 28.651982395248574 ], [ 82.567627202777885, 28.652115770092372 ], [ 82.568188703188255, 28.652667583208551 ], [ 82.568728577701592, 28.653047770478988 ], [ 82.569764265106272, 28.653523395201415 ], [ 82.570411390733625, 28.653751270204019 ], [ 82.57067045313633, 28.653884832763087 ], [ 82.571446890733085, 28.654150207684282 ], [ 82.571662703106654, 28.654263020189664 ], [ 82.572699264962822, 28.655081520084405 ], [ 82.572936890766044, 28.655329895882048 ], [ 82.573412327659128, 28.655729645610986 ], [ 82.573542140537512, 28.655938582609725 ], [ 82.573671703148989, 28.656073020498315 ], [ 82.574125015349637, 28.656357520310458 ], [ 82.574470452978204, 28.656625082880382 ], [ 82.574686890698203, 28.656911582613958 ], [ 82.574881140534544, 28.657082833115478 ], [ 82.575097452950743, 28.657349020851882 ], [ 82.57555089075035, 28.657768832950193 ], [ 82.575896452931104, 28.658034145693485 ], [ 82.576738577514291, 28.658548270732187 ], [ 82.576868078028696, 28.658662395883297 ], [ 82.577062577779913, 28.658890020432715 ], [ 82.577322390192734, 28.659348458331468 ], [ 82.578035889861326, 28.660206332903829 ], [ 82.57833907776164, 28.660836645883414 ], [ 82.578685077556059, 28.661255332612516 ], [ 82.579032203183488, 28.662093645259038 ], [ 82.579421514925599, 28.66266614556038 ], [ 82.579681140797874, 28.662950833214854 ], [ 82.579919014834914, 28.663257895104117 ], [ 82.580092015114744, 28.66356195830296 ], [ 82.580200765215068, 28.663867645794969 ], [ 82.580416890092565, 28.664154145284236 ], [ 82.580719453238075, 28.664477645546203 ], [ 82.580849265494351, 28.664571457580053 ], [ 82.581108014819662, 28.664705020224918 ], [ 82.581561265382248, 28.664876707886261 ], [ 82.58182020300336, 28.664951583216087 ], [ 82.582272890340747, 28.66502627076806 ], [ 82.583048890316135, 28.665043395024021 ], [ 82.583307265698025, 28.664967145657261 ], [ 82.583333515157577, 28.664965145575653 ], [ 82.5837582649485, 28.664929020164696 ], [ 82.583887265257857, 28.664871707549015 ], [ 82.584402452729549, 28.664813958252566 ], [ 82.584659890083259, 28.664735457826207 ], [ 82.584982015517994, 28.664698207974524 ], [ 82.585110952546202, 28.664717582586963 ], [ 82.585819577369818, 28.664659583318695 ], [ 82.586162515717717, 28.664428520757809 ], [ 82.586355702871018, 28.664371895781795 ], [ 82.587513952495144, 28.663853895806028 ], [ 82.588093828243302, 28.663835145304834 ], [ 82.588609390238332, 28.663777333175734 ], [ 82.589770015395487, 28.664175145445167 ], [ 82.590092515146594, 28.664347770075235 ], [ 82.590221515759865, 28.664385145197457 ], [ 82.59073788992859, 28.664690520698244 ], [ 82.590866827968981, 28.664727957729898 ], [ 82.591210952681806, 28.66493908263698 ], [ 82.591469515271143, 28.665185395556556 ], [ 82.592136577905663, 28.665699895493638 ], [ 82.592524140522059, 28.666082895244003 ], [ 82.59293332824619, 28.666443520287917 ], [ 82.593117327471376, 28.666666583259197 ], [ 82.59351501484602, 28.667151145845725 ], [ 82.5936443275736, 28.667283333167973 ], [ 82.593967014995116, 28.667494207909208 ], [ 82.594353764800957, 28.66757039584321 ], [ 82.594611514938535, 28.667568583400392 ], [ 82.595255890713887, 28.667509832976034 ], [ 82.59551339043233, 28.667453833324515 ], [ 82.595835328062407, 28.667452707814498 ], [ 82.596543890596507, 28.667376583274095 ], [ 82.597381640577723, 28.66739427037221 ], [ 82.598220202640562, 28.667639833230197 ], [ 82.598994140202919, 28.667983957652503 ], [ 82.599703890140546, 28.668230395522034 ], [ 82.600026389954508, 28.6683825831729 ], [ 82.600822640769479, 28.668972832532901 ], [ 82.601038203016913, 28.669182582826807 ], [ 82.60110257765389, 28.669221582711632 ], [ 82.60144726517467, 28.669583832648811 ], [ 82.601576890673201, 28.669813020774239 ], [ 82.601749890088655, 28.670270458094429 ], [ 82.601687889998587, 28.671111270757766 ], [ 82.60139039017713, 28.672181895744401 ], [ 82.601349015800054, 28.672792770150231 ], [ 82.601608514880638, 28.673402270901509 ], [ 82.601738139965235, 28.673631457968433 ], [ 82.601803264834814, 28.673859958011622 ], [ 82.601782514827121, 28.674166520673939 ], [ 82.601870640154957, 28.674853207587915 ], [ 82.601935140182889, 28.674930582846354 ], [ 82.602108452475036, 28.675388020152717 ], [ 82.602281202378592, 28.675694333187103 ], [ 82.60256164008392, 28.676150645461249 ], [ 82.602928014903284, 28.676610082758945 ], [ 82.602949765322563, 28.676684770502444 ], [ 82.602950265384536, 28.676838145184675 ], [ 82.602716327914763, 28.677602708112822 ], [ 82.602695890728896, 28.677983708411947 ], [ 82.60258970305982, 28.678442770308372 ], [ 82.602227889857176, 28.679589520294904 ], [ 82.602037514881857, 28.680582333272032 ], [ 82.601996203230229, 28.681193207827825 ], [ 82.60167713999212, 28.682340395258294 ], [ 82.601678515182215, 28.682721707909806 ], [ 82.601744827542717, 28.683408083177408 ], [ 82.601896202495169, 28.683714145158042 ], [ 82.602047203137744, 28.683923270593933 ], [ 82.60211226529168, 28.684154020050563 ], [ 82.602564889996543, 28.684745207742452 ], [ 82.602931265430627, 28.685087333112701 ], [ 82.603405140721208, 28.685622333143588 ], [ 82.604180452505105, 28.686232707735758 ], [ 82.604309639973337, 28.686308395860127 ], [ 82.60463201552011, 28.68640195827102 ], [ 82.605019390435061, 28.686631520297706 ], [ 82.605148390201308, 28.686668957652664 ], [ 82.605492765677582, 28.686936395431371 ], [ 82.605879952983926, 28.687089270238037 ], [ 82.606073327519198, 28.687145395310395 ], [ 82.607105015145095, 28.687259832813179 ], [ 82.607362952838557, 28.687316582639106 ], [ 82.607878514922405, 28.68731514570139 ], [ 82.608071452863086, 28.687276520761991 ], [ 82.608329515626849, 28.687276895428546 ], [ 82.60910307749765, 28.687447270160916 ], [ 82.609490140523363, 28.687579833308394 ], [ 82.610522077860779, 28.687730270492501 ], [ 82.611553327498143, 28.687806270116102 ], [ 82.61271401544623, 28.68803477033228 ], [ 82.612972077411698, 28.688109583260633 ], [ 82.613358890796334, 28.688165458043368 ], [ 82.613444953034758, 28.688261082615128 ], [ 82.613509577701635, 28.68827977020112 ], [ 82.61396064027123, 28.688318208327534 ], [ 82.614476453192765, 28.688413707826019 ], [ 82.614798578019034, 28.688356145211426 ], [ 82.615120952741492, 28.688354832749699 ], [ 82.615378765745561, 28.688373333374535 ], [ 82.615894702992804, 28.688486895783367 ], [ 82.616604265059337, 28.688735520498938 ], [ 82.616884140249894, 28.688925583125155 ], [ 82.616970203316953, 28.688944520665409 ], [ 82.617486703008311, 28.689306208130493 ], [ 82.617810077612333, 28.689668207813746 ], [ 82.617811640520117, 28.690126145872462 ], [ 82.617769077673387, 28.690279082712106 ], [ 82.61785645314157, 28.69073789538605 ], [ 82.617836577467116, 28.691349020250108 ], [ 82.617730514928766, 28.691731457795616 ], [ 82.617623889872377, 28.691960458399802 ], [ 82.617153577439467, 28.692801520760739 ], [ 82.616918327752671, 28.693087895345634 ], [ 82.616747327322045, 28.69339289581314 ], [ 82.616276140698673, 28.693891145535979 ], [ 82.615761890143773, 28.694350583031184 ], [ 82.615440265703057, 28.694561582625568 ], [ 82.615161577924852, 28.694770708221562 ], [ 82.615054577767893, 28.69490502036092 ], [ 82.614604390661796, 28.695211707702413 ], [ 82.614348202694103, 28.695745958153015 ], [ 82.614435328272663, 28.696128083319717 ], [ 82.61486776554311, 28.697043832883089 ], [ 82.615236702866468, 28.698342457882013 ], [ 82.615409578215534, 28.698646458111835 ], [ 82.6155181407252, 28.698972395749614 ], [ 82.615519203210212, 28.699353645853307 ], [ 82.615435078114643, 28.699889645856679 ], [ 82.61528639054707, 28.700350583112947 ], [ 82.614988203183387, 28.701040145933273 ], [ 82.615011765134042, 28.701651708317819 ], [ 82.615315140126228, 28.702491582591545 ], [ 82.61548795265756, 28.702797895599225 ], [ 82.615789952968768, 28.703179958265906 ], [ 82.616178703265362, 28.703752395684809 ], [ 82.616179452351872, 28.704059208043574 ], [ 82.616266577926481, 28.704364645409896 ], [ 82.616417827342843, 28.704612082912082 ], [ 82.616569702669764, 28.705148208415974 ], [ 82.616657390441617, 28.705607020678926 ], [ 82.616659015094086, 28.706064958260061 ], [ 82.616767078189298, 28.706314207747262 ], [ 82.616768203189906, 28.706618770809627 ], [ 82.616964390024421, 28.707459895944325 ], [ 82.61694345239836, 28.707613082826246 ], [ 82.617067077714182, 28.708333958440218 ], [ 82.617074765568617, 28.708379145348648 ], [ 82.617098827796028, 28.708837332930294 ], [ 82.617295140770963, 28.709448395756933 ], [ 82.617296265259142, 28.70967845764191 ], [ 82.617233203335616, 28.709925958335162 ], [ 82.617148452716947, 28.710193520297768 ], [ 82.617084889867499, 28.710310207828076 ], [ 82.616807328319723, 28.710693083193611 ], [ 82.616615077976164, 28.710864832649413 ], [ 82.616315390833265, 28.711058020747856 ], [ 82.616102078154569, 28.711344645429474 ], [ 82.615118702881574, 28.712304458411026 ], [ 82.61456214029154, 28.712668770806559 ], [ 82.613168702342833, 28.713189083132679 ], [ 82.612568077572789, 28.713325020055834 ], [ 82.6123963282853, 28.713325520299314 ], [ 82.61179557781503, 28.7134998330672 ], [ 82.61119489067201, 28.713597395182571 ], [ 82.60930682801586, 28.714024645572213 ], [ 82.609049765426974, 28.714139332995067 ], [ 82.608878202650146, 28.714216520537331 ], [ 82.608728140214907, 28.7142938956286 ], [ 82.608277953174024, 28.714447207770018 ], [ 82.60793551571571, 28.714657957580862 ], [ 82.607656640004905, 28.714774645561995 ], [ 82.607336640606505, 28.715215707847722 ], [ 82.607188078020613, 28.715541270927336 ], [ 82.607126827642432, 28.716210708268232 ], [ 82.607106515187695, 28.716458583139119 ], [ 82.607066578050905, 28.717013082848609 ], [ 82.606939639929195, 28.717395208282248 ], [ 82.60687720309032, 28.717854770801125 ], [ 82.606813765172575, 28.718007520404655 ], [ 82.606624515057959, 28.718867270564353 ], [ 82.606561765054792, 28.719211770066146 ], [ 82.606564640633337, 28.719766707729111 ], [ 82.606460015693813, 28.720320520522868 ], [ 82.606376515588252, 28.720779833001409 ], [ 82.606356765407213, 28.721163208241755 ], [ 82.606146577956864, 28.72208133264283 ], [ 82.606063577752323, 28.72269177091842 ], [ 82.605978952343548, 28.722920957884181 ], [ 82.605914952699166, 28.722999270700644 ], [ 82.605852015721467, 28.723305458407346 ], [ 82.605833078223355, 28.723839832810562 ], [ 82.605685515078036, 28.724375208012368 ], [ 82.605519327526849, 28.725521645594586 ], [ 82.605328827928773, 28.72613552014462 ], [ 82.605247202408151, 28.726958020669567 ], [ 82.605120327933051, 28.727358270497593 ], [ 82.605107827379527, 28.72919433273421 ], [ 82.605152640262361, 28.729576020942346 ], [ 82.605155639845222, 28.730148958137669 ], [ 82.60511295305156, 28.730301958414042 ], [ 82.60509214066613, 28.730759707909019 ], [ 82.604834452415673, 28.731370583336844 ], [ 82.60474907816824, 28.731753145962269 ], [ 82.604641765367248, 28.731982145251258 ], [ 82.604233453077654, 28.732688457946587 ], [ 82.603975390060441, 28.733015145652885 ], [ 82.603824952729596, 28.733264020591495 ], [ 82.603610390115591, 28.733740020764092 ], [ 82.603546077478825, 28.734025770554947 ], [ 82.603589952477805, 28.734407520534109 ], [ 82.603762703073414, 28.734790520322438 ], [ 82.60389257783558, 28.734961020217774 ], [ 82.604216952355927, 28.735591457745997 ], [ 82.604281828195099, 28.735858332660133 ], [ 82.604305015348885, 28.73662102028144 ], [ 82.604178015399725, 28.737919083324275 ], [ 82.603985140112869, 28.738684020501054 ], [ 82.604007514893468, 28.739142083391048 ], [ 82.60394426576373, 28.739903958347437 ], [ 82.603836890679361, 28.740209583113359 ], [ 82.60379464026073, 28.74066933345437 ], [ 82.603687640538581, 28.741108145569005 ], [ 82.603645077632819, 28.741450583141425 ], [ 82.60347364034709, 28.742044333409954 ], [ 82.603431202783071, 28.742348395363191 ], [ 82.603324264852077, 28.742787145389702 ], [ 82.603108703042238, 28.742827770976213 ], [ 82.602591577860338, 28.742885583471899 ], [ 82.601729640048347, 28.743077457584267 ], [ 82.601212764828674, 28.743230020885065 ], [ 82.600781578279594, 28.743270645259397 ], [ 82.600178265163692, 28.743404270898065 ], [ 82.599768952556573, 28.743463207904433 ], [ 82.599165515360482, 28.743463708268571 ], [ 82.597764827348243, 28.743695082880169 ], [ 82.597506140156213, 28.743732958377596 ], [ 82.597398390204575, 28.743657395880263 ], [ 82.5973118276641, 28.74354377029541 ], [ 82.597030827538262, 28.743028770416117 ], [ 82.59670682735667, 28.742590020165359 ], [ 82.596663265235804, 28.742379833185787 ], [ 82.596447265400727, 28.742093332856413 ], [ 82.596102014933265, 28.741807770890013 ], [ 82.595648952416425, 28.741523332961197 ], [ 82.594829014939606, 28.741086270863637 ], [ 82.593836578144192, 28.740437520685269 ], [ 82.59353470233647, 28.740285520171952 ], [ 82.592693453219027, 28.739983520272332 ], [ 82.592176078101957, 28.739887895642859 ], [ 82.591960390468486, 28.739869895896344 ], [ 82.591766640142509, 28.739908457730383 ], [ 82.591357077327004, 28.73990870827237 ], [ 82.591033765498395, 28.739851207912665 ], [ 82.590516452435381, 28.739870645391559 ], [ 82.589956078282981, 28.739835458466274 ], [ 82.589331077809391, 28.739989083441323 ], [ 82.588361327650034, 28.739990208079302 ], [ 82.588016640156482, 28.740047520644449 ], [ 82.587650202858185, 28.740124895110895 ], [ 82.586680765218333, 28.740412520153892 ], [ 82.586594578042124, 28.740470270334097 ], [ 82.585970139958334, 28.74070064589128 ], [ 82.585280514808304, 28.740853583020264 ], [ 82.584935640340433, 28.740874770193003 ], [ 82.584332328116986, 28.741008333072745 ], [ 82.583901452443243, 28.741028582592691 ], [ 82.583556764893871, 28.741106207923607 ], [ 82.583333515340925, 28.741106145792902 ], [ 82.581311890569637, 28.741116520327694 ], [ 82.580966577325995, 28.741079020724435 ], [ 82.580275452417808, 28.740891332758636 ], [ 82.580016515070398, 28.740875082954005 ], [ 82.579670953278509, 28.740781208143733 ], [ 82.579239015295798, 28.740783457839818 ], [ 82.578440265459434, 28.740653208396772 ], [ 82.577943577907845, 28.740618645886904 ], [ 82.576864015292983, 28.740433645330985 ], [ 82.57643239001618, 28.74043583343563 ], [ 82.576108390646525, 28.740475270178059 ], [ 82.574813889857694, 28.740901520943662 ], [ 82.574231703291474, 28.741247270382217 ], [ 82.573326140111703, 28.742054270506536 ], [ 82.572938140071102, 28.742494583215585 ], [ 82.572722453182436, 28.742686333183965 ], [ 82.572420827801636, 28.743127520183982 ], [ 82.572248578137376, 28.743299395722758 ], [ 82.571774203069324, 28.743646270873956 ], [ 82.570846452574386, 28.744110145106877 ], [ 82.570501264891348, 28.744341082908164 ], [ 82.569638390110612, 28.744668083179789 ], [ 82.569422390037474, 28.744708645430848 ], [ 82.569206515718022, 28.744708645942019 ], [ 82.568990703297018, 28.74465220814475 ], [ 82.568817953161883, 28.744578208031715 ], [ 82.568601702976935, 28.744388645649213 ], [ 82.56793182748774, 28.743799582622493 ], [ 82.568061828029713, 28.74427695800826 ], [ 82.568020077989445, 28.745345708298416 ], [ 82.567956015353033, 28.74572627026556 ], [ 82.567417328200463, 28.74639727074047 ], [ 82.567288077538919, 28.74662827066674 ], [ 82.567266703113091, 28.746932520976568 ], [ 82.567332140376479, 28.747314457901386 ], [ 82.567548578068113, 28.747772395842262 ], [ 82.567613640088183, 28.74800089512857 ], [ 82.567678515198509, 28.748076020238567 ], [ 82.567678827552655, 28.74815277008501 ], [ 82.567808703013696, 28.748456395512211 ], [ 82.568090203149382, 28.749048145826958 ], [ 82.568198577471435, 28.74942820841726 ], [ 82.568436765197063, 28.749886395279628 ], [ 82.568467515116922, 28.750004020288628 ], [ 82.568521265163156, 28.750568520552356 ], [ 82.568728014996907, 28.751100833132526 ], [ 82.568586764909327, 28.751676833078989 ], [ 82.568711639991179, 28.752442832726921 ], [ 82.568645077295542, 28.752536832619604 ], [ 82.568925265240608, 28.753839145381551 ], [ 82.568934389790783, 28.754788895614382 ], [ 82.568934765518691, 28.754831770325882 ], [ 82.568914265797176, 28.754901457616803 ], [ 82.568799640455694, 28.755376207734727 ], [ 82.568743077715467, 28.755653083213524 ], [ 82.5688152032278, 28.75585233299968 ], [ 82.569053014977285, 28.756414270577043 ], [ 82.569045890461993, 28.756815708104611 ], [ 82.56845664050303, 28.757463645613949 ], [ 82.566243953138454, 28.758044708233754 ], [ 82.56561482762622, 28.758581708319149 ], [ 82.565177327794615, 28.760600458072815 ], [ 82.565665389966313, 28.761882332725779 ], [ 82.56634257785467, 28.762769270419213 ], [ 82.566792578126282, 28.763748520527056 ], [ 82.566610765189836, 28.764754895275622 ], [ 82.565988390128012, 28.765664145929424 ], [ 82.564807515672996, 28.76648170836209 ], [ 82.564641140409051, 28.766764145761474 ], [ 82.564191327683787, 28.76710452067282 ], [ 82.564011327436972, 28.767276270776467 ], [ 82.563766515507737, 28.767654895784151 ], [ 82.563827765078358, 28.767874332918812 ], [ 82.564915765045029, 28.76755658266374 ], [ 82.56565295260117, 28.767489958088078 ], [ 82.567851578212569, 28.766929083301175 ], [ 82.568516077494735, 28.767366958331234 ], [ 82.568663202583565, 28.767463270619235 ], [ 82.569253702943271, 28.768259020558936 ], [ 82.568819703128412, 28.769316895136026 ], [ 82.568960390319788, 28.770568082896531 ], [ 82.569503015402006, 28.770485833117654 ], [ 82.570125390633393, 28.770702208193214 ], [ 82.570469515290199, 28.770789270913866 ], [ 82.570985453030758, 28.770930082817692 ], [ 82.571672702314558, 28.771174207759145 ], [ 82.572127140177159, 28.771600833316484 ], [ 82.572428452955535, 28.772010020228965 ], [ 82.572785578141875, 28.772555207895167 ], [ 82.573047202950903, 28.773063270649743 ], [ 82.573329765000807, 28.773438457665048 ], [ 82.573593889841945, 28.773761520632167 ], [ 82.574030139812223, 28.774138332718884 ], [ 82.574448390425331, 28.774397645408669 ], [ 82.574848452808794, 28.774586770420036 ], [ 82.575325390154177, 28.774794895370057 ], [ 82.575669702919555, 28.774988020855204 ], [ 82.576104202881595, 28.775468520380883 ], [ 82.57646776524642, 28.775752083424774 ], [ 82.576833390316494, 28.775884520409775 ], [ 82.577713452474399, 28.775981770299545 ], [ 82.578275828100644, 28.776073395353936 ], [ 82.579055140262071, 28.77640414548566 ], [ 82.579516014848295, 28.776733832669066 ], [ 82.580024703106318, 28.777151957722104 ], [ 82.580435515561419, 28.777564583209337 ], [ 82.580697327628769, 28.77810645828017 ], [ 82.580984077337177, 28.778628270694966 ], [ 82.581321015684878, 28.779085270978136 ], [ 82.581903015379254, 28.779522207918976 ], [ 82.582824014938922, 28.780219895482301 ], [ 82.583357640211929, 28.78061570829928 ], [ 82.583746703225813, 28.78081602068174 ], [ 82.584039640617988, 28.780882270911821 ], [ 82.584457764835065, 28.780778395758912 ], [ 82.58501895331375, 28.780935395565564 ], [ 82.585480515519762, 28.781219958281941 ], [ 82.585870452480137, 28.781354833077849 ], [ 82.58675182738412, 28.781406957653299 ], [ 82.587228077787941, 28.781217957770664 ], [ 82.587751827946761, 28.781311395844643 ], [ 82.588208578130775, 28.781489833374795 ], [ 82.588889953288799, 28.782045082808615 ], [ 82.589309952765021, 28.782541270440088 ], [ 82.589674390075842, 28.783118020951598 ], [ 82.589695390447048, 28.783152082661204 ], [ 82.589885577342812, 28.783645833302273 ], [ 82.589972578303247, 28.784485833300202 ], [ 82.590100202651982, 28.784775895852444 ], [ 82.59052339068019, 28.785010395164644 ], [ 82.591109952818627, 28.785305270434289 ], [ 82.591401140569445, 28.785599395879888 ], [ 82.591462452387148, 28.785945083199291 ], [ 82.591455452672491, 28.78646608321483 ], [ 82.591413140062727, 28.787158145580118 ], [ 82.59127614063199, 28.787589832711507 ], [ 82.591271077390076, 28.787966458447233 ], [ 82.591169078053085, 28.789025583168836 ], [ 82.591193515434881, 28.789255895440544 ], [ 82.591606702502503, 28.790234707989658 ], [ 82.59165182747347, 28.790262270967879 ], [ 82.592040765484128, 28.790500958102992 ], [ 82.592916015441276, 28.79118002066949 ], [ 82.593043764803397, 28.791278333283188 ], [ 82.593567827587478, 28.791507083136985 ], [ 82.596092452770364, 28.791319082761063 ], [ 82.596661515385279, 28.791275395506446 ], [ 82.596979014843754, 28.791350832634798 ], [ 82.597365453250831, 28.791440582785135 ], [ 82.598141577527883, 28.791902082938311 ], [ 82.598475577446663, 28.79225289553402 ], [ 82.599285890200505, 28.793102770458123 ], [ 82.599885452511415, 28.793366083128433 ], [ 82.600221014885008, 28.793669583237403 ], [ 82.601210390408312, 28.794564083053178 ], [ 82.601670140352311, 28.795374145165241 ], [ 82.601736452752817, 28.795489895519975 ], [ 82.602210890018711, 28.795968458034096 ], [ 82.603108078205921, 28.796645457831495 ], [ 82.604108327633583, 28.797400208230204 ], [ 82.604389390538387, 28.79761289528598 ], [ 82.605038765726576, 28.797985020602212 ], [ 82.605303890088493, 28.79831714601363 ], [ 82.60593051569397, 28.799101833069848 ], [ 82.605983702613898, 28.79966858268558 ], [ 82.606576390644577, 28.800216083342825 ], [ 82.607273515780719, 28.801139083410174 ], [ 82.608303577344927, 28.801724957897417 ], [ 82.609393452646998, 28.802148957919826 ], [ 82.609473265726749, 28.802697958205687 ], [ 82.610102890591577, 28.803306707886222 ], [ 82.611203140433304, 28.803987958088726 ], [ 82.611333890499481, 28.804045707647759 ], [ 82.611568515418327, 28.804149645834759 ], [ 82.612083452635062, 28.80437833307376 ], [ 82.613116703031764, 28.80520545841237 ], [ 82.614395702972544, 28.805814082928087 ], [ 82.614550765276419, 28.80646083293324 ], [ 82.614784577916339, 28.806763271023947 ], [ 82.615183703292487, 28.807279395248965 ], [ 82.615371515269786, 28.807191083166316 ], [ 82.616669952730462, 28.807224708121936 ], [ 82.618961765492344, 28.807961020301089 ], [ 82.619679765303204, 28.807898396001733 ], [ 82.620972577427082, 28.808209395439004 ], [ 82.62164570248548, 28.808969707873946 ], [ 82.621885953160799, 28.810174458311273 ], [ 82.622001702720908, 28.811116332755127 ], [ 82.621814452910556, 28.812355020226317 ], [ 82.621030328066922, 28.814859895444563 ], [ 82.62013564036171, 28.816935083060301 ], [ 82.619477577623343, 28.818399083253453 ], [ 82.619079452896969, 28.819283770775982 ], [ 82.617953578057026, 28.820939270559524 ], [ 82.616899952391819, 28.823082707853651 ], [ 82.615856515225701, 28.82445927023236 ], [ 82.615523640485165, 28.825775458099457 ], [ 82.615593577708154, 28.826470957819875 ], [ 82.616531390316538, 28.827105395490953 ], [ 82.618021515801573, 28.82774552059432 ], [ 82.619589139982992, 28.828456333378465 ], [ 82.619625702849504, 28.828501833110373 ], [ 82.620364952564074, 28.829436583493173 ], [ 82.621297639999426, 28.830488208095751 ], [ 82.623001265849425, 28.832867333345259 ], [ 82.624480515730454, 28.834339646037225 ], [ 82.625567265556796, 28.835670333523385 ], [ 82.626650265643974, 28.837278395475945 ], [ 82.627967265815528, 28.839098646017792 ], [ 82.628388077498656, 28.840075208155756 ], [ 82.628365327641802, 28.841809645280648 ], [ 82.627407202527678, 28.842704395795959 ], [ 82.626841514975268, 28.843738583226344 ], [ 82.626437890692245, 28.844429208346337 ], [ 82.626501452463827, 28.845611895299577 ], [ 82.626644390702026, 28.846723145431028 ], [ 82.62812214006081, 28.848335270697238 ], [ 82.628899890434568, 28.849177770393201 ], [ 82.630304077807395, 28.850371832979445 ], [ 82.631076452544946, 28.851629332871696 ], [ 82.631838265145149, 28.853304020470492 ], [ 82.632653765304951, 28.853427271034764 ], [ 82.634480140218201, 28.853732333584848 ], [ 82.635815952505098, 28.85406395825321 ], [ 82.637575327713947, 28.854483270266098 ], [ 82.638322765791855, 28.854835895637134 ], [ 82.638678328054922, 28.855128270444006 ], [ 82.638767703329663, 28.855790083432137 ], [ 82.638925765362117, 28.856195457722169 ], [ 82.639044015340744, 28.857175645863201 ], [ 82.639289265591927, 28.858414270981758 ], [ 82.639637265367853, 28.859311020931379 ], [ 82.639890764856062, 28.859915895609408 ], [ 82.640631953186713, 28.860730895430155 ], [ 82.641175640807319, 28.861656707798705 ], [ 82.641530515152752, 28.86200552077176 ], [ 82.642527827837711, 28.863251645937442 ], [ 82.643879577918455, 28.864878083031179 ], [ 82.644131577778836, 28.865600146085757 ], [ 82.644971578324245, 28.866384583459066 ], [ 82.646106014855746, 28.867115583385797 ], [ 82.64675682763, 28.867352208514657 ], [ 82.648596140547539, 28.867945895665699 ], [ 82.649696765878801, 28.868791582726402 ], [ 82.650509765093716, 28.869115520297445 ], [ 82.651492389897484, 28.868953895925358 ], [ 82.652478765761686, 28.868530645374747 ], [ 82.654254764991592, 28.867686708184497 ], [ 82.655669015766208, 28.867037645448502 ], [ 82.657111890514486, 28.86667983314473 ], [ 82.657995765350236, 28.866573583084325 ], [ 82.658130203365175, 28.866286145935337 ], [ 82.657680202878765, 28.865706458204393 ], [ 82.657627515653118, 28.864697645733763 ], [ 82.657847203096182, 28.86415395821464 ], [ 82.658183828251978, 28.863381270208585 ], [ 82.658521577431841, 28.862550020462166 ], [ 82.659089077898287, 28.861635332858825 ], [ 82.659854078201192, 28.860605270721255 ], [ 82.660384515512689, 28.860006020875904 ], [ 82.661044390078089, 28.859525333496613 ], [ 82.662231765280978, 28.858702520698913 ], [ 82.662940015576226, 28.858276395593059 ], [ 82.663663765406383, 28.85790914560998 ], [ 82.66432738991827, 28.857139707739499 ], [ 82.664763390159763, 28.856280083061812 ], [ 82.665230577720109, 28.855538082740193 ], [ 82.666089390685443, 28.854827020797515 ], [ 82.667476015434261, 28.853746645850592 ], [ 82.668627265673848, 28.853182832995959 ], [ 82.669513265115057, 28.852902832825578 ], [ 82.670497890345899, 28.852567395255637 ], [ 82.671351140888973, 28.85231864589624 ], [ 82.672626640735373, 28.852259020406539 ] ] ] } }
]
}
